pilot_id	pair	trait	variant_id	PIP	beta	SE
"P2BP02"	"AMD-T2D"	"AMD"	"17:3429303:A:G"	0.0194446751087317	-0.0442823	0.0181465
"P2BP02"	"AMD-T2D"	"AMD"	"17:3430757:T:C"	0.0175610318982516	-0.0273712	0.0189297
"P2BP02"	"AMD-T2D"	"AMD"	"17:3431686:G:A"	0.0177230188853883	-0.0310068	0.0184929
"P2BP02"	"AMD-T2D"	"AMD"	"17:3433672:C:A"	0.0184041515860705	-0.0400153	0.0187128
"P2BP02"	"AMD-T2D"	"AMD"	"17:3436080:C:T"	0.0179927200151661	-0.0346013	0.0180589
"P2BP02"	"AMD-T2D"	"AMD"	"17:3439454:C:T"	0.017299034120514	-0.00929132	0.0265486
"P2BP02"	"AMD-T2D"	"AMD"	"17:3444224:T:C"	0.0173070650971819	-0.00840676	0.0182713
"P2BP02"	"AMD-T2D"	"AMD"	"17:3444243:C:T"	0.0173163400349846	-0.0100454	0.0180068
"P2BP02"	"AMD-T2D"	"AMD"	"17:3445901:T:G"	0.0174680783901735	0.0227714	0.0182628
"P2BP02"	"AMD-T2D"	"AMD"	"17:3446309:G:T"	0.0173753855385913	-0.0173586	0.0186114
"P2BP02"	"AMD-T2D"	"AMD"	"17:3446885:T:C"	0.0175364549773304	-0.0260897	0.018632
"P2BP02"	"AMD-T2D"	"AMD"	"17:3447914:C:T"	0.0174276988436833	0.0213856	0.0189061
"P2BP02"	"AMD-T2D"	"AMD"	"17:3448434:A:G"	0.0173158931101585	-0.0103825	0.0186359
"P2BP02"	"AMD-T2D"	"AMD"	"17:3448722:G:A"	0.017301913968446	-0.00755596	0.0190074
"P2BP02"	"AMD-T2D"	"AMD"	"17:3449363:C:T"	0.0172901301203977	0.0032739	0.022833
"P2BP02"	"AMD-T2D"	"AMD"	"17:3449442:T:C"	0.0173223419731725	-0.0116747	0.0189831
"P2BP02"	"AMD-T2D"	"AMD"	"17:3451254:G:A"	0.0175526334178759	-0.0384745	0.02691
"P2BP02"	"AMD-T2D"	"AMD"	"17:3451747:C:T"	0.0172986905709427	0.0077951	0.0224576
"P2BP02"	"AMD-T2D"	"AMD"	"17:3452318:T:C"	0.0173061277036437	-0.0090998	0.0202387
"P2BP02"	"AMD-T2D"	"AMD"	"17:3456735:T:C"	0.0173313717322914	-0.0130901	0.0193056
"P2BP02"	"AMD-T2D"	"AMD"	"17:3459132:A:G"	0.0177272530105229	0.0325336	0.0193517
"P2BP02"	"AMD-T2D"	"AMD"	"17:3466596:A:G"	0.0180635451474095	-0.0383384	0.019531
"P2BP02"	"AMD-T2D"	"AMD"	"17:3469853:A:C"	0.0172901552558181	-0.00259559	0.0186074
"P2BP02"	"AMD-T2D"	"AMD"	"17:3471239:A:G"	0.0173612406296102	0.0201445	0.0232957
"P2BP02"	"AMD-T2D"	"AMD"	"17:3472871:T:C"	0.0172944882445145	0.00483627	0.0182719
"P2BP02"	"AMD-T2D"	"AMD"	"17:3473945:T:G"	0.0178668978407924	-0.0352566	0.0193786
"P2BP02"	"AMD-T2D"	"AMD"	"17:3474660:G:A"	0.0173054550166366	0.010729	0.0242878
"P2BP02"	"AMD-T2D"	"AMD"	"17:3475018:A:G"	0.0173531807234907	0.0151031	0.0184207
"P2BP02"	"AMD-T2D"	"AMD"	"17:3477793:G:A"	0.0177505423920917	-0.0343304	0.0201019
"P2BP02"	"AMD-T2D"	"AMD"	"17:3477812:C:T"	0.0173315039997626	-0.0137524	0.0201277
"P2BP02"	"AMD-T2D"	"AMD"	"17:3480396:C:T"	0.0174980069086715	0.0244943	0.0185572
"P2BP02"	"AMD-T2D"	"AMD"	"17:3480447:T:C"	0.0177186008604184	0.0308878	0.0184731
"P2BP02"	"AMD-T2D"	"AMD"	"17:3482299:C:T"	0.0175785777287827	-0.0298102	0.020178
"P2BP02"	"AMD-T2D"	"AMD"	"17:3483477:T:C"	0.0179801756566861	0.0389116	0.0203965
"P2BP02"	"AMD-T2D"	"AMD"	"17:3484368:G:A"	0.0174376423273279	-0.0214724	0.0185082
"P2BP02"	"AMD-T2D"	"AMD"	"17:3486702:G:A"	0.0176199232246754	-0.0293889	0.0190703
"P2BP02"	"AMD-T2D"	"AMD"	"17:3487142:G:A"	0.0174103733621717	-0.0226256	0.0210563
"P2BP02"	"AMD-T2D"	"AMD"	"17:3487180:A:G"	0.0176372144060998	-0.0298794	0.0190762
"P2BP02"	"AMD-T2D"	"AMD"	"17:3488871:G:A"	0.0173094895268978	-0.0140319	0.0288353
"P2BP02"	"AMD-T2D"	"AMD"	"17:3489514:T:C"	0.0174986250157967	-0.0250971	0.0190265
"P2BP02"	"AMD-T2D"	"AMD"	"17:3494361:G:A"	0.0172966983612877	-0.00888553	0.0288195
"P2BP02"	"AMD-T2D"	"AMD"	"17:3494868:A:G"	0.0174591268901885	-0.0238782	0.0195062
"P2BP02"	"AMD-T2D"	"AMD"	"17:3495214:A:G"	0.0178634745797993	0.0354591	0.0195192
"P2BP02"	"AMD-T2D"	"AMD"	"17:3495374:G:A"	0.0174498950153801	-0.0497038	0.0415138
"P2BP02"	"AMD-T2D"	"AMD"	"17:3497570:G:A"	0.0173492223554356	-0.0166008	0.0207639
"P2BP02"	"AMD-T2D"	"AMD"	"17:3497984:T:C"	0.0173064539135864	-0.00940702	0.0206642
"P2BP02"	"AMD-T2D"	"AMD"	"17:3498411:A:G"	0.0173039348806946	-0.00875264	0.020669
"P2BP02"	"AMD-T2D"	"AMD"	"17:3500510:T:C"	0.0173106240659271	-0.0103127	0.0205269
"P2BP02"	"AMD-T2D"	"AMD"	"17:3500611:T:C"	0.0173236806878897	-0.012975	0.0207835
"P2BP02"	"AMD-T2D"	"AMD"	"17:3503527:T:G"	0.0173081988260085	-0.0114604	0.0240577
"P2BP02"	"AMD-T2D"	"AMD"	"17:3505215:C:T"	0.0172889755334049	-0.00232543	0.0306633
"P2BP02"	"AMD-T2D"	"AMD"	"17:3505233:C:T"	0.0173061389907527	0.00918512	0.0203827
"P2BP02"	"AMD-T2D"	"AMD"	"17:3506043:T:C"	0.0173402990760725	-0.0175942	0.0235739
"P2BP02"	"AMD-T2D"	"AMD"	"17:3508880:G:A"	0.0172895875272755	-0.00240069	0.0200667
"P2BP02"	"AMD-T2D"	"AMD"	"17:3511808:A:G"	0.017291645461025	-0.00400716	0.0202358
"P2BP02"	"AMD-T2D"	"AMD"	"17:3513127:G:A"	0.0173472623466323	-0.0236737	0.0301914
"P2BP02"	"AMD-T2D"	"AMD"	"17:3513719:G:A"	0.0173017877373364	0.00748819	0.0193961
"P2BP02"	"AMD-T2D"	"AMD"	"17:3514902:T:C"	0.0173347781310101	-0.0212537	0.0301788
"P2BP02"	"AMD-T2D"	"AMD"	"17:3519060:T:G"	0.0173380540948176	-0.0134516	0.0183526
"P2BP02"	"AMD-T2D"	"AMD"	"17:3519954:G:T"	0.0177406883377306	-0.0310984	0.0183156
"P2BP02"	"AMD-T2D"	"AMD"	"17:3528614:C:T"	0.0173598959748564	-0.0160903	0.0187555
"P2BP02"	"AMD-T2D"	"AMD"	"17:3529566:C:T"	0.0173393378070006	0.0148907	0.0203279
"P2BP02"	"AMD-T2D"	"AMD"	"17:3530253:G:T"	0.0172893220128306	0.00208737	0.0213155
"P2BP02"	"AMD-T2D"	"AMD"	"17:3530404:C:T"	0.0173540255539644	0.0153957	0.0187389
"P2BP02"	"AMD-T2D"	"AMD"	"17:3530633:G:A"	0.0173228406306494	-0.0114237	0.0186136
"P2BP02"	"AMD-T2D"	"AMD"	"17:3531490:G:A"	0.0172969967517829	0.00702412	0.0221753
"P2BP02"	"AMD-T2D"	"AMD"	"17:3532670:C:T"	0.0173914031373548	-0.0247705	0.0247777
"P2BP02"	"AMD-T2D"	"AMD"	"17:3533412:G:A"	0.0173497056918513	0.0150215	0.0188518
"P2BP02"	"AMD-T2D"	"AMD"	"17:3536083:G:A"	0.0172933039554305	-0.00526857	0.0220196
"P2BP02"	"AMD-T2D"	"AMD"	"17:3539897:C:T"	0.0174761988360278	0.0441821	0.0348378
"P2BP02"	"AMD-T2D"	"AMD"	"17:3540042:G:A"	0.0173927480872957	-0.0249125	0.0247877
"P2BP02"	"AMD-T2D"	"AMD"	"17:3542455:T:C"	0.0172893583860108	0.00175567	0.0182242
"P2BP02"	"AMD-T2D"	"AMD"	"17:3543271:A:G"	0.0172901142802133	0.00243604	0.0182251
"P2BP02"	"AMD-T2D"	"AMD"	"17:3546160:G:A"	0.0172889682311104	-0.00149836	0.0204292
"P2BP02"	"AMD-T2D"	"AMD"	"17:3548447:A:G"	0.017359827482766	0.0156549	0.0183597
"P2BP02"	"AMD-T2D"	"AMD"	"17:3548784:C:T"	0.0173121675467044	-0.00949987	0.0182239
"P2BP02"	"AMD-T2D"	"AMD"	"17:3551345:T:G"	0.0172886008103232	-0.00072959	0.0202653
"P2BP02"	"AMD-T2D"	"AMD"	"17:3552038:G:A"	0.0173110749261671	-0.00928793	0.0182178
"P2BP02"	"AMD-T2D"	"AMD"	"17:3554059:G:A"	0.0173250424505452	0.0115932	0.0181771
"P2BP02"	"AMD-T2D"	"AMD"	"17:3555424:G:A"	0.0174045351506235	-0.0261441	0.0249077
"P2BP02"	"AMD-T2D"	"AMD"	"17:3564068:G:A"	0.0173202549046416	0.0132618	0.0222512
"P2BP02"	"AMD-T2D"	"AMD"	"17:3564073:A:G"	0.0173171248011451	0.0125709	0.0221397
"P2BP02"	"AMD-T2D"	"AMD"	"17:3564779:C:T"	0.017336341981435	0.0163184	0.0226876
"P2BP02"	"AMD-T2D"	"AMD"	"17:3565103:A:G"	0.0174414301307405	-0.024205	0.0207098
"P2BP02"	"AMD-T2D"	"AMD"	"17:3565969:T:C"	0.0175775782832995	-0.0400848	0.0271435
"P2BP02"	"AMD-T2D"	"AMD"	"17:3567461:G:A"	0.0174796040611849	-0.0368776	0.0288677
"P2BP02"	"AMD-T2D"	"AMD"	"17:3569913:G:T"	0.0172897450194938	0.00225632	0.01842
"P2BP02"	"AMD-T2D"	"AMD"	"17:3574289:T:C"	0.0173049648730217	-0.00815571	0.0187456
"P2BP02"	"AMD-T2D"	"AMD"	"17:3577146:C:T"	0.0173912533538415	0.0295415	0.0294507
"P2BP02"	"AMD-T2D"	"AMD"	"17:3577273:A:G"	0.0173161848860376	0.0103323	0.018592
"P2BP02"	"AMD-T2D"	"AMD"	"17:3578122:A:C"	0.0173134293431135	0.00978646	0.0185134
"P2BP02"	"AMD-T2D"	"AMD"	"17:3578178:G:A"	0.0173094660122824	0.00909498	0.0186843
"P2BP02"	"AMD-T2D"	"AMD"	"17:3578351:A:G"	0.0173056345340933	0.00826296	0.0187118
"P2BP02"	"AMD-T2D"	"AMD"	"17:3578647:T:C"	0.0173001639849582	0.00685613	0.01871
"P2BP02"	"AMD-T2D"	"AMD"	"17:3579652:T:C"	0.0173018794214965	0.00733014	0.0187104
"P2BP02"	"AMD-T2D"	"AMD"	"17:3579858:C:T"	0.0172965906367621	0.00574691	0.0187489
"P2BP02"	"AMD-T2D"	"AMD"	"17:3580996:A:G"	0.017300872879323	0.00706899	0.0187424
"P2BP02"	"AMD-T2D"	"AMD"	"17:3581903:C:A"	0.0172886219332971	0.000810665	0.0180748
"P2BP02"	"AMD-T2D"	"AMD"	"17:3582595:A:G"	0.0173323316629975	0.0128343	0.0185798
"P2BP02"	"AMD-T2D"	"AMD"	"17:3584488:A:G"	0.0173979647145943	0.0188148	0.0183186
"P2BP02"	"AMD-T2D"	"AMD"	"17:3584740:G:A"	0.0172915478505966	0.00358311	0.0187537
"P2BP02"	"AMD-T2D"	"AMD"	"17:3591822:A:G"	0.0174302525647083	0.029811	0.0261874
"P2BP02"	"AMD-T2D"	"AMD"	"17:3598018:T:C"	0.0172933640275249	-0.00546206	0.0225922
"P2BP02"	"AMD-T2D"	"AMD"	"17:3600308:T:C"	0.0172899392989001	0.00278774	0.020718
"P2BP02"	"AMD-T2D"	"AMD"	"17:3603913:G:A"	0.0172977939298498	-0.00615415	0.0186626
"P2BP02"	"AMD-T2D"	"AMD"	"17:3604007:G:A"	0.0172993350761658	-0.00663118	0.0186629
"P2BP02"	"AMD-T2D"	"AMD"	"17:3604400:G:A"	0.0172974929387694	-0.00605578	0.0186613
"P2BP02"	"AMD-T2D"	"AMD"	"17:3604708:C:T"	0.017299049550131	-0.00654527	0.018663
"P2BP02"	"AMD-T2D"	"AMD"	"17:3606192:G:A"	0.0172950182172176	-0.00510765	0.0184175
"P2BP02"	"AMD-T2D"	"AMD"	"17:3607552:A:G"	0.017319536655485	-0.0110503	0.0188482
"P2BP02"	"AMD-T2D"	"AMD"	"17:3612128:T:G"	0.0172960921842639	0.00551295	0.0185044
"P2BP02"	"AMD-T2D"	"AMD"	"17:3615496:A:G"	0.0173013342022194	-0.00696111	0.0180677
"P2BP02"	"AMD-T2D"	"AMD"	"17:3618298:C:T"	0.0172966955216706	-0.00566353	0.0182987
"P2BP02"	"AMD-T2D"	"AMD"	"17:3620138:A:G"	0.0173547659552303	-0.0154639	0.0186072
"P2BP02"	"AMD-T2D"	"AMD"	"17:3628212:T:C"	0.0172965045020734	0.00597781	0.0193217
"P2BP02"	"AMD-T2D"	"AMD"	"17:3628362:T:C"	0.0172941136992137	0.00470227	0.0182976
"P2BP02"	"AMD-T2D"	"AMD"	"17:3630621:G:A"	0.017292616649606	0.0040385	0.0183
"P2BP02"	"AMD-T2D"	"AMD"	"17:3631118:T:C"	0.0173208753985298	-0.011588	0.0191718
"P2BP02"	"AMD-T2D"	"AMD"	"17:3631241:A:G"	0.0172898740924405	-0.0029107	0.0218868
"P2BP02"	"AMD-T2D"	"AMD"	"17:3632836:G:A"	0.0173043977991488	0.00823913	0.0191159
"P2BP02"	"AMD-T2D"	"AMD"	"17:3634096:G:A"	0.0173239646953798	-0.0123582	0.0196492
"P2BP02"	"AMD-T2D"	"AMD"	"17:3635645:A:G"	0.0176185778930245	-0.0299769	0.0194519
"P2BP02"	"AMD-T2D"	"AMD"	"17:3635768:A:C"	0.0174291815131472	0.0275425	0.0242716
"P2BP02"	"AMD-T2D"	"AMD"	"17:3637953:C:T"	0.0174063150083634	0.0191384	0.0181457
"P2BP02"	"AMD-T2D"	"AMD"	"17:3638037:C:T"	0.0173817462047221	0.0178211	0.0186076
"P2BP02"	"AMD-T2D"	"AMD"	"17:3640880:G:A"	0.0197402592644299	0.0884061	0.0354119
"P2BP02"	"AMD-T2D"	"AMD"	"17:3641316:T:C"	0.0207515302234276	0.0928318	0.0351157
"P2BP02"	"AMD-T2D"	"AMD"	"17:3649214:G:A"	0.0172899011280387	-0.00309754	0.0231074
"P2BP02"	"AMD-T2D"	"AMD"	"17:3654980:A:G"	0.0186356604835832	0.0663423	0.0297916
"P2BP02"	"AMD-T2D"	"AMD"	"17:3656366:A:G"	0.0185354303983027	0.0705075	0.0321815
"P2BP02"	"AMD-T2D"	"AMD"	"17:3657175:T:C"	0.017294247419344	-0.00619531	0.0234735
"P2BP02"	"AMD-T2D"	"AMD"	"17:3660864:G:A"	0.0181600079178701	-0.0402457	0.0199184
"P2BP02"	"AMD-T2D"	"AMD"	"17:3664975:A:G"	0.0178586446599703	-0.0365344	0.0201537
"P2BP02"	"AMD-T2D"	"AMD"	"17:3666862:C:T"	0.0179194319271818	-0.0584889	0.0314233
"P2BP02"	"AMD-T2D"	"AMD"	"17:3670822:T:C"	0.0184330731488858	0.0701453	0.0326162
"P2BP02"	"AMD-T2D"	"AMD"	"17:3672514:C:A"	0.0177935495317494	-0.0349616	0.0199476
"P2BP02"	"AMD-T2D"	"AMD"	"17:3672941:A:G"	0.0176709311090084	0.0548824	0.0340211
"P2BP02"	"AMD-T2D"	"AMD"	"17:3676393:C:A"	0.0178518725732081	0.0591083	0.0327313
"P2BP02"	"AMD-T2D"	"AMD"	"17:3686003:C:T"	0.0175307358236925	0.0490922	0.0353562
"P2BP02"	"AMD-T2D"	"AMD"	"17:3694554:C:T"	0.0172938684870628	0.0158728	0.0632049
"P2BP02"	"AMD-T2D"	"AMD"	"17:3695981:G:A"	0.0173182082430362	-0.0165695	0.0289453
"P2BP02"	"AMD-T2D"	"AMD"	"17:3703782:C:T"	0.0172950134823084	-0.0113395	0.0413838
"P2BP02"	"AMD-T2D"	"AMD"	"17:3704483:G:A"	0.0173009585333321	-0.0115688	0.0307254
"P2BP02"	"AMD-T2D"	"AMD"	"17:3705526:C:T"	0.0175072742251651	-0.0290252	0.0216854
"P2BP02"	"AMD-T2D"	"AMD"	"17:3708034:G:A"	0.0178881956747092	0.0355746	0.0193744
"P2BP02"	"AMD-T2D"	"AMD"	"17:3710124:T:G"	0.0181805191132656	0.082838	0.0407645
"P2BP02"	"AMD-T2D"	"AMD"	"17:3718933:C:T"	0.0188785698925641	0.0444474	0.0192949
"P2BP02"	"AMD-T2D"	"AMD"	"17:3725758:C:A"	0.017498892255008	0.0643278	0.0485726
"P2BP02"	"AMD-T2D"	"AMD"	"17:3725899:A:C"	0.0173987064788532	-0.023814	0.0231025
"P2BP02"	"AMD-T2D"	"AMD"	"17:3726793:C:T"	0.0175039351223183	0.0648455	0.0485513
"P2BP02"	"AMD-T2D"	"AMD"	"17:3726827:G:A"	0.0174195042582694	0.0200178	0.0181526
"P2BP02"	"AMD-T2D"	"AMD"	"17:3727064:T:C"	0.0175095336885946	0.065421	0.0485383
"P2BP02"	"AMD-T2D"	"AMD"	"17:3728587:A:G"	0.018208639658284	0.0765036	0.0373726
"P2BP02"	"AMD-T2D"	"AMD"	"17:3730979:G:A"	0.0175168346098585	0.0260138	0.019139
"P2BP02"	"AMD-T2D"	"AMD"	"17:3738990:T:C"	0.0172942381810648	0.0050921	0.0199481
"P2BP02"	"AMD-T2D"	"AMD"	"17:3745359:T:C"	0.0176568756385248	0.0321116	0.0201531
"P2BP02"	"AMD-T2D"	"AMD"	"17:3760621:G:T"	0.0173300010088261	-0.017236	0.0254858
"P2BP02"	"AMD-T2D"	"AMD"	"17:3763574:C:T"	0.0174564394104018	0.0258099	0.021173
"P2BP02"	"AMD-T2D"	"AMD"	"17:3763933:T:C"	0.0173255042520963	0.0116052	0.0181762
"P2BP02"	"AMD-T2D"	"AMD"	"17:3764630:G:A"	0.0174110686217229	0.0286082	0.0264644
"P2BP02"	"AMD-T2D"	"AMD"	"17:3765268:T:G"	0.0173171090587301	0.0113056	0.0198843
"P2BP02"	"AMD-T2D"	"AMD"	"17:3768679:A:G"	0.0173507379855157	0.0152672	0.0188645
"P2BP02"	"AMD-T2D"	"AMD"	"17:3769379:G:A"	0.0173950339277094	0.0209521	0.0205969
"P2BP02"	"AMD-T2D"	"AMD"	"17:3769407:C:T"	0.0173959533059254	0.0209899	0.0205623
"P2BP02"	"AMD-T2D"	"AMD"	"17:3775848:T:C"	0.0173455923225199	-0.0142207	0.0182438
"P2BP02"	"AMD-T2D"	"AMD"	"17:3775916:T:C"	0.0173695199119902	0.0221812	0.0244501
"P2BP02"	"AMD-T2D"	"AMD"	"17:3776976:A:G"	0.0174495606088182	0.0323673	0.027064
"P2BP02"	"AMD-T2D"	"AMD"	"17:3778479:T:C"	0.0172900968560805	-0.00517542	0.0376936
"P2BP02"	"AMD-T2D"	"AMD"	"17:3780881:C:T"	0.017309839301494	-0.00981615	0.0195608
"P2BP02"	"AMD-T2D"	"AMD"	"17:3781054:T:C"	0.0174145119163781	0.0295282	0.0271419
"P2BP02"	"AMD-T2D"	"AMD"	"17:3781494:A:G"	0.0173174961988759	0.019172	0.0336603
"P2BP02"	"AMD-T2D"	"AMD"	"17:3781764:G:A"	0.0173621229510061	-0.0161215	0.01842
"P2BP02"	"AMD-T2D"	"AMD"	"17:3781793:T:C"	0.0173428684987352	-0.0146664	0.0190765
"P2BP02"	"AMD-T2D"	"AMD"	"17:3781931:T:C"	0.0172885271647696	-0.00148103	0.0503298
"P2BP02"	"AMD-T2D"	"AMD"	"17:3783872:T:C"	0.0174820281817831	0.0248933	0.0193271
"P2BP02"	"AMD-T2D"	"AMD"	"17:3786907:G:A"	0.0173232168953946	0.0119193	0.0190896
"P2BP02"	"AMD-T2D"	"AMD"	"17:3793303:A:G"	0.0174679600201589	0.0268367	0.0215312
"P2BP02"	"AMD-T2D"	"AMD"	"17:3793447:G:A"	0.0176038463921476	0.0350742	0.0230544
"P2BP02"	"AMD-T2D"	"AMD"	"17:3797124:A:G"	0.0174263375480374	0.0256371	0.0223372
"P2BP02"	"AMD-T2D"	"AMD"	"17:3797269:C:A"	0.0173463332335924	0.0172215	0.0213302
"P2BP02"	"AMD-T2D"	"AMD"	"17:3800218:C:T"	0.0174429142966671	0.0251538	0.0213161
"P2BP02"	"AMD-T2D"	"AMD"	"17:3800995:T:C"	0.0176016835510323	-0.0313284	0.0207879
"P2BP02"	"AMD-T2D"	"AMD"	"17:3801080:C:T"	0.0175597171246591	-0.0298819	0.0208148
"P2BP02"	"AMD-T2D"	"AMD"	"17:3808032:A:G"	0.0173958238110673	0.019056	0.0184677
"P2BP02"	"AMD-T2D"	"AMD"	"17:3808713:T:C"	0.0174930105265652	0.0258506	0.019608
"P2BP02"	"AMD-T2D"	"AMD"	"17:3813667:G:A"	0.0172908000121598	0.00346508	0.0194726
"P2BP02"	"AMD-T2D"	"AMD"	"17:3817609:G:A"	0.0176762612018369	-0.0342475	0.0209623
"P2BP02"	"AMD-T2D"	"AMD"	"17:3818830:A:G"	0.0172972381633937	0.00570506	0.0187727
"P2BP02"	"AMD-T2D"	"AMD"	"17:3820332:A:G"	0.0173262889405741	0.0131893	0.0206769
"P2BP02"	"AMD-T2D"	"AMD"	"17:3820698:A:G"	0.017313075968283	0.010758	0.0206694
"P2BP02"	"AMD-T2D"	"AMD"	"17:3821013:C:T"	0.0173188297451689	-0.011709	0.019748
"P2BP02"	"AMD-T2D"	"AMD"	"17:3821064:A:G"	0.0173057179968666	0.00937853	0.0212153
"P2BP02"	"AMD-T2D"	"AMD"	"17:3821953:T:C"	0.0177032793571802	0.0330907	0.0199169
"P2BP02"	"AMD-T2D"	"AMD"	"17:3821988:A:C"	0.0173357747906373	0.0145093	0.0205182
"P2BP02"	"AMD-T2D"	"AMD"	"17:3822069:A:G"	0.0174739273268827	-0.0311814	0.0243939
"P2BP02"	"AMD-T2D"	"AMD"	"17:3822637:T:C"	0.0172897905430117	0.00221074	0.0201025
"P2BP02"	"AMD-T2D"	"AMD"	"17:3825490:T:C"	0.0173281426890768	0.0151302	0.023506
"P2BP02"	"AMD-T2D"	"AMD"	"17:3828702:T:C"	0.027465936923161	-0.0673236	0.021957
"P2BP02"	"AMD-T2D"	"AMD"	"17:3828822:C:T"	0.0239181423090199	-0.0987442	0.0339882
"P2BP02"	"AMD-T2D"	"AMD"	"17:3831240:C:T"	0.0172974041508804	-0.00690304	0.02868
"P2BP02"	"AMD-T2D"	"AMD"	"17:3834598:T:C"	0.0172906138599821	0.00343003	0.0263335
"P2BP02"	"AMD-T2D"	"AMD"	"17:3838248:T:C"	0.0172911203743462	-0.00133218	0.0259927
"P2BP02"	"AMD-T2D"	"AMD"	"17:3838626:T:C"	0.0183182602826106	-0.0713297	0.0338817
"P2BP02"	"AMD-T2D"	"AMD"	"17:3839685:G:A"	0.0173548157799204	-0.0185098	0.0235101
"P2BP02"	"AMD-T2D"	"AMD"	"17:3840055:C:T"	0.0174014147738996	-0.0449254	0.0425615
"P2BP02"	"AMD-T2D"	"AMD"	"17:3840230:C:T"	0.0173648308662471	-0.019521	0.0232014
"P2BP02"	"AMD-T2D"	"AMD"	"17:3842491:G:A"	0.0173625992016189	-0.0195815	0.0236035
"P2BP02"	"AMD-T2D"	"AMD"	"17:3846802:A:G"	0.0173466876786366	-0.0157122	0.0196824
"P2BP02"	"AMD-T2D"	"AMD"	"17:3851451:C:T"	0.0172998378080182	-0.00909732	0.0233222
"P2BP02"	"AMD-T2D"	"AMD"	"17:3855813:C:T"	0.017451070743332	-0.0303368	0.0245105
"P2BP02"	"AMD-T2D"	"AMD"	"17:3860554:T:C"	0.01762635191448	-0.0356334	0.0226508
"P2BP02"	"AMD-T2D"	"AMD"	"17:3863796:G:T"	0.0225524050078183	-0.079452	0.0281895
"P2BP02"	"AMD-T2D"	"AMD"	"17:3865399:C:T"	0.0173938201043302	0.0265149	0.02531
"P2BP02"	"AMD-T2D"	"AMD"	"17:3868738:T:C"	0.0181918063937635	-0.0477464	0.0231915
"P2BP02"	"AMD-T2D"	"AMD"	"17:3871323:T:C"	0.0173630749355426	-0.0171703	0.0188681
"P2BP02"	"AMD-T2D"	"AMD"	"17:3872264:C:T"	0.0173629960843049	-0.017487	0.0191754
"P2BP02"	"AMD-T2D"	"AMD"	"17:3875629:A:G"	0.0175001269805568	-0.0273414	0.0203966
"P2BP02"	"AMD-T2D"	"AMD"	"17:3876082:C:T"	0.0173856227292178	0.0253844	0.0249931
"P2BP02"	"AMD-T2D"	"AMD"	"17:3877392:T:C"	0.0316998673735504	-0.0940343	0.0294454
"P2BP02"	"AMD-T2D"	"AMD"	"17:3880148:C:T"	0.0190952631268433	-0.0431145	0.0181442
"P2BP02"	"AMD-T2D"	"AMD"	"17:3881130:T:C"	0.0188503695214213	-0.0417116	0.0180429
"P2BP02"	"AMD-T2D"	"AMD"	"17:3881345:C:T"	0.0184036855738631	-0.0392258	0.0181629
"P2BP02"	"AMD-T2D"	"AMD"	"17:3882309:G:A"	0.0176770647592731	-0.0395771	0.0238801
"P2BP02"	"AMD-T2D"	"AMD"	"17:3884665:G:T"	0.0186214685936887	-0.0535386	0.0239118
"P2BP02"	"AMD-T2D"	"AMD"	"17:3889764:C:T"	0.0304805779320452	-0.0890506	0.0281583
"P2BP02"	"AMD-T2D"	"AMD"	"17:3889843:A:G"	0.0173907330813288	-0.0335115	0.0324875
"P2BP02"	"AMD-T2D"	"AMD"	"17:3890429:A:G"	0.0200900901991408	-0.0482044	0.01878
"P2BP02"	"AMD-T2D"	"AMD"	"17:3896807:A:G"	0.0172995874741164	0.0103341	0.0389985
"P2BP02"	"AMD-T2D"	"AMD"	"17:3900911:G:A"	0.0172939335553232	0.005504	0.0391806
"P2BP02"	"AMD-T2D"	"AMD"	"17:3901502:T:G"	0.0210075195279621	-0.0505572	0.0188401
"P2BP02"	"AMD-T2D"	"AMD"	"17:3904542:G:T"	0.0208885614382456	-0.0639427	0.0239668
"P2BP02"	"AMD-T2D"	"AMD"	"17:3906875:G:A"	0.0330899655526392	-0.0906784	0.028108
"P2BP02"	"AMD-T2D"	"AMD"	"17:3907211:A:G"	0.0297718903708377	-0.0879628	0.0279886
"P2BP02"	"AMD-T2D"	"AMD"	"17:3907308:A:G"	0.0214717752589687	-0.0514487	0.0188395
"P2BP02"	"AMD-T2D"	"AMD"	"17:3909404:C:A"	0.021599152150595	-0.0516967	0.0188475
"P2BP02"	"AMD-T2D"	"AMD"	"17:3910613:G:A"	0.0191170034704841	-0.0564494	0.0237089
"P2BP02"	"AMD-T2D"	"AMD"	"17:3916729:G:A"	0.0173261749397873	0.0219727	0.0384465
"P2BP02"	"AMD-T2D"	"AMD"	"17:3916823:G:A"	0.0191654763692626	-0.0552967	0.0231138
"P2BP02"	"AMD-T2D"	"AMD"	"17:3919106:C:T"	0.0198212740074302	-0.0603835	0.0239469
"P2BP02"	"AMD-T2D"	"AMD"	"17:3919981:A:G"	0.0201977489563759	-0.0486144	0.0188242
"P2BP02"	"AMD-T2D"	"AMD"	"17:3920432:G:A"	0.0198606449583304	-0.0603743	0.0238813
"P2BP02"	"AMD-T2D"	"AMD"	"17:3921834:C:T"	0.0174054926862237	-0.0262335	0.0237083
"P2BP02"	"AMD-T2D"	"AMD"	"17:3922748:A:C"	0.017339952002943	-0.0163382	0.0210796
"P2BP02"	"AMD-T2D"	"AMD"	"17:3922918:A:G"	0.020234670154744	-0.0486671	0.0188062
"P2BP02"	"AMD-T2D"	"AMD"	"17:3923129:G:T"	0.0184211529425525	-0.0506573	0.0233895
"P2BP02"	"AMD-T2D"	"AMD"	"17:3928080:G:A"	0.0179009874805109	-0.0866188	0.0473041
"P2BP02"	"AMD-T2D"	"AMD"	"17:3929659:A:C"	0.0174307607791268	-0.0275081	0.023092
"P2BP02"	"AMD-T2D"	"AMD"	"17:3935223:T:C"	0.0215502321534521	-0.0729894	0.0266785
"P2BP02"	"AMD-T2D"	"AMD"	"17:3936043:C:T"	0.0181620036318219	-0.0472415	0.0230935
"P2BP02"	"AMD-T2D"	"AMD"	"17:3936529:A:G"	0.0173260637543572	-0.0152004	0.0225207
"P2BP02"	"AMD-T2D"	"AMD"	"17:3939632:T:C"	0.0173165923202395	-0.013126	0.022646
"P2BP02"	"AMD-T2D"	"AMD"	"17:3941396:T:C"	0.0185031976407507	-0.0409597	0.0186024
"P2BP02"	"AMD-T2D"	"AMD"	"17:3943291:T:C"	0.0174904809364759	-0.0406017	0.0304279
"P2BP02"	"AMD-T2D"	"AMD"	"17:3943543:G:A"	0.0181634721926336	-0.0471683	0.0230484
"P2BP02"	"AMD-T2D"	"AMD"	"17:3947533:G:A"	0.0208058126407399	-0.0707122	0.0266031
"P2BP02"	"AMD-T2D"	"AMD"	"17:3947644:T:C"	0.0187859197650038	-0.0424862	0.0185039
"P2BP02"	"AMD-T2D"	"AMD"	"17:3951975:C:A"	0.0176455963866776	-0.0296338	0.0182643
"P2BP02"	"AMD-T2D"	"AMD"	"17:3953083:T:C"	0.0229459823141059	-0.0531092	0.0186348
"P2BP02"	"AMD-T2D"	"AMD"	"17:3953102:A:G"	0.0208706692114773	-0.0496877	0.0186205
"P2BP02"	"AMD-T2D"	"AMD"	"17:3955602:A:G"	0.0180751541172598	-0.0500923	0.0251018
"P2BP02"	"AMD-T2D"	"AMD"	"17:3957124:T:C"	0.0219855324035486	-0.0519028	0.0186887
"P2BP02"	"AMD-T2D"	"AMD"	"17:3958105:T:G"	0.0219079542756672	-0.0517832	0.01869
"P2BP02"	"AMD-T2D"	"AMD"	"17:3958341:C:T"	0.0221253376941979	-0.052137	0.0186951
"P2BP02"	"AMD-T2D"	"AMD"	"17:3961200:C:T"	0.0175921759515071	-0.0364098	0.0236299
"P2BP02"	"AMD-T2D"	"AMD"	"17:3961489:C:T"	0.021971267270006	-0.0518917	0.0186928
"P2BP02"	"AMD-T2D"	"AMD"	"17:3961617:A:G"	0.0181328200645879	-0.0523342	0.0257988
"P2BP02"	"AMD-T2D"	"AMD"	"17:3962450:A:G"	0.0175723124858276	-0.0356251	0.0236119
"P2BP02"	"AMD-T2D"	"AMD"	"17:3966064:A:G"	0.0220792271219864	-0.0520614	0.0186933
"P2BP02"	"AMD-T2D"	"AMD"	"17:3966243:G:A"	0.0172947681775022	-0.0107803	0.0380455
"P2BP02"	"AMD-T2D"	"AMD"	"17:3966591:T:C"	0.0175650039991331	-0.0353207	0.023603
"P2BP02"	"AMD-T2D"	"AMD"	"17:3978031:A:G"	0.0180447274623321	-0.050674	0.0256354
"P2BP02"	"AMD-T2D"	"AMD"	"17:3978268:T:C"	0.0176019932249284	-0.0365442	0.0234862
"P2BP02"	"AMD-T2D"	"AMD"	"17:3979949:G:A"	0.0178982342371251	-0.0448852	0.0239551
"P2BP02"	"AMD-T2D"	"AMD"	"17:3979982:G:A"	0.0181804983956023	-0.0529753	0.0257878
"P2BP02"	"AMD-T2D"	"AMD"	"17:3980318:T:C"	0.0219634868686812	-0.0518651	0.0186876
"P2BP02"	"AMD-T2D"	"AMD"	"17:3984117:C:T"	0.0219338406899368	-0.0538814	0.0194344
"P2BP02"	"AMD-T2D"	"AMD"	"17:3985832:A:G"	0.0231377349910119	0.0537527	0.0187753
"P2BP02"	"AMD-T2D"	"AMD"	"17:3985864:G:A"	0.0235734952655544	-0.056541	0.019563
"P2BP02"	"AMD-T2D"	"AMD"	"17:3989968:C:T"	0.030110041926352	0.0596236	0.0189056
"P2BP02"	"AMD-T2D"	"AMD"	"17:3994225:C:A"	0.0178423987881351	-0.044929	0.0245807
"P2BP02"	"AMD-T2D"	"AMD"	"17:3994670:A:G"	0.03013402732224	0.0596245	0.0189019
"P2BP02"	"AMD-T2D"	"AMD"	"17:3996334:T:C"	0.0178073440581839	-0.044149	0.0245743
"P2BP02"	"AMD-T2D"	"AMD"	"17:3996964:C:A"	0.0297946550333714	0.0594512	0.0189041
"P2BP02"	"AMD-T2D"	"AMD"	"17:3999199:C:T"	0.0178535023802091	-0.0449293	0.0244539
"P2BP02"	"AMD-T2D"	"AMD"	"17:4005521:G:A"	0.0174620652864236	-0.0514618	0.0406414
"P2BP02"	"AMD-T2D"	"AMD"	"17:4007594:T:C"	0.0179654485995642	-0.0473635	0.024625
"P2BP02"	"AMD-T2D"	"AMD"	"17:4007650:A:G"	0.0172917708203381	-0.00483445	0.0349789
"P2BP02"	"AMD-T2D"	"AMD"	"17:4007691:C:A"	0.0172917801165662	-0.00486506	0.0349807
"P2BP02"	"AMD-T2D"	"AMD"	"17:4008021:T:C"	0.0187174065521359	-0.0584218	0.025729
"P2BP02"	"AMD-T2D"	"AMD"	"17:4008352:C:A"	0.0187107858355748	-0.0586373	0.0258477
"P2BP02"	"AMD-T2D"	"AMD"	"17:4008820:G:A"	0.0179480614836514	-0.0470884	0.0246403
"P2BP02"	"AMD-T2D"	"AMD"	"17:4011602:A:G"	0.0181343888911722	-0.0448899	0.0220969
"P2BP02"	"AMD-T2D"	"AMD"	"17:4012739:C:A"	0.0187620348700067	-0.0590722	0.025858
"P2BP02"	"AMD-T2D"	"AMD"	"17:4015214:C:A"	0.0172915250804099	-0.00375024	0.0350606
"P2BP02"	"AMD-T2D"	"AMD"	"17:4017434:T:C"	0.0194356713874153	-0.0644774	0.0263133
"P2BP02"	"AMD-T2D"	"AMD"	"17:4019966:G:A"	0.0440216693347261	0.0648584	0.0190431
"P2BP02"	"AMD-T2D"	"AMD"	"17:4027152:T:C"	0.0186957249040326	-0.058476	0.0258327
"P2BP02"	"AMD-T2D"	"AMD"	"17:4028700:T:C"	0.0190678197911104	0.0615134	0.0259732
"P2BP02"	"AMD-T2D"	"AMD"	"17:4034456:A:G"	0.0186142363804477	-0.0579432	0.0259042
"P2BP02"	"AMD-T2D"	"AMD"	"17:4034680:G:A"	0.018640912908482	-0.0581741	0.025903
"P2BP02"	"AMD-T2D"	"AMD"	"17:4041725:T:C"	0.0214393214112383	0.0724855	0.026596
"P2BP02"	"AMD-T2D"	"AMD"	"17:4048081:T:C"	0.0186246774045535	-0.0507366	0.022629
"P2BP02"	"AMD-T2D"	"AMD"	"17:4050138:C:T"	0.0173542340163254	0.0207549	0.0237189
"P2BP02"	"AMD-T2D"	"AMD"	"17:4052566:G:T"	0.017312202819492	-0.0199259	0.0359767
"P2BP02"	"AMD-T2D"	"AMD"	"17:4055828:A:G"	0.0232997180008607	0.0872002	0.0303922
"P2BP02"	"AMD-T2D"	"AMD"	"17:4056376:G:A"	0.0283555642858029	0.0597145	0.0192562
"P2BP02"	"AMD-T2D"	"AMD"	"17:4056542:G:A"	0.020505272519324	-0.0733334	0.027974
"P2BP02"	"AMD-T2D"	"AMD"	"17:4060482:G:T"	0.0186345056871446	0.0497064	0.0221369
"P2BP02"	"AMD-T2D"	"AMD"	"17:4061278:A:G"	0.0173110442749147	-0.0194385	0.0359311
"P2BP02"	"AMD-T2D"	"AMD"	"17:4063734:A:G"	0.0174679017171863	-0.0319349	0.0246485
"P2BP02"	"AMD-T2D"	"AMD"	"17:4064529:G:A"	0.0193200579272094	0.0595366	0.0245461
"P2BP02"	"AMD-T2D"	"AMD"	"17:4066223:A:G"	0.0190415484557519	-0.0579975	0.0245666
"P2BP02"	"AMD-T2D"	"AMD"	"17:4066657:T:C"	0.0374607600193488	0.063156	0.0190727
"P2BP02"	"AMD-T2D"	"AMD"	"17:4067315:G:A"	0.0173070764526329	-0.0177461	0.0359732
"P2BP02"	"AMD-T2D"	"AMD"	"17:4069735:C:A"	0.0174739053374737	-0.0326443	0.0249097
"P2BP02"	"AMD-T2D"	"AMD"	"17:4073398:A:G"	0.0256246762840384	0.0591598	0.0197418
"P2BP02"	"AMD-T2D"	"AMD"	"17:4081975:G:A"	0.0308638752968767	-0.0643844	0.0202868
"P2BP02"	"AMD-T2D"	"AMD"	"17:4083242:T:C"	0.0268476827474757	-0.06023	0.0197644
"P2BP02"	"AMD-T2D"	"AMD"	"17:4088291:C:T"	0.0173394999546733	0.0277809	0.0355853
"P2BP02"	"AMD-T2D"	"AMD"	"17:4090060:G:A"	0.0313679964795127	0.0610683	0.0191622
"P2BP02"	"AMD-T2D"	"AMD"	"17:4098998:A:G"	0.0271994562782385	-0.0619888	0.0202537
"P2BP02"	"AMD-T2D"	"AMD"	"17:4105059:A:G"	0.0174293891035263	-0.0545465	0.0466815
"P2BP02"	"AMD-T2D"	"AMD"	"17:4108648:A:G"	0.0251271711397603	-0.0568303	0.0191094
"P2BP02"	"AMD-T2D"	"AMD"	"17:4110024:C:T"	0.0361143296618006	0.063012	0.0191652
"P2BP02"	"AMD-T2D"	"AMD"	"17:4115617:T:C"	0.0286127586903788	0.0596033	0.0191691
"P2BP02"	"AMD-T2D"	"AMD"	"17:4117199:T:C"	0.0293465360861469	-0.0599939	0.0191562
"P2BP02"	"AMD-T2D"	"AMD"	"17:4119994:G:A"	0.0274550194481407	0.0588592	0.0191706
"P2BP02"	"AMD-T2D"	"AMD"	"17:4133394:C:A"	0.034397623094815	0.062285	0.0191356
"P2BP02"	"AMD-T2D"	"AMD"	"17:4134119:T:C"	0.0390712645023986	-0.0638735	0.0191387
"P2BP02"	"AMD-T2D"	"AMD"	"17:4137919:C:A"	0.0438309558728556	0.065104	0.019128
"P2BP02"	"AMD-T2D"	"AMD"	"17:4140669:G:T"	0.0664797649349275	0.0693577	0.0192518
"P2BP02"	"AMD-T2D"	"AMD"	"17:4143290:T:C"	0.0375942673525963	-0.0634114	0.0191367
"P2BP02"	"AMD-T2D"	"AMD"	"17:4145818:T:C"	0.0363323801620904	-0.0630275	0.0191473
"P2BP02"	"AMD-T2D"	"AMD"	"17:4147047:T:C"	0.0412840678185852	-0.0631027	0.0187252
"P2BP02"	"AMD-T2D"	"AMD"	"17:4151421:G:A"	0.0296343996744211	-0.0602398	0.0191831
"P2BP02"	"AMD-T2D"	"AMD"	"17:4153807:T:C"	0.0369026664978389	-0.0632456	0.0191549
"P2BP02"	"AMD-T2D"	"AMD"	"17:4154376:T:C"	0.0387565709341754	-0.0638586	0.0191625
"P2BP02"	"AMD-T2D"	"AMD"	"17:4154426:T:G"	0.0359819535372288	-0.0629461	0.0191596
"P2BP02"	"AMD-T2D"	"AMD"	"17:4156190:T:C"	0.0178453852209693	-0.0686071	0.0385521
"P2BP02"	"AMD-T2D"	"AMD"	"17:4156620:G:T"	0.0202550081527024	0.0500085	0.0193015
"P2BP02"	"AMD-T2D"	"AMD"	"17:4162965:T:C"	0.0192806634142769	-0.0464353	0.0191733
"P2BP02"	"AMD-T2D"	"AMD"	"17:4166804:C:T"	0.0203498590260947	0.0490238	0.018827
"P2BP02"	"AMD-T2D"	"AMD"	"17:4172943:C:A"	0.0197510888029008	0.0497723	0.0198175
"P2BP02"	"AMD-T2D"	"AMD"	"17:4175846:C:T"	0.0195790524373689	0.0491487	0.0198126
"P2BP02"	"AMD-T2D"	"AMD"	"17:4179295:C:T"	0.0173161646780708	0.0207688	0.0349214
"P2BP02"	"AMD-T2D"	"AMD"	"17:4181122:G:A"	0.0204394087104611	0.0524108	0.0200424
"P2BP02"	"AMD-T2D"	"AMD"	"17:4182859:C:T"	0.0193341359486573	-0.0485724	0.0199698
"P2BP02"	"AMD-T2D"	"AMD"	"17:4184641:C:A"	0.0209054628356035	0.0535352	0.0200388
"P2BP02"	"AMD-T2D"	"AMD"	"17:4185327:T:C"	0.0191773699766225	-0.0478741	0.019967
"P2BP02"	"AMD-T2D"	"AMD"	"17:4187940:T:C"	0.0194426024606287	-0.0490295	0.0199747
"P2BP02"	"AMD-T2D"	"AMD"	"17:4198650:A:G"	0.0231962353480988	-0.0638858	0.0222942
"P2BP02"	"AMD-T2D"	"AMD"	"17:4199284:A:G"	0.019640588320342	-0.0497082	0.0199452
"P2BP02"	"AMD-T2D"	"AMD"	"17:4200262:A:C"	0.0172914561348029	-0.00157027	0.0351824
"P2BP02"	"AMD-T2D"	"AMD"	"17:4205445:T:C"	0.0224332506458784	0.0562876	0.0200148
"P2BP02"	"AMD-T2D"	"AMD"	"17:4212108:C:T"	0.0219867469424692	0.0555397	0.0200031
"P2BP02"	"AMD-T2D"	"AMD"	"17:4212894:A:G"	0.0221025034176003	0.0557688	0.0200163
"P2BP02"	"AMD-T2D"	"AMD"	"17:4213245:C:T"	0.0203774975460778	-0.0508412	0.0195035
"P2BP02"	"AMD-T2D"	"AMD"	"17:4214005:G:A"	0.0298420098516382	0.0607423	0.0193106
"P2BP02"	"AMD-T2D"	"AMD"	"17:4215748:T:C"	0.0201252943500331	-0.0513082	0.0199539
"P2BP02"	"AMD-T2D"	"AMD"	"17:4218344:G:A"	0.0195868875017337	-0.0495289	0.0199522
"P2BP02"	"AMD-T2D"	"AMD"	"17:4221236:A:G"	0.019562156677184	-0.0494007	0.0199377
"P2BP02"	"AMD-T2D"	"AMD"	"17:4224736:T:C"	0.0197536935691415	-0.0501026	0.0199436
"P2BP02"	"AMD-T2D"	"AMD"	"17:4225303:A:G"	0.0173397527254959	-0.0248574	0.0316337
"P2BP02"	"AMD-T2D"	"AMD"	"17:4226795:T:C"	0.017784145445337	-0.035108	0.0197325
"P2BP02"	"AMD-T2D"	"AMD"	"17:4232084:C:A"	0.0198710410816563	-0.0504886	0.019941
"P2BP02"	"AMD-T2D"	"AMD"	"17:4235975:G:A"	0.0201555759468667	-0.0514168	0.0199617
"P2BP02"	"AMD-T2D"	"AMD"	"17:4238324:C:T"	0.0202069262043499	-0.051531	0.0199487
"P2BP02"	"AMD-T2D"	"AMD"	"17:4242178:G:A"	0.0214468420663174	-0.0532455	0.0195187
"P2BP02"	"AMD-T2D"	"AMD"	"17:4242389:T:G"	0.0173564253630153	-0.0223129	0.0262522
"P2BP02"	"AMD-T2D"	"AMD"	"17:4244514:G:A"	0.0203351578369947	-0.0518876	0.0199487
"P2BP02"	"AMD-T2D"	"AMD"	"17:4245305:G:T"	0.0201825124181907	-0.0514931	0.0199611
"P2BP02"	"AMD-T2D"	"AMD"	"17:4261050:A:G"	0.0200100886733016	-0.0509098	0.0199337
"P2BP02"	"AMD-T2D"	"AMD"	"17:4272893:G:A"	0.0197580456049833	-0.0501199	0.0199453
"P2BP02"	"AMD-T2D"	"AMD"	"17:4278835:A:G"	0.0184881613613834	-0.0422041	0.0192306
"P2BP02"	"AMD-T2D"	"AMD"	"17:4285429:A:G"	0.019443317228286	0.0486027	0.0198053
"P2BP02"	"AMD-T2D"	"AMD"	"17:4298940:T:C"	0.0176409110218121	-0.0399584	0.0248108
"P2BP02"	"AMD-T2D"	"AMD"	"17:4299256:T:C"	0.0174076467023219	-0.0259043	0.0232547
"P2BP02"	"AMD-T2D"	"AMD"	"17:4308647:A:C"	0.0179950237497147	-0.049288	0.0253636
"P2BP02"	"AMD-T2D"	"AMD"	"17:4309543:A:G"	0.0173019282739375	0.00767223	0.0181478
"P2BP02"	"AMD-T2D"	"AMD"	"17:4310639:C:T"	0.0175330966439904	0.0263689	0.0183838
"P2BP02"	"AMD-T2D"	"AMD"	"17:4315506:C:T"	0.0173208612538532	0.0119899	0.01874
"P2BP02"	"AMD-T2D"	"AMD"	"17:4316478:G:A"	0.0174772158350056	-0.0367545	0.0281834
"P2BP02"	"AMD-T2D"	"AMD"	"17:4319606:C:A"	0.0178890833789523	0.0353713	0.0189953
"P2BP02"	"AMD-T2D"	"AMD"	"17:4320544:A:G"	0.0172953722125748	-0.00674995	0.022092
"P2BP02"	"AMD-T2D"	"AMD"	"17:4323294:A:G"	0.0172895999809223	-0.00243175	0.0220305
"P2BP02"	"AMD-T2D"	"AMD"	"17:4323336:T:C"	0.0172895036737672	-0.000286427	0.023808
"P2BP02"	"AMD-T2D"	"AMD"	"17:4324361:C:T"	0.0175446469550975	0.0275836	0.0194519
"P2BP02"	"AMD-T2D"	"AMD"	"17:4325475:T:C"	0.0174744820098857	0.0283667	0.022366
"P2BP02"	"AMD-T2D"	"AMD"	"17:4325518:G:A"	0.0173221352460341	0.0116888	0.0188727
"P2BP02"	"AMD-T2D"	"AMD"	"17:4326040:C:T"	0.0173056769226704	0.0165635	0.0360884
"P2BP02"	"AMD-T2D"	"AMD"	"17:4326360:G:A"	0.0174682354848807	0.0280372	0.0223867
"P2BP02"	"AMD-T2D"	"AMD"	"17:4327506:G:A"	0.0173048159326485	0.016068	0.0358403
"P2BP02"	"AMD-T2D"	"AMD"	"17:4328914:C:T"	0.0176285088197583	0.0298322	0.0191118
"P2BP02"	"AMD-T2D"	"AMD"	"17:4329942:C:T"	0.0172890125695114	0.00123083	0.0180955
"P2BP02"	"AMD-T2D"	"AMD"	"17:4332120:C:T"	0.017374134512838	0.0194117	0.0206254
"P2BP02"	"AMD-T2D"	"AMD"	"17:4336762:T:C"	0.0174880175639661	0.0280871	0.0215662
"P2BP02"	"AMD-T2D"	"AMD"	"17:4336811:T:C"	0.0173030542040847	0.0152476	0.0358681
"P2BP02"	"AMD-T2D"	"AMD"	"17:4336839:T:C"	0.0173940963828912	0.0218509	0.0213126
"P2BP02"	"AMD-T2D"	"AMD"	"17:4338964:C:T"	0.0173118777596889	0.0108881	0.0206529
"P2BP02"	"AMD-T2D"	"AMD"	"17:4346807:T:C"	0.017292391659849	-0.00612845	0.0320109
"P2BP02"	"AMD-T2D"	"AMD"	"17:4346955:A:C"	0.017307384254282	-0.0151095	0.0338164
"P2BP02"	"AMD-T2D"	"AMD"	"17:4350182:T:C"	0.0177310060952423	0.0519023	0.030732
"P2BP02"	"AMD-T2D"	"AMD"	"17:4350640:T:G"	0.0178401562860354	-0.0450183	0.0250511
"P2BP02"	"AMD-T2D"	"AMD"	"17:4350990:T:G"	0.0174979665344817	-0.0249744	0.0188817
"P2BP02"	"AMD-T2D"	"AMD"	"17:4351560:G:A"	0.0185633009823301	0.0430377	0.0195318
"P2BP02"	"AMD-T2D"	"AMD"	"17:4351640:G:A"	0.0174450428233962	0.0334649	0.0281761
"P2BP02"	"AMD-T2D"	"AMD"	"17:4351998:C:T"	0.0184240664999402	-0.0565225	0.0263149
"P2BP02"	"AMD-T2D"	"AMD"	"17:4352799:T:G"	0.0179506971979564	0.051947	0.0275212
"P2BP02"	"AMD-T2D"	"AMD"	"17:4353061:C:T"	0.01729688423882	-0.00869749	0.0267281
"P2BP02"	"AMD-T2D"	"AMD"	"17:4354348:A:C"	0.0172993879107015	0.00673477	0.01847
"P2BP02"	"AMD-T2D"	"AMD"	"17:4356375:G:T"	0.0187035671297712	0.0424266	0.0188448
"P2BP02"	"AMD-T2D"	"AMD"	"17:4357773:A:G"	0.0173006399675416	0.00729112	0.0189893
"P2BP02"	"AMD-T2D"	"AMD"	"17:4361164:G:T"	0.0199219467669776	0.0471851	0.0186598
"P2BP02"	"AMD-T2D"	"AMD"	"17:4363695:T:G"	0.0181578671223546	0.0377449	0.0186635
"P2BP02"	"AMD-T2D"	"AMD"	"17:4370833:A:G"	0.0173388399531403	0.0173562	0.0235352
"P2BP02"	"AMD-T2D"	"AMD"	"17:4373098:G:A"	0.01740689282676	-0.0206302	0.0193722
"P2BP02"	"AMD-T2D"	"AMD"	"17:4374569:C:T"	0.0172981965865243	-0.00793559	0.0231695
"P2BP02"	"AMD-T2D"	"AMD"	"17:4374584:A:C"	0.0177093294714634	-0.0584174	0.0352018
"P2BP02"	"AMD-T2D"	"AMD"	"17:4375102:A:G"	0.0172929395538448	-0.00597675	0.0250464
"P2BP02"	"AMD-T2D"	"AMD"	"17:4375507:C:T"	0.01729893069794	0.00767861	0.0222332
"P2BP02"	"AMD-T2D"	"AMD"	"17:4377979:G:A"	0.0173920145557843	0.0194153	0.0192421
"P2BP02"	"AMD-T2D"	"AMD"	"17:4379067:G:A"	0.0172904151584106	-0.00416136	0.0264232
"P2BP02"	"AMD-T2D"	"AMD"	"17:4379226:T:G"	0.0180376911602547	-0.0413763	0.0212597
"P2BP02"	"AMD-T2D"	"AMD"	"17:4379578:G:A"	0.017637580322628	-0.0387309	0.024683
"P2BP02"	"AMD-T2D"	"AMD"	"17:4379847:G:A"	0.0172933012168506	-0.00642666	0.0263396
"P2BP02"	"AMD-T2D"	"AMD"	"17:4381748:G:A"	0.017294784689817	-0.00735211	0.0264732
"P2BP02"	"AMD-T2D"	"AMD"	"17:4382729:T:C"	0.019835982179471	0.0510018	0.0202892
"P2BP02"	"AMD-T2D"	"AMD"	"17:4384778:G:A"	0.0173436146536803	-0.0190814	0.024672
"P2BP02"	"AMD-T2D"	"AMD"	"17:4385099:C:T"	0.0180651338110835	0.038685	0.0197062
"P2BP02"	"AMD-T2D"	"AMD"	"17:4385503:C:T"	0.0174789589004797	0.0289074	0.022603
"P2BP02"	"AMD-T2D"	"AMD"	"17:4385616:G:A"	0.0177391820152605	0.0380089	0.0223526
"P2BP02"	"AMD-T2D"	"AMD"	"17:4388610:A:G"	0.0172893090354459	0.00495379	0.048467
"P2BP02"	"AMD-T2D"	"AMD"	"17:4389267:A:G"	0.0172891374710715	0.00444781	0.0487217
"P2BP02"	"AMD-T2D"	"AMD"	"17:4390529:C:T"	0.0173517884868114	-0.0205485	0.0252297
"P2BP02"	"AMD-T2D"	"AMD"	"17:4390582:T:C"	0.0173460554747114	-0.0147703	0.0190061
"P2BP02"	"AMD-T2D"	"AMD"	"17:4390690:A:G"	0.0173152353586035	-0.0104711	0.0191515
"P2BP02"	"AMD-T2D"	"AMD"	"17:4391153:A:G"	0.0173167752817137	-0.0115755	0.0204917
"P2BP02"	"AMD-T2D"	"AMD"	"17:4391201:A:G"	0.0173265443526071	-0.0128569	0.0198388
"P2BP02"	"AMD-T2D"	"AMD"	"17:4394890:A:G"	0.017291147708748	-0.00410703	0.0235036
"P2BP02"	"AMD-T2D"	"AMD"	"17:4395170:G:A"	0.0173420974373645	-0.013754	0.0182175
"P2BP02"	"AMD-T2D"	"AMD"	"17:4398442:A:G"	0.0173113809850514	-0.0131426	0.0258535
"P2BP02"	"AMD-T2D"	"AMD"	"17:4404259:C:T"	0.0173065609121147	0.0114811	0.0254488
"P2BP02"	"AMD-T2D"	"AMD"	"17:4406149:A:G"	0.0172911836567127	0.00461325	0.0254668
"P2BP02"	"AMD-T2D"	"AMD"	"17:4406973:G:A"	0.0173871480712611	-0.0320873	0.0325285
"P2BP02"	"AMD-T2D"	"AMD"	"17:4407712:A:G"	0.0173613583688272	-0.0306535	0.0352847
"P2BP02"	"AMD-T2D"	"AMD"	"17:4411829:A:G"	0.0173112759473419	-0.0100955	0.0196438
"P2BP02"	"AMD-T2D"	"AMD"	"17:4414027:A:G"	0.017301859454675	0.00871102	0.0217935
"P2BP02"	"AMD-T2D"	"AMD"	"17:4416294:G:A"	0.0172890623161009	0.0018404	0.0203589
"P2BP02"	"AMD-T2D"	"AMD"	"17:4416674:T:C"	0.0172892126230956	0.00204796	0.020334
"P2BP02"	"AMD-T2D"	"AMD"	"17:4418551:G:A"	0.0173248954556287	-0.0118521	0.0190207
"P2BP02"	"AMD-T2D"	"AMD"	"17:4418925:T:G"	0.0173023625571177	-0.00770103	0.0197682
"P2BP02"	"AMD-T2D"	"AMD"	"17:4420052:A:G"	0.0172902547393784	-0.00323151	0.0236286
"P2BP02"	"AMD-T2D"	"AMD"	"17:4422090:G:A"	0.0173691330183426	0.019333	0.0211817
"P2BP02"	"AMD-T2D"	"AMD"	"17:4424159:A:C"	0.0175312051529888	-0.0544722	0.03917
"P2BP02"	"AMD-T2D"	"AMD"	"17:4424965:G:A"	0.0183842357096605	0.0848943	0.0398511
"P2BP02"	"AMD-T2D"	"AMD"	"17:4427364:G:A"	0.0173737563205735	0.0190717	0.0208415
"P2BP02"	"AMD-T2D"	"AMD"	"17:4429147:G:A"	0.0173307961571447	0.016134	0.0238902
"P2BP02"	"AMD-T2D"	"AMD"	"17:4429590:G:A"	0.0173239179988665	0.0148521	0.0238775
"P2BP02"	"AMD-T2D"	"AMD"	"17:4433600:G:T"	0.0434424710147758	-0.0855199	0.025184
"P2BP02"	"AMD-T2D"	"AMD"	"17:4436897:G:A"	0.0183115097212788	-0.0384452	0.0183278
"P2BP02"	"AMD-T2D"	"AMD"	"17:4439282:G:A"	0.0173823007421196	0.0256788	0.0266161
"P2BP02"	"AMD-T2D"	"AMD"	"17:4441309:C:A"	0.017497750513318	0.0326922	0.0247388
"P2BP02"	"AMD-T2D"	"AMD"	"17:4448853:C:T"	0.0176317373674332	-0.0340356	0.0217982
"P2BP02"	"AMD-T2D"	"AMD"	"17:4450823:G:T"	0.0180436248790342	0.047763	0.0244704
"P2BP02"	"AMD-T2D"	"AMD"	"17:4453815:C:T"	0.0178729220640763	0.0493639	0.0270371
"P2BP02"	"AMD-T2D"	"AMD"	"17:4455166:A:G"	0.0177162880610596	0.0443625	0.0265237
"P2BP02"	"AMD-T2D"	"AMD"	"17:4457580:G:A"	0.0182241581383379	0.0794376	0.0386769
"P2BP02"	"AMD-T2D"	"AMD"	"17:4458790:G:A"	0.0174229818505595	0.0501745	0.0450044
"P2BP02"	"AMD-T2D"	"AMD"	"17:4459209:C:A"	0.0173247344938866	-0.0149951	0.0241277
"P2BP02"	"AMD-T2D"	"AMD"	"17:4460445:G:A"	0.0173132957880294	-0.012079	0.0233097
"P2BP02"	"AMD-T2D"	"AMD"	"17:4463699:G:A"	0.0173018775780036	0.00813807	0.0204036
"P2BP02"	"AMD-T2D"	"AMD"	"17:4463796:G:A"	0.0172898914205204	0.00296271	0.0218125
"P2BP02"	"AMD-T2D"	"AMD"	"17:4465502:C:T"	0.0173072645438855	0.0105748	0.0233055
"P2BP02"	"AMD-T2D"	"AMD"	"17:4472868:G:A"	0.0172884888522784	-3.87927e-05	0.0220907
"P2BP02"	"AMD-T2D"	"AMD"	"17:4474751:C:T"	0.0176566803943582	-0.0299467	0.018769
"P2BP02"	"AMD-T2D"	"AMD"	"17:4475244:C:T"	0.017290876264125	0.00370124	0.0229189
"P2BP02"	"AMD-T2D"	"AMD"	"17:4487302:G:A"	0.0173619051521785	-0.0231323	0.0267088
"P2BP02"	"AMD-T2D"	"AMD"	"17:4488884:T:C"	0.0176702434044054	0.0422065	0.0261942
"P2BP02"	"AMD-T2D"	"AMD"	"17:4491956:T:C"	0.0173123054846965	0.0113676	0.0222169
"P2BP02"	"AMD-T2D"	"AMD"	"17:4494073:T:C"	0.0174050715665927	0.0205162	0.0194981
"P2BP02"	"AMD-T2D"	"AMD"	"17:4494815:T:C"	0.01729600467556	0.00573196	0.0191117
"P2BP02"	"AMD-T2D"	"AMD"	"17:4494834:C:T"	0.0179050338392668	-0.0467868	0.0252903
"P2BP02"	"AMD-T2D"	"AMD"	"17:4495682:G:A"	0.0173104120302611	-0.0118148	0.0235007
"P2BP02"	"AMD-T2D"	"AMD"	"17:4495740:G:A"	0.0175160212735133	0.0265827	0.0195808
"P2BP02"	"AMD-T2D"	"AMD"	"17:4496662:G:A"	0.0173247733976887	-0.013829	0.0218288
"P2BP02"	"AMD-T2D"	"AMD"	"17:4496896:C:T"	0.0184437507497435	-0.0535481	0.0248508
"P2BP02"	"AMD-T2D"	"AMD"	"17:4497084:G:T"	0.0173313865718224	-0.0147996	0.0216401
"P2BP02"	"AMD-T2D"	"AMD"	"17:4497160:T:C"	0.0173128607080206	-0.0106365	0.0204908
"P2BP02"	"AMD-T2D"	"AMD"	"17:4498611:G:A"	0.0172927492790151	-0.00491338	0.0217551
"P2BP02"	"AMD-T2D"	"AMD"	"17:4498641:A:G"	0.0172962838404055	-0.00833305	0.0278357
"P2BP02"	"AMD-T2D"	"AMD"	"17:4499121:A:G"	0.0173348332667985	0.0193295	0.0274612
"P2BP02"	"AMD-T2D"	"AMD"	"17:4501553:G:A"	0.0172948390709247	0.00899074	0.0331165
"P2BP02"	"AMD-T2D"	"AMD"	"17:4502310:T:G"	0.0172901050462615	-0.00299422	0.0208155
"P2BP02"	"AMD-T2D"	"AMD"	"17:4503195:G:A"	0.0173684571932556	0.0216909	0.0240066
"P2BP02"	"AMD-T2D"	"AMD"	"17:4506554:G:T"	0.0173668802349173	0.0178456	0.0201429
"P2BP02"	"AMD-T2D"	"AMD"	"17:4508276:T:G"	0.0173017974335418	0.0102192	0.0258219
"P2BP02"	"AMD-T2D"	"AMD"	"17:4512492:G:A"	0.0174180965423019	-0.0327737	0.0298275
"P2BP02"	"AMD-T2D"	"AMD"	"17:4512515:T:C"	0.0185456736802098	-0.0556895	0.0253741
"P2BP02"	"AMD-T2D"	"AMD"	"17:4514780:T:C"	0.0174417198714961	0.0253901	0.0216526
"P2BP02"	"AMD-T2D"	"AMD"	"17:4517266:C:T"	0.017426118332735	-0.0235909	0.0209939
"P2BP02"	"AMD-T2D"	"AMD"	"17:4519139:T:C"	0.0174041725445868	0.0229498	0.0218777
"P2BP02"	"AMD-T2D"	"AMD"	"17:4523167:T:C"	0.017368301520273	0.0182681	0.0203025
"P2BP02"	"AMD-T2D"	"AMD"	"17:4528026:G:A"	0.0172893145437628	-0.00240589	0.0244496
"P2BP02"	"AMD-T2D"	"AMD"	"17:4528838:A:G"	0.0172924396763007	-0.00526862	0.0252936
"P2BP02"	"AMD-T2D"	"AMD"	"17:4531882:T:C"	0.0183275873647423	-0.0554011	0.0263202
"P2BP02"	"AMD-T2D"	"AMD"	"17:4532697:T:C"	0.0177814199562131	0.0373462	0.021478
"P2BP02"	"AMD-T2D"	"AMD"	"17:4534608:G:A"	0.0180627392153854	-0.0517778	0.0263794
"P2BP02"	"AMD-T2D"	"AMD"	"17:4534834:A:G"	0.0172926037212555	0.00458159	0.0203911
"P2BP02"	"AMD-T2D"	"AMD"	"17:4535385:A:G"	0.0175335797415398	0.0263167	0.0189097
"P2BP02"	"AMD-T2D"	"AMD"	"17:4535413:T:C"	0.0174579835269181	0.022049	0.0181231
"P2BP02"	"AMD-T2D"	"AMD"	"17:4536241:T:C"	0.0235961465425767	0.0936241	0.0324568
"P2BP02"	"AMD-T2D"	"AMD"	"17:4539392:C:T"	0.0179868504231276	0.0367275	0.0192196
"P2BP02"	"AMD-T2D"	"AMD"	"17:4540277:C:T"	0.0178585858805249	0.0347099	0.0191699
"P2BP02"	"AMD-T2D"	"AMD"	"17:4540647:G:A"	0.0178551675684961	-0.047815	0.0264287
"P2BP02"	"AMD-T2D"	"AMD"	"17:4544551:T:C"	0.0183497480879522	0.0615958	0.0291232
"P2BP02"	"AMD-T2D"	"AMD"	"17:4545581:C:T"	0.0177155346118363	0.0368448	0.0220703
"P2BP02"	"AMD-T2D"	"AMD"	"17:4550189:C:T"	0.0174477472940442	0.0240184	0.0200949
"P2BP02"	"AMD-T2D"	"AMD"	"17:4564690:A:C"	0.0173546999967145	0.0238671	0.028926
"P2BP02"	"AMD-T2D"	"AMD"	"17:4565717:C:T"	0.0172982525485922	-0.00953911	0.0293134
"P2BP02"	"AMD-T2D"	"AMD"	"17:4567215:A:G"	0.0177789158964365	0.0387459	0.0222932
"P2BP02"	"AMD-T2D"	"AMD"	"17:4568115:A:C"	0.0177478160690149	0.0380179	0.0222921
"P2BP02"	"AMD-T2D"	"T2D"	"17:3429303:A:G"	0.000534946694543459	0.006	0.0065
"P2BP02"	"AMD-T2D"	"T2D"	"17:3430757:T:C"	0.000374867563323056	-5e-04	0.0066
"P2BP02"	"AMD-T2D"	"T2D"	"17:3431686:G:A"	0.000374694838886192	-5e-04	0.0066
"P2BP02"	"AMD-T2D"	"T2D"	"17:3433672:C:A"	0.000413235087595054	0.0032	0.0065
"P2BP02"	"AMD-T2D"	"T2D"	"17:3436080:C:T"	0.000688780646992848	0.0077	0.0065
"P2BP02"	"AMD-T2D"	"T2D"	"17:3439454:C:T"	0.00102105670509767	0.0138	0.0092
"P2BP02"	"AMD-T2D"	"T2D"	"17:3444224:T:C"	0.000489281588123891	-0.0049	0.0064
"P2BP02"	"AMD-T2D"	"T2D"	"17:3444243:C:T"	0.000474252035843614	-0.0046	0.0064
"P2BP02"	"AMD-T2D"	"T2D"	"17:3445901:T:G"	0.000373038296309636	-4e-04	0.0066
"P2BP02"	"AMD-T2D"	"T2D"	"17:3446309:G:T"	0.000373295866272216	5e-04	0.0065
"P2BP02"	"AMD-T2D"	"T2D"	"17:3446885:T:C"	0.000392021084169136	0.0025	0.0066
"P2BP02"	"AMD-T2D"	"T2D"	"17:3447914:C:T"	0.000489414138682864	-0.0055	0.0066
"P2BP02"	"AMD-T2D"	"T2D"	"17:3448434:A:G"	0.000373034212098111	7e-04	0.0067
"P2BP02"	"AMD-T2D"	"T2D"	"17:3448722:G:A"	0.000432730916029245	0.0046	0.0067
"P2BP02"	"AMD-T2D"	"T2D"	"17:3449363:C:T"	0.000508221312359281	-0.007	0.008
"P2BP02"	"AMD-T2D"	"T2D"	"17:3449442:T:C"	0.000384621778807825	0.0025	0.0067
"P2BP02"	"AMD-T2D"	"T2D"	"17:3451254:G:A"	0.00038949373088526	0.0026	0.0092
"P2BP02"	"AMD-T2D"	"T2D"	"17:3451747:C:T"	0.000503769243195396	-0.0068	0.0079
"P2BP02"	"AMD-T2D"	"T2D"	"17:3452318:T:C"	0.000379689455627164	-0.001	0.0071
"P2BP02"	"AMD-T2D"	"T2D"	"17:3456735:T:C"	0.000582779394065147	-0.0071	0.0067
"P2BP02"	"AMD-T2D"	"T2D"	"17:3459132:A:G"	0.000724077134016787	-0.0078	0.0068
"P2BP02"	"AMD-T2D"	"T2D"	"17:3466596:A:G"	0.000604254592547537	0.0066	0.0067
"P2BP02"	"AMD-T2D"	"T2D"	"17:3469853:A:C"	0.000379956742893484	-0.0016	0.0065
"P2BP02"	"AMD-T2D"	"T2D"	"17:3471239:A:G"	0.000706886053028488	-0.01	0.0083
"P2BP02"	"AMD-T2D"	"T2D"	"17:3472871:T:C"	0.000810828739865155	0.0088	0.0066
"P2BP02"	"AMD-T2D"	"T2D"	"17:3473945:T:G"	0.000456778392868507	0.0044	0.0064
"P2BP02"	"AMD-T2D"	"T2D"	"17:3474660:G:A"	0.000639267505834762	-0.0096	0.0087
"P2BP02"	"AMD-T2D"	"T2D"	"17:3475018:A:G"	0.000739495926164624	0.0082	0.0066
"P2BP02"	"AMD-T2D"	"T2D"	"17:3477793:G:A"	0.000617125749867165	0.0076	0.007
"P2BP02"	"AMD-T2D"	"T2D"	"17:3477812:C:T"	0.00048790632506357	0.0055	0.007
"P2BP02"	"AMD-T2D"	"T2D"	"17:3480396:C:T"	0.000459849393137257	-0.0047	0.0066
"P2BP02"	"AMD-T2D"	"T2D"	"17:3480447:T:C"	0.000394177035220156	-0.0024	0.0066
"P2BP02"	"AMD-T2D"	"T2D"	"17:3482299:C:T"	0.000925613214347809	0.0104	0.0071
"P2BP02"	"AMD-T2D"	"T2D"	"17:3483477:T:C"	0.000956241218171727	-0.0105	0.0071
"P2BP02"	"AMD-T2D"	"T2D"	"17:3484368:G:A"	0.000387636753796161	0.0018	0.0065
"P2BP02"	"AMD-T2D"	"T2D"	"17:3486702:G:A"	0.000737671196895051	-0.0084	0.0067
"P2BP02"	"AMD-T2D"	"T2D"	"17:3487142:G:A"	0.000912305186550721	0.0106	0.0073
"P2BP02"	"AMD-T2D"	"T2D"	"17:3487180:A:G"	0.000725120106254473	-0.0083	0.0067
"P2BP02"	"AMD-T2D"	"T2D"	"17:3488871:G:A"	0.00040110855778519	0.0037	0.0102
"P2BP02"	"AMD-T2D"	"T2D"	"17:3489514:T:C"	0.000703952899661187	-0.0081	0.0067
"P2BP02"	"AMD-T2D"	"T2D"	"17:3494361:G:A"	0.000384738080747571	0.0023	0.0101
"P2BP02"	"AMD-T2D"	"T2D"	"17:3494868:A:G"	0.000386718918326201	-0.0014	0.0068
"P2BP02"	"AMD-T2D"	"T2D"	"17:3495214:A:G"	0.000426281919393978	-0.0037	0.0067
"P2BP02"	"AMD-T2D"	"T2D"	"17:3495374:G:A"	0.00389171747022221	0.0338	0.0147
"P2BP02"	"AMD-T2D"	"T2D"	"17:3497570:G:A"	0.000539828524410368	0.0068	0.0072
"P2BP02"	"AMD-T2D"	"T2D"	"17:3497984:T:C"	0.000623870539963933	0.008	0.0072
"P2BP02"	"AMD-T2D"	"T2D"	"17:3498411:A:G"	0.000577660066277352	0.0075	0.0073
"P2BP02"	"AMD-T2D"	"T2D"	"17:3500510:T:C"	0.000552302242540215	0.007	0.0072
"P2BP02"	"AMD-T2D"	"T2D"	"17:3500611:T:C"	0.000528876538576029	0.0067	0.0073
"P2BP02"	"AMD-T2D"	"T2D"	"17:3503527:T:G"	0.000585515011085502	-0.008	0.0087
"P2BP02"	"AMD-T2D"	"T2D"	"17:3505215:C:T"	0.000588217360809717	0.0101	0.0107
"P2BP02"	"AMD-T2D"	"T2D"	"17:3505233:C:T"	0.000407003460076383	-0.0034	0.0073
"P2BP02"	"AMD-T2D"	"T2D"	"17:3506043:T:C"	0.000411741335230031	-0.0032	0.0085
"P2BP02"	"AMD-T2D"	"T2D"	"17:3508880:G:A"	0.000448964870864099	-0.0038	0.0071
"P2BP02"	"AMD-T2D"	"T2D"	"17:3511808:A:G"	0.000447003455834705	-0.0038	0.0072
"P2BP02"	"AMD-T2D"	"T2D"	"17:3513127:G:A"	0.000454030012982498	0.0065	0.0107
"P2BP02"	"AMD-T2D"	"T2D"	"17:3513719:G:A"	0.000373642164805399	4e-04	0.0069
"P2BP02"	"AMD-T2D"	"T2D"	"17:3514902:T:C"	0.000432048193649282	0.0057	0.0107
"P2BP02"	"AMD-T2D"	"T2D"	"17:3519060:T:G"	0.000426557974997688	-0.0029	0.0068
"P2BP02"	"AMD-T2D"	"T2D"	"17:3519954:G:T"	0.000523268827844592	-0.0052	0.0066
"P2BP02"	"AMD-T2D"	"T2D"	"17:3528614:C:T"	0.000373072811431285	2e-04	0.0065
"P2BP02"	"AMD-T2D"	"T2D"	"17:3529566:C:T"	0.000424515711855089	0.0048	0.0072
"P2BP02"	"AMD-T2D"	"T2D"	"17:3530253:G:T"	0.000424896231534633	0.0043	0.0075
"P2BP02"	"AMD-T2D"	"T2D"	"17:3530404:C:T"	0.000409490156869197	0.0038	0.0067
"P2BP02"	"AMD-T2D"	"T2D"	"17:3530633:G:A"	0.000373169831254794	-7e-04	0.0067
"P2BP02"	"AMD-T2D"	"T2D"	"17:3531490:G:A"	0.000391284710495543	-0.0027	0.0077
"P2BP02"	"AMD-T2D"	"T2D"	"17:3532670:C:T"	0.00040235381001652	0.0039	0.0087
"P2BP02"	"AMD-T2D"	"T2D"	"17:3533412:G:A"	0.000401814081022023	0.0035	0.0067
"P2BP02"	"AMD-T2D"	"T2D"	"17:3536083:G:A"	0.000373858016253781	0.0013	0.008
"P2BP02"	"AMD-T2D"	"T2D"	"17:3539897:C:T"	0.00126382123190572	-0.0218	0.0124
"P2BP02"	"AMD-T2D"	"T2D"	"17:3540042:G:A"	0.000420861032193409	0.0048	0.0087
"P2BP02"	"AMD-T2D"	"T2D"	"17:3542455:T:C"	0.00124030027839195	0.0116	0.0065
"P2BP02"	"AMD-T2D"	"T2D"	"17:3543271:A:G"	0.00113957688559363	0.0112	0.0065
"P2BP02"	"AMD-T2D"	"T2D"	"17:3546160:G:A"	0.00060549961084333	-0.0085	0.0073
"P2BP02"	"AMD-T2D"	"T2D"	"17:3548447:A:G"	0.000437482147248258	0.0045	0.0065
"P2BP02"	"AMD-T2D"	"T2D"	"17:3548784:C:T"	0.000747739789001778	0.0091	0.0065
"P2BP02"	"AMD-T2D"	"T2D"	"17:3551345:T:G"	0.000597705887587674	-0.0084	0.0073
"P2BP02"	"AMD-T2D"	"T2D"	"17:3552038:G:A"	0.000735052212393117	0.009	0.0065
"P2BP02"	"AMD-T2D"	"T2D"	"17:3554059:G:A"	0.000764496441828189	-0.0092	0.0065
"P2BP02"	"AMD-T2D"	"T2D"	"17:3555424:G:A"	0.00040943398352733	0.0042	0.0088
"P2BP02"	"AMD-T2D"	"T2D"	"17:3564068:G:A"	0.000458275511540762	0.0052	0.0081
"P2BP02"	"AMD-T2D"	"T2D"	"17:3564073:A:G"	0.000444878106294344	0.0047	0.0079
"P2BP02"	"AMD-T2D"	"T2D"	"17:3564779:C:T"	0.000381989287165374	0.0016	0.0079
"P2BP02"	"AMD-T2D"	"T2D"	"17:3565103:A:G"	0.000784696053055534	-0.0098	0.007
"P2BP02"	"AMD-T2D"	"T2D"	"17:3565969:T:C"	0.000395577843788408	0.0044	0.0096
"P2BP02"	"AMD-T2D"	"T2D"	"17:3567461:G:A"	0.000404886245423897	0.0049	0.0104
"P2BP02"	"AMD-T2D"	"T2D"	"17:3569913:G:T"	0.00133863121241984	-0.0112	0.0064
"P2BP02"	"AMD-T2D"	"T2D"	"17:3574289:T:C"	0.00221380682804073	-0.0136	0.0067
"P2BP02"	"AMD-T2D"	"T2D"	"17:3577146:C:T"	0.000442458199374496	0.0058	0.0104
"P2BP02"	"AMD-T2D"	"T2D"	"17:3577273:A:G"	0.00211046393469871	-0.0134	0.0066
"P2BP02"	"AMD-T2D"	"T2D"	"17:3578122:A:C"	0.0011787126889703	-0.0113	0.0068
"P2BP02"	"AMD-T2D"	"T2D"	"17:3578178:G:A"	0.00106307602126443	-0.0108	0.0068
"P2BP02"	"AMD-T2D"	"T2D"	"17:3578351:A:G"	0.000914363618977898	-0.0097	0.0066
"P2BP02"	"AMD-T2D"	"T2D"	"17:3578647:T:C"	0.000959130416246512	-0.0101	0.0067
"P2BP02"	"AMD-T2D"	"T2D"	"17:3579652:T:C"	0.000976969914833314	-0.0102	0.0067
"P2BP02"	"AMD-T2D"	"T2D"	"17:3579858:C:T"	0.000868030572293677	-0.0096	0.0067
"P2BP02"	"AMD-T2D"	"T2D"	"17:3580996:A:G"	0.000839769247673039	-0.0094	0.0067
"P2BP02"	"AMD-T2D"	"T2D"	"17:3581903:C:A"	0.00129263373438315	-0.0113	0.0065
"P2BP02"	"AMD-T2D"	"T2D"	"17:3582595:A:G"	0.00119162600792944	-0.0112	0.0066
"P2BP02"	"AMD-T2D"	"T2D"	"17:3584488:A:G"	0.000931084577222796	-0.0099	0.0066
"P2BP02"	"AMD-T2D"	"T2D"	"17:3584740:G:A"	0.000916196488392251	-0.0102	0.0067
"P2BP02"	"AMD-T2D"	"T2D"	"17:3591822:A:G"	0.000575932259769263	-0.0087	0.0093
"P2BP02"	"AMD-T2D"	"T2D"	"17:3598018:T:C"	0.000378107185697196	-9e-04	0.0083
"P2BP02"	"AMD-T2D"	"T2D"	"17:3600308:T:C"	0.000376823570524154	5e-04	0.0072
"P2BP02"	"AMD-T2D"	"T2D"	"17:3603913:G:A"	0.000404054259700803	0.0029	0.0061
"P2BP02"	"AMD-T2D"	"T2D"	"17:3604007:G:A"	0.00040673886139253	0.0032	0.0065
"P2BP02"	"AMD-T2D"	"T2D"	"17:3604400:G:A"	0.00040542742811156	0.003	0.0062
"P2BP02"	"AMD-T2D"	"T2D"	"17:3604708:C:T"	0.000405408351760284	0.003	0.0062
"P2BP02"	"AMD-T2D"	"T2D"	"17:3606192:G:A"	0.000426145647114073	0.0037	0.0062
"P2BP02"	"AMD-T2D"	"T2D"	"17:3607552:A:G"	0.000376281753997065	0.0012	0.0067
"P2BP02"	"AMD-T2D"	"T2D"	"17:3612128:T:G"	0.000451024759084762	0.0043	0.0065
"P2BP02"	"AMD-T2D"	"T2D"	"17:3615496:A:G"	0.000381271084185175	0.0017	0.0064
"P2BP02"	"AMD-T2D"	"T2D"	"17:3618298:C:T"	0.000386318436811917	0.002	0.0062
"P2BP02"	"AMD-T2D"	"T2D"	"17:3620138:A:G"	0.000388289493367111	0.003	0.0066
"P2BP02"	"AMD-T2D"	"T2D"	"17:3628212:T:C"	0.000380782457064521	-0.002	0.0069
"P2BP02"	"AMD-T2D"	"T2D"	"17:3628362:T:C"	0.000425681813867707	0.0038	0.0065
"P2BP02"	"AMD-T2D"	"T2D"	"17:3630621:G:A"	0.000424259712648256	0.0037	0.0064
"P2BP02"	"AMD-T2D"	"T2D"	"17:3631118:T:C"	0.000615051574026415	0.009	0.0069
"P2BP02"	"AMD-T2D"	"T2D"	"17:3631241:A:G"	0.000638619615970448	0.0099	0.008
"P2BP02"	"AMD-T2D"	"T2D"	"17:3632836:G:A"	0.000411389576482568	-0.0038	0.0068
"P2BP02"	"AMD-T2D"	"T2D"	"17:3634096:G:A"	0.000382995456730817	0.0024	0.0068
"P2BP02"	"AMD-T2D"	"T2D"	"17:3635645:A:G"	0.000407217895649015	-0.0025	0.0067
"P2BP02"	"AMD-T2D"	"T2D"	"17:3635768:A:C"	0.000471115727559646	0.0061	0.0083
"P2BP02"	"AMD-T2D"	"T2D"	"17:3637953:C:T"	0.000374375373811908	5e-04	0.0066
"P2BP02"	"AMD-T2D"	"T2D"	"17:3638037:C:T"	0.000375654672588932	1e-04	0.0066
"P2BP02"	"AMD-T2D"	"T2D"	"17:3640880:G:A"	0.000520602385445934	-0.0087	0.0123
"P2BP02"	"AMD-T2D"	"T2D"	"17:3641316:T:C"	0.000435147909113698	-0.0055	0.0124
"P2BP02"	"AMD-T2D"	"T2D"	"17:3649214:G:A"	0.000839683596056018	-0.0097	0.0081
"P2BP02"	"AMD-T2D"	"T2D"	"17:3654980:A:G"	0.000375804986624151	0.0032	0.0107
"P2BP02"	"AMD-T2D"	"T2D"	"17:3656366:A:G"	0.000406453279261809	-0.0031	0.0112
"P2BP02"	"AMD-T2D"	"T2D"	"17:3657175:T:C"	0.000772186537537301	-0.0094	0.0084
"P2BP02"	"AMD-T2D"	"T2D"	"17:3660864:G:A"	0.000739997570323281	-0.0087	0.0071
"P2BP02"	"AMD-T2D"	"T2D"	"17:3664975:A:G"	0.000679980569084027	-0.0081	0.0072
"P2BP02"	"AMD-T2D"	"T2D"	"17:3666862:C:T"	0.00082986684944153	-0.0138	0.0103
"P2BP02"	"AMD-T2D"	"T2D"	"17:3670822:T:C"	0.000551462920226897	0.011	0.0113
"P2BP02"	"AMD-T2D"	"T2D"	"17:3672514:C:A"	0.000693060980431537	-0.008	0.007
"P2BP02"	"AMD-T2D"	"T2D"	"17:3672941:A:G"	0.000445622184403138	0.0078	0.0118
"P2BP02"	"AMD-T2D"	"T2D"	"17:3676393:C:A"	0.000428552527526493	0.0067	0.0115
"P2BP02"	"AMD-T2D"	"T2D"	"17:3686003:C:T"	0.000393427966699389	0.0044	0.0118
"P2BP02"	"AMD-T2D"	"T2D"	"17:3694554:C:T"	0.000432004643891815	0.0109	0.0192
"P2BP02"	"AMD-T2D"	"T2D"	"17:3695981:G:A"	0.000389549964223135	-0.0039	0.0091
"P2BP02"	"AMD-T2D"	"T2D"	"17:3703782:C:T"	0.00133096544052325	-0.021	0.0121
"P2BP02"	"AMD-T2D"	"T2D"	"17:3704483:G:A"	0.000734404248949883	-0.0128	0.0096
"P2BP02"	"AMD-T2D"	"T2D"	"17:3705526:C:T"	0.0085181214759239	-0.0178	0.0067
"P2BP02"	"AMD-T2D"	"T2D"	"17:3708034:G:A"	0.0226444664499474	0.0199	0.0065
"P2BP02"	"AMD-T2D"	"T2D"	"17:3710124:T:G"	0.000448897463954823	0.0087	0.0137
"P2BP02"	"AMD-T2D"	"T2D"	"17:3718933:C:T"	0.00467358283750974	0.0151	0.0064
"P2BP02"	"AMD-T2D"	"T2D"	"17:3725758:C:A"	0.000385276167493398	0.0025	0.0159
"P2BP02"	"AMD-T2D"	"T2D"	"17:3725899:A:C"	0.00158304212996607	-0.0125	0.0074
"P2BP02"	"AMD-T2D"	"T2D"	"17:3726793:C:T"	0.000384797610688548	0.0024	0.0158
"P2BP02"	"AMD-T2D"	"T2D"	"17:3726827:G:A"	0.00326515144646122	0.014	0.0064
"P2BP02"	"AMD-T2D"	"T2D"	"17:3727064:T:C"	0.000383560287608109	0.0022	0.0159
"P2BP02"	"AMD-T2D"	"T2D"	"17:3728587:A:G"	0.000416726711404025	0.0067	0.0136
"P2BP02"	"AMD-T2D"	"T2D"	"17:3730979:G:A"	0.00296898216416397	0.0137	0.0064
"P2BP02"	"AMD-T2D"	"T2D"	"17:3738990:T:C"	0.000797433185688479	0.0101	0.0072
"P2BP02"	"AMD-T2D"	"T2D"	"17:3745359:T:C"	0.00314934205213036	0.0145	0.0066
"P2BP02"	"AMD-T2D"	"T2D"	"17:3760621:G:T"	0.00110196531379181	-0.0109	0.0084
"P2BP02"	"AMD-T2D"	"T2D"	"17:3763574:C:T"	0.000373010636900539	-4e-04	0.0076
"P2BP02"	"AMD-T2D"	"T2D"	"17:3763933:T:C"	0.000609197218698787	-0.006	0.0067
"P2BP02"	"AMD-T2D"	"T2D"	"17:3764630:G:A"	0.000377653018234558	2e-04	0.0092
"P2BP02"	"AMD-T2D"	"T2D"	"17:3765268:T:G"	0.00121475772511104	-0.0105	0.0068
"P2BP02"	"AMD-T2D"	"T2D"	"17:3768679:A:G"	0.0012020692027277	-0.0103	0.0068
"P2BP02"	"AMD-T2D"	"T2D"	"17:3769379:G:A"	0.000765843616162276	-0.0079	0.0069
"P2BP02"	"AMD-T2D"	"T2D"	"17:3769407:C:T"	0.00071780924352749	-0.0075	0.0069
"P2BP02"	"AMD-T2D"	"T2D"	"17:3775848:T:C"	0.00511156763800302	0.0166	0.0066
"P2BP02"	"AMD-T2D"	"T2D"	"17:3775916:T:C"	0.000753604913062311	0.0108	0.0083
"P2BP02"	"AMD-T2D"	"T2D"	"17:3776976:A:G"	0.000723606073424588	0.0107	0.009
"P2BP02"	"AMD-T2D"	"T2D"	"17:3778479:T:C"	0.000385224867027523	-0.0066	0.0127
"P2BP02"	"AMD-T2D"	"T2D"	"17:3780881:C:T"	0.01669869952409	0.0214	0.0067
"P2BP02"	"AMD-T2D"	"T2D"	"17:3781054:T:C"	0.000595360898568931	0.009	0.0095
"P2BP02"	"AMD-T2D"	"T2D"	"17:3781494:A:G"	0.000373881439469037	-0.0011	0.0114
"P2BP02"	"AMD-T2D"	"T2D"	"17:3781764:G:A"	0.00728304789962952	0.018	0.0066
"P2BP02"	"AMD-T2D"	"T2D"	"17:3781793:T:C"	0.00421328818830258	0.0167	0.0066
"P2BP02"	"AMD-T2D"	"T2D"	"17:3781931:T:C"	0.000533478756945982	0.0177	0.0196
"P2BP02"	"AMD-T2D"	"T2D"	"17:3783872:T:C"	0.0019647923438918	-0.0141	0.0066
"P2BP02"	"AMD-T2D"	"T2D"	"17:3786907:G:A"	0.000759316938199195	-0.0095	0.0069
"P2BP02"	"AMD-T2D"	"T2D"	"17:3793303:A:G"	0.000500264033910569	-0.0061	0.007
"P2BP02"	"AMD-T2D"	"T2D"	"17:3793447:G:A"	0.00577252089882319	-0.0197	0.0073
"P2BP02"	"AMD-T2D"	"T2D"	"17:3797124:A:G"	0.000455881264030178	0.0013	0.0086
"P2BP02"	"AMD-T2D"	"T2D"	"17:3797269:C:A"	0.000376361074721054	-0.0044	0.008
"P2BP02"	"AMD-T2D"	"T2D"	"17:3800218:C:T"	0.000569460105323993	-0.0072	0.0076
"P2BP02"	"AMD-T2D"	"T2D"	"17:3800995:T:C"	0.000527070037824817	0.0055	0.007
"P2BP02"	"AMD-T2D"	"T2D"	"17:3801080:C:T"	0.000496169795586532	0.0049	0.0071
"P2BP02"	"AMD-T2D"	"T2D"	"17:3808032:A:G"	0.00101102358068528	-0.0135	0.0069
"P2BP02"	"AMD-T2D"	"T2D"	"17:3808713:T:C"	0.000581226967833026	-0.0104	0.0069
"P2BP02"	"AMD-T2D"	"T2D"	"17:3813667:G:A"	0.00227810809937479	-0.0165	0.0073
"P2BP02"	"AMD-T2D"	"T2D"	"17:3817609:G:A"	0.000466437674683018	0.0131	0.0076
"P2BP02"	"AMD-T2D"	"T2D"	"17:3818830:A:G"	0.000597860781968551	-0.0045	0.0068
"P2BP02"	"AMD-T2D"	"T2D"	"17:3820332:A:G"	0.000497192974811878	-0.0046	0.0071
"P2BP02"	"AMD-T2D"	"T2D"	"17:3820698:A:G"	0.00052445987784655	-0.005	0.007
"P2BP02"	"AMD-T2D"	"T2D"	"17:3821013:C:T"	0.000462713189221309	-0.0016	0.0068
"P2BP02"	"AMD-T2D"	"T2D"	"17:3821064:A:G"	0.000396766146665395	-0.0019	0.0072
"P2BP02"	"AMD-T2D"	"T2D"	"17:3821953:T:C"	0.000647144704588265	-0.0116	0.0068
"P2BP02"	"AMD-T2D"	"T2D"	"17:3821988:A:C"	0.000528887309663273	-0.0048	0.0069
"P2BP02"	"AMD-T2D"	"T2D"	"17:3822069:A:G"	0.000456239540442049	0.0123	0.0082
"P2BP02"	"AMD-T2D"	"T2D"	"17:3822637:T:C"	0.000493813587492342	-0.0026	0.0068
"P2BP02"	"AMD-T2D"	"T2D"	"17:3825490:T:C"	0.000506791719168565	-0.0032	0.0074
"P2BP02"	"AMD-T2D"	"T2D"	"17:3828702:T:C"	0.00362393803887606	0.0153	0.007
"P2BP02"	"AMD-T2D"	"T2D"	"17:3828822:C:T"	0.603633271423466	0.0549	0.0106
"P2BP02"	"AMD-T2D"	"T2D"	"17:3831240:C:T"	0.0503776963244855	-0.0485	0.0097
"P2BP02"	"AMD-T2D"	"T2D"	"17:3834598:T:C"	0.140692300809354	-0.051	0.0094
"P2BP02"	"AMD-T2D"	"T2D"	"17:3838248:T:C"	0.118774752425506	-0.0498	0.0093
"P2BP02"	"AMD-T2D"	"T2D"	"17:3838626:T:C"	0.254682776245484	0.0523	0.0109
"P2BP02"	"AMD-T2D"	"T2D"	"17:3839685:G:A"	0.0294931036111764	-0.0358	0.0085
"P2BP02"	"AMD-T2D"	"T2D"	"17:3840055:C:T"	0.0358596209053397	0.0641	0.0135
"P2BP02"	"AMD-T2D"	"T2D"	"17:3840230:C:T"	0.0200342598666824	-0.0379	0.0093
"P2BP02"	"AMD-T2D"	"T2D"	"17:3842491:G:A"	0.0306720544152483	-0.036	0.0085
"P2BP02"	"AMD-T2D"	"T2D"	"17:3846802:A:G"	0.126454218840163	-0.0286	0.0066
"P2BP02"	"AMD-T2D"	"T2D"	"17:3851451:C:T"	0.00290559957469971	-0.0148	0.0077
"P2BP02"	"AMD-T2D"	"T2D"	"17:3855813:C:T"	0.000428136088665321	0.0023	0.0083
"P2BP02"	"AMD-T2D"	"T2D"	"17:3860554:T:C"	0.0435709514648526	-0.0186	0.0082
"P2BP02"	"AMD-T2D"	"T2D"	"17:3863796:G:T"	0.00102359015623854	0.0074	0.0099
"P2BP02"	"AMD-T2D"	"T2D"	"17:3865399:C:T"	0.0175289578088491	-0.0439	0.0091
"P2BP02"	"AMD-T2D"	"T2D"	"17:3868738:T:C"	0.000681281450787385	0.0048	0.0082
"P2BP02"	"AMD-T2D"	"T2D"	"17:3871323:T:C"	0.0353127538321199	-0.0214	0.0068
"P2BP02"	"AMD-T2D"	"T2D"	"17:3872264:C:T"	0.0126725045656839	-0.0179	0.0068
"P2BP02"	"AMD-T2D"	"T2D"	"17:3875629:A:G"	0.0432473816135057	-0.0219	0.0073
"P2BP02"	"AMD-T2D"	"T2D"	"17:3876082:C:T"	0.0311421424043775	-0.0467	0.0091
"P2BP02"	"AMD-T2D"	"T2D"	"17:3877392:T:C"	0.000491703217977202	0.0195	0.0104
"P2BP02"	"AMD-T2D"	"T2D"	"17:3880148:C:T"	0.000496046392956306	0.0194	0.0064
"P2BP02"	"AMD-T2D"	"T2D"	"17:3881130:T:C"	0.000476576525859418	0.0198	0.0064
"P2BP02"	"AMD-T2D"	"T2D"	"17:3881345:C:T"	0.000493557490963026	0.0202	0.0064
"P2BP02"	"AMD-T2D"	"T2D"	"17:3882309:G:A"	0.0152573207286932	0.0613	0.0084
"P2BP02"	"AMD-T2D"	"T2D"	"17:3884665:G:T"	0.000374884143632404	0.0177	0.0084
"P2BP02"	"AMD-T2D"	"T2D"	"17:3889764:C:T"	0.00040164480821725	0.0269	0.0099
"P2BP02"	"AMD-T2D"	"T2D"	"17:3889843:A:G"	0.00576210720602299	0.0454	0.0115
"P2BP02"	"AMD-T2D"	"T2D"	"17:3890429:A:G"	0.0062736014674849	0.046	0.0066
"P2BP02"	"AMD-T2D"	"T2D"	"17:3896807:A:G"	0.0005518599972264	0.0041	0.0134
"P2BP02"	"AMD-T2D"	"T2D"	"17:3900911:G:A"	0.00050959813369944	0.0027	0.0134
"P2BP02"	"AMD-T2D"	"T2D"	"17:3901502:T:G"	0.00534688355914637	0.0458	0.0066
"P2BP02"	"AMD-T2D"	"T2D"	"17:3904542:G:T"	0.000380868889982677	0.0176	0.0084
"P2BP02"	"AMD-T2D"	"T2D"	"17:3906875:G:A"	0.00041428174308844	0.0258	0.0098
"P2BP02"	"AMD-T2D"	"T2D"	"17:3907211:A:G"	0.000423176219778165	0.0256	0.0099
"P2BP02"	"AMD-T2D"	"T2D"	"17:3907308:A:G"	0.00423131915447217	0.0455	0.0066
"P2BP02"	"AMD-T2D"	"T2D"	"17:3909404:C:A"	0.00310836531142666	0.0451	0.0066
"P2BP02"	"AMD-T2D"	"T2D"	"17:3910613:G:A"	0.000375851669604632	0.0188	0.0083
"P2BP02"	"AMD-T2D"	"T2D"	"17:3916729:G:A"	0.000437152474625058	0.0014	0.0131
"P2BP02"	"AMD-T2D"	"T2D"	"17:3916823:G:A"	0.000391801951774684	0.0173	0.0081
"P2BP02"	"AMD-T2D"	"T2D"	"17:3919106:C:T"	0.000411519566685059	0.0155	0.0084
"P2BP02"	"AMD-T2D"	"T2D"	"17:3919981:A:G"	0.000686264301952066	0.0423	0.0066
"P2BP02"	"AMD-T2D"	"T2D"	"17:3920432:G:A"	0.000409579998247644	0.0156	0.0084
"P2BP02"	"AMD-T2D"	"T2D"	"17:3921834:C:T"	0.000932165034474131	0.0499	0.0082
"P2BP02"	"AMD-T2D"	"T2D"	"17:3922748:A:C"	0.000898985355208937	0.0391	0.0073
"P2BP02"	"AMD-T2D"	"T2D"	"17:3922918:A:G"	0.00053044722861606	0.0414	0.0066
"P2BP02"	"AMD-T2D"	"T2D"	"17:3923129:G:T"	0.00041953721543464	0.0156	0.0082
"P2BP02"	"AMD-T2D"	"T2D"	"17:3928080:G:A"	0.000397963076097518	-0.0023	0.0142
"P2BP02"	"AMD-T2D"	"T2D"	"17:3929659:A:C"	0.000381710110166744	0.0392	0.008
"P2BP02"	"AMD-T2D"	"T2D"	"17:3935223:T:C"	0.000424276072542029	0.0261	0.0094
"P2BP02"	"AMD-T2D"	"T2D"	"17:3936043:C:T"	0.000392088853293116	0.0174	0.0081
"P2BP02"	"AMD-T2D"	"T2D"	"17:3936529:A:G"	0.000488237376490841	0.0421	0.0079
"P2BP02"	"AMD-T2D"	"T2D"	"17:3939632:T:C"	0.000509488457792529	0.0426	0.0079
"P2BP02"	"AMD-T2D"	"T2D"	"17:3941396:T:C"	0.000501448094375356	0.0404	0.0065
"P2BP02"	"AMD-T2D"	"T2D"	"17:3943291:T:C"	0.00682616093153299	0.0463	0.0105
"P2BP02"	"AMD-T2D"	"T2D"	"17:3943543:G:A"	0.000400793197475768	0.0169	0.0081
"P2BP02"	"AMD-T2D"	"T2D"	"17:3947533:G:A"	0.000404119437076411	0.0273	0.0094
"P2BP02"	"AMD-T2D"	"T2D"	"17:3947644:T:C"	0.00056845190343735	0.0409	0.0065
"P2BP02"	"AMD-T2D"	"T2D"	"17:3951975:C:A"	0.000452520363126152	0.0247	0.0064
"P2BP02"	"AMD-T2D"	"T2D"	"17:3953083:T:C"	0.00159526359075202	0.043	0.0065
"P2BP02"	"AMD-T2D"	"T2D"	"17:3953102:A:G"	0.00130464591551993	0.0428	0.0065
"P2BP02"	"AMD-T2D"	"T2D"	"17:3955602:A:G"	0.000404543564185733	0.0281	0.009
"P2BP02"	"AMD-T2D"	"T2D"	"17:3957124:T:C"	0.00123297580677884	0.0425	0.0065
"P2BP02"	"AMD-T2D"	"T2D"	"17:3958105:T:G"	0.000992745332468625	0.0421	0.0065
"P2BP02"	"AMD-T2D"	"T2D"	"17:3958341:C:T"	0.00104362023777815	0.0422	0.0065
"P2BP02"	"AMD-T2D"	"T2D"	"17:3961200:C:T"	0.000511643522260408	0.0466	0.0082
"P2BP02"	"AMD-T2D"	"T2D"	"17:3961489:C:T"	0.00104397475642115	0.0422	0.0065
"P2BP02"	"AMD-T2D"	"T2D"	"17:3961617:A:G"	0.000383911169636986	0.0293	0.0091
"P2BP02"	"AMD-T2D"	"T2D"	"17:3962450:A:G"	0.000512992270072399	0.0466	0.0082
"P2BP02"	"AMD-T2D"	"T2D"	"17:3966064:A:G"	0.00140920449003445	0.0427	0.0065
"P2BP02"	"AMD-T2D"	"T2D"	"17:3966243:G:A"	0.000394526326814249	-0.0051	0.013
"P2BP02"	"AMD-T2D"	"T2D"	"17:3966591:T:C"	0.000507340513470789	0.0465	0.0082
"P2BP02"	"AMD-T2D"	"T2D"	"17:3978031:A:G"	0.000380179964697303	0.0297	0.0091
"P2BP02"	"AMD-T2D"	"T2D"	"17:3978268:T:C"	0.000568275971870591	0.0477	0.0082
"P2BP02"	"AMD-T2D"	"T2D"	"17:3979949:G:A"	0.000753631184310044	0.0508	0.0083
"P2BP02"	"AMD-T2D"	"T2D"	"17:3979982:G:A"	0.000386097845016198	0.0291	0.0091
"P2BP02"	"AMD-T2D"	"T2D"	"17:3980318:T:C"	0.00227513224232789	0.0434	0.0065
"P2BP02"	"AMD-T2D"	"T2D"	"17:3984117:C:T"	0.127628475955158	0.0489	0.0068
"P2BP02"	"AMD-T2D"	"T2D"	"17:3985832:A:G"	0.00211905906238175	-0.0433	0.0065
"P2BP02"	"AMD-T2D"	"T2D"	"17:3985864:G:A"	0.6522621755569	0.0504	0.0068
"P2BP02"	"AMD-T2D"	"T2D"	"17:3989968:C:T"	0.00125267800927098	-0.0422	0.0065
"P2BP02"	"AMD-T2D"	"T2D"	"17:3994225:C:A"	0.000999326713808646	0.0537	0.0085
"P2BP02"	"AMD-T2D"	"T2D"	"17:3994670:A:G"	0.0011953587791409	-0.0421	0.0065
"P2BP02"	"AMD-T2D"	"T2D"	"17:3996334:T:C"	0.000933729211390677	0.0533	0.0085
"P2BP02"	"AMD-T2D"	"T2D"	"17:3996964:C:A"	0.00106456012012501	-0.0419	0.0065
"P2BP02"	"AMD-T2D"	"T2D"	"17:3999199:C:T"	0.000998866473249427	0.0537	0.0085
"P2BP02"	"AMD-T2D"	"T2D"	"17:4005521:G:A"	0.00131906124610759	0.0535	0.0135
"P2BP02"	"AMD-T2D"	"T2D"	"17:4007594:T:C"	0.00089274282702323	0.053	0.0085
"P2BP02"	"AMD-T2D"	"T2D"	"17:4007650:A:G"	0.000447443586879981	-0.0134	0.0123
"P2BP02"	"AMD-T2D"	"T2D"	"17:4007691:C:A"	0.000447442759716643	-0.0134	0.0123
"P2BP02"	"AMD-T2D"	"T2D"	"17:4008021:T:C"	0.000414389973481311	0.0274	0.0092
"P2BP02"	"AMD-T2D"	"T2D"	"17:4008352:C:A"	0.000396014959903823	0.0282	0.0091
"P2BP02"	"AMD-T2D"	"T2D"	"17:4008820:G:A"	0.00089347415971397	0.053	0.0085
"P2BP02"	"AMD-T2D"	"T2D"	"17:4011602:A:G"	0.000496521201325262	0.0143	0.0077
"P2BP02"	"AMD-T2D"	"T2D"	"17:4012739:C:A"	0.000416673982605698	0.0273	0.0092
"P2BP02"	"AMD-T2D"	"T2D"	"17:4015214:C:A"	0.000441455012662351	-0.0131	0.0123
"P2BP02"	"AMD-T2D"	"T2D"	"17:4017434:T:C"	0.000418807944275623	0.0271	0.0093
"P2BP02"	"AMD-T2D"	"T2D"	"17:4019966:G:A"	0.000751492137032628	-0.0417	0.0066
"P2BP02"	"AMD-T2D"	"T2D"	"17:4027152:T:C"	0.000410429779068799	0.0268	0.0091
"P2BP02"	"AMD-T2D"	"T2D"	"17:4028700:T:C"	0.000387627876444641	-0.0288	0.0091
"P2BP02"	"AMD-T2D"	"T2D"	"17:4034456:A:G"	0.000402067145473417	0.0281	0.0092
"P2BP02"	"AMD-T2D"	"T2D"	"17:4034680:G:A"	0.000403668919943478	0.028	0.0092
"P2BP02"	"AMD-T2D"	"T2D"	"17:4041725:T:C"	0.000379177706262501	-0.0299	0.0092
"P2BP02"	"AMD-T2D"	"T2D"	"17:4048081:T:C"	0.000579240953433202	0.0124	0.0079
"P2BP02"	"AMD-T2D"	"T2D"	"17:4050138:C:T"	0.00115973089352728	-0.0463	0.008
"P2BP02"	"AMD-T2D"	"T2D"	"17:4052566:G:T"	0.000490301221252043	-0.0162	0.0125
"P2BP02"	"AMD-T2D"	"T2D"	"17:4055828:A:G"	0.00071309916668183	-0.0072	0.0097
"P2BP02"	"AMD-T2D"	"T2D"	"17:4056376:G:A"	0.000457065595837913	-0.0396	0.0065
"P2BP02"	"AMD-T2D"	"T2D"	"17:4056542:G:A"	0.000387261066346123	0.0286	0.0096
"P2BP02"	"AMD-T2D"	"T2D"	"17:4060482:G:T"	0.000570295687786548	-0.0124	0.0079
"P2BP02"	"AMD-T2D"	"T2D"	"17:4061278:A:G"	0.000543338081860911	-0.0176	0.0123
"P2BP02"	"AMD-T2D"	"T2D"	"17:4063734:A:G"	0.000870910466854502	0.0503	0.0083
"P2BP02"	"AMD-T2D"	"T2D"	"17:4064529:G:A"	0.000453082932446836	-0.02	0.0087
"P2BP02"	"AMD-T2D"	"T2D"	"17:4066223:A:G"	0.000485809794056658	0.0193	0.0088
"P2BP02"	"AMD-T2D"	"T2D"	"17:4066657:T:C"	0.000382311210093356	-0.0365	0.0065
"P2BP02"	"AMD-T2D"	"T2D"	"17:4067315:G:A"	0.000490904801354941	-0.0161	0.0124
"P2BP02"	"AMD-T2D"	"T2D"	"17:4069735:C:A"	0.00133288370556994	0.0531	0.0084
"P2BP02"	"AMD-T2D"	"T2D"	"17:4073398:A:G"	0.00554633301470153	-0.0447	0.0067
"P2BP02"	"AMD-T2D"	"T2D"	"17:4081975:G:A"	0.119724546591054	0.0501	0.0069
"P2BP02"	"AMD-T2D"	"T2D"	"17:4083242:T:C"	0.0358214507492793	0.0488	0.0069
"P2BP02"	"AMD-T2D"	"T2D"	"17:4088291:C:T"	0.000598811356958273	0.0179	0.0121
"P2BP02"	"AMD-T2D"	"T2D"	"17:4090060:G:A"	0.000386475516257478	-0.0383	0.0069
"P2BP02"	"AMD-T2D"	"T2D"	"17:4098998:A:G"	0.0242820513047366	0.0484	0.0069
"P2BP02"	"AMD-T2D"	"T2D"	"17:4105059:A:G"	0.000599888243400848	0.0407	0.0155
"P2BP02"	"AMD-T2D"	"T2D"	"17:4108648:A:G"	0.000623627686002548	0.0264	0.0065
"P2BP02"	"AMD-T2D"	"T2D"	"17:4110024:C:T"	0.000488134689848985	-0.0397	0.0065
"P2BP02"	"AMD-T2D"	"T2D"	"17:4115617:T:C"	0.000464306573759399	-0.0394	0.0065
"P2BP02"	"AMD-T2D"	"T2D"	"17:4117199:T:C"	0.000412931841955455	0.0388	0.0066
"P2BP02"	"AMD-T2D"	"T2D"	"17:4119994:G:A"	0.000471047600291374	-0.0395	0.0065
"P2BP02"	"AMD-T2D"	"T2D"	"17:4133394:C:A"	0.000415336911635866	-0.0385	0.0065
"P2BP02"	"AMD-T2D"	"T2D"	"17:4134119:T:C"	0.000404015372283184	0.0384	0.0066
"P2BP02"	"AMD-T2D"	"T2D"	"17:4137919:C:A"	0.000430608430567525	-0.0388	0.0065
"P2BP02"	"AMD-T2D"	"T2D"	"17:4140669:G:T"	0.000407138505210791	-0.0385	0.0066
"P2BP02"	"AMD-T2D"	"T2D"	"17:4143290:T:C"	0.000424223674244773	0.0384	0.0065
"P2BP02"	"AMD-T2D"	"T2D"	"17:4145818:T:C"	0.000428490565667294	0.0385	0.0065
"P2BP02"	"AMD-T2D"	"T2D"	"17:4147047:T:C"	0.000410224438126661	0.0386	0.0066
"P2BP02"	"AMD-T2D"	"T2D"	"17:4151421:G:A"	0.000411702336288178	0.0381	0.0065
"P2BP02"	"AMD-T2D"	"T2D"	"17:4153807:T:C"	0.000414523543976308	0.0387	0.0066
"P2BP02"	"AMD-T2D"	"T2D"	"17:4154376:T:C"	0.000426599325406007	0.039	0.0066
"P2BP02"	"AMD-T2D"	"T2D"	"17:4154426:T:G"	0.000422128707486591	0.0389	0.0066
"P2BP02"	"AMD-T2D"	"T2D"	"17:4156190:T:C"	0.000501700814050099	0.0016	0.0118
"P2BP02"	"AMD-T2D"	"T2D"	"17:4156620:G:T"	0.0003821026301154	-0.0366	0.0066
"P2BP02"	"AMD-T2D"	"T2D"	"17:4162965:T:C"	0.000387292103401826	0.0369	0.0066
"P2BP02"	"AMD-T2D"	"T2D"	"17:4166804:C:T"	0.000384411710586119	-0.0365	0.0066
"P2BP02"	"AMD-T2D"	"T2D"	"17:4172943:C:A"	0.000375791538767545	-0.031	0.0068
"P2BP02"	"AMD-T2D"	"T2D"	"17:4175846:C:T"	0.000374875581237943	-0.0303	0.0067
"P2BP02"	"AMD-T2D"	"T2D"	"17:4179295:C:T"	0.00072649003678682	0.0188	0.0118
"P2BP02"	"AMD-T2D"	"T2D"	"17:4181122:G:A"	0.000379557044066003	-0.0327	0.0068
"P2BP02"	"AMD-T2D"	"T2D"	"17:4182859:C:T"	0.000391861499026147	0.0337	0.0068
"P2BP02"	"AMD-T2D"	"T2D"	"17:4184641:C:A"	0.000381514406326611	-0.0329	0.0068
"P2BP02"	"AMD-T2D"	"T2D"	"17:4185327:T:C"	0.000383540011937633	0.0331	0.0068
"P2BP02"	"AMD-T2D"	"T2D"	"17:4187940:T:C"	0.000381413328674585	0.0329	0.0068
"P2BP02"	"AMD-T2D"	"T2D"	"17:4198650:A:G"	0.000933629453785167	0.048	0.0075
"P2BP02"	"AMD-T2D"	"T2D"	"17:4199284:A:G"	0.000385308408824336	0.0332	0.0068
"P2BP02"	"AMD-T2D"	"T2D"	"17:4200262:A:C"	0.000755208744524838	-0.019	0.0117
"P2BP02"	"AMD-T2D"	"T2D"	"17:4205445:T:C"	0.000384407557609046	-0.0331	0.0068
"P2BP02"	"AMD-T2D"	"T2D"	"17:4212108:C:T"	0.000402423204378222	-0.0342	0.0068
"P2BP02"	"AMD-T2D"	"T2D"	"17:4212894:A:G"	0.000382707622681777	-0.033	0.0068
"P2BP02"	"AMD-T2D"	"T2D"	"17:4213245:C:T"	0.000392102142257489	0.0337	0.0068
"P2BP02"	"AMD-T2D"	"T2D"	"17:4214005:G:A"	0.000508010390791069	-0.0217	0.0065
"P2BP02"	"AMD-T2D"	"T2D"	"17:4215748:T:C"	0.000384828120520986	0.0332	0.0068
"P2BP02"	"AMD-T2D"	"T2D"	"17:4218344:G:A"	0.000397106426154537	0.034	0.0068
"P2BP02"	"AMD-T2D"	"T2D"	"17:4221236:A:G"	0.000390905424546895	0.0336	0.0068
"P2BP02"	"AMD-T2D"	"T2D"	"17:4224736:T:C"	0.000383947666658724	0.0331	0.0068
"P2BP02"	"AMD-T2D"	"T2D"	"17:4225303:A:G"	0.000897099914474508	0.0525	0.0102
"P2BP02"	"AMD-T2D"	"T2D"	"17:4226795:T:C"	0.000378710554627237	0.0283	0.0067
"P2BP02"	"AMD-T2D"	"T2D"	"17:4232084:C:A"	0.000378275895350222	0.0325	0.0068
"P2BP02"	"AMD-T2D"	"T2D"	"17:4235975:G:A"	0.000393938193730459	0.0348	0.007
"P2BP02"	"AMD-T2D"	"T2D"	"17:4238324:C:T"	0.00038520759835825	0.0332	0.0068
"P2BP02"	"AMD-T2D"	"T2D"	"17:4242178:G:A"	0.000390550409538171	0.0336	0.0068
"P2BP02"	"AMD-T2D"	"T2D"	"17:4242389:T:G"	0.000482919639986257	-0.0056	0.0089
"P2BP02"	"AMD-T2D"	"T2D"	"17:4244514:G:A"	0.0003852788685621	0.0332	0.0068
"P2BP02"	"AMD-T2D"	"T2D"	"17:4245305:G:T"	0.000396216635294988	0.0339	0.0068
"P2BP02"	"AMD-T2D"	"T2D"	"17:4261050:A:G"	0.000377089640753225	0.0322	0.0068
"P2BP02"	"AMD-T2D"	"T2D"	"17:4272893:G:A"	0.000375504435275009	0.0314	0.0068
"P2BP02"	"AMD-T2D"	"T2D"	"17:4278835:A:G"	0.000376184444584649	0.0302	0.0068
"P2BP02"	"AMD-T2D"	"T2D"	"17:4285429:A:G"	0.000374077160866015	-0.0284	0.0068
"P2BP02"	"AMD-T2D"	"T2D"	"17:4298940:T:C"	0.000398677077145693	0.0279	0.0086
"P2BP02"	"AMD-T2D"	"T2D"	"17:4299256:T:C"	0.000374532601781996	0.0226	0.0084
"P2BP02"	"AMD-T2D"	"T2D"	"17:4308647:A:C"	0.000490906660870816	0.0324	0.0087
"P2BP02"	"AMD-T2D"	"T2D"	"17:4309543:A:G"	0.000374173788792231	-0.0073	0.0065
"P2BP02"	"AMD-T2D"	"T2D"	"17:4310639:C:T"	0.000392319350867587	-0.0191	0.0065
"P2BP02"	"AMD-T2D"	"T2D"	"17:4315506:C:T"	0.000390873337925202	-0.0117	0.0068
"P2BP02"	"AMD-T2D"	"T2D"	"17:4316478:G:A"	0.000426740520205082	0.0117	0.0092
"P2BP02"	"AMD-T2D"	"T2D"	"17:4319606:C:A"	0.00037932247151673	-0.0154	0.0065
"P2BP02"	"AMD-T2D"	"T2D"	"17:4320544:A:G"	0.000407593499460068	0.011	0.0073
"P2BP02"	"AMD-T2D"	"T2D"	"17:4323294:A:G"	0.000389804941057226	0.0013	0.0072
"P2BP02"	"AMD-T2D"	"T2D"	"17:4323336:T:C"	0.000646791241690869	0.0134	0.0076
"P2BP02"	"AMD-T2D"	"T2D"	"17:4324361:C:T"	0.00052169517656242	-0.0079	0.0067
"P2BP02"	"AMD-T2D"	"T2D"	"17:4325475:T:C"	0.000413814008277003	-0.0049	0.0077
"P2BP02"	"AMD-T2D"	"T2D"	"17:4325518:G:A"	0.000399500770141836	-0.0059	0.0068
"P2BP02"	"AMD-T2D"	"T2D"	"17:4326040:C:T"	0.000974460534968857	0.0126	0.0126
"P2BP02"	"AMD-T2D"	"T2D"	"17:4326360:G:A"	0.000426085060621806	-0.0054	0.0077
"P2BP02"	"AMD-T2D"	"T2D"	"17:4327506:G:A"	0.000944553106604462	0.0123	0.0127
"P2BP02"	"AMD-T2D"	"T2D"	"17:4328914:C:T"	0.000671798716674443	-0.0089	0.0066
"P2BP02"	"AMD-T2D"	"T2D"	"17:4329942:C:T"	0.000401287380327409	-0.0031	0.0065
"P2BP02"	"AMD-T2D"	"T2D"	"17:4332120:C:T"	0.000373350491249314	-7e-04	0.0074
"P2BP02"	"AMD-T2D"	"T2D"	"17:4336762:T:C"	0.000442635686312087	-0.0059	0.0074
"P2BP02"	"AMD-T2D"	"T2D"	"17:4336811:T:C"	0.00105384990989499	0.0133	0.0126
"P2BP02"	"AMD-T2D"	"T2D"	"17:4336839:T:C"	0.00037419194945143	-2e-04	0.0074
"P2BP02"	"AMD-T2D"	"T2D"	"17:4338964:C:T"	0.000399708816141375	-0.0066	0.0074
"P2BP02"	"AMD-T2D"	"T2D"	"17:4346807:T:C"	0.000412894908258354	-3e-04	0.0117
"P2BP02"	"AMD-T2D"	"T2D"	"17:4346955:A:C"	0.000384183319009246	-0.0023	0.012
"P2BP02"	"AMD-T2D"	"T2D"	"17:4350182:T:C"	0.000447517491907412	0.0054	0.0112
"P2BP02"	"AMD-T2D"	"T2D"	"17:4350640:T:G"	0.000485123529237574	0.0085	0.0085
"P2BP02"	"AMD-T2D"	"T2D"	"17:4350990:T:G"	0.000419899907346699	-0.001	0.0066
"P2BP02"	"AMD-T2D"	"T2D"	"17:4351560:G:A"	0.00048281997805133	0.0023	0.0066
"P2BP02"	"AMD-T2D"	"T2D"	"17:4351640:G:A"	0.000403408605797573	0.0031	0.0107
"P2BP02"	"AMD-T2D"	"T2D"	"17:4351998:C:T"	0.000871188329929162	0.0151	0.0092
"P2BP02"	"AMD-T2D"	"T2D"	"17:4352799:T:G"	0.000377108913126256	-0.0029	0.0101
"P2BP02"	"AMD-T2D"	"T2D"	"17:4353061:C:T"	0.000402394740810275	0.0013	0.0089
"P2BP02"	"AMD-T2D"	"T2D"	"17:4354348:A:C"	0.000480198358515871	0.0035	0.0067
"P2BP02"	"AMD-T2D"	"T2D"	"17:4356375:G:T"	0.000375933027544573	-0.0029	0.0068
"P2BP02"	"AMD-T2D"	"T2D"	"17:4357773:A:G"	0.000471356362454545	0.0033	0.0067
"P2BP02"	"AMD-T2D"	"T2D"	"17:4361164:G:T"	0.000442113048565007	-0.0058	0.0064
"P2BP02"	"AMD-T2D"	"T2D"	"17:4363695:T:G"	0.000462505193426943	-0.0076	0.0068
"P2BP02"	"AMD-T2D"	"T2D"	"17:4370833:A:G"	0.000402436329696276	-0.004	0.0083
"P2BP02"	"AMD-T2D"	"T2D"	"17:4373098:G:A"	0.000409704824778423	0.004	0.0067
"P2BP02"	"AMD-T2D"	"T2D"	"17:4374569:C:T"	0.000415740427760714	0.005	0.0081
"P2BP02"	"AMD-T2D"	"T2D"	"17:4374584:A:C"	0.000446638885618467	-0.0083	0.0126
"P2BP02"	"AMD-T2D"	"T2D"	"17:4375102:A:G"	0.000525683483299178	-0.0048	0.0089
"P2BP02"	"AMD-T2D"	"T2D"	"17:4375507:C:T"	0.000413621017530397	0.0042	0.008
"P2BP02"	"AMD-T2D"	"T2D"	"17:4377979:G:A"	0.000988871252927015	0.008	0.0067
"P2BP02"	"AMD-T2D"	"T2D"	"17:4379067:G:A"	0.000515625033528089	-0.0052	0.0093
"P2BP02"	"AMD-T2D"	"T2D"	"17:4379226:T:G"	0.00129091261213643	0.0114	0.0072
"P2BP02"	"AMD-T2D"	"T2D"	"17:4379578:G:A"	0.0012670066314534	0.0149	0.0083
"P2BP02"	"AMD-T2D"	"T2D"	"17:4379847:G:A"	0.00051264674938456	-0.0051	0.0092
"P2BP02"	"AMD-T2D"	"T2D"	"17:4381748:G:A"	0.00049496451688158	-0.0047	0.0093
"P2BP02"	"AMD-T2D"	"T2D"	"17:4382729:T:C"	0.000374232140971875	-7e-04	0.0068
"P2BP02"	"AMD-T2D"	"T2D"	"17:4384778:G:A"	0.000721101796513746	-0.0072	0.0091
"P2BP02"	"AMD-T2D"	"T2D"	"17:4385099:C:T"	0.000900548690498271	0.0086	0.0066
"P2BP02"	"AMD-T2D"	"T2D"	"17:4385503:C:T"	0.00446056972975473	0.0148	0.007
"P2BP02"	"AMD-T2D"	"T2D"	"17:4385616:G:A"	0.00241064861241447	0.011	0.007
"P2BP02"	"AMD-T2D"	"T2D"	"17:4388610:A:G"	0.000574661873622984	-0.0187	0.0168
"P2BP02"	"AMD-T2D"	"T2D"	"17:4389267:A:G"	0.00056731321814063	-0.0184	0.0168
"P2BP02"	"AMD-T2D"	"T2D"	"17:4390529:C:T"	0.000575985510608446	-0.0082	0.0087
"P2BP02"	"AMD-T2D"	"T2D"	"17:4390582:T:C"	0.000610752182947372	-0.0062	0.0066
"P2BP02"	"AMD-T2D"	"T2D"	"17:4390690:A:G"	0.000420154147272145	-0.0021	0.0066
"P2BP02"	"AMD-T2D"	"T2D"	"17:4391153:A:G"	0.000431830479810102	-0.0036	0.0072
"P2BP02"	"AMD-T2D"	"T2D"	"17:4391201:A:G"	0.000459072426279961	-0.0044	0.0072
"P2BP02"	"AMD-T2D"	"T2D"	"17:4394890:A:G"	0.000374265212681579	0.0014	0.0086
"P2BP02"	"AMD-T2D"	"T2D"	"17:4395170:G:A"	0.000410872319026145	-0.0019	0.0066
"P2BP02"	"AMD-T2D"	"T2D"	"17:4398442:A:G"	0.000378536310903899	-0.0038	0.009
"P2BP02"	"AMD-T2D"	"T2D"	"17:4404259:C:T"	0.000475358653364677	-0.0056	0.0087
"P2BP02"	"AMD-T2D"	"T2D"	"17:4406149:A:G"	0.000468326590520651	0.0054	0.0087
"P2BP02"	"AMD-T2D"	"T2D"	"17:4406973:G:A"	0.000539558684089503	0.0097	0.0099
"P2BP02"	"AMD-T2D"	"T2D"	"17:4407712:A:G"	0.000374326042683615	0.0014	0.0114
"P2BP02"	"AMD-T2D"	"T2D"	"17:4411829:A:G"	0.000374650572037449	0.0011	0.0067
"P2BP02"	"AMD-T2D"	"T2D"	"17:4414027:A:G"	0.000463572806272961	0.0042	0.008
"P2BP02"	"AMD-T2D"	"T2D"	"17:4416294:G:A"	0.000500460388066171	-0.0067	0.0068
"P2BP02"	"AMD-T2D"	"T2D"	"17:4416674:T:C"	0.000488859330075697	-0.0065	0.0068
"P2BP02"	"AMD-T2D"	"T2D"	"17:4418551:G:A"	0.000387404915776157	6e-04	0.0068
"P2BP02"	"AMD-T2D"	"T2D"	"17:4418925:T:G"	0.000387195224949122	6e-04	0.007
"P2BP02"	"AMD-T2D"	"T2D"	"17:4420052:A:G"	0.00103642086166689	0.0109	0.0082
"P2BP02"	"AMD-T2D"	"T2D"	"17:4422090:G:A"	0.00046132363857665	0.0034	0.0074
"P2BP02"	"AMD-T2D"	"T2D"	"17:4424159:A:C"	0.000396439999191922	0.0057	0.014
"P2BP02"	"AMD-T2D"	"T2D"	"17:4424965:G:A"	0.000391199778020934	-0.0052	0.0141
"P2BP02"	"AMD-T2D"	"T2D"	"17:4427364:G:A"	0.000492691234268761	0.0069	0.0069
"P2BP02"	"AMD-T2D"	"T2D"	"17:4429147:G:A"	0.000537526289317913	-0.0054	0.008
"P2BP02"	"AMD-T2D"	"T2D"	"17:4429590:G:A"	0.000557954587796505	-0.0057	0.0079
"P2BP02"	"AMD-T2D"	"T2D"	"17:4433600:G:T"	0.000376228658603317	0.0022	0.0081
"P2BP02"	"AMD-T2D"	"T2D"	"17:4436897:G:A"	0.000690431656373058	0.0075	0.0068
"P2BP02"	"AMD-T2D"	"T2D"	"17:4439282:G:A"	0.000534010513689398	-0.008	0.0089
"P2BP02"	"AMD-T2D"	"T2D"	"17:4441309:C:A"	0.000631486229496381	-0.0101	0.0088
"P2BP02"	"AMD-T2D"	"T2D"	"17:4448853:C:T"	0.000391014914351229	0.0024	0.0072
"P2BP02"	"AMD-T2D"	"T2D"	"17:4450823:G:T"	0.000379677448009486	-0.0019	0.008
"P2BP02"	"AMD-T2D"	"T2D"	"17:4453815:C:T"	0.000384012138976764	-0.0024	0.0086
"P2BP02"	"AMD-T2D"	"T2D"	"17:4455166:A:G"	0.000413515135951004	-0.0053	0.0083
"P2BP02"	"AMD-T2D"	"T2D"	"17:4457580:G:A"	0.000472493669804175	0.0092	0.012
"P2BP02"	"AMD-T2D"	"T2D"	"17:4458790:G:A"	0.000432427635183807	0.008	0.0138
"P2BP02"	"AMD-T2D"	"T2D"	"17:4459209:C:A"	0.00042390926936331	-0.0057	0.0082
"P2BP02"	"AMD-T2D"	"T2D"	"17:4460445:G:A"	0.000385272206620768	-0.0035	0.0081
"P2BP02"	"AMD-T2D"	"T2D"	"17:4463699:G:A"	0.000469224221782638	-0.0062	0.0072
"P2BP02"	"AMD-T2D"	"T2D"	"17:4463796:G:A"	0.000457250224376482	-0.0065	0.0075
"P2BP02"	"AMD-T2D"	"T2D"	"17:4465502:C:T"	0.000387464471272248	0.0033	0.008
"P2BP02"	"AMD-T2D"	"T2D"	"17:4472868:G:A"	0.000373379572807808	1e-04	0.0079
"P2BP02"	"AMD-T2D"	"T2D"	"17:4474751:C:T"	0.000499090820849535	0.0058	0.0067
"P2BP02"	"AMD-T2D"	"T2D"	"17:4475244:C:T"	0.000377057863821917	-7e-04	0.008
"P2BP02"	"AMD-T2D"	"T2D"	"17:4487302:G:A"	0.00119411607993714	0.0151	0.0094
"P2BP02"	"AMD-T2D"	"T2D"	"17:4488884:T:C"	0.000570765671104478	-0.009	0.0091
"P2BP02"	"AMD-T2D"	"T2D"	"17:4491956:T:C"	0.00121178406823308	-0.0119	0.0077
"P2BP02"	"AMD-T2D"	"T2D"	"17:4494073:T:C"	0.000398316013990763	0.0029	0.007
"P2BP02"	"AMD-T2D"	"T2D"	"17:4494815:T:C"	0.000634110126206955	0.007	0.0069
"P2BP02"	"AMD-T2D"	"T2D"	"17:4494834:C:T"	0.00137542379426736	-0.0158	0.009
"P2BP02"	"AMD-T2D"	"T2D"	"17:4495682:G:A"	0.000384086378462212	-0.0013	0.0086
"P2BP02"	"AMD-T2D"	"T2D"	"17:4495740:G:A"	0.00038254052485398	0.0019	0.007
"P2BP02"	"AMD-T2D"	"T2D"	"17:4496662:G:A"	0.000392078397688955	0.0031	0.0073
"P2BP02"	"AMD-T2D"	"T2D"	"17:4496896:C:T"	0.00214431042018559	-0.0178	0.0088
"P2BP02"	"AMD-T2D"	"T2D"	"17:4497084:G:T"	0.00040260194494357	0.0035	0.0072
"P2BP02"	"AMD-T2D"	"T2D"	"17:4497160:T:C"	0.000388157391318034	-0.0029	0.0069
"P2BP02"	"AMD-T2D"	"T2D"	"17:4498611:G:A"	0.000388371671776966	0.0025	0.0072
"P2BP02"	"AMD-T2D"	"T2D"	"17:4498641:A:G"	0.00104654680172367	0.0141	0.0093
"P2BP02"	"AMD-T2D"	"T2D"	"17:4499121:A:G"	0.0011389206281931	-0.0145	0.0093
"P2BP02"	"AMD-T2D"	"T2D"	"17:4501553:G:A"	0.000481150711914791	-0.0086	0.0107
"P2BP02"	"AMD-T2D"	"T2D"	"17:4502310:T:G"	0.000845179638115812	0.0102	0.0069
"P2BP02"	"AMD-T2D"	"T2D"	"17:4503195:G:A"	0.00037566014894197	-0.0021	0.0087
"P2BP02"	"AMD-T2D"	"T2D"	"17:4506554:G:T"	0.000524621111535839	0.007	0.0067
"P2BP02"	"AMD-T2D"	"T2D"	"17:4508276:T:G"	0.000419049128828286	-0.0053	0.0088
"P2BP02"	"AMD-T2D"	"T2D"	"17:4512492:G:A"	0.000524320350188012	0.0095	0.0099
"P2BP02"	"AMD-T2D"	"T2D"	"17:4512515:T:C"	0.000858570370619316	-0.0117	0.0085
"P2BP02"	"AMD-T2D"	"T2D"	"17:4514780:T:C"	0.000824133865581334	0.0091	0.0069
"P2BP02"	"AMD-T2D"	"T2D"	"17:4517266:C:T"	0.000497375932469457	-0.0057	0.0068
"P2BP02"	"AMD-T2D"	"T2D"	"17:4519139:T:C"	0.000951256449182702	0.0097	0.0069
"P2BP02"	"AMD-T2D"	"T2D"	"17:4523167:T:C"	0.000388781318469644	-0.0018	0.0065
"P2BP02"	"AMD-T2D"	"T2D"	"17:4528026:G:A"	0.000625586174377468	-0.0084	0.0081
"P2BP02"	"AMD-T2D"	"T2D"	"17:4528838:A:G"	0.000393297857011032	-0.004	0.0084
"P2BP02"	"AMD-T2D"	"T2D"	"17:4531882:T:C"	0.00198398997327964	-0.0171	0.0089
"P2BP02"	"AMD-T2D"	"T2D"	"17:4532697:T:C"	0.00317376481542553	0.015	0.007
"P2BP02"	"AMD-T2D"	"T2D"	"17:4534608:G:A"	0.00395902441002494	-0.0206	0.009
"P2BP02"	"AMD-T2D"	"T2D"	"17:4534834:A:G"	0.000379681315741065	-0.0022	0.0069
"P2BP02"	"AMD-T2D"	"T2D"	"17:4535385:A:G"	0.0009428200383792	0.0102	0.0065
"P2BP02"	"AMD-T2D"	"T2D"	"17:4535413:T:C"	0.000907859665930988	0.01	0.0065
"P2BP02"	"AMD-T2D"	"T2D"	"17:4536241:T:C"	0.00101610118165851	0.0163	0.0104
"P2BP02"	"AMD-T2D"	"T2D"	"17:4539392:C:T"	0.000779403678856983	0.0091	0.0065
"P2BP02"	"AMD-T2D"	"T2D"	"17:4540277:C:T"	0.000712030707963218	0.0085	0.0065
"P2BP02"	"AMD-T2D"	"T2D"	"17:4540647:G:A"	0.00147704237593749	-0.0157	0.009
"P2BP02"	"AMD-T2D"	"T2D"	"17:4544551:T:C"	0.000866037466719094	0.0144	0.0106
"P2BP02"	"AMD-T2D"	"T2D"	"17:4545581:C:T"	0.0008731414830766	0.0095	0.0075
"P2BP02"	"AMD-T2D"	"T2D"	"17:4550189:C:T"	0.00105787412472236	0.0086	0.0065
"P2BP02"	"AMD-T2D"	"T2D"	"17:4564690:A:C"	0.000373093944943337	0.001	0.009
"P2BP02"	"AMD-T2D"	"T2D"	"17:4565717:C:T"	0.000405434040967045	0.0018	0.0092
"P2BP02"	"AMD-T2D"	"T2D"	"17:4567215:A:G"	0.000975466475968134	0.0103	0.0075
"P2BP02"	"AMD-T2D"	"T2D"	"17:4568115:A:C"	0.000977342361236477	0.0103	0.0075
"P2BP03"	"AMD-CKD"	"AMD"	"7:104159886:C:T"	5.25877119628149e-11	-0.0066254	0.0300595
"P2BP03"	"AMD-CKD"	"AMD"	"7:104160202:T:C"	5.71126479442796e-11	-0.0140835	0.03019
"P2BP03"	"AMD-CKD"	"AMD"	"7:104164294:A:G"	5.79871706207769e-11	0.00906042	0.0181668
"P2BP03"	"AMD-CKD"	"AMD"	"7:104169991:T:C"	7.19597714748943e-11	0.0154179	0.0185495
"P2BP03"	"AMD-CKD"	"AMD"	"7:104170560:A:G"	6.57128795822359e-11	0.0130801	0.0184085
"P2BP03"	"AMD-CKD"	"AMD"	"7:104171423:A:G"	5.14380760208155e-11	-0.00107201	0.0186229
"P2BP03"	"AMD-CKD"	"AMD"	"7:104172232:C:T"	7.79447617560436e-11	0.0233418	0.0252514
"P2BP03"	"AMD-CKD"	"AMD"	"7:104174623:C:T"	9.6086361089931e-11	0.0287412	0.0253741
"P2BP03"	"AMD-CKD"	"AMD"	"7:104175687:A:C"	6.53342935308388e-11	0.0129264	0.0184092
"P2BP03"	"AMD-CKD"	"AMD"	"7:104176289:T:C"	9.09979869234689e-11	0.0260651	0.024081
"P2BP03"	"AMD-CKD"	"AMD"	"7:104180635:G:T"	5.32335286962393e-11	0.0050035	0.0184458
"P2BP03"	"AMD-CKD"	"AMD"	"7:104181530:C:T"	5.50132162047134e-11	-0.00710249	0.01892
"P2BP03"	"AMD-CKD"	"AMD"	"7:104181707:T:C"	5.2566617725347e-11	0.0040144	0.0183691
"P2BP03"	"AMD-CKD"	"AMD"	"7:104186336:T:C"	7.10783654156444e-11	0.0155291	0.0190342
"P2BP03"	"AMD-CKD"	"AMD"	"7:104188298:A:G"	5.98116001171434e-11	-0.0105751	0.0189271
"P2BP03"	"AMD-CKD"	"AMD"	"7:104191848:A:G"	5.71978020502684e-11	-0.0101369	0.0215791
"P2BP03"	"AMD-CKD"	"AMD"	"7:104192398:T:C"	5.37107025522232e-11	0.0125591	0.0414397
"P2BP03"	"AMD-CKD"	"AMD"	"7:104206297:G:A"	5.59707835634526e-11	0.0081052	0.0193058
"P2BP03"	"AMD-CKD"	"AMD"	"7:104214131:T:C"	5.37004885003967e-11	-0.00625451	0.020681
"P2BP03"	"AMD-CKD"	"AMD"	"7:104214487:C:A"	5.47676348716664e-11	-0.00773193	0.021301
"P2BP03"	"AMD-CKD"	"AMD"	"7:104215563:G:A"	5.54685186671122e-11	-0.00853807	0.0214936
"P2BP03"	"AMD-CKD"	"AMD"	"7:104215791:C:T"	5.55501200594222e-11	-0.00826379	0.0206074
"P2BP03"	"AMD-CKD"	"AMD"	"7:104215832:C:T"	5.29948307459449e-11	-0.0052715	0.0207768
"P2BP03"	"AMD-CKD"	"AMD"	"7:104217267:A:G"	5.18098897117625e-11	-0.00270563	0.0201301
"P2BP03"	"AMD-CKD"	"AMD"	"7:104218482:A:G"	5.56317214517321e-11	0.0189658	0.0468589
"P2BP03"	"AMD-CKD"	"AMD"	"7:104218575:A:G"	5.38880051692559e-11	0.006493	0.020678
"P2BP03"	"AMD-CKD"	"AMD"	"7:104222779:C:A"	1.96632488069781e-10	-0.0431325	0.0260116
"P2BP03"	"AMD-CKD"	"AMD"	"7:104225738:A:G"	1.0972989183955e-10	0.030909	0.0247873
"P2BP03"	"AMD-CKD"	"AMD"	"7:104227479:G:A"	5.57662804823167e-11	-0.00882704	0.0214869
"P2BP03"	"AMD-CKD"	"AMD"	"7:104236907:G:T"	1.06471498284577e-10	0.0305849	0.0250293
"P2BP03"	"AMD-CKD"	"AMD"	"7:104237169:G:A"	1.78608461354202e-10	-0.0413074	0.0258539
"P2BP03"	"AMD-CKD"	"AMD"	"7:104240200:C:A"	6.45069553328881e-11	-0.0123755	0.0181105
"P2BP03"	"AMD-CKD"	"AMD"	"7:104241937:C:T"	9.33011445880538e-11	0.026375	0.0238518
"P2BP03"	"AMD-CKD"	"AMD"	"7:104245132:A:G"	1.73737468855961e-10	-0.0407376	0.0257849
"P2BP03"	"AMD-CKD"	"AMD"	"7:104246719:C:T"	5.1355142360876e-11	-6.68193e-05	0.0215873
"P2BP03"	"AMD-CKD"	"AMD"	"7:104249960:G:T"	5.26899635033828e-11	-0.0111103	0.0484617
"P2BP03"	"AMD-CKD"	"AMD"	"7:104252401:C:T"	5.16724441013139e-11	-0.00543522	0.0483766
"P2BP03"	"AMD-CKD"	"AMD"	"7:104253921:C:T"	5.13556974723883e-11	-0.000107143	0.0190682
"P2BP03"	"AMD-CKD"	"AMD"	"7:104257737:T:G"	5.43173284128784e-11	0.0064388	0.0189993
"P2BP03"	"AMD-CKD"	"AMD"	"7:104258993:G:A"	5.22748511144755e-11	-0.00930417	0.0487925
"P2BP03"	"AMD-CKD"	"AMD"	"7:104259720:T:C"	6.25730578462935e-11	-0.0115229	0.0181152
"P2BP03"	"AMD-CKD"	"AMD"	"7:104262207:G:A"	5.23663334917046e-11	-0.00969049	0.0484875
"P2BP03"	"AMD-CKD"	"AMD"	"7:104263404:A:G"	5.4309556851706e-11	0.00674515	0.0199287
"P2BP03"	"AMD-CKD"	"AMD"	"7:104264665:C:T"	1.0890621737758e-10	-0.0285581	0.0230165
"P2BP03"	"AMD-CKD"	"AMD"	"7:104265350:C:T"	5.14540632323701e-11	-0.00127552	0.0202949
"P2BP03"	"AMD-CKD"	"AMD"	"7:104267189:A:G"	8.66754445993934e-11	0.0245845	0.0237456
"P2BP03"	"AMD-CKD"	"AMD"	"7:104269618:G:T"	6.21338536177518e-11	0.0132093	0.0211468
"P2BP03"	"AMD-CKD"	"AMD"	"7:104271093:C:T"	5.13772357990661e-11	0.000611521	0.0204925
"P2BP03"	"AMD-CKD"	"AMD"	"7:104272624:T:C"	5.17789144893754e-11	-0.00260065	0.0200403
"P2BP03"	"AMD-CKD"	"AMD"	"7:104272864:C:T"	5.3178239589613e-11	0.00560111	0.0209543
"P2BP03"	"AMD-CKD"	"AMD"	"7:104275367:C:T"	8.94354590386115e-11	-0.0198418	0.0186154
"P2BP03"	"AMD-CKD"	"AMD"	"7:104281393:A:C"	5.21103160622261e-11	0.00482032	0.0278742
"P2BP03"	"AMD-CKD"	"AMD"	"7:104289858:G:A"	5.13857845163557e-11	-0.00064745	0.0184283
"P2BP03"	"AMD-CKD"	"AMD"	"7:104293093:C:A"	8.22788503995753e-11	-0.0269229	0.0274026
"P2BP03"	"AMD-CKD"	"AMD"	"7:104295174:A:C"	1.05843334097244e-10	0.0222693	0.0182986
"P2BP03"	"AMD-CKD"	"AMD"	"7:104295232:A:G"	1.21556098520159e-10	0.0246379	0.0185475
"P2BP03"	"AMD-CKD"	"AMD"	"7:104301597:T:C"	3.92525345560557e-10	0.0412453	0.0202087
"P2BP03"	"AMD-CKD"	"AMD"	"7:104304900:G:A"	1.06939235244852e-10	0.0224331	0.0183033
"P2BP03"	"AMD-CKD"	"AMD"	"7:104305761:G:A"	1.15438325565265e-10	0.0235726	0.0183025
"P2BP03"	"AMD-CKD"	"AMD"	"7:104306182:A:G"	1.1060141691388e-10	0.02294	0.0183015
"P2BP03"	"AMD-CKD"	"AMD"	"7:104307987:A:G"	1.12285847286842e-10	0.0234888	0.0185574
"P2BP03"	"AMD-CKD"	"AMD"	"7:104312213:A:G"	7.65290053550416e-11	0.0216396	0.0239418
"P2BP03"	"AMD-CKD"	"AMD"	"7:104313331:C:T"	5.16433562580687e-11	-0.00222542	0.0207762
"P2BP03"	"AMD-CKD"	"AMD"	"7:104316059:A:G"	5.73360248168342e-11	0.00869959	0.0183154
"P2BP03"	"AMD-CKD"	"AMD"	"7:104316145:G:A"	5.21527265817667e-11	-0.00444986	0.0250442
"P2BP03"	"AMD-CKD"	"AMD"	"7:104318263:C:T"	5.97347726838393e-11	-0.0101219	0.0181928
"P2BP03"	"AMD-CKD"	"AMD"	"7:104319110:T:C"	5.1941784207088e-11	-0.00316739	0.0207635
"P2BP03"	"AMD-CKD"	"AMD"	"7:104319876:T:C"	5.94476690096712e-11	-0.00991026	0.0181033
"P2BP03"	"AMD-CKD"	"AMD"	"7:104320307:A:G"	5.94566618161707e-11	-0.00996045	0.0181855
"P2BP03"	"AMD-CKD"	"AMD"	"7:104321056:G:A"	7.23291426751871e-11	0.0158098	0.0188783
"P2BP03"	"AMD-CKD"	"AMD"	"7:104322288:G:A"	1.07819420058775e-10	-0.0223847	0.0181626
"P2BP03"	"AMD-CKD"	"AMD"	"7:104323380:T:G"	6.33881835909733e-11	-0.0119104	0.0181397
"P2BP03"	"AMD-CKD"	"AMD"	"7:104326251:G:T"	6.02670136018446e-11	-0.0103288	0.0180428
"P2BP03"	"AMD-CKD"	"AMD"	"7:104335186:T:C"	5.97405458435674e-11	-0.0100985	0.018145
"P2BP03"	"AMD-CKD"	"AMD"	"7:104335994:G:A"	6.35607122490001e-11	0.0127634	0.0193145
"P2BP03"	"AMD-CKD"	"AMD"	"7:104338193:A:G"	5.14309705934579e-11	0.00153577	0.0278862
"P2BP03"	"AMD-CKD"	"AMD"	"7:104338619:G:A"	6.21453999372079e-11	0.0118001	0.0188816
"P2BP03"	"AMD-CKD"	"AMD"	"7:104339549:A:G"	6.06181771445336e-11	0.0110003	0.0188762
"P2BP03"	"AMD-CKD"	"AMD"	"7:104342737:C:T"	6.02953242889726e-11	-0.0108265	0.0188845
"P2BP03"	"AMD-CKD"	"AMD"	"7:104343014:T:G"	6.07014438713804e-11	0.0110471	0.0188785
"P2BP03"	"AMD-CKD"	"AMD"	"7:104346662:C:A"	5.93474158705476e-11	-0.009837	0.018074
"P2BP03"	"AMD-CKD"	"AMD"	"7:104346954:A:G"	5.81188430714974e-11	0.00910324	0.0180845
"P2BP03"	"AMD-CKD"	"AMD"	"7:104351961:C:T"	2.25360730077284e-10	-0.0329516	0.0189335
"P2BP03"	"AMD-CKD"	"AMD"	"7:104355706:T:C"	5.6557758476572e-11	0.00842192	0.0189449
"P2BP03"	"AMD-CKD"	"AMD"	"7:104356293:C:T"	6.32359720142972e-11	0.0123332	0.0188918
"P2BP03"	"AMD-CKD"	"AMD"	"7:104359226:A:G"	1.77494241526688e-10	0.0368223	0.0231048
"P2BP03"	"AMD-CKD"	"AMD"	"7:104362704:G:A"	7.67131913548269e-11	-0.0224498	0.0247637
"P2BP03"	"AMD-CKD"	"AMD"	"7:104368068:C:A"	5.40925082503918e-11	0.00637722	0.0195546
"P2BP03"	"AMD-CKD"	"AMD"	"7:104376929:C:A"	5.1436743753186e-11	0.00104345	0.0182662
"P2BP03"	"AMD-CKD"	"AMD"	"7:104377453:A:C"	5.2551740736817e-11	-0.00396976	0.0182759
"P2BP03"	"AMD-CKD"	"AMD"	"7:104379606:T:C"	6.74026390257154e-11	-0.0158092	0.0211852
"P2BP03"	"AMD-CKD"	"AMD"	"7:104380200:C:A"	5.39301936441916e-11	0.00615949	0.0194583
"P2BP03"	"AMD-CKD"	"AMD"	"7:104381939:A:G"	5.35570476856151e-11	0.00574388	0.0195883
"P2BP03"	"AMD-CKD"	"AMD"	"7:104382873:T:C"	6.21493967400966e-11	-0.0139001	0.0222381
"P2BP03"	"AMD-CKD"	"AMD"	"7:104387995:T:C"	5.39132072319148e-11	0.00615913	0.0195199
"P2BP03"	"AMD-CKD"	"AMD"	"7:104395340:T:G"	7.78198616657733e-11	-0.0195335	0.0211723
"P2BP03"	"AMD-CKD"	"AMD"	"7:104395661:G:A"	3.97120891726388e-10	0.0475136	0.0232136
"P2BP03"	"AMD-CKD"	"AMD"	"7:104396760:T:C"	5.57908164111609e-11	0.00808763	0.0196348
"P2BP03"	"AMD-CKD"	"AMD"	"7:104398848:G:A"	6.66983135388932e-11	-0.015552	0.0212551
"P2BP03"	"AMD-CKD"	"AMD"	"7:104399617:T:C"	3.27783022946448e-10	-0.0547297	0.0280893
"P2BP03"	"AMD-CKD"	"AMD"	"7:104400008:G:A"	3.77682773944343e-10	0.0470746	0.0232866
"P2BP03"	"AMD-CKD"	"AMD"	"7:104402709:G:A"	7.26259052896694e-11	-0.0176491	0.0209497
"P2BP03"	"AMD-CKD"	"AMD"	"7:104405789:T:C"	5.76622083414691e-11	0.00948838	0.0194808
"P2BP03"	"AMD-CKD"	"AMD"	"7:104406265:T:G"	5.54042367539864e-11	0.00768567	0.0194949
"P2BP03"	"AMD-CKD"	"AMD"	"7:104411273:T:G"	9.44582190243182e-11	0.0263164	0.0235569
"P2BP03"	"AMD-CKD"	"AMD"	"7:104411736:A:G"	5.28995736104321e-11	0.00835231	0.033904
"P2BP03"	"AMD-CKD"	"AMD"	"7:104411976:T:C"	5.66945379532058e-11	0.0100179	0.0222582
"P2BP03"	"AMD-CKD"	"AMD"	"7:104413055:T:C"	5.65850699629777e-11	0.00996914	0.0223693
"P2BP03"	"AMD-CKD"	"AMD"	"7:104413849:G:A"	5.15310016879766e-11	0.00156238	0.0186577
"P2BP03"	"AMD-CKD"	"AMD"	"7:104414321:C:T"	1.73974501471719e-10	0.0388187	0.0245566
"P2BP03"	"AMD-CKD"	"AMD"	"7:104414675:C:T"	6.02520255910122e-11	0.0127808	0.0223435
"P2BP03"	"AMD-CKD"	"AMD"	"7:104414719:T:C"	1.37793776389117e-10	-0.0312377	0.0219714
"P2BP03"	"AMD-CKD"	"AMD"	"7:104415415:C:T"	1.52917154494503e-08	0.0703953	0.0206072
"P2BP03"	"AMD-CKD"	"AMD"	"7:104416070:C:T"	2.40847342070083e-10	-0.0465519	0.0261665
"P2BP03"	"AMD-CKD"	"AMD"	"7:104416184:A:G"	1.20401133507642e-10	-0.0292007	0.0221052
"P2BP03"	"AMD-CKD"	"AMD"	"7:104416645:A:G"	3.49085316209141e-10	0.0360205	0.0181808
"P2BP03"	"AMD-CKD"	"AMD"	"7:104417567:T:C"	2.06838435268253e-10	-0.0332328	0.0196741
"P2BP03"	"AMD-CKD"	"AMD"	"7:104418428:T:C"	2.04668504366623e-10	-0.0332254	0.0197446
"P2BP03"	"AMD-CKD"	"AMD"	"7:104420060:T:C"	1.35445085147623e-08	0.0643744	0.0190487
"P2BP03"	"AMD-CKD"	"AMD"	"7:104420222:T:C"	1.40141565019292e-10	0.0302886	0.0211238
"P2BP03"	"AMD-CKD"	"AMD"	"7:104420285:C:T"	2.42068587397171e-10	0.0464778	0.0260822
"P2BP03"	"AMD-CKD"	"AMD"	"7:104423723:G:T"	1.43112188766281e-10	-0.0379401	0.0261879
"P2BP03"	"AMD-CKD"	"AMD"	"7:104425811:G:A"	5.18390885773101e-11	0.0025648	0.0185016
"P2BP03"	"AMD-CKD"	"AMD"	"7:104430056:A:G"	4.6043013846031e-10	0.0383204	0.0180797
"P2BP03"	"AMD-CKD"	"AMD"	"7:104430466:T:C"	2.52497356356685e-10	-0.0470372	0.0260442
"P2BP03"	"AMD-CKD"	"AMD"	"7:104430961:T:C"	3.61239371748923e-10	-0.0390072	0.0195148
"P2BP03"	"AMD-CKD"	"AMD"	"7:104431188:C:T"	8.90771234551835e-10	0.0474459	0.0196261
"P2BP03"	"AMD-CKD"	"AMD"	"7:104435213:G:A"	9.5022448798332e-09	0.0596742	0.0182477
"P2BP03"	"AMD-CKD"	"AMD"	"7:104435897:G:A"	1.16696652341375e-10	-0.034064	0.0262731
"P2BP03"	"AMD-CKD"	"AMD"	"7:104437866:A:G"	7.19240111912711e-10	0.0457991	0.0196977
"P2BP03"	"AMD-CKD"	"AMD"	"7:104440625:G:A"	5.35228639186869e-10	0.0427395	0.0195063
"P2BP03"	"AMD-CKD"	"AMD"	"7:104441909:T:C"	5.9610055780368e-09	0.0566221	0.0181439
"P2BP03"	"AMD-CKD"	"AMD"	"7:104445169:C:T"	5.80195780308657e-10	0.0439783	0.0197349
"P2BP03"	"AMD-CKD"	"AMD"	"7:104448511:C:T"	5.55433699034325e-10	0.0433521	0.0196313
"P2BP03"	"AMD-CKD"	"AMD"	"7:104453887:C:T"	5.13550313385736e-11	6.01273e-05	0.0257661
"P2BP03"	"AMD-CKD"	"AMD"	"7:104456677:C:T"	2.6304702860358e-10	-0.0344108	0.0188128
"P2BP03"	"AMD-CKD"	"AMD"	"7:104456874:A:G"	5.47335510248104e-11	0.00689129	0.0190774
"P2BP03"	"AMD-CKD"	"AMD"	"7:104457800:T:G"	2.4589175140477e-10	-0.0336931	0.0188129
"P2BP03"	"AMD-CKD"	"AMD"	"7:104460747:A:G"	8.4810491962628e-11	-0.0257007	0.0253562
"P2BP03"	"AMD-CKD"	"AMD"	"7:104461230:G:A"	7.84950660026595e-10	0.0499443	0.0211333
"P2BP03"	"AMD-CKD"	"AMD"	"7:104466964:G:A"	2.54908050223435e-09	-0.0650073	0.022986
"P2BP03"	"AMD-CKD"	"AMD"	"7:104467609:C:T"	3.50659146164389e-09	-0.0653207	0.0222075
"P2BP03"	"AMD-CKD"	"AMD"	"7:104472647:G:A"	6.3509086878355e-11	-0.0149505	0.0226674
"P2BP03"	"AMD-CKD"	"AMD"	"7:104482321:T:C"	6.38794572793699e-11	-0.0150497	0.0225118
"P2BP03"	"AMD-CKD"	"AMD"	"7:104482383:G:A"	6.50974829596862e-11	-0.0157915	0.0226611
"P2BP03"	"AMD-CKD"	"AMD"	"7:104483389:A:G"	5.49615908340684e-11	0.00817107	0.0219166
"P2BP03"	"AMD-CKD"	"AMD"	"7:104486707:G:A"	4.03342570454157e-09	-0.0659105	0.0220456
"P2BP03"	"AMD-CKD"	"AMD"	"7:104491613:T:C"	6.31396046557597e-11	-0.0147313	0.0226483
"P2BP03"	"AMD-CKD"	"AMD"	"7:104497678:C:T"	2.5983108997707e-09	0.0519372	0.0183197
"P2BP03"	"AMD-CKD"	"AMD"	"7:104500549:A:G"	1.12796083584499e-09	0.0507775	0.0201856
"P2BP03"	"AMD-CKD"	"AMD"	"7:104504393:T:C"	5.18344256406067e-11	-0.00305511	0.0221437
"P2BP03"	"AMD-CKD"	"AMD"	"7:104510915:T:C"	5.61659607711817e-11	-0.00984002	0.0229779
"P2BP03"	"AMD-CKD"	"AMD"	"7:104520232:C:T"	2.57568222306048e-09	-0.0516125	0.0182255
"P2BP03"	"AMD-CKD"	"AMD"	"7:104524466:T:C"	4.53154846979942e-10	-0.0395598	0.0187326
"P2BP03"	"AMD-CKD"	"AMD"	"7:104524663:G:A"	2.99565594552576e-10	0.0667323	0.0351128
"P2BP03"	"AMD-CKD"	"AMD"	"7:104536482:T:C"	2.38427411147768e-09	-0.0507843	0.0181126
"P2BP03"	"AMD-CKD"	"AMD"	"7:104536783:C:T"	1.64986534434419e-08	-0.062514	0.0181792
"P2BP03"	"AMD-CKD"	"AMD"	"7:104552636:C:T"	4.15307122025865e-10	0.0517743	0.0250228
"P2BP03"	"AMD-CKD"	"AMD"	"7:104556432:G:A"	9.9166563849451e-10	0.057313	0.023274
"P2BP03"	"AMD-CKD"	"AMD"	"7:104558939:C:T"	6.35864028097899e-10	0.0784036	0.0345364
"P2BP03"	"AMD-CKD"	"AMD"	"7:104560140:T:C"	1.22819532322183e-10	-0.0247682	0.0185347
"P2BP03"	"AMD-CKD"	"AMD"	"7:104568249:C:A"	4.93244334265341e-10	-0.0400389	0.0186008
"P2BP03"	"AMD-CKD"	"AMD"	"7:104568299:T:C"	2.84211193468664e-08	-0.0673676	0.0187279
"P2BP03"	"AMD-CKD"	"AMD"	"7:104570744:C:A"	4.06062294899812e-10	0.0705485	0.0342816
"P2BP03"	"AMD-CKD"	"AMD"	"7:104579931:A:G"	4.26257629193572e-08	-0.0697863	0.018806
"P2BP03"	"AMD-CKD"	"AMD"	"7:104583843:G:A"	1.82067268850172e-06	0.0860219	0.018566
"P2BP03"	"AMD-CKD"	"AMD"	"7:104590780:C:T"	1.903506388512e-06	0.0855526	0.0184256
"P2BP03"	"AMD-CKD"	"AMD"	"7:104592567:T:C"	2.06174987937846e-06	0.0852258	0.0182859
"P2BP03"	"AMD-CKD"	"AMD"	"7:104592969:T:G"	1.47330481148344e-10	0.0350414	0.0238514
"P2BP03"	"AMD-CKD"	"AMD"	"7:104596755:C:T"	1.31450628160223e-10	0.0330178	0.0237986
"P2BP03"	"AMD-CKD"	"AMD"	"7:104600539:A:G"	5.72060177006506e-11	0.0179787	0.038247
"P2BP03"	"AMD-CKD"	"AMD"	"7:104605530:C:A"	0.0024194146488048	0.115597	0.019207
"P2BP03"	"AMD-CKD"	"AMD"	"7:104614664:A:G"	5.54254864226778e-10	-0.0613503	0.0277939
"P2BP03"	"AMD-CKD"	"AMD"	"7:104618318:C:T"	0.0761575760097085	0.120403	0.0182969
"P2BP03"	"AMD-CKD"	"AMD"	"7:104619563:A:G"	5.61594104553365e-11	0.0118139	0.0276053
"P2BP03"	"AMD-CKD"	"AMD"	"7:104623892:C:A"	5.22858423224193e-11	0.00530753	0.0276708
"P2BP03"	"AMD-CKD"	"AMD"	"7:104625069:A:G"	5.21939158559803e-11	0.00504189	0.0276754
"P2BP03"	"AMD-CKD"	"AMD"	"7:104626690:G:A"	0.106982946656033	0.121303	0.0182869
"P2BP03"	"AMD-CKD"	"AMD"	"7:104632980:A:G"	0.105183950023625	0.121253	0.0182866
"P2BP03"	"AMD-CKD"	"AMD"	"7:104635597:A:C"	5.31242827506162e-11	0.00719701	0.0273256
"P2BP03"	"AMD-CKD"	"AMD"	"7:104636900:C:T"	5.28239674224551e-11	0.00661671	0.0275312
"P2BP03"	"AMD-CKD"	"AMD"	"7:104636940:T:C"	0.0525523220526805	0.119246	0.0182826
"P2BP03"	"AMD-CKD"	"AMD"	"7:104643470:C:T"	0.0524365053388815	0.119269	0.0182871
"P2BP03"	"AMD-CKD"	"AMD"	"7:104646899:C:T"	0.0506078692649413	0.119056	0.0182701
"P2BP03"	"AMD-CKD"	"AMD"	"7:104652671:G:A"	0.0529877456706799	-0.119258	0.0182808
"P2BP03"	"AMD-CKD"	"AMD"	"7:104653265:A:G"	0.0945463800068502	-0.124822	0.0188719
"P2BP03"	"AMD-CKD"	"AMD"	"7:104660672:G:A"	5.62236923684623e-11	0.0118725	0.0275664
"P2BP03"	"AMD-CKD"	"AMD"	"7:104667334:G:A"	1.09683443438868e-08	0.0816923	0.0246441
"P2BP03"	"AMD-CKD"	"AMD"	"7:104676522:G:A"	5.47106804305031e-11	0.00995633	0.0276533
"P2BP03"	"AMD-CKD"	"AMD"	"7:104677371:A:G"	5.4197202281614e-11	0.00917733	0.0276309
"P2BP03"	"AMD-CKD"	"AMD"	"7:104682248:T:C"	5.26289012370285e-11	0.00617045	0.0275446
"P2BP03"	"AMD-CKD"	"AMD"	"7:104683056:A:G"	5.14325249056924e-11	0.00153909	0.0276633
"P2BP03"	"AMD-CKD"	"AMD"	"7:104685172:C:T"	5.16802156624863e-11	0.00314549	0.0276581
"P2BP03"	"AMD-CKD"	"AMD"	"7:104696188:T:C"	5.42819122983929e-11	0.00928303	0.0275526
"P2BP03"	"AMD-CKD"	"AMD"	"7:104700223:A:G"	5.1636694919921e-11	0.00292832	0.0276632
"P2BP03"	"AMD-CKD"	"AMD"	"7:104704837:G:A"	5.86924953083212e-11	0.0144148	0.0275633
"P2BP03"	"AMD-CKD"	"AMD"	"7:104709946:G:A"	5.19492227013529e-11	0.00424925	0.0276817
"P2BP03"	"AMD-CKD"	"AMD"	"7:104710135:G:A"	5.33832977822613e-11	0.00776489	0.0275688
"P2BP03"	"AMD-CKD"	"AMD"	"7:104715490:T:G"	0.039459370210967	0.123564	0.019077
"P2BP03"	"AMD-CKD"	"AMD"	"7:104715498:A:G"	5.48457945726e-11	0.0101012	0.0275246
"P2BP03"	"AMD-CKD"	"AMD"	"7:104717188:G:A"	5.33013633230439e-11	0.00756573	0.0274103
"P2BP03"	"AMD-CKD"	"AMD"	"7:104717517:C:T"	5.37161426450439e-11	0.00829889	0.0273518
"P2BP03"	"AMD-CKD"	"AMD"	"7:104723881:A:C"	5.65667512830714e-11	0.0122548	0.0275442
"P2BP03"	"AMD-CKD"	"AMD"	"7:104725105:G:A"	0.0250830464017054	0.117295	0.0183133
"P2BP03"	"AMD-CKD"	"AMD"	"7:104728607:C:T"	5.42091926902799e-11	0.00917807	0.0275764
"P2BP03"	"AMD-CKD"	"AMD"	"7:104737187:C:T"	5.25945953455675e-11	0.00609832	0.0275926
"P2BP03"	"AMD-CKD"	"AMD"	"7:104745295:T:C"	1.20258070168688e-09	0.0516668	0.0203294
"P2BP03"	"AMD-CKD"	"AMD"	"7:104748516:G:A"	5.46477307850068e-11	-0.00973595	0.0272906
"P2BP03"	"AMD-CKD"	"AMD"	"7:104750240:A:C"	5.31948929349824e-11	-0.010898	0.0405886
"P2BP03"	"AMD-CKD"	"AMD"	"7:104751419:C:T"	5.40865130460588e-11	0.00903342	0.0277286
"P2BP03"	"AMD-CKD"	"AMD"	"7:104755514:C:A"	2.11617101619765e-08	0.0876711	0.0249622
"P2BP03"	"AMD-CKD"	"AMD"	"7:104755816:G:T"	6.08663119905373e-11	0.0159058	0.0269638
"P2BP03"	"AMD-CKD"	"AMD"	"7:104756344:C:T"	8.57432591594431e-09	0.0655016	0.0202298
"P2BP03"	"AMD-CKD"	"AMD"	"7:104767295:A:G"	5.31299448880418e-11	-0.00729952	0.0276708
"P2BP03"	"AMD-CKD"	"AMD"	"7:104769415:T:C"	0.0670997504464512	0.125222	0.0190866
"P2BP03"	"AMD-CKD"	"AMD"	"7:104770386:G:A"	0.0887189034551037	0.125994	0.0190776
"P2BP03"	"AMD-CKD"	"AMD"	"7:104771857:T:C"	0.118339642676863	0.126797	0.0190703
"P2BP03"	"AMD-CKD"	"AMD"	"7:104772836:T:C"	5.39623901119057e-11	-0.00882148	0.0276995
"P2BP03"	"AMD-CKD"	"AMD"	"7:104775968:C:T"	1.52442562573185e-07	0.0942929	0.0232964
"P2BP03"	"AMD-CKD"	"AMD"	"7:104781644:G:A"	3.40666450604488e-09	0.0886086	0.0302285
"P2BP03"	"AMD-CKD"	"AMD"	"7:104783306:T:G"	6.32844887604733e-11	-0.0175022	0.0267603
"P2BP03"	"AMD-CKD"	"AMD"	"7:104785779:T:G"	5.31482635679481e-11	-0.00729908	0.0275301
"P2BP03"	"AMD-CKD"	"AMD"	"7:104786147:G:A"	5.14387421546303e-11	0.0015982	0.0276533
"P2BP03"	"AMD-CKD"	"AMD"	"7:104787325:G:A"	5.21632737005007e-11	-0.00491669	0.0274907
"P2BP03"	"AMD-CKD"	"AMD"	"7:104791075:A:G"	0.00129473463185648	-0.108807	0.0184078
"P2BP03"	"AMD-CKD"	"AMD"	"7:104793841:G:T"	5.48410206135941e-11	-0.0103018	0.0280899
"P2BP03"	"AMD-CKD"	"AMD"	"7:104797450:A:C"	0.00578648959506944	0.118495	0.0192194
"P2BP03"	"AMD-CKD"	"AMD"	"7:104802962:A:G"	5.27968779806542e-11	-0.00654902	0.0275014
"P2BP03"	"AMD-CKD"	"AMD"	"7:104805504:C:T"	5.54623014181743e-11	-0.0111567	0.0281059
"P2BP03"	"AMD-CKD"	"AMD"	"7:104807207:A:C"	0.00280896156308952	0.116126	0.0192138
"P2BP03"	"AMD-CKD"	"AMD"	"7:104807248:C:T"	5.14237541437979e-11	0.00144878	0.0276611
"P2BP03"	"AMD-CKD"	"AMD"	"7:104812129:G:A"	0.00224051670518177	0.11541	0.0192178
"P2BP03"	"AMD-CKD"	"AMD"	"7:104819479:T:C"	0.00304817916123668	0.116336	0.0192045
"P2BP03"	"AMD-CKD"	"AMD"	"7:104825819:A:C"	0.000468909331731937	0.109477	0.0190996
"P2BP03"	"AMD-CKD"	"AMD"	"7:104828098:C:T"	0.00147491267526789	0.113271	0.0190901
"P2BP03"	"AMD-CKD"	"AMD"	"7:104830695:T:C"	0.000998243191722592	-0.107988	0.0184104
"P2BP03"	"AMD-CKD"	"AMD"	"7:104834182:G:A"	5.99928995370647e-11	-0.0156641	0.027761
"P2BP03"	"AMD-CKD"	"AMD"	"7:104834293:A:G"	0.00250090925610569	-0.11105	0.0184342
"P2BP03"	"AMD-CKD"	"AMD"	"7:104835062:A:G"	5.28804777744085e-11	-0.00668851	0.0273175
"P2BP03"	"AMD-CKD"	"AMD"	"7:104837009:G:A"	0.00160797067001084	-0.109521	0.0184118
"P2BP03"	"AMD-CKD"	"AMD"	"7:104837801:C:A"	0.00267061076094455	0.116217	0.0192562
"P2BP03"	"AMD-CKD"	"AMD"	"7:104838050:G:A"	0.00176498116354606	-0.109804	0.0184097
"P2BP03"	"AMD-CKD"	"AMD"	"7:104838765:A:G"	5.76704239918513e-11	-0.0137244	0.0281606
"P2BP03"	"AMD-CKD"	"AMD"	"7:104840476:T:C"	5.45309353228163e-11	-0.00956831	0.0272947
"P2BP03"	"AMD-CKD"	"AMD"	"7:104842643:G:A"	0.00104411625697598	-0.108105	0.0184057
"P2BP03"	"AMD-CKD"	"AMD"	"7:104842960:T:C"	0.00123694489420989	-0.108648	0.0184056
"P2BP03"	"AMD-CKD"	"AMD"	"7:104845094:T:C"	0.001332082891499	0.11385	0.0192449
"P2BP03"	"AMD-CKD"	"AMD"	"7:104852654:G:A"	0.00543459805992497	0.118608	0.0192704
"P2BP03"	"AMD-CKD"	"AMD"	"7:104855871:C:A"	0.00600486030669423	-0.119151	0.0193065
"P2BP03"	"AMD-CKD"	"AMD"	"7:104859029:T:C"	5.39723821191274e-11	0.00858179	0.0268966
"P2BP03"	"AMD-CKD"	"AMD"	"7:104859435:T:C"	0.000837816256022972	-0.107976	0.0185053
"P2BP03"	"AMD-CKD"	"AMD"	"7:104870448:T:C"	0.000505094200810907	-0.105935	0.0184389
"P2BP03"	"AMD-CKD"	"AMD"	"7:104870573:T:C"	5.16159337493605e-11	0.00272142	0.026708
"P2BP03"	"AMD-CKD"	"AMD"	"7:104870972:G:T"	5.14646103511041e-11	0.00178698	0.027022
"P2BP03"	"AMD-CKD"	"AMD"	"7:104871541:C:T"	4.87287820094551e-08	0.0939552	0.0250706
"P2BP03"	"AMD-CKD"	"AMD"	"7:104876121:A:G"	5.16926501603621e-11	0.00313177	0.0270273
"P2BP03"	"AMD-CKD"	"AMD"	"7:104877916:T:C"	0.00160208489585711	-0.11529	0.0193837
"P2BP03"	"AMD-CKD"	"AMD"	"7:104878549:G:A"	5.13696862824986e-11	0.000657076	0.0270513
"P2BP03"	"AMD-CKD"	"AMD"	"7:104880215:C:T"	5.18000087268433e-11	0.00358991	0.0270045
"P2BP03"	"AMD-CKD"	"AMD"	"7:104881283:G:A"	5.17290654755698e-11	0.00329269	0.0270046
"P2BP03"	"AMD-CKD"	"AMD"	"7:104881530:A:G"	0.00127739591292486	-0.114497	0.0193781
"P2BP03"	"AMD-CKD"	"AMD"	"7:104883305:C:A"	5.17015319445591e-11	0.00317388	0.0270398
"P2BP03"	"AMD-CKD"	"AMD"	"7:104890960:T:C"	5.15795184341528e-11	0.00255255	0.0269977
"P2BP03"	"AMD-CKD"	"AMD"	"7:104892139:T:C"	6.75416389483985e-10	-0.0825625	0.0359399
"P2BP03"	"AMD-CKD"	"AMD"	"7:104893565:C:T"	2.30220626895594e-07	-0.10193	0.0245578
"P2BP03"	"AMD-CKD"	"AMD"	"7:104896470:C:A"	0.000458942732683765	-0.104014	0.0181587
"P2BP03"	"AMD-CKD"	"AMD"	"7:104897225:G:A"	0.000473373211167805	-0.105704	0.0184359
"P2BP03"	"AMD-CKD"	"AMD"	"7:104897964:G:A"	0.000671563688616983	-0.106822	0.0184308
"P2BP03"	"AMD-CKD"	"AMD"	"7:104903903:G:T"	5.66080515795875e-11	0.0123706	0.0277
"P2BP03"	"AMD-CKD"	"AMD"	"7:104904235:A:C"	0.000858640926066356	-0.107688	0.0184423
"P2BP03"	"AMD-CKD"	"AMD"	"7:104904868:C:T"	0.000612269255379716	-0.106561	0.0184379
"P2BP03"	"AMD-CKD"	"AMD"	"7:104905057:T:C"	9.39912989661451e-08	0.0937958	0.0239082
"P2BP03"	"AMD-CKD"	"AMD"	"7:104907017:C:T"	0.000705297395196314	-0.112647	0.0194068
"P2BP03"	"AMD-CKD"	"AMD"	"7:104907507:C:T"	0.000694182880251915	-0.112607	0.0194093
"P2BP03"	"AMD-CKD"	"AMD"	"7:104911576:T:C"	0.000722963194443094	-0.107268	0.0184662
"P2BP03"	"AMD-CKD"	"AMD"	"7:104913239:T:C"	1.27827870510799e-09	0.0906151	0.0353142
"P2BP03"	"AMD-CKD"	"AMD"	"7:104916166:T:C"	0.000926856788819541	-0.108097	0.0184699
"P2BP03"	"AMD-CKD"	"AMD"	"7:104918169:A:G"	0.000914644360694994	-0.10804	0.0184675
"P2BP03"	"AMD-CKD"	"AMD"	"7:104918313:G:A"	0.000908009398918441	-0.108017	0.0184676
"P2BP03"	"AMD-CKD"	"AMD"	"7:104922022:C:A"	0.000696326644717971	-0.107189	0.0184737
"P2BP03"	"AMD-CKD"	"AMD"	"7:104923811:T:C"	0.000949726867764289	-0.108262	0.0184846
"P2BP03"	"AMD-CKD"	"AMD"	"7:104923929:C:T"	0.000906897170271259	-0.113522	0.0194095
"P2BP03"	"AMD-CKD"	"AMD"	"7:104926183:A:G"	0.00102580373961603	-0.108523	0.0184866
"P2BP03"	"AMD-CKD"	"AMD"	"7:104926575:T:C"	5.91503512836766e-11	0.0149857	0.0278561
"P2BP03"	"AMD-CKD"	"AMD"	"7:104929267:T:C"	0.000322127141337836	-0.109309	0.0192979
"P2BP03"	"AMD-CKD"	"AMD"	"7:104930250:T:C"	0.000289466607445221	-0.107305	0.0190092
"P2BP03"	"AMD-CKD"	"AMD"	"7:104931545:A:C"	0.000429811977298411	-0.105672	0.0184861
"P2BP03"	"AMD-CKD"	"AMD"	"7:104934662:A:G"	0.00079252089995574	-0.107721	0.0184926
"P2BP03"	"AMD-CKD"	"AMD"	"7:104936469:C:T"	0.00086144693247503	-0.108011	0.0184958
"P2BP03"	"AMD-CKD"	"AMD"	"7:104938874:A:C"	5.31933386227479e-11	0.00732112	0.0272789
"P2BP03"	"AMD-CKD"	"AMD"	"7:104943302:C:T"	0.000541022318724549	-0.106499	0.0184976
"P2BP03"	"AMD-CKD"	"AMD"	"7:104947195:T:C"	0.000120484645342533	-0.10142	0.0184962
"P2BP03"	"AMD-CKD"	"AMD"	"7:104947553:A:G"	5.21948040344e-11	0.00496659	0.0272476
"P2BP03"	"AMD-CKD"	"AMD"	"7:104948076:A:G"	7.12331537240374e-05	-0.104711	0.0194483
"P2BP03"	"AMD-CKD"	"AMD"	"7:104951185:A:C"	1.56258328498637e-08	-0.0879344	0.0256928
"P2BP03"	"AMD-CKD"	"AMD"	"7:104952483:T:C"	0.000168089328048127	-0.108462	0.0195595
"P2BP03"	"AMD-CKD"	"AMD"	"7:104956323:T:C"	6.22334406230607e-11	0.0175627	0.0279987
"P2BP03"	"AMD-CKD"	"AMD"	"7:104957761:G:A"	0.000528505391055645	-0.112373	0.019532
"P2BP03"	"AMD-CKD"	"AMD"	"7:104958129:T:G"	0.000413270874879079	-0.111521	0.0195334
"P2BP03"	"AMD-CKD"	"AMD"	"7:104958850:T:C"	5.27616839107736e-11	0.00641663	0.0272759
"P2BP03"	"AMD-CKD"	"AMD"	"7:104961873:T:C"	0.000244526250280597	-0.103818	0.0184922
"P2BP03"	"AMD-CKD"	"AMD"	"7:104970195:C:T"	7.100242616076e-11	0.0230998	0.0283604
"P2BP03"	"AMD-CKD"	"AMD"	"7:104971987:G:T"	0.000337744531070494	-0.111617	0.0196756
"P2BP03"	"AMD-CKD"	"AMD"	"7:104972174:T:C"	0.000429664794014961	-0.11236	0.0196563
"P2BP03"	"AMD-CKD"	"AMD"	"7:104972800:T:C"	6.35189678632742e-11	0.0186196	0.0282201
"P2BP03"	"AMD-CKD"	"AMD"	"7:104976859:A:G"	6.39664987645006e-11	0.0189191	0.0282119
"P2BP03"	"AMD-CKD"	"AMD"	"7:104984019:T:C"	0.000225878367798305	-0.110193	0.0196786
"P2BP03"	"AMD-CKD"	"AMD"	"7:104990954:T:C"	0.000258736758601441	-0.104948	0.0186592
"P2BP03"	"AMD-CKD"	"AMD"	"7:104995627:T:C"	0.00032026524369555	0.111114	0.0196202
"P2BP03"	"AMD-CKD"	"AMD"	"7:104999318:C:T"	5.53637136135876e-11	0.0109258	0.0278482
"P2BP03"	"AMD-CKD"	"AMD"	"7:105009612:G:A"	0.000326267512766543	-0.105982	0.0187029
"P2BP03"	"AMD-CKD"	"AMD"	"7:105012794:A:G"	7.0836558840881e-11	0.0231732	0.0285538
"P2BP03"	"AMD-CKD"	"AMD"	"7:105012975:A:C"	5.35379518495915e-11	0.00809508	0.0277246
"P2BP03"	"AMD-CKD"	"AMD"	"7:105013788:G:A"	0.000564846506689198	-0.107828	0.0187035
"P2BP03"	"AMD-CKD"	"AMD"	"7:105024217:T:C"	0.000717303100500111	0.114759	0.0197605
"P2BP03"	"AMD-CKD"	"AMD"	"7:105027509:T:C"	0.000863737146801769	0.115397	0.019759
"P2BP03"	"AMD-CKD"	"AMD"	"7:105027646:G:A"	0.000695511808866844	-0.114248	0.019691
"P2BP03"	"AMD-CKD"	"AMD"	"7:105034044:G:A"	6.721889711514e-11	0.0210003	0.0282839
"P2BP03"	"AMD-CKD"	"AMD"	"7:105035037:A:C"	6.34399199839208e-11	0.0184336	0.0280203
"P2BP03"	"AMD-CKD"	"AMD"	"7:105036690:G:T"	8.4521722953923e-11	0.0294427	0.0291473
"P2BP03"	"AMD-CKD"	"AMD"	"7:105059606:A:C"	0.000428305749832103	-0.110717	0.0193708
"P2BP03"	"AMD-CKD"	"AMD"	"7:105064593:C:T"	1.27434007790583e-09	0.0645031	0.02515
"P2BP03"	"AMD-CKD"	"AMD"	"7:105067229:G:A"	6.25642878393506e-07	-0.0848077	0.0193158
"P2BP03"	"AMD-CKD"	"AMD"	"7:105067767:T:C"	4.58825643478988e-07	-0.0833987	0.0193161
"P2BP03"	"AMD-CKD"	"AMD"	"7:105076139:T:C"	2.75745598576904e-08	-0.0727486	0.0202724
"P2BP03"	"AMD-CKD"	"AMD"	"7:105086631:A:G"	2.3288162509516e-09	-0.0649224	0.0232264
"P2BP03"	"AMD-CKD"	"AMD"	"7:105088677:G:A"	2.66109111413115e-08	-0.0764192	0.0213558
"P2BP03"	"AMD-CKD"	"AMD"	"7:105088693:A:C"	2.57069554532308e-09	-0.0646611	0.0228389
"P2BP03"	"AMD-CKD"	"AMD"	"7:105091519:G:A"	6.03806338261848e-10	-0.0515845	0.02296
"P2BP03"	"AMD-CKD"	"AMD"	"7:105093758:C:T"	1.54495771731433e-09	0.101678	0.0385067
"P2BP03"	"AMD-CKD"	"AMD"	"7:105096661:T:C"	3.60238949781433e-10	0.0858268	0.0429686
"P2BP03"	"AMD-CKD"	"AMD"	"7:105110990:C:T"	5.95723248508762e-10	0.0603936	0.0269547
"P2BP03"	"AMD-CKD"	"AMD"	"7:105111661:C:T"	6.08111117017529e-10	0.0616668	0.0274081
"P2BP03"	"AMD-CKD"	"AMD"	"7:105112489:C:A"	4.92941465424224e-10	0.0587285	0.0272871
"P2BP03"	"AMD-CKD"	"AMD"	"7:105119308:C:T"	6.78914702234579e-11	-0.0185346	0.0245138
"P2BP03"	"AMD-CKD"	"AMD"	"7:105122960:T:C"	1.04793951294369e-10	0.0251055	0.0207727
"P2BP03"	"AMD-CKD"	"AMD"	"7:105123148:C:T"	6.45120623588014e-11	0.0152274	0.0222801
"P2BP03"	"AMD-CKD"	"AMD"	"7:105127696:G:A"	1.18436149776358e-10	-0.0317239	0.0242506
"P2BP03"	"AMD-CKD"	"AMD"	"7:105138947:C:T"	1.37676980926926e-10	0.0310266	0.0218323
"P2BP03"	"AMD-CKD"	"AMD"	"7:105141008:G:A"	8.63870086575957e-11	-0.0253899	0.024602
"P2BP03"	"AMD-CKD"	"AMD"	"7:105141152:T:C"	1.39889988481912e-10	0.0309358	0.0215945
"P2BP03"	"AMD-CKD"	"AMD"	"7:105143730:G:A"	1.84094039568095e-07	0.157695	0.0385089
"P2BP03"	"AMD-CKD"	"AMD"	"7:105144059:G:A"	1.40576328355735e-10	0.0313483	0.0218292
"P2BP03"	"AMD-CKD"	"AMD"	"7:105144968:T:C"	5.14905895698803e-11	-0.00182212	0.0247871
"P2BP03"	"AMD-CKD"	"AMD"	"7:105147309:C:T"	2.30155006164523e-10	0.0416133	0.023742
"P2BP03"	"AMD-CKD"	"AMD"	"7:105150255:C:A"	2.39425035353236e-10	0.0421538	0.0237399
"P2BP03"	"AMD-CKD"	"AMD"	"7:105150469:C:T"	2.39710029603657e-10	0.0421708	0.0237403
"P2BP03"	"AMD-CKD"	"AMD"	"7:105153191:C:T"	8.24409429611706e-11	0.0208604	0.0211879
"P2BP03"	"AMD-CKD"	"AMD"	"7:105153242:G:A"	7.81883446876464e-11	0.0174125	0.018767
"P2BP03"	"AMD-CKD"	"AMD"	"7:105155930:C:T"	5.99769123255101e-11	0.0160384	0.0284488
"P2BP03"	"AMD-CKD"	"AMD"	"7:105158228:T:C"	2.30506391751817e-10	0.0414505	0.0236371
"P2BP03"	"AMD-CKD"	"AMD"	"7:105161755:T:G"	7.85613796239204e-11	0.0194738	0.0208708
"P2BP03"	"AMD-CKD"	"AMD"	"7:105163091:G:A"	2.36632602401699e-10	0.0418112	0.0236372
"P2BP03"	"AMD-CKD"	"AMD"	"7:105166776:C:T"	2.39860575845796e-10	0.0419756	0.0236256
"P2BP03"	"AMD-CKD"	"AMD"	"7:105167969:A:G"	2.64241850622682e-10	0.0430854	0.0235227
"P2BP03"	"AMD-CKD"	"AMD"	"7:105170476:A:G"	2.11704209718278e-10	0.0484679	0.0284569
"P2BP03"	"AMD-CKD"	"AMD"	"7:105173029:T:C"	3.68617469881372e-10	0.0467674	0.0232768
"P2BP03"	"AMD-CKD"	"AMD"	"7:105173974:G:A"	6.21814821855082e-11	0.0147995	0.0236451
"P2BP03"	"AMD-CKD"	"AMD"	"7:105174384:G:A"	6.72817357383337e-11	0.0135883	0.0182695
"P2BP03"	"AMD-CKD"	"AMD"	"7:105178819:G:T"	3.43668427049693e-10	0.0466061	0.0236203
"P2BP03"	"AMD-CKD"	"AMD"	"7:105179176:T:C"	3.4283109684452e-10	0.0465681	0.0236162
"P2BP03"	"AMD-CKD"	"AMD"	"7:105180508:C:T"	5.52311529844474e-11	0.0155913	0.0403893
"P2BP03"	"AMD-CKD"	"AMD"	"7:105193051:G:A"	2.13536410775816e-10	-0.03536	0.020698
"P2BP03"	"AMD-CKD"	"AMD"	"7:105195276:T:G"	5.14226439207732e-11	-0.00206758	0.0397954
"P2BP03"	"AMD-CKD"	"AMD"	"7:105197175:G:A"	1.7888612813266e-10	-0.0590698	0.0369482
"P2BP03"	"AMD-CKD"	"AMD"	"7:105205115:A:G"	3.10995673657999e-10	0.0417781	0.0217528
"P2BP03"	"AMD-CKD"	"AMD"	"7:105205917:A:C"	5.1636694919921e-11	-0.00421713	0.0398382
"P2BP03"	"AMD-CKD"	"AMD"	"7:105215970:G:A"	1.71625713640822e-10	-0.0580485	0.0369276
"P2BP03"	"AMD-CKD"	"AMD"	"7:105221097:A:G"	7.41193773023952e-11	0.0187064	0.02158
"P2BP03"	"AMD-CKD"	"AMD"	"7:105226180:T:C"	6.24003071436619e-11	0.0135092	0.0213881
"P2BP03"	"AMD-CKD"	"AMD"	"7:105228825:A:G"	6.18894935300318e-11	-0.0121398	0.0196388
"P2BP03"	"AMD-CKD"	"AMD"	"7:105231535:C:T"	6.31070751211382e-11	0.0131854	0.0202969
"P2BP03"	"AMD-CKD"	"AMD"	"7:105235033:C:T"	9.314227167323e-11	-0.0464563	0.0420721
"P2BP03"	"AMD-CKD"	"AMD"	"7:105241647:A:C"	9.15928444200631e-11	-0.0279636	0.0256891
"P2BP03"	"AMD-CKD"	"AMD"	"7:105242661:C:T"	8.40466585216859e-11	-0.0260819	0.0259675
"P2BP03"	"AMD-CKD"	"AMD"	"7:105245754:A:G"	9.41299260759365e-11	-0.0471392	0.0423173
"P2BP03"	"AMD-CKD"	"AMD"	"7:105245877:G:A"	9.12039332945369e-11	-0.0459139	0.0423353
"P2BP03"	"AMD-CKD"	"AMD"	"7:105246821:C:T"	7.06372738079608e-11	-0.0155683	0.0192677
"P2BP03"	"AMD-CKD"	"AMD"	"7:105247470:A:C"	9.73056080155743e-11	-0.022848	0.0199713
"P2BP03"	"AMD-CKD"	"AMD"	"7:105249120:A:C"	5.7834070865681e-11	0.0101598	0.0205965
"P2BP03"	"AMD-CKD"	"AMD"	"7:105249554:C:T"	8.94244678306677e-11	0.040723	0.0382102
"P2BP03"	"AMD-CKD"	"AMD"	"7:105252718:A:G"	2.23607354854494e-10	-0.0343371	0.0197819
"P2BP03"	"AMD-CKD"	"AMD"	"7:105252812:G:A"	5.21670484587844e-11	-0.00726451	0.0405248
"P2BP03"	"AMD-CKD"	"AMD"	"7:105256374:A:G"	2.39962938408667e-10	-0.0349328	0.0196589
"P2BP03"	"AMD-CKD"	"AMD"	"7:105261997:T:C"	5.24151833047881e-11	-0.00414603	0.0202664
"P2BP03"	"AMD-CKD"	"AMD"	"7:105263059:T:C"	2.99172020490346e-10	0.0588466	0.0309751
"P2BP03"	"AMD-CKD"	"AMD"	"7:105264302:T:C"	1.08473452442581e-10	-0.0239334	0.0193405
"P2BP03"	"AMD-CKD"	"AMD"	"7:105268601:T:C"	1.10286113574887e-10	-0.0271099	0.0216686
"P2BP03"	"AMD-CKD"	"AMD"	"7:105272609:T:C"	5.29262189630231e-11	0.00472708	0.0190276
"P2BP03"	"AMD-CKD"	"AMD"	"7:105273720:A:C"	5.14626119496597e-11	-0.00262109	0.0400139
"P2BP03"	"AMD-CKD"	"AMD"	"7:105274812:G:A"	5.17362819252298e-11	0.00233758	0.0189902
"P2BP03"	"AMD-CKD"	"AMD"	"7:105276155:T:C"	5.1362580855141e-11	-0.000331129	0.0189064
"P2BP03"	"AMD-CKD"	"AMD"	"7:105277793:T:C"	7.21338544451555e-11	-0.0167848	0.0201221
"P2BP03"	"AMD-CKD"	"AMD"	"7:105278201:C:T"	6.03153083034158e-11	0.0118667	0.0206776
"P2BP03"	"AMD-CKD"	"AMD"	"7:105288867:G:A"	5.67488500635704e-10	-0.0454553	0.0204915
"P2BP03"	"AMD-CKD"	"AMD"	"7:105291444:C:T"	1.07787112568758e-10	-0.0243617	0.0197707
"P2BP03"	"AMD-CKD"	"AMD"	"7:105297520:A:G"	6.29142293817608e-11	0.0151539	0.0235023
"P2BP03"	"AMD-CKD"	"AMD"	"7:105299515:T:C"	6.31740215695231e-11	0.020372	0.0312793
"P2BP03"	"AMD-CKD"	"AMD"	"7:105306556:G:A"	4.16407019976361e-10	0.0428762	0.0207092
"P2BP03"	"AMD-CKD"	"AMD"	"7:105307121:C:T"	5.73571190543021e-11	0.0128302	0.0269667
"P2BP03"	"AMD-CKD"	"AMD"	"7:105308640:G:A"	6.20461459988064e-11	-0.0192854	0.0309892
"P2BP03"	"AMD-CKD"	"AMD"	"7:105312942:G:T"	1.0927184712628e-09	-0.0659753	0.026363
"P2BP03"	"AMD-CKD"	"AMD"	"7:105314571:G:A"	7.61780638569576e-11	-0.0207043	0.0230401
"P2BP03"	"AMD-CKD"	"AMD"	"7:105315630:T:C"	8.46152037325965e-11	0.0216259	0.0213852
"P2BP03"	"AMD-CKD"	"AMD"	"7:105318058:G:A"	5.18979303976153e-11	0.00451626	0.0307707
"P2BP03"	"AMD-CKD"	"AMD"	"7:105321923:T:G"	5.25051113697828e-11	-0.00725082	0.0340442
"P2BP03"	"AMD-CKD"	"AMD"	"7:105322023:C:T"	5.81601433680135e-11	0.0111602	0.0221075
"P2BP03"	"AMD-CKD"	"AMD"	"7:105322789:C:T"	5.41977573931263e-11	0.0126761	0.0381612
"P2BP03"	"AMD-CKD"	"AMD"	"7:105323488:C:T"	5.94724269831204e-11	-0.0144642	0.0263845
"P2BP03"	"AMD-CKD"	"AMD"	"7:105324634:G:A"	5.15069098483423e-11	-0.00298521	0.0383672
"P2BP03"	"AMD-CKD"	"AMD"	"7:105326131:C:T"	7.07277569844678e-11	0.0190134	0.0234843
"P2BP03"	"AMD-CKD"	"AMD"	"7:105326156:A:G"	9.99372806731458e-11	0.0216395	0.018532
"P2BP03"	"AMD-CKD"	"AMD"	"7:105326172:C:T"	5.96744875736022e-11	0.0105153	0.0189633
"P2BP03"	"AMD-CKD"	"AMD"	"7:105326263:T:C"	9.07877106826049e-11	0.0197098	0.0182464
"P2BP03"	"AMD-CKD"	"AMD"	"7:105327647:A:G"	7.24349469294339e-11	0.0200791	0.0239252
"P2BP03"	"AMD-CKD"	"AMD"	"7:105330067:G:T"	6.6613048410602e-11	0.0154062	0.0211076
"P2BP03"	"AMD-CKD"	"AMD"	"7:105331819:A:C"	7.21792625668627e-11	0.0153701	0.0184091
"P2BP03"	"AMD-CKD"	"AMD"	"7:105336922:C:T"	7.05330238659485e-11	0.031046	0.0385125
"P2BP03"	"AMD-CKD"	"AMD"	"7:105339137:A:G"	6.99611479859641e-11	0.0190425	0.0239312
"P2BP03"	"AMD-CKD"	"AMD"	"7:105339909:A:G"	8.95545859691538e-11	-0.0313494	0.0293765
"P2BP03"	"AMD-CKD"	"AMD"	"7:105341608:A:G"	1.19084409000436e-10	-0.0254497	0.0193912
"P2BP03"	"AMD-CKD"	"AMD"	"7:105341913:T:G"	7.1987305005905e-11	-0.0170066	0.0204493
"P2BP03"	"AMD-CKD"	"AMD"	"7:105344951:T:C"	5.29327692788684e-11	0.00965211	0.0387717
"P2BP03"	"AMD-CKD"	"AMD"	"7:105345947:A:G"	1.11888720510933e-10	-0.0373757	0.0295959
"P2BP03"	"AMD-CKD"	"AMD"	"7:105346117:G:A"	5.14913667259975e-11	-0.00175551	0.023815
"P2BP03"	"AMD-CKD"	"AMD"	"7:105346238:C:T"	5.2581272669272e-11	0.00450296	0.0204827
"P2BP03"	"AMD-CKD"	"AMD"	"7:105346591:A:G"	5.75185454820826e-11	-0.0119603	0.0248247
"P2BP03"	"AMD-CKD"	"AMD"	"7:105348730:A:G"	6.95263846495209e-11	-0.0193634	0.0245836
"P2BP03"	"AMD-CKD"	"AMD"	"7:105348894:G:A"	9.51606571319985e-11	-0.0336377	0.0299291
"P2BP03"	"AMD-CKD"	"AMD"	"7:105353348:C:T"	5.13624698328385e-11	0.000360608	0.0207466
"P2BP03"	"AMD-CKD"	"AMD"	"7:105354680:C:T"	5.17695886159686e-11	0.00345454	0.0269186
"P2BP03"	"AMD-CKD"	"AMD"	"7:105356399:C:A"	1.18692722317348e-10	-0.0280883	0.0214437
"P2BP03"	"AMD-CKD"	"AMD"	"7:105356897:G:T"	6.89356349781178e-11	-0.0143561	0.0184886
"P2BP03"	"AMD-CKD"	"AMD"	"7:105360021:C:A"	5.55765433674083e-11	-0.0075355	0.0187346
"P2BP03"	"AMD-CKD"	"AMD"	"7:105361835:T:C"	6.9146910419704e-11	-0.0213733	0.0273838
"P2BP03"	"AMD-CKD"	"AMD"	"7:105364258:A:G"	8.17752532356053e-11	0.0201367	0.0206303
"P2BP03"	"AMD-CKD"	"AMD"	"7:105366681:T:C"	5.27498045244101e-11	0.00440806	0.0188164
"P2BP03"	"AMD-CKD"	"AMD"	"7:105367513:C:A"	8.04292188405498e-11	0.0215394	0.0224719
"P2BP03"	"AMD-CKD"	"AMD"	"7:105373099:T:C"	5.14550624330923e-11	0.00117285	0.0185631
"P2BP03"	"AMD-CKD"	"AMD"	"7:105373405:T:C"	7.07999214810684e-11	0.0187274	0.0230943
"P2BP03"	"AMD-CKD"	"AMD"	"7:105376750:C:T"	5.14844833432449e-11	-0.00166761	0.0232138
"P2BP03"	"AMD-CKD"	"AMD"	"7:105377070:A:G"	6.89053258895456e-11	0.0157212	0.0202618
"P2BP03"	"AMD-CKD"	"AMD"	"7:105377610:G:A"	5.15338882678407e-11	-0.00198723	0.0235379
"P2BP03"	"AMD-CKD"	"AMD"	"7:105377668:C:T"	5.16716669451967e-11	-0.0026419	0.0235405
"P2BP03"	"AMD-CKD"	"AMD"	"7:105379442:C:T"	7.04245550764426e-11	0.0149208	0.0185543
"P2BP03"	"AMD-CKD"	"AMD"	"7:105380361:T:C"	6.53271881034812e-11	0.0130367	0.0185705
"P2BP03"	"AMD-CKD"	"AMD"	"7:105382556:A:G"	6.74094113861656e-11	0.0207071	0.0277435
"P2BP03"	"AMD-CKD"	"AMD"	"7:105382728:C:T"	5.23475707225884e-11	0.00396385	0.020018
"P2BP03"	"AMD-CKD"	"AMD"	"7:105382750:T:C"	6.79810652215451e-11	0.0140687	0.0185634
"P2BP03"	"AMD-CKD"	"AMD"	"7:105383239:A:G"	6.53744836043302e-11	0.0161697	0.0229988
"P2BP03"	"AMD-CKD"	"AMD"	"7:105383459:C:T"	5.40649747193811e-11	-0.00639918	0.0197186
"P2BP03"	"AMD-CKD"	"AMD"	"7:105383875:T:C"	5.53141976666893e-11	-0.00825925	0.021178
"P2BP03"	"AMD-CKD"	"AMD"	"7:105384560:C:A"	6.05339112169645e-11	-0.0122964	0.0211893
"P2BP03"	"AMD-CKD"	"AMD"	"7:105384666:T:C"	7.54815099313078e-11	0.0247128	0.0278269
"P2BP03"	"AMD-CKD"	"AMD"	"7:105384906:C:T"	6.03603833582156e-11	-0.0120105	0.0208797
"P2BP03"	"AMD-CKD"	"AMD"	"7:105386461:C:T"	5.2544302242552e-11	0.00391553	0.0180821
"P2BP03"	"AMD-CKD"	"AMD"	"7:105387724:T:C"	5.27387022941639e-11	0.00443064	0.018987
"P2BP03"	"AMD-CKD"	"AMD"	"7:105390559:A:G"	1.04334763051384e-10	0.0238436	0.0197896
"P2BP03"	"AMD-CKD"	"AMD"	"7:105390650:G:A"	6.75777211966988e-11	0.0155187	0.0206974
"P2BP03"	"AMD-CKD"	"AMD"	"7:105394489:G:A"	5.33819655146317e-11	-0.00676373	0.0240219
"P2BP03"	"AMD-CKD"	"AMD"	"7:105394542:C:T"	6.22278895079376e-11	0.0200507	0.0319726
"P2BP03"	"AMD-CKD"	"AMD"	"7:105396550:T:C"	5.26690913105199e-11	-0.00535255	0.0235301
"P2BP03"	"AMD-CKD"	"AMD"	"7:105396861:T:C"	5.65049118605998e-11	0.013994	0.0316327
"P2BP03"	"AMD-CKD"	"AMD"	"7:105399126:G:A"	5.99078564533784e-11	0.0112179	0.0199725
"P2BP03"	"AMD-CKD"	"AMD"	"7:105399253:G:A"	5.30294697043132e-11	0.00502625	0.0196076
"P2BP03"	"AMD-CKD"	"AMD"	"7:105399650:C:A"	5.72782932195537e-11	0.0153572	0.0324807
"P2BP03"	"AMD-CKD"	"AMD"	"7:105401015:T:C"	1.26539112521584e-10	0.0320324	0.0235708
"P2BP03"	"AMD-CKD"	"AMD"	"7:105406916:T:C"	6.70259403534601e-11	0.0187385	0.0253735
"P2BP03"	"AMD-CKD"	"AMD"	"7:105408015:T:C"	6.49348352865786e-11	-0.0220535	0.0318154
"P2BP03"	"AMD-CKD"	"AMD"	"7:105411928:C:T"	1.24616761354446e-10	0.0356385	0.0264498
"P2BP03"	"AMD-CKD"	"AMD"	"7:105412080:T:C"	6.55075993449827e-11	-0.0130747	0.0185188
"P2BP03"	"AMD-CKD"	"AMD"	"7:105412253:T:C"	6.9982242223432e-11	0.0189187	0.023764
"P2BP03"	"AMD-CKD"	"AMD"	"7:105413922:C:A"	6.29002405716506e-11	-0.020498	0.031808
"P2BP03"	"AMD-CKD"	"AMD"	"7:105416054:C:T"	1.09970144102078e-10	-0.0290314	0.0232481
"P2BP03"	"AMD-CKD"	"AMD"	"7:105416560:C:A"	5.59288171331218e-11	0.00857436	0.0205128
"P2BP03"	"AMD-CKD"	"AMD"	"7:105420269:T:C"	5.29959409689695e-11	-0.00533682	0.0210274
"P2BP03"	"AMD-CKD"	"AMD"	"7:105420850:C:T"	1.76454406641824e-10	0.0404077	0.0254148
"P2BP03"	"AMD-CKD"	"AMD"	"7:105421445:C:T"	1.65760405401727e-10	0.0393719	0.0254154
"P2BP03"	"AMD-CKD"	"AMD"	"7:105421568:T:C"	8.05718824992141e-11	-0.0173118	0.0180257
"P2BP03"	"AMD-CKD"	"AMD"	"7:105423250:A:G"	7.27365945252245e-11	-0.0155949	0.0184708
"P2BP03"	"AMD-CKD"	"CKD"	"7:104159886:C:T"	0.00172282736045926	-0.0198	0.0156
"P2BP03"	"AMD-CKD"	"CKD"	"7:104160202:T:C"	0.00159757890540324	0.0179	0.0152
"P2BP03"	"AMD-CKD"	"CKD"	"7:104164294:A:G"	0.0216766000891809	0.0278	0.0092
"P2BP03"	"AMD-CKD"	"CKD"	"7:104169991:T:C"	0.00464157320132597	0.0207	0.0097
"P2BP03"	"AMD-CKD"	"CKD"	"7:104170560:A:G"	0.00930643801681996	0.0247	0.0096
"P2BP03"	"AMD-CKD"	"CKD"	"7:104171423:A:G"	0.00225148796832009	0.0152	0.0098
"P2BP03"	"AMD-CKD"	"CKD"	"7:104172232:C:T"	0.00419537983656293	0.0264	0.0128
"P2BP03"	"AMD-CKD"	"CKD"	"7:104174623:C:T"	0.00347122760833574	0.0244	0.0127
"P2BP03"	"AMD-CKD"	"CKD"	"7:104175687:A:C"	0.00881880133502766	0.0244	0.0096
"P2BP03"	"AMD-CKD"	"CKD"	"7:104176289:T:C"	0.00171267081958204	0.0154	0.0122
"P2BP03"	"AMD-CKD"	"CKD"	"7:104180635:G:T"	0.0072426813264157	0.0223	0.0092
"P2BP03"	"AMD-CKD"	"CKD"	"7:104181530:C:T"	0.00150050034547555	0.0103	0.0094
"P2BP03"	"AMD-CKD"	"CKD"	"7:104181707:T:C"	0.00468023924802485	0.0199	0.0093
"P2BP03"	"AMD-CKD"	"CKD"	"7:104186336:T:C"	0.00172396095789507	0.0127	0.01
"P2BP03"	"AMD-CKD"	"CKD"	"7:104188298:A:G"	0.00193772051201535	-0.014	0.01
"P2BP03"	"AMD-CKD"	"CKD"	"7:104191848:A:G"	0.00133262717860949	0.0105	0.0114
"P2BP03"	"AMD-CKD"	"CKD"	"7:104192398:T:C"	0.00108526098551009	0.0106	0.0217
"P2BP03"	"AMD-CKD"	"CKD"	"7:104206297:G:A"	0.00149319218905253	-0.011	0.0101
"P2BP03"	"AMD-CKD"	"CKD"	"7:104214131:T:C"	0.00103619842252589	0.0035	0.011
"P2BP03"	"AMD-CKD"	"CKD"	"7:104214487:C:A"	0.00102964169485797	0.0031	0.0108
"P2BP03"	"AMD-CKD"	"CKD"	"7:104215563:G:A"	0.00110867849241847	-0.0061	0.0111
"P2BP03"	"AMD-CKD"	"CKD"	"7:104215791:C:T"	0.00130427957232149	0.0093	0.0105
"P2BP03"	"AMD-CKD"	"CKD"	"7:104215832:C:T"	0.00122229750640313	0.008	0.0104
"P2BP03"	"AMD-CKD"	"CKD"	"7:104217267:A:G"	0.00135962029408987	0.0101	0.0106
"P2BP03"	"AMD-CKD"	"CKD"	"7:104218482:A:G"	0.00147564697585767	0.0265	0.0247
"P2BP03"	"AMD-CKD"	"CKD"	"7:104218575:A:G"	0.00112447963891527	0.0061	0.0104
"P2BP03"	"AMD-CKD"	"CKD"	"7:104222779:C:A"	0.00128742550120142	0.0114	0.0132
"P2BP03"	"AMD-CKD"	"CKD"	"7:104225738:A:G"	0.00127762208267734	-0.0108	0.0127
"P2BP03"	"AMD-CKD"	"CKD"	"7:104227479:G:A"	0.00134445221348278	0.0101	0.0108
"P2BP03"	"AMD-CKD"	"CKD"	"7:104236907:G:T"	0.00122775222423765	-0.0098	0.0126
"P2BP03"	"AMD-CKD"	"CKD"	"7:104237169:G:A"	0.00125374647334398	0.0107	0.0131
"P2BP03"	"AMD-CKD"	"CKD"	"7:104240200:C:A"	0.00114292589104403	-0.0057	0.0091
"P2BP03"	"AMD-CKD"	"CKD"	"7:104241937:C:T"	0.00124575390665482	0.0095	0.0118
"P2BP03"	"AMD-CKD"	"CKD"	"7:104245132:A:G"	0.00120916581702757	0.0098	0.0131
"P2BP03"	"AMD-CKD"	"CKD"	"7:104246719:C:T"	0.00225469158020608	-0.0163	0.0105
"P2BP03"	"AMD-CKD"	"CKD"	"7:104249960:G:T"	0.00144169273156358	-0.0259	0.0249
"P2BP03"	"AMD-CKD"	"CKD"	"7:104252401:C:T"	0.00139870653301322	-0.025	0.0251
"P2BP03"	"AMD-CKD"	"CKD"	"7:104253921:C:T"	0.00122699280319694	-0.0073	0.0094
"P2BP03"	"AMD-CKD"	"CKD"	"7:104257737:T:G"	0.00201740263267247	-0.0137	0.0095
"P2BP03"	"AMD-CKD"	"CKD"	"7:104258993:G:A"	0.00137347881294192	-0.0246	0.0254
"P2BP03"	"AMD-CKD"	"CKD"	"7:104259720:T:C"	0.00113768580136953	-0.0056	0.0091
"P2BP03"	"AMD-CKD"	"CKD"	"7:104262207:G:A"	0.00130202744650809	-0.0226	0.0256
"P2BP03"	"AMD-CKD"	"CKD"	"7:104263404:A:G"	0.00115793221878502	0.0065	0.0099
"P2BP03"	"AMD-CKD"	"CKD"	"7:104264665:C:T"	0.00103576847443621	0.0037	0.0117
"P2BP03"	"AMD-CKD"	"CKD"	"7:104265350:C:T"	0.00147113423092038	0.0109	0.0102
"P2BP03"	"AMD-CKD"	"CKD"	"7:104267189:A:G"	0.00117793407055922	0.0084	0.0121
"P2BP03"	"AMD-CKD"	"CKD"	"7:104269618:G:T"	0.00112375555428912	-0.0062	0.0106
"P2BP03"	"AMD-CKD"	"CKD"	"7:104271093:C:T"	0.00141179419950332	0.0103	0.0102
"P2BP03"	"AMD-CKD"	"CKD"	"7:104272624:T:C"	0.00124778316093954	0.008	0.0099
"P2BP03"	"AMD-CKD"	"CKD"	"7:104272864:C:T"	0.00135004047363929	-0.0097	0.0103
"P2BP03"	"AMD-CKD"	"CKD"	"7:104275367:C:T"	0.00220885044715591	0.0141	0.0092
"P2BP03"	"AMD-CKD"	"CKD"	"7:104281393:A:C"	0.00133339924730602	0.013	0.0141
"P2BP03"	"AMD-CKD"	"CKD"	"7:104289858:G:A"	0.00145558793236433	0.0098	0.0093
"P2BP03"	"AMD-CKD"	"CKD"	"7:104293093:C:A"	0.00100162082447164	3e-04	0.014
"P2BP03"	"AMD-CKD"	"CKD"	"7:104295174:A:C"	0.00199118021796241	-0.013	0.0091
"P2BP03"	"AMD-CKD"	"CKD"	"7:104295232:A:G"	0.00218429302186196	-0.014	0.0092
"P2BP03"	"AMD-CKD"	"CKD"	"7:104301597:T:C"	0.00113768580136953	-0.0064	0.0104
"P2BP03"	"AMD-CKD"	"CKD"	"7:104304900:G:A"	0.00222226107529477	-0.014	0.0091
"P2BP03"	"AMD-CKD"	"CKD"	"7:104305761:G:A"	0.00222226107529477	-0.014	0.0091
"P2BP03"	"AMD-CKD"	"CKD"	"7:104306182:A:G"	0.00172519063935028	-0.0122	0.0096
"P2BP03"	"AMD-CKD"	"CKD"	"7:104307987:A:G"	0.00204015933789337	-0.0141	0.0097
"P2BP03"	"AMD-CKD"	"CKD"	"7:104312213:A:G"	0.00118581535018802	0.0085	0.012
"P2BP03"	"AMD-CKD"	"CKD"	"7:104313331:C:T"	0.00101377708212425	0.002	0.0105
"P2BP03"	"AMD-CKD"	"CKD"	"7:104316059:A:G"	0.00113455312907396	0.0056	0.0092
"P2BP03"	"AMD-CKD"	"CKD"	"7:104316145:G:A"	0.00131428833726177	0.0115	0.0128
"P2BP03"	"AMD-CKD"	"CKD"	"7:104318263:C:T"	0.00127453097547592	-0.0077	0.0091
"P2BP03"	"AMD-CKD"	"CKD"	"7:104319110:T:C"	0.00104190597964327	0.0036	0.0105
"P2BP03"	"AMD-CKD"	"CKD"	"7:104319876:T:C"	0.00125126654601138	-0.0074	0.0091
"P2BP03"	"AMD-CKD"	"CKD"	"7:104320307:A:G"	0.00129080521653213	-0.0079	0.0091
"P2BP03"	"AMD-CKD"	"CKD"	"7:104321056:G:A"	0.002472743105285	-0.0154	0.0094
"P2BP03"	"AMD-CKD"	"CKD"	"7:104322288:G:A"	0.00142227260409178	0.0099	0.0097
"P2BP03"	"AMD-CKD"	"CKD"	"7:104323380:T:G"	0.0017474351043576	0.0117	0.0091
"P2BP03"	"AMD-CKD"	"CKD"	"7:104326251:G:T"	0.00150400479239077	0.01	0.0091
"P2BP03"	"AMD-CKD"	"CKD"	"7:104335186:T:C"	0.00181641203516847	0.0121	0.0091
"P2BP03"	"AMD-CKD"	"CKD"	"7:104335994:G:A"	0.00425668163589088	-0.0199	0.0096
"P2BP03"	"AMD-CKD"	"CKD"	"7:104338193:A:G"	0.0020484534100933	-0.0207	0.0142
"P2BP03"	"AMD-CKD"	"CKD"	"7:104338619:G:A"	0.00279205203805744	-0.0171	0.0098
"P2BP03"	"AMD-CKD"	"CKD"	"7:104339549:A:G"	0.00279205203805744	-0.0171	0.0098
"P2BP03"	"AMD-CKD"	"CKD"	"7:104342737:C:T"	0.00260150140670201	0.0165	0.0098
"P2BP03"	"AMD-CKD"	"CKD"	"7:104343014:T:G"	0.00275886723219809	-0.017	0.0098
"P2BP03"	"AMD-CKD"	"CKD"	"7:104346662:C:A"	0.00130404806553475	0.0085	0.0096
"P2BP03"	"AMD-CKD"	"CKD"	"7:104346954:A:G"	0.00137216256302464	-0.0088	0.0091
"P2BP03"	"AMD-CKD"	"CKD"	"7:104351961:C:T"	0.00105749600564586	0.0039	0.0097
"P2BP03"	"AMD-CKD"	"CKD"	"7:104355706:T:C"	0.0019768651402553	0.0135	0.0095
"P2BP03"	"AMD-CKD"	"CKD"	"7:104356293:C:T"	0.0022539901607177	0.0149	0.0096
"P2BP03"	"AMD-CKD"	"CKD"	"7:104359226:A:G"	0.00180849918410075	0.0155	0.0117
"P2BP03"	"AMD-CKD"	"CKD"	"7:104362704:G:A"	0.0012191435851181	0.0094	0.0123
"P2BP03"	"AMD-CKD"	"CKD"	"7:104368068:C:A"	0.00113621002376441	0.006	0.0098
"P2BP03"	"AMD-CKD"	"CKD"	"7:104376929:C:A"	0.00334026235513507	-0.0174	0.0092
"P2BP03"	"AMD-CKD"	"CKD"	"7:104377453:A:C"	0.00402596084848506	-0.0187	0.0092
"P2BP03"	"AMD-CKD"	"CKD"	"7:104379606:T:C"	0.00777100694232458	-0.0259	0.0105
"P2BP03"	"AMD-CKD"	"CKD"	"7:104380200:C:A"	0.00112231157357301	0.0057	0.0098
"P2BP03"	"AMD-CKD"	"CKD"	"7:104381939:A:G"	0.00113621002376441	0.006	0.0098
"P2BP03"	"AMD-CKD"	"CKD"	"7:104382873:T:C"	0.00294418115310779	-0.0204	0.0114
"P2BP03"	"AMD-CKD"	"CKD"	"7:104387995:T:C"	0.00115433148423993	0.0063	0.0097
"P2BP03"	"AMD-CKD"	"CKD"	"7:104395340:T:G"	0.00723280410047822	-0.0252	0.0104
"P2BP03"	"AMD-CKD"	"CKD"	"7:104395661:G:A"	0.00116467410810561	0.0077	0.0115
"P2BP03"	"AMD-CKD"	"CKD"	"7:104396760:T:C"	0.00110928304702518	0.0054	0.0098
"P2BP03"	"AMD-CKD"	"CKD"	"7:104398848:G:A"	0.0056719746106042	-0.0236	0.0104
"P2BP03"	"AMD-CKD"	"CKD"	"7:104399617:T:C"	0.00100995012664717	0.0022	0.0139
"P2BP03"	"AMD-CKD"	"CKD"	"7:104400008:G:A"	0.00112054010915896	0.0067	0.0116
"P2BP03"	"AMD-CKD"	"CKD"	"7:104402709:G:A"	0.00758354232742653	-0.0255	0.0104
"P2BP03"	"AMD-CKD"	"CKD"	"7:104405789:T:C"	0.00100409509730404	-9e-04	0.0102
"P2BP03"	"AMD-CKD"	"CKD"	"7:104406265:T:G"	0.00100464997026362	-0.001	0.0103
"P2BP03"	"AMD-CKD"	"CKD"	"7:104411273:T:G"	0.00153615741349289	0.0133	0.0118
"P2BP03"	"AMD-CKD"	"CKD"	"7:104411736:A:G"	0.00100627894675409	0.0021	0.0176
"P2BP03"	"AMD-CKD"	"CKD"	"7:104411976:T:C"	0.00133086646599245	0.0102	0.0111
"P2BP03"	"AMD-CKD"	"CKD"	"7:104413055:T:C"	0.00126213631275052	0.0092	0.0111
"P2BP03"	"AMD-CKD"	"CKD"	"7:104413849:G:A"	0.0010227678906195	0.0025	0.01
"P2BP03"	"AMD-CKD"	"CKD"	"7:104414321:C:T"	0.00133742626474653	0.0114	0.0123
"P2BP03"	"AMD-CKD"	"CKD"	"7:104414675:C:T"	0.00134545115273532	0.0103	0.011
"P2BP03"	"AMD-CKD"	"CKD"	"7:104414719:T:C"	0.00101735728550423	-0.0024	0.0111
"P2BP03"	"AMD-CKD"	"CKD"	"7:104415415:C:T"	0.00193772051201535	0.014	0.01
"P2BP03"	"AMD-CKD"	"CKD"	"7:104416070:C:T"	0.00101207852465302	-0.0023	0.013
"P2BP03"	"AMD-CKD"	"CKD"	"7:104416184:A:G"	0.00101764986493191	-0.0024	0.011
"P2BP03"	"AMD-CKD"	"CKD"	"7:104416645:A:G"	0.00129814660279315	0.0079	0.009
"P2BP03"	"AMD-CKD"	"CKD"	"7:104417567:T:C"	0.00102031275341541	-0.0024	0.0102
"P2BP03"	"AMD-CKD"	"CKD"	"7:104418428:T:C"	0.00102362071439366	-0.0026	0.0102
"P2BP03"	"AMD-CKD"	"CKD"	"7:104420060:T:C"	0.00170993994204804	0.0121	0.0096
"P2BP03"	"AMD-CKD"	"CKD"	"7:104420222:T:C"	0.00127195228854626	0.0091	0.0108
"P2BP03"	"AMD-CKD"	"CKD"	"7:104420285:C:T"	0.00101421303097249	0.0025	0.0129
"P2BP03"	"AMD-CKD"	"CKD"	"7:104423723:G:T"	0.00100880899035671	-0.0019	0.0129
"P2BP03"	"AMD-CKD"	"CKD"	"7:104425811:G:A"	0.00102031275341541	0.002	0.0085
"P2BP03"	"AMD-CKD"	"CKD"	"7:104430056:A:G"	0.00123649605628318	0.0072	0.0091
"P2BP03"	"AMD-CKD"	"CKD"	"7:104430466:T:C"	0.0010019219045464	-5e-04	0.0136
"P2BP03"	"AMD-CKD"	"CKD"	"7:104430961:T:C"	0.00109841101259456	0.0055	0.0105
"P2BP03"	"AMD-CKD"	"CKD"	"7:104431188:C:T"	0.00123113909173489	-0.0083	0.0106
"P2BP03"	"AMD-CKD"	"CKD"	"7:104435213:G:A"	0.00101027808543819	0.0015	0.0093
"P2BP03"	"AMD-CKD"	"CKD"	"7:104435897:G:A"	0.00106271469093566	-0.0055	0.0131
"P2BP03"	"AMD-CKD"	"CKD"	"7:104437866:A:G"	0.00116480339987346	-0.0071	0.0106
"P2BP03"	"AMD-CKD"	"CKD"	"7:104440625:G:A"	0.00105861270137197	-0.0041	0.0101
"P2BP03"	"AMD-CKD"	"CKD"	"7:104441909:T:C"	0.0010024412679166	5e-04	0.0093
"P2BP03"	"AMD-CKD"	"CKD"	"7:104445169:C:T"	0.00138507520086595	-0.0105	0.0107
"P2BP03"	"AMD-CKD"	"CKD"	"7:104448511:C:T"	0.00134341769113211	-0.0099	0.0106
"P2BP03"	"AMD-CKD"	"CKD"	"7:104453887:C:T"	0.001015268942126	0.0025	0.0124
"P2BP03"	"AMD-CKD"	"CKD"	"7:104456677:C:T"	0.00101245290263008	0.0018	0.01
"P2BP03"	"AMD-CKD"	"CKD"	"7:104456874:A:G"	0.00100449743267161	-9e-04	0.0095
"P2BP03"	"AMD-CKD"	"CKD"	"7:104457800:T:G"	0.00104047244316063	-0.0032	0.0095
"P2BP03"	"AMD-CKD"	"CKD"	"7:104460747:A:G"	0.00106501317677909	0.0053	0.0124
"P2BP03"	"AMD-CKD"	"CKD"	"7:104461230:G:A"	0.00103482394952403	0.0034	0.0109
"P2BP03"	"AMD-CKD"	"CKD"	"7:104466964:G:A"	0.00113705031609002	0.007	0.0114
"P2BP03"	"AMD-CKD"	"CKD"	"7:104467609:C:T"	0.00122011014563606	0.0085	0.0111
"P2BP03"	"AMD-CKD"	"CKD"	"7:104472647:G:A"	0.00100520984891272	0.0012	0.0114
"P2BP03"	"AMD-CKD"	"CKD"	"7:104482321:T:C"	0.0010024006152024	-6e-04	0.0114
"P2BP03"	"AMD-CKD"	"CKD"	"7:104482383:G:A"	0.00101104627305093	-0.0019	0.0113
"P2BP03"	"AMD-CKD"	"CKD"	"7:104483389:A:G"	0.00100970326420591	0.0017	0.0109
"P2BP03"	"AMD-CKD"	"CKD"	"7:104486707:G:A"	0.00129516059509427	0.0097	0.0111
"P2BP03"	"AMD-CKD"	"CKD"	"7:104491613:T:C"	0.00100825033977014	-0.0016	0.0113
"P2BP03"	"AMD-CKD"	"CKD"	"7:104497678:C:T"	0.00110323326711004	-0.0052	0.0097
"P2BP03"	"AMD-CKD"	"CKD"	"7:104500549:A:G"	0.0011241778382135	-0.0058	0.0099
"P2BP03"	"AMD-CKD"	"CKD"	"7:104504393:T:C"	0.00100149101362168	-1e-04	0.0116
"P2BP03"	"AMD-CKD"	"CKD"	"7:104510915:T:C"	0.00100205163630707	5e-04	0.012
"P2BP03"	"AMD-CKD"	"CKD"	"7:104520232:C:T"	0.0013469643939612	0.0091	0.0097
"P2BP03"	"AMD-CKD"	"CKD"	"7:104524466:T:C"	0.00104657512215367	0.0034	0.0094
"P2BP03"	"AMD-CKD"	"CKD"	"7:104524663:G:A"	0.00116501443412853	-0.0126	0.0188
"P2BP03"	"AMD-CKD"	"CKD"	"7:104536482:T:C"	0.00117278567746881	0.0063	0.0092
"P2BP03"	"AMD-CKD"	"CKD"	"7:104536783:C:T"	0.00121704275984269	0.007	0.0092
"P2BP03"	"AMD-CKD"	"CKD"	"7:104552636:C:T"	0.00101839038370954	-0.0029	0.013
"P2BP03"	"AMD-CKD"	"CKD"	"7:104556432:G:A"	0.00100333353200988	-9e-04	0.0121
"P2BP03"	"AMD-CKD"	"CKD"	"7:104558939:C:T"	0.00111892379885792	-0.0101	0.0176
"P2BP03"	"AMD-CKD"	"CKD"	"7:104560140:T:C"	0.00106998376409206	0.0043	0.0097
"P2BP03"	"AMD-CKD"	"CKD"	"7:104568249:C:A"	0.00102365589053299	0.0025	0.0098
"P2BP03"	"AMD-CKD"	"CKD"	"7:104568299:T:C"	0.00102322357517903	0.0024	0.0095
"P2BP03"	"AMD-CKD"	"CKD"	"7:104570744:C:A"	0.00121382252201074	-0.0133	0.0176
"P2BP03"	"AMD-CKD"	"CKD"	"7:104579931:A:G"	0.00124233471239565	0.008	0.01
"P2BP03"	"AMD-CKD"	"CKD"	"7:104583843:G:A"	0.00189745698811616	-0.0135	0.0098
"P2BP03"	"AMD-CKD"	"CKD"	"7:104590780:C:T"	0.00182238859817441	-0.0124	0.0093
"P2BP03"	"AMD-CKD"	"CKD"	"7:104592567:T:C"	0.00205610393293432	-0.0133	0.0091
"P2BP03"	"AMD-CKD"	"CKD"	"7:104592969:T:G"	0.00185076140502094	-0.0158	0.0117
"P2BP03"	"AMD-CKD"	"CKD"	"7:104596755:C:T"	0.00159242902307521	-0.0142	0.0121
"P2BP03"	"AMD-CKD"	"CKD"	"7:104600539:A:G"	0.00101492118993662	0.0043	0.0216
"P2BP03"	"AMD-CKD"	"CKD"	"7:104605530:C:A"	0.00200841338380797	-0.0138	0.0096
"P2BP03"	"AMD-CKD"	"CKD"	"7:104614664:A:G"	0.00103332832256908	0.0043	0.0141
"P2BP03"	"AMD-CKD"	"CKD"	"7:104618318:C:T"	0.00656154829974098	-0.0215	0.0091
"P2BP03"	"AMD-CKD"	"CKD"	"7:104619563:A:G"	0.00101010683782787	-0.0023	0.0144
"P2BP03"	"AMD-CKD"	"CKD"	"7:104623892:C:A"	0.00100563828238376	0.0016	0.0144
"P2BP03"	"AMD-CKD"	"CKD"	"7:104625069:A:G"	0.00100381075223566	0.0012	0.0144
"P2BP03"	"AMD-CKD"	"CKD"	"7:104626690:G:A"	0.00441493766238243	-0.0191	0.0091
"P2BP03"	"AMD-CKD"	"CKD"	"7:104632980:A:G"	0.00415166205585149	-0.0187	0.0091
"P2BP03"	"AMD-CKD"	"CKD"	"7:104635597:A:C"	0.00107956792378971	-0.0068	0.0144
"P2BP03"	"AMD-CKD"	"CKD"	"7:104636900:C:T"	0.00101543270827964	-0.0029	0.0143
"P2BP03"	"AMD-CKD"	"CKD"	"7:104636940:T:C"	0.00421545701130432	-0.0188	0.0091
"P2BP03"	"AMD-CKD"	"CKD"	"7:104643470:C:T"	0.0049318945670449	-0.0198	0.0091
"P2BP03"	"AMD-CKD"	"CKD"	"7:104646899:C:T"	0.00501216011461114	-0.0199	0.0091
"P2BP03"	"AMD-CKD"	"CKD"	"7:104652671:G:A"	0.00509414619875803	0.02	0.0091
"P2BP03"	"AMD-CKD"	"CKD"	"7:104653265:A:G"	0.00298188136052124	0.0171	0.0095
"P2BP03"	"AMD-CKD"	"CKD"	"7:104660672:G:A"	0.0010511839418037	-0.0055	0.0145
"P2BP03"	"AMD-CKD"	"CKD"	"7:104667334:G:A"	0.00162436553659684	-0.0151	0.0126
"P2BP03"	"AMD-CKD"	"CKD"	"7:104676522:G:A"	0.00101429869619685	-0.0028	0.0144
"P2BP03"	"AMD-CKD"	"CKD"	"7:104677371:A:G"	0.00101429869619685	-0.0028	0.0144
"P2BP03"	"AMD-CKD"	"CKD"	"7:104682248:T:C"	0.00100421839494425	-0.0013	0.0144
"P2BP03"	"AMD-CKD"	"CKD"	"7:104683056:A:G"	0.00100381075223566	-0.0012	0.0144
"P2BP03"	"AMD-CKD"	"CKD"	"7:104685172:C:T"	0.00100153100901468	-2e-04	0.0144
"P2BP03"	"AMD-CKD"	"CKD"	"7:104696188:T:C"	0.00103391003658326	-0.0044	0.0143
"P2BP03"	"AMD-CKD"	"CKD"	"7:104700223:A:G"	0.00100146594962458	0	0.0144
"P2BP03"	"AMD-CKD"	"CKD"	"7:104704837:G:A"	0.00102651203543225	-0.0039	0.0144
"P2BP03"	"AMD-CKD"	"CKD"	"7:104709946:G:A"	0.0010016123391956	-3e-04	0.0144
"P2BP03"	"AMD-CKD"	"CKD"	"7:104710135:G:A"	0.00102044509576005	-0.0034	0.0144
"P2BP03"	"AMD-CKD"	"CKD"	"7:104715490:T:G"	0.00309326247470954	-0.0183	0.01
"P2BP03"	"AMD-CKD"	"CKD"	"7:104715498:A:G"	0.00109892724130034	-0.0094	0.0179
"P2BP03"	"AMD-CKD"	"CKD"	"7:104717188:G:A"	0.00104755341789153	-0.0053	0.0145
"P2BP03"	"AMD-CKD"	"CKD"	"7:104717517:C:T"	0.00109853832342954	-0.0076	0.0145
"P2BP03"	"AMD-CKD"	"CKD"	"7:104723881:A:C"	0.00101933533956566	-0.0033	0.0144
"P2BP03"	"AMD-CKD"	"CKD"	"7:104725105:G:A"	0.00455499355617295	-0.0193	0.0091
"P2BP03"	"AMD-CKD"	"CKD"	"7:104728607:C:T"	0.00101825986377124	-0.0032	0.0144
"P2BP03"	"AMD-CKD"	"CKD"	"7:104737187:C:T"	0.001013393101017	-0.0027	0.0144
"P2BP03"	"AMD-CKD"	"CKD"	"7:104745295:T:C"	0.00108226385560783	-0.0048	0.01
"P2BP03"	"AMD-CKD"	"CKD"	"7:104748516:G:A"	0.00100474955713836	0.0014	0.0142
"P2BP03"	"AMD-CKD"	"CKD"	"7:104750240:A:C"	0.00104499609594566	-0.0075	0.0211
"P2BP03"	"AMD-CKD"	"CKD"	"7:104751419:C:T"	0.00100153100901468	2e-04	0.0144
"P2BP03"	"AMD-CKD"	"CKD"	"7:104755514:C:A"	0.00108508996038492	-0.0061	0.0125
"P2BP03"	"AMD-CKD"	"CKD"	"7:104755816:G:T"	0.00100205985880741	-6e-04	0.0143
"P2BP03"	"AMD-CKD"	"CKD"	"7:104756344:C:T"	0.00112602292855124	-0.0059	0.01
"P2BP03"	"AMD-CKD"	"CKD"	"7:104767295:A:G"	0.00100381075223566	-0.0012	0.0144
"P2BP03"	"AMD-CKD"	"CKD"	"7:104769415:T:C"	0.0037497054887865	-0.0198	0.01
"P2BP03"	"AMD-CKD"	"CKD"	"7:104770386:G:A"	0.00396295118692014	-0.0192	0.0095
"P2BP03"	"AMD-CKD"	"CKD"	"7:104771857:T:C"	0.00335491211424854	-0.018	0.0095
"P2BP03"	"AMD-CKD"	"CKD"	"7:104772836:T:C"	0.00101700036358343	0.0031	0.0145
"P2BP03"	"AMD-CKD"	"CKD"	"7:104775968:C:T"	0.00171327788903963	-0.0149	0.0118
"P2BP03"	"AMD-CKD"	"CKD"	"7:104781644:G:A"	0.00102830844984747	-0.0044	0.0157
"P2BP03"	"AMD-CKD"	"CKD"	"7:104783306:T:G"	0.00106158181297067	0.0057	0.0137
"P2BP03"	"AMD-CKD"	"CKD"	"7:104785779:T:G"	0.00100876565499164	0.0021	0.0143
"P2BP03"	"AMD-CKD"	"CKD"	"7:104786147:G:A"	0.00101802712421373	0.0032	0.0145
"P2BP03"	"AMD-CKD"	"CKD"	"7:104787325:G:A"	0.00100624366746371	0.0017	0.0143
"P2BP03"	"AMD-CKD"	"CKD"	"7:104791075:A:G"	0.0039679472232419	0.0184	0.0091
"P2BP03"	"AMD-CKD"	"CKD"	"7:104793841:G:T"	0.00100503218307957	-0.0015	0.0146
"P2BP03"	"AMD-CKD"	"CKD"	"7:104797450:A:C"	0.00349404150495425	-0.0183	0.0095
"P2BP03"	"AMD-CKD"	"CKD"	"7:104802962:A:G"	0.00100384370037898	0.0012	0.0143
"P2BP03"	"AMD-CKD"	"CKD"	"7:104805504:C:T"	0.00101074817703883	-0.0024	0.0145
"P2BP03"	"AMD-CKD"	"CKD"	"7:104807207:A:C"	0.00369241886832861	-0.0187	0.0095
"P2BP03"	"AMD-CKD"	"CKD"	"7:104807248:C:T"	0.00101849755792782	-0.0032	0.0143
"P2BP03"	"AMD-CKD"	"CKD"	"7:104812129:G:A"	0.00458191039945632	-0.0204	0.0096
"P2BP03"	"AMD-CKD"	"CKD"	"7:104819479:T:C"	0.00527347215264129	-0.0211	0.0095
"P2BP03"	"AMD-CKD"	"CKD"	"7:104825819:A:C"	0.00526517720653796	-0.0222	0.01
"P2BP03"	"AMD-CKD"	"CKD"	"7:104828098:C:T"	0.00451427529657511	-0.0203	0.0096
"P2BP03"	"AMD-CKD"	"CKD"	"7:104830695:T:C"	0.00455499355617295	0.0193	0.0091
"P2BP03"	"AMD-CKD"	"CKD"	"7:104834182:G:A"	0.00106176291112481	-0.006	0.0144
"P2BP03"	"AMD-CKD"	"CKD"	"7:104834293:A:G"	0.00462724332256315	0.0194	0.0091
"P2BP03"	"AMD-CKD"	"CKD"	"7:104835062:A:G"	0.00101114643638978	-0.0024	0.0142
"P2BP03"	"AMD-CKD"	"CKD"	"7:104837009:G:A"	0.00477636412578275	0.0196	0.0091
"P2BP03"	"AMD-CKD"	"CKD"	"7:104837801:C:A"	0.00544299575990326	-0.0213	0.0095
"P2BP03"	"AMD-CKD"	"CKD"	"7:104838050:G:A"	0.00581720713732103	0.0208	0.0091
"P2BP03"	"AMD-CKD"	"CKD"	"7:104838765:A:G"	0.0010027660941595	-9e-04	0.0145
"P2BP03"	"AMD-CKD"	"CKD"	"7:104840476:T:C"	0.00100173359650957	-4e-04	0.0142
"P2BP03"	"AMD-CKD"	"CKD"	"7:104842643:G:A"	0.00535084914316408	0.0203	0.0091
"P2BP03"	"AMD-CKD"	"CKD"	"7:104842960:T:C"	0.00526344743750062	0.0202	0.0091
"P2BP03"	"AMD-CKD"	"CKD"	"7:104845094:T:C"	0.00425668163589088	-0.0199	0.0096
"P2BP03"	"AMD-CKD"	"CKD"	"7:104852654:G:A"	0.00473961393785982	-0.0217	0.0101
"P2BP03"	"AMD-CKD"	"CKD"	"7:104855871:C:A"	0.00309326247470954	0.0183	0.01
"P2BP03"	"AMD-CKD"	"CKD"	"7:104859029:T:C"	0.00109749083435007	0.0073	0.014
"P2BP03"	"AMD-CKD"	"CKD"	"7:104859435:T:C"	0.00385157537102487	0.0192	0.0096
"P2BP03"	"AMD-CKD"	"CKD"	"7:104870448:T:C"	0.00517789440582483	0.0201	0.0091
"P2BP03"	"AMD-CKD"	"CKD"	"7:104870573:T:C"	0.00106443593432504	0.006	0.0141
"P2BP03"	"AMD-CKD"	"CKD"	"7:104870972:G:T"	0.00119331577423343	0.0101	0.014
"P2BP03"	"AMD-CKD"	"CKD"	"7:104871541:C:T"	0.00194612075811562	-0.0184	0.0131
"P2BP03"	"AMD-CKD"	"CKD"	"7:104876121:A:G"	0.00121918002850852	0.0107	0.014
"P2BP03"	"AMD-CKD"	"CKD"	"7:104877916:T:C"	0.007934479473095	0.0238	0.0096
"P2BP03"	"AMD-CKD"	"CKD"	"7:104878549:G:A"	0.00122927594704481	0.011	0.0141
"P2BP03"	"AMD-CKD"	"CKD"	"7:104880215:C:T"	0.00122369207880324	0.0108	0.014
"P2BP03"	"AMD-CKD"	"CKD"	"7:104881283:G:A"	0.00122826303351076	0.0109	0.014
"P2BP03"	"AMD-CKD"	"CKD"	"7:104881530:A:G"	0.00821653207635209	0.024	0.0096
"P2BP03"	"AMD-CKD"	"CKD"	"7:104883305:C:A"	0.00124233471239565	0.0112	0.014
"P2BP03"	"AMD-CKD"	"CKD"	"7:104890960:T:C"	0.00124714671419102	0.0113	0.014
"P2BP03"	"AMD-CKD"	"CKD"	"7:104892139:T:C"	0.00100908305087888	-0.0027	0.018
"P2BP03"	"AMD-CKD"	"CKD"	"7:104893565:C:T"	0.00294272265762807	0.0229	0.0128
"P2BP03"	"AMD-CKD"	"CKD"	"7:104896470:C:A"	0.00509414619875803	0.02	0.0091
"P2BP03"	"AMD-CKD"	"CKD"	"7:104897225:G:A"	0.0049318945670449	0.0198	0.0091
"P2BP03"	"AMD-CKD"	"CKD"	"7:104897964:G:A"	0.0049318945670449	0.0198	0.0091
"P2BP03"	"AMD-CKD"	"CKD"	"7:104903903:G:T"	0.00117307362909824	0.0098	0.0143
"P2BP03"	"AMD-CKD"	"CKD"	"7:104904235:A:C"	0.00485330905370274	0.0197	0.0091
"P2BP03"	"AMD-CKD"	"CKD"	"7:104904868:C:T"	0.00535084914316408	0.0203	0.0091
"P2BP03"	"AMD-CKD"	"CKD"	"7:104905057:T:C"	0.0028934729294543	-0.0213	0.012
"P2BP03"	"AMD-CKD"	"CKD"	"7:104907017:C:T"	0.00821653207635209	0.024	0.0096
"P2BP03"	"AMD-CKD"	"CKD"	"7:104907507:C:T"	0.00836221268375548	0.0241	0.0096
"P2BP03"	"AMD-CKD"	"CKD"	"7:104911576:T:C"	0.0049318945670449	0.0198	0.0091
"P2BP03"	"AMD-CKD"	"CKD"	"7:104913239:T:C"	0.00166490177125622	-0.0215	0.0175
"P2BP03"	"AMD-CKD"	"CKD"	"7:104916166:T:C"	0.00571986175889805	0.0207	0.0091
"P2BP03"	"AMD-CKD"	"CKD"	"7:104918169:A:G"	0.00509414619875803	0.02	0.0091
"P2BP03"	"AMD-CKD"	"CKD"	"7:104918313:G:A"	0.00544014455322639	0.0204	0.0091
"P2BP03"	"AMD-CKD"	"CKD"	"7:104922022:C:A"	0.00501216011461114	0.0199	0.0091
"P2BP03"	"AMD-CKD"	"CKD"	"7:104923811:T:C"	0.00509414619875803	0.02	0.0091
"P2BP03"	"AMD-CKD"	"CKD"	"7:104923929:C:T"	0.00947628821645341	0.0248	0.0096
"P2BP03"	"AMD-CKD"	"CKD"	"7:104926183:A:G"	0.00517789440582483	0.0201	0.0091
"P2BP03"	"AMD-CKD"	"CKD"	"7:104926575:T:C"	0.00112800334489671	0.0085	0.0143
"P2BP03"	"AMD-CKD"	"CKD"	"7:104929267:T:C"	0.00964994335058367	0.0249	0.0096
"P2BP03"	"AMD-CKD"	"CKD"	"7:104930250:T:C"	0.00947628821645341	0.0248	0.0096
"P2BP03"	"AMD-CKD"	"CKD"	"7:104931545:A:C"	0.00509414619875803	0.02	0.0091
"P2BP03"	"AMD-CKD"	"CKD"	"7:104934662:A:G"	0.00509414619875803	0.02	0.0091
"P2BP03"	"AMD-CKD"	"CKD"	"7:104936469:C:T"	0.00535084914316408	0.0203	0.0091
"P2BP03"	"AMD-CKD"	"CKD"	"7:104938874:A:C"	0.0011294657801153	0.0101	0.0169
"P2BP03"	"AMD-CKD"	"CKD"	"7:104943302:C:T"	0.00553137991351027	0.0205	0.0091
"P2BP03"	"AMD-CKD"	"CKD"	"7:104947195:T:C"	0.0034794027084456	0.0175	0.0091
"P2BP03"	"AMD-CKD"	"CKD"	"7:104947553:A:G"	0.00123758380329064	0.0111	0.014
"P2BP03"	"AMD-CKD"	"CKD"	"7:104948076:A:G"	0.00464157320132597	0.0207	0.0097
"P2BP03"	"AMD-CKD"	"CKD"	"7:104951185:A:C"	0.00125997826761126	0.0109	0.0132
"P2BP03"	"AMD-CKD"	"CKD"	"7:104952483:T:C"	0.00548692786106375	0.0218	0.0097
"P2BP03"	"AMD-CKD"	"CKD"	"7:104956323:T:C"	0.00112800334489671	0.0085	0.0143
"P2BP03"	"AMD-CKD"	"CKD"	"7:104957761:G:A"	0.00665102266897033	0.023	0.0097
"P2BP03"	"AMD-CKD"	"CKD"	"7:104958129:T:G"	0.00584366085388399	0.0222	0.0097
"P2BP03"	"AMD-CKD"	"CKD"	"7:104958850:T:C"	0.00122369207880324	0.0108	0.014
"P2BP03"	"AMD-CKD"	"CKD"	"7:104961873:T:C"	0.00363251349665672	0.0178	0.0091
"P2BP03"	"AMD-CKD"	"CKD"	"7:104970195:C:T"	0.00111873486755987	0.0082	0.0143
"P2BP03"	"AMD-CKD"	"CKD"	"7:104971987:G:T"	0.00531909645363315	0.0216	0.0097
"P2BP03"	"AMD-CKD"	"CKD"	"7:104972174:T:C"	0.00633255590529924	0.0227	0.0097
"P2BP03"	"AMD-CKD"	"CKD"	"7:104972800:T:C"	0.00103199473383653	0.0043	0.0144
"P2BP03"	"AMD-CKD"	"CKD"	"7:104976859:A:G"	0.0011344117522627	0.0087	0.0143
"P2BP03"	"AMD-CKD"	"CKD"	"7:104984019:T:C"	0.0064365194064282	0.0228	0.0097
"P2BP03"	"AMD-CKD"	"CKD"	"7:104990954:T:C"	0.00385157537102487	0.0182	0.0091
"P2BP03"	"AMD-CKD"	"CKD"	"7:104995627:T:C"	0.00492780304184071	-0.0211	0.0097
"P2BP03"	"AMD-CKD"	"CKD"	"7:104999318:C:T"	0.00114526716102725	0.0089	0.0141
"P2BP03"	"AMD-CKD"	"CKD"	"7:105009612:G:A"	0.00373983278022338	0.018	0.0091
"P2BP03"	"AMD-CKD"	"CKD"	"7:105012794:A:G"	0.00112614725846327	0.0085	0.0144
"P2BP03"	"AMD-CKD"	"CKD"	"7:105012975:A:C"	0.00111017896680055	0.0078	0.0141
"P2BP03"	"AMD-CKD"	"CKD"	"7:105013788:G:A"	0.00368738290507342	0.0181	0.0092
"P2BP03"	"AMD-CKD"	"CKD"	"7:105024217:T:C"	0.00478186276052983	-0.0209	0.0097
"P2BP03"	"AMD-CKD"	"CKD"	"7:105027509:T:C"	0.00413219584675895	-0.0199	0.0097
"P2BP03"	"AMD-CKD"	"CKD"	"7:105027646:G:A"	0.00493656917305108	0.0222	0.0102
"P2BP03"	"AMD-CKD"	"CKD"	"7:105034044:G:A"	0.00108441780538515	0.007	0.0144
"P2BP03"	"AMD-CKD"	"CKD"	"7:105035037:A:C"	0.00100674947708579	0.0018	0.0144
"P2BP03"	"AMD-CKD"	"CKD"	"7:105036690:G:T"	0.00101735728550423	-0.0032	0.0148
"P2BP03"	"AMD-CKD"	"CKD"	"7:105059606:A:C"	0.00267193924776321	0.0169	0.0099
"P2BP03"	"AMD-CKD"	"CKD"	"7:105064593:C:T"	0.00101762942795869	0.0029	0.0133
"P2BP03"	"AMD-CKD"	"CKD"	"7:105067229:G:A"	0.00189745698811616	0.0135	0.0098
"P2BP03"	"AMD-CKD"	"CKD"	"7:105067767:T:C"	0.00231473883666866	0.0153	0.0097
"P2BP03"	"AMD-CKD"	"CKD"	"7:105076139:T:C"	0.00331197314707787	0.0196	0.0104
"P2BP03"	"AMD-CKD"	"CKD"	"7:105086631:A:G"	0.00693246247396573	0.0314	0.0131
"P2BP03"	"AMD-CKD"	"CKD"	"7:105088677:G:A"	0.00781529811441439	0.0289	0.0117
"P2BP03"	"AMD-CKD"	"CKD"	"7:105088693:A:C"	0.00346268582981502	0.0238	0.0124
"P2BP03"	"AMD-CKD"	"CKD"	"7:105091519:G:A"	0.00119427301297892	0.0094	0.013
"P2BP03"	"AMD-CKD"	"CKD"	"7:105093758:C:T"	0.00155707501794067	-0.0253	0.0221
"P2BP03"	"AMD-CKD"	"CKD"	"7:105096661:T:C"	0.00108145388537984	-0.0107	0.0224
"P2BP03"	"AMD-CKD"	"CKD"	"7:105110990:C:T"	0.00187435827661875	-0.0191	0.014
"P2BP03"	"AMD-CKD"	"CKD"	"7:105111661:C:T"	0.00212117875827811	-0.0209	0.014
"P2BP03"	"AMD-CKD"	"CKD"	"7:105112489:C:A"	0.0021146666800943	-0.0219	0.0147
"P2BP03"	"AMD-CKD"	"CKD"	"7:105119308:C:T"	0.00278845829878593	0.0211	0.0121
"P2BP03"	"AMD-CKD"	"CKD"	"7:105122960:T:C"	0.00100775693219046	0.0015	0.011
"P2BP03"	"AMD-CKD"	"CKD"	"7:105123148:C:T"	0.00119672296903217	0.008	0.011
"P2BP03"	"AMD-CKD"	"CKD"	"7:105127696:G:A"	0.00125775825717589	0.0102	0.0124
"P2BP03"	"AMD-CKD"	"CKD"	"7:105138947:C:T"	0.00112010047197064	0.0064	0.0111
"P2BP03"	"AMD-CKD"	"CKD"	"7:105141008:G:A"	0.00114421125740138	0.0078	0.0124
"P2BP03"	"AMD-CKD"	"CKD"	"7:105141152:T:C"	0.00109446743646513	0.0057	0.0111
"P2BP03"	"AMD-CKD"	"CKD"	"7:105143730:G:A"	0.0010344809891073	0.0063	0.0203
"P2BP03"	"AMD-CKD"	"CKD"	"7:105144059:G:A"	0.00109975832685572	0.0058	0.011
"P2BP03"	"AMD-CKD"	"CKD"	"7:105144968:T:C"	0.00106862561924248	0.0054	0.0123
"P2BP03"	"AMD-CKD"	"CKD"	"7:105147309:C:T"	0.00107094005642028	0.0054	0.0121
"P2BP03"	"AMD-CKD"	"CKD"	"7:105150255:C:A"	0.00104706971419055	0.0044	0.0121
"P2BP03"	"AMD-CKD"	"CKD"	"7:105150469:C:T"	0.00104706971419055	0.0044	0.0121
"P2BP03"	"AMD-CKD"	"CKD"	"7:105153191:C:T"	0.00102833156380666	0.003	0.0107
"P2BP03"	"AMD-CKD"	"CKD"	"7:105153242:G:A"	0.0010072982340178	0.0013	0.0099
"P2BP03"	"AMD-CKD"	"CKD"	"7:105155930:C:T"	0.00116565457155871	0.0094	0.014
"P2BP03"	"AMD-CKD"	"CKD"	"7:105158228:T:C"	0.00104706971419055	0.0044	0.0121
"P2BP03"	"AMD-CKD"	"CKD"	"7:105161755:T:G"	0.00111729982285846	0.0061	0.0107
"P2BP03"	"AMD-CKD"	"CKD"	"7:105163091:G:A"	0.00105366533438511	0.0047	0.0121
"P2BP03"	"AMD-CKD"	"CKD"	"7:105166776:C:T"	0.00105366533438511	0.0047	0.0121
"P2BP03"	"AMD-CKD"	"CKD"	"7:105167969:A:G"	0.00111583507046753	0.0068	0.012
"P2BP03"	"AMD-CKD"	"CKD"	"7:105170476:A:G"	0.00100346354226777	-0.0011	0.0143
"P2BP03"	"AMD-CKD"	"CKD"	"7:105173029:T:C"	0.00111583507046753	0.0068	0.012
"P2BP03"	"AMD-CKD"	"CKD"	"7:105173974:G:A"	0.00120643442291402	-0.0087	0.0117
"P2BP03"	"AMD-CKD"	"CKD"	"7:105174384:G:A"	0.00119273737610814	-0.0067	0.0093
"P2BP03"	"AMD-CKD"	"CKD"	"7:105178819:G:T"	0.00103057110792326	0.0035	0.012
"P2BP03"	"AMD-CKD"	"CKD"	"7:105179176:T:C"	0.00109719530500429	0.0063	0.0121
"P2BP03"	"AMD-CKD"	"CKD"	"7:105180508:C:T"	0.00119672296903217	-0.0152	0.0209
"P2BP03"	"AMD-CKD"	"CKD"	"7:105193051:G:A"	0.00105914264891838	0.0042	0.0103
"P2BP03"	"AMD-CKD"	"CKD"	"7:105195276:T:G"	0.00100448402110898	0.0019	0.0201
"P2BP03"	"AMD-CKD"	"CKD"	"7:105197175:G:A"	0.0010227678906195	0.0046	0.0184
"P2BP03"	"AMD-CKD"	"CKD"	"7:105205115:A:G"	0.00104706971419055	0.004	0.011
"P2BP03"	"AMD-CKD"	"CKD"	"7:105205917:A:C"	0.00101300803430959	0.0038	0.0206
"P2BP03"	"AMD-CKD"	"CKD"	"7:105215970:G:A"	0.00102005519870563	0.0043	0.0184
"P2BP03"	"AMD-CKD"	"CKD"	"7:105221097:A:G"	0.00117960928799132	0.0076	0.0109
"P2BP03"	"AMD-CKD"	"CKD"	"7:105226180:T:C"	0.00109624403339603	-0.0057	0.011
"P2BP03"	"AMD-CKD"	"CKD"	"7:105228825:A:G"	0.00118675971283755	0.0071	0.01
"P2BP03"	"AMD-CKD"	"CKD"	"7:105231535:C:T"	0.0015627834814933	-0.0123	0.0107
"P2BP03"	"AMD-CKD"	"CKD"	"7:105235033:C:T"	0.00117727851287441	-0.0149	0.0215
"P2BP03"	"AMD-CKD"	"CKD"	"7:105241647:A:C"	0.00111974453465713	0.0076	0.0132
"P2BP03"	"AMD-CKD"	"CKD"	"7:105242661:C:T"	0.00102621288767846	0.0035	0.013
"P2BP03"	"AMD-CKD"	"CKD"	"7:105245754:A:G"	0.0010458514789915	-0.0075	0.0209
"P2BP03"	"AMD-CKD"	"CKD"	"7:105245877:G:A"	0.00104909135810838	-0.0078	0.021
"P2BP03"	"AMD-CKD"	"CKD"	"7:105246821:C:T"	0.00116315598817751	0.0062	0.0093
"P2BP03"	"AMD-CKD"	"CKD"	"7:105247470:A:C"	0.00117218637422967	0.0067	0.0098
"P2BP03"	"AMD-CKD"	"CKD"	"7:105249120:A:C"	0.00107674519301382	0.0045	0.0097
"P2BP03"	"AMD-CKD"	"CKD"	"7:105249554:C:T"	0.0010070968197271	0.0024	0.0186
"P2BP03"	"AMD-CKD"	"CKD"	"7:105252718:A:G"	0.00121359854058722	0.0071	0.0094
"P2BP03"	"AMD-CKD"	"CKD"	"7:105252812:G:A"	0.00120582142975378	-0.015	0.0202
"P2BP03"	"AMD-CKD"	"CKD"	"7:105256374:A:G"	0.00105510577283163	0.0037	0.0094
"P2BP03"	"AMD-CKD"	"CKD"	"7:105261997:T:C"	0.00114052028821421	0.0064	0.0103
"P2BP03"	"AMD-CKD"	"CKD"	"7:105263059:T:C"	0.00101573558062118	0.0033	0.0161
"P2BP03"	"AMD-CKD"	"CKD"	"7:105264302:T:C"	0.00101564208608507	0.0019	0.0093
"P2BP03"	"AMD-CKD"	"CKD"	"7:105268601:T:C"	0.00218604794398025	0.0169	0.0111
"P2BP03"	"AMD-CKD"	"CKD"	"7:105272609:T:C"	0.00218131674151989	0.0149	0.0098
"P2BP03"	"AMD-CKD"	"CKD"	"7:105273720:A:C"	0.00221765622967551	-0.0295	0.0192
"P2BP03"	"AMD-CKD"	"CKD"	"7:105274812:G:A"	0.00163183277960455	0.0118	0.0098
"P2BP03"	"AMD-CKD"	"CKD"	"7:105276155:T:C"	0.0010836245726783	0.0045	0.0093
"P2BP03"	"AMD-CKD"	"CKD"	"7:105277793:T:C"	0.00100146594962458	0	0.0098
"P2BP03"	"AMD-CKD"	"CKD"	"7:105278201:C:T"	0.00115793221878502	0.0065	0.0099
"P2BP03"	"AMD-CKD"	"CKD"	"7:105288867:G:A"	0.00100162193676179	2e-04	0.0093
"P2BP03"	"AMD-CKD"	"CKD"	"7:105291444:C:T"	0.00100284095890113	-6e-04	0.0094
"P2BP03"	"AMD-CKD"	"CKD"	"7:105297520:A:G"	0.00103064580772416	-0.0033	0.0113
"P2BP03"	"AMD-CKD"	"CKD"	"7:105299515:T:C"	0.00100293025143816	0.0011	0.0167
"P2BP03"	"AMD-CKD"	"CKD"	"7:105306556:G:A"	0.0010016123391956	2e-04	0.0096
"P2BP03"	"AMD-CKD"	"CKD"	"7:105307121:C:T"	0.00119967399226173	0.0093	0.0127
"P2BP03"	"AMD-CKD"	"CKD"	"7:105308640:G:A"	0.00100633424345176	-0.0018	0.015
"P2BP03"	"AMD-CKD"	"CKD"	"7:105312942:G:T"	0.00119748518440299	0.0102	0.014
"P2BP03"	"AMD-CKD"	"CKD"	"7:105314571:G:A"	0.00106617578798163	-0.0047	0.0109
"P2BP03"	"AMD-CKD"	"CKD"	"7:105315630:T:C"	0.00122011014563606	0.0085	0.0111
"P2BP03"	"AMD-CKD"	"CKD"	"7:105318058:G:A"	0.00129726152473497	0.0135	0.0154
"P2BP03"	"AMD-CKD"	"CKD"	"7:105321923:T:G"	0.00100525410777486	-0.0018	0.017
"P2BP03"	"AMD-CKD"	"CKD"	"7:105322023:C:T"	0.00100376787651224	-9e-04	0.0109
"P2BP03"	"AMD-CKD"	"CKD"	"7:105322789:C:T"	0.00110467306464845	-0.0102	0.0189
"P2BP03"	"AMD-CKD"	"CKD"	"7:105323488:C:T"	0.00100563828238376	-0.0014	0.0126
"P2BP03"	"AMD-CKD"	"CKD"	"7:105324634:G:A"	0.00108102351567296	-0.0091	0.0191
"P2BP03"	"AMD-CKD"	"CKD"	"7:105326131:C:T"	0.00127407696700732	0.0104	0.0123
"P2BP03"	"AMD-CKD"	"CKD"	"7:105326156:A:G"	0.00102137288294823	-0.0022	0.0091
"P2BP03"	"AMD-CKD"	"CKD"	"7:105326172:C:T"	0.00101534000206771	-0.0019	0.0094
"P2BP03"	"AMD-CKD"	"CKD"	"7:105326263:T:C"	0.00102093831840988	-0.0022	0.0092
"P2BP03"	"AMD-CKD"	"CKD"	"7:105327647:A:G"	0.00119456414131203	0.0089	0.0123
"P2BP03"	"AMD-CKD"	"CKD"	"7:105330067:G:T"	0.00108427698047786	-0.0051	0.0105
"P2BP03"	"AMD-CKD"	"CKD"	"7:105331819:A:C"	0.0010227678906195	0.0023	0.0092
"P2BP03"	"AMD-CKD"	"CKD"	"7:105336922:C:T"	0.0010024006152024	0.001	0.019
"P2BP03"	"AMD-CKD"	"CKD"	"7:105339137:A:G"	0.00287570940427384	0.0223	0.0126
"P2BP03"	"AMD-CKD"	"CKD"	"7:105339909:A:G"	0.00113768580136953	-0.0088	0.0143
"P2BP03"	"AMD-CKD"	"CKD"	"7:105341608:A:G"	0.00108557639427065	0.0046	0.0094
"P2BP03"	"AMD-CKD"	"CKD"	"7:105341913:T:G"	0.00107674519301382	0.0045	0.0097
"P2BP03"	"AMD-CKD"	"CKD"	"7:105344951:T:C"	0.00102452599467706	0.0052	0.02
"P2BP03"	"AMD-CKD"	"CKD"	"7:105345947:A:G"	0.0017474351043576	-0.0189	0.0147
"P2BP03"	"AMD-CKD"	"CKD"	"7:105346117:G:A"	0.00100184707648499	4e-04	0.0119
"P2BP03"	"AMD-CKD"	"CKD"	"7:105346238:C:T"	0.00100447202669063	-0.001	0.0106
"P2BP03"	"AMD-CKD"	"CKD"	"7:105346591:A:G"	0.00180130653656785	-0.0169	0.0128
"P2BP03"	"AMD-CKD"	"CKD"	"7:105348730:A:G"	0.00213650413736688	-0.0186	0.0124
"P2BP03"	"AMD-CKD"	"CKD"	"7:105348894:G:A"	0.00230739210015618	-0.0233	0.0148
"P2BP03"	"AMD-CKD"	"CKD"	"7:105353348:C:T"	0.00731398029262109	0.026	0.0107
"P2BP03"	"AMD-CKD"	"CKD"	"7:105354680:C:T"	0.00112923366156859	-0.0083	0.0139
"P2BP03"	"AMD-CKD"	"CKD"	"7:105356399:C:A"	0.0022159498150236	-0.0172	0.0112
"P2BP03"	"AMD-CKD"	"CKD"	"7:105356897:G:T"	0.00270324293184698	-0.017	0.0099
"P2BP03"	"AMD-CKD"	"CKD"	"7:105360021:C:A"	0.0018766094466901	0.0127	0.0093
"P2BP03"	"AMD-CKD"	"CKD"	"7:105361835:T:C"	0.00100191527107563	-5e-04	0.0137
"P2BP03"	"AMD-CKD"	"CKD"	"7:105364258:A:G"	0.00292595487158198	0.0182	0.0102
"P2BP03"	"AMD-CKD"	"CKD"	"7:105366681:T:C"	0.00165620028401647	0.0121	0.0099
"P2BP03"	"AMD-CKD"	"CKD"	"7:105367513:C:A"	0.00330024376223792	0.0207	0.011
"P2BP03"	"AMD-CKD"	"CKD"	"7:105373099:T:C"	0.00183406330399505	0.0126	0.0094
"P2BP03"	"AMD-CKD"	"CKD"	"7:105373405:T:C"	0.00112175153999972	-0.0065	0.0112
"P2BP03"	"AMD-CKD"	"CKD"	"7:105376750:C:T"	0.00146297247911587	0.0122	0.0115
"P2BP03"	"AMD-CKD"	"CKD"	"7:105377070:A:G"	0.00104377081778917	0.0034	0.0097
"P2BP03"	"AMD-CKD"	"CKD"	"7:105377610:G:A"	0.00146353086426509	0.0121	0.0114
"P2BP03"	"AMD-CKD"	"CKD"	"7:105377668:C:T"	0.00145441973640548	0.012	0.0114
"P2BP03"	"AMD-CKD"	"CKD"	"7:105379442:C:T"	0.00100278422634303	-6e-04	0.0096
"P2BP03"	"AMD-CKD"	"CKD"	"7:105380361:T:C"	0.0010147641573387	0.0019	0.0096
"P2BP03"	"AMD-CKD"	"CKD"	"7:105382556:A:G"	0.00100638050119506	-0.0017	0.0141
"P2BP03"	"AMD-CKD"	"CKD"	"7:105382728:C:T"	0.00111026443097884	0.0057	0.0103
"P2BP03"	"AMD-CKD"	"CKD"	"7:105382750:T:C"	0.00102651203543225	0.0026	0.0096
"P2BP03"	"AMD-CKD"	"CKD"	"7:105383239:A:G"	0.00102542425800911	-0.0031	0.0117
"P2BP03"	"AMD-CKD"	"CKD"	"7:105383459:C:T"	0.00100275716806375	-6e-04	0.0097
"P2BP03"	"AMD-CKD"	"CKD"	"7:105383875:T:C"	0.00103533890325036	0.0033	0.0105
"P2BP03"	"AMD-CKD"	"CKD"	"7:105384560:C:A"	0.00102992599522733	0.003	0.0104
"P2BP03"	"AMD-CKD"	"CKD"	"7:105384666:T:C"	0.00101309872818356	-0.0025	0.0135
"P2BP03"	"AMD-CKD"	"CKD"	"7:105384906:C:T"	0.00103533890325036	0.0033	0.0105
"P2BP03"	"AMD-CKD"	"CKD"	"7:105386461:C:T"	0.00116127036134994	-0.0061	0.0092
"P2BP03"	"AMD-CKD"	"CKD"	"7:105387724:T:C"	0.0010046294289705	-9e-04	0.0093
"P2BP03"	"AMD-CKD"	"CKD"	"7:105390559:A:G"	0.00122705909560183	-0.008	0.0103
"P2BP03"	"AMD-CKD"	"CKD"	"7:105390650:G:A"	0.0016313327987153	-0.013	0.0108
"P2BP03"	"AMD-CKD"	"CKD"	"7:105394489:G:A"	0.00123447663773069	0.0093	0.0118
"P2BP03"	"AMD-CKD"	"CKD"	"7:105394542:C:T"	0.00105179517748011	-0.0058	0.0152
"P2BP03"	"AMD-CKD"	"CKD"	"7:105396550:T:C"	0.00126229910089937	0.0097	0.0117
"P2BP03"	"AMD-CKD"	"CKD"	"7:105396861:T:C"	0.00100794352821798	-0.0022	0.0159
"P2BP03"	"AMD-CKD"	"CKD"	"7:105399126:G:A"	0.00119783515008687	-0.007	0.0096
"P2BP03"	"AMD-CKD"	"CKD"	"7:105399253:G:A"	0.00102908197944229	0.0027	0.0095
"P2BP03"	"AMD-CKD"	"CKD"	"7:105399650:C:A"	0.00101109936703792	0.0029	0.0172
"P2BP03"	"AMD-CKD"	"CKD"	"7:105401015:T:C"	0.00100238442340395	-6e-04	0.0115
"P2BP03"	"AMD-CKD"	"CKD"	"7:105406916:T:C"	0.00121835088554101	0.0103	0.0135
"P2BP03"	"AMD-CKD"	"CKD"	"7:105408015:T:C"	0.00100387212525954	0.0013	0.0154
"P2BP03"	"AMD-CKD"	"CKD"	"7:105411928:C:T"	0.00130478509089393	0.0117	0.0132
"P2BP03"	"AMD-CKD"	"CKD"	"7:105412080:T:C"	0.00100973370106128	0.0015	0.0096
"P2BP03"	"AMD-CKD"	"CKD"	"7:105412253:T:C"	0.00108066667592288	0.0058	0.0122
"P2BP03"	"AMD-CKD"	"CKD"	"7:105413922:C:A"	0.00106764151769956	0.0068	0.0156
"P2BP03"	"AMD-CKD"	"CKD"	"7:105416054:C:T"	0.0010015697583049	2e-04	0.0114
"P2BP03"	"AMD-CKD"	"CKD"	"7:105416560:C:A"	0.00107246185966536	0.0046	0.0102
"P2BP03"	"AMD-CKD"	"CKD"	"7:105420269:T:C"	0.00101331846697805	0.002	0.0107
"P2BP03"	"AMD-CKD"	"CKD"	"7:105420850:C:T"	0.00117316525144096	0.0085	0.0124
"P2BP03"	"AMD-CKD"	"CKD"	"7:105421445:C:T"	0.00114815248736388	0.0079	0.0124
"P2BP03"	"AMD-CKD"	"CKD"	"7:105421568:T:C"	0.00100210368930653	4e-04	0.0092
"P2BP03"	"AMD-CKD"	"CKD"	"7:105423250:A:G"	0.00102794015001995	0.0027	0.0097
"P2BP04"	"AMD-STROKE"	"AMD"	"17:3429303:A:G"	0.0264507113521362	-0.0442823	0.0181465
"P2BP04"	"AMD-STROKE"	"AMD"	"17:3430757:T:C"	0.0173543896733658	-0.0273712	0.0189297
"P2BP04"	"AMD-STROKE"	"AMD"	"17:3431686:G:A"	0.0185850548684848	-0.0310068	0.0184929
"P2BP04"	"AMD-STROKE"	"AMD"	"17:3433672:C:A"	0.0222722522747464	-0.0400153	0.0187128
"P2BP04"	"AMD-STROKE"	"AMD"	"17:3436080:C:T"	0.0201666081751184	-0.0346013	0.0180589
"P2BP04"	"AMD-STROKE"	"AMD"	"17:3439454:C:T"	0.0146905083622121	-0.00929132	0.0265486
"P2BP04"	"AMD-STROKE"	"AMD"	"17:3444224:T:C"	0.0148072558550028	-0.00840676	0.0182713
"P2BP04"	"AMD-STROKE"	"AMD"	"17:3444243:C:T"	0.014927871223448	-0.0100454	0.0180068
"P2BP04"	"AMD-STROKE"	"AMD"	"17:3445901:T:G"	0.016514766303892	0.0227714	0.0182628
"P2BP04"	"AMD-STROKE"	"AMD"	"17:3446309:G:T"	0.0155848819728067	-0.0173586	0.0186114
"P2BP04"	"AMD-STROKE"	"AMD"	"17:3446885:T:C"	0.0171215258076483	-0.0260897	0.018632
"P2BP04"	"AMD-STROKE"	"AMD"	"17:3447914:C:T"	0.0161288226367158	0.0213856	0.0189061
"P2BP04"	"AMD-STROKE"	"AMD"	"17:3448434:A:G"	0.014889457675936	-0.0103825	0.0186359
"P2BP04"	"AMD-STROKE"	"AMD"	"17:3448722:G:A"	0.0147150105989817	-0.00755596	0.0190074
"P2BP04"	"AMD-STROKE"	"AMD"	"17:3449363:C:T"	0.0145750946558777	0.0032739	0.022833
"P2BP04"	"AMD-STROKE"	"AMD"	"17:3449442:T:C"	0.014965726712448	-0.0116747	0.0189831
"P2BP04"	"AMD-STROKE"	"AMD"	"17:3451254:G:A"	0.0173900586324536	-0.0384745	0.02691
"P2BP04"	"AMD-STROKE"	"AMD"	"17:3451747:C:T"	0.0146735230229706	0.0077951	0.0224576
"P2BP04"	"AMD-STROKE"	"AMD"	"17:3452318:T:C"	0.0148313210062732	-0.0090998	0.0202387
"P2BP04"	"AMD-STROKE"	"AMD"	"17:3456735:T:C"	0.0151573760069924	-0.0130901	0.0193056
"P2BP04"	"AMD-STROKE"	"AMD"	"17:3459132:A:G"	0.0185529428467124	0.0325336	0.0193517
"P2BP04"	"AMD-STROKE"	"AMD"	"17:3466596:A:G"	0.0205499955708076	-0.0383384	0.019531
"P2BP04"	"AMD-STROKE"	"AMD"	"17:3469853:A:C"	0.0145804291786503	-0.00259559	0.0186074
"P2BP04"	"AMD-STROKE"	"AMD"	"17:3471239:A:G"	0.0154671932826013	0.0201445	0.0232957
"P2BP04"	"AMD-STROKE"	"AMD"	"17:3472871:T:C"	0.0146406047609439	0.00483627	0.0182719
"P2BP04"	"AMD-STROKE"	"AMD"	"17:3473945:T:G"	0.0193692035457684	-0.0352566	0.0193786
"P2BP04"	"AMD-STROKE"	"AMD"	"17:3474660:G:A"	0.0147865475410071	0.010729	0.0242878
"P2BP04"	"AMD-STROKE"	"AMD"	"17:3475018:A:G"	0.015373706332149	0.0151031	0.0184207
"P2BP04"	"AMD-STROKE"	"AMD"	"17:3477793:G:A"	0.0186222855865964	-0.0343304	0.0201019
"P2BP04"	"AMD-STROKE"	"AMD"	"17:3477812:C:T"	0.0151458202343547	-0.0137524	0.0201277
"P2BP04"	"AMD-STROKE"	"AMD"	"17:3480396:C:T"	0.0168210660644025	0.0244943	0.0185572
"P2BP04"	"AMD-STROKE"	"AMD"	"17:3480447:T:C"	0.0185819507469441	0.0308878	0.0184731
"P2BP04"	"AMD-STROKE"	"AMD"	"17:3482299:C:T"	0.0173873023312792	-0.0298102	0.020178
"P2BP04"	"AMD-STROKE"	"AMD"	"17:3483477:T:C"	0.0200090261839118	0.0389116	0.0203965
"P2BP04"	"AMD-STROKE"	"AMD"	"17:3484368:G:A"	0.0163914241699294	-0.0214724	0.0185082
"P2BP04"	"AMD-STROKE"	"AMD"	"17:3486702:G:A"	0.017944152222657	-0.0293889	0.0190703
"P2BP04"	"AMD-STROKE"	"AMD"	"17:3487142:G:A"	0.015890005461717	-0.0226256	0.0210563
"P2BP04"	"AMD-STROKE"	"AMD"	"17:3487180:A:G"	0.018078733023624	-0.0298794	0.0190762
"P2BP04"	"AMD-STROKE"	"AMD"	"17:3488871:G:A"	0.0148391417488228	-0.0140319	0.0288353
"P2BP04"	"AMD-STROKE"	"AMD"	"17:3489514:T:C"	0.0169120439472665	-0.0250971	0.0190265
"P2BP04"	"AMD-STROKE"	"AMD"	"17:3494361:G:A"	0.0146695609185974	-0.00888553	0.0288195
"P2BP04"	"AMD-STROKE"	"AMD"	"17:3494868:A:G"	0.0163904950638667	-0.0238782	0.0195062
"P2BP04"	"AMD-STROKE"	"AMD"	"17:3495214:A:G"	0.0192975661234333	0.0354591	0.0195192
"P2BP04"	"AMD-STROKE"	"AMD"	"17:3495374:G:A"	0.0163841396610295	-0.0497038	0.0415138
"P2BP04"	"AMD-STROKE"	"AMD"	"17:3497570:G:A"	0.015274461712333	-0.0166008	0.0207639
"P2BP04"	"AMD-STROKE"	"AMD"	"17:3497984:T:C"	0.0147664454652675	-0.00940702	0.0206642
"P2BP04"	"AMD-STROKE"	"AMD"	"17:3498411:A:G"	0.0147359007426487	-0.00875264	0.020669
"P2BP04"	"AMD-STROKE"	"AMD"	"17:3500510:T:C"	0.014818451377951	-0.0103127	0.0205269
"P2BP04"	"AMD-STROKE"	"AMD"	"17:3500611:T:C"	0.01497670386856	-0.012975	0.0207835
"P2BP04"	"AMD-STROKE"	"AMD"	"17:3503527:T:G"	0.0147688780522762	-0.0114604	0.0240577
"P2BP04"	"AMD-STROKE"	"AMD"	"17:3505215:C:T"	0.0145687258194869	-0.00232543	0.0306633
"P2BP04"	"AMD-STROKE"	"AMD"	"17:3505233:C:T"	0.0147919650504824	0.00918512	0.0203827
"P2BP04"	"AMD-STROKE"	"AMD"	"17:3506043:T:C"	0.0151340737815397	-0.0175942	0.0235739
"P2BP04"	"AMD-STROKE"	"AMD"	"17:3508880:G:A"	0.0145693619420393	-0.00240069	0.0200667
"P2BP04"	"AMD-STROKE"	"AMD"	"17:3511808:A:G"	0.0145894741383732	-0.00400716	0.0202358
"P2BP04"	"AMD-STROKE"	"AMD"	"17:3513127:G:A"	0.0153191782965776	-0.0236737	0.0301914
"P2BP04"	"AMD-STROKE"	"AMD"	"17:3513719:G:A"	0.0147992903679798	0.00748819	0.0193961
"P2BP04"	"AMD-STROKE"	"AMD"	"17:3514902:T:C"	0.0151638007373167	-0.0212537	0.0301788
"P2BP04"	"AMD-STROKE"	"AMD"	"17:3519060:T:G"	0.0151205228976745	-0.0134516	0.0183526
"P2BP04"	"AMD-STROKE"	"AMD"	"17:3519954:G:T"	0.01848446838578	-0.0310984	0.0183156
"P2BP04"	"AMD-STROKE"	"AMD"	"17:3528614:C:T"	0.0154015582844552	-0.0160903	0.0187555
"P2BP04"	"AMD-STROKE"	"AMD"	"17:3529566:C:T"	0.01528364946231	0.0148907	0.0203279
"P2BP04"	"AMD-STROKE"	"AMD"	"17:3530253:G:T"	0.0145762398342995	0.00208737	0.0213155
"P2BP04"	"AMD-STROKE"	"AMD"	"17:3530404:C:T"	0.0154157153008933	0.0153957	0.0187389
"P2BP04"	"AMD-STROKE"	"AMD"	"17:3530633:G:A"	0.0150246404893664	-0.0114237	0.0186136
"P2BP04"	"AMD-STROKE"	"AMD"	"17:3531490:G:A"	0.014683223629262	0.00702412	0.0221753
"P2BP04"	"AMD-STROKE"	"AMD"	"17:3532670:C:T"	0.0158366219243579	-0.0247705	0.0247777
"P2BP04"	"AMD-STROKE"	"AMD"	"17:3533412:G:A"	0.0153672079346907	0.0150215	0.0188518
"P2BP04"	"AMD-STROKE"	"AMD"	"17:3536083:G:A"	0.0146266914431863	-0.00526857	0.0220196
"P2BP04"	"AMD-STROKE"	"AMD"	"17:3539897:C:T"	0.0166854101606365	0.0441821	0.0348378
"P2BP04"	"AMD-STROKE"	"AMD"	"17:3540042:G:A"	0.0158531276515387	-0.0249125	0.0247877
"P2BP04"	"AMD-STROKE"	"AMD"	"17:3542455:T:C"	0.0145879142927545	0.00175567	0.0182242
"P2BP04"	"AMD-STROKE"	"AMD"	"17:3543271:A:G"	0.0146016246970873	0.00243604	0.0182251
"P2BP04"	"AMD-STROKE"	"AMD"	"17:3546160:G:A"	0.014579970705114	-0.00149836	0.0204292
"P2BP04"	"AMD-STROKE"	"AMD"	"17:3548447:A:G"	0.0155715952515763	0.0156549	0.0183597
"P2BP04"	"AMD-STROKE"	"AMD"	"17:3548784:C:T"	0.0148382609350494	-0.00949987	0.0182239
"P2BP04"	"AMD-STROKE"	"AMD"	"17:3551345:T:G"	0.0145711908760825	-0.00072959	0.0202653
"P2BP04"	"AMD-STROKE"	"AMD"	"17:3552038:G:A"	0.0148250225914975	-0.00928793	0.0182178
"P2BP04"	"AMD-STROKE"	"AMD"	"17:3554059:G:A"	0.0149948973291357	0.0115932	0.0181771
"P2BP04"	"AMD-STROKE"	"AMD"	"17:3555424:G:A"	0.0159986382349396	-0.0261441	0.0249077
"P2BP04"	"AMD-STROKE"	"AMD"	"17:3564068:G:A"	0.014980202211907	0.0132618	0.0222512
"P2BP04"	"AMD-STROKE"	"AMD"	"17:3564073:A:G"	0.0149403631451293	0.0125709	0.0221397
"P2BP04"	"AMD-STROKE"	"AMD"	"17:3564779:C:T"	0.0151837692544755	0.0163184	0.0226876
"P2BP04"	"AMD-STROKE"	"AMD"	"17:3565103:A:G"	0.0165325001460969	-0.024205	0.0207098
"P2BP04"	"AMD-STROKE"	"AMD"	"17:3565969:T:C"	0.0174327017664304	-0.0400848	0.0271435
"P2BP04"	"AMD-STROKE"	"AMD"	"17:3567461:G:A"	0.0166277075856155	-0.0368776	0.0288677
"P2BP04"	"AMD-STROKE"	"AMD"	"17:3569913:G:T"	0.014578646030291	0.00225632	0.01842
"P2BP04"	"AMD-STROKE"	"AMD"	"17:3574289:T:C"	0.0148032268638102	-0.00815571	0.0187456
"P2BP04"	"AMD-STROKE"	"AMD"	"17:3577146:C:T"	0.0157605087695438	0.0295415	0.0294507
"P2BP04"	"AMD-STROKE"	"AMD"	"17:3577273:A:G"	0.0149264195099718	0.0103323	0.018592
"P2BP04"	"AMD-STROKE"	"AMD"	"17:3578122:A:C"	0.0148953695211531	0.00978646	0.0185134
"P2BP04"	"AMD-STROKE"	"AMD"	"17:3578178:G:A"	0.0148432680524478	0.00909498	0.0186843
"P2BP04"	"AMD-STROKE"	"AMD"	"17:3578351:A:G"	0.0147934207442111	0.00826296	0.0187118
"P2BP04"	"AMD-STROKE"	"AMD"	"17:3578647:T:C"	0.0147200363596971	0.00685613	0.01871
"P2BP04"	"AMD-STROKE"	"AMD"	"17:3579652:T:C"	0.0147430327213307	0.00733014	0.0187104
"P2BP04"	"AMD-STROKE"	"AMD"	"17:3579858:C:T"	0.0146715962494637	0.00574691	0.0187489
"P2BP04"	"AMD-STROKE"	"AMD"	"17:3580996:A:G"	0.0147294028937649	0.00706899	0.0187424
"P2BP04"	"AMD-STROKE"	"AMD"	"17:3581903:C:A"	0.0145640571421963	0.000810665	0.0180748
"P2BP04"	"AMD-STROKE"	"AMD"	"17:3582595:A:G"	0.0151041781539912	0.0128343	0.0185798
"P2BP04"	"AMD-STROKE"	"AMD"	"17:3584488:A:G"	0.0158465619340024	0.0188148	0.0183186
"P2BP04"	"AMD-STROKE"	"AMD"	"17:3584740:G:A"	0.0146016374810016	0.00358311	0.0187537
"P2BP04"	"AMD-STROKE"	"AMD"	"17:3591822:A:G"	0.0162133201108523	0.029811	0.0261874
"P2BP04"	"AMD-STROKE"	"AMD"	"17:3598018:T:C"	0.0146260169900454	-0.00546206	0.0225922
"P2BP04"	"AMD-STROKE"	"AMD"	"17:3600308:T:C"	0.014581121446917	0.00278774	0.020718
"P2BP04"	"AMD-STROKE"	"AMD"	"17:3603913:G:A"	0.0146909132689383	-0.00615415	0.0186626
"P2BP04"	"AMD-STROKE"	"AMD"	"17:3604007:G:A"	0.0147119262521298	-0.00663118	0.0186629
"P2BP04"	"AMD-STROKE"	"AMD"	"17:3604400:G:A"	0.0146868093748296	-0.00605578	0.0186613
"P2BP04"	"AMD-STROKE"	"AMD"	"17:3604708:C:T"	0.0147080944274111	-0.00654527	0.018663
"P2BP04"	"AMD-STROKE"	"AMD"	"17:3606192:G:A"	0.0146529505131676	-0.00510765	0.0184175
"P2BP04"	"AMD-STROKE"	"AMD"	"17:3607552:A:G"	0.0149892531695446	-0.0110503	0.0188482
"P2BP04"	"AMD-STROKE"	"AMD"	"17:3612128:T:G"	0.0146669844014111	0.00551295	0.0185044
"P2BP04"	"AMD-STROKE"	"AMD"	"17:3615496:A:G"	0.0147413323525579	-0.00696111	0.0180677
"P2BP04"	"AMD-STROKE"	"AMD"	"17:3618298:C:T"	0.0146788925112922	-0.00566353	0.0182987
"P2BP04"	"AMD-STROKE"	"AMD"	"17:3620138:A:G"	0.0153987100378923	-0.0154639	0.0186072
"P2BP04"	"AMD-STROKE"	"AMD"	"17:3628212:T:C"	0.0146542654604918	0.00597781	0.0193217
"P2BP04"	"AMD-STROKE"	"AMD"	"17:3628362:T:C"	0.0146330298535352	0.00470227	0.0182976
"P2BP04"	"AMD-STROKE"	"AMD"	"17:3630621:G:A"	0.0146133315963045	0.0040385	0.0183
"P2BP04"	"AMD-STROKE"	"AMD"	"17:3631118:T:C"	0.0149636155427166	-0.011588	0.0191718
"P2BP04"	"AMD-STROKE"	"AMD"	"17:3631241:A:G"	0.0145789092999382	-0.0029107	0.0218868
"P2BP04"	"AMD-STROKE"	"AMD"	"17:3632836:G:A"	0.0147509140066062	0.00823913	0.0191159
"P2BP04"	"AMD-STROKE"	"AMD"	"17:3634096:G:A"	0.0149886626104809	-0.0123582	0.0196492
"P2BP04"	"AMD-STROKE"	"AMD"	"17:3635645:A:G"	0.017836720728539	-0.0299769	0.0194519
"P2BP04"	"AMD-STROKE"	"AMD"	"17:3635768:A:C"	0.0162694835173077	0.0275425	0.0242716
"P2BP04"	"AMD-STROKE"	"AMD"	"17:3637953:C:T"	0.0160277483597274	0.0191384	0.0181457
"P2BP04"	"AMD-STROKE"	"AMD"	"17:3638037:C:T"	0.0157482526774817	0.0178211	0.0186076
"P2BP04"	"AMD-STROKE"	"AMD"	"17:3640880:G:A"	0.0269644005359789	0.0884061	0.0354119
"P2BP04"	"AMD-STROKE"	"AMD"	"17:3641316:T:C"	0.0299453487119969	0.0928318	0.0351157
"P2BP04"	"AMD-STROKE"	"AMD"	"17:3649214:G:A"	0.0145753644150757	-0.00309754	0.0231074
"P2BP04"	"AMD-STROKE"	"AMD"	"17:3654980:A:G"	0.0229464968196783	0.0663423	0.0297916
"P2BP04"	"AMD-STROKE"	"AMD"	"17:3656366:A:G"	0.0224737235195774	0.0705075	0.0321815
"P2BP04"	"AMD-STROKE"	"AMD"	"17:3657175:T:C"	0.0146287528475293	-0.00619531	0.0234735
"P2BP04"	"AMD-STROKE"	"AMD"	"17:3660864:G:A"	0.0208338992445339	-0.0402457	0.0199184
"P2BP04"	"AMD-STROKE"	"AMD"	"17:3664975:A:G"	0.0191694846028345	-0.0365344	0.0201537
"P2BP04"	"AMD-STROKE"	"AMD"	"17:3666862:C:T"	0.0199603730201032	-0.0584889	0.0314233
"P2BP04"	"AMD-STROKE"	"AMD"	"17:3670822:T:C"	0.0221167781966578	0.0701453	0.0326162
"P2BP04"	"AMD-STROKE"	"AMD"	"17:3672514:C:A"	0.0187734135991188	-0.0349616	0.0199476
"P2BP04"	"AMD-STROKE"	"AMD"	"17:3672941:A:G"	0.0180056659717494	0.0548824	0.0340211
"P2BP04"	"AMD-STROKE"	"AMD"	"17:3676393:C:A"	0.0192022830894329	0.0591083	0.0327313
"P2BP04"	"AMD-STROKE"	"AMD"	"17:3686003:C:T"	0.0169683948361791	0.0490922	0.0353562
"P2BP04"	"AMD-STROKE"	"AMD"	"17:3694554:C:T"	0.0146402972166296	0.0158728	0.0632049
"P2BP04"	"AMD-STROKE"	"AMD"	"17:3695981:G:A"	0.0149850871152406	-0.0165695	0.0289453
"P2BP04"	"AMD-STROKE"	"AMD"	"17:3703782:C:T"	0.0146615744770511	-0.0113395	0.0413838
"P2BP04"	"AMD-STROKE"	"AMD"	"17:3704483:G:A"	0.0147391866263989	-0.0115688	0.0307254
"P2BP04"	"AMD-STROKE"	"AMD"	"17:3705526:C:T"	0.0169700168872104	-0.0290252	0.0216854
"P2BP04"	"AMD-STROKE"	"AMD"	"17:3708034:G:A"	0.0196957188614035	0.0355746	0.0193744
"P2BP04"	"AMD-STROKE"	"AMD"	"17:3710124:T:G"	0.0211696989695439	0.082838	0.0407645
"P2BP04"	"AMD-STROKE"	"AMD"	"17:3718933:C:T"	0.0242493795006117	0.0444474	0.0192949
"P2BP04"	"AMD-STROKE"	"AMD"	"17:3725758:C:A"	0.0167400914375077	0.0643278	0.0485726
"P2BP04"	"AMD-STROKE"	"AMD"	"17:3725899:A:C"	0.0158312603761936	-0.023814	0.0231025
"P2BP04"	"AMD-STROKE"	"AMD"	"17:3726793:C:T"	0.0167840737579908	0.0648455	0.0485513
"P2BP04"	"AMD-STROKE"	"AMD"	"17:3726827:G:A"	0.0160891950161259	0.0200178	0.0181526
"P2BP04"	"AMD-STROKE"	"AMD"	"17:3727064:T:C"	0.0168326215970516	0.065421	0.0485383
"P2BP04"	"AMD-STROKE"	"AMD"	"17:3728587:A:G"	0.0213168487666027	0.0765036	0.0373726
"P2BP04"	"AMD-STROKE"	"AMD"	"17:3730979:G:A"	0.017016272656034	0.0260138	0.019139
"P2BP04"	"AMD-STROKE"	"AMD"	"17:3738990:T:C"	0.0146509870498218	0.0050921	0.0199481
"P2BP04"	"AMD-STROKE"	"AMD"	"17:3745359:T:C"	0.0181821920805246	0.0321116	0.0201531
"P2BP04"	"AMD-STROKE"	"AMD"	"17:3760621:G:T"	0.015089154813733	-0.017236	0.0254858
"P2BP04"	"AMD-STROKE"	"AMD"	"17:3763574:C:T"	0.0164040534530734	0.0258099	0.021173
"P2BP04"	"AMD-STROKE"	"AMD"	"17:3763933:T:C"	0.0150384471131541	0.0116052	0.0181762
"P2BP04"	"AMD-STROKE"	"AMD"	"17:3764630:G:A"	0.0159038304119701	0.0286082	0.0264644
"P2BP04"	"AMD-STROKE"	"AMD"	"17:3765268:T:G"	0.0149160340742511	0.0113056	0.0198843
"P2BP04"	"AMD-STROKE"	"AMD"	"17:3768679:A:G"	0.0153257762464238	0.0152672	0.0188645
"P2BP04"	"AMD-STROKE"	"AMD"	"17:3769379:G:A"	0.0158179352856916	0.0209521	0.0205969
"P2BP04"	"AMD-STROKE"	"AMD"	"17:3769407:C:T"	0.0158282555651285	0.0209899	0.0205623
"P2BP04"	"AMD-STROKE"	"AMD"	"17:3775848:T:C"	0.0152655079368029	-0.0142207	0.0182438
"P2BP04"	"AMD-STROKE"	"AMD"	"17:3775916:T:C"	0.0155412730925119	0.0221812	0.0244501
"P2BP04"	"AMD-STROKE"	"AMD"	"17:3776976:A:G"	0.0164251509989412	0.0323673	0.027064
"P2BP04"	"AMD-STROKE"	"AMD"	"17:3778479:T:C"	0.0145905490945009	-0.00517542	0.0376936
"P2BP04"	"AMD-STROKE"	"AMD"	"17:3780881:C:T"	0.0147901373323227	-0.00981615	0.0195608
"P2BP04"	"AMD-STROKE"	"AMD"	"17:3781054:T:C"	0.0160378610056603	0.0295282	0.0271419
"P2BP04"	"AMD-STROKE"	"AMD"	"17:3781494:A:G"	0.0149427812515091	0.019172	0.0336603
"P2BP04"	"AMD-STROKE"	"AMD"	"17:3781764:G:A"	0.0154024633838185	-0.0161215	0.01842
"P2BP04"	"AMD-STROKE"	"AMD"	"17:3781793:T:C"	0.0151639018819243	-0.0146664	0.0190765
"P2BP04"	"AMD-STROKE"	"AMD"	"17:3781931:T:C"	0.0145638765438368	-0.00148103	0.0503298
"P2BP04"	"AMD-STROKE"	"AMD"	"17:3783872:T:C"	0.0165040329732457	0.0248933	0.0193271
"P2BP04"	"AMD-STROKE"	"AMD"	"17:3786907:G:A"	0.0149642421937823	0.0119193	0.0190896
"P2BP04"	"AMD-STROKE"	"AMD"	"17:3793303:A:G"	0.0165877999127313	0.0268367	0.0215312
"P2BP04"	"AMD-STROKE"	"AMD"	"17:3793447:G:A"	0.0175530742799528	0.0350742	0.0230544
"P2BP04"	"AMD-STROKE"	"AMD"	"17:3797124:A:G"	0.0157199805151483	0.0256371	0.0223372
"P2BP04"	"AMD-STROKE"	"AMD"	"17:3797269:C:A"	0.0150175563137454	0.0172215	0.0213302
"P2BP04"	"AMD-STROKE"	"AMD"	"17:3800218:C:T"	0.01628404906726	0.0251538	0.0213161
"P2BP04"	"AMD-STROKE"	"AMD"	"17:3800995:T:C"	0.0180965569431979	-0.0313284	0.0207879
"P2BP04"	"AMD-STROKE"	"AMD"	"17:3801080:C:T"	0.0177365970460514	-0.0298819	0.0208148
"P2BP04"	"AMD-STROKE"	"AMD"	"17:3808032:A:G"	0.0156002144266918	0.019056	0.0184677
"P2BP04"	"AMD-STROKE"	"AMD"	"17:3808713:T:C"	0.0164452415300607	0.0258506	0.019608
"P2BP04"	"AMD-STROKE"	"AMD"	"17:3813667:G:A"	0.0145715551347317	0.00346508	0.0194726
"P2BP04"	"AMD-STROKE"	"AMD"	"17:3817609:G:A"	0.0174406824905117	-0.0342475	0.0209623
"P2BP04"	"AMD-STROKE"	"AMD"	"17:3818830:A:G"	0.0147225344532415	0.00570506	0.0187727
"P2BP04"	"AMD-STROKE"	"AMD"	"17:3820332:A:G"	0.0150906314096205	0.0131893	0.0206769
"P2BP04"	"AMD-STROKE"	"AMD"	"17:3820698:A:G"	0.014912662787639	0.010758	0.0206694
"P2BP04"	"AMD-STROKE"	"AMD"	"17:3821013:C:T"	0.0149054061975028	-0.011709	0.019748
"P2BP04"	"AMD-STROKE"	"AMD"	"17:3821064:A:G"	0.0147929647415149	0.00937853	0.0212153
"P2BP04"	"AMD-STROKE"	"AMD"	"17:3821953:T:C"	0.0179233326643866	0.0330907	0.0199169
"P2BP04"	"AMD-STROKE"	"AMD"	"17:3821988:A:C"	0.0152124466978726	0.0145093	0.0205182
"P2BP04"	"AMD-STROKE"	"AMD"	"17:3822069:A:G"	0.0161660399284962	-0.0311814	0.0243939
"P2BP04"	"AMD-STROKE"	"AMD"	"17:3822637:T:C"	0.0145937897090288	0.00221074	0.0201025
"P2BP04"	"AMD-STROKE"	"AMD"	"17:3825490:T:C"	0.0152059102528229	0.0151302	0.023506
"P2BP04"	"AMD-STROKE"	"AMD"	"17:3828702:T:C"	0.042918399029271	-0.0673236	0.021957
"P2BP04"	"AMD-STROKE"	"AMD"	"17:3828822:C:T"	0.0356470057074956	-0.0987442	0.0339882
"P2BP04"	"AMD-STROKE"	"AMD"	"17:3831240:C:T"	0.0148689481807986	-0.00690304	0.02868
"P2BP04"	"AMD-STROKE"	"AMD"	"17:3834598:T:C"	0.0146010230021004	0.00343003	0.0263335
"P2BP04"	"AMD-STROKE"	"AMD"	"17:3838248:T:C"	0.014697277899722	-0.00133218	0.0259927
"P2BP04"	"AMD-STROKE"	"AMD"	"17:3838626:T:C"	0.0209297431054166	-0.0713297	0.0338817
"P2BP04"	"AMD-STROKE"	"AMD"	"17:3839685:G:A"	0.0158153730092292	-0.0185098	0.0235101
"P2BP04"	"AMD-STROKE"	"AMD"	"17:3840055:C:T"	0.0156137206750661	-0.0449254	0.0425615
"P2BP04"	"AMD-STROKE"	"AMD"	"17:3840230:C:T"	0.0159652647275393	-0.019521	0.0232014
"P2BP04"	"AMD-STROKE"	"AMD"	"17:3842491:G:A"	0.0159344209011879	-0.0195815	0.0236035
"P2BP04"	"AMD-STROKE"	"AMD"	"17:3846802:A:G"	0.0150929422185497	-0.0157122	0.0196824
"P2BP04"	"AMD-STROKE"	"AMD"	"17:3851451:C:T"	0.0145924315667976	-0.00909732	0.0233222
"P2BP04"	"AMD-STROKE"	"AMD"	"17:3855813:C:T"	0.0153856316346181	-0.0303368	0.0245105
"P2BP04"	"AMD-STROKE"	"AMD"	"17:3860554:T:C"	0.0166397651603972	-0.0356334	0.0226508
"P2BP04"	"AMD-STROKE"	"AMD"	"17:3863796:G:T"	0.0262774938954226	-0.079452	0.0281895
"P2BP04"	"AMD-STROKE"	"AMD"	"17:3865399:C:T"	0.0152422934588222	0.0265149	0.02531
"P2BP04"	"AMD-STROKE"	"AMD"	"17:3868738:T:C"	0.0173944644510535	-0.0477464	0.0231915
"P2BP04"	"AMD-STROKE"	"AMD"	"17:3871323:T:C"	0.0149493924562507	-0.0171703	0.0188681
"P2BP04"	"AMD-STROKE"	"AMD"	"17:3872264:C:T"	0.014916719566734	-0.017487	0.0191754
"P2BP04"	"AMD-STROKE"	"AMD"	"17:3875629:A:G"	0.0161624300630816	-0.0273414	0.0203966
"P2BP04"	"AMD-STROKE"	"AMD"	"17:3876082:C:T"	0.0151642014189997	0.0253844	0.0249931
"P2BP04"	"AMD-STROKE"	"AMD"	"17:3877392:T:C"	0.0362281949251787	-0.0940343	0.0294454
"P2BP04"	"AMD-STROKE"	"AMD"	"17:3880148:C:T"	0.0187091091054652	-0.0431145	0.0181442
"P2BP04"	"AMD-STROKE"	"AMD"	"17:3881130:T:C"	0.018250646493385	-0.0417116	0.0180429
"P2BP04"	"AMD-STROKE"	"AMD"	"17:3881345:C:T"	0.0172680486672373	-0.0392258	0.0181629
"P2BP04"	"AMD-STROKE"	"AMD"	"17:3882309:G:A"	0.0160546533305987	-0.0395771	0.0238801
"P2BP04"	"AMD-STROKE"	"AMD"	"17:3884665:G:T"	0.0181336627595596	-0.0535386	0.0239118
"P2BP04"	"AMD-STROKE"	"AMD"	"17:3889764:C:T"	0.0334631517472027	-0.0890506	0.0281583
"P2BP04"	"AMD-STROKE"	"AMD"	"17:3889843:A:G"	0.0152396768996741	-0.0335115	0.0324875
"P2BP04"	"AMD-STROKE"	"AMD"	"17:3890429:A:G"	0.0185546040819656	-0.0482044	0.01878
"P2BP04"	"AMD-STROKE"	"AMD"	"17:3896807:A:G"	0.0149637677742682	0.0103341	0.0389985
"P2BP04"	"AMD-STROKE"	"AMD"	"17:3900911:G:A"	0.0148111142887872	0.005504	0.0391806
"P2BP04"	"AMD-STROKE"	"AMD"	"17:3901502:T:G"	0.0195472769144039	-0.0505572	0.0188401
"P2BP04"	"AMD-STROKE"	"AMD"	"17:3904542:G:T"	0.0217199701992232	-0.0639427	0.0239668
"P2BP04"	"AMD-STROKE"	"AMD"	"17:3906875:G:A"	0.0361124072581489	-0.0906784	0.028108
"P2BP04"	"AMD-STROKE"	"AMD"	"17:3907211:A:G"	0.032774866345929	-0.0879628	0.0279886
"P2BP04"	"AMD-STROKE"	"AMD"	"17:3907308:A:G"	0.0200319342416113	-0.0514487	0.0188395
"P2BP04"	"AMD-STROKE"	"AMD"	"17:3909404:C:A"	0.0201490956370363	-0.0516967	0.0188475
"P2BP04"	"AMD-STROKE"	"AMD"	"17:3910613:G:A"	0.0188233372656936	-0.0564494	0.0237089
"P2BP04"	"AMD-STROKE"	"AMD"	"17:3916729:G:A"	0.015528426581172	0.0219727	0.0384465
"P2BP04"	"AMD-STROKE"	"AMD"	"17:3916823:G:A"	0.0188897983146392	-0.0552967	0.0231138
"P2BP04"	"AMD-STROKE"	"AMD"	"17:3919106:C:T"	0.0200679146112591	-0.0603835	0.0239469
"P2BP04"	"AMD-STROKE"	"AMD"	"17:3919981:A:G"	0.0186634481495501	-0.0486144	0.0188242
"P2BP04"	"AMD-STROKE"	"AMD"	"17:3920432:G:A"	0.020131908721251	-0.0603743	0.0238813
"P2BP04"	"AMD-STROKE"	"AMD"	"17:3921834:C:T"	0.0149086170117131	-0.0262335	0.0237083
"P2BP04"	"AMD-STROKE"	"AMD"	"17:3922748:A:C"	0.0146951923875175	-0.0163382	0.0210796
"P2BP04"	"AMD-STROKE"	"AMD"	"17:3922918:A:G"	0.0186858301027071	-0.0486671	0.0188062
"P2BP04"	"AMD-STROKE"	"AMD"	"17:3923129:G:T"	0.017432944439904	-0.0506573	0.0233895
"P2BP04"	"AMD-STROKE"	"AMD"	"17:3928080:G:A"	0.0216462057989922	-0.0866188	0.0473041
"P2BP04"	"AMD-STROKE"	"AMD"	"17:3929659:A:C"	0.0150141485647797	-0.0275081	0.023092
"P2BP04"	"AMD-STROKE"	"AMD"	"17:3935223:T:C"	0.022971696222181	-0.0729894	0.0266785
"P2BP04"	"AMD-STROKE"	"AMD"	"17:3936043:C:T"	0.016824101569317	-0.0472415	0.0230935
"P2BP04"	"AMD-STROKE"	"AMD"	"17:3936529:A:G"	0.0146559544651731	-0.0152004	0.0225207
"P2BP04"	"AMD-STROKE"	"AMD"	"17:3939632:T:C"	0.014659448517078	-0.013126	0.022646
"P2BP04"	"AMD-STROKE"	"AMD"	"17:3941396:T:C"	0.0165140167677718	-0.0409597	0.0186024
"P2BP04"	"AMD-STROKE"	"AMD"	"17:3943291:T:C"	0.0157526426448115	-0.0406017	0.0304279
"P2BP04"	"AMD-STROKE"	"AMD"	"17:3943543:G:A"	0.0168202584924151	-0.0471683	0.0230484
"P2BP04"	"AMD-STROKE"	"AMD"	"17:3947533:G:A"	0.0218714934312936	-0.0707122	0.0266031
"P2BP04"	"AMD-STROKE"	"AMD"	"17:3947644:T:C"	0.0169209957257507	-0.0424862	0.0185039
"P2BP04"	"AMD-STROKE"	"AMD"	"17:3951975:C:A"	0.015305512710639	-0.0296338	0.0182643
"P2BP04"	"AMD-STROKE"	"AMD"	"17:3953083:T:C"	0.0211501230015072	-0.0531092	0.0186348
"P2BP04"	"AMD-STROKE"	"AMD"	"17:3953102:A:G"	0.0192060175473363	-0.0496877	0.0186205
"P2BP04"	"AMD-STROKE"	"AMD"	"17:3955602:A:G"	0.0167399161059409	-0.0500923	0.0251018
"P2BP04"	"AMD-STROKE"	"AMD"	"17:3957124:T:C"	0.0202081756405115	-0.0519028	0.0186887
"P2BP04"	"AMD-STROKE"	"AMD"	"17:3958105:T:G"	0.0201398069656443	-0.0517832	0.01869
"P2BP04"	"AMD-STROKE"	"AMD"	"17:3958341:C:T"	0.0203386706646006	-0.052137	0.0186951
"P2BP04"	"AMD-STROKE"	"AMD"	"17:3961200:C:T"	0.0156532815461633	-0.0364098	0.0236299
"P2BP04"	"AMD-STROKE"	"AMD"	"17:3961489:C:T"	0.0201956389806612	-0.0518917	0.0186928
"P2BP04"	"AMD-STROKE"	"AMD"	"17:3961617:A:G"	0.0169124928129267	-0.0523342	0.0257988
"P2BP04"	"AMD-STROKE"	"AMD"	"17:3962450:A:G"	0.015573514252626	-0.0356251	0.0236119
"P2BP04"	"AMD-STROKE"	"AMD"	"17:3966064:A:G"	0.0202940480758707	-0.0520614	0.0186933
"P2BP04"	"AMD-STROKE"	"AMD"	"17:3966243:G:A"	0.0145851854620866	-0.0107803	0.0380455
"P2BP04"	"AMD-STROKE"	"AMD"	"17:3966591:T:C"	0.0155434559161129	-0.0353207	0.023603
"P2BP04"	"AMD-STROKE"	"AMD"	"17:3978031:A:G"	0.0166882595298045	-0.050674	0.0256354
"P2BP04"	"AMD-STROKE"	"AMD"	"17:3978268:T:C"	0.0156896732615054	-0.0365442	0.0234862
"P2BP04"	"AMD-STROKE"	"AMD"	"17:3979949:G:A"	0.0167952003617046	-0.0448852	0.0239551
"P2BP04"	"AMD-STROKE"	"AMD"	"17:3979982:G:A"	0.017029347241041	-0.0529753	0.0257878
"P2BP04"	"AMD-STROKE"	"AMD"	"17:3980318:T:C"	0.0201780316243531	-0.0518651	0.0186876
"P2BP04"	"AMD-STROKE"	"AMD"	"17:3984117:C:T"	0.0207548561315262	-0.0538814	0.0194344
"P2BP04"	"AMD-STROKE"	"AMD"	"17:3985832:A:G"	0.0212226014119289	0.0537527	0.0187753
"P2BP04"	"AMD-STROKE"	"AMD"	"17:3985864:G:A"	0.0224389390167465	-0.056541	0.019563
"P2BP04"	"AMD-STROKE"	"AMD"	"17:3989968:C:T"	0.0264128484394131	0.0596236	0.0189056
"P2BP04"	"AMD-STROKE"	"AMD"	"17:3994225:C:A"	0.0166138674582582	-0.044929	0.0245807
"P2BP04"	"AMD-STROKE"	"AMD"	"17:3994670:A:G"	0.0264282635750063	0.0596245	0.0189019
"P2BP04"	"AMD-STROKE"	"AMD"	"17:3996334:T:C"	0.0164909938618307	-0.044149	0.0245743
"P2BP04"	"AMD-STROKE"	"AMD"	"17:3996964:C:A"	0.0261950550823785	0.0594512	0.0189041
"P2BP04"	"AMD-STROKE"	"AMD"	"17:3999199:C:T"	0.0166513771967681	-0.0449293	0.0244539
"P2BP04"	"AMD-STROKE"	"AMD"	"17:4005521:G:A"	0.0156845228953497	-0.0514618	0.0406414
"P2BP04"	"AMD-STROKE"	"AMD"	"17:4007594:T:C"	0.0170274433381198	-0.0473635	0.024625
"P2BP04"	"AMD-STROKE"	"AMD"	"17:4007650:A:G"	0.0146465417429767	-0.00483445	0.0349789
"P2BP04"	"AMD-STROKE"	"AMD"	"17:4007691:C:A"	0.0146460940271927	-0.00486506	0.0349807
"P2BP04"	"AMD-STROKE"	"AMD"	"17:4008021:T:C"	0.0182175792309189	-0.0584218	0.025729
"P2BP04"	"AMD-STROKE"	"AMD"	"17:4008352:C:A"	0.0182038940444373	-0.0586373	0.0258477
"P2BP04"	"AMD-STROKE"	"AMD"	"17:4008820:G:A"	0.0169708517535486	-0.0470884	0.0246403
"P2BP04"	"AMD-STROKE"	"AMD"	"17:4011602:A:G"	0.0166324697016822	-0.0448899	0.0220969
"P2BP04"	"AMD-STROKE"	"AMD"	"17:4012739:C:A"	0.0183078177425109	-0.0590722	0.025858
"P2BP04"	"AMD-STROKE"	"AMD"	"17:4015214:C:A"	0.0146639919970284	-0.00375024	0.0350606
"P2BP04"	"AMD-STROKE"	"AMD"	"17:4017434:T:C"	0.0195861378582682	-0.0644774	0.0263133
"P2BP04"	"AMD-STROKE"	"AMD"	"17:4019966:G:A"	0.0359072764816233	0.0648584	0.0190431
"P2BP04"	"AMD-STROKE"	"AMD"	"17:4027152:T:C"	0.0182138498501068	-0.058476	0.0258327
"P2BP04"	"AMD-STROKE"	"AMD"	"17:4028700:T:C"	0.0189096660654277	0.0615134	0.0259732
"P2BP04"	"AMD-STROKE"	"AMD"	"17:4034456:A:G"	0.0180009081558808	-0.0579432	0.0259042
"P2BP04"	"AMD-STROKE"	"AMD"	"17:4034680:G:A"	0.0180572495833428	-0.0581741	0.025903
"P2BP04"	"AMD-STROKE"	"AMD"	"17:4041725:T:C"	0.0226969407239983	0.0724855	0.026596
"P2BP04"	"AMD-STROKE"	"AMD"	"17:4048081:T:C"	0.0176372042914675	-0.0507366	0.022629
"P2BP04"	"AMD-STROKE"	"AMD"	"17:4050138:C:T"	0.0147392515831747	0.0207549	0.0237189
"P2BP04"	"AMD-STROKE"	"AMD"	"17:4052566:G:T"	0.0146382451950676	-0.0199259	0.0359767
"P2BP04"	"AMD-STROKE"	"AMD"	"17:4055828:A:G"	0.0305861689186616	0.0872002	0.0303922
"P2BP04"	"AMD-STROKE"	"AMD"	"17:4056376:G:A"	0.0251082678529859	0.0597145	0.0192562
"P2BP04"	"AMD-STROKE"	"AMD"	"17:4056542:G:A"	0.0213694490996934	-0.0733334	0.027974
"P2BP04"	"AMD-STROKE"	"AMD"	"17:4060482:G:T"	0.0176616968932646	0.0497064	0.0221369
"P2BP04"	"AMD-STROKE"	"AMD"	"17:4061278:A:G"	0.0146323634967134	-0.0194385	0.0359311
"P2BP04"	"AMD-STROKE"	"AMD"	"17:4063734:A:G"	0.0151443670835111	-0.0319349	0.0246485
"P2BP04"	"AMD-STROKE"	"AMD"	"17:4064529:G:A"	0.019872561470027	0.0595366	0.0245461
"P2BP04"	"AMD-STROKE"	"AMD"	"17:4066223:A:G"	0.019312865255635	-0.0579975	0.0245666
"P2BP04"	"AMD-STROKE"	"AMD"	"17:4066657:T:C"	0.0317136033378862	0.063156	0.0190727
"P2BP04"	"AMD-STROKE"	"AMD"	"17:4067315:G:A"	0.0146140789526888	-0.0177461	0.0359732
"P2BP04"	"AMD-STROKE"	"AMD"	"17:4069735:C:A"	0.015175084907041	-0.0326443	0.0249097
"P2BP04"	"AMD-STROKE"	"AMD"	"17:4073398:A:G"	0.0249100121911187	0.0591598	0.0197418
"P2BP04"	"AMD-STROKE"	"AMD"	"17:4081975:G:A"	0.0287542428378931	-0.0643844	0.0202868
"P2BP04"	"AMD-STROKE"	"AMD"	"17:4083242:T:C"	0.0254957060599563	-0.06023	0.0197644
"P2BP04"	"AMD-STROKE"	"AMD"	"17:4088291:C:T"	0.0148062338028745	0.0277809	0.0355853
"P2BP04"	"AMD-STROKE"	"AMD"	"17:4090060:G:A"	0.0272144350058292	0.0610683	0.0191622
"P2BP04"	"AMD-STROKE"	"AMD"	"17:4098998:A:G"	0.0258371109464842	-0.0619888	0.0202537
"P2BP04"	"AMD-STROKE"	"AMD"	"17:4105059:A:G"	0.0156264477068019	-0.0545465	0.0466815
"P2BP04"	"AMD-STROKE"	"AMD"	"17:4108648:A:G"	0.0238564023648845	-0.0568303	0.0191094
"P2BP04"	"AMD-STROKE"	"AMD"	"17:4110024:C:T"	0.0302441417904706	0.063012	0.0191652
"P2BP04"	"AMD-STROKE"	"AMD"	"17:4115617:T:C"	0.0253076017071687	0.0596033	0.0191691
"P2BP04"	"AMD-STROKE"	"AMD"	"17:4117199:T:C"	0.0261202434808906	-0.0599939	0.0191562
"P2BP04"	"AMD-STROKE"	"AMD"	"17:4119994:G:A"	0.0244898344990231	0.0588592	0.0191706
"P2BP04"	"AMD-STROKE"	"AMD"	"17:4133394:C:A"	0.0292035017644328	0.062285	0.0191356
"P2BP04"	"AMD-STROKE"	"AMD"	"17:4134119:T:C"	0.032540560309282	-0.0638735	0.0191387
"P2BP04"	"AMD-STROKE"	"AMD"	"17:4137919:C:A"	0.0348691218464116	0.065104	0.019128
"P2BP04"	"AMD-STROKE"	"AMD"	"17:4140669:G:T"	0.0476029404587092	0.0693577	0.0192518
"P2BP04"	"AMD-STROKE"	"AMD"	"17:4143290:T:C"	0.0316367104593431	-0.0634114	0.0191367
"P2BP04"	"AMD-STROKE"	"AMD"	"17:4145818:T:C"	0.030842737625345	-0.0630275	0.0191473
"P2BP04"	"AMD-STROKE"	"AMD"	"17:4147047:T:C"	0.0338877891232563	-0.0631027	0.0187252
"P2BP04"	"AMD-STROKE"	"AMD"	"17:4151421:G:A"	0.0263526357912157	-0.0602398	0.0191831
"P2BP04"	"AMD-STROKE"	"AMD"	"17:4153807:T:C"	0.0312122821178656	-0.0632456	0.0191549
"P2BP04"	"AMD-STROKE"	"AMD"	"17:4154376:T:C"	0.0323798856239731	-0.0638586	0.0191625
"P2BP04"	"AMD-STROKE"	"AMD"	"17:4154426:T:G"	0.0306348403117611	-0.0629461	0.0191596
"P2BP04"	"AMD-STROKE"	"AMD"	"17:4156190:T:C"	0.0215100145355139	-0.0686071	0.0385521
"P2BP04"	"AMD-STROKE"	"AMD"	"17:4156620:G:T"	0.0185343100385518	0.0500085	0.0193015
"P2BP04"	"AMD-STROKE"	"AMD"	"17:4162965:T:C"	0.0174323692844707	-0.0464353	0.0191733
"P2BP04"	"AMD-STROKE"	"AMD"	"17:4166804:C:T"	0.0186852355686858	0.0490238	0.018827
"P2BP04"	"AMD-STROKE"	"AMD"	"17:4172943:C:A"	0.0188775579363036	0.0497723	0.0198175
"P2BP04"	"AMD-STROKE"	"AMD"	"17:4175846:C:T"	0.018634601281574	0.0491487	0.0198126
"P2BP04"	"AMD-STROKE"	"AMD"	"17:4179295:C:T"	0.0146612391841456	0.0207688	0.0349214
"P2BP04"	"AMD-STROKE"	"AMD"	"17:4181122:G:A"	0.0195795349290088	0.0524108	0.0200424
"P2BP04"	"AMD-STROKE"	"AMD"	"17:4182859:C:T"	0.0181200389815559	-0.0485724	0.0199698
"P2BP04"	"AMD-STROKE"	"AMD"	"17:4184641:C:A"	0.020144756818309	0.0535352	0.0200388
"P2BP04"	"AMD-STROKE"	"AMD"	"17:4185327:T:C"	0.0178939458113897	-0.0478741	0.019967
"P2BP04"	"AMD-STROKE"	"AMD"	"17:4187940:T:C"	0.0182750292705551	-0.0490295	0.0199747
"P2BP04"	"AMD-STROKE"	"AMD"	"17:4198650:A:G"	0.023654437983593	-0.0638858	0.0222942
"P2BP04"	"AMD-STROKE"	"AMD"	"17:4199284:A:G"	0.0185519779735324	-0.0497082	0.0199452
"P2BP04"	"AMD-STROKE"	"AMD"	"17:4200262:A:C"	0.0147071903773255	-0.00157027	0.0351824
"P2BP04"	"AMD-STROKE"	"AMD"	"17:4205445:T:C"	0.0218621603899607	0.0562876	0.0200148
"P2BP04"	"AMD-STROKE"	"AMD"	"17:4212108:C:T"	0.0213778757326287	0.0555397	0.0200031
"P2BP04"	"AMD-STROKE"	"AMD"	"17:4212894:A:G"	0.0215078767196583	0.0557688	0.0200163
"P2BP04"	"AMD-STROKE"	"AMD"	"17:4213245:C:T"	0.0195140581754775	-0.0508412	0.0195035
"P2BP04"	"AMD-STROKE"	"AMD"	"17:4214005:G:A"	0.0296397168883648	0.0607423	0.0193106
"P2BP04"	"AMD-STROKE"	"AMD"	"17:4215748:T:C"	0.0191947915227331	-0.0513082	0.0199539
"P2BP04"	"AMD-STROKE"	"AMD"	"17:4218344:G:A"	0.0184788578723326	-0.0495289	0.0199522
"P2BP04"	"AMD-STROKE"	"AMD"	"17:4221236:A:G"	0.0184441852735724	-0.0494007	0.0199377
"P2BP04"	"AMD-STROKE"	"AMD"	"17:4224736:T:C"	0.0187041406704165	-0.0501026	0.0199436
"P2BP04"	"AMD-STROKE"	"AMD"	"17:4225303:A:G"	0.0146914218658015	-0.0248574	0.0316337
"P2BP04"	"AMD-STROKE"	"AMD"	"17:4226795:T:C"	0.0157150231335672	-0.035108	0.0197325
"P2BP04"	"AMD-STROKE"	"AMD"	"17:4232084:C:A"	0.0188581152026622	-0.0504886	0.019941
"P2BP04"	"AMD-STROKE"	"AMD"	"17:4235975:G:A"	0.0192337996565323	-0.0514168	0.0199617
"P2BP04"	"AMD-STROKE"	"AMD"	"17:4238324:C:T"	0.0192994955229171	-0.051531	0.0199487
"P2BP04"	"AMD-STROKE"	"AMD"	"17:4242178:G:A"	0.0207846002732748	-0.0532455	0.0195187
"P2BP04"	"AMD-STROKE"	"AMD"	"17:4242389:T:G"	0.0153243926500615	-0.0223129	0.0262522
"P2BP04"	"AMD-STROKE"	"AMD"	"17:4244514:G:A"	0.0194623975401185	-0.0518876	0.0199487
"P2BP04"	"AMD-STROKE"	"AMD"	"17:4245305:G:T"	0.0192697894511352	-0.0514931	0.0199611
"P2BP04"	"AMD-STROKE"	"AMD"	"17:4261050:A:G"	0.019058446400455	-0.0509098	0.0199337
"P2BP04"	"AMD-STROKE"	"AMD"	"17:4272893:G:A"	0.0187804332350738	-0.0501199	0.0199453
"P2BP04"	"AMD-STROKE"	"AMD"	"17:4278835:A:G"	0.0170333186581579	-0.0422041	0.0192306
"P2BP04"	"AMD-STROKE"	"AMD"	"17:4285429:A:G"	0.0186965849377326	0.0486027	0.0198053
"P2BP04"	"AMD-STROKE"	"AMD"	"17:4298940:T:C"	0.0157585243864451	-0.0399584	0.0248108
"P2BP04"	"AMD-STROKE"	"AMD"	"17:4299256:T:C"	0.0148848038724972	-0.0259043	0.0232547
"P2BP04"	"AMD-STROKE"	"AMD"	"17:4308647:A:C"	0.0169078211888815	-0.049288	0.0253636
"P2BP04"	"AMD-STROKE"	"AMD"	"17:4309543:A:G"	0.0146146735537948	0.00767223	0.0181478
"P2BP04"	"AMD-STROKE"	"AMD"	"17:4310639:C:T"	0.0155698311392503	0.0263689	0.0183838
"P2BP04"	"AMD-STROKE"	"AMD"	"17:4315506:C:T"	0.0146529135515028	0.0119899	0.01874
"P2BP04"	"AMD-STROKE"	"AMD"	"17:4316478:G:A"	0.0157051683578261	-0.0367545	0.0281834
"P2BP04"	"AMD-STROKE"	"AMD"	"17:4319606:C:A"	0.0170990149042899	0.0353713	0.0189953
"P2BP04"	"AMD-STROKE"	"AMD"	"17:4320544:A:G"	0.0145854819246319	-0.00674995	0.022092
"P2BP04"	"AMD-STROKE"	"STROKE"	"17:3429303:A:G"	2.86510970766152e-05	0.0158	0.0073
"P2BP04"	"AMD-STROKE"	"STROKE"	"17:3430757:T:C"	3.95982368051051e-06	0.0057	0.008
"P2BP04"	"AMD-STROKE"	"STROKE"	"17:3431686:G:A"	9.9471279565444e-06	0.0119	0.0076
"P2BP04"	"AMD-STROKE"	"STROKE"	"17:3433672:C:A"	9.4841965826431e-06	0.0115	0.0075
"P2BP04"	"AMD-STROKE"	"STROKE"	"17:3436080:C:T"	3.73876102033321e-06	0.0046	0.0074
"P2BP04"	"AMD-STROKE"	"STROKE"	"17:3439454:C:T"	3.17398661442425e-06	0.0021	0.0104
"P2BP04"	"AMD-STROKE"	"STROKE"	"17:3444224:T:C"	7.35678452690181e-06	0.0097	0.0072
"P2BP04"	"AMD-STROKE"	"STROKE"	"17:3444243:C:T"	5.06688092838381e-06	0.0073	0.0072
"P2BP04"	"AMD-STROKE"	"STROKE"	"17:3445901:T:G"	1.02989202069859e-05	-0.0116	0.0073
"P2BP04"	"AMD-STROKE"	"STROKE"	"17:3446309:G:T"	6.42133036865555e-06	0.0089	0.0072
"P2BP04"	"AMD-STROKE"	"STROKE"	"17:3446885:T:C"	9.79771450104749e-06	0.0112	0.0072
"P2BP04"	"AMD-STROKE"	"STROKE"	"17:3447914:C:T"	8.62674894686055e-06	-0.011	0.0075
"P2BP04"	"AMD-STROKE"	"STROKE"	"17:3448434:A:G"	3.57355945557192e-06	0.0041	0.0076
"P2BP04"	"AMD-STROKE"	"STROKE"	"17:3448722:G:A"	3.30511009738466e-06	0.0027	0.0076
"P2BP04"	"AMD-STROKE"	"STROKE"	"17:3449363:C:T"	3.1140036939048e-06	-2e-04	0.0089
"P2BP04"	"AMD-STROKE"	"STROKE"	"17:3449442:T:C"	4.3113274961204e-06	0.0063	0.0076
"P2BP04"	"AMD-STROKE"	"STROKE"	"17:3451254:G:A"	1.86897001969166e-05	-0.0212	0.0109
"P2BP04"	"AMD-STROKE"	"STROKE"	"17:3451747:C:T"	3.44257969897566e-06	0.0041	0.0089
"P2BP04"	"AMD-STROKE"	"STROKE"	"17:3452318:T:C"	5.68840050829689e-06	0.0097	0.0086
"P2BP04"	"AMD-STROKE"	"STROKE"	"17:3456735:T:C"	6.65826196311059e-06	-0.0095	0.0075
"P2BP04"	"AMD-STROKE"	"STROKE"	"17:3459132:A:G"	4.4349843494329e-06	0.007	0.0081
"P2BP04"	"AMD-STROKE"	"STROKE"	"17:3466596:A:G"	5.80457428966952e-06	-0.0086	0.0075
"P2BP04"	"AMD-STROKE"	"STROKE"	"17:3469853:A:C"	2.35958648873158e-05	-0.0153	0.0074
"P2BP04"	"AMD-STROKE"	"STROKE"	"17:3471239:A:G"	3.37892782598104e-06	0.0037	0.0089
"P2BP04"	"AMD-STROKE"	"STROKE"	"17:3472871:T:C"	6.0842721727461e-06	0.0088	0.0074
"P2BP04"	"AMD-STROKE"	"STROKE"	"17:3473945:T:G"	4.44061002075058e-05	-0.018	0.0076
"P2BP04"	"AMD-STROKE"	"STROKE"	"17:3474660:G:A"	3.25379422505545e-06	0.0029	0.0095
"P2BP04"	"AMD-STROKE"	"STROKE"	"17:3475018:A:G"	5.3473431793627e-06	0.0078	0.0073
"P2BP04"	"AMD-STROKE"	"STROKE"	"17:3477793:G:A"	1.87967955211921e-05	-0.015	0.0077
"P2BP04"	"AMD-STROKE"	"STROKE"	"17:3477812:C:T"	4.0549578823601e-06	0.0059	0.0079
"P2BP04"	"AMD-STROKE"	"STROKE"	"17:3480396:C:T"	5.06417790702152e-06	0.0076	0.0075
"P2BP04"	"AMD-STROKE"	"STROKE"	"17:3480447:T:C"	4.11091769969563e-06	0.0072	0.0094
"P2BP04"	"AMD-STROKE"	"STROKE"	"17:3482299:C:T"	2.66186769373178e-05	-0.0166	0.0078
"P2BP04"	"AMD-STROKE"	"STROKE"	"17:3483477:T:C"	1.16838444316203e-05	0.0137	0.0082
"P2BP04"	"AMD-STROKE"	"STROKE"	"17:3484368:G:A"	3.23775303523455e-06	0.0021	0.0073
"P2BP04"	"AMD-STROKE"	"STROKE"	"17:3486702:G:A"	5.20146254756604e-06	-0.0102	0.0098
"P2BP04"	"AMD-STROKE"	"STROKE"	"17:3487142:G:A"	5.42886417087551e-06	-0.0091	0.0084
"P2BP04"	"AMD-STROKE"	"STROKE"	"17:3487180:A:G"	3.15025154062898e-06	0.0012	0.0076
"P2BP04"	"AMD-STROKE"	"STROKE"	"17:3488871:G:A"	3.26121904126175e-06	-0.0036	0.0115
"P2BP04"	"AMD-STROKE"	"STROKE"	"17:3489514:T:C"	3.12246599309951e-06	6e-04	0.0076
"P2BP04"	"AMD-STROKE"	"STROKE"	"17:3494361:G:A"	4.76511905800336e-06	-0.0109	0.0115
"P2BP04"	"AMD-STROKE"	"STROKE"	"17:3494868:A:G"	3.46451317179142e-06	-0.0038	0.008
"P2BP04"	"AMD-STROKE"	"STROKE"	"17:3495214:A:G"	4.72136776663579e-06	0.0075	0.008
"P2BP04"	"AMD-STROKE"	"STROKE"	"17:3495374:G:A"	4.88890223471206e-06	0.0203	0.0208
"P2BP04"	"AMD-STROKE"	"STROKE"	"17:3497570:G:A"	3.14965621861507e-06	-0.0013	0.0083
"P2BP04"	"AMD-STROKE"	"STROKE"	"17:3497984:T:C"	3.77675175489145e-06	-0.0053	0.0083
"P2BP04"	"AMD-STROKE"	"STROKE"	"17:3498411:A:G"	4.31939972156403e-06	-0.0069	0.0083
"P2BP04"	"AMD-STROKE"	"STROKE"	"17:3500510:T:C"	4.2007450449244e-06	-0.0066	0.0083
"P2BP04"	"AMD-STROKE"	"STROKE"	"17:3500611:T:C"	4.3608909753301e-06	-0.007	0.0083
"P2BP04"	"AMD-STROKE"	"STROKE"	"17:3503527:T:G"	3.69226281982105e-06	-0.0063	0.0105
"P2BP04"	"AMD-STROKE"	"STROKE"	"17:3505215:C:T"	3.25917655785712e-06	-0.0037	0.0119
"P2BP04"	"AMD-STROKE"	"STROKE"	"17:3505233:C:T"	3.9554022250865e-06	-0.0059	0.0083
"P2BP04"	"AMD-STROKE"	"STROKE"	"17:3506043:T:C"	3.83500130352044e-06	-0.0067	0.0101
"P2BP04"	"AMD-STROKE"	"STROKE"	"17:3508880:G:A"	4.94506552617402e-06	-0.0084	0.0085
"P2BP04"	"AMD-STROKE"	"STROKE"	"17:3511808:A:G"	4.69110109502235e-06	-0.008	0.0086
"P2BP04"	"AMD-STROKE"	"STROKE"	"17:3513127:G:A"	3.42676067544012e-06	0.0054	0.012
"P2BP04"	"AMD-STROKE"	"STROKE"	"17:3513719:G:A"	4.52688068908191e-06	-0.0072	0.0081
"P2BP04"	"AMD-STROKE"	"STROKE"	"17:3514902:T:C"	4.70163283960989e-06	0.0111	0.0119
"P2BP04"	"AMD-STROKE"	"STROKE"	"17:3519060:T:G"	2.76925277631346e-05	-0.0189	0.0088
"P2BP04"	"AMD-STROKE"	"STROKE"	"17:3519954:G:T"	3.23107948285717e-06	-0.0021	0.0075
"P2BP04"	"AMD-STROKE"	"STROKE"	"17:3528614:C:T"	4.93698088543937e-06	0.0073	0.0074
"P2BP04"	"AMD-STROKE"	"STROKE"	"17:3529566:C:T"	3.97870827928415e-06	-0.0059	0.0082
"P2BP04"	"AMD-STROKE"	"STROKE"	"17:3530253:G:T"	3.81542020089221e-06	0.0057	0.0087
"P2BP04"	"AMD-STROKE"	"STROKE"	"17:3530404:C:T"	3.14929142453124e-06	0.0012	0.0077
"P2BP04"	"AMD-STROKE"	"STROKE"	"17:3530633:G:A"	3.48326078725147e-06	0.0037	0.0076
"P2BP04"	"AMD-STROKE"	"STROKE"	"17:3531490:G:A"	5.16917027704178e-06	-0.009	0.0087
"P2BP04"	"AMD-STROKE"	"STROKE"	"17:3532670:C:T"	3.11469954872301e-06	3e-04	0.0096
"P2BP04"	"AMD-STROKE"	"STROKE"	"17:3533412:G:A"	3.13347607994174e-06	9e-04	0.0077
"P2BP04"	"AMD-STROKE"	"STROKE"	"17:3536083:G:A"	6.05419032995158e-06	-0.0109	0.0092
"P2BP04"	"AMD-STROKE"	"STROKE"	"17:3539897:C:T"	1.81191152500704e-05	-0.0268	0.0139
"P2BP04"	"AMD-STROKE"	"STROKE"	"17:3540042:G:A"	3.14042604376841e-06	-0.0013	0.0096
"P2BP04"	"AMD-STROKE"	"STROKE"	"17:3542455:T:C"	3.75769085358968e-06	-0.0046	0.0073
"P2BP04"	"AMD-STROKE"	"STROKE"	"17:3543271:A:G"	3.88819952046315e-06	-0.005	0.0073
"P2BP04"	"AMD-STROKE"	"STROKE"	"17:3546160:G:A"	4.78222416344654e-06	0.0079	0.0083
"P2BP04"	"AMD-STROKE"	"STROKE"	"17:3548447:A:G"	1.56209606240187e-05	-0.0131	0.0071
"P2BP04"	"AMD-STROKE"	"STROKE"	"17:3548784:C:T"	3.30611428578376e-06	-0.0026	0.0073
"P2BP04"	"AMD-STROKE"	"STROKE"	"17:3551345:T:G"	7.87993701689693e-06	0.0112	0.008
"P2BP04"	"AMD-STROKE"	"STROKE"	"17:3552038:G:A"	3.49347900985286e-06	-0.0036	0.0073
"P2BP04"	"AMD-STROKE"	"STROKE"	"17:3554059:G:A"	3.32173031947214e-06	0.0027	0.0073
"P2BP04"	"AMD-STROKE"	"STROKE"	"17:3555424:G:A"	3.1754396664363e-06	-0.0019	0.0093
"P2BP04"	"AMD-STROKE"	"STROKE"	"17:3564068:G:A"	3.11771509453607e-06	-5e-04	0.0091
"P2BP04"	"AMD-STROKE"	"STROKE"	"17:3564073:A:G"	3.43344278164182e-06	0.004	0.0088
"P2BP04"	"AMD-STROKE"	"STROKE"	"17:3564779:C:T"	3.67337145312785e-06	-0.0052	0.0088
"P2BP04"	"AMD-STROKE"	"STROKE"	"17:3565103:A:G"	4.07258944212785e-06	0.0064	0.0085
"P2BP04"	"AMD-STROKE"	"STROKE"	"17:3565969:T:C"	3.51974751566786e-06	0.0057	0.0112
"P2BP04"	"AMD-STROKE"	"STROKE"	"17:3567461:G:A"	3.91366130902959e-06	0.0082	0.0118
"P2BP04"	"AMD-STROKE"	"STROKE"	"17:3569913:G:T"	4.65764799084667e-06	0.0071	0.0077
"P2BP04"	"AMD-STROKE"	"STROKE"	"17:3574289:T:C"	4.4566566451687e-06	0.0067	0.0077
"P2BP04"	"AMD-STROKE"	"STROKE"	"17:3577146:C:T"	5.90530771771292e-06	-0.0136	0.0117
"P2BP04"	"AMD-STROKE"	"STROKE"	"17:3577273:A:G"	4.3113274961204e-06	0.0063	0.0076
"P2BP04"	"AMD-STROKE"	"STROKE"	"17:3578122:A:C"	3.36861171845726e-06	0.0031	0.0076
"P2BP04"	"AMD-STROKE"	"STROKE"	"17:3578178:G:A"	3.21710523165653e-06	0.002	0.0076
"P2BP04"	"AMD-STROKE"	"STROKE"	"17:3578351:A:G"	3.44235756277733e-06	0.0035	0.0076
"P2BP04"	"AMD-STROKE"	"STROKE"	"17:3578647:T:C"	3.5159186619893e-06	0.0038	0.0075
"P2BP04"	"AMD-STROKE"	"STROKE"	"17:3579652:T:C"	3.57355945557192e-06	0.0041	0.0076
"P2BP04"	"AMD-STROKE"	"STROKE"	"17:3579858:C:T"	3.50475667332262e-06	0.0037	0.0074
"P2BP04"	"AMD-STROKE"	"STROKE"	"17:3580996:A:G"	3.61197608822472e-06	0.0042	0.0075
"P2BP04"	"AMD-STROKE"	"STROKE"	"17:3581903:C:A"	3.18298714541143e-06	-0.0016	0.0074
"P2BP04"	"AMD-STROKE"	"STROKE"	"17:3582595:A:G"	3.11568399624651e-06	-3e-04	0.0074
"P2BP04"	"AMD-STROKE"	"STROKE"	"17:3584488:A:G"	3.50475667332262e-06	0.0037	0.0074
"P2BP04"	"AMD-STROKE"	"STROKE"	"17:3584740:G:A"	6.76624697570905e-06	0.0096	0.0075
"P2BP04"	"AMD-STROKE"	"STROKE"	"17:3591822:A:G"	3.11441847689053e-06	-3e-04	0.0107
"P2BP04"	"AMD-STROKE"	"STROKE"	"17:3598018:T:C"	3.44034412158578e-06	-0.0045	0.0098
"P2BP04"	"AMD-STROKE"	"STROKE"	"17:3600308:T:C"	3.85289735183036e-06	0.0055	0.0082
"P2BP04"	"AMD-STROKE"	"STROKE"	"17:3603913:G:A"	3.12018645387546e-06	5e-04	0.0073
"P2BP04"	"AMD-STROKE"	"STROKE"	"17:3604007:G:A"	3.13152290520868e-06	8e-04	0.0072
"P2BP04"	"AMD-STROKE"	"STROKE"	"17:3604400:G:A"	3.14787964317276e-06	0.0011	0.0072
"P2BP04"	"AMD-STROKE"	"STROKE"	"17:3604708:C:T"	3.13639231652729e-06	9e-04	0.0072
"P2BP04"	"AMD-STROKE"	"STROKE"	"17:3606192:G:A"	3.3116769908581e-06	-0.0026	0.0072
"P2BP04"	"AMD-STROKE"	"STROKE"	"17:3607552:A:G"	3.73173707046703e-06	0.0047	0.0076
"P2BP04"	"AMD-STROKE"	"STROKE"	"17:3612128:T:G"	5.91827976703652e-06	-0.0085	0.0073
"P2BP04"	"AMD-STROKE"	"STROKE"	"17:3615496:A:G"	4.63574218367846e-06	-0.0066	0.0072
"P2BP04"	"AMD-STROKE"	"STROKE"	"17:3618298:C:T"	3.38017583378925e-06	-0.003	0.0072
"P2BP04"	"AMD-STROKE"	"STROKE"	"17:3620138:A:G"	5.3473431793627e-06	-0.0078	0.0073
"P2BP04"	"AMD-STROKE"	"STROKE"	"17:3628212:T:C"	3.2951195411135e-06	0.0027	0.0078
"P2BP04"	"AMD-STROKE"	"STROKE"	"17:3628362:T:C"	1.49411837998548e-05	-0.0131	0.0072
"P2BP04"	"AMD-STROKE"	"STROKE"	"17:3630621:G:A"	4.75069382788185e-06	-0.0068	0.0072
"P2BP04"	"AMD-STROKE"	"STROKE"	"17:3631118:T:C"	8.64701977176807e-06	-0.0116	0.0079
"P2BP04"	"AMD-STROKE"	"STROKE"	"17:3631241:A:G"	4.17390954332575e-05	-0.0213	0.0091
"P2BP04"	"AMD-STROKE"	"STROKE"	"17:3632836:G:A"	3.6427342866574e-06	0.0057	0.0099
"P2BP04"	"AMD-STROKE"	"STROKE"	"17:3634096:G:A"	3.11704265132384e-06	4e-04	0.0079
"P2BP04"	"AMD-STROKE"	"STROKE"	"17:3635645:A:G"	3.37574780506777e-06	-0.0031	0.0075
"P2BP04"	"AMD-STROKE"	"STROKE"	"17:3635768:A:C"	3.74058479091222e-06	0.0061	0.0098
"P2BP04"	"AMD-STROKE"	"STROKE"	"17:3637953:C:T"	4.97949638974538e-05	-0.0179	0.0074
"P2BP04"	"AMD-STROKE"	"STROKE"	"17:3638037:C:T"	5.9210612152083e-05	-0.0187	0.0075
"P2BP04"	"AMD-STROKE"	"STROKE"	"17:3640880:G:A"	5.00017491844584e-06	-0.0133	0.0133
"P2BP04"	"AMD-STROKE"	"STROKE"	"17:3641316:T:C"	6.28784623679657e-06	-0.0162	0.0133
"P2BP04"	"AMD-STROKE"	"STROKE"	"17:3649214:G:A"	4.09581467175624e-06	0.007	0.0092
"P2BP04"	"AMD-STROKE"	"STROKE"	"17:3654980:A:G"	5.52327507863382e-06	-0.0121	0.011
"P2BP04"	"AMD-STROKE"	"STROKE"	"17:3656366:A:G"	3.38969435353942e-06	-0.005	0.0118
"P2BP04"	"AMD-STROKE"	"STROKE"	"17:3657175:T:C"	3.50475667332262e-06	0.005	0.01
"P2BP04"	"AMD-STROKE"	"STROKE"	"17:3660864:G:A"	7.22815265863375e-06	0.0108	0.0081
"P2BP04"	"AMD-STROKE"	"STROKE"	"17:3664975:A:G"	7.8548090260977e-06	0.0116	0.0083
"P2BP04"	"AMD-STROKE"	"STROKE"	"17:3666862:C:T"	3.1552420525216e-06	0.0019	0.0113
"P2BP04"	"AMD-STROKE"	"STROKE"	"17:3670822:T:C"	3.99131696338095e-06	-0.0084	0.0116
"P2BP04"	"AMD-STROKE"	"STROKE"	"17:3672514:C:A"	6.59949708803342e-06	0.0102	0.0081
"P2BP04"	"AMD-STROKE"	"STROKE"	"17:3672941:A:G"	3.19773160228909e-06	-0.0029	0.0122
"P2BP04"	"AMD-STROKE"	"STROKE"	"17:3676393:C:A"	3.12470269014931e-06	-0.0011	0.0125
"P2BP04"	"AMD-STROKE"	"STROKE"	"17:3686003:C:T"	3.42384590634737e-06	-0.0056	0.0125
"P2BP04"	"AMD-STROKE"	"STROKE"	"17:3694554:C:T"	4.39218154224541e-06	-0.015	0.0176
"P2BP04"	"AMD-STROKE"	"STROKE"	"17:3695981:G:A"	3.45914866939356e-06	0.0058	0.0123
"P2BP04"	"AMD-STROKE"	"STROKE"	"17:3703782:C:T"	3.44221537673661e-06	0.0064	0.0139
"P2BP04"	"AMD-STROKE"	"STROKE"	"17:3704483:G:A"	3.33685909492676e-06	-0.0044	0.0115
"P2BP04"	"AMD-STROKE"	"STROKE"	"17:3705526:C:T"	3.42489045468408e-06	-0.0035	0.0078
"P2BP04"	"AMD-STROKE"	"STROKE"	"17:3708034:G:A"	4.18278370128977e-06	-0.006	0.0076
"P2BP04"	"AMD-STROKE"	"STROKE"	"17:3710124:T:G"	7.36773770437793e-06	-0.0209	0.0155
"P2BP04"	"AMD-STROKE"	"STROKE"	"17:3718933:C:T"	3.58681197587529e-06	-0.0041	0.0075
"P2BP04"	"AMD-STROKE"	"STROKE"	"17:3725758:C:A"	5.17120283427541e-06	-0.0178	0.0172
"P2BP04"	"AMD-STROKE"	"STROKE"	"17:3725899:A:C"	3.83361445177588e-06	-0.0057	0.0086
"P2BP04"	"AMD-STROKE"	"STROKE"	"17:3726793:C:T"	5.35206302110236e-06	-0.0185	0.0173
"P2BP04"	"AMD-STROKE"	"STROKE"	"17:3726827:G:A"	3.12723264428438e-06	7e-04	0.0072
"P2BP04"	"AMD-STROKE"	"STROKE"	"17:3727064:T:C"	4.36596603181627e-06	-0.0147	0.0174
"P2BP04"	"AMD-STROKE"	"STROKE"	"17:3728587:A:G"	6.86766593838151e-06	-0.0199	0.0154
"P2BP04"	"AMD-STROKE"	"STROKE"	"17:3730979:G:A"	3.14693254521714e-06	0.0011	0.0073
"P2BP04"	"AMD-STROKE"	"STROKE"	"17:3738990:T:C"	4.75329102467281e-06	-0.0086	0.0091
"P2BP04"	"AMD-STROKE"	"STROKE"	"17:3745359:T:C"	3.12222805387563e-06	6e-04	0.0077
"P2BP04"	"AMD-STROKE"	"STROKE"	"17:3760621:G:T"	4.16421902615927e-06	-0.0076	0.0097
"P2BP04"	"AMD-STROKE"	"STROKE"	"17:3763574:C:T"	5.2308425676495e-06	0.009	0.0086
"P2BP04"	"AMD-STROKE"	"STROKE"	"17:3763933:T:C"	8.16644486012486e-06	0.0107	0.0075
"P2BP04"	"AMD-STROKE"	"STROKE"	"17:3764630:G:A"	6.1726819546859e-06	0.0125	0.0104
"P2BP04"	"AMD-STROKE"	"STROKE"	"17:3765268:T:G"	4.19976748866624e-06	0.0062	0.0078
"P2BP04"	"AMD-STROKE"	"STROKE"	"17:3768679:A:G"	3.72511894686234e-06	0.0048	0.0078
"P2BP04"	"AMD-STROKE"	"STROKE"	"17:3769379:G:A"	3.71887269601245e-06	0.0049	0.008
"P2BP04"	"AMD-STROKE"	"STROKE"	"17:3769407:C:T"	3.56996226391626e-06	0.0043	0.008
"P2BP04"	"AMD-STROKE"	"STROKE"	"17:3775848:T:C"	1.35083612300413e-05	0.0176	0.01
"P2BP04"	"AMD-STROKE"	"STROKE"	"17:3775916:T:C"	3.15125062755328e-06	0.0016	0.01
"P2BP04"	"AMD-STROKE"	"STROKE"	"17:3776976:A:G"	4.80265291968873e-06	0.011	0.0115
"P2BP04"	"AMD-STROKE"	"STROKE"	"17:3778479:T:C"	2.12982525277239e-05	0.0276	0.0137
"P2BP04"	"AMD-STROKE"	"STROKE"	"17:3780881:C:T"	5.9844586869362e-06	0.0101	0.0086
"P2BP04"	"AMD-STROKE"	"STROKE"	"17:3781054:T:C"	3.757949180061e-06	0.0075	0.0119
"P2BP04"	"AMD-STROKE"	"STROKE"	"17:3781494:A:G"	3.57074642332034e-06	-0.0078	0.0145
"P2BP04"	"AMD-STROKE"	"STROKE"	"17:3781764:G:A"	7.76509002242687e-06	0.01	0.0072
"P2BP04"	"AMD-STROKE"	"STROKE"	"17:3781793:T:C"	1.2375389812358e-05	0.0128	0.0075
"P2BP04"	"AMD-STROKE"	"STROKE"	"17:3781931:T:C"	8.74810659989844e-06	0.0285	0.0193
"P2BP04"	"AMD-STROKE"	"STROKE"	"17:3783872:T:C"	1.38827298989952e-05	-0.0135	0.0076
"P2BP04"	"AMD-STROKE"	"STROKE"	"17:3786907:G:A"	3.36797762934271e-06	0.0033	0.0081
"P2BP04"	"AMD-STROKE"	"STROKE"	"17:3793303:A:G"	3.81340519672868e-06	-0.0053	0.0081
"P2BP04"	"AMD-STROKE"	"STROKE"	"17:3793447:G:A"	3.30629002265326e-06	-0.0031	0.0087
"P2BP04"	"AMD-STROKE"	"STROKE"	"17:3797124:A:G"	6.93370679438754e-06	-0.0117	0.009
"P2BP04"	"AMD-STROKE"	"STROKE"	"17:3797269:C:A"	1.08322028928853e-05	-0.0146	0.009
"P2BP04"	"AMD-STROKE"	"STROKE"	"17:3800218:C:T"	4.08096154935755e-06	-0.0065	0.0086
"P2BP04"	"AMD-STROKE"	"STROKE"	"17:3800995:T:C"	3.71887269601245e-06	-0.0049	0.008
"P2BP04"	"AMD-STROKE"	"STROKE"	"17:3801080:C:T"	3.39142755334532e-06	-0.0034	0.008
"P2BP04"	"AMD-STROKE"	"STROKE"	"17:3808032:A:G"	3.36861171845726e-06	-0.0031	0.0076
"P2BP04"	"AMD-STROKE"	"STROKE"	"17:3808713:T:C"	3.34541836899405e-06	-0.003	0.0077
"P2BP04"	"AMD-STROKE"	"STROKE"	"17:3813667:G:A"	4.62335138318171e-06	-0.0074	0.0081
"P2BP04"	"AMD-STROKE"	"STROKE"	"17:3817609:G:A"	3.13748503399935e-06	0.0011	0.0086
"P2BP04"	"AMD-STROKE"	"STROKE"	"17:3818830:A:G"	3.70834260432495e-06	-0.0048	0.0079
"P2BP04"	"AMD-STROKE"	"STROKE"	"17:3820332:A:G"	5.17984648662484e-06	-0.0085	0.0082
"P2BP04"	"AMD-STROKE"	"STROKE"	"17:3820698:A:G"	5.05793632843421e-06	-0.0084	0.0083
"P2BP04"	"AMD-STROKE"	"STROKE"	"17:3821013:C:T"	3.88470386802897e-06	-0.0054	0.0079
"P2BP04"	"AMD-STROKE"	"STROKE"	"17:3821064:A:G"	3.85254606227736e-06	-0.0057	0.0085
"P2BP04"	"AMD-STROKE"	"STROKE"	"17:3821953:T:C"	3.1697427848032e-06	-0.0015	0.0077
"P2BP04"	"AMD-STROKE"	"STROKE"	"17:3821988:A:C"	3.58456298454879e-06	-0.0042	0.0077
"P2BP04"	"AMD-STROKE"	"STROKE"	"17:3822069:A:G"	3.14615139251906e-06	-0.0014	0.0094
"P2BP04"	"AMD-STROKE"	"STROKE"	"17:3822637:T:C"	3.11948468301182e-06	-5e-04	0.0077
"P2BP04"	"AMD-STROKE"	"STROKE"	"17:3825490:T:C"	3.13959305786593e-06	-0.0012	0.009
"P2BP04"	"AMD-STROKE"	"STROKE"	"17:3828702:T:C"	4.18278370128977e-06	0.006	0.0076
"P2BP04"	"AMD-STROKE"	"STROKE"	"17:3828822:C:T"	3.18211596272988e-06	-0.0026	0.0121
"P2BP04"	"AMD-STROKE"	"STROKE"	"17:3831240:C:T"	5.49834947360939e-06	-0.0126	0.0115
"P2BP04"	"AMD-STROKE"	"STROKE"	"17:3834598:T:C"	5.95391272351087e-06	-0.0124	0.0106
"P2BP04"	"AMD-STROKE"	"STROKE"	"17:3838248:T:C"	5.93322199105018e-06	-0.0126	0.0108
"P2BP04"	"AMD-STROKE"	"STROKE"	"17:3838626:T:C"	3.5115409450226e-06	0.0062	0.0123
"P2BP04"	"AMD-STROKE"	"STROKE"	"17:3839685:G:A"	6.42887662172242e-06	-0.012	0.0097
"P2BP04"	"AMD-STROKE"	"STROKE"	"17:3840055:C:T"	4.74937465255731e-06	0.0169	0.0179
"P2BP04"	"AMD-STROKE"	"STROKE"	"17:3840230:C:T"	1.04100648314898e-05	-0.0166	0.0104
"P2BP04"	"AMD-STROKE"	"STROKE"	"17:3842491:G:A"	5.54113482498231e-06	-0.0107	0.0097
"P2BP04"	"AMD-STROKE"	"STROKE"	"17:3846802:A:G"	3.91999982041202e-06	0.0053	0.0076
"P2BP04"	"AMD-STROKE"	"STROKE"	"17:3851451:C:T"	5.05399955785801e-06	0.009	0.0089
"P2BP04"	"AMD-STROKE"	"STROKE"	"17:3855813:C:T"	8.27239694878301e-06	0.0135	0.0094
"P2BP04"	"AMD-STROKE"	"STROKE"	"17:3860554:T:C"	7.10044450058511e-06	0.0124	0.0094
"P2BP04"	"AMD-STROKE"	"STROKE"	"17:3863796:G:T"	1.11835636443791e-05	0.0184	0.0112
"P2BP04"	"AMD-STROKE"	"STROKE"	"17:3865399:C:T"	3.42181757240212e-06	-0.0046	0.0103
"P2BP04"	"AMD-STROKE"	"STROKE"	"17:3868738:T:C"	4.38341307008594e-05	0.0215	0.0091
"P2BP04"	"AMD-STROKE"	"STROKE"	"17:3871323:T:C"	6.05030405598228e-06	0.009	0.0076
"P2BP04"	"AMD-STROKE"	"STROKE"	"17:3872264:C:T"	1.12974148462897e-05	0.0127	0.0077
"P2BP04"	"AMD-STROKE"	"STROKE"	"17:3875629:A:G"	3.51459596126258e-06	0.0043	0.0085
"P2BP04"	"AMD-STROKE"	"STROKE"	"17:3876082:C:T"	5.09393984970963e-06	-0.0105	0.0103
"P2BP04"	"AMD-STROKE"	"STROKE"	"17:3877392:T:C"	9.43037864664653e-06	0.0182	0.0119
"P2BP04"	"AMD-STROKE"	"STROKE"	"17:3880148:C:T"	2.30144923570874e-05	0.015	0.0073
"P2BP04"	"AMD-STROKE"	"STROKE"	"17:3881130:T:C"	0.000156307745429407	0.0207	0.0072
"P2BP04"	"AMD-STROKE"	"STROKE"	"17:3881345:C:T"	3.74839584771358e-05	0.0165	0.0072
"P2BP04"	"AMD-STROKE"	"STROKE"	"17:3882309:G:A"	3.87794625944515e-06	0.0064	0.0094
"P2BP04"	"AMD-STROKE"	"STROKE"	"17:3884665:G:T"	4.44061002075058e-05	0.0225	0.0095
"P2BP04"	"AMD-STROKE"	"STROKE"	"17:3889764:C:T"	4.90440766472977e-05	0.0275	0.0114
"P2BP04"	"AMD-STROKE"	"STROKE"	"17:3889843:A:G"	4.41713637477914e-06	0.0116	0.0135
"P2BP04"	"AMD-STROKE"	"STROKE"	"17:3890429:A:G"	0.0155668295119843	0.0318	0.0075
"P2BP04"	"AMD-STROKE"	"STROKE"	"17:3896807:A:G"	1.37554035595233e-05	0.0255	0.0144
"P2BP04"	"AMD-STROKE"	"STROKE"	"17:3900911:G:A"	5.50732600435033e-06	0.0158	0.0144
"P2BP04"	"AMD-STROKE"	"STROKE"	"17:3901502:T:G"	0.0299649044224978	0.033	0.0075
"P2BP04"	"AMD-STROKE"	"STROKE"	"17:3904542:G:T"	6.56797489156924e-05	0.0241	0.0095
"P2BP04"	"AMD-STROKE"	"STROKE"	"17:3906875:G:A"	4.61960900378644e-05	0.0272	0.0114
"P2BP04"	"AMD-STROKE"	"STROKE"	"17:3907211:A:G"	8.45556806561287e-06	0.0167	0.0115
"P2BP04"	"AMD-STROKE"	"STROKE"	"17:3907308:A:G"	0.00967835060838407	0.0309	0.0075
"P2BP04"	"AMD-STROKE"	"STROKE"	"17:3909404:C:A"	0.00131978131363253	0.0268	0.0075
"P2BP04"	"AMD-STROKE"	"STROKE"	"17:3910613:G:A"	3.79931921682397e-05	0.0216	0.0094
"P2BP04"	"AMD-STROKE"	"STROKE"	"17:3916729:G:A"	7.87993701689693e-06	0.0196	0.014
"P2BP04"	"AMD-STROKE"	"STROKE"	"17:3916823:G:A"	2.29944864441611e-05	0.0189	0.0092
"P2BP04"	"AMD-STROKE"	"STROKE"	"17:3919106:C:T"	6.16903219925469e-05	0.0236	0.0094
"P2BP04"	"AMD-STROKE"	"STROKE"	"17:3919981:A:G"	0.0114194411784105	0.0308	0.0074
"P2BP04"	"AMD-STROKE"	"STROKE"	"17:3920432:G:A"	2.34238592162761e-05	0.0194	0.0094
"P2BP04"	"AMD-STROKE"	"STROKE"	"17:3921834:C:T"	5.40642921292855e-05	0.0216	0.0088
"P2BP04"	"AMD-STROKE"	"STROKE"	"17:3922748:A:C"	0.000726433377541302	0.0268	0.0079
"P2BP04"	"AMD-STROKE"	"STROKE"	"17:3922918:A:G"	0.0108277559977473	0.0307	0.0074
"P2BP04"	"AMD-STROKE"	"STROKE"	"17:3923129:G:T"	4.13979820088617e-05	0.0215	0.0092
"P2BP04"	"AMD-STROKE"	"STROKE"	"17:3928080:G:A"	5.00017491844584e-06	-0.0171	0.0171
"P2BP04"	"AMD-STROKE"	"STROKE"	"17:3929659:A:C"	0.000150254588930809	0.0246	0.0086
"P2BP04"	"AMD-STROKE"	"STROKE"	"17:3935223:T:C"	2.14583854531991e-05	0.0218	0.0108
"P2BP04"	"AMD-STROKE"	"STROKE"	"17:3936043:C:T"	1.62677599543359e-05	0.017	0.0091
"P2BP04"	"AMD-STROKE"	"STROKE"	"17:3936529:A:G"	0.00128183266982129	0.0303	0.0085
"P2BP04"	"AMD-STROKE"	"STROKE"	"17:3939632:T:C"	0.000512928309380323	0.0279	0.0085
"P2BP04"	"AMD-STROKE"	"STROKE"	"17:3941396:T:C"	0.0159838308446915	0.031	0.0073
"P2BP04"	"AMD-STROKE"	"STROKE"	"17:3943291:T:C"	3.63417304205527e-06	0.0072	0.0126
"P2BP04"	"AMD-STROKE"	"STROKE"	"17:3943543:G:A"	4.72159923377014e-05	0.0218	0.0091
"P2BP04"	"AMD-STROKE"	"STROKE"	"17:3947533:G:A"	7.636543309264e-06	0.015	0.0109
"P2BP04"	"AMD-STROKE"	"STROKE"	"17:3947644:T:C"	0.00876726444097364	0.0303	0.0074
"P2BP04"	"AMD-STROKE"	"STROKE"	"17:3951975:C:A"	0.000189694426653508	0.0215	0.0073
"P2BP04"	"AMD-STROKE"	"STROKE"	"17:3953083:T:C"	0.00261854083191837	0.0279	0.0074
"P2BP04"	"AMD-STROKE"	"STROKE"	"17:3953102:A:G"	0.00747644138023895	0.0304	0.0075
"P2BP04"	"AMD-STROKE"	"STROKE"	"17:3955602:A:G"	1.58776381610215e-05	0.0191	0.0103
"P2BP04"	"AMD-STROKE"	"STROKE"	"17:3957124:T:C"	0.0097398224619093	0.0305	0.0074
"P2BP04"	"AMD-STROKE"	"STROKE"	"17:3958105:T:G"	0.0120455424885086	0.0309	0.0074
"P2BP04"	"AMD-STROKE"	"STROKE"	"17:3958341:C:T"	0.00178953625803369	0.0271	0.0074
"P2BP04"	"AMD-STROKE"	"STROKE"	"17:3961200:C:T"	7.57498610849394e-05	0.0231	0.0089
"P2BP04"	"AMD-STROKE"	"STROKE"	"17:3961489:C:T"	0.0017077084238114	0.027	0.0074
"P2BP04"	"AMD-STROKE"	"STROKE"	"17:3961617:A:G"	2.414171311238e-05	0.021	0.0101
"P2BP04"	"AMD-STROKE"	"STROKE"	"17:3962450:A:G"	0.000134832048347633	0.0251	0.0089
"P2BP04"	"AMD-STROKE"	"STROKE"	"17:3966064:A:G"	0.00288496356331447	0.0281	0.0074
"P2BP04"	"AMD-STROKE"	"STROKE"	"17:3966243:G:A"	4.86940561006399e-06	0.0137	0.0141
"P2BP04"	"AMD-STROKE"	"STROKE"	"17:3966591:T:C"	0.000119687447081573	0.0247	0.0089
"P2BP04"	"AMD-STROKE"	"STROKE"	"17:3978031:A:G"	1.21659306766553e-05	0.0173	0.0102
"P2BP04"	"AMD-STROKE"	"STROKE"	"17:3978268:T:C"	0.000152183926687255	0.0255	0.0089
"P2BP04"	"AMD-STROKE"	"STROKE"	"17:3979949:G:A"	0.000107276247617194	0.0246	0.009
"P2BP04"	"AMD-STROKE"	"STROKE"	"17:3979982:G:A"	1.23017122440894e-05	0.0172	0.0101
"P2BP04"	"AMD-STROKE"	"STROKE"	"17:3980318:T:C"	0.0188728819952178	0.0313	0.0073
"P2BP04"	"AMD-STROKE"	"STROKE"	"17:3984117:C:T"	0.000944065894002866	0.0257	0.0074
"P2BP04"	"AMD-STROKE"	"STROKE"	"17:3985832:A:G"	0.0162056872309954	-0.0323	0.0076
"P2BP04"	"AMD-STROKE"	"STROKE"	"17:3985864:G:A"	0.000515216463705892	0.0243	0.0074
"P2BP04"	"AMD-STROKE"	"STROKE"	"17:3989968:C:T"	0.0345773193258007	-0.0337	0.0076
"P2BP04"	"AMD-STROKE"	"STROKE"	"17:3994225:C:A"	2.11473171424226e-05	0.0185	0.0092
"P2BP04"	"AMD-STROKE"	"STROKE"	"17:3994670:A:G"	0.0386321132636891	-0.0339	0.0076
"P2BP04"	"AMD-STROKE"	"STROKE"	"17:3996334:T:C"	3.76317653195679e-05	0.0211	0.0092
"P2BP04"	"AMD-STROKE"	"STROKE"	"17:3996964:C:A"	0.0309684190342503	-0.0335	0.0076
"P2BP04"	"AMD-STROKE"	"STROKE"	"17:3999199:C:T"	3.19840385248904e-05	0.0204	0.0092
"P2BP04"	"AMD-STROKE"	"STROKE"	"17:4005521:G:A"	3.31670442221821e-06	-0.0053	0.0145
"P2BP04"	"AMD-STROKE"	"STROKE"	"17:4007594:T:C"	3.67553012736721e-05	0.021	0.0092
"P2BP04"	"AMD-STROKE"	"STROKE"	"17:4007650:A:G"	0.000190415603044891	0.0386	0.0131
"P2BP04"	"AMD-STROKE"	"STROKE"	"17:4007691:C:A"	1.34538942455631e-05	0.0232	0.0132
"P2BP04"	"AMD-STROKE"	"STROKE"	"17:4008021:T:C"	9.22689985360936e-06	0.0159	0.0105
"P2BP04"	"AMD-STROKE"	"STROKE"	"17:4008352:C:A"	4.4707027709423e-05	0.0249	0.0105
"P2BP04"	"AMD-STROKE"	"STROKE"	"17:4008820:G:A"	1.94833989780596e-05	0.0181	0.0092
"P2BP04"	"AMD-STROKE"	"STROKE"	"17:4011602:A:G"	0.00200035115507891	0.0314	0.0085
"P2BP04"	"AMD-STROKE"	"STROKE"	"17:4012739:C:A"	1.27250527891531e-05	0.0181	0.0105
"P2BP04"	"AMD-STROKE"	"STROKE"	"17:4015214:C:A"	4.68037294265589e-06	0.0141	0.0152
"P2BP04"	"AMD-STROKE"	"STROKE"	"17:4017434:T:C"	9.2233654881424e-06	0.0162	0.0107
"P2BP04"	"AMD-STROKE"	"STROKE"	"17:4019966:G:A"	0.00187560944759713	-0.0272	0.0074
"P2BP04"	"AMD-STROKE"	"STROKE"	"17:4027152:T:C"	2.07149892963443e-05	0.0204	0.0102
"P2BP04"	"AMD-STROKE"	"STROKE"	"17:4028700:T:C"	0.000148908442158979	-0.032	0.0112
"P2BP04"	"AMD-STROKE"	"STROKE"	"17:4034456:A:G"	3.77760196588195e-05	0.0241	0.0105
"P2BP04"	"AMD-STROKE"	"STROKE"	"17:4034680:G:A"	5.3849111581572e-05	0.026	0.0106
"P2BP04"	"AMD-STROKE"	"STROKE"	"17:4041725:T:C"	9.45684369649813e-05	-0.0306	0.0114
"P2BP04"	"AMD-STROKE"	"STROKE"	"17:4048081:T:C"	0.000160071448734533	0.0248	0.0086
"P2BP04"	"AMD-STROKE"	"STROKE"	"17:4050138:C:T"	2.11426082136201e-05	-0.0187	0.0093
"P2BP04"	"AMD-STROKE"	"STROKE"	"17:4052566:G:T"	1.87867105014838e-05	0.0261	0.0134
"P2BP04"	"AMD-STROKE"	"STROKE"	"17:4055828:A:G"	3.43801871993676e-06	-0.0054	0.0118
"P2BP04"	"AMD-STROKE"	"STROKE"	"17:4056376:G:A"	0.00411479311459495	-0.0296	0.0076
"P2BP04"	"AMD-STROKE"	"STROKE"	"17:4056542:G:A"	2.57202654696531e-05	0.0228	0.0108
"P2BP04"	"AMD-STROKE"	"STROKE"	"17:4060482:G:T"	0.000136963136399548	-0.026	0.0092
"P2BP04"	"AMD-STROKE"	"STROKE"	"17:4061278:A:G"	0.000124250799436232	0.0371	0.0133
"P2BP04"	"AMD-STROKE"	"STROKE"	"17:4063734:A:G"	1.39743578605467e-05	0.0162	0.0091
"P2BP04"	"AMD-STROKE"	"STROKE"	"17:4064529:G:A"	4.5773705400487e-06	-0.0092	0.0102
"P2BP04"	"AMD-STROKE"	"STROKE"	"17:4066223:A:G"	3.47904594844017e-06	0.0046	0.0095
"P2BP04"	"AMD-STROKE"	"STROKE"	"17:4066657:T:C"	0.000737867561967254	-0.0248	0.0073
"P2BP04"	"AMD-STROKE"	"STROKE"	"17:4067315:G:A"	1.93134628498903e-05	0.0263	0.0134
"P2BP04"	"AMD-STROKE"	"STROKE"	"17:4069735:C:A"	9.86861592366939e-06	0.0142	0.0091
"P2BP04"	"AMD-STROKE"	"STROKE"	"17:4073398:A:G"	2.8785639860085e-05	-0.0169	0.0078
"P2BP04"	"AMD-STROKE"	"STROKE"	"17:4081975:G:A"	0.000104633150662448	0.0207	0.0076
"P2BP04"	"AMD-STROKE"	"STROKE"	"17:4083242:T:C"	6.01518616819563e-05	0.019	0.0076
"P2BP04"	"AMD-STROKE"	"STROKE"	"17:4088291:C:T"	7.90282212287385e-05	-0.0371	0.0142
"P2BP04"	"AMD-STROKE"	"STROKE"	"17:4090060:G:A"	0.00274828823186657	-0.028	0.0074
"P2BP04"	"AMD-STROKE"	"STROKE"	"17:4098998:A:G"	0.000120013676716546	0.0211	0.0076
"P2BP04"	"AMD-STROKE"	"STROKE"	"17:4105059:A:G"	4.04698041123197e-06	-0.0125	0.0168
"P2BP04"	"AMD-STROKE"	"STROKE"	"17:4108648:A:G"	0.000454512439684529	0.024	0.0074
"P2BP04"	"AMD-STROKE"	"STROKE"	"17:4110024:C:T"	0.00118169148237413	-0.0262	0.0074
"P2BP04"	"AMD-STROKE"	"STROKE"	"17:4115617:T:C"	0.00642105265322746	-0.0297	0.0074
"P2BP04"	"AMD-STROKE"	"STROKE"	"17:4117199:T:C"	0.00328636472445831	0.0276	0.0072
"P2BP04"	"AMD-STROKE"	"STROKE"	"17:4119994:G:A"	0.00103223275518538	-0.0259	0.0074
"P2BP04"	"AMD-STROKE"	"STROKE"	"17:4133394:C:A"	0.000944065894002866	-0.0257	0.0074
"P2BP04"	"AMD-STROKE"	"STROKE"	"17:4134119:T:C"	0.00200264066532263	0.0266	0.0072
"P2BP04"	"AMD-STROKE"	"STROKE"	"17:4137919:C:A"	0.0003296527713611	-0.0229	0.0073
"P2BP04"	"AMD-STROKE"	"STROKE"	"17:4140669:G:T"	0.000988240469282475	-0.0265	0.0076
"P2BP04"	"AMD-STROKE"	"STROKE"	"17:4143290:T:C"	0.0038264589308068	0.0279	0.0072
"P2BP04"	"AMD-STROKE"	"STROKE"	"17:4145818:T:C"	0.0029720653126184	0.0274	0.0072
"P2BP04"	"AMD-STROKE"	"STROKE"	"17:4147047:T:C"	0.00716539838406394	0.0287	0.0071
"P2BP04"	"AMD-STROKE"	"STROKE"	"17:4151421:G:A"	0.000985856921118189	0.0251	0.0072
"P2BP04"	"AMD-STROKE"	"STROKE"	"17:4153807:T:C"	0.0029720653126184	0.0274	0.0072
"P2BP04"	"AMD-STROKE"	"STROKE"	"17:4154376:T:C"	0.00268978996353975	0.0272	0.0072
"P2BP04"	"AMD-STROKE"	"STROKE"	"17:4154426:T:G"	0.00136529567604116	0.0258	0.0072
"P2BP04"	"AMD-STROKE"	"STROKE"	"17:4156190:T:C"	4.60817535941072e-06	0.0121	0.0133
"P2BP04"	"AMD-STROKE"	"STROKE"	"17:4156620:G:T"	0.0112289715395283	-0.0316	0.0076
"P2BP04"	"AMD-STROKE"	"STROKE"	"17:4162965:T:C"	0.0202981746336453	0.031	0.0072
"P2BP04"	"AMD-STROKE"	"STROKE"	"17:4166804:C:T"	0.0187234729195018	-0.033	0.0077
"P2BP04"	"AMD-STROKE"	"STROKE"	"17:4172943:C:A"	0.00945166533035535	-0.0325	0.0079
"P2BP04"	"AMD-STROKE"	"STROKE"	"17:4175846:C:T"	0.0175135424758759	-0.0333	0.0078
"P2BP04"	"AMD-STROKE"	"STROKE"	"17:4179295:C:T"	5.0790055797223e-05	-0.0335	0.0138
"P2BP04"	"AMD-STROKE"	"STROKE"	"17:4181122:G:A"	0.0164135923381132	-0.0336	0.0079
"P2BP04"	"AMD-STROKE"	"STROKE"	"17:4182859:C:T"	0.0102685043154749	0.0306	0.0074
"P2BP04"	"AMD-STROKE"	"STROKE"	"17:4184641:C:A"	0.0290318175225848	-0.0347	0.0079
"P2BP04"	"AMD-STROKE"	"STROKE"	"17:4185327:T:C"	0.077260501778367	0.0342	0.0074
"P2BP04"	"AMD-STROKE"	"STROKE"	"17:4187940:T:C"	0.0869968650955755	0.0344	0.0074
"P2BP04"	"AMD-STROKE"	"STROKE"	"17:4198650:A:G"	0.000245767002687969	0.0249	0.0082
"P2BP04"	"AMD-STROKE"	"STROKE"	"17:4199284:A:G"	0.0980279977500341	0.0346	0.0074
"P2BP04"	"AMD-STROKE"	"STROKE"	"17:4200262:A:C"	6.35477493626802e-05	0.0328	0.013
"P2BP04"	"AMD-STROKE"	"STROKE"	"17:4205445:T:C"	0.0378519408030888	-0.0352	0.0079
"P2BP04"	"AMD-STROKE"	"STROKE"	"17:4212108:C:T"	0.0523021859228435	-0.0358	0.0079
"P2BP04"	"AMD-STROKE"	"STROKE"	"17:4212894:A:G"	0.0181819920059039	-0.0338	0.0079
"P2BP04"	"AMD-STROKE"	"STROKE"	"17:4213245:C:T"	0.00163681660640314	0.028	0.0077
"P2BP04"	"AMD-STROKE"	"STROKE"	"17:4214005:G:A"	0.000169275604131824	-0.0212	0.0073
"P2BP04"	"AMD-STROKE"	"STROKE"	"17:4215748:T:C"	0.0105842165657217	0.0319	0.0077
"P2BP04"	"AMD-STROKE"	"STROKE"	"17:4218344:G:A"	0.00394233162677971	0.0299	0.0077
"P2BP04"	"AMD-STROKE"	"STROKE"	"17:4221236:A:G"	0.0231499787231888	0.0334	0.0077
"P2BP04"	"AMD-STROKE"	"STROKE"	"17:4224736:T:C"	0.024421092597871	0.0335	0.0077
"P2BP04"	"AMD-STROKE"	"STROKE"	"17:4225303:A:G"	7.85395725884097e-05	0.0308	0.0118
"P2BP04"	"AMD-STROKE"	"STROKE"	"17:4226795:T:C"	0.000906246446739312	0.0263	0.0076
"P2BP04"	"AMD-STROKE"	"STROKE"	"17:4232084:C:A"	0.00311073686512509	0.0294	0.0077
"P2BP04"	"AMD-STROKE"	"STROKE"	"17:4235975:G:A"	0.00107600146504294	0.0281	0.008
"P2BP04"	"AMD-STROKE"	"STROKE"	"17:4238324:C:T"	0.00413560722845807	0.03	0.0077
"P2BP04"	"AMD-STROKE"	"STROKE"	"17:4242178:G:A"	0.00375868912621136	0.0298	0.0077
"P2BP04"	"AMD-STROKE"	"STROKE"	"17:4242389:T:G"	3.16425754642857e-06	0.002	0.0108
"P2BP04"	"AMD-STROKE"	"STROKE"	"17:4244514:G:A"	0.0064041550362105	0.0313	0.0078
"P2BP04"	"AMD-STROKE"	"STROKE"	"17:4245305:G:T"	0.00950563713169017	0.0321	0.0078
"P2BP04"	"AMD-STROKE"	"STROKE"	"17:4261050:A:G"	0.0538565717443977	0.0354	0.0078
"P2BP04"	"AMD-STROKE"	"STROKE"	"17:4272893:G:A"	0.00415599598980387	0.0304	0.0078
"P2BP04"	"AMD-STROKE"	"STROKE"	"17:4278835:A:G"	0.00105472335245194	0.027	0.0077
"P2BP04"	"AMD-STROKE"	"STROKE"	"17:4285429:A:G"	0.00176717517141123	-0.03	0.0082
"P2BP04"	"AMD-STROKE"	"STROKE"	"17:4298940:T:C"	0.000706727468316015	0.0335	0.0099
"P2BP04"	"AMD-STROKE"	"STROKE"	"17:4299256:T:C"	0.000801028808778748	0.0332	0.0097
"P2BP04"	"AMD-STROKE"	"STROKE"	"17:4308647:A:C"	0.000372933978345036	0.0321	0.0101
"P2BP04"	"AMD-STROKE"	"STROKE"	"17:4309543:A:G"	3.34824574810266e-06	0.0029	0.0074
"P2BP04"	"AMD-STROKE"	"STROKE"	"17:4310639:C:T"	1.25685376631823e-05	-0.0127	0.0074
"P2BP04"	"AMD-STROKE"	"STROKE"	"17:4315506:C:T"	6.20115564151647e-05	-0.0196	0.0078
"P2BP04"	"AMD-STROKE"	"STROKE"	"17:4316478:G:A"	1.14361703620336e-05	0.0174	0.0105
"P2BP04"	"AMD-STROKE"	"STROKE"	"17:4319606:C:A"	0.00011007039883415	-0.0203	0.0074
"P2BP04"	"AMD-STROKE"	"STROKE"	"17:4320544:A:G"	0.000200339698926411	0.0252	0.0085
"P2BP05"	"POAG-CKD"	"POAG"	"4:142810258:G:A"	1.79845679558754e-05	0.0187	0.0141
"P2BP05"	"POAG-CKD"	"POAG"	"4:142811058:C:T"	9.01166413402876e-06	0.0106	0.0197
"P2BP05"	"POAG-CKD"	"POAG"	"4:142811991:G:A"	2.91211165909244e-05	0.0307	0.0184
"P2BP05"	"POAG-CKD"	"POAG"	"4:142812073:C:T"	8.960577074002e-06	-0.0069	0.0131
"P2BP05"	"POAG-CKD"	"POAG"	"4:142812131:T:C"	2.24390454708345e-05	0.0218	0.0146
"P2BP05"	"POAG-CKD"	"POAG"	"4:142814856:A:G"	9.52637586382199e-06	-0.0083	0.013
"P2BP05"	"POAG-CKD"	"POAG"	"4:142815639:G:A"	8.69321519503252e-06	-0.006	0.013
"P2BP05"	"POAG-CKD"	"POAG"	"4:142819749:A:G"	2.47902225202212e-05	0.0225	0.0144
"P2BP05"	"POAG-CKD"	"POAG"	"4:142821077:G:T"	1.07241340343567e-05	0.0121	0.0149
"P2BP05"	"POAG-CKD"	"POAG"	"4:142821772:A:G"	1.05624912398739e-05	0.0118	0.0149
"P2BP05"	"POAG-CKD"	"POAG"	"4:142823161:A:G"	1.16365776928751e-05	0.0136	0.0149
"P2BP05"	"POAG-CKD"	"POAG"	"4:142833334:C:T"	8.51431220671994e-06	-0.0053	0.0129
"P2BP05"	"POAG-CKD"	"POAG"	"4:142833862:G:A"	1.68459730104376e-05	0.0182	0.0143
"P2BP05"	"POAG-CKD"	"POAG"	"4:142834152:G:A"	2.22013929629394e-05	0.0257	0.0173
"P2BP05"	"POAG-CKD"	"POAG"	"4:142835751:A:C"	1.11274722482957e-05	0.0128	0.0149
"P2BP05"	"POAG-CKD"	"POAG"	"4:142836097:G:A"	1.06156499154464e-05	0.0119	0.0149
"P2BP05"	"POAG-CKD"	"POAG"	"4:142840602:A:C"	2.70463015721312e-05	0.0282	0.0174
"P2BP05"	"POAG-CKD"	"POAG"	"4:142843791:T:C"	2.62119723810628e-05	0.0264	0.0165
"P2BP05"	"POAG-CKD"	"POAG"	"4:142843823:T:C"	2.57399936972602e-05	0.0262	0.0165
"P2BP05"	"POAG-CKD"	"POAG"	"4:142844924:G:A"	8.54182281073701e-06	0.0057	0.0136
"P2BP05"	"POAG-CKD"	"POAG"	"4:142847677:T:C"	7.86659230056497e-06	3e-04	0.0128
"P2BP05"	"POAG-CKD"	"POAG"	"4:142848136:C:T"	7.8702058727842e-06	5e-04	0.0128
"P2BP05"	"POAG-CKD"	"POAG"	"4:142849228:T:G"	7.86456039536532e-06	0	0.0128
"P2BP05"	"POAG-CKD"	"POAG"	"4:142849725:A:G"	7.99242305660197e-06	0.0025	0.0135
"P2BP05"	"POAG-CKD"	"POAG"	"4:142851140:A:G"	7.99242305660197e-06	0.0025	0.0135
"P2BP05"	"POAG-CKD"	"POAG"	"4:142853017:A:G"	2.27547680011764e-05	0.0245	0.0163
"P2BP05"	"POAG-CKD"	"POAG"	"4:142856017:C:T"	2.08253652284052e-05	0.0236	0.0164
"P2BP05"	"POAG-CKD"	"POAG"	"4:142864919:A:C"	9.27673533590578e-06	0.008	0.0135
"P2BP05"	"POAG-CKD"	"POAG"	"4:142869057:G:A"	2.06545761330945e-05	0.0235	0.0164
"P2BP05"	"POAG-CKD"	"POAG"	"4:142874553:C:T"	9.33901031874296e-06	0.0081	0.0134
"P2BP05"	"POAG-CKD"	"POAG"	"4:142876400:C:T"	9.33901031874296e-06	0.0081	0.0134
"P2BP05"	"POAG-CKD"	"POAG"	"4:142880833:A:G"	9.00821197502566e-06	0.0072	0.0134
"P2BP05"	"POAG-CKD"	"POAG"	"4:142884099:T:C"	8.64890477392244e-06	0.0058	0.0129
"P2BP05"	"POAG-CKD"	"POAG"	"4:142884141:T:C"	9.09306466734261e-06	0.0075	0.0135
"P2BP05"	"POAG-CKD"	"POAG"	"4:142884275:G:A"	9.09306466734261e-06	0.0075	0.0135
"P2BP05"	"POAG-CKD"	"POAG"	"4:142886512:C:T"	9.09306466734261e-06	0.0075	0.0135
"P2BP05"	"POAG-CKD"	"POAG"	"4:142891900:C:T"	7.90163241981556e-06	0.0013	0.013
"P2BP05"	"POAG-CKD"	"POAG"	"4:142895605:A:G"	2.11632306259535e-05	0.0251	0.0173
"P2BP05"	"POAG-CKD"	"POAG"	"4:142898552:G:A"	8.34011940076262e-06	-0.0053	0.015
"P2BP05"	"POAG-CKD"	"POAG"	"4:142916958:G:A"	7.88647544380794e-06	0.001	0.013
"P2BP05"	"POAG-CKD"	"POAG"	"4:142919732:C:T"	1.5128666588593e-05	0.0276	0.0234
"P2BP05"	"POAG-CKD"	"POAG"	"4:142920229:G:T"	8.36914232238417e-06	-0.006	0.0165
"P2BP05"	"POAG-CKD"	"POAG"	"4:142927755:G:A"	8.32183624355221e-06	0.0078	0.0225
"P2BP05"	"POAG-CKD"	"POAG"	"4:142941512:G:A"	8.80866589725304e-06	-0.0109	0.0222
"P2BP05"	"POAG-CKD"	"POAG"	"4:142944080:C:T"	7.9870547717853e-06	0.0031	0.0171
"P2BP05"	"POAG-CKD"	"POAG"	"4:142945451:T:C"	8.27540548042904e-06	-0.0077	0.0234
"P2BP05"	"POAG-CKD"	"POAG"	"4:142949864:A:C"	8.02242599418079e-06	0.0059	0.0287
"P2BP05"	"POAG-CKD"	"POAG"	"4:142962843:T:C"	1.7762431180568e-05	-0.0308	0.0234
"P2BP05"	"POAG-CKD"	"POAG"	"4:142963012:C:A"	9.68357188746438e-06	-0.0147	0.0221
"P2BP05"	"POAG-CKD"	"POAG"	"4:142964013:C:T"	9.15019630642888e-06	0.0101	0.0178
"P2BP05"	"POAG-CKD"	"POAG"	"4:142964102:G:T"	9.61051585424144e-06	0.0111	0.017
"P2BP05"	"POAG-CKD"	"POAG"	"4:142964158:A:G"	2.49711911635142e-05	0.0337	0.0215
"P2BP05"	"POAG-CKD"	"POAG"	"4:142968081:C:T"	8.82114721401095e-06	0.0083	0.0168
"P2BP05"	"POAG-CKD"	"POAG"	"4:142969773:G:T"	8.4517564646891e-06	0.0054	0.0138
"P2BP05"	"POAG-CKD"	"POAG"	"4:142974842:T:C"	1.05276658936004e-05	0.0189	0.024
"P2BP05"	"POAG-CKD"	"POAG"	"4:142975841:C:T"	1.13165587073416e-05	0.0212	0.0241
"P2BP05"	"POAG-CKD"	"POAG"	"4:142976073:A:G"	1.11209401206791e-05	0.0206	0.024
"P2BP05"	"POAG-CKD"	"POAG"	"4:142976133:G:A"	8.429454292469e-06	0.0053	0.0138
"P2BP05"	"POAG-CKD"	"POAG"	"4:142978265:T:C"	1.10890774963623e-05	0.0206	0.0241
"P2BP05"	"POAG-CKD"	"POAG"	"4:142981244:C:A"	1.18239593024372e-05	0.023	0.0247
"P2BP05"	"POAG-CKD"	"POAG"	"4:142994220:A:G"	1.12261470508468e-05	0.0214	0.0246
"P2BP05"	"POAG-CKD"	"POAG"	"4:142994344:C:T"	1.1188958627506e-05	0.0213	0.0246
"P2BP05"	"POAG-CKD"	"POAG"	"4:143000714:C:T"	7.90197255595704e-06	-0.0022	0.0219
"P2BP05"	"POAG-CKD"	"POAG"	"4:143008327:T:C"	8.4918977394377e-06	0.0061	0.0151
"P2BP05"	"POAG-CKD"	"POAG"	"4:143014164:A:C"	9.2664765209971e-06	0.0088	0.0149
"P2BP05"	"POAG-CKD"	"POAG"	"4:143014907:A:G"	9.37248338550578e-06	0.0091	0.0149
"P2BP05"	"POAG-CKD"	"POAG"	"4:143015352:C:T"	8.42794413258297e-06	-0.0056	0.0146
"P2BP05"	"POAG-CKD"	"POAG"	"4:143015738:T:C"	1.53833979158469e-05	0.0301	0.0252
"P2BP05"	"POAG-CKD"	"POAG"	"4:143020388:T:C"	8.514174350438e-06	0.0076	0.0185
"P2BP05"	"POAG-CKD"	"POAG"	"4:143020617:G:A"	9.42526689939882e-06	0.0085	0.0137
"P2BP05"	"POAG-CKD"	"POAG"	"4:143029822:C:T"	9.40066082533164e-06	0.0085	0.0138
"P2BP05"	"POAG-CKD"	"POAG"	"4:143033345:C:T"	9.09054027520284e-06	0.0116	0.0209
"P2BP05"	"POAG-CKD"	"POAG"	"4:143033778:T:C"	8.79654452157208e-06	-0.0122	0.025
"P2BP05"	"POAG-CKD"	"POAG"	"4:143034029:G:A"	8.98013534855746e-06	0.0111	0.0209
"P2BP05"	"POAG-CKD"	"POAG"	"4:143042799:T:C"	9.15980008719952e-06	0.0119	0.0209
"P2BP05"	"POAG-CKD"	"POAG"	"4:143042813:A:G"	9.15980008719952e-06	0.0119	0.0209
"P2BP05"	"POAG-CKD"	"POAG"	"4:143043404:C:T"	8.24564178014686e-06	0.0059	0.0186
"P2BP05"	"POAG-CKD"	"POAG"	"4:143044427:T:C"	8.67328797593547e-06	0.0099	0.0217
"P2BP05"	"POAG-CKD"	"POAG"	"4:143045262:C:T"	8.72567663112722e-06	0.0102	0.0217
"P2BP05"	"POAG-CKD"	"POAG"	"4:143045482:G:A"	8.74355901181456e-06	0.0103	0.0217
"P2BP05"	"POAG-CKD"	"POAG"	"4:143045599:G:A"	1.28185464774999e-05	-0.0159	0.0156
"P2BP05"	"POAG-CKD"	"POAG"	"4:143047463:T:C"	9.30531485132668e-06	0.0125	0.0209
"P2BP05"	"POAG-CKD"	"POAG"	"4:143047500:A:G"	8.63197228118118e-06	0.0097	0.0218
"P2BP05"	"POAG-CKD"	"POAG"	"4:143049691:C:T"	8.47622697808248e-06	0.0087	0.0218
"P2BP05"	"POAG-CKD"	"POAG"	"4:143049768:C:T"	8.37874083781109e-06	0.008	0.0218
"P2BP05"	"POAG-CKD"	"POAG"	"4:143049980:T:C"	7.86465014557258e-06	1e-04	0.0203
"P2BP05"	"POAG-CKD"	"POAG"	"4:143050166:G:A"	7.89460699412992e-06	-0.0019	0.0211
"P2BP05"	"POAG-CKD"	"POAG"	"4:143050454:T:G"	7.90128104188881e-06	-0.0021	0.0211
"P2BP05"	"POAG-CKD"	"POAG"	"4:143050485:T:C"	7.90487067348078e-06	-0.0022	0.0211
"P2BP05"	"POAG-CKD"	"POAG"	"4:143051680:A:G"	7.87025025394961e-06	8e-04	0.0204
"P2BP05"	"POAG-CKD"	"POAG"	"4:143052584:C:T"	7.92478000211094e-06	-0.0027	0.0212
"P2BP05"	"POAG-CKD"	"POAG"	"4:143053786:C:T"	1.49361176207119e-05	0.016	0.0137
"P2BP05"	"POAG-CKD"	"POAG"	"4:143054921:G:T"	1.29244464731615e-05	0.0148	0.0144
"P2BP05"	"POAG-CKD"	"POAG"	"4:143055538:T:C"	1.29560725559141e-05	0.017	0.0165
"P2BP05"	"POAG-CKD"	"POAG"	"4:143056296:T:C"	1.23780929534023e-05	0.0274	0.0279
"P2BP05"	"POAG-CKD"	"POAG"	"4:143062808:T:C"	1.09542390788198e-05	0.023	0.0274
"P2BP05"	"POAG-CKD"	"POAG"	"4:143064439:A:G"	7.9974711240105e-06	0.0037	0.0196
"P2BP05"	"POAG-CKD"	"POAG"	"4:143066199:G:A"	1.24606242134506e-05	0.0276	0.0279
"P2BP05"	"POAG-CKD"	"POAG"	"4:143068790:T:G"	1.40248411660826e-05	0.0183	0.0165
"P2BP05"	"POAG-CKD"	"POAG"	"4:143072215:T:C"	0.000134980702721776	-0.0477	0.0194
"P2BP05"	"POAG-CKD"	"POAG"	"4:143072608:A:G"	1.42955915518606e-05	0.0186	0.0165
"P2BP05"	"POAG-CKD"	"POAG"	"4:143075715:T:C"	1.14112223816853e-05	0.025	0.0281
"P2BP05"	"POAG-CKD"	"POAG"	"4:143076406:T:G"	1.48773046770856e-05	0.0163	0.014
"P2BP05"	"POAG-CKD"	"POAG"	"4:143077322:T:C"	1.84672067894409e-05	0.0225	0.0167
"P2BP05"	"POAG-CKD"	"POAG"	"4:143077401:G:A"	1.84672067894409e-05	0.0225	0.0167
"P2BP05"	"POAG-CKD"	"POAG"	"4:143081071:T:C"	1.47534580349218e-05	0.0192	0.0166
"P2BP05"	"POAG-CKD"	"POAG"	"4:143084950:T:C"	1.08495268735798e-05	0.0134	0.0162
"P2BP05"	"POAG-CKD"	"POAG"	"4:143089849:T:C"	1.1239266288432e-05	0.0149	0.0171
"P2BP05"	"POAG-CKD"	"POAG"	"4:143093611:A:G"	1.12323007908088e-05	0.0148	0.017
"P2BP05"	"POAG-CKD"	"POAG"	"4:143094698:C:T"	1.32992727923664e-05	0.0297	0.0281
"P2BP05"	"POAG-CKD"	"POAG"	"4:143095042:A:C"	1.33464830577301e-05	0.0298	0.0281
"P2BP05"	"POAG-CKD"	"POAG"	"4:143095732:T:C"	1.09187365457952e-05	0.0142	0.017
"P2BP05"	"POAG-CKD"	"POAG"	"4:143096610:C:T"	2.40693902966438e-05	0.031	0.0201
"P2BP05"	"POAG-CKD"	"POAG"	"4:143098083:T:C"	1.25865944833325e-05	0.014	0.014
"P2BP05"	"POAG-CKD"	"POAG"	"4:143098939:A:G"	1.31595819807817e-05	0.0294	0.0281
"P2BP05"	"POAG-CKD"	"POAG"	"4:143105706:T:C"	8.02885569517464e-06	0.0039	0.0186
"P2BP05"	"POAG-CKD"	"POAG"	"4:143110190:C:T"	8.2434856979452e-06	-0.0062	0.0196
"P2BP05"	"POAG-CKD"	"POAG"	"4:143114548:A:G"	1.05137667926192e-05	0.0132	0.0168
"P2BP05"	"POAG-CKD"	"POAG"	"4:143114729:G:A"	1.05696637299202e-05	-0.0222	0.028
"P2BP05"	"POAG-CKD"	"POAG"	"4:143117834:T:C"	1.03570697196353e-05	-0.0215	0.0281
"P2BP05"	"POAG-CKD"	"POAG"	"4:143122610:A:G"	1.18759483164199e-05	0.0264	0.0282
"P2BP05"	"POAG-CKD"	"POAG"	"4:143132651:T:C"	2.67532614665056e-05	-0.0334	0.0207
"P2BP05"	"POAG-CKD"	"POAG"	"4:143138844:C:T"	9.89771557780017e-06	0.0093	0.0133
"P2BP05"	"POAG-CKD"	"POAG"	"4:143140139:A:G"	2.71495863860549e-05	-0.0336	0.0207
"P2BP05"	"POAG-CKD"	"POAG"	"4:143153264:T:C"	7.86947800612836e-06	-7e-04	0.0192
"P2BP05"	"POAG-CKD"	"POAG"	"4:143155138:T:C"	2.56121487018923e-05	-0.0328	0.0207
"P2BP05"	"POAG-CKD"	"POAG"	"4:143155444:A:C"	2.48894984793413e-05	-0.0324	0.0207
"P2BP05"	"POAG-CKD"	"POAG"	"4:143156127:T:C"	8.19434192944613e-06	-0.0073	0.0247
"P2BP05"	"POAG-CKD"	"POAG"	"4:143157576:T:G"	3.46100936889915e-05	-0.0371	0.0209
"P2BP05"	"POAG-CKD"	"POAG"	"4:143158005:T:C"	3.40630487560833e-05	-0.0369	0.0209
"P2BP05"	"POAG-CKD"	"POAG"	"4:143161507:T:C"	3.63232678326497e-05	-0.0377	0.0209
"P2BP05"	"POAG-CKD"	"POAG"	"4:143170144:A:C"	1.42720071273361e-05	0.0197	0.0175
"P2BP05"	"POAG-CKD"	"POAG"	"4:143172994:G:A"	1.38520622402494e-05	0.0192	0.0175
"P2BP05"	"POAG-CKD"	"POAG"	"4:143173023:C:T"	1.14796594482547e-05	0.0252	0.0281
"P2BP05"	"POAG-CKD"	"POAG"	"4:143173661:A:G"	1.36110647110943e-05	0.0189	0.0175
"P2BP05"	"POAG-CKD"	"POAG"	"4:143186491:G:A"	9.93982400321336e-06	-0.0199	0.0282
"P2BP05"	"POAG-CKD"	"POAG"	"4:143190816:G:A"	1.23219284714482e-05	0.0171	0.0175
"P2BP05"	"POAG-CKD"	"POAG"	"4:143191157:T:C"	1.40774731828275e-05	0.0158	0.0142
"P2BP05"	"POAG-CKD"	"POAG"	"4:143195088:C:T"	1.36991330489389e-05	0.0151	0.0139
"P2BP05"	"POAG-CKD"	"POAG"	"4:143204051:C:T"	1.20147477520316e-05	0.0131	0.0138
"P2BP05"	"POAG-CKD"	"POAG"	"4:143208349:C:T"	1.30309366996872e-05	0.0143	0.0138
"P2BP05"	"POAG-CKD"	"POAG"	"4:143214649:C:T"	1.39341950515792e-05	0.0193	0.0175
"P2BP05"	"POAG-CKD"	"POAG"	"4:143216769:C:T"	1.3104063240843e-05	0.0149	0.0143
"P2BP05"	"POAG-CKD"	"POAG"	"4:143217318:T:G"	1.42720071273361e-05	0.0197	0.0175
"P2BP05"	"POAG-CKD"	"POAG"	"4:143217391:T:C"	1.45354158525013e-05	0.02	0.0175
"P2BP05"	"POAG-CKD"	"POAG"	"4:143218017:A:C"	3.6088418464808e-05	0.0378	0.021
"P2BP05"	"POAG-CKD"	"POAG"	"4:143219186:C:T"	7.9117777115334e-06	-0.0022	0.0195
"P2BP05"	"POAG-CKD"	"POAG"	"4:143220613:C:T"	1.0431413636991e-05	0.0186	0.024
"P2BP05"	"POAG-CKD"	"POAG"	"4:143222135:T:C"	8.0092515039043e-06	0.0038	0.0193
"P2BP05"	"POAG-CKD"	"POAG"	"4:143222729:A:C"	8.01864932964413e-06	0.0039	0.0192
"P2BP05"	"POAG-CKD"	"POAG"	"4:143224296:G:A"	7.96056026231007e-06	0.0031	0.0193
"P2BP05"	"POAG-CKD"	"POAG"	"4:143224747:C:T"	1.05215363620514e-05	0.0225	0.0286
"P2BP05"	"POAG-CKD"	"POAG"	"4:143224971:T:C"	8.27111762713439e-06	0.0055	0.0168
"P2BP05"	"POAG-CKD"	"POAG"	"4:143226496:A:C"	8.02643820430049e-06	0.0046	0.0221
"P2BP05"	"POAG-CKD"	"POAG"	"4:143226768:G:T"	1.11882129194552e-05	0.0129	0.0149
"P2BP05"	"POAG-CKD"	"POAG"	"4:143227742:G:A"	7.96922059809191e-06	0.0028	0.0167
"P2BP05"	"POAG-CKD"	"POAG"	"4:143228504:A:G"	1.1593260423326e-05	0.0119	0.0131
"P2BP05"	"POAG-CKD"	"POAG"	"4:143228914:A:C"	9.11818677185039e-06	0.0083	0.0148
"P2BP05"	"POAG-CKD"	"POAG"	"4:143229634:A:G"	3.70447422831655e-05	0.0236	0.013
"P2BP05"	"POAG-CKD"	"POAG"	"4:143230028:G:A"	8.52742099144432e-06	-0.0056	0.0135
"P2BP05"	"POAG-CKD"	"POAG"	"4:143232702:C:T"	8.15610492839181e-05	-0.0339	0.0152
"P2BP05"	"POAG-CKD"	"POAG"	"4:143232848:G:A"	8.15610492839181e-05	-0.0339	0.0152
"P2BP05"	"POAG-CKD"	"POAG"	"4:143232882:G:T"	8.26959280497697e-05	-0.034	0.0152
"P2BP05"	"POAG-CKD"	"POAG"	"4:143233187:G:A"	8.15610492839181e-05	-0.0339	0.0152
"P2BP05"	"POAG-CKD"	"POAG"	"4:143233356:A:C"	8.49652724210781e-06	-0.006	0.0148
"P2BP05"	"POAG-CKD"	"POAG"	"4:143234593:A:G"	1.5587263590966e-05	0.0158	0.0131
"P2BP05"	"POAG-CKD"	"POAG"	"4:143234955:G:A"	1.41307385667089e-05	0.0144	0.0129
"P2BP05"	"POAG-CKD"	"POAG"	"4:143235258:G:A"	1.95835928411547e-05	-0.0312	0.0224
"P2BP05"	"POAG-CKD"	"POAG"	"4:143235344:G:A"	2.02897898361476e-05	-0.0318	0.0224
"P2BP05"	"POAG-CKD"	"POAG"	"4:143236158:T:C"	1.79811098834914e-05	-0.0244	0.0184
"P2BP05"	"POAG-CKD"	"POAG"	"4:143236750:C:T"	2.20961080072968e-05	-0.0332	0.0224
"P2BP05"	"POAG-CKD"	"POAG"	"4:143240651:T:C"	2.3924373307449e-05	-0.0343	0.0223
"P2BP05"	"POAG-CKD"	"POAG"	"4:143243150:A:G"	1.93566007767876e-05	-0.031	0.0224
"P2BP05"	"POAG-CKD"	"POAG"	"4:143243556:C:T"	2.15966453468441e-05	0.0192	0.0131
"P2BP05"	"POAG-CKD"	"POAG"	"4:143247240:C:A"	9.8874885675615e-06	0.009	0.0129
"P2BP05"	"POAG-CKD"	"POAG"	"4:143256597:A:G"	1.04328874825921e-05	0.01	0.0129
"P2BP05"	"POAG-CKD"	"POAG"	"4:143257240:T:G"	1.74384055858789e-05	0.0203	0.0156
"P2BP05"	"POAG-CKD"	"POAG"	"4:143259305:T:C"	7.94738357001723e-06	0.002	0.0134
"P2BP05"	"POAG-CKD"	"POAG"	"4:143260871:A:G"	1.18252395855389e-05	0.0122	0.0131
"P2BP05"	"POAG-CKD"	"POAG"	"4:143270328:G:A"	1.22330162714013e-05	0.0126	0.013
"P2BP05"	"POAG-CKD"	"POAG"	"4:143272497:T:C"	1.15862858537374e-05	0.0118	0.013
"P2BP05"	"POAG-CKD"	"POAG"	"4:143273711:G:A"	7.88151447383978e-06	-9e-04	0.0133
"P2BP05"	"POAG-CKD"	"POAG"	"4:143276611:G:A"	7.88151447383978e-06	-9e-04	0.0133
"P2BP05"	"POAG-CKD"	"POAG"	"4:143281873:A:C"	1.11498060745285e-05	0.0112	0.013
"P2BP05"	"POAG-CKD"	"POAG"	"4:143282024:G:T"	9.43178558565627e-06	0.0092	0.0148
"P2BP05"	"POAG-CKD"	"POAG"	"4:143286268:A:C"	9.70292224233837e-06	-0.0133	0.0199
"P2BP05"	"POAG-CKD"	"POAG"	"4:143288893:T:C"	1.05180055003373e-05	0.0103	0.0131
"P2BP05"	"POAG-CKD"	"POAG"	"4:143290199:A:G"	7.95854905921711e-06	0.0024	0.0151
"P2BP05"	"POAG-CKD"	"POAG"	"4:143295246:C:T"	9.31535435544362e-06	0.009	0.015
"P2BP05"	"POAG-CKD"	"POAG"	"4:143297038:C:T"	8.2736106036263e-06	0.0044	0.0134
"P2BP05"	"POAG-CKD"	"POAG"	"4:143297732:A:C"	7.86945248532067e-06	-6e-04	0.0165
"P2BP05"	"POAG-CKD"	"POAG"	"4:143304592:C:A"	8.02528165666505e-06	0.0028	0.0135
"P2BP05"	"POAG-CKD"	"POAG"	"4:143305002:G:T"	9.39539060118566e-06	-0.0115	0.0187
"P2BP05"	"POAG-CKD"	"POAG"	"4:143309895:A:G"	8.08385639960996e-06	0.0037	0.0153
"P2BP05"	"POAG-CKD"	"POAG"	"4:143318673:A:C"	9.46086987496653e-06	0.0084	0.0134
"P2BP05"	"POAG-CKD"	"POAG"	"4:143324036:T:C"	1.09337130383969e-05	0.0113	0.0135
"P2BP05"	"POAG-CKD"	"POAG"	"4:143324094:G:A"	8.06501452876862e-06	0.0031	0.0134
"P2BP05"	"POAG-CKD"	"POAG"	"4:143325035:C:A"	1.04743291950982e-05	0.0153	0.0196
"P2BP05"	"POAG-CKD"	"POAG"	"4:143326714:T:G"	9.00821197502566e-06	0.0072	0.0134
"P2BP05"	"POAG-CKD"	"POAG"	"4:143327776:A:G"	7.86540949837544e-06	2e-04	0.0132
"P2BP05"	"POAG-CKD"	"POAG"	"4:143331053:T:C"	7.94992605157585e-06	0.002	0.0132
"P2BP05"	"POAG-CKD"	"POAG"	"4:143331154:T:C"	7.90627442459613e-06	0.0014	0.0132
"P2BP05"	"POAG-CKD"	"POAG"	"4:143333792:G:A"	7.91945853884091e-06	0.0018	0.0148
"P2BP05"	"POAG-CKD"	"POAG"	"4:143338705:A:G"	1.20334985160842e-05	0.0233	0.0245
"P2BP05"	"POAG-CKD"	"POAG"	"4:143339222:C:T"	7.9679702207347e-06	0.0022	0.0132
"P2BP05"	"POAG-CKD"	"POAG"	"4:143339542:C:T"	8.01786810566973e-06	0.0031	0.0153
"P2BP05"	"POAG-CKD"	"POAG"	"4:143343605:C:T"	8.14589053788062e-06	-0.0038	0.0139
"P2BP05"	"POAG-CKD"	"POAG"	"4:143343632:T:C"	7.86456039536532e-06	0	0.0132
"P2BP05"	"POAG-CKD"	"POAG"	"4:143344473:T:C"	7.96501810484962e-06	0.0023	0.014
"P2BP05"	"POAG-CKD"	"POAG"	"4:143346040:C:A"	8.01830262175951e-06	0.0028	0.0138
"P2BP05"	"POAG-CKD"	"POAG"	"4:143347436:A:G"	7.97400528385062e-06	-0.0024	0.014
"P2BP05"	"POAG-CKD"	"POAG"	"4:143348680:C:T"	8.18824606974022e-06	-0.0041	0.014
"P2BP05"	"POAG-CKD"	"POAG"	"4:143349518:A:G"	7.90114188919944e-06	-0.0015	0.0151
"P2BP05"	"POAG-CKD"	"POAG"	"4:143355338:T:C"	8.08203569002686e-06	-0.0046	0.0191
"P2BP05"	"POAG-CKD"	"POAG"	"4:143360851:A:G"	5.40152436486752e-05	0.0417	0.0206
"P2BP05"	"POAG-CKD"	"POAG"	"4:143369780:C:T"	2.43304339569983e-05	0.0265	0.0171
"P2BP05"	"POAG-CKD"	"POAG"	"4:143373910:A:G"	1.69217362032681e-05	0.0217	0.017
"P2BP05"	"POAG-CKD"	"POAG"	"4:143373921:A:G"	4.9223785169028e-05	0.0393	0.0199
"P2BP05"	"POAG-CKD"	"POAG"	"4:143375877:G:A"	5.20785774317245e-05	0.0401	0.02
"P2BP05"	"POAG-CKD"	"POAG"	"4:143384679:A:G"	3.85378555259885e-05	0.0364	0.0198
"P2BP05"	"POAG-CKD"	"POAG"	"4:143391299:A:G"	2.41425220796065e-05	0.0261	0.0169
"P2BP05"	"POAG-CKD"	"POAG"	"4:143392235:G:A"	7.90503534764397e-06	0.0014	0.0134
"P2BP05"	"POAG-CKD"	"POAG"	"4:143394613:T:G"	2.38414432212064e-05	0.0258	0.0168
"P2BP05"	"POAG-CKD"	"POAG"	"4:143394857:T:C"	4.60070735693874e-05	0.0376	0.0194
"P2BP05"	"POAG-CKD"	"POAG"	"4:143405082:G:T"	1.00446805069154e-05	0.0132	0.0183
"P2BP05"	"POAG-CKD"	"POAG"	"4:143406773:T:C"	9.41600023673939e-06	0.0099	0.016
"P2BP05"	"POAG-CKD"	"POAG"	"4:143406833:A:G"	9.21883195603712e-06	0.0093	0.016
"P2BP05"	"POAG-CKD"	"POAG"	"4:143416900:G:T"	7.86483525849757e-06	3e-04	0.0348
"P2BP05"	"POAG-CKD"	"POAG"	"4:143417918:G:A"	8.79514945917315e-06	0.0079	0.0162
"P2BP05"	"POAG-CKD"	"POAG"	"4:143418354:C:T"	9.01344574055774e-06	0.0098	0.0182
"P2BP05"	"POAG-CKD"	"POAG"	"4:143420262:A:G"	9.80971781672224e-06	0.0109	0.0159
"P2BP05"	"POAG-CKD"	"POAG"	"4:143421175:G:A"	9.97953905645943e-06	0.0116	0.0163
"P2BP05"	"POAG-CKD"	"POAG"	"4:143426031:G:A"	9.7687467387475e-06	0.011	0.0162
"P2BP05"	"POAG-CKD"	"POAG"	"4:143437219:G:T"	1.012000074474e-05	0.0134	0.0183
"P2BP05"	"POAG-CKD"	"POAG"	"4:143437470:C:T"	9.98154411147034e-06	0.0131	0.0184
"P2BP05"	"POAG-CKD"	"POAG"	"4:143440337:C:T"	8.93758396092181e-06	0.0097	0.0186
"P2BP05"	"POAG-CKD"	"POAG"	"4:143440396:T:C"	9.08671402144456e-06	0.0092	0.0166
"P2BP05"	"POAG-CKD"	"POAG"	"4:143443147:G:A"	1.0827645655187e-05	-0.0141	0.0171
"P2BP05"	"POAG-CKD"	"POAG"	"4:143444109:T:C"	8.27415561333034e-06	0.0092	0.028
"P2BP05"	"POAG-CKD"	"POAG"	"4:143444744:A:G"	1.29589773536498e-05	-0.0135	0.0131
"P2BP05"	"POAG-CKD"	"POAG"	"4:143450575:T:C"	1.67037619598354e-05	-0.0162	0.0128
"P2BP05"	"POAG-CKD"	"POAG"	"4:143452535:A:C"	1.53398659028525e-05	-0.0236	0.0198
"P2BP05"	"POAG-CKD"	"POAG"	"4:143453881:A:G"	1.46718336964113e-05	0.019	0.0165
"P2BP05"	"POAG-CKD"	"POAG"	"4:143454553:C:T"	1.44814903745294e-05	0.0188	0.0165
"P2BP05"	"POAG-CKD"	"POAG"	"4:143455287:A:C"	6.08253707601314e-05	-0.0292	0.014
"P2BP05"	"POAG-CKD"	"POAG"	"4:143456937:C:T"	9.15511119925494e-06	-0.0108	0.019
"P2BP05"	"POAG-CKD"	"POAG"	"4:143462437:C:T"	1.28098004685828e-05	0.0165	0.0162
"P2BP05"	"POAG-CKD"	"POAG"	"4:143462713:C:T"	7.88549664532123e-06	-0.001	0.0133
"P2BP05"	"POAG-CKD"	"POAG"	"4:143469236:G:A"	2.35646438471182e-05	0.0249	0.0163
"P2BP05"	"POAG-CKD"	"POAG"	"4:143470133:C:A"	1.30593142384505e-05	-0.0135	0.013
"P2BP05"	"POAG-CKD"	"POAG"	"4:143472696:T:C"	2.36752797327933e-05	0.0248	0.0162
"P2BP05"	"POAG-CKD"	"POAG"	"4:143474601:T:C"	8.01846940845508e-06	-0.0027	0.0133
"P2BP05"	"POAG-CKD"	"POAG"	"4:143476181:T:G"	1.42992913477746e-05	0.0168	0.0149
"P2BP05"	"POAG-CKD"	"POAG"	"4:143479727:G:A"	3.7936748236489e-05	0.03	0.0164
"P2BP05"	"POAG-CKD"	"POAG"	"4:143483455:T:C"	4.04266096892814e-05	0.0306	0.0164
"P2BP05"	"POAG-CKD"	"POAG"	"4:143493213:A:G"	5.7033106183213e-05	0.039	0.019
"P2BP05"	"POAG-CKD"	"POAG"	"4:143503071:A:G"	3.77447006441045e-05	0.0347	0.019
"P2BP05"	"POAG-CKD"	"POAG"	"4:143508339:T:C"	4.31544898591429e-05	0.0352	0.0185
"P2BP05"	"POAG-CKD"	"POAG"	"4:143509994:C:T"	4.2104648280028e-05	0.0272	0.0144
"P2BP05"	"POAG-CKD"	"POAG"	"4:143513969:A:G"	4.90503497745376e-05	0.0365	0.0185
"P2BP05"	"POAG-CKD"	"POAG"	"4:143519738:A:G"	3.84429104172135e-05	0.0338	0.0184
"P2BP05"	"POAG-CKD"	"POAG"	"4:143534216:A:G"	8.47297283634863e-06	0.0082	0.0206
"P2BP05"	"POAG-CKD"	"POAG"	"4:143538179:C:A"	0.0004988217352625	0.0407	0.0137
"P2BP05"	"POAG-CKD"	"POAG"	"4:143551483:T:C"	5.81729104351947e-05	0.0361	0.0175
"P2BP05"	"POAG-CKD"	"POAG"	"4:143553033:A:G"	5.50781731152306e-05	0.0354	0.0174
"P2BP05"	"POAG-CKD"	"POAG"	"4:143562086:A:G"	5.63063436764821e-05	0.0356	0.0174
"P2BP05"	"POAG-CKD"	"POAG"	"4:143569058:G:A"	6.73648951383665e-05	0.0374	0.0175
"P2BP05"	"POAG-CKD"	"POAG"	"4:143575740:A:G"	0.000139733419928012	0.0329	0.0133
"P2BP05"	"POAG-CKD"	"POAG"	"4:143578523:G:T"	2.51551771629499e-05	0.0228	0.0145
"P2BP05"	"POAG-CKD"	"POAG"	"4:143579013:T:C"	6.66976139931386e-05	0.0371	0.0174
"P2BP05"	"POAG-CKD"	"POAG"	"4:143579753:G:A"	0.000423676634862757	0.0396	0.0136
"P2BP05"	"POAG-CKD"	"POAG"	"4:143582924:T:C"	7.12370442401689e-05	0.0381	0.0176
"P2BP05"	"POAG-CKD"	"POAG"	"4:143593086:C:T"	9.37203917339424e-06	0.0149	0.0244
"P2BP05"	"POAG-CKD"	"POAG"	"4:143602404:A:G"	6.71554936806373e-05	0.0378	0.0177
"P2BP05"	"POAG-CKD"	"POAG"	"4:143605318:C:A"	6.21404022201899e-05	0.0369	0.0176
"P2BP05"	"POAG-CKD"	"POAG"	"4:143608324:G:T"	8.5861156748912e-06	0.0089	0.0206
"P2BP05"	"POAG-CKD"	"POAG"	"4:143610293:G:A"	0.000825524457530924	0.0431	0.0137
"P2BP05"	"POAG-CKD"	"POAG"	"4:143612819:A:G"	3.88110910619632e-05	0.0269	0.0146
"P2BP05"	"POAG-CKD"	"POAG"	"4:143614262:C:T"	9.07023994756173e-06	0.0114	0.0207
"P2BP05"	"POAG-CKD"	"POAG"	"4:143617304:T:C"	0.000120016712760962	0.0325	0.0135
"P2BP05"	"POAG-CKD"	"POAG"	"4:143618753:G:T"	8.86517424262268e-05	0.0404	0.0178
"P2BP05"	"POAG-CKD"	"POAG"	"4:143619586:T:C"	0.000120016712760962	0.0325	0.0135
"P2BP05"	"POAG-CKD"	"POAG"	"4:143619721:T:C"	1.5309338591063e-05	0.0169	0.0142
"P2BP05"	"POAG-CKD"	"POAG"	"4:143625262:G:A"	0.000687140372722661	0.0481	0.0156
"P2BP05"	"POAG-CKD"	"POAG"	"4:143626567:C:T"	0.000890322532502763	0.0555	0.0175
"P2BP05"	"POAG-CKD"	"POAG"	"4:143627929:A:G"	0.000905637009514626	0.0556	0.0175
"P2BP05"	"POAG-CKD"	"POAG"	"4:143629934:G:A"	1.2163545701771e-05	0.0182	0.0189
"P2BP05"	"POAG-CKD"	"POAG"	"4:143631691:G:A"	0.000372425569679091	0.0401	0.014
"P2BP05"	"POAG-CKD"	"POAG"	"4:143633793:C:T"	0.000654813451297476	0.0414	0.0135
"P2BP05"	"POAG-CKD"	"POAG"	"4:143634746:G:A"	0.000530162262836864	0.0401	0.0134
"P2BP05"	"POAG-CKD"	"POAG"	"4:143639211:T:C"	3.30069389620213e-05	0.0248	0.0142
"P2BP05"	"POAG-CKD"	"POAG"	"4:143639498:C:T"	0.000745035842552366	0.042	0.0135
"P2BP05"	"POAG-CKD"	"POAG"	"4:143641202:T:C"	4.65392940711684e-05	0.028	0.0144
"P2BP05"	"POAG-CKD"	"POAG"	"4:143649411:G:A"	0.00110360043011293	0.0441	0.0136
"P2BP05"	"POAG-CKD"	"POAG"	"4:143654534:A:G"	2.96941541368945e-05	-0.0237	0.0141
"P2BP05"	"POAG-CKD"	"POAG"	"4:143654889:G:A"	0.000613739176625439	-0.0414	0.0136
"P2BP05"	"POAG-CKD"	"POAG"	"4:143655174:G:A"	8.95007314760665e-06	-0.014	0.0267
"P2BP05"	"POAG-CKD"	"POAG"	"4:143657023:A:G"	2.43008353986163e-05	-0.0206	0.0133
"P2BP05"	"POAG-CKD"	"POAG"	"4:143660758:G:A"	0.000588501460066615	-0.0412	0.0136
"P2BP05"	"POAG-CKD"	"POAG"	"4:143664834:A:C"	0.000116880764057248	-0.0333	0.0139
"P2BP05"	"POAG-CKD"	"POAG"	"4:143667098:A:C"	0.000199072958181112	-0.0367	0.014
"P2BP05"	"POAG-CKD"	"POAG"	"4:143671111:A:G"	4.89820845647193e-05	-0.0284	0.0144
"P2BP05"	"POAG-CKD"	"POAG"	"4:143673851:G:A"	0.000413628823640266	-0.0389	0.0134
"P2BP05"	"POAG-CKD"	"POAG"	"4:143677136:A:C"	5.76435495899252e-05	-0.0531	0.0258
"P2BP05"	"POAG-CKD"	"POAG"	"4:143680948:C:A"	1.53896343851878e-05	-0.0184	0.0154
"P2BP05"	"POAG-CKD"	"POAG"	"4:143683033:A:G"	5.97253593428437e-05	-0.0299	0.0144
"P2BP05"	"POAG-CKD"	"POAG"	"4:143683303:A:G"	6.22244422973095e-05	-0.0539	0.0257
"P2BP05"	"POAG-CKD"	"POAG"	"4:143691110:C:T"	2.74835997219336e-05	-0.0429	0.0263
"P2BP05"	"POAG-CKD"	"POAG"	"4:143693739:C:T"	6.13728628093835e-05	-0.0301	0.0144
"P2BP05"	"POAG-CKD"	"POAG"	"4:143699841:A:G"	0.000468345658845126	-0.0398	0.0135
"P2BP05"	"POAG-CKD"	"POAG"	"4:143708318:T:C"	0.000552873108316754	-0.0406	0.0135
"P2BP05"	"POAG-CKD"	"POAG"	"4:143708921:A:G"	5.98926703534453e-05	-0.0534	0.0257
"P2BP05"	"POAG-CKD"	"POAG"	"4:143717643:T:C"	0.00114159870346597	-0.0436	0.0134
"P2BP05"	"POAG-CKD"	"POAG"	"4:143722951:T:C"	0.00106627878297316	-0.0433	0.0134
"P2BP05"	"POAG-CKD"	"POAG"	"4:143723264:A:G"	0.000190186435321871	-0.0367	0.0141
"P2BP05"	"POAG-CKD"	"POAG"	"4:143723571:T:C"	0.00109765877106405	-0.0444	0.0137
"P2BP05"	"POAG-CKD"	"POAG"	"4:143732619:T:G"	0.00249506147655876	-0.0469	0.0134
"P2BP05"	"POAG-CKD"	"POAG"	"4:143733966:G:A"	7.15123569380305e-05	-0.0312	0.0144
"P2BP05"	"POAG-CKD"	"POAG"	"4:143735270:G:A"	6.85542582041787e-05	-0.0309	0.0144
"P2BP05"	"POAG-CKD"	"POAG"	"4:143737159:G:A"	0.000236642230244333	-0.0374	0.0139
"P2BP05"	"POAG-CKD"	"POAG"	"4:143747354:T:C"	0.00107506288054071	-0.0456	0.0141
"P2BP05"	"POAG-CKD"	"POAG"	"4:143765773:G:A"	0.000745035842552366	-0.042	0.0135
"P2BP05"	"POAG-CKD"	"POAG"	"4:143769959:A:C"	0.000761375329540903	-0.0421	0.0135
"P2BP05"	"POAG-CKD"	"POAG"	"4:143771325:C:T"	0.000705055816326294	-0.0436	0.0141
"P2BP05"	"POAG-CKD"	"POAG"	"4:143772767:C:A"	0.000627494906450088	-0.0412	0.0135
"P2BP05"	"POAG-CKD"	"POAG"	"4:143775584:C:T"	0.000488030404508399	-0.04	0.0135
"P2BP05"	"POAG-CKD"	"POAG"	"4:143779613:G:A"	0.000202517343846131	-0.0389	0.0148
"P2BP05"	"POAG-CKD"	"POAG"	"4:143781835:T:C"	0.000449547610945067	-0.0396	0.0135
"P2BP05"	"POAG-CKD"	"POAG"	"4:143788460:C:T"	0.00329918829323395	-0.0534	0.0149
"P2BP05"	"POAG-CKD"	"POAG"	"4:143795347:G:A"	0.00249506147655876	-0.0525	0.015
"P2BP05"	"POAG-CKD"	"POAG"	"4:143796487:G:T"	0.00301488278434836	-0.053	0.0149
"P2BP05"	"POAG-CKD"	"POAG"	"4:143800361:A:G"	1.29244464731615e-05	0.0259	0.0252
"P2BP05"	"POAG-CKD"	"POAG"	"4:143804147:C:T"	0.00294803207610461	-0.0529	0.0149
"P2BP05"	"POAG-CKD"	"POAG"	"4:143814005:T:C"	0.00519371013035685	-0.0576	0.0155
"P2BP05"	"POAG-CKD"	"POAG"	"4:143822303:T:C"	0.00415373515742978	-0.0566	0.0155
"P2BP05"	"POAG-CKD"	"POAG"	"4:143823839:G:A"	0.000352665379613537	-0.0401	0.0141
"P2BP05"	"POAG-CKD"	"POAG"	"4:143837901:G:A"	0.00176321869331153	-0.0665	0.0196
"P2BP05"	"POAG-CKD"	"POAG"	"4:143842458:T:C"	0.0048549834171483	-0.0573	0.0155
"P2BP05"	"POAG-CKD"	"POAG"	"4:143848478:G:A"	2.90384979650948e-05	0.0305	0.0183
"P2BP05"	"POAG-CKD"	"POAG"	"4:143853943:A:G"	0.00531220693583723	-0.0577	0.0155
"P2BP05"	"POAG-CKD"	"POAG"	"4:143856072:A:G"	0.00531220693583723	-0.0577	0.0155
"P2BP05"	"POAG-CKD"	"POAG"	"4:143859652:A:G"	0.00667085643822896	-0.0587	0.0155
"P2BP05"	"POAG-CKD"	"POAG"	"4:143861293:T:C"	0.00799628178013689	-0.0591	0.0154
"P2BP05"	"POAG-CKD"	"POAG"	"4:143861348:A:G"	0.00923640959159711	-0.0601	0.0155
"P2BP05"	"POAG-CKD"	"POAG"	"4:143865906:A:G"	0.00188950722610737	-0.0519	0.0152
"P2BP05"	"POAG-CKD"	"POAG"	"4:143867361:T:C"	0.0022658211706269	-0.0531	0.0153
"P2BP05"	"POAG-CKD"	"POAG"	"4:143871668:C:T"	0.00199511140040898	-0.0525	0.0153
"P2BP05"	"POAG-CKD"	"POAG"	"4:143873787:C:T"	0.00311358412119633	-0.0535	0.015
"P2BP05"	"POAG-CKD"	"POAG"	"4:143879504:C:T"	0.00269349064577296	-0.0532	0.0151
"P2BP05"	"POAG-CKD"	"POAG"	"4:143879892:C:A"	0.0028772420870613	-0.0535	0.0151
"P2BP05"	"POAG-CKD"	"POAG"	"4:143882545:A:G"	0.00325622240323453	-0.0537	0.015
"P2BP05"	"POAG-CKD"	"POAG"	"4:143892252:A:C"	0.00178869369547185	-0.0513	0.0151
"P2BP05"	"POAG-CKD"	"POAG"	"4:143892822:C:T"	0.00182697138432464	-0.0514	0.0151
"P2BP05"	"POAG-CKD"	"POAG"	"4:143894051:G:A"	0.00194727110023507	-0.0517	0.0151
"P2BP05"	"POAG-CKD"	"POAG"	"4:143894775:C:T"	0.00182697138432464	-0.0514	0.0151
"P2BP05"	"POAG-CKD"	"POAG"	"4:143895198:G:A"	0.00182697138432464	-0.0514	0.0151
"P2BP05"	"POAG-CKD"	"POAG"	"4:143898685:T:C"	0.00190623731314099	-0.0516	0.0151
"P2BP05"	"POAG-CKD"	"POAG"	"4:143899411:G:T"	0.00175129013789521	-0.0512	0.0151
"P2BP05"	"POAG-CKD"	"POAG"	"4:143899483:A:C"	0.00185005671712568	-0.0518	0.0152
"P2BP05"	"POAG-CKD"	"POAG"	"4:143907480:G:A"	0.00185005671712568	-0.0518	0.0152
"P2BP05"	"POAG-CKD"	"POAG"	"4:143911483:C:T"	0.0014114530147471	-0.0505	0.0152
"P2BP05"	"POAG-CKD"	"POAG"	"4:143921408:T:C"	0.00194727110023507	-0.0517	0.0151
"P2BP05"	"POAG-CKD"	"POAG"	"4:143936903:A:G"	1.29476237824555e-05	-0.0139	0.0135
"P2BP05"	"POAG-CKD"	"POAG"	"4:143941858:T:C"	1.27645154921474e-05	-0.0137	0.0135
"P2BP05"	"POAG-CKD"	"POAG"	"4:143942208:C:T"	1.27645154921474e-05	-0.0137	0.0135
"P2BP05"	"POAG-CKD"	"POAG"	"4:143942862:G:T"	1.28554119446234e-05	-0.0138	0.0135
"P2BP05"	"POAG-CKD"	"POAG"	"4:143943212:A:G"	1.28554119446234e-05	-0.0138	0.0135
"P2BP05"	"POAG-CKD"	"POAG"	"4:143946132:T:C"	1.29476237824555e-05	-0.0139	0.0135
"P2BP05"	"POAG-CKD"	"POAG"	"4:143947047:A:G"	1.28554119446234e-05	-0.0138	0.0135
"P2BP05"	"POAG-CKD"	"POAG"	"4:143949851:G:A"	1.28554119446234e-05	-0.0138	0.0135
"P2BP05"	"POAG-CKD"	"POAG"	"4:143959584:G:A"	1.32323431862869e-05	-0.0142	0.0135
"P2BP05"	"POAG-CKD"	"POAG"	"4:143960787:A:G"	8.33150804802063e-06	-0.0083	0.0237
"P2BP05"	"POAG-CKD"	"POAG"	"4:143965072:A:G"	1.33300098902334e-05	-0.0143	0.0135
"P2BP05"	"POAG-CKD"	"POAG"	"4:143967230:C:A"	1.32323431862869e-05	-0.0142	0.0135
"P2BP05"	"POAG-CKD"	"POAG"	"4:143971531:A:G"	3.69442670632436e-05	0.0263	0.0145
"P2BP05"	"POAG-CKD"	"POAG"	"4:143972745:C:T"	3.73822803562129e-05	0.0264	0.0145
"P2BP05"	"POAG-CKD"	"POAG"	"4:143981240:C:T"	3.44542263890357e-05	0.0257	0.0145
"P2BP05"	"POAG-CKD"	"POAG"	"4:143983846:G:A"	8.30507104965239e-06	-0.008	0.0235
"P2BP05"	"POAG-CKD"	"POAG"	"4:143998282:G:A"	1.34224895153023e-05	-0.0145	0.0136
"P2BP05"	"POAG-CKD"	"POAG"	"4:143998428:C:T"	2.13711769224689e-05	0.0191	0.0131
"P2BP05"	"POAG-CKD"	"POAG"	"4:144003159:T:G"	4.1649364598384e-05	0.0273	0.0145
"P2BP05"	"POAG-CKD"	"POAG"	"4:144007578:C:T"	1.42752057525897e-05	-0.0152	0.0135
"P2BP05"	"POAG-CKD"	"POAG"	"4:144027729:A:G"	8.26167879319772e-06	-0.0078	0.0241
"P2BP05"	"POAG-CKD"	"POAG"	"4:144030000:A:G"	2.04760473180299e-05	0.0194	0.0136
"P2BP05"	"POAG-CKD"	"POAG"	"4:144030194:G:A"	9.11818677185039e-06	0.0083	0.0148
"P2BP05"	"POAG-CKD"	"POAG"	"4:144033656:T:G"	0.00191047997463167	0.0458	0.0134
"P2BP05"	"POAG-CKD"	"POAG"	"4:144039278:G:T"	0.000508647406946006	-0.0402	0.0135
"P2BP05"	"POAG-CKD"	"POAG"	"4:144039438:G:A"	0.00182120194806157	0.0456	0.0134
"P2BP05"	"POAG-CKD"	"POAG"	"4:144039589:T:G"	0.00182120194806157	0.0456	0.0134
"P2BP05"	"POAG-CKD"	"POAG"	"4:144043024:C:T"	0.00150705637618453	0.0448	0.0134
"P2BP05"	"POAG-CKD"	"POAG"	"4:144044338:T:C"	0.00367718155902341	0.0499	0.0138
"P2BP05"	"POAG-CKD"	"POAG"	"4:144048046:C:T"	0.00386326856401065	0.0501	0.0138
"P2BP05"	"POAG-CKD"	"POAG"	"4:144050379:A:G"	0.0182953474184914	0.0536	0.0132
"P2BP05"	"POAG-CKD"	"POAG"	"4:144051108:T:C"	1.18434661129374e-05	0.0223	0.0239
"P2BP05"	"POAG-CKD"	"POAG"	"4:144053881:G:A"	0.0252292142571813	0.0547	0.0132
"P2BP05"	"POAG-CKD"	"POAG"	"4:144054567:C:T"	0.0252292142571813	0.0547	0.0132
"P2BP05"	"POAG-CKD"	"POAG"	"4:144055140:C:T"	8.09914656307864e-06	-0.006	0.024
"P2BP05"	"POAG-CKD"	"POAG"	"4:144060464:A:G"	0.0230972468225664	0.0544	0.0132
"P2BP05"	"POAG-CKD"	"POAG"	"4:144069561:G:T"	0.0252292142571813	0.0547	0.0132
"P2BP05"	"POAG-CKD"	"POAG"	"4:144073912:A:G"	0.00358779229242034	-0.0498	0.0138
"P2BP05"	"POAG-CKD"	"POAG"	"4:144080267:T:C"	0.0478928186322656	0.0564	0.0131
"P2BP05"	"POAG-CKD"	"POAG"	"4:144086245:G:A"	0.0525565506710217	0.0567	0.0131
"P2BP05"	"POAG-CKD"	"POAG"	"4:144086419:T:G"	1.38363894806037e-05	0.0194	0.0177
"P2BP05"	"POAG-CKD"	"POAG"	"4:144104906:G:A"	0.0423442477105007	0.056	0.0131
"P2BP05"	"POAG-CKD"	"POAG"	"4:144105382:T:C"	0.0102468617287003	0.0539	0.0138
"P2BP05"	"POAG-CKD"	"POAG"	"4:144105698:G:A"	0.0108079728713607	0.0541	0.0138
"P2BP05"	"POAG-CKD"	"POAG"	"4:144114413:A:G"	8.10715165122655e-06	-0.0061	0.024
"P2BP05"	"POAG-CKD"	"POAG"	"4:144117652:G:A"	0.00997806471760321	0.0538	0.0138
"P2BP05"	"POAG-CKD"	"POAG"	"4:144124492:G:A"	0.0509507924139615	0.0566	0.0131
"P2BP05"	"POAG-CKD"	"POAG"	"4:144127525:T:C"	8.19499549298275e-06	-0.0071	0.024
"P2BP05"	"POAG-CKD"	"POAG"	"4:144130750:T:C"	8.21428754749221e-06	-0.0073	0.024
"P2BP05"	"POAG-CKD"	"POAG"	"4:144135718:G:A"	0.00452177172237012	0.0511	0.0139
"P2BP05"	"POAG-CKD"	"POAG"	"4:144136193:T:G"	0.00452177172237012	0.0511	0.0139
"P2BP05"	"POAG-CKD"	"POAG"	"4:144137359:A:G"	0.0275713397873756	0.055	0.0132
"P2BP05"	"POAG-CKD"	"POAG"	"4:144140665:C:T"	0.0259855374150226	0.0548	0.0132
"P2BP05"	"POAG-CKD"	"POAG"	"4:144143020:C:T"	8.24432040380518e-06	-0.0076	0.024
"P2BP05"	"POAG-CKD"	"POAG"	"4:144150701:T:C"	5.19884953916749e-05	0.0491	0.0245
"P2BP05"	"POAG-CKD"	"POAG"	"4:144154424:G:A"	0.000808395245121329	-0.0565	0.018
"P2BP05"	"POAG-CKD"	"POAG"	"4:144162943:A:G"	0.00441083329845438	0.051	0.0139
"P2BP05"	"POAG-CKD"	"POAG"	"4:144171748:T:G"	0.0019065291296293	0.0475	0.0139
"P2BP05"	"POAG-CKD"	"POAG"	"4:144172526:A:G"	8.46318212188724e-06	-0.0094	0.0238
"P2BP05"	"POAG-CKD"	"POAG"	"4:144173483:A:G"	0.00281771512384865	0.0481	0.0136
"P2BP05"	"POAG-CKD"	"POAG"	"4:144174773:C:A"	9.27008418027953e-06	-0.0136	0.023
"P2BP05"	"POAG-CKD"	"POAG"	"4:144178902:T:C"	0.0342078858324068	0.0553	0.0131
"P2BP05"	"POAG-CKD"	"POAG"	"4:144182073:C:T"	0.0268933811306343	0.0545	0.0131
"P2BP05"	"POAG-CKD"	"POAG"	"4:144184193:C:T"	0.00360730654510266	0.0491	0.0136
"P2BP05"	"POAG-CKD"	"POAG"	"4:144184364:C:T"	8.89018152150367e-06	-0.0121	0.0237
"P2BP05"	"POAG-CKD"	"POAG"	"4:144184743:G:A"	0.0464371720182366	0.0563	0.0131
"P2BP05"	"POAG-CKD"	"POAG"	"4:144185956:T:C"	0.00430125895983258	0.0498	0.0136
"P2BP05"	"POAG-CKD"	"POAG"	"4:144186457:A:G"	0.00318613632531595	0.0486	0.0136
"P2BP05"	"POAG-CKD"	"POAG"	"4:144187380:G:A"	9.19713589577764e-05	0.0295	0.0129
"P2BP05"	"POAG-CKD"	"POAG"	"4:144193117:T:G"	0.00388865079856227	0.0494	0.0136
"P2BP05"	"POAG-CKD"	"POAG"	"4:144193353:A:G"	8.71916509193049e-06	-0.0111	0.0237
"P2BP05"	"POAG-CKD"	"POAG"	"4:144196536:T:C"	0.0478928186322656	0.0564	0.0131
"P2BP05"	"POAG-CKD"	"POAG"	"4:144198204:C:T"	1.43592443211382e-05	-0.0241	0.0213
"P2BP05"	"POAG-CKD"	"POAG"	"4:144201383:T:C"	0.00125128205876057	0.044	0.0134
"P2BP05"	"POAG-CKD"	"POAG"	"4:144205564:C:T"	0.000130089688910817	0.032	0.0131
"P2BP05"	"POAG-CKD"	"POAG"	"4:144206153:T:C"	0.00122281481714681	0.0439	0.0134
"P2BP05"	"POAG-CKD"	"POAG"	"4:144206948:T:C"	0.0786944158586007	0.0571	0.0129
"P2BP05"	"POAG-CKD"	"POAG"	"4:144207686:G:A"	0.000127831962093872	0.0319	0.0131
"P2BP05"	"POAG-CKD"	"POAG"	"4:144210162:G:A"	0.0812761568031629	0.0572	0.0129
"P2BP05"	"POAG-CKD"	"POAG"	"4:144220383:C:T"	0.00134114316494294	0.0443	0.0134
"P2BP05"	"POAG-CKD"	"POAG"	"4:144230902:A:C"	0.00112198669874974	0.0419	0.0129
"P2BP05"	"POAG-CKD"	"POAG"	"4:144239825:A:G"	0.0173386753515586	0.0522	0.0129
"P2BP05"	"POAG-CKD"	"POAG"	"4:144240473:A:G"	0.0129472634041456	0.0512	0.0129
"P2BP05"	"POAG-CKD"	"POAG"	"4:144240657:T:C"	7.9788318148033e-06	0.0031	0.0177
"P2BP05"	"POAG-CKD"	"POAG"	"4:144255838:T:C"	0.00626068833160243	0.049	0.013
"P2BP05"	"POAG-CKD"	"POAG"	"4:144256713:T:C"	8.7149249956564e-06	-0.0107	0.0229
"P2BP05"	"POAG-CKD"	"POAG"	"4:144257116:C:T"	0.00717981315725758	0.0495	0.013
"P2BP05"	"POAG-CKD"	"POAG"	"4:144259648:C:T"	8.68185147184786e-06	-0.0105	0.0229
"P2BP05"	"POAG-CKD"	"POAG"	"4:144260239:T:C"	8.61793504325359e-06	-0.0101	0.0229
"P2BP05"	"POAG-CKD"	"POAG"	"4:144264722:T:C"	0.0100312144494911	0.0507	0.013
"P2BP05"	"POAG-CKD"	"POAG"	"4:144273884:G:T"	4.54375070478852e-05	0.0253	0.0131
"P2BP05"	"POAG-CKD"	"POAG"	"4:144274156:A:G"	0.0027904065164136	0.047	0.0133
"P2BP05"	"POAG-CKD"	"POAG"	"4:144276643:C:T"	0.00234579856221095	0.0463	0.0133
"P2BP05"	"POAG-CKD"	"POAG"	"4:144276717:G:A"	0.0357623097445907	0.0546	0.0129
"P2BP05"	"POAG-CKD"	"POAG"	"4:144282005:A:G"	0.000105802013180667	-0.0442	0.0188
"P2BP05"	"POAG-CKD"	"POAG"	"4:144282224:T:C"	0.000119206052602072	-0.0327	0.0136
"P2BP05"	"POAG-CKD"	"POAG"	"4:144282390:C:T"	0.000377423196595061	-0.0373	0.013
"P2BP05"	"POAG-CKD"	"POAG"	"4:144285683:A:G"	0.000125330975392912	-0.033	0.0136
"P2BP05"	"POAG-CKD"	"POAG"	"4:144288653:T:G"	0.00018887118190869	-0.0351	0.0135
"P2BP05"	"POAG-CKD"	"POAG"	"4:144289305:T:C"	0.000172631386762823	-0.0346	0.0135
"P2BP05"	"POAG-CKD"	"POAG"	"4:144289502:A:G"	0.000617960761827074	-0.0393	0.0129
"P2BP05"	"POAG-CKD"	"POAG"	"4:144293053:G:A"	0.000604406870159502	-0.0392	0.0129
"P2BP05"	"POAG-CKD"	"POAG"	"4:144295952:C:T"	0.00056569457600486	-0.0389	0.0129
"P2BP05"	"POAG-CKD"	"POAG"	"4:144298152:G:A"	0.000335951837285409	-0.0373	0.0132
"P2BP05"	"POAG-CKD"	"POAG"	"4:144303897:G:A"	0.000284852422321791	-0.0373	0.0135
"P2BP05"	"POAG-CKD"	"POAG"	"4:144310659:C:T"	0.00014605977454496	-0.0339	0.0136
"P2BP05"	"POAG-CKD"	"POAG"	"4:144312520:C:T"	0.000476734502180998	-0.039	0.0132
"P2BP05"	"POAG-CKD"	"POAG"	"4:144316247:C:T"	0.000589237846888913	-0.0406	0.0134
"P2BP05"	"POAG-CKD"	"POAG"	"4:144319745:G:A"	0.00027412514123748	-0.0371	0.0135
"P2BP05"	"POAG-CKD"	"POAG"	"4:144325021:A:C"	5.08883444703123e-05	-0.0273	0.0137
"P2BP05"	"POAG-CKD"	"POAG"	"4:144326385:G:T"	0.00015982132953174	-0.0329	0.013
"P2BP05"	"POAG-CKD"	"POAG"	"4:144332533:A:G"	5.15905071729605e-05	-0.0274	0.0137
"P2BP05"	"POAG-CKD"	"POAG"	"4:144333710:G:A"	0.000198920628027843	-0.0422	0.0161
"P2BP05"	"POAG-CKD"	"POAG"	"4:144340098:T:C"	3.86845277028369e-05	-0.0254	0.0138
"P2BP05"	"POAG-CKD"	"POAG"	"4:144340560:T:C"	3.36877523132717e-05	-0.0248	0.0141
"P2BP05"	"POAG-CKD"	"POAG"	"4:144350692:C:T"	2.16269765218602e-05	-0.0198	0.0135
"P2BP05"	"POAG-CKD"	"POAG"	"4:144357737:A:G"	1.59510678747754e-05	-0.0168	0.0137
"P2BP05"	"POAG-CKD"	"POAG"	"4:144357889:G:A"	1.88714157448588e-05	-0.0191	0.014
"P2BP05"	"POAG-CKD"	"POAG"	"4:144380399:G:A"	1.58469908699832e-05	-0.0166	0.0136
"P2BP05"	"POAG-CKD"	"POAG"	"4:144381401:A:G"	1.63978470208992e-05	-0.017	0.0136
"P2BP05"	"POAG-CKD"	"POAG"	"4:144388923:A:G"	1.28514036725758e-05	-0.014	0.0137
"P2BP05"	"POAG-CKD"	"POAG"	"4:144390602:C:T"	1.02547130877984e-05	0.0157	0.0209
"P2BP05"	"POAG-CKD"	"POAG"	"4:144392162:A:C"	1.22481738465963e-05	-0.0132	0.0136
"P2BP05"	"POAG-CKD"	"POAG"	"4:144398793:T:C"	0.000133851930040341	-0.0383	0.0156
"P2BP05"	"POAG-CKD"	"POAG"	"4:144399221:A:C"	0.000129958164747035	-0.0381	0.0156
"P2BP05"	"POAG-CKD"	"POAG"	"4:144400351:G:A"	3.01843159908888e-05	-0.023	0.0136
"P2BP05"	"POAG-CKD"	"POAG"	"4:144406061:G:A"	1.36166248564384e-05	0.0215	0.0199
"P2BP05"	"POAG-CKD"	"POAG"	"4:144406937:A:G"	0.000173916182901301	-0.0408	0.0159
"P2BP05"	"POAG-CKD"	"POAG"	"4:144421722:C:T"	8.32678406093024e-06	-0.0046	0.0132
"P2BP05"	"POAG-CKD"	"POAG"	"4:144422123:T:C"	8.32678406093024e-06	-0.0046	0.0132
"P2BP05"	"POAG-CKD"	"POAG"	"4:144426798:C:T"	8.47125255409864e-06	0.0064	0.0161
"P2BP05"	"POAG-CKD"	"POAG"	"4:144433875:T:C"	1.10286981838126e-05	0.0145	0.0171
"P2BP05"	"POAG-CKD"	"POAG"	"4:144439082:T:C"	9.45496835369486e-06	-0.0097	0.0155
"P2BP05"	"POAG-CKD"	"POAG"	"4:144442252:A:G"	8.29732863583121e-06	0.0054	0.016
"P2BP05"	"POAG-CKD"	"POAG"	"4:144442611:T:C"	8.51974459958882e-06	0.0066	0.016
"P2BP05"	"POAG-CKD"	"POAG"	"4:144443295:T:C"	9.78630328041241e-06	-0.0105	0.0154
"P2BP05"	"POAG-CKD"	"POAG"	"4:144443350:C:T"	8.25407093085762e-06	-0.0042	0.0131
"P2BP05"	"POAG-CKD"	"POAG"	"4:144445789:C:T"	8.5187987685087e-06	-0.0054	0.0131
"P2BP05"	"POAG-CKD"	"POAG"	"4:144448347:A:G"	8.51974459958882e-06	0.0066	0.016
"P2BP05"	"POAG-CKD"	"POAG"	"4:144451912:A:G"	1.09865398969511e-05	-0.0129	0.0153
"P2BP05"	"POAG-CKD"	"POAG"	"4:144453500:T:C"	8.05077999654902e-06	-0.0029	0.013
"P2BP05"	"POAG-CKD"	"POAG"	"4:144459637:T:C"	8.03802056315028e-06	-0.0028	0.013
"P2BP05"	"POAG-CKD"	"POAG"	"4:144466050:A:G"	8.15336038428871e-06	-0.0036	0.013
"P2BP05"	"POAG-CKD"	"POAG"	"4:144467444:G:A"	8.02572799829537e-06	-0.0027	0.013
"P2BP05"	"POAG-CKD"	"POAG"	"4:144477601:A:G"	8.66447635650136e-06	0.0059	0.013
"P2BP05"	"POAG-CKD"	"POAG"	"4:144479917:T:C"	8.4402866117328e-06	-0.005	0.0129
"P2BP05"	"POAG-CKD"	"POAG"	"4:144480013:G:A"	8.4402866117328e-06	-0.005	0.0129
"P2BP05"	"POAG-CKD"	"POAG"	"4:144480231:C:T"	8.83269615248317e-06	0.0079	0.0159
"P2BP05"	"POAG-CKD"	"POAG"	"4:144480272:C:A"	9.61437603952398e-06	-0.01	0.0153
"P2BP05"	"POAG-CKD"	"POAG"	"4:144483348:C:T"	8.09547100000252e-06	-0.0032	0.0129
"P2BP05"	"POAG-CKD"	"POAG"	"4:144484859:G:A"	7.98301476889751e-06	-0.0023	0.0129
"P2BP05"	"POAG-CKD"	"POAG"	"4:144492375:T:C"	9.66653505496406e-06	-0.0102	0.0154
"P2BP05"	"POAG-CKD"	"POAG"	"4:144493185:C:A"	8.24117932562984e-06	-0.0041	0.013
"P2BP05"	"POAG-CKD"	"POAG"	"4:144493718:G:A"	8.1992892099203e-06	0.0039	0.0131
"P2BP05"	"POAG-CKD"	"POAG"	"4:144496280:A:G"	9.49112641612793e-06	-0.0098	0.0155
"P2BP05"	"POAG-CKD"	"POAG"	"4:144496477:A:G"	7.86456039536532e-06	0	0.0193
"P2BP05"	"POAG-CKD"	"POAG"	"4:144501206:T:G"	9.44148193438021e-06	-0.0096	0.0154
"P2BP05"	"POAG-CKD"	"POAG"	"4:144508537:C:T"	2.66818691243564e-05	0.0274	0.017
"P2BP05"	"POAG-CKD"	"POAG"	"4:144508554:G:A"	2.30370703674376e-05	-0.0257	0.017
"P2BP05"	"POAG-CKD"	"POAG"	"4:144515888:G:A"	3.22637516930735e-05	0.0298	0.0172
"P2BP05"	"POAG-CKD"	"POAG"	"4:144520782:A:G"	1.101289972949e-05	-0.011	0.013
"P2BP05"	"POAG-CKD"	"POAG"	"4:144522627:C:T"	1.15862858537374e-05	-0.0118	0.013
"P2BP05"	"POAG-CKD"	"POAG"	"4:144524582:G:A"	1.60014306518352e-05	-0.0161	0.0131
"P2BP05"	"POAG-CKD"	"POAG"	"4:144524672:C:A"	1.11498060745285e-05	-0.0112	0.013
"P2BP05"	"POAG-CKD"	"POAG"	"4:144526199:G:A"	1.0945991919864e-05	-0.0109	0.013
"P2BP05"	"POAG-CKD"	"POAG"	"4:144530406:G:A"	1.42181468038016e-05	-0.0147	0.0131
"P2BP05"	"POAG-CKD"	"POAG"	"4:144531991:A:G"	1.38820508761572e-05	-0.0144	0.0131
"P2BP05"	"POAG-CKD"	"POAG"	"4:144539138:C:A"	1.18197685350374e-05	-0.0121	0.013
"P2BP05"	"POAG-CKD"	"POAG"	"4:144545727:G:A"	9.14276601571284e-06	-0.0073	0.0129
"P2BP05"	"POAG-CKD"	"POAG"	"4:144546275:A:G"	1.32650959547842e-05	0.0194	0.0184
"P2BP05"	"POAG-CKD"	"POAG"	"4:144546802:A:C"	9.38146301365794e-06	-0.0079	0.0129
"P2BP05"	"POAG-CKD"	"POAG"	"4:144550211:C:T"	1.12820509547973e-05	-0.0113	0.0129
"P2BP05"	"POAG-CKD"	"POAG"	"4:144551433:A:G"	9.21956460775419e-06	-0.0075	0.0129
"P2BP05"	"POAG-CKD"	"POAG"	"4:144551920:T:C"	7.87186945439e-06	-6e-04	0.0135
"P2BP05"	"POAG-CKD"	"POAG"	"4:144552087:C:T"	8.00470168671463e-06	0.0025	0.0129
"P2BP05"	"POAG-CKD"	"POAG"	"4:144554821:T:C"	7.86780802786158e-06	-4e-04	0.0135
"P2BP05"	"POAG-CKD"	"POAG"	"4:144555318:A:G"	8.50549708875104e-06	-0.008	0.0196
"P2BP05"	"POAG-CKD"	"POAG"	"4:144559530:G:A"	8.26654835739404e-06	0.0042	0.0129
"P2BP05"	"POAG-CKD"	"POAG"	"4:144560652:G:A"	8.6775487406765e-06	-0.0059	0.0129
"P2BP05"	"POAG-CKD"	"POAG"	"4:144569029:A:G"	9.16988238652827e-06	-0.012	0.021
"P2BP05"	"POAG-CKD"	"POAG"	"4:144571636:T:C"	8.09188154182738e-06	0.0032	0.013
"P2BP05"	"POAG-CKD"	"POAG"	"4:144574139:G:T"	9.45048430489592e-06	-0.0085	0.0136
"P2BP05"	"POAG-CKD"	"POAG"	"4:144574435:A:G"	7.87545827862779e-06	7e-04	0.0129
"P2BP05"	"POAG-CKD"	"POAG"	"4:144575873:G:T"	7.89662986400153e-06	0.0012	0.0129
"P2BP05"	"POAG-CKD"	"POAG"	"4:144576742:G:A"	8.39598430857347e-06	0.0066	0.0177
"P2BP05"	"POAG-CKD"	"POAG"	"4:144578932:T:G"	9.95741821452345e-06	-0.0102	0.0144
"P2BP05"	"POAG-CKD"	"POAG"	"4:144586417:C:T"	1.14966677761119e-05	0.0186	0.0207
"P2BP05"	"POAG-CKD"	"POAG"	"4:144616366:A:G"	9.15962877900967e-06	0.0078	0.0137
"P2BP05"	"POAG-CKD"	"POAG"	"4:144617842:G:T"	9.38544105111294e-06	0.0084	0.0137
"P2BP05"	"POAG-CKD"	"POAG"	"4:144624327:G:T"	1.05340742211357e-05	-0.0108	0.0137
"P2BP05"	"POAG-CKD"	"POAG"	"4:144627952:C:A"	1.03126182313673e-05	-0.0104	0.0137
"P2BP05"	"POAG-CKD"	"POAG"	"4:144628232:T:C"	9.54863173785458e-06	0.0088	0.0137
"P2BP05"	"POAG-CKD"	"POAG"	"4:144628243:A:G"	9.30769260498732e-06	0.0082	0.0137
"P2BP05"	"POAG-CKD"	"POAG"	"4:144628436:C:T"	1.03667626660808e-05	-0.0105	0.0137
"P2BP05"	"POAG-CKD"	"POAG"	"4:144629991:A:G"	1.08915673430188e-05	-0.0114	0.0137
"P2BP05"	"POAG-CKD"	"POAG"	"4:144633956:T:C"	1.06497806359185e-05	-0.011	0.0137
"P2BP05"	"POAG-CKD"	"POAG"	"4:144635129:C:A"	8.0889882732027e-06	-0.0034	0.0139
"P2BP05"	"POAG-CKD"	"POAG"	"4:144648046:T:G"	1.02199669480552e-05	0.0103	0.0138
"P2BP05"	"POAG-CKD"	"POAG"	"4:144653026:A:G"	1.1861458275586e-05	-0.0129	0.0138
"P2BP05"	"POAG-CKD"	"POAG"	"4:144657739:A:G"	9.34625181203685e-06	0.0083	0.0137
"P2BP05"	"POAG-CKD"	"POAG"	"4:144657774:G:A"	9.34625181203685e-06	0.0083	0.0137
"P2BP05"	"POAG-CKD"	"POAG"	"4:144659108:G:T"	9.54863173785458e-06	0.0088	0.0137
"P2BP05"	"POAG-CKD"	"POAG"	"4:144659297:T:C"	9.67797492512634e-06	0.0091	0.0137
"P2BP05"	"POAG-CKD"	"POAG"	"4:144659344:G:A"	9.50685535272555e-06	0.0087	0.0137
"P2BP05"	"POAG-CKD"	"POAG"	"4:144659400:C:T"	9.50685535272555e-06	0.0087	0.0137
"P2BP05"	"POAG-CKD"	"POAG"	"4:144659458:G:A"	9.46573605775658e-06	0.0086	0.0137
"P2BP05"	"POAG-CKD"	"POAG"	"4:144659515:G:A"	8.92336080871026e-06	0.0071	0.0137
"P2BP05"	"POAG-CKD"	"POAG"	"4:144659795:G:A"	9.50685535272555e-06	0.0087	0.0137
"P2BP05"	"POAG-CKD"	"POAG"	"4:144665435:C:T"	9.42526689939882e-06	0.0085	0.0137
"P2BP05"	"POAG-CKD"	"POAG"	"4:144665809:C:T"	1.04341695563726e-05	0.0107	0.0138
"P2BP05"	"POAG-CKD"	"POAG"	"4:144676269:T:C"	9.30769260498732e-06	0.0082	0.0137
"P2BP05"	"POAG-CKD"	"POAG"	"4:144680954:T:G"	9.26975697468357e-06	0.0081	0.0137
"P2BP05"	"POAG-CKD"	"POAG"	"4:144681663:G:T"	9.30769260498732e-06	0.0082	0.0137
"P2BP05"	"POAG-CKD"	"POAG"	"4:144682863:G:A"	9.30769260498732e-06	0.0082	0.0137
"P2BP05"	"POAG-CKD"	"POAG"	"4:144683852:G:A"	1.12141708713542e-05	-0.0119	0.0137
"P2BP05"	"POAG-CKD"	"POAG"	"4:144687660:G:A"	9.56362479465067e-06	0.0089	0.0138
"P2BP05"	"POAG-CKD"	"POAG"	"4:144688454:A:G"	9.30769260498732e-06	0.0082	0.0137
"P2BP05"	"POAG-CKD"	"POAG"	"4:144689597:T:C"	9.34625181203685e-06	0.0083	0.0137
"P2BP05"	"POAG-CKD"	"POAG"	"4:144689696:A:G"	9.34625181203685e-06	0.0083	0.0137
"P2BP05"	"POAG-CKD"	"POAG"	"4:144690626:T:C"	9.56362479465067e-06	0.0089	0.0138
"P2BP05"	"POAG-CKD"	"POAG"	"4:144691594:A:G"	9.26975697468357e-06	0.0081	0.0137
"P2BP05"	"POAG-CKD"	"POAG"	"4:144692401:A:G"	9.26975697468357e-06	0.0081	0.0137
"P2BP05"	"POAG-CKD"	"POAG"	"4:144698582:G:A"	1.11477774027424e-05	-0.0118	0.0137
"P2BP05"	"POAG-CKD"	"POAG"	"4:144704080:C:T"	1.00180745149503e-05	0.0099	0.0138
"P2BP05"	"POAG-CKD"	"POAG"	"4:144706285:C:T"	1.09542390788198e-05	-0.0115	0.0137
"P2BP05"	"POAG-CKD"	"POAG"	"4:144709586:T:C"	9.23243858552691e-06	0.008	0.0137
"P2BP05"	"POAG-CKD"	"POAG"	"4:144710026:G:A"	1.08297968162141e-05	-0.0113	0.0137
"P2BP05"	"POAG-CKD"	"POAG"	"4:144715570:A:C"	9.4398234546933e-06	-0.0081	0.013
"P2BP05"	"POAG-CKD"	"POAG"	"4:144720790:T:C"	9.3229853087573e-06	0.0083	0.0138
"P2BP05"	"POAG-CKD"	"POAG"	"4:144727743:G:T"	9.64902187106098e-06	0.0091	0.0138
"P2BP05"	"POAG-CKD"	"POAG"	"4:144740199:G:A"	9.28507637187881e-06	0.0082	0.0138
"P2BP05"	"POAG-CKD"	"POAG"	"4:144742832:G:A"	9.17499024011281e-06	0.0079	0.0138
"P2BP05"	"POAG-CKD"	"POAG"	"4:144744799:G:A"	8.75770149222355e-06	0.0066	0.0138
"P2BP05"	"POAG-CKD"	"POAG"	"4:144746002:T:C"	8.90710048750965e-06	0.0071	0.0138
"P2BP05"	"POAG-CKD"	"POAG"	"4:144782841:T:C"	8.08385639960996e-06	-0.0037	0.0153
"P2BP05"	"POAG-CKD"	"POAG"	"4:144782952:A:G"	8.08385639960996e-06	-0.0037	0.0153
"P2BP05"	"POAG-CKD"	"POAG"	"4:144784844:C:T"	7.98301476889751e-06	-0.0023	0.0129
"P2BP05"	"POAG-CKD"	"POAG"	"4:144792505:G:A"	9.87439589172912e-06	-0.0096	0.0138
"P2BP05"	"POAG-CKD"	"POAG"	"4:144792959:G:T"	8.41442339472032e-06	-0.0058	0.0153
"P2BP05"	"POAG-CKD"	"POAG"	"4:144793644:C:T"	8.8839700467247e-06	-0.0084	0.0165
"P2BP05"	"POAG-CKD"	"POAG"	"4:144825754:T:C"	1.04774807772046e-05	-0.0107	0.0137
"P2BP05"	"POAG-CKD"	"POAG"	"4:144829906:C:T"	1.21724224798614e-05	-0.0133	0.0138
"P2BP05"	"POAG-CKD"	"POAG"	"4:144833533:G:A"	1.01683622839577e-05	0.0102	0.0138
"P2BP05"	"POAG-CKD"	"POAG"	"4:144842638:T:G"	1.03382271591235e-05	0.0106	0.0139
"P2BP05"	"POAG-CKD"	"POAG"	"4:144842905:C:T"	9.55164109539552e-06	0.009	0.014
"P2BP05"	"POAG-CKD"	"POAG"	"4:144849073:A:G"	2.09215232047644e-05	0.0238	0.0165
"P2BP05"	"POAG-CKD"	"POAG"	"4:144856222:A:C"	1.03508230064886e-05	0.0107	0.014
"P2BP05"	"POAG-CKD"	"POAG"	"4:144858379:A:C"	9.39216376050211e-06	-0.0094	0.0153
"P2BP05"	"POAG-CKD"	"POAG"	"4:144869008:T:G"	1.0094525452975e-05	0.0102	0.014
"P2BP05"	"POAG-CKD"	"POAG"	"4:144882744:A:G"	1.11658334244202e-05	-0.012	0.0139
"P2BP05"	"POAG-CKD"	"POAG"	"4:144890294:C:T"	1.15742576919375e-05	-0.0126	0.0139
"P2BP05"	"POAG-CKD"	"POAG"	"4:144892048:C:A"	7.91270876343564e-06	-0.0018	0.0158
"P2BP05"	"POAG-CKD"	"POAG"	"4:144894260:T:C"	8.87803080651395e-06	-0.0066	0.013
"P2BP05"	"POAG-CKD"	"POAG"	"4:144902326:G:A"	1.18663534020014e-05	-0.013	0.0139
"P2BP05"	"POAG-CKD"	"POAG"	"4:144908114:G:A"	1.15742576919375e-05	-0.0126	0.0139
"P2BP05"	"POAG-CKD"	"POAG"	"4:144908872:T:C"	1.08614526591611e-05	-0.0116	0.014
"P2BP05"	"POAG-CKD"	"POAG"	"4:144910271:G:A"	1.06263677308593e-05	-0.0112	0.014
"P2BP05"	"POAG-CKD"	"POAG"	"4:144949348:C:T"	8.72068518764646e-06	0.0075	0.016
"P2BP05"	"POAG-CKD"	"POAG"	"4:144950193:A:G"	1.59129162796701e-05	0.0344	0.0281
"P2BP05"	"POAG-CKD"	"POAG"	"4:144959327:C:T"	1.00589725344769e-05	0.0102	0.0141
"P2BP05"	"POAG-CKD"	"POAG"	"4:144993871:A:G"	1.02852697877465e-05	0.0105	0.0139
"P2BP05"	"POAG-CKD"	"POAG"	"4:145009802:A:C"	9.3303146702084e-06	0.0085	0.0141
"P2BP05"	"POAG-CKD"	"POAG"	"4:145009868:G:A"	9.11565311312312e-06	0.0079	0.0141
"P2BP05"	"POAG-CKD"	"POAG"	"4:145020544:T:C"	1.07530864680294e-05	0.0115	0.0141
"P2BP05"	"POAG-CKD"	"CKD"	"4:142810258:G:A"	0.000265907016200773	0.0031	0.0124
"P2BP05"	"POAG-CKD"	"CKD"	"4:142811058:C:T"	0.000620680384293304	0.0207	0.0144
"P2BP05"	"POAG-CKD"	"CKD"	"4:142811991:G:A"	0.000261594139614019	-0.0021	0.0136
"P2BP05"	"POAG-CKD"	"CKD"	"4:142812073:C:T"	0.000277307838122076	-0.0037	0.0092
"P2BP05"	"POAG-CKD"	"CKD"	"4:142812131:T:C"	0.000327521229265271	0.0076	0.0102
"P2BP05"	"POAG-CKD"	"CKD"	"4:142814856:A:G"	0.000263668249408822	-0.002	0.0097
"P2BP05"	"POAG-CKD"	"CKD"	"4:142815639:G:A"	0.000260381604376803	-0.0011	0.0097
"P2BP05"	"POAG-CKD"	"CKD"	"4:142819749:A:G"	0.000292664492051786	0.0057	0.0106
"P2BP05"	"POAG-CKD"	"CKD"	"4:142821077:G:T"	0.000274073328566882	0.0041	0.0112
"P2BP05"	"POAG-CKD"	"CKD"	"4:142821772:A:G"	0.000272598524995171	0.0039	0.0112
"P2BP05"	"POAG-CKD"	"CKD"	"4:142823161:A:G"	0.000279892259724912	0.0048	0.0112
"P2BP05"	"POAG-CKD"	"CKD"	"4:142833334:C:T"	0.000259075982101509	3e-04	0.0096
"P2BP05"	"POAG-CKD"	"CKD"	"4:142833862:G:A"	0.000367855827382413	0.0092	0.0101
"P2BP05"	"POAG-CKD"	"CKD"	"4:142834152:G:A"	0.000279307525129946	0.0052	0.0123
"P2BP05"	"POAG-CKD"	"CKD"	"4:142835751:A:C"	0.000306651021045323	0.0067	0.0106
"P2BP05"	"POAG-CKD"	"CKD"	"4:142836097:G:A"	0.000306651021045323	0.0067	0.0106
"P2BP05"	"POAG-CKD"	"CKD"	"4:142840602:A:C"	0.000266021817083351	0.0031	0.0123
"P2BP05"	"POAG-CKD"	"CKD"	"4:142843791:T:C"	0.000260515618049184	0.0014	0.0118
"P2BP05"	"POAG-CKD"	"CKD"	"4:142843823:T:C"	0.000259955937903733	0.0011	0.0116
"P2BP05"	"POAG-CKD"	"CKD"	"4:142844924:G:A"	0.000260411269558891	0.0011	0.0096
"P2BP05"	"POAG-CKD"	"CKD"	"4:142847677:T:C"	0.000260019469463746	-9e-04	0.0092
"P2BP05"	"POAG-CKD"	"CKD"	"4:142848136:C:T"	0.000260295243792452	-0.001	0.0091
"P2BP05"	"POAG-CKD"	"CKD"	"4:142849228:T:G"	0.000276297953496485	-0.0036	0.0092
"P2BP05"	"POAG-CKD"	"CKD"	"4:142849725:A:G"	0.000260686330950666	0.0012	0.0096
"P2BP05"	"POAG-CKD"	"CKD"	"4:142851140:A:G"	0.000260411269558891	0.0011	0.0096
"P2BP05"	"POAG-CKD"	"CKD"	"4:142853017:A:G"	0.000258998910613872	2e-04	0.0121
"P2BP05"	"POAG-CKD"	"CKD"	"4:142856017:C:T"	0.000259361404497782	7e-04	0.0117
"P2BP05"	"POAG-CKD"	"CKD"	"4:142864919:A:C"	0.000259730845878825	8e-04	0.0096
"P2BP05"	"POAG-CKD"	"CKD"	"4:142869057:G:A"	0.000259348315026164	7e-04	0.0119
"P2BP05"	"POAG-CKD"	"CKD"	"4:142874553:C:T"	0.000259075982101509	3e-04	0.0096
"P2BP05"	"POAG-CKD"	"CKD"	"4:142876400:C:T"	0.000259933593002804	9e-04	0.0096
"P2BP05"	"POAG-CKD"	"CKD"	"4:142880833:A:G"	0.000259073786798347	-3e-04	0.0097
"P2BP05"	"POAG-CKD"	"CKD"	"4:142884099:T:C"	0.000259260214952373	5e-04	0.0097
"P2BP05"	"POAG-CKD"	"CKD"	"4:142884141:T:C"	0.00025915923661779	4e-04	0.0096
"P2BP05"	"POAG-CKD"	"CKD"	"4:142884275:G:A"	0.000259397254108951	6e-04	0.0096
"P2BP05"	"POAG-CKD"	"CKD"	"4:142886512:C:T"	0.000259266317450657	5e-04	0.0096
"P2BP05"	"POAG-CKD"	"CKD"	"4:142891900:C:T"	0.000259254298447642	5e-04	0.0098
"P2BP05"	"POAG-CKD"	"CKD"	"4:142895605:A:G"	0.000333005669070352	-0.0101	0.0131
"P2BP05"	"POAG-CKD"	"CKD"	"4:142898552:G:A"	0.00041470670760424	0.0115	0.0109
"P2BP05"	"POAG-CKD"	"CKD"	"4:142916958:G:A"	0.000323137147830499	-0.0068	0.0094
"P2BP05"	"POAG-CKD"	"CKD"	"4:142919732:C:T"	0.000415023352020705	0.017	0.0161
"P2BP05"	"POAG-CKD"	"CKD"	"4:142920229:G:T"	0.000280241815365567	0.0054	0.0125
"P2BP05"	"POAG-CKD"	"CKD"	"4:142927755:G:A"	0.000422648049932417	0.0198	0.0184
"P2BP05"	"POAG-CKD"	"CKD"	"4:142941512:G:A"	0.00100685367987463	0.0301	0.0168
"P2BP05"	"POAG-CKD"	"CKD"	"4:142944080:C:T"	0.000263254173132332	0.0026	0.0132
"P2BP05"	"POAG-CKD"	"CKD"	"4:142945451:T:C"	0.000370810023134105	-0.0152	0.0165
"P2BP05"	"POAG-CKD"	"CKD"	"4:142949864:A:C"	0.000260557067387479	0.0022	0.0183
"P2BP05"	"POAG-CKD"	"CKD"	"4:142962843:T:C"	0.000381501465767431	-0.0178	0.0186
"P2BP05"	"POAG-CKD"	"CKD"	"4:142963012:C:A"	0.000374589045776808	0.0156	0.0167
"P2BP05"	"POAG-CKD"	"CKD"	"4:142964013:C:T"	0.00204460104042936	0.0305	0.0138
"P2BP05"	"POAG-CKD"	"CKD"	"4:142964102:G:T"	0.00581434563753869	0.0358	0.0132
"P2BP05"	"POAG-CKD"	"CKD"	"4:142964158:A:G"	0.000264869083702379	0.0036	0.0156
"P2BP05"	"POAG-CKD"	"CKD"	"4:142968081:C:T"	0.00465748310518077	0.0345	0.0132
"P2BP05"	"POAG-CKD"	"CKD"	"4:142969773:G:T"	0.00222579683351809	0.0221	0.0098
"P2BP05"	"POAG-CKD"	"CKD"	"4:142974842:T:C"	0.000260588191431599	0.0021	0.0173
"P2BP05"	"POAG-CKD"	"CKD"	"4:142975841:C:T"	0.000261293686487751	0.0025	0.0172
"P2BP05"	"POAG-CKD"	"CKD"	"4:142976073:A:G"	0.000258983621294728	2e-04	0.0173
"P2BP05"	"POAG-CKD"	"CKD"	"4:142976133:G:A"	0.00375682416113576	0.0259	0.0103
"P2BP05"	"POAG-CKD"	"CKD"	"4:142978265:T:C"	0.000262065618124585	0.0029	0.0173
"P2BP05"	"POAG-CKD"	"CKD"	"4:142981244:C:A"	0.00387516240559527	-0.0478	0.0189
"P2BP05"	"POAG-CKD"	"CKD"	"4:142994220:A:G"	0.00387516240559527	-0.0478	0.0189
"P2BP05"	"POAG-CKD"	"CKD"	"4:142994344:C:T"	0.00315806995495926	-0.0462	0.019
"P2BP05"	"POAG-CKD"	"CKD"	"4:143000714:C:T"	0.00683658945318844	-0.0459	0.0165
"P2BP05"	"POAG-CKD"	"CKD"	"4:143008327:T:C"	0.00367809534857255	-0.0273	0.0109
"P2BP05"	"POAG-CKD"	"CKD"	"4:143014164:A:C"	0.00390522808123495	-0.0271	0.0107
"P2BP05"	"POAG-CKD"	"CKD"	"4:143014907:A:G"	0.00340062205903413	-0.0264	0.0107
"P2BP05"	"POAG-CKD"	"CKD"	"4:143015352:C:T"	0.00818208306988533	0.03	0.0105
"P2BP05"	"POAG-CKD"	"CKD"	"4:143015738:T:C"	0.00441889376671978	-0.0505	0.0195
"P2BP05"	"POAG-CKD"	"CKD"	"4:143020388:T:C"	0.000317175188022767	-0.009	0.013
"P2BP05"	"POAG-CKD"	"CKD"	"4:143020617:G:A"	0.00159039005065464	0.0203	0.0098
"P2BP05"	"POAG-CKD"	"CKD"	"4:143029822:C:T"	0.00170951552523668	0.0207	0.0098
"P2BP05"	"POAG-CKD"	"CKD"	"4:143033345:C:T"	0.00901057171285968	-0.0449	0.0155
"P2BP05"	"POAG-CKD"	"CKD"	"4:143033778:T:C"	0.000274901803712924	-0.0068	0.0181
"P2BP05"	"POAG-CKD"	"CKD"	"4:143034029:G:A"	0.00886939470370029	-0.0448	0.0155
"P2BP05"	"POAG-CKD"	"CKD"	"4:143042799:T:C"	0.00873073698764704	-0.0447	0.0155
"P2BP05"	"POAG-CKD"	"CKD"	"4:143042813:A:G"	0.00832939399571864	-0.0444	0.0155
"P2BP05"	"POAG-CKD"	"CKD"	"4:143043404:C:T"	0.000267996775685342	-0.0037	0.013
"P2BP05"	"POAG-CKD"	"CKD"	"4:143044427:T:C"	0.011836178237781	-0.0499	0.0166
"P2BP05"	"POAG-CKD"	"CKD"	"4:143045262:C:T"	0.0123945216112195	-0.0502	0.0166
"P2BP05"	"POAG-CKD"	"CKD"	"4:143045482:G:A"	0.0123945216112195	-0.0502	0.0166
"P2BP05"	"POAG-CKD"	"CKD"	"4:143045599:G:A"	0.000259892663841521	0.001	0.0109
"P2BP05"	"POAG-CKD"	"CKD"	"4:143047463:T:C"	0.00832939399571864	-0.0444	0.0155
"P2BP05"	"POAG-CKD"	"CKD"	"4:143047500:A:G"	0.0116564256237827	-0.0498	0.0166
"P2BP05"	"POAG-CKD"	"CKD"	"4:143049691:C:T"	0.0138167399654291	-0.0509	0.0166
"P2BP05"	"POAG-CKD"	"CKD"	"4:143049768:C:T"	0.0147114820803327	-0.0513	0.0166
"P2BP05"	"POAG-CKD"	"CKD"	"4:143049980:T:C"	0.00698368641225911	-0.0427	0.0153
"P2BP05"	"POAG-CKD"	"CKD"	"4:143050166:G:A"	0.0198928505780134	-0.0519	0.0162
"P2BP05"	"POAG-CKD"	"CKD"	"4:143050454:T:G"	0.014083167050025	-0.0501	0.0163
"P2BP05"	"POAG-CKD"	"CKD"	"4:143050485:T:C"	0.0186100760285334	-0.0515	0.0162
"P2BP05"	"POAG-CKD"	"CKD"	"4:143051680:A:G"	0.00941122670614791	-0.0443	0.0152
"P2BP05"	"POAG-CKD"	"CKD"	"4:143052584:C:T"	0.0160484051050692	-0.0506	0.0162
"P2BP05"	"POAG-CKD"	"CKD"	"4:143053786:C:T"	0.00312967658821406	0.025	0.0103
"P2BP05"	"POAG-CKD"	"CKD"	"4:143054921:G:T"	0.000260174066644803	-0.0011	0.0105
"P2BP05"	"POAG-CKD"	"CKD"	"4:143055538:T:C"	0.000623838073582905	0.0173	0.012
"P2BP05"	"POAG-CKD"	"CKD"	"4:143056296:T:C"	0.00266823429870322	-0.0526	0.0224
"P2BP05"	"POAG-CKD"	"CKD"	"4:143062808:T:C"	0.00176686488940536	-0.0473	0.0222
"P2BP05"	"POAG-CKD"	"CKD"	"4:143064439:A:G"	0.000308787362300778	-0.0089	0.0138
"P2BP05"	"POAG-CKD"	"CKD"	"4:143066199:G:A"	0.00227557780400733	-0.051	0.0225
"P2BP05"	"POAG-CKD"	"CKD"	"4:143068790:T:G"	0.00251110725163306	0.0292	0.0126
"P2BP05"	"POAG-CKD"	"CKD"	"4:143072215:T:C"	0.000263724619268491	-0.0028	0.0135
"P2BP05"	"POAG-CKD"	"CKD"	"4:143072608:A:G"	0.00267349901085912	0.0296	0.0126
"P2BP05"	"POAG-CKD"	"CKD"	"4:143075715:T:C"	0.00271607379384409	-0.0528	0.0224
"P2BP05"	"POAG-CKD"	"CKD"	"4:143076406:T:G"	0.000688163319513713	0.0152	0.01
"P2BP05"	"POAG-CKD"	"CKD"	"4:143077322:T:C"	0.000828822938374829	0.0199	0.012
"P2BP05"	"POAG-CKD"	"CKD"	"4:143077401:G:A"	0.000611356764021909	0.0171	0.012
"P2BP05"	"POAG-CKD"	"CKD"	"4:143081071:T:C"	0.000954809429533521	0.0209	0.0119
"P2BP05"	"POAG-CKD"	"CKD"	"4:143084950:T:C"	0.000912869910858816	0.0214	0.0124
"P2BP05"	"POAG-CKD"	"CKD"	"4:143089849:T:C"	0.000647602014055115	0.0184	0.0125
"P2BP05"	"POAG-CKD"	"CKD"	"4:143093611:A:G"	0.000753235972300148	0.0197	0.0124
"P2BP05"	"POAG-CKD"	"CKD"	"4:143094698:C:T"	0.00167924254421981	-0.0473	0.0225
"P2BP05"	"POAG-CKD"	"CKD"	"4:143095042:A:C"	0.00188389237897346	-0.0483	0.0223
"P2BP05"	"POAG-CKD"	"CKD"	"4:143095732:T:C"	0.00142448268674344	0.0265	0.0132
"P2BP05"	"POAG-CKD"	"CKD"	"4:143096610:C:T"	0.000260363526438101	0.0016	0.0142
"P2BP05"	"POAG-CKD"	"CKD"	"4:143098083:T:C"	0.000977849023172328	0.0179	0.0101
"P2BP05"	"POAG-CKD"	"CKD"	"4:143098939:A:G"	0.00175081067358784	-0.0474	0.0223
"P2BP05"	"POAG-CKD"	"CKD"	"4:143105706:T:C"	0.00027201863638826	-0.0045	0.0132
"P2BP05"	"POAG-CKD"	"CKD"	"4:143110190:C:T"	0.00027218842126342	-0.0047	0.0137
"P2BP05"	"POAG-CKD"	"CKD"	"4:143114548:A:G"	0.00127025479258958	0.0254	0.0131
"P2BP05"	"POAG-CKD"	"CKD"	"4:143114729:G:A"	0.00240178054854601	0.0514	0.0224
"P2BP05"	"POAG-CKD"	"CKD"	"4:143117834:T:C"	0.00264469834110992	0.0525	0.0224
"P2BP05"	"POAG-CKD"	"CKD"	"4:143122610:A:G"	0.00216279304395506	-0.0504	0.0225
"P2BP05"	"POAG-CKD"	"CKD"	"4:143132651:T:C"	0.00027268707992878	-0.0051	0.0146
"P2BP05"	"POAG-CKD"	"CKD"	"4:143138844:C:T"	0.000679953773956576	0.0142	0.0094
"P2BP05"	"POAG-CKD"	"CKD"	"4:143140139:A:G"	0.0002846299353777	-0.0069	0.0146
"P2BP05"	"POAG-CKD"	"CKD"	"4:143153264:T:C"	0.000333600294598724	-0.0106	0.0137
"P2BP05"	"POAG-CKD"	"CKD"	"4:143155138:T:C"	0.000286215901976861	-0.0071	0.0146
"P2BP05"	"POAG-CKD"	"CKD"	"4:143155444:A:C"	0.000286215901976861	-0.0071	0.0146
"P2BP05"	"POAG-CKD"	"CKD"	"4:143156127:T:C"	0.00408818944184086	0.0544	0.0213
"P2BP05"	"POAG-CKD"	"CKD"	"4:143157576:T:G"	0.000283158780088111	-0.0068	0.0148
"P2BP05"	"POAG-CKD"	"CKD"	"4:143158005:T:C"	0.000292140699868382	-0.0079	0.0148
"P2BP05"	"POAG-CKD"	"CKD"	"4:143161507:T:C"	0.000283158780088111	-0.0068	0.0148
"P2BP05"	"POAG-CKD"	"CKD"	"4:143170144:A:C"	0.00289958787112121	0.0325	0.0136
"P2BP05"	"POAG-CKD"	"CKD"	"4:143172994:G:A"	0.00327052368819369	0.0333	0.0136
"P2BP05"	"POAG-CKD"	"CKD"	"4:143173023:C:T"	0.00213088512888315	-0.05	0.0224
"P2BP05"	"POAG-CKD"	"CKD"	"4:143173661:A:G"	0.00312509310621034	0.033	0.0136
"P2BP05"	"POAG-CKD"	"CKD"	"4:143186491:G:A"	0.00189158313696436	0.049	0.0226
"P2BP05"	"POAG-CKD"	"CKD"	"4:143190816:G:A"	0.00252944089236296	0.0318	0.0137
"P2BP05"	"POAG-CKD"	"CKD"	"4:143191157:T:C"	0.00224353609999428	0.0244	0.0108
"P2BP05"	"POAG-CKD"	"CKD"	"4:143195088:C:T"	0.00614110923312472	0.029	0.0106
"P2BP05"	"POAG-CKD"	"CKD"	"4:143204051:C:T"	0.00245991637922571	0.0233	0.0101
"P2BP05"	"POAG-CKD"	"CKD"	"4:143208349:C:T"	0.00207421179121159	0.0224	0.0101
"P2BP05"	"POAG-CKD"	"CKD"	"4:143214649:C:T"	0.000609942000771135	0.0185	0.013
"P2BP05"	"POAG-CKD"	"CKD"	"4:143216769:C:T"	0.00267040627657167	0.0256	0.0109
"P2BP05"	"POAG-CKD"	"CKD"	"4:143217318:T:G"	0.000948645237452639	0.0226	0.0129
"P2BP05"	"POAG-CKD"	"CKD"	"4:143217391:T:C"	0.00074910766029701	0.0206	0.013
"P2BP05"	"POAG-CKD"	"CKD"	"4:143218017:A:C"	0.000276484087812112	0.0059	0.015
"P2BP05"	"POAG-CKD"	"CKD"	"4:143219186:C:T"	0.000310572172549151	-0.0097	0.0148
"P2BP05"	"POAG-CKD"	"CKD"	"4:143220613:C:T"	0.000268369021329873	-0.0045	0.0155
"P2BP05"	"POAG-CKD"	"CKD"	"4:143222135:T:C"	0.000285314312005736	-0.0067	0.014
"P2BP05"	"POAG-CKD"	"CKD"	"4:143222729:A:C"	0.000283693290452747	-0.0065	0.014
"P2BP05"	"POAG-CKD"	"CKD"	"4:143224296:G:A"	0.000296747881493586	-0.008	0.0141
"P2BP05"	"POAG-CKD"	"CKD"	"4:143224747:C:T"	0.00256079698461686	-0.0526	0.0226
"P2BP05"	"POAG-CKD"	"CKD"	"4:143224971:T:C"	0.00126927649174202	-0.0252	0.013
"P2BP05"	"POAG-CKD"	"CKD"	"4:143226496:A:C"	0.000280643093320765	-0.0068	0.0156
"P2BP05"	"POAG-CKD"	"CKD"	"4:143226768:G:T"	0.000779527877882269	0.0184	0.0114
"P2BP05"	"POAG-CKD"	"CKD"	"4:143227742:G:A"	0.00230221329731983	-0.0275	0.0121
"P2BP05"	"POAG-CKD"	"CKD"	"4:143228504:A:G"	0.000275064810023373	-0.0037	0.0098
"P2BP05"	"POAG-CKD"	"CKD"	"4:143228914:A:C"	0.000271431517091858	0.0035	0.0105
"P2BP05"	"POAG-CKD"	"CKD"	"4:143229634:A:G"	0.000296441161823924	-0.0052	0.0092
"P2BP05"	"POAG-CKD"	"CKD"	"4:143230028:G:A"	0.000305499432168177	-0.006	0.0096
"P2BP05"	"POAG-CKD"	"CKD"	"4:143232702:C:T"	0.000329017397201148	-0.0082	0.0109
"P2BP05"	"POAG-CKD"	"CKD"	"4:143232848:G:A"	0.000356794171806674	-0.0094	0.0108
"P2BP05"	"POAG-CKD"	"CKD"	"4:143232882:G:T"	0.000345148710400922	-0.0089	0.0108
"P2BP05"	"POAG-CKD"	"CKD"	"4:143233187:G:A"	0.000349684477050083	-0.0091	0.0108
"P2BP05"	"POAG-CKD"	"CKD"	"4:143233356:A:C"	0.00077474739034944	-0.0169	0.0105
"P2BP05"	"POAG-CKD"	"CKD"	"4:143234593:A:G"	0.000329652855574292	-0.0071	0.0094
"P2BP05"	"POAG-CKD"	"CKD"	"4:143234955:G:A"	0.000330828459181309	-0.007	0.0092
"P2BP05"	"POAG-CKD"	"CKD"	"4:143235258:G:A"	0.000260094805493938	0.0016	0.0158
"P2BP05"	"POAG-CKD"	"CKD"	"4:143235344:G:A"	0.00026172619454945	0.0025	0.0158
"P2BP05"	"POAG-CKD"	"CKD"	"4:143236158:T:C"	0.00035363544075484	-0.0115	0.0134
"P2BP05"	"POAG-CKD"	"CKD"	"4:143236750:C:T"	0.000260224307541357	0.0017	0.0159
"P2BP05"	"POAG-CKD"	"CKD"	"4:143240651:T:C"	0.000262898372226927	0.003	0.0159
"P2BP05"	"POAG-CKD"	"CKD"	"4:143243150:A:G"	0.000259184092189724	-7e-04	0.0158
"P2BP05"	"POAG-CKD"	"CKD"	"4:143243556:C:T"	0.000362723596716852	-0.0083	0.0093
"P2BP05"	"POAG-CKD"	"CKD"	"4:143247240:C:A"	0.000340490470214894	-0.0074	0.0092
"P2BP05"	"POAG-CKD"	"CKD"	"4:143256597:A:G"	0.000268948083941512	-0.0029	0.0097
"P2BP05"	"POAG-CKD"	"CKD"	"4:143257240:T:G"	0.000458638641005038	0.0136	0.0117
"P2BP05"	"POAG-CKD"	"CKD"	"4:143259305:T:C"	0.000600835038019443	0.0134	0.0095
"P2BP05"	"POAG-CKD"	"CKD"	"4:143260871:A:G"	0.000355645309072394	-0.0084	0.0097
"P2BP05"	"POAG-CKD"	"CKD"	"4:143270328:G:A"	0.000335557610391946	-0.0072	0.0092
"P2BP05"	"POAG-CKD"	"CKD"	"4:143272497:T:C"	0.000338503095881793	-0.0074	0.0093
"P2BP05"	"POAG-CKD"	"CKD"	"4:143273711:G:A"	0.000574424919438377	0.0129	0.0094
"P2BP05"	"POAG-CKD"	"CKD"	"4:143276611:G:A"	0.000627769658728239	0.0136	0.0094
"P2BP05"	"POAG-CKD"	"CKD"	"4:143281873:A:C"	0.000333167993200045	-0.0071	0.0092
"P2BP05"	"POAG-CKD"	"CKD"	"4:143282024:G:T"	0.00083859439241496	0.0175	0.0105
"P2BP05"	"POAG-CKD"	"CKD"	"4:143286268:A:C"	0.000259101087789371	5e-04	0.0144
"P2BP05"	"POAG-CKD"	"CKD"	"4:143288893:T:C"	0.000316881019227888	-0.0067	0.0097
"P2BP05"	"POAG-CKD"	"CKD"	"4:143290199:A:G"	0.000357106972346144	0.0095	0.0109
"P2BP05"	"POAG-CKD"	"CKD"	"4:143295246:C:T"	0.000876980655386328	0.018	0.0106
"P2BP05"	"POAG-CKD"	"CKD"	"4:143297038:C:T"	0.000388697501150448	-0.0097	0.0099
"P2BP05"	"POAG-CKD"	"CKD"	"4:143297732:A:C"	0.000259247620970959	-6e-04	0.0119
"P2BP05"	"POAG-CKD"	"CKD"	"4:143304592:C:A"	0.00040997318922753	-0.0099	0.0095
"P2BP05"	"POAG-CKD"	"CKD"	"4:143305002:G:T"	0.000281890415624098	0.006	0.0134
"P2BP05"	"POAG-CKD"	"CKD"	"4:143309895:A:G"	0.000266840600595675	0.0029	0.0109
"P2BP05"	"POAG-CKD"	"CKD"	"4:143318673:A:C"	0.000262500798231313	0.0017	0.0095
"P2BP05"	"POAG-CKD"	"CKD"	"4:143324036:T:C"	0.000259017537403206	2e-04	0.0095
"P2BP05"	"POAG-CKD"	"CKD"	"4:143324094:G:A"	0.00037838640009713	-0.0089	0.0094
"P2BP05"	"POAG-CKD"	"CKD"	"4:143325035:C:A"	0.000555172955934213	0.0192	0.0143
"P2BP05"	"POAG-CKD"	"CKD"	"4:143326714:T:G"	0.000260185653275014	-0.001	0.0095
"P2BP05"	"POAG-CKD"	"CKD"	"4:143327776:A:G"	0.000414232560812189	-0.0098	0.0093
"P2BP05"	"POAG-CKD"	"CKD"	"4:143331053:T:C"	0.000430761346308595	-0.0102	0.0093
"P2BP05"	"POAG-CKD"	"CKD"	"4:143331154:T:C"	0.00052197707268653	-0.0121	0.0094
"P2BP05"	"POAG-CKD"	"CKD"	"4:143333792:G:A"	0.000269807054127269	-0.0033	0.0106
"P2BP05"	"POAG-CKD"	"CKD"	"4:143338705:A:G"	0.000264646139180869	0.0048	0.0212
"P2BP05"	"POAG-CKD"	"CKD"	"4:143339222:C:T"	0.000599457961009908	0.0131	0.0093
"P2BP05"	"POAG-CKD"	"CKD"	"4:143339542:C:T"	0.000259301127319866	6e-04	0.0109
"P2BP05"	"POAG-CKD"	"CKD"	"4:143343605:C:T"	0.000641713347972028	-0.0145	0.0099
"P2BP05"	"POAG-CKD"	"CKD"	"4:143343632:T:C"	0.000553768478342653	0.0126	0.0094
"P2BP05"	"POAG-CKD"	"CKD"	"4:143344473:T:C"	0.000259875916686525	-9e-04	0.0099
"P2BP05"	"POAG-CKD"	"CKD"	"4:143346040:C:A"	0.000261496098105662	-0.0015	0.0099
"P2BP05"	"POAG-CKD"	"CKD"	"4:143347436:A:G"	0.000538972088032885	-0.0129	0.0098
"P2BP05"	"POAG-CKD"	"CKD"	"4:143348680:C:T"	0.000473259421860717	-0.0117	0.0098
"P2BP05"	"POAG-CKD"	"CKD"	"4:143349518:A:G"	0.000483201066447947	-0.0119	0.0098
"P2BP05"	"POAG-CKD"	"CKD"	"4:143355338:T:C"	0.00028922765731243	0.0069	0.0135
"P2BP05"	"POAG-CKD"	"CKD"	"4:143360851:A:G"	0.000265105475647953	-0.0036	0.0153
"P2BP05"	"POAG-CKD"	"CKD"	"4:143369780:C:T"	0.000468580674738983	-0.0148	0.0125
"P2BP05"	"POAG-CKD"	"CKD"	"4:143373910:A:G"	0.000488981306855818	-0.0152	0.0124
"P2BP05"	"POAG-CKD"	"CKD"	"4:143373921:A:G"	0.000882789786780802	-0.0252	0.0148
"P2BP05"	"POAG-CKD"	"CKD"	"4:143375877:G:A"	0.000735098107314092	-0.0234	0.0149
"P2BP05"	"POAG-CKD"	"CKD"	"4:143384679:A:G"	0.000665089640776828	-0.0221	0.0148
"P2BP05"	"POAG-CKD"	"CKD"	"4:143391299:A:G"	0.000481763605185259	-0.0149	0.0123
"P2BP05"	"POAG-CKD"	"CKD"	"4:143392235:G:A"	0.000655031911832249	-0.0157	0.0106
"P2BP05"	"POAG-CKD"	"CKD"	"4:143394613:T:G"	0.000533099494728684	-0.0162	0.0124
"P2BP05"	"POAG-CKD"	"CKD"	"4:143394857:T:C"	0.000371504874090767	-0.0133	0.0144
"P2BP05"	"POAG-CKD"	"CKD"	"4:143405082:G:T"	0.000374056805387379	-0.0124	0.0133
"P2BP05"	"POAG-CKD"	"CKD"	"4:143406773:T:C"	0.000356582797781169	-0.01	0.0115
"P2BP05"	"POAG-CKD"	"CKD"	"4:143406833:A:G"	0.000356582797781169	-0.01	0.0115
"P2BP05"	"POAG-CKD"	"CKD"	"4:143416900:G:T"	0.000275300958855196	-0.01	0.0263
"P2BP05"	"POAG-CKD"	"CKD"	"4:143417918:G:A"	0.000491509523741662	-0.0144	0.0117
"P2BP05"	"POAG-CKD"	"CKD"	"4:143418354:C:T"	0.000335412443135397	-0.0104	0.0133
"P2BP05"	"POAG-CKD"	"CKD"	"4:143420262:A:G"	0.00040734419304933	-0.0119	0.0115
"P2BP05"	"POAG-CKD"	"CKD"	"4:143421175:G:A"	0.00056917330923778	-0.0161	0.0118
"P2BP05"	"POAG-CKD"	"CKD"	"4:143426031:G:A"	0.000359162824346004	-0.0102	0.0116
"P2BP05"	"POAG-CKD"	"CKD"	"4:143437219:G:T"	0.000365631099594421	-0.0121	0.0134
"P2BP05"	"POAG-CKD"	"CKD"	"4:143437470:C:T"	0.000357522229817664	-0.0117	0.0134
"P2BP05"	"POAG-CKD"	"CKD"	"4:143440337:C:T"	0.000340866953373098	-0.0108	0.0134
"P2BP05"	"POAG-CKD"	"CKD"	"4:143440396:T:C"	0.000547598430375218	-0.0157	0.0118
"P2BP05"	"POAG-CKD"	"CKD"	"4:143443147:G:A"	0.00111221266501571	0.0271	0.0146
"P2BP05"	"POAG-CKD"	"CKD"	"4:143444109:T:C"	0.000260324957512825	0.0022	0.0198
"P2BP05"	"POAG-CKD"	"CKD"	"4:143444744:A:G"	0.000363943045335269	0.0087	0.0097
"P2BP05"	"POAG-CKD"	"CKD"	"4:143450575:T:C"	0.000463889984191002	0.0108	0.0092
"P2BP05"	"POAG-CKD"	"CKD"	"4:143452535:A:C"	0.000475541205967267	0.0175	0.0146
"P2BP05"	"POAG-CKD"	"CKD"	"4:143453881:A:G"	0.000670803926655861	-0.0192	0.0128
"P2BP05"	"POAG-CKD"	"CKD"	"4:143454553:C:T"	0.000691215441898874	-0.0195	0.0128
"P2BP05"	"POAG-CKD"	"CKD"	"4:143455287:A:C"	0.00172972579159802	0.0214	0.0101
"P2BP05"	"POAG-CKD"	"CKD"	"4:143456937:C:T"	0.000270752082355608	0.0048	0.0148
"P2BP05"	"POAG-CKD"	"CKD"	"4:143462437:C:T"	0.000424159116699352	-0.0135	0.0125
"P2BP05"	"POAG-CKD"	"CKD"	"4:143462713:C:T"	0.000262953998840021	-0.0019	0.01
"P2BP05"	"POAG-CKD"	"CKD"	"4:143469236:G:A"	0.000347718413038489	-0.0106	0.0127
"P2BP05"	"POAG-CKD"	"CKD"	"4:143470133:C:A"	0.000286008481205857	0.0047	0.0097
"P2BP05"	"POAG-CKD"	"CKD"	"4:143472696:T:C"	0.000411976286743276	-0.0132	0.0126
"P2BP05"	"POAG-CKD"	"CKD"	"4:143474601:T:C"	0.000262849043349056	0.0018	0.0096
"P2BP05"	"POAG-CKD"	"CKD"	"4:143476181:T:G"	0.00029128818630364	-0.0058	0.011
"P2BP05"	"POAG-CKD"	"CKD"	"4:143479727:G:A"	0.0004974154978451	-0.0159	0.0128
"P2BP05"	"POAG-CKD"	"CKD"	"4:143483455:T:C"	0.000513062589992175	-0.0164	0.0129
"P2BP05"	"POAG-CKD"	"CKD"	"4:143493213:A:G"	0.000361291437837918	-0.0118	0.0133
"P2BP05"	"POAG-CKD"	"CKD"	"4:143503071:A:G"	0.000361291437837918	-0.0118	0.0133
"P2BP05"	"POAG-CKD"	"CKD"	"4:143508339:T:C"	0.00035443500762733	-0.0118	0.0137
"P2BP05"	"POAG-CKD"	"CKD"	"4:143509994:C:T"	0.000643820469912515	-0.0157	0.0107
"P2BP05"	"POAG-CKD"	"CKD"	"4:143513969:A:G"	0.000379023106007903	-0.013	0.0137
"P2BP05"	"POAG-CKD"	"CKD"	"4:143519738:A:G"	0.000343581012963723	-0.0112	0.0137
"P2BP05"	"POAG-CKD"	"CKD"	"4:143534216:A:G"	0.000346283085252974	0.0121	0.0146
"P2BP05"	"POAG-CKD"	"CKD"	"4:143538179:C:A"	0.00254120360150356	-0.0237	0.0102
"P2BP05"	"POAG-CKD"	"CKD"	"4:143551483:T:C"	0.000331132459109762	-0.0093	0.0122
"P2BP05"	"POAG-CKD"	"CKD"	"4:143553033:A:G"	0.000338362591521091	-0.0097	0.0122
"P2BP05"	"POAG-CKD"	"CKD"	"4:143562086:A:G"	0.000340243003129848	-0.0098	0.0122
"P2BP05"	"POAG-CKD"	"CKD"	"4:143569058:G:A"	0.000340243003129848	-0.0098	0.0122
"P2BP05"	"POAG-CKD"	"CKD"	"4:143575740:A:G"	0.000901462092508187	-0.017	0.0099
"P2BP05"	"POAG-CKD"	"CKD"	"4:143578523:G:T"	0.000469650501319974	-0.0121	0.0102
"P2BP05"	"POAG-CKD"	"CKD"	"4:143579013:T:C"	0.000346065173651877	-0.0101	0.0122
"P2BP05"	"POAG-CKD"	"CKD"	"4:143579753:G:A"	0.00112704781196582	-0.0179	0.0096
"P2BP05"	"POAG-CKD"	"CKD"	"4:143582924:T:C"	0.000392608876931821	-0.0121	0.0122
"P2BP05"	"POAG-CKD"	"CKD"	"4:143593086:C:T"	0.000259875916686525	0.0016	0.0176
"P2BP05"	"POAG-CKD"	"CKD"	"4:143602404:A:G"	0.00038992896361556	-0.012	0.0122
"P2BP05"	"POAG-CKD"	"CKD"	"4:143605318:C:A"	0.000344093904886655	-0.01	0.0122
"P2BP05"	"POAG-CKD"	"CKD"	"4:143608324:G:T"	0.000343000232170709	0.0119	0.0146
"P2BP05"	"POAG-CKD"	"CKD"	"4:143610293:G:A"	0.000964213627491106	-0.0171	0.0097
"P2BP05"	"POAG-CKD"	"CKD"	"4:143612819:A:G"	0.000527172236794882	-0.014	0.0108
"P2BP05"	"POAG-CKD"	"CKD"	"4:143614262:C:T"	0.000404287912729284	0.0157	0.0153
"P2BP05"	"POAG-CKD"	"CKD"	"4:143617304:T:C"	0.00114338434631955	-0.0178	0.0095
"P2BP05"	"POAG-CKD"	"CKD"	"4:143618753:G:T"	0.000367557042391331	-0.0111	0.0122
"P2BP05"	"POAG-CKD"	"CKD"	"4:143619586:T:C"	0.000895718208761109	-0.0161	0.0094
"P2BP05"	"POAG-CKD"	"CKD"	"4:143619721:T:C"	0.000405753316499502	-0.0102	0.0099
"P2BP05"	"POAG-CKD"	"CKD"	"4:143625262:G:A"	0.00183140410434557	-0.0243	0.0113
"P2BP05"	"POAG-CKD"	"CKD"	"4:143626567:C:T"	0.0041920299608601	-0.0313	0.0122
"P2BP05"	"POAG-CKD"	"CKD"	"4:143627929:A:G"	0.00354852502434655	-0.0301	0.0121
"P2BP05"	"POAG-CKD"	"CKD"	"4:143629934:G:A"	0.000270300448034111	0.0042	0.0132
"P2BP05"	"POAG-CKD"	"CKD"	"4:143631691:G:A"	0.00393356501293951	-0.0246	0.0097
"P2BP05"	"POAG-CKD"	"CKD"	"4:143633793:C:T"	0.00942097612808579	-0.0274	0.0094
"P2BP05"	"POAG-CKD"	"CKD"	"4:143634746:G:A"	0.0129956431833598	-0.0286	0.0094
"P2BP05"	"POAG-CKD"	"CKD"	"4:143639211:T:C"	0.00183498235366286	-0.0213	0.0099
"P2BP05"	"POAG-CKD"	"CKD"	"4:143639498:C:T"	0.00827281767113874	-0.0269	0.0094
"P2BP05"	"POAG-CKD"	"CKD"	"4:143641202:T:C"	0.00123318803246408	-0.0194	0.0101
"P2BP05"	"POAG-CKD"	"CKD"	"4:143649411:G:A"	0.00750274349329905	-0.0268	0.0095
"P2BP05"	"POAG-CKD"	"CKD"	"4:143654534:A:G"	0.00170951552523668	0.0207	0.0098
"P2BP05"	"POAG-CKD"	"CKD"	"4:143654889:G:A"	0.00769396340097561	0.0269	0.0095
"P2BP05"	"POAG-CKD"	"CKD"	"4:143655174:G:A"	0.000851880276728223	0.0302	0.018
"P2BP05"	"POAG-CKD"	"CKD"	"4:143657023:A:G"	0.000949401054594068	0.0177	0.0101
"P2BP05"	"POAG-CKD"	"CKD"	"4:143660758:G:A"	0.0132474358206995	0.0305	0.01
"P2BP05"	"POAG-CKD"	"CKD"	"4:143664834:A:C"	0.00368252094479737	0.0243	0.0097
"P2BP05"	"POAG-CKD"	"CKD"	"4:143667098:A:C"	0.00277202754384853	0.0232	0.0098
"P2BP05"	"POAG-CKD"	"CKD"	"4:143671111:A:G"	0.00155732888864657	0.0208	0.0101
"P2BP05"	"POAG-CKD"	"CKD"	"4:143673851:G:A"	0.0104712397406554	0.0278	0.0094
"P2BP05"	"POAG-CKD"	"CKD"	"4:143677136:A:C"	0.00184278847033847	0.0392	0.0182
"P2BP05"	"POAG-CKD"	"CKD"	"4:143680948:C:A"	0.00150476771878882	0.0206	0.0101
"P2BP05"	"POAG-CKD"	"CKD"	"4:143683033:A:G"	0.00133787583272971	0.0199	0.0101
"P2BP05"	"POAG-CKD"	"CKD"	"4:143683303:A:G"	0.0017533728578506	0.0387	0.0182
"P2BP05"	"POAG-CKD"	"CKD"	"4:143691110:C:T"	0.000389748739985429	0.0174	0.0177
"P2BP05"	"POAG-CKD"	"CKD"	"4:143693739:C:T"	0.00138300102976219	0.0201	0.0101
"P2BP05"	"POAG-CKD"	"CKD"	"4:143699841:A:G"	0.00942097612808579	0.0274	0.0094
"P2BP05"	"POAG-CKD"	"CKD"	"4:143708318:T:C"	0.00806287023455243	0.0268	0.0094
"P2BP05"	"POAG-CKD"	"CKD"	"4:143708921:A:G"	0.00173615025842977	0.0386	0.0182
"P2BP05"	"POAG-CKD"	"CKD"	"4:143717643:T:C"	0.024219073506289	0.0321	0.0098
"P2BP05"	"POAG-CKD"	"CKD"	"4:143722951:T:C"	0.0254199250198943	0.0326	0.0099
"P2BP05"	"POAG-CKD"	"CKD"	"4:143723264:A:G"	0.00364255290636017	0.026	0.0104
"P2BP05"	"POAG-CKD"	"CKD"	"4:143723571:T:C"	0.0125833149153965	0.0303	0.01
"P2BP05"	"POAG-CKD"	"CKD"	"4:143732619:T:G"	0.0147325608294148	0.0306	0.0099
"P2BP05"	"POAG-CKD"	"CKD"	"4:143733966:G:A"	0.00113905088936894	0.0189	0.0101
"P2BP05"	"POAG-CKD"	"CKD"	"4:143735270:G:A"	0.00085843382648243	0.017	0.0101
"P2BP05"	"POAG-CKD"	"CKD"	"4:143737159:G:A"	0.00191018165953383	0.0213	0.0098
"P2BP05"	"POAG-CKD"	"CKD"	"4:143747354:T:C"	0.00259075513745433	0.0231	0.0099
"P2BP05"	"POAG-CKD"	"CKD"	"4:143765773:G:A"	0.00782055627544753	0.0281	0.0099
"P2BP05"	"POAG-CKD"	"CKD"	"4:143769959:A:C"	0.00427388147810381	0.0242	0.0094
"P2BP05"	"POAG-CKD"	"CKD"	"4:143771325:C:T"	0.00180163184480409	0.0212	0.0099
"P2BP05"	"POAG-CKD"	"CKD"	"4:143772767:C:A"	0.00611549570269099	0.0257	0.0094
"P2BP05"	"POAG-CKD"	"CKD"	"4:143775584:C:T"	0.00437426833171373	0.0243	0.0094
"P2BP05"	"POAG-CKD"	"CKD"	"4:143779613:G:A"	0.000881799165241892	0.0177	0.0104
"P2BP05"	"POAG-CKD"	"CKD"	"4:143781835:T:C"	0.00710239396808621	0.0277	0.0099
"P2BP05"	"POAG-CKD"	"CKD"	"4:143788460:C:T"	0.00181928227777917	0.0234	0.0109
"P2BP05"	"POAG-CKD"	"CKD"	"4:143795347:G:A"	0.000846223042877292	0.0174	0.0104
"P2BP05"	"POAG-CKD"	"CKD"	"4:143796487:G:T"	0.00125734214590945	0.0201	0.0104
"P2BP05"	"POAG-CKD"	"CKD"	"4:143800361:A:G"	0.000287184461603474	-0.0089	0.018
"P2BP05"	"POAG-CKD"	"CKD"	"4:143804147:C:T"	0.00118144688512523	0.0197	0.0104
"P2BP05"	"POAG-CKD"	"CKD"	"4:143814005:T:C"	0.00229470691401634	0.0243	0.0107
"P2BP05"	"POAG-CKD"	"CKD"	"4:143822303:T:C"	0.00233636766110701	0.0244	0.0107
"P2BP05"	"POAG-CKD"	"CKD"	"4:143823839:G:A"	0.00126993024627431	0.019	0.0098
"P2BP05"	"POAG-CKD"	"CKD"	"4:143837901:G:A"	0.000769125822185468	0.0231	0.0144
"P2BP05"	"POAG-CKD"	"CKD"	"4:143842458:T:C"	0.00263863765025418	0.0253	0.0108
"P2BP05"	"POAG-CKD"	"CKD"	"4:143848478:G:A"	0.00202158433290767	-0.0324	0.0147
"P2BP05"	"POAG-CKD"	"CKD"	"4:143853943:A:G"	0.00327098926124636	0.0262	0.0107
"P2BP05"	"POAG-CKD"	"CKD"	"4:143856072:A:G"	0.00265544505575355	0.0251	0.0107
"P2BP05"	"POAG-CKD"	"CKD"	"4:143859652:A:G"	0.00335058132850496	0.0278	0.0113
"P2BP05"	"POAG-CKD"	"CKD"	"4:143861293:T:C"	0.00360676524672254	0.0267	0.0107
"P2BP05"	"POAG-CKD"	"CKD"	"4:143861348:A:G"	0.00268760002209356	0.0254	0.0108
"P2BP05"	"POAG-CKD"	"CKD"	"4:143865906:A:G"	0.00215500385390888	0.0235	0.0105
"P2BP05"	"POAG-CKD"	"CKD"	"4:143867361:T:C"	0.00211657410476918	0.0234	0.0105
"P2BP05"	"POAG-CKD"	"CKD"	"4:143871668:C:T"	0.00204222831445955	0.0232	0.0105
"P2BP05"	"POAG-CKD"	"CKD"	"4:143873787:C:T"	0.00200627139321563	0.0231	0.0105
"P2BP05"	"POAG-CKD"	"CKD"	"4:143879504:C:T"	0.00211657410476918	0.0234	0.0105
"P2BP05"	"POAG-CKD"	"CKD"	"4:143879892:C:A"	0.00177549871564631	0.0224	0.0105
"P2BP05"	"POAG-CKD"	"CKD"	"4:143882545:A:G"	0.00211657410476918	0.0234	0.0105
"P2BP05"	"POAG-CKD"	"CKD"	"4:143892252:A:C"	0.00251035601131366	0.0241	0.0104
"P2BP05"	"POAG-CKD"	"CKD"	"4:143892822:C:T"	0.00265734006810259	0.0244	0.0104
"P2BP05"	"POAG-CKD"	"CKD"	"4:143894051:G:A"	0.00265734006810259	0.0244	0.0104
"P2BP05"	"POAG-CKD"	"CKD"	"4:143894775:C:T"	0.00265734006810259	0.0244	0.0104
"P2BP05"	"POAG-CKD"	"CKD"	"4:143895198:G:A"	0.00270864653630487	0.0245	0.0104
"P2BP05"	"POAG-CKD"	"CKD"	"4:143898685:T:C"	0.00270864653630487	0.0245	0.0104
"P2BP05"	"POAG-CKD"	"CKD"	"4:143899411:G:T"	0.00286993270261804	0.0248	0.0104
"P2BP05"	"POAG-CKD"	"CKD"	"4:143899483:A:C"	0.00274201353477122	0.0248	0.0105
"P2BP05"	"POAG-CKD"	"CKD"	"4:143907480:G:A"	0.00296069518876818	0.0252	0.0105
"P2BP05"	"POAG-CKD"	"CKD"	"4:143911483:C:T"	0.00269043104789868	0.0247	0.0105
"P2BP05"	"POAG-CKD"	"CKD"	"4:143921408:T:C"	0.00299340380452995	0.0267	0.0111
"P2BP05"	"POAG-CKD"	"CKD"	"4:143936903:A:G"	0.000409659648681116	0.0101	0.0097
"P2BP05"	"POAG-CKD"	"CKD"	"4:143941858:T:C"	0.000425454929106395	0.0104	0.0096
"P2BP05"	"POAG-CKD"	"CKD"	"4:143942208:C:T"	0.000429555937307091	0.0105	0.0096
"P2BP05"	"POAG-CKD"	"CKD"	"4:143942862:G:T"	0.000425454929106395	0.0104	0.0096
"P2BP05"	"POAG-CKD"	"CKD"	"4:143943212:A:G"	0.000425454929106395	0.0104	0.0096
"P2BP05"	"POAG-CKD"	"CKD"	"4:143946132:T:C"	0.000409814723289381	0.01	0.0096
"P2BP05"	"POAG-CKD"	"CKD"	"4:143947047:A:G"	0.000406088529781301	0.0099	0.0096
"P2BP05"	"POAG-CKD"	"CKD"	"4:143949851:G:A"	0.000406088529781301	0.0099	0.0096
"P2BP05"	"POAG-CKD"	"CKD"	"4:143959584:G:A"	0.000433736288879882	0.0106	0.0096
"P2BP05"	"POAG-CKD"	"CKD"	"4:143960787:A:G"	0.000429324608856918	0.0176	0.0161
"P2BP05"	"POAG-CKD"	"CKD"	"4:143965072:A:G"	0.000429555937307091	0.0105	0.0096
"P2BP05"	"POAG-CKD"	"CKD"	"4:143967230:C:A"	0.000433736288879882	0.0106	0.0096
"P2BP05"	"POAG-CKD"	"CKD"	"4:143971531:A:G"	0.000827440310102734	-0.0174	0.0105
"P2BP05"	"POAG-CKD"	"CKD"	"4:143972745:C:T"	0.000888980582971599	-0.0181	0.0106
"P2BP05"	"POAG-CKD"	"CKD"	"4:143981240:C:T"	0.000764794543795855	-0.0168	0.0105
"P2BP05"	"POAG-CKD"	"CKD"	"4:143983846:G:A"	0.00038715842311754	0.0156	0.016
"P2BP05"	"POAG-CKD"	"CKD"	"4:143998282:G:A"	0.000402358523713842	0.0099	0.0097
"P2BP05"	"POAG-CKD"	"CKD"	"4:143998428:C:T"	0.000402358523713842	-0.0099	0.0097
"P2BP05"	"POAG-CKD"	"CKD"	"4:144003159:T:G"	0.000913681621444118	-0.0183	0.0106
"P2BP05"	"POAG-CKD"	"CKD"	"4:144007578:C:T"	0.000398847297543137	0.0097	0.0096
"P2BP05"	"POAG-CKD"	"CKD"	"4:144027729:A:G"	0.000436012650501305	0.0182	0.0164
"P2BP05"	"POAG-CKD"	"CKD"	"4:144030000:A:G"	0.000362637008055278	-0.0091	0.0102
"P2BP05"	"POAG-CKD"	"CKD"	"4:144030194:G:A"	0.000342682992035437	-0.0083	0.0102
"P2BP05"	"POAG-CKD"	"CKD"	"4:144033656:T:G"	0.00696104181361079	-0.0265	0.0095
"P2BP05"	"POAG-CKD"	"CKD"	"4:144039278:G:T"	0.00496177256258334	0.0251	0.0095
"P2BP05"	"POAG-CKD"	"CKD"	"4:144039438:G:A"	0.00496177256258334	-0.0251	0.0095
"P2BP05"	"POAG-CKD"	"CKD"	"4:144039589:T:G"	0.0046255853764885	-0.0248	0.0095
"P2BP05"	"POAG-CKD"	"CKD"	"4:144043024:C:T"	0.00789079630217637	-0.027	0.0095
"P2BP05"	"POAG-CKD"	"CKD"	"4:144044338:T:C"	0.00613322782821324	-0.0279	0.0102
"P2BP05"	"POAG-CKD"	"CKD"	"4:144048046:C:T"	0.00627420766881448	-0.028	0.0102
"P2BP05"	"POAG-CKD"	"CKD"	"4:144050379:A:G"	0.00857093237922635	-0.0279	0.0097
"P2BP05"	"POAG-CKD"	"CKD"	"4:144051108:T:C"	0.000463395883510964	-0.019	0.0162
"P2BP05"	"POAG-CKD"	"CKD"	"4:144053881:G:A"	0.00532964277679737	-0.0246	0.0092
"P2BP05"	"POAG-CKD"	"CKD"	"4:144054567:C:T"	0.00603434787966273	-0.0251	0.0092
"P2BP05"	"POAG-CKD"	"CKD"	"4:144055140:C:T"	0.000436568030202311	0.018	0.0162
"P2BP05"	"POAG-CKD"	"CKD"	"4:144060464:A:G"	0.00782667760524425	-0.0264	0.0093
"P2BP05"	"POAG-CKD"	"CKD"	"4:144069561:G:T"	0.00603434787966273	-0.0251	0.0092
"P2BP05"	"POAG-CKD"	"CKD"	"4:144073912:A:G"	0.0027361040554843	0.0229	0.0097
"P2BP05"	"POAG-CKD"	"CKD"	"4:144080267:T:C"	0.00588514407703289	-0.025	0.0092
"P2BP05"	"POAG-CKD"	"CKD"	"4:144086245:G:A"	0.00449796099507416	-0.0239	0.0092
"P2BP05"	"POAG-CKD"	"CKD"	"4:144086419:T:G"	0.000288848017098942	-0.0063	0.0124
"P2BP05"	"POAG-CKD"	"CKD"	"4:144104906:G:A"	0.0091307037806434	-0.0267	0.0092
"P2BP05"	"POAG-CKD"	"CKD"	"4:144105382:T:C"	0.00252160675449653	-0.0225	0.0097
"P2BP05"	"POAG-CKD"	"CKD"	"4:144105698:G:A"	0.00335481955957107	-0.0251	0.0102
"P2BP05"	"POAG-CKD"	"CKD"	"4:144114413:A:G"	0.000460109332990233	0.019	0.0163
"P2BP05"	"POAG-CKD"	"CKD"	"4:144117652:G:A"	0.00257325371711215	-0.0226	0.0097
"P2BP05"	"POAG-CKD"	"CKD"	"4:144124492:G:A"	0.00667662977871808	-0.0255	0.0092
"P2BP05"	"POAG-CKD"	"CKD"	"4:144127525:T:C"	0.000446934654454778	0.0184	0.0162
"P2BP05"	"POAG-CKD"	"CKD"	"4:144130750:T:C"	0.000515698605734416	0.0208	0.0163
"P2BP05"	"POAG-CKD"	"CKD"	"4:144135718:G:A"	0.00297312062552035	-0.0233	0.0097
"P2BP05"	"POAG-CKD"	"CKD"	"4:144136193:T:G"	0.00303619816716649	-0.0234	0.0097
"P2BP05"	"POAG-CKD"	"CKD"	"4:144137359:A:G"	0.00721038043608546	-0.0258	0.0092
"P2BP05"	"POAG-CKD"	"CKD"	"4:144140665:C:T"	0.00721038043608546	-0.0258	0.0092
"P2BP05"	"POAG-CKD"	"CKD"	"4:144143020:C:T"	0.000446934654454778	0.0184	0.0162
"P2BP05"	"POAG-CKD"	"CKD"	"4:144150701:T:C"	0.000265021419116773	-0.0043	0.0184
"P2BP05"	"POAG-CKD"	"CKD"	"4:144154424:G:A"	0.00274749053526602	0.0293	0.0124
"P2BP05"	"POAG-CKD"	"CKD"	"4:144162943:A:G"	0.00268046557635604	-0.0228	0.0097
"P2BP05"	"POAG-CKD"	"CKD"	"4:144171748:T:G"	0.00262619457891411	-0.0227	0.0097
"P2BP05"	"POAG-CKD"	"CKD"	"4:144172526:A:G"	0.000429555937307091	0.0175	0.016
"P2BP05"	"POAG-CKD"	"CKD"	"4:144173483:A:G"	0.00165707540380811	-0.0199	0.0095
"P2BP05"	"POAG-CKD"	"CKD"	"4:144174773:C:A"	0.000468915731001385	0.0186	0.0157
"P2BP05"	"POAG-CKD"	"CKD"	"4:144178902:T:C"	0.00246357602836611	-0.021	0.0091
"P2BP05"	"POAG-CKD"	"CKD"	"4:144182073:C:T"	0.00278437557087563	-0.0218	0.0092
"P2BP05"	"POAG-CKD"	"CKD"	"4:144184193:C:T"	0.00108801835784711	-0.0175	0.0095
"P2BP05"	"POAG-CKD"	"CKD"	"4:144184364:C:T"	0.000399558969774949	0.0162	0.016
"P2BP05"	"POAG-CKD"	"CKD"	"4:144184743:G:A"	0.00262855189946398	-0.0213	0.0091
"P2BP05"	"POAG-CKD"	"CKD"	"4:144185956:T:C"	0.00114338434631955	-0.0178	0.0095
"P2BP05"	"POAG-CKD"	"CKD"	"4:144186457:A:G"	0.00128680811967008	-0.0183	0.0094
"P2BP05"	"POAG-CKD"	"CKD"	"4:144187380:G:A"	0.00409134609425021	-0.0235	0.0092
"P2BP05"	"POAG-CKD"	"CKD"	"4:144193117:T:G"	0.00133370086839024	-0.0187	0.0095
"P2BP05"	"POAG-CKD"	"CKD"	"4:144193353:A:G"	0.000453112367272524	0.0184	0.016
"P2BP05"	"POAG-CKD"	"CKD"	"4:144196536:T:C"	0.0030006507493382	-0.0219	0.0091
"P2BP05"	"POAG-CKD"	"CKD"	"4:144198204:C:T"	0.000273810720985535	-0.0049	0.0135
"P2BP05"	"POAG-CKD"	"CKD"	"4:144201383:T:C"	0.000603979375707886	-0.0133	0.0094
"P2BP05"	"POAG-CKD"	"CKD"	"4:144205564:C:T"	0.000430761346308595	-0.0102	0.0093
"P2BP05"	"POAG-CKD"	"CKD"	"4:144206153:T:C"	0.000577105143535261	-0.0128	0.0093
"P2BP05"	"POAG-CKD"	"CKD"	"4:144206948:T:C"	0.000427247894441485	-0.0099	0.0091
"P2BP05"	"POAG-CKD"	"CKD"	"4:144207686:G:A"	0.000461372539210969	-0.0111	0.0095
"P2BP05"	"POAG-CKD"	"CKD"	"4:144210162:G:A"	0.000431613132176878	-0.01	0.0091
"P2BP05"	"POAG-CKD"	"CKD"	"4:144220383:C:T"	0.00059185455066868	-0.013	0.0093
"P2BP05"	"POAG-CKD"	"CKD"	"4:144230902:A:C"	0.000391691376940062	-0.009	0.0091
"P2BP05"	"POAG-CKD"	"CKD"	"4:144239825:A:G"	0.000305721649020985	-0.0057	0.0091
"P2BP05"	"POAG-CKD"	"CKD"	"4:144240473:A:G"	0.000301235289334123	-0.0055	0.0092
"P2BP05"	"POAG-CKD"	"CKD"	"4:144240657:T:C"	0.00033525614085872	0.01	0.0128
"P2BP05"	"POAG-CKD"	"CKD"	"4:144255838:T:C"	0.000316170335723287	-0.0068	0.0099
"P2BP05"	"POAG-CKD"	"CKD"	"4:144256713:T:C"	0.00035177972399314	-0.0137	0.0161
"P2BP05"	"POAG-CKD"	"CKD"	"4:144257116:C:T"	0.000317627570723733	-0.0066	0.0095
"P2BP05"	"POAG-CKD"	"CKD"	"4:144259648:C:T"	0.000356794171806674	-0.0141	0.0162
"P2BP05"	"POAG-CKD"	"CKD"	"4:144260239:T:C"	0.000375704986057768	-0.0151	0.0161
"P2BP05"	"POAG-CKD"	"CKD"	"4:144264722:T:C"	0.000344870508558581	-0.0079	0.0096
"P2BP05"	"POAG-CKD"	"CKD"	"4:144273884:G:T"	0.000432876637447177	-0.0108	0.0098
"P2BP05"	"POAG-CKD"	"CKD"	"4:144274156:A:G"	0.000862973991176297	-0.0167	0.0099
"P2BP05"	"POAG-CKD"	"CKD"	"4:144276643:C:T"	0.000534315052374224	-0.0123	0.0094
"P2BP05"	"POAG-CKD"	"CKD"	"4:144276717:G:A"	0.000277307838122076	-0.0037	0.0092
"P2BP05"	"POAG-CKD"	"CKD"	"4:144282005:A:G"	0.000320078183232098	0.0092	0.013
"P2BP05"	"POAG-CKD"	"CKD"	"4:144282224:T:C"	0.000266368289518426	-0.0024	0.0093
"P2BP05"	"POAG-CKD"	"CKD"	"4:144282390:C:T"	0.000306382444311581	0.0058	0.0092
"P2BP05"	"POAG-CKD"	"CKD"	"4:144285683:A:G"	0.000266834739625299	-0.0025	0.0094
"P2BP05"	"POAG-CKD"	"CKD"	"4:144288653:T:G"	0.00026741922511464	-0.0027	0.0098
"P2BP05"	"POAG-CKD"	"CKD"	"4:144289305:T:C"	0.000265201874095067	-0.0023	0.0097
"P2BP05"	"POAG-CKD"	"CKD"	"4:144289502:A:G"	0.000308179234802752	0.0059	0.0092
"P2BP05"	"POAG-CKD"	"CKD"	"4:144293053:G:A"	0.000311898002437694	0.0061	0.0092
"P2BP05"	"POAG-CKD"	"CKD"	"4:144295952:C:T"	0.000317175188022767	0.0063	0.0091
"P2BP05"	"POAG-CKD"	"CKD"	"4:144298152:G:A"	0.000293434154230332	0.005	0.0092
"P2BP05"	"POAG-CKD"	"CKD"	"4:144303897:G:A"	0.000269608332124416	-0.0029	0.0094
"P2BP05"	"POAG-CKD"	"CKD"	"4:144310659:C:T"	0.000262931783927778	-0.0018	0.0095
"P2BP05"	"POAG-CKD"	"CKD"	"4:144312520:C:T"	0.000295585501628115	0.0052	0.0093
"P2BP05"	"POAG-CKD"	"CKD"	"4:144316247:C:T"	0.00033624967394108	0.0077	0.0098
"P2BP05"	"POAG-CKD"	"CKD"	"4:144319745:G:A"	0.000284118723627547	0.0044	0.0094
"P2BP05"	"POAG-CKD"	"CKD"	"4:144325021:A:C"	0.000379507602298879	0.0096	0.0101
"P2BP05"	"POAG-CKD"	"CKD"	"4:144326385:G:T"	0.000332971130548199	0.0074	0.0096
"P2BP05"	"POAG-CKD"	"CKD"	"4:144332533:A:G"	0.000392048319781235	0.01	0.0101
"P2BP05"	"POAG-CKD"	"CKD"	"4:144333710:G:A"	0.000401137994040068	0.0119	0.0117
"P2BP05"	"POAG-CKD"	"CKD"	"4:144340098:T:C"	0.000268431061463348	0.003	0.0103
"P2BP05"	"POAG-CKD"	"CKD"	"4:144340560:T:C"	0.000292348174174673	0.0053	0.0099
"P2BP05"	"POAG-CKD"	"CKD"	"4:144350692:C:T"	0.000273562721642473	0.0036	0.01
"P2BP05"	"POAG-CKD"	"CKD"	"4:144357737:A:G"	0.00029164370059942	-0.0053	0.01
"P2BP05"	"POAG-CKD"	"CKD"	"4:144357889:G:A"	0.000271678149005195	0.0035	0.0104
"P2BP05"	"POAG-CKD"	"CKD"	"4:144380399:G:A"	0.000260616730011432	-0.0012	0.0098
"P2BP05"	"POAG-CKD"	"CKD"	"4:144381401:A:G"	0.000261028488975024	-0.0013	0.0095
"P2BP05"	"POAG-CKD"	"CKD"	"4:144388923:A:G"	0.000259080584818161	-3e-04	0.0094
"P2BP05"	"POAG-CKD"	"CKD"	"4:144390602:C:T"	0.000537856963699346	0.0209	0.0159
"P2BP05"	"POAG-CKD"	"CKD"	"4:144392162:A:C"	0.000260003632835182	0.001	0.0103
"P2BP05"	"POAG-CKD"	"CKD"	"4:144398793:T:C"	0.00029128818630364	0.0058	0.011
"P2BP05"	"POAG-CKD"	"CKD"	"4:144399221:A:C"	0.000279272533448283	0.0049	0.0116
"P2BP05"	"POAG-CKD"	"CKD"	"4:144400351:G:A"	0.000293828561094389	0.0053	0.0097
"P2BP05"	"POAG-CKD"	"CKD"	"4:144406061:G:A"	0.00027109154012861	0.0049	0.0149
"P2BP05"	"POAG-CKD"	"CKD"	"4:144406937:A:G"	0.000281537768512252	0.0052	0.0117
"P2BP05"	"POAG-CKD"	"CKD"	"4:144421722:C:T"	0.000301567286401627	-0.0057	0.0095
"P2BP05"	"POAG-CKD"	"CKD"	"4:144422123:T:C"	0.000299974274058368	-0.0056	0.0095
"P2BP05"	"POAG-CKD"	"CKD"	"4:144426798:C:T"	0.000280923439076153	-0.005	0.0114
"P2BP05"	"POAG-CKD"	"CKD"	"4:144433875:T:C"	0.000270708789592011	-0.0045	0.0139
"P2BP05"	"POAG-CKD"	"CKD"	"4:144439082:T:C"	0.000281108428664911	0.0048	0.0109
"P2BP05"	"POAG-CKD"	"CKD"	"4:144442252:A:G"	0.000274553586235626	-0.0042	0.0113
"P2BP05"	"POAG-CKD"	"CKD"	"4:144442611:T:C"	0.000273065975152309	-0.004	0.0113
"P2BP05"	"POAG-CKD"	"CKD"	"4:144443295:T:C"	0.000280159214027909	0.0047	0.0109
"P2BP05"	"POAG-CKD"	"CKD"	"4:144443350:C:T"	0.000259445654629986	-6e-04	0.0091
"P2BP05"	"POAG-CKD"	"CKD"	"4:144445789:C:T"	0.000259292751473517	-5e-04	0.0092
"P2BP05"	"POAG-CKD"	"CKD"	"4:144448347:A:G"	0.000273799699810229	-0.0041	0.0113
"P2BP05"	"POAG-CKD"	"CKD"	"4:144451912:A:G"	0.000295654508095433	0.0061	0.0109
"P2BP05"	"POAG-CKD"	"CKD"	"4:144453500:T:C"	0.000259020756152584	2e-04	0.0092
"P2BP05"	"POAG-CKD"	"CKD"	"4:144459637:T:C"	0.000259435339179381	6e-04	0.0092
"P2BP05"	"POAG-CKD"	"CKD"	"4:144466050:A:G"	0.000259285821843425	-5e-04	0.0093
"P2BP05"	"POAG-CKD"	"CKD"	"4:144467444:G:A"	0.000260839461984075	0.0012	0.0092
"P2BP05"	"POAG-CKD"	"CKD"	"4:144477601:A:G"	0.000266532357495408	0.0024	0.0092
"P2BP05"	"POAG-CKD"	"CKD"	"4:144479917:T:C"	0.000258968979877428	0	0.0092
"P2BP05"	"POAG-CKD"	"CKD"	"4:144480013:G:A"	0.000258968979877428	0	0.0093
"P2BP05"	"POAG-CKD"	"CKD"	"4:144480231:C:T"	0.000275630460148113	-0.0043	0.0112
"P2BP05"	"POAG-CKD"	"CKD"	"4:144480272:C:A"	0.000278329841161162	0.0045	0.0109
"P2BP05"	"POAG-CKD"	"CKD"	"4:144483348:C:T"	0.000259292751473517	5e-04	0.0092
"P2BP05"	"POAG-CKD"	"CKD"	"4:144484859:G:A"	0.000259020756152584	2e-04	0.0092
"P2BP05"	"POAG-CKD"	"CKD"	"4:144492375:T:C"	0.00027744927249429	0.0044	0.0109
"P2BP05"	"POAG-CKD"	"CKD"	"4:144493185:C:A"	0.000262231841960836	0.0016	0.0093
"P2BP05"	"POAG-CKD"	"CKD"	"4:144493718:G:A"	0.000263683724367469	0.0019	0.0092
"P2BP05"	"POAG-CKD"	"CKD"	"4:144496280:A:G"	0.000283620990405575	0.0051	0.011
"P2BP05"	"POAG-CKD"	"CKD"	"4:144496477:A:G"	0.00026632696730855	-0.0035	0.0136
"P2BP05"	"POAG-CKD"	"CKD"	"4:144501206:T:G"	0.000267052907861887	-0.0031	0.0115
"P2BP05"	"POAG-CKD"	"CKD"	"4:144508537:C:T"	0.000275468419613345	-0.0047	0.0123
"P2BP05"	"POAG-CKD"	"CKD"	"4:144508554:G:A"	0.000276951222819344	0.0049	0.0123
"P2BP05"	"POAG-CKD"	"CKD"	"4:144515888:G:A"	0.000282088575547457	-0.0058	0.0129
"P2BP05"	"POAG-CKD"	"CKD"	"4:144520782:A:G"	0.000266368289518426	0.0024	0.0093
"P2BP05"	"POAG-CKD"	"CKD"	"4:144522627:C:T"	0.000260473476331513	0.0011	0.0094
"P2BP05"	"POAG-CKD"	"CKD"	"4:144524582:G:A"	0.00026461532795452	0.0021	0.0093
"P2BP05"	"POAG-CKD"	"CKD"	"4:144524672:C:A"	0.000267867768295127	0.0026	0.0092
"P2BP05"	"POAG-CKD"	"CKD"	"4:144526199:G:A"	0.000260211739981364	0.001	0.0094
"P2BP05"	"POAG-CKD"	"CKD"	"4:144530406:G:A"	0.000266197047276817	0.0025	0.0098
"P2BP05"	"POAG-CKD"	"CKD"	"4:144531991:A:G"	0.000265073841251851	0.0023	0.0098
"P2BP05"	"POAG-CKD"	"CKD"	"4:144539138:C:A"	0.000263668249408822	0.002	0.0097
"P2BP05"	"POAG-CKD"	"CKD"	"4:144545727:G:A"	0.000274371466627454	0.0034	0.0092
"P2BP05"	"POAG-CKD"	"CKD"	"4:144546275:A:G"	0.00026043156902722	0.0015	0.013
"P2BP05"	"POAG-CKD"	"CKD"	"4:144546802:A:C"	0.000273704913405171	0.0034	0.0094
"P2BP05"	"POAG-CKD"	"CKD"	"4:144550211:C:T"	0.000259020756152584	2e-04	0.0092
"P2BP05"	"POAG-CKD"	"CKD"	"4:144551433:A:G"	0.000259085491053468	3e-04	0.0092
"P2BP05"	"POAG-CKD"	"CKD"	"4:144551920:T:C"	0.000262798117420249	0.0019	0.0102
"P2BP05"	"POAG-CKD"	"CKD"	"4:144552087:C:T"	0.000260574620978948	0.0011	0.0091
"P2BP05"	"POAG-CKD"	"CKD"	"4:144554821:T:C"	0.00026411567167961	0.0022	0.0102
"P2BP05"	"POAG-CKD"	"CKD"	"4:144555318:A:G"	0.000259449876884199	-0.001	0.0151
"P2BP05"	"POAG-CKD"	"CKD"	"4:144559530:G:A"	0.000260019469463746	9e-04	0.0092
"P2BP05"	"POAG-CKD"	"CKD"	"4:144560652:G:A"	0.000259020756152584	-2e-04	0.0092
"P2BP05"	"POAG-CKD"	"CKD"	"4:144569029:A:G"	0.000288255910418145	-0.0077	0.0153
"P2BP05"	"POAG-CKD"	"CKD"	"4:144571636:T:C"	0.000258980622996785	-1e-04	0.0097
"P2BP05"	"POAG-CKD"	"CKD"	"4:144574139:G:T"	0.000300951493038215	-0.0059	0.0099
"P2BP05"	"POAG-CKD"	"CKD"	"4:144574435:A:G"	0.000260266496950434	0.001	0.0092
"P2BP05"	"POAG-CKD"	"CKD"	"4:144575873:G:T"	0.000262231841960836	0.0016	0.0093
"P2BP05"	"POAG-CKD"	"CKD"	"4:144576742:G:A"	0.000259425355083498	-8e-04	0.0124
"P2BP05"	"POAG-CKD"	"CKD"	"4:144578932:T:G"	0.000279338776680405	0.0044	0.0104
"P2BP05"	"POAG-CKD"	"CKD"	"4:144586417:C:T"	0.000605263401824319	0.0153	0.0108
"P2BP05"	"POAG-CKD"	"CKD"	"4:144616366:A:G"	0.000303721355598752	-0.0062	0.0101
"P2BP05"	"POAG-CKD"	"CKD"	"4:144617842:G:T"	0.000316747485885283	-0.0069	0.01
"P2BP05"	"POAG-CKD"	"CKD"	"4:144624327:G:T"	0.00031370577082579	0.0068	0.0101
"P2BP05"	"POAG-CKD"	"CKD"	"4:144627952:C:A"	0.00032301224318787	0.0073	0.0101
"P2BP05"	"POAG-CKD"	"CKD"	"4:144628232:T:C"	0.000337765711315385	-0.0084	0.0106
"P2BP05"	"POAG-CKD"	"CKD"	"4:144628243:A:G"	0.000322392782784564	-0.0077	0.0107
"P2BP05"	"POAG-CKD"	"CKD"	"4:144628436:C:T"	0.000340349328467937	0.0086	0.0107
"P2BP05"	"POAG-CKD"	"CKD"	"4:144629991:A:G"	0.000331529505234629	0.0081	0.0106
"P2BP05"	"POAG-CKD"	"CKD"	"4:144633956:T:C"	0.000310772219290212	0.0065	0.0099
"P2BP05"	"POAG-CKD"	"CKD"	"4:144635129:C:A"	0.000260826968336292	-0.0013	0.01
"P2BP05"	"POAG-CKD"	"CKD"	"4:144648046:T:G"	0.000280037516434906	-0.0043	0.01
"P2BP05"	"POAG-CKD"	"CKD"	"4:144653026:A:G"	0.000281070014125917	0.0044	0.01
"P2BP05"	"POAG-CKD"	"CKD"	"4:144657739:A:G"	0.000288475156604129	-0.005	0.0099
"P2BP05"	"POAG-CKD"	"CKD"	"4:144657774:G:A"	0.00028724517224199	-0.0049	0.0099
"P2BP05"	"POAG-CKD"	"CKD"	"4:144659108:G:T"	0.00028724517224199	-0.0049	0.0099
"P2BP05"	"POAG-CKD"	"CKD"	"4:144659297:T:C"	0.000284874675654634	-0.0047	0.0099
"P2BP05"	"POAG-CKD"	"CKD"	"4:144659344:G:A"	0.00028724517224199	-0.0049	0.0099
"P2BP05"	"POAG-CKD"	"CKD"	"4:144659400:C:T"	0.000291026302513209	-0.0052	0.0099
"P2BP05"	"POAG-CKD"	"CKD"	"4:144659458:G:A"	0.000289735416591164	-0.0051	0.0099
"P2BP05"	"POAG-CKD"	"CKD"	"4:144659515:G:A"	0.00030570366797833	-0.0062	0.0099
"P2BP05"	"POAG-CKD"	"CKD"	"4:144659795:G:A"	0.000280482593226661	-0.0043	0.0099
"P2BP05"	"POAG-CKD"	"CKD"	"4:144665435:C:T"	0.000282621308189568	-0.0045	0.0099
"P2BP05"	"POAG-CKD"	"CKD"	"4:144665809:C:T"	0.000280037516434906	-0.0043	0.01
"P2BP05"	"POAG-CKD"	"CKD"	"4:144676269:T:C"	0.000270671105221831	-0.0032	0.0099
"P2BP05"	"POAG-CKD"	"CKD"	"4:144680954:T:G"	0.000280482593226661	-0.0043	0.0099
"P2BP05"	"POAG-CKD"	"CKD"	"4:144681663:G:T"	0.000286045122526613	-0.0048	0.0099
"P2BP05"	"POAG-CKD"	"CKD"	"4:144682863:G:A"	0.000282621308189568	-0.0045	0.0099
"P2BP05"	"POAG-CKD"	"CKD"	"4:144683852:G:A"	0.000279455494202496	0.0042	0.0099
"P2BP05"	"POAG-CKD"	"CKD"	"4:144687660:G:A"	0.000266481295897569	-0.0026	0.01
"P2BP05"	"POAG-CKD"	"CKD"	"4:144688454:A:G"	0.000276539897507866	-0.0039	0.0099
"P2BP05"	"POAG-CKD"	"CKD"	"4:144689597:T:C"	0.000275622386840313	-0.0038	0.0099
"P2BP05"	"POAG-CKD"	"CKD"	"4:144689696:A:G"	0.000279455494202496	-0.0042	0.0099
"P2BP05"	"POAG-CKD"	"CKD"	"4:144690626:T:C"	0.000273867399503414	-0.0036	0.0099
"P2BP05"	"POAG-CKD"	"CKD"	"4:144691594:A:G"	0.000277484413913398	-0.004	0.0099
"P2BP05"	"POAG-CKD"	"CKD"	"4:144692401:A:G"	0.000277484413913398	-0.004	0.0099
"P2BP05"	"POAG-CKD"	"CKD"	"4:144698582:G:A"	0.000287856401497977	0.005	0.01
"P2BP05"	"POAG-CKD"	"CKD"	"4:144704080:C:T"	0.000275280761908636	-0.0038	0.01
"P2BP05"	"POAG-CKD"	"CKD"	"4:144706285:C:T"	0.000294320683459914	0.0055	0.01
"P2BP05"	"POAG-CKD"	"CKD"	"4:144709586:T:C"	0.000280482593226661	-0.0043	0.0099
"P2BP05"	"POAG-CKD"	"CKD"	"4:144710026:G:A"	0.000279032417359493	0.0042	0.01
"P2BP05"	"POAG-CKD"	"CKD"	"4:144715570:A:C"	0.000551395725940318	0.0135	0.0101
"P2BP05"	"POAG-CKD"	"CKD"	"4:144720790:T:C"	0.000268347770407185	-0.0029	0.01
"P2BP05"	"POAG-CKD"	"CKD"	"4:144727743:G:T"	0.000270433153807703	-0.0032	0.01
"P2BP05"	"POAG-CKD"	"CKD"	"4:144740199:G:A"	0.000283733508844586	-0.0046	0.0099
"P2BP05"	"POAG-CKD"	"CKD"	"4:144742832:G:A"	0.000284874675654634	-0.0047	0.0099
"P2BP05"	"POAG-CKD"	"CKD"	"4:144744799:G:A"	0.000302501173187975	-0.006	0.0099
"P2BP05"	"POAG-CKD"	"CKD"	"4:144746002:T:C"	0.000281537768512252	-0.0044	0.0099
"P2BP05"	"POAG-CKD"	"CKD"	"4:144782841:T:C"	0.00122495762609887	0.0207	0.0108
"P2BP05"	"POAG-CKD"	"CKD"	"4:144782952:A:G"	0.00124353258772347	0.0208	0.0108
"P2BP05"	"POAG-CKD"	"CKD"	"4:144784844:C:T"	0.000402433156385662	-0.0098	0.0096
"P2BP05"	"POAG-CKD"	"CKD"	"4:144792505:G:A"	0.000269761543060465	0.0032	0.0103
"P2BP05"	"POAG-CKD"	"CKD"	"4:144792959:G:T"	0.00090811021571291	0.0186	0.0108
"P2BP05"	"POAG-CKD"	"CKD"	"4:144793644:C:T"	0.000957696518584128	0.0211	0.012
"P2BP05"	"POAG-CKD"	"CKD"	"4:144825754:T:C"	0.000336865364915062	0.0082	0.0104
"P2BP05"	"POAG-CKD"	"CKD"	"4:144829906:C:T"	0.000267079410546267	0.0027	0.01
"P2BP05"	"POAG-CKD"	"CKD"	"4:144833533:G:A"	0.000274408789206704	-0.0037	0.01
"P2BP05"	"POAG-CKD"	"CKD"	"4:144842638:T:G"	0.000258978200447957	1e-04	0.0109
"P2BP05"	"POAG-CKD"	"CKD"	"4:144842905:C:T"	0.000261000788354893	0.0014	0.0103
"P2BP05"	"POAG-CKD"	"CKD"	"4:144849073:A:G"	0.000344093904886655	-0.01	0.0122
"P2BP05"	"POAG-CKD"	"CKD"	"4:144856222:A:C"	0.000270693106325215	-0.0033	0.0102
"P2BP05"	"POAG-CKD"	"CKD"	"4:144858379:A:C"	0.000754710357582122	0.0194	0.0122
"P2BP05"	"POAG-CKD"	"CKD"	"4:144869008:T:G"	0.000266607041593092	-0.0027	0.0103
"P2BP05"	"POAG-CKD"	"CKD"	"4:144882744:A:G"	0.000283886911007225	0.0048	0.0103
"P2BP05"	"POAG-CKD"	"CKD"	"4:144890294:C:T"	0.000345537690113695	0.009	0.0109
"P2BP05"	"POAG-CKD"	"CKD"	"4:144892048:C:A"	0.00114976734528582	0.0214	0.0114
"P2BP05"	"POAG-CKD"	"CKD"	"4:144894260:T:C"	0.000264869083702379	-0.0024	0.0104
"P2BP05"	"POAG-CKD"	"CKD"	"4:144902326:G:A"	0.000258978548369981	-1e-04	0.0107
"P2BP05"	"POAG-CKD"	"CKD"	"4:144908114:G:A"	0.000259313668427574	6e-04	0.0107
"P2BP05"	"POAG-CKD"	"CKD"	"4:144908872:T:C"	0.000263870076563921	0.0024	0.0114
"P2BP05"	"POAG-CKD"	"CKD"	"4:144910271:G:A"	0.000263870076563921	0.0024	0.0114
"P2BP05"	"POAG-CKD"	"CKD"	"4:144949348:C:T"	0.000967573411927991	0.0203	0.0115
"P2BP05"	"POAG-CKD"	"CKD"	"4:144950193:A:G"	0.000354557677587075	-0.0212	0.0246
"P2BP05"	"POAG-CKD"	"CKD"	"4:144959327:C:T"	0.00028080930612373	-0.0049	0.0112
"P2BP05"	"POAG-CKD"	"CKD"	"4:144993871:A:G"	0.000268235429760511	-0.0032	0.0111
"P2BP05"	"POAG-CKD"	"CKD"	"4:145009802:A:C"	0.000259657183082407	-8e-04	0.0101
"P2BP05"	"POAG-CKD"	"CKD"	"4:145009868:G:A"	0.000259065648128387	-3e-04	0.0101
"P2BP05"	"POAG-CKD"	"CKD"	"4:145020544:T:C"	0.000277103350482588	-0.0044	0.011
"P2BP06"	"AMD-T2D"	"AMD"	"2:43060396:G:A"	0.0199556759707112	0.00433811	0.0247985
"P2BP06"	"AMD-T2D"	"AMD"	"2:43065555:T:C"	0.0203492186472256	-0.0362625	0.0210358
"P2BP06"	"AMD-T2D"	"AMD"	"2:43069976:C:A"	0.020349487944657	-0.0361227	0.0209116
"P2BP06"	"AMD-T2D"	"AMD"	"2:43072469:C:T"	0.0210035428678026	-0.0480027	0.0215002
"P2BP06"	"AMD-T2D"	"AMD"	"2:43074225:T:C"	0.0200101527683785	-0.0112521	0.018908
"P2BP06"	"AMD-T2D"	"AMD"	"2:43076226:C:A"	0.0200207070548617	-0.0143931	0.0203564
"P2BP06"	"AMD-T2D"	"AMD"	"2:43076271:G:A"	0.0199838267506461	-0.0100677	0.0202174
"P2BP06"	"AMD-T2D"	"AMD"	"2:43077509:T:C"	0.0200286840427062	0.0192603	0.0182478
"P2BP06"	"AMD-T2D"	"AMD"	"2:43078670:C:T"	0.0200448443408227	-0.0208905	0.0182668
"P2BP06"	"AMD-T2D"	"AMD"	"2:43081439:A:G"	0.0205547096170003	-0.0402736	0.0209463
"P2BP06"	"AMD-T2D"	"AMD"	"2:43082246:A:G"	0.0294104197668114	-0.0569201	0.0184137
"P2BP06"	"AMD-T2D"	"AMD"	"2:43082792:C:T"	0.0199723402835561	0.0183561	0.0251734
"P2BP06"	"AMD-T2D"	"AMD"	"2:43084026:C:T"	0.0200385469237907	0.0257982	0.0232226
"P2BP06"	"AMD-T2D"	"AMD"	"2:43086423:C:T"	0.026635832959141	-0.0626895	0.0210927
"P2BP06"	"AMD-T2D"	"AMD"	"2:43086466:C:T"	0.026865117324503	-0.0625151	0.0209484
"P2BP06"	"AMD-T2D"	"AMD"	"2:43088304:G:A"	0.0205721253090086	-0.0416321	0.021325
"P2BP06"	"AMD-T2D"	"AMD"	"2:43091100:G:A"	0.0201963566870632	0.0343885	0.0225362
"P2BP06"	"AMD-T2D"	"AMD"	"2:43091550:G:A"	0.023500339382594	-0.0901916	0.0332511
"P2BP06"	"AMD-T2D"	"AMD"	"2:43093767:A:G"	0.0206398619602093	0.040317	0.0200229
"P2BP06"	"AMD-T2D"	"AMD"	"2:43094360:A:G"	0.0240203705159263	-0.0916857	0.0331348
"P2BP06"	"AMD-T2D"	"AMD"	"2:43095786:C:T"	0.258524523304743	-0.0776732	0.0190717
"P2BP06"	"AMD-T2D"	"AMD"	"2:43095871:T:C"	0.0239768970523807	-0.0579632	0.0208093
"P2BP06"	"AMD-T2D"	"AMD"	"2:43095988:C:T"	0.311150024649417	-0.0790683	0.0191659
"P2BP06"	"AMD-T2D"	"AMD"	"2:43096136:T:C"	0.0239652142392522	-0.0579382	0.0208086
"P2BP06"	"AMD-T2D"	"AMD"	"2:43100438:A:C"	0.0246168582043942	-0.051588	0.0181896
"P2BP06"	"AMD-T2D"	"AMD"	"2:43102327:C:T"	0.0242976206436906	-0.0516526	0.0183577
"P2BP06"	"AMD-T2D"	"AMD"	"2:43103614:C:A"	0.0201806139717864	-0.0284996	0.0185467
"P2BP06"	"AMD-T2D"	"AMD"	"2:43105219:A:G"	0.0199851870386056	0.0196408	0.0235832
"P2BP06"	"AMD-T2D"	"AMD"	"2:43106277:A:G"	0.0207160739567089	-0.0433998	0.0212002
"P2BP06"	"AMD-T2D"	"AMD"	"2:43106956:C:T"	0.0199456939676094	0.000228735	0.0188929
"P2BP06"	"AMD-T2D"	"AMD"	"2:43107039:C:T"	0.0201916553817807	-0.0290332	0.0186896
"P2BP06"	"AMD-T2D"	"AMD"	"2:43109042:G:T"	0.0199424571035568	0.00565634	0.0187615
"P2BP06"	"AMD-T2D"	"AMD"	"2:43109583:A:G"	0.0199781322331111	0.0187093	0.0258262
"P2BP06"	"AMD-T2D"	"AMD"	"2:43111944:G:A"	0.0199651784011262	0.0119213	0.0180735
"P2BP06"	"AMD-T2D"	"AMD"	"2:43112888:C:T"	0.0207898395247256	-0.0451728	0.0211648
"P2BP06"	"AMD-T2D"	"AMD"	"2:43113206:C:T"	0.0201545015688639	-0.0309683	0.021307
"P2BP06"	"AMD-T2D"	"AMD"	"2:43116172:A:G"	0.0199525431584459	0.00821624	0.0181702
"P2BP06"	"AMD-T2D"	"AMD"	"2:43116425:C:T"	0.0199600909115433	-0.00324253	0.0188033
"P2BP06"	"AMD-T2D"	"AMD"	"2:43121284:T:G"	0.0200917527464289	-0.028015	0.0216307
"P2BP06"	"AMD-T2D"	"AMD"	"2:43121853:T:C"	0.0201988182247621	-0.0300811	0.0201613
"P2BP06"	"AMD-T2D"	"AMD"	"2:43123189:T:C"	0.0200655852441348	-0.0263296	0.0216127
"P2BP06"	"AMD-T2D"	"AMD"	"2:43127717:T:C"	0.0200675532905774	0.0244962	0.0204108
"P2BP06"	"AMD-T2D"	"AMD"	"2:43127816:C:T"	0.0200246566757737	-0.023505	0.0219858
"P2BP06"	"AMD-T2D"	"AMD"	"2:43132109:T:C"	0.0200854888850881	-0.0314542	0.0240544
"P2BP06"	"AMD-T2D"	"AMD"	"2:43132146:G:A"	0.0200240888031338	0.0206322	0.0197147
"P2BP06"	"AMD-T2D"	"AMD"	"2:43132547:C:T"	0.0200654927409537	0.0238043	0.0198581
"P2BP06"	"AMD-T2D"	"AMD"	"2:43133492:A:G"	0.0202109814604473	-0.0332858	0.0213485
"P2BP06"	"AMD-T2D"	"AMD"	"2:43135792:C:T"	0.0202490687141763	-0.0344678	0.0212971
"P2BP06"	"AMD-T2D"	"AMD"	"2:43135815:A:G"	0.020077569961679	0.0213588	0.0182329
"P2BP06"	"AMD-T2D"	"AMD"	"2:43138933:G:A"	0.0218993267354576	-0.0747494	0.0303468
"P2BP06"	"AMD-T2D"	"AMD"	"2:43139184:C:T"	0.0199471271591954	-0.00213947	0.0187608
"P2BP06"	"AMD-T2D"	"AMD"	"2:43140653:T:C"	0.0199500121141645	-0.00281283	0.0187049
"P2BP06"	"AMD-T2D"	"AMD"	"2:43140961:C:T"	0.0200198987313764	0.0176875	0.0182307
"P2BP06"	"AMD-T2D"	"AMD"	"2:43142947:A:G"	0.020020697126217	0.0176287	0.018162
"P2BP06"	"AMD-T2D"	"AMD"	"2:43142999:G:T"	0.020009428291384	-0.0136087	0.0186227
"P2BP06"	"AMD-T2D"	"AMD"	"2:43143587:T:G"	0.0229470541571979	-0.0482301	0.0181138
"P2BP06"	"AMD-T2D"	"AMD"	"2:43144956:T:C"	0.0199435455654252	-0.0071737	0.0228351
"P2BP06"	"AMD-T2D"	"AMD"	"2:43145133:G:A"	0.0200559016555304	0.0149201	0.0183617
"P2BP06"	"AMD-T2D"	"AMD"	"2:43146705:C:A"	0.0201681928352229	-0.0259495	0.0182621
"P2BP06"	"AMD-T2D"	"AMD"	"2:43146800:T:C"	0.020172180416774	-0.0261091	0.0182632
"P2BP06"	"AMD-T2D"	"AMD"	"2:43146858:A:C"	0.0199747334464558	0.00823877	0.0182888
"P2BP06"	"AMD-T2D"	"AMD"	"2:43149097:A:G"	0.0200013972084069	0.0110277	0.0181644
"P2BP06"	"AMD-T2D"	"AMD"	"2:43149485:A:C"	0.0201916909518903	-0.0318882	0.0209699
"P2BP06"	"AMD-T2D"	"AMD"	"2:43149898:C:A"	0.0284536195607985	-0.0855169	0.0280966
"P2BP06"	"AMD-T2D"	"AMD"	"2:43149973:C:T"	0.0201704912187625	-0.0310473	0.0209586
"P2BP06"	"AMD-T2D"	"AMD"	"2:43151040:C:T"	0.0201459301797288	0.028056	0.0200579
"P2BP06"	"AMD-T2D"	"AMD"	"2:43151102:T:C"	0.0200393868584865	-0.0197881	0.0182194
"P2BP06"	"AMD-T2D"	"AMD"	"2:43151319:G:A"	0.0199864386185408	-0.0156092	0.0193327
"P2BP06"	"AMD-T2D"	"AMD"	"2:43152320:G:A"	0.0200424862274886	0.0127812	0.0189487
"P2BP06"	"AMD-T2D"	"AMD"	"2:43152949:G:T"	0.0358950515021177	-0.0909962	0.0278885
"P2BP06"	"AMD-T2D"	"AMD"	"2:43153243:A:G"	0.020033786987362	-0.0121584	0.0185192
"P2BP06"	"AMD-T2D"	"AMD"	"2:43154210:A:C"	0.0200658625964703	-0.0169814	0.0210165
"P2BP06"	"AMD-T2D"	"AMD"	"2:43155943:A:C"	0.0203302112711511	-0.0309746	0.0204564
"P2BP06"	"AMD-T2D"	"AMD"	"2:43155982:T:G"	0.106869225306514	0.155958	0.0411455
"P2BP06"	"AMD-T2D"	"AMD"	"2:43156905:T:C"	0.0203394162676003	-0.0311624	0.0204341
"P2BP06"	"AMD-T2D"	"AMD"	"2:43157447:T:C"	0.0203973234032325	-0.032737	0.0204595
"P2BP06"	"AMD-T2D"	"AMD"	"2:43159466:C:T"	0.0202647694149309	-0.0251949	0.0190031
"P2BP06"	"AMD-T2D"	"AMD"	"2:43159961:T:G"	0.0203287417464901	-0.0271632	0.0189542
"P2BP06"	"AMD-T2D"	"AMD"	"2:43160027:A:G"	0.0199483959133593	0.00575177	0.0182294
"P2BP06"	"AMD-T2D"	"AMD"	"2:43160844:C:A"	0.0201900113052254	-0.0227616	0.0191574
"P2BP06"	"AMD-T2D"	"AMD"	"2:43161180:A:G"	0.0203129596774803	-0.0296051	0.0199737
"P2BP06"	"AMD-T2D"	"AMD"	"2:43164752:T:C"	0.0201381367987784	-0.0200552	0.0192405
"P2BP06"	"AMD-T2D"	"AMD"	"2:43165147:T:C"	0.0199775662940612	0.0140161	0.0185766
"P2BP06"	"AMD-T2D"	"AMD"	"2:43166503:C:T"	0.0789703207993129	0.137568	0.0374078
"P2BP06"	"AMD-T2D"	"AMD"	"2:43166682:C:T"	0.0425422603001805	0.13984	0.0413708
"P2BP06"	"AMD-T2D"	"AMD"	"2:43167622:C:A"	0.0200790469113047	-0.017305	0.0191294
"P2BP06"	"AMD-T2D"	"AMD"	"2:43167659:C:T"	0.0460468657563143	0.14233	0.0415373
"P2BP06"	"AMD-T2D"	"AMD"	"2:43169272:A:G"	0.0199483042760614	0.00588027	0.0183892
"P2BP06"	"AMD-T2D"	"AMD"	"2:43169426:T:G"	0.0201510329228481	-0.020755	0.0192295
"P2BP06"	"AMD-T2D"	"AMD"	"2:43184504:T:C"	0.0199382851117479	-0.00207844	0.0232865
"P2BP06"	"AMD-T2D"	"AMD"	"2:43184807:A:G"	0.019977641303378	0.00262017	0.0183784
"P2BP06"	"AMD-T2D"	"AMD"	"2:43185532:A:G"	0.0199785471545569	0.00341552	0.0181741
"P2BP06"	"AMD-T2D"	"AMD"	"2:43189207:G:T"	0.0200824244779622	0.0137697	0.0185139
"P2BP06"	"AMD-T2D"	"AMD"	"2:43193347:T:C"	0.020108197762095	0.0154507	0.0185565
"P2BP06"	"AMD-T2D"	"AMD"	"2:43198416:C:T"	0.0199805218418463	0.0149416	0.0305309
"P2BP06"	"AMD-T2D"	"AMD"	"2:43199311:C:T"	0.0199781832688301	0.0117201	0.0202172
"P2BP06"	"AMD-T2D"	"AMD"	"2:43200107:C:A"	0.0203614506447278	0.0277853	0.019379
"P2BP06"	"AMD-T2D"	"AMD"	"2:43200148:T:C"	0.0202787702674466	0.0252792	0.01894
"P2BP06"	"AMD-T2D"	"AMD"	"2:43202587:C:T"	0.0199376950737956	-0.00220785	0.0238544
"P2BP06"	"AMD-T2D"	"AMD"	"2:43203581:G:A"	0.0206259424153422	0.0395656	0.022537
"P2BP06"	"AMD-T2D"	"AMD"	"2:43204819:T:C"	0.0203957374688305	0.0287676	0.0194228
"P2BP06"	"AMD-T2D"	"AMD"	"2:43205112:G:A"	0.0201920143377915	0.0248702	0.0202928
"P2BP06"	"AMD-T2D"	"AMD"	"2:43206843:G:A"	0.0200225023809775	0.0128084	0.0267484
"P2BP06"	"AMD-T2D"	"AMD"	"2:43206922:A:G"	0.0202671313862077	0.0248758	0.0189513
"P2BP06"	"AMD-T2D"	"AMD"	"2:43206981:A:G"	0.0204061327968023	0.0290888	0.0194188
"P2BP06"	"AMD-T2D"	"AMD"	"2:43208328:T:C"	0.0199539751695034	-0.000959374	0.0262363
"P2BP06"	"AMD-T2D"	"AMD"	"2:43211206:A:G"	0.019968068538792	-0.0103044	0.0185467
"P2BP06"	"AMD-T2D"	"AMD"	"2:43213996:G:A"	0.0199660884819692	-0.00994877	0.0185351
"P2BP06"	"AMD-T2D"	"AMD"	"2:43215855:T:C"	0.0200234826881096	-0.0123912	0.0183783
"P2BP06"	"AMD-T2D"	"AMD"	"2:43216535:T:C"	0.0200306719364877	-0.0167361	0.0204401
"P2BP06"	"AMD-T2D"	"AMD"	"2:43223784:A:G"	0.0199877294723998	-0.0142714	0.0187552
"P2BP06"	"AMD-T2D"	"AMD"	"2:43229188:A:G"	0.0199467109631042	-0.000477417	0.0310987
"P2BP06"	"AMD-T2D"	"AMD"	"2:43229909:A:G"	0.0199552893562505	0.00625636	0.0218153
"P2BP06"	"AMD-T2D"	"AMD"	"2:43233488:T:C"	0.0199752800597026	0.00573883	0.0265335
"P2BP06"	"AMD-T2D"	"AMD"	"2:43235451:C:T"	0.0200306602155472	0.0150342	0.0188363
"P2BP06"	"AMD-T2D"	"AMD"	"2:43239425:C:T"	0.0199510402697697	-0.00809202	0.0221946
"P2BP06"	"AMD-T2D"	"AMD"	"2:43244845:G:A"	0.0205958975666428	0.0328456	0.0187735
"P2BP06"	"AMD-T2D"	"AMD"	"2:43246767:T:G"	0.0207530550844208	0.0473608	0.0241869
"P2BP06"	"AMD-T2D"	"AMD"	"2:43247073:T:C"	0.0206917038206959	0.045374	0.0236847
"P2BP06"	"AMD-T2D"	"AMD"	"2:43247215:T:C"	0.0199471666938497	-0.0108207	0.0264672
"P2BP06"	"AMD-T2D"	"AMD"	"2:43247227:C:T"	0.0200790612330127	-0.0178488	0.0181627
"P2BP06"	"AMD-T2D"	"AMD"	"2:43247753:A:G"	0.0200688438968627	-0.0161227	0.0190985
"P2BP06"	"AMD-T2D"	"AMD"	"2:43249254:T:C"	0.0210966893094816	-0.0401397	0.0187677
"P2BP06"	"AMD-T2D"	"AMD"	"2:43252152:T:C"	0.0200258804783748	0.0152782	0.021548
"P2BP06"	"AMD-T2D"	"AMD"	"2:43252691:C:T"	0.0208199702563954	0.0400334	0.0200103
"P2BP06"	"AMD-T2D"	"AMD"	"2:43252849:A:C"	0.021139442970655	0.0405272	0.0187554
"P2BP06"	"AMD-T2D"	"AMD"	"2:43253559:A:G"	0.0219155299031036	0.0517304	0.0216074
"P2BP06"	"AMD-T2D"	"AMD"	"2:43253827:C:T"	0.0205072462242619	0.0327924	0.0187735
"P2BP06"	"AMD-T2D"	"AMD"	"2:43254399:G:T"	0.0207539925449692	0.0383132	0.0195456
"P2BP06"	"AMD-T2D"	"AMD"	"2:43259164:C:T"	0.0222614808033585	0.047725	0.0192359
"P2BP06"	"AMD-T2D"	"AMD"	"2:43263805:T:G"	0.0215844803662631	0.0494214	0.0216361
"P2BP06"	"AMD-T2D"	"AMD"	"2:43267121:G:A"	0.0206524737234564	0.0369333	0.0200258
"P2BP06"	"AMD-T2D"	"AMD"	"2:43270895:C:A"	0.0201712726550147	0.0227063	0.0192051
"P2BP06"	"AMD-T2D"	"AMD"	"2:43273312:C:T"	0.0206270742100695	0.0359156	0.0197934
"P2BP06"	"AMD-T2D"	"AMD"	"2:43274679:G:A"	0.0207983487628138	0.037465	0.0191029
"P2BP06"	"AMD-T2D"	"AMD"	"2:43274900:A:G"	0.0211515888547182	0.046007	0.0214228
"P2BP06"	"AMD-T2D"	"AMD"	"2:43275090:A:G"	0.0212016829487989	0.0467566	0.0215612
"P2BP06"	"AMD-T2D"	"AMD"	"2:43278048:G:A"	0.0207197796800274	0.0373775	0.019769
"P2BP06"	"AMD-T2D"	"AMD"	"2:43278660:T:C"	0.0199646683147506	0.0136043	0.0242045
"P2BP06"	"AMD-T2D"	"AMD"	"2:43279815:G:A"	0.0199370048802759	0.00213992	0.0321423
"P2BP06"	"AMD-T2D"	"AMD"	"2:43280051:A:G"	0.0199371043657323	0.00305674	0.0321216
"P2BP06"	"AMD-T2D"	"AMD"	"2:43280324:G:T"	0.0210864433711609	0.0449205	0.0212
"P2BP06"	"AMD-T2D"	"AMD"	"2:43281032:T:C"	0.021150353326328	0.0455988	0.021224
"P2BP06"	"AMD-T2D"	"AMD"	"2:43281211:G:A"	0.0207932670449049	0.0408018	0.0208667
"P2BP06"	"AMD-T2D"	"AMD"	"2:43281812:G:A"	0.0199370941730912	0.00301325	0.032167
"P2BP06"	"AMD-T2D"	"AMD"	"2:43282036:G:T"	0.0212015409185337	0.0460571	0.0212166
"P2BP06"	"AMD-T2D"	"AMD"	"2:43282579:G:A"	0.0210186886354204	0.0442416	0.0212102
"P2BP06"	"AMD-T2D"	"AMD"	"2:43283474:T:G"	0.0212270473115708	0.046512	0.0213168
"P2BP06"	"AMD-T2D"	"AMD"	"2:43284517:C:T"	0.0205442546626565	0.0312237	0.0181545
"P2BP06"	"AMD-T2D"	"AMD"	"2:43286610:G:T"	0.0199613193788882	0.0125156	0.0246401
"P2BP06"	"AMD-T2D"	"AMD"	"2:43288810:A:G"	0.0199494888128122	0.00946754	0.0238692
"P2BP06"	"AMD-T2D"	"AMD"	"2:43292832:G:A"	0.020262323373119	0.0243705	0.0186763
"P2BP06"	"AMD-T2D"	"AMD"	"2:43299383:G:A"	0.0199537694440887	0.00885207	0.0305688
"P2BP06"	"AMD-T2D"	"AMD"	"2:43299982:C:T"	0.0199800371367619	0.0091177	0.0189356
"P2BP06"	"AMD-T2D"	"AMD"	"2:43300533:T:C"	0.0199652528463865	0.00715583	0.0189018
"P2BP06"	"AMD-T2D"	"AMD"	"2:43302571:G:A"	0.0200008468949209	-0.0137759	0.0201855
"P2BP06"	"AMD-T2D"	"AMD"	"2:43305391:C:T"	0.0200195322022768	0.0140037	0.0193849
"P2BP06"	"AMD-T2D"	"AMD"	"2:43305870:A:G"	0.019966055734471	0.00882282	0.0187139
"P2BP06"	"AMD-T2D"	"AMD"	"2:43305926:G:A"	0.0199391828567226	0.000301187	0.0185429
"P2BP06"	"AMD-T2D"	"AMD"	"2:43312809:G:T"	0.026976817122127	0.0625272	0.0211881
"P2BP06"	"AMD-T2D"	"AMD"	"2:43314175:T:C"	0.019963273083924	0.00961149	0.0291234
"P2BP06"	"AMD-T2D"	"AMD"	"2:43314412:A:G"	0.0199427600303113	-0.00536571	0.0270064
"P2BP06"	"AMD-T2D"	"AMD"	"2:43314843:C:T"	0.0199519110653652	-0.00834081	0.026132
"P2BP06"	"AMD-T2D"	"AMD"	"2:43317253:A:G"	0.0199705848732243	0.0107303	0.0253149
"P2BP06"	"AMD-T2D"	"AMD"	"2:43319719:A:G"	0.0199573574947595	0.006549	0.0205044
"P2BP06"	"AMD-T2D"	"AMD"	"2:43319978:G:A"	0.0199540218200626	0.00591255	0.0205877
"P2BP06"	"AMD-T2D"	"AMD"	"2:43321225:A:G"	0.0200009405309785	0.0107371	0.0188679
"P2BP06"	"AMD-T2D"	"AMD"	"2:43321742:G:A"	0.0199487695049549	-0.014681	0.0394651
"P2BP06"	"AMD-T2D"	"AMD"	"2:43323393:C:T"	0.0199529883369844	0.0068128	0.0200757
"P2BP06"	"AMD-T2D"	"AMD"	"2:43325570:A:G"	0.0200214716320479	0.0121014	0.0180959
"P2BP06"	"AMD-T2D"	"AMD"	"2:43330109:C:A"	0.0200425801840419	0.0173699	0.0203608
"P2BP06"	"AMD-T2D"	"AMD"	"2:43330140:C:T"	0.0201549642681406	0.0245793	0.0208699
"P2BP06"	"AMD-T2D"	"AMD"	"2:43333993:C:T"	0.02013863999942	0.0254468	0.0220438
"P2BP06"	"AMD-T2D"	"AMD"	"2:43336638:T:C"	0.0203996222683843	0.0426337	0.026353
"P2BP06"	"AMD-T2D"	"AMD"	"2:43343806:G:A"	0.0200927704959131	0.0200214	0.0206393
"P2BP06"	"AMD-T2D"	"AMD"	"2:43346014:G:A"	0.0201314408864478	0.0240757	0.021952
"P2BP06"	"AMD-T2D"	"AMD"	"2:43346789:A:G"	0.0201579623920543	0.0254504	0.0219295
"P2BP06"	"AMD-T2D"	"AMD"	"2:43349916:C:T"	0.0201667282356822	0.0300244	0.0252545
"P2BP06"	"AMD-T2D"	"AMD"	"2:43351453:C:T"	0.020116922121255	0.0269237	0.0251886
"P2BP06"	"AMD-T2D"	"AMD"	"2:43353389:G:A"	0.020649349853975	0.0338689	0.0186382
"P2BP06"	"AMD-T2D"	"AMD"	"2:43355763:G:A"	0.0200604790712103	0.0177113	0.020488
"P2BP06"	"AMD-T2D"	"AMD"	"2:43355955:T:C"	0.0201857189156839	0.0263866	0.0215073
"P2BP06"	"AMD-T2D"	"AMD"	"2:43356490:T:G"	0.0200534911721347	0.0174192	0.0208267
"P2BP06"	"AMD-T2D"	"AMD"	"2:43357022:A:C"	0.0201999358004957	0.0241957	0.0192185
"P2BP06"	"AMD-T2D"	"AMD"	"2:43359061:C:A"	0.0201583027204503	0.0232627	0.0202646
"P2BP06"	"AMD-T2D"	"AMD"	"2:43359127:T:C"	0.0202327827883866	0.0269126	0.0206666
"P2BP06"	"AMD-T2D"	"AMD"	"2:43360947:A:G"	0.0200966246134565	0.0211302	0.021164
"P2BP06"	"AMD-T2D"	"AMD"	"2:43361256:T:C"	0.0200313633566039	0.0164522	0.0208651
"P2BP06"	"AMD-T2D"	"AMD"	"2:43361450:A:G"	0.0202090428891649	0.054856	0.042484
"P2BP06"	"AMD-T2D"	"AMD"	"2:43363752:T:C"	0.0205825787560064	-0.0349344	0.0196686
"P2BP06"	"AMD-T2D"	"AMD"	"2:43367450:G:A"	0.0199369173407875	-0.00162399	0.0326896
"P2BP06"	"AMD-T2D"	"AMD"	"2:43367800:T:C"	0.0199376817151047	-0.00285714	0.0326615
"P2BP06"	"AMD-T2D"	"AMD"	"2:43371542:T:C"	0.0199691612675376	-0.00912044	0.0206256
"P2BP06"	"AMD-T2D"	"AMD"	"2:43372634:G:A"	0.0199666584385273	-0.00852695	0.0194703
"P2BP06"	"AMD-T2D"	"AMD"	"2:43372651:C:A"	0.0199388346887387	-0.00412368	0.0326617
"P2BP06"	"AMD-T2D"	"AMD"	"2:43373119:A:G"	0.019980904256977	-0.0104215	0.0194071
"P2BP06"	"AMD-T2D"	"AMD"	"2:43377649:C:A"	0.0204510391392978	0.031098	0.0191297
"P2BP06"	"AMD-T2D"	"AMD"	"2:43381472:A:G"	0.019940079730749	-0.00295133	0.0196536
"P2BP06"	"AMD-T2D"	"AMD"	"2:43382351:G:A"	0.0199462621562208	-0.00489111	0.0196317
"P2BP06"	"AMD-T2D"	"AMD"	"2:43384237:A:G"	0.0200143368225099	-0.0140337	0.0213639
"P2BP06"	"AMD-T2D"	"AMD"	"2:43386134:C:A"	0.0199959784691169	0.0109225	0.0186523
"P2BP06"	"AMD-T2D"	"AMD"	"2:43391756:T:C"	0.0199460767237408	0.00380453	0.0191279
"P2BP06"	"AMD-T2D"	"AMD"	"2:43397176:G:A"	0.0200048679125733	-0.0125624	0.0188761
"P2BP06"	"AMD-T2D"	"AMD"	"2:43402297:C:T"	0.0199368129563342	-0.00123644	0.0187729
"P2BP06"	"AMD-T2D"	"AMD"	"2:43411820:C:T"	0.0200346706971759	-0.0164602	0.0207973
"P2BP06"	"AMD-T2D"	"AMD"	"2:43412033:G:A"	0.0201038762523864	-0.0213276	0.0208806
"P2BP06"	"AMD-T2D"	"AMD"	"2:43413114:T:C"	0.0201272968281083	-0.0226252	0.0208985
"P2BP06"	"AMD-T2D"	"AMD"	"2:43417083:A:G"	0.0206592689610523	-0.0390753	0.0211587
"P2BP06"	"AMD-T2D"	"AMD"	"2:43418616:C:T"	0.0199707098614972	-0.0241617	0.0440481
"P2BP06"	"AMD-T2D"	"AMD"	"2:43419493:T:C"	0.0200560962135197	-0.0167237	0.0188768
"P2BP06"	"AMD-T2D"	"AMD"	"2:43419886:A:G"	0.0205700705734406	-0.035432	0.0199608
"P2BP06"	"AMD-T2D"	"AMD"	"2:43421461:T:C"	0.020147550271595	-0.0212864	0.0187012
"P2BP06"	"AMD-T2D"	"AMD"	"2:43422557:G:A"	0.0201010635067806	-0.0190619	0.0186848
"P2BP06"	"AMD-T2D"	"AMD"	"2:43423915:A:G"	0.0200652717096327	0.0199111	0.0218711
"P2BP06"	"AMD-T2D"	"AMD"	"2:43424046:T:G"	0.0200895431421387	0.022149	0.0224559
"P2BP06"	"AMD-T2D"	"AMD"	"2:43424704:A:G"	0.0201213411052023	0.0240504	0.0224266
"P2BP06"	"AMD-T2D"	"AMD"	"2:43428651:T:C"	0.0202583311372555	-0.0246953	0.0181264
"P2BP06"	"AMD-T2D"	"AMD"	"2:43429058:G:T"	0.0199759178852367	-0.00939217	0.0187969
"P2BP06"	"AMD-T2D"	"AMD"	"2:43429806:G:A"	0.0199664477651987	-0.00808348	0.0188209
"P2BP06"	"AMD-T2D"	"AMD"	"2:43436754:G:A"	0.0200439253566695	-0.0149141	0.0182051
"P2BP06"	"AMD-T2D"	"AMD"	"2:43446544:C:A"	0.0200820790810237	0.0260841	0.0272725
"P2BP06"	"AMD-T2D"	"AMD"	"2:43446616:G:A"	0.0199401344506548	-0.00246915	0.0193688
"P2BP06"	"AMD-T2D"	"AMD"	"2:43448658:A:G"	0.020129232477928	0.0219554	0.0199143
"P2BP06"	"AMD-T2D"	"AMD"	"2:43452334:G:A"	0.0203203372184606	0.0528234	0.0353974
"P2BP06"	"AMD-T2D"	"AMD"	"2:43460514:C:A"	0.027063434851432	0.0699072	0.0235022
"P2BP06"	"AMD-T2D"	"AMD"	"2:43462822:T:C"	0.0265629389541534	0.0691878	0.0234843
"P2BP06"	"AMD-T2D"	"AMD"	"2:43470408:C:T"	0.026217152938958	0.0688553	0.0235394
"P2BP06"	"AMD-T2D"	"AMD"	"2:43480317:G:A"	0.0199374241893309	-0.00308183	0.0267123
"P2BP06"	"AMD-T2D"	"AMD"	"2:43483044:G:A"	0.0230341074234491	0.059444	0.0226272
"P2BP06"	"AMD-T2D"	"AMD"	"2:43484556:A:G"	0.0208407944149597	0.0378897	0.0190349
"P2BP06"	"AMD-T2D"	"AMD"	"2:43489313:T:C"	0.0230488601477997	0.0593319	0.0225671
"P2BP06"	"AMD-T2D"	"AMD"	"2:43496986:C:T"	0.0199578129838507	0.00663249	0.0195105
"P2BP06"	"AMD-T2D"	"AMD"	"2:43502477:G:A"	0.01993721223437	0.000435946	0.0180734
"P2BP06"	"AMD-T2D"	"AMD"	"2:43506259:G:A"	0.0199370550203134	-0.000442164	0.0225397
"P2BP06"	"AMD-T2D"	"AMD"	"2:43509617:A:G"	0.0199383616998697	-0.00242781	0.0188172
"P2BP06"	"AMD-T2D"	"AMD"	"2:43514036:G:A"	0.0205724912687498	0.0336884	0.0189105
"P2BP06"	"AMD-T2D"	"AMD"	"2:43521167:G:A"	0.0218361233380051	0.0585989	0.0244502
"P2BP06"	"AMD-T2D"	"AMD"	"2:43528377:A:G"	0.0221478313295433	0.0602256	0.0243763
"P2BP06"	"AMD-T2D"	"AMD"	"2:43532302:C:T"	0.0199384922109891	-0.00357007	0.0228894
"P2BP06"	"AMD-T2D"	"AMD"	"2:43538009:T:G"	0.0200351574195962	0.0260136	0.0303608
"P2BP06"	"AMD-T2D"	"AMD"	"2:43540125:T:G"	0.0200199912063328	0.0167327	0.0213693
"P2BP06"	"AMD-T2D"	"AMD"	"2:43548128:G:A"	0.0200044830724689	0.0141756	0.0223576
"P2BP06"	"AMD-T2D"	"AMD"	"2:43551416:C:A"	0.0229473565356234	0.0585381	0.0223912
"P2BP06"	"AMD-T2D"	"AMD"	"2:43553949:T:C"	0.0210636326389124	0.0473608	0.0223591
"P2BP06"	"AMD-T2D"	"AMD"	"2:43554972:C:A"	0.0226129101283015	0.0574902	0.0224482
"P2BP06"	"AMD-T2D"	"AMD"	"2:43555506:T:C"	0.0210216377384443	0.0472721	0.0225378
"P2BP06"	"AMD-T2D"	"AMD"	"2:43555805:G:T"	0.0225220900836153	0.0571645	0.0224614
"P2BP06"	"AMD-T2D"	"AMD"	"2:43558743:C:T"	0.021137819822128	0.0467823	0.0216266
"P2BP06"	"AMD-T2D"	"AMD"	"2:43561161:C:A"	0.0200762692001258	0.0180326	0.018351
"P2BP06"	"AMD-T2D"	"AMD"	"2:43561419:C:T"	0.0199492653688288	-0.00571506	0.021312
"P2BP06"	"AMD-T2D"	"AMD"	"2:43566941:C:T"	0.0227076323946678	0.0578341	0.0224437
"P2BP06"	"AMD-T2D"	"AMD"	"2:43572047:A:G"	0.0225451207085929	0.0571359	0.0224135
"P2BP06"	"AMD-T2D"	"AMD"	"2:43574242:G:T"	0.0222717703382412	0.0561569	0.0224869
"P2BP06"	"AMD-T2D"	"AMD"	"2:43576343:T:C"	0.0200969153584196	0.0322918	0.0305196
"P2BP06"	"AMD-T2D"	"AMD"	"2:43576997:G:A"	0.0233996524174074	0.049111	0.0183284
"P2BP06"	"AMD-T2D"	"AMD"	"2:43577615:G:A"	0.019976506922939	0.0120984	0.0216379
"P2BP06"	"AMD-T2D"	"AMD"	"2:43587451:G:T"	0.0202668486726837	0.0263867	0.0182106
"P2BP06"	"AMD-T2D"	"AMD"	"2:43587504:C:T"	0.020374607052292	0.0289957	0.0180181
"P2BP06"	"AMD-T2D"	"AMD"	"2:43590329:C:T"	0.0204070052340943	0.0344691	0.0210406
"P2BP06"	"AMD-T2D"	"AMD"	"2:43590899:G:A"	0.0216433355338234	0.0534606	0.0227623
"P2BP06"	"AMD-T2D"	"AMD"	"2:43592756:T:C"	0.0217802547752585	0.0533754	0.0223614
"P2BP06"	"AMD-T2D"	"AMD"	"2:43594771:G:A"	0.020079055770775	0.0308147	0.0306409
"P2BP06"	"AMD-T2D"	"AMD"	"2:43595460:T:C"	0.0202085182593152	-0.0385711	0.0291635
"P2BP06"	"AMD-T2D"	"AMD"	"2:43616008:T:G"	0.0206717759621186	0.0346062	0.0181343
"P2BP06"	"AMD-T2D"	"AMD"	"2:43617726:T:G"	0.0199367316278041	0.00114888	0.0208823
"P2BP06"	"AMD-T2D"	"AMD"	"2:43621162:C:T"	0.0199602513927981	0.00936906	0.0209923
"P2BP06"	"AMD-T2D"	"AMD"	"2:43625078:T:C"	0.0201847696677908	0.024808	0.0187351
"P2BP06"	"AMD-T2D"	"AMD"	"2:43630493:T:C"	0.02005407814147	0.0198758	0.0217115
"P2BP06"	"AMD-T2D"	"AMD"	"2:43630657:C:T"	0.0209079457488212	0.0393706	0.0191681
"P2BP06"	"AMD-T2D"	"AMD"	"2:43632200:G:A"	0.0206135054810234	0.0354273	0.0190903
"P2BP06"	"AMD-T2D"	"AMD"	"2:43632476:C:A"	0.0205988594508112	0.0352296	0.0191053
"P2BP06"	"AMD-T2D"	"AMD"	"2:43632950:C:T"	0.0204620959479062	0.0325124	0.0189502
"P2BP06"	"AMD-T2D"	"AMD"	"2:43633846:T:C"	0.0199557367987165	0.00846835	0.0202514
"P2BP06"	"AMD-T2D"	"AMD"	"2:43634135:C:A"	0.0199531550840525	0.00791576	0.0201733
"P2BP06"	"AMD-T2D"	"AMD"	"2:43634922:T:C"	0.0205525613069278	0.0324956	0.0180914
"P2BP06"	"AMD-T2D"	"AMD"	"2:43638185:C:T"	0.0199685436651371	0.0103824	0.0193411
"P2BP06"	"AMD-T2D"	"AMD"	"2:43638712:G:T"	0.0199781924645484	0.0110697	0.018202
"P2BP06"	"AMD-T2D"	"AMD"	"2:43638838:A:C"	0.0199640073898339	0.0112526	0.028405
"P2BP06"	"AMD-T2D"	"AMD"	"2:43638855:C:T"	0.0199668782550693	0.0101361	0.0193625
"P2BP06"	"AMD-T2D"	"AMD"	"2:43641627:A:G"	0.0199823660648591	-0.0120899	0.0192816
"P2BP06"	"AMD-T2D"	"AMD"	"2:43646139:A:G"	0.0203657852981257	0.0303084	0.0188044
"P2BP06"	"AMD-T2D"	"AMD"	"2:43648176:A:G"	0.0199367008539838	-0.000861695	0.0185074
"P2BP06"	"AMD-T2D"	"AMD"	"2:43652117:T:C"	0.0209660107700212	0.0389886	0.0186774
"P2BP06"	"AMD-T2D"	"AMD"	"2:43656924:T:C"	0.0201309560924513	0.0215387	0.0182355
"P2BP06"	"AMD-T2D"	"AMD"	"2:43671904:T:C"	0.0199613672577686	0.00982087	0.0200087
"P2BP06"	"AMD-T2D"	"AMD"	"2:43686207:C:T"	0.0199396729881622	0.00375384	0.0214259
"P2BP06"	"AMD-T2D"	"AMD"	"2:43688496:C:T"	0.0207405470338633	0.035537	0.0183309
"P2BP06"	"AMD-T2D"	"AMD"	"2:43695148:C:T"	0.0199374278856802	0.00243532	0.0207839
"P2BP06"	"AMD-T2D"	"AMD"	"2:43695553:G:A"	0.0199414080513465	0.00476017	0.0208257
"P2BP06"	"AMD-T2D"	"AMD"	"2:43696553:C:A"	0.0199683517365434	-0.00908796	0.0210346
"P2BP06"	"AMD-T2D"	"AMD"	"2:43718593:T:C"	0.0200417525697437	0.017778	0.0203313
"P2BP06"	"AMD-T2D"	"AMD"	"2:43721508:C:T"	0.0209400002955623	0.0379019	0.0183606
"P2BP06"	"AMD-T2D"	"AMD"	"2:43732958:C:T"	0.0199382224901541	0.00294655	0.0207522
"P2BP06"	"AMD-T2D"	"AMD"	"2:43737063:C:T"	0.0200038979589746	0.0143577	0.022494
"P2BP06"	"AMD-T2D"	"AMD"	"2:43752382:T:C"	0.0208823015253857	0.0378448	0.0185316
"P2BP06"	"AMD-T2D"	"AMD"	"2:43766110:T:C"	0.0208539778541983	0.0375487	0.0185385
"P2BP06"	"AMD-T2D"	"AMD"	"2:43767039:G:A"	0.0207285482144988	0.0355042	0.0183855
"P2BP06"	"AMD-T2D"	"AMD"	"2:43769396:C:T"	0.020538741572151	0.0325313	0.0183338
"P2BP06"	"AMD-T2D"	"AMD"	"2:43776853:T:C"	0.0200725684857308	0.0205589	0.0225924
"P2BP06"	"AMD-T2D"	"AMD"	"2:43779665:T:C"	0.0209581798034568	0.0398256	0.0192858
"P2BP06"	"AMD-T2D"	"AMD"	"2:43781826:G:A"	0.0209047696066318	0.0397313	0.0195455
"P2BP06"	"AMD-T2D"	"AMD"	"2:43782868:C:T"	0.0208378670512924	0.0388836	0.0195213
"P2BP06"	"AMD-T2D"	"AMD"	"2:43783141:A:G"	0.0214945486754071	0.0437618	0.0190892
"P2BP06"	"AMD-T2D"	"AMD"	"2:43783273:G:A"	0.0211792675237396	0.042139	0.0194121
"P2BP06"	"AMD-T2D"	"AMD"	"2:43787576:G:A"	0.020856867154005	0.0391252	0.0195192
"P2BP06"	"AMD-T2D"	"AMD"	"2:43791363:C:T"	0.0206651878380453	0.0344781	0.0183102
"P2BP06"	"AMD-T2D"	"AMD"	"2:43793725:G:A"	0.0209568914791869	0.0404373	0.0196044
"P2BP06"	"AMD-T2D"	"AMD"	"2:43797619:C:T"	0.0201318617578092	0.0245216	0.0226783
"P2BP06"	"AMD-T2D"	"AMD"	"2:43797710:G:A"	0.0211479392414065	0.0422936	0.0196119
"P2BP06"	"AMD-T2D"	"AMD"	"2:43798053:C:T"	0.0210719573790341	0.0415413	0.0195862
"P2BP06"	"AMD-T2D"	"AMD"	"2:43798792:G:A"	0.0210488157237245	0.0413626	0.0196038
"P2BP06"	"AMD-T2D"	"AMD"	"2:43799070:C:T"	0.0199622716763241	0.00909661	0.0193422
"P2BP06"	"AMD-T2D"	"AMD"	"2:43800174:A:G"	0.0212262121901857	0.042296	0.0192958
"P2BP06"	"AMD-T2D"	"AMD"	"2:43801712:A:G"	0.0211352791156523	0.0415376	0.0192975
"P2BP06"	"AMD-T2D"	"AMD"	"2:43803428:T:C"	0.0209767048349496	0.0400205	0.0192852
"P2BP06"	"AMD-T2D"	"AMD"	"2:43804229:T:C"	0.020793944867	0.0379044	0.0192757
"P2BP06"	"AMD-T2D"	"AMD"	"2:43806382:C:T"	0.0206882936242517	0.0348483	0.0183312
"P2BP06"	"AMD-T2D"	"AMD"	"2:43806918:C:T"	0.0204741775625881	0.0462875	0.026713
"P2BP06"	"AMD-T2D"	"AMD"	"2:43807090:T:C"	0.0205230491021657	0.0476042	0.0267287
"P2BP06"	"AMD-T2D"	"AMD"	"2:43808065:C:T"	0.0199664867419606	0.00970346	0.0192788
"P2BP06"	"AMD-T2D"	"AMD"	"2:43809248:T:G"	0.0205076198643974	0.047139	0.0266914
"P2BP06"	"AMD-T2D"	"AMD"	"2:43812317:G:A"	0.0204877503417362	0.0467203	0.0267494
"P2BP06"	"AMD-T2D"	"AMD"	"2:43817505:G:A"	0.0199858528258563	-0.0120942	0.0215704
"P2BP06"	"AMD-T2D"	"AMD"	"2:43819139:A:G"	0.0205852088633732	0.0491615	0.0267575
"P2BP06"	"AMD-T2D"	"AMD"	"2:43829540:T:C"	0.0211342224710464	0.0400495	0.0185207
"P2BP06"	"AMD-T2D"	"AMD"	"2:43831150:G:A"	0.020590030836232	0.049334	0.0267945
"P2BP06"	"AMD-T2D"	"AMD"	"2:43832116:G:A"	0.0202417380547147	0.0313038	0.0236698
"P2BP06"	"AMD-T2D"	"AMD"	"2:43833258:C:T"	0.0205290543483128	0.0478928	0.026799
"P2BP06"	"AMD-T2D"	"AMD"	"2:43834163:A:G"	0.0204160269381997	0.0445818	0.026702
"P2BP06"	"AMD-T2D"	"AMD"	"2:43834352:T:C"	0.0204172169582483	0.0446222	0.0267044
"P2BP06"	"AMD-T2D"	"AMD"	"2:43836687:C:T"	0.0209829669034861	0.0385985	0.0184788
"P2BP06"	"AMD-T2D"	"AMD"	"2:43837016:G:A"	0.0199389686031003	-0.00231674	0.0218669
"P2BP06"	"AMD-T2D"	"AMD"	"2:43841269:C:T"	0.0203969968215573	0.0440251	0.0267145
"P2BP06"	"AMD-T2D"	"AMD"	"2:43844833:G:A"	0.0202625023382361	0.0393738	0.0269382
"P2BP06"	"AMD-T2D"	"AMD"	"2:43846553:G:T"	0.0203035042234158	0.041072	0.0269372
"P2BP06"	"AMD-T2D"	"AMD"	"2:43848664:T:C"	0.0204917264123781	0.0457414	0.026096
"P2BP06"	"AMD-T2D"	"AMD"	"2:43850590:T:C"	0.0205051328749175	0.0383026	0.0217065
"P2BP06"	"AMD-T2D"	"AMD"	"2:43853181:C:T"	0.0199720138156658	0.0121085	0.0243216
"P2BP06"	"AMD-T2D"	"AMD"	"2:43855643:G:A"	0.0199444816896702	0.00478272	0.01955
"P2BP06"	"AMD-T2D"	"AMD"	"2:43856927:A:G"	0.0201005707709322	0.01981	0.0183985
"P2BP06"	"AMD-T2D"	"AMD"	"2:43858579:T:C"	0.0202994467022158	0.0275377	0.0185596
"P2BP06"	"AMD-T2D"	"AMD"	"2:43859090:A:C"	0.0200936130978647	0.0196895	0.018548
"P2BP06"	"AMD-T2D"	"AMD"	"2:43860878:A:G"	0.0206970443287297	0.035619	0.0186664
"P2BP06"	"AMD-T2D"	"AMD"	"2:43861551:T:C"	0.0210322186683988	0.0399937	0.0189228
"P2BP06"	"AMD-T2D"	"AMD"	"2:43862888:T:C"	0.0211902082320146	0.041296	0.018888
"P2BP06"	"AMD-T2D"	"AMD"	"2:43863866:G:A"	0.0209564956629659	0.0391355	0.0188577
"P2BP06"	"AMD-T2D"	"AMD"	"2:43870490:A:C"	0.0223852857224319	0.0476321	0.018886
"P2BP06"	"AMD-T2D"	"AMD"	"2:43871983:T:C"	0.0228728848449689	0.0494807	0.0189864
"P2BP06"	"AMD-T2D"	"AMD"	"2:43872032:A:G"	0.0201950304027484	0.0246035	0.0194656
"P2BP06"	"AMD-T2D"	"AMD"	"2:43872746:G:T"	0.0208771484032123	0.0378613	0.0186867
"P2BP06"	"AMD-T2D"	"AMD"	"2:43873144:A:C"	0.0229740359259439	0.0497961	0.0189952
"P2BP06"	"AMD-T2D"	"AMD"	"2:43873505:C:A"	0.0200704590379547	0.0188239	0.0197641
"P2BP06"	"AMD-T2D"	"AMD"	"2:43873878:T:C"	0.0206182417623764	0.0343414	0.0186126
"P2BP06"	"AMD-T2D"	"AMD"	"2:43875289:G:A"	0.0203342450437248	0.0283449	0.0184056
"P2BP06"	"AMD-T2D"	"AMD"	"2:43879002:G:A"	0.019948598655014	0.00695444	0.0233987
"P2BP06"	"AMD-T2D"	"AMD"	"2:43881161:G:A"	0.0202456794400606	0.0259069	0.0184303
"P2BP06"	"AMD-T2D"	"AMD"	"2:43882922:C:A"	0.0203576037930531	0.0291268	0.0185516
"P2BP06"	"AMD-T2D"	"AMD"	"2:43883711:A:G"	0.0199381640542999	0.0025511	0.0236215
"P2BP06"	"AMD-T2D"	"AMD"	"2:43884760:A:G"	0.0204676292300228	0.0310556	0.0182002
"P2BP06"	"AMD-T2D"	"AMD"	"2:43884938:G:A"	0.0201995202187407	0.0243507	0.0184259
"P2BP06"	"AMD-T2D"	"AMD"	"2:43885057:T:C"	0.0212062091951852	0.0415814	0.0189593
"P2BP06"	"AMD-T2D"	"AMD"	"2:43899918:C:A"	0.0200449948285979	0.0166661	0.0181918
"P2BP06"	"AMD-T2D"	"AMD"	"2:43900998:T:C"	0.0200893953373987	0.0214327	0.020065
"P2BP06"	"AMD-T2D"	"AMD"	"2:43903066:A:G"	0.0201213789413648	0.0232153	0.0201599
"P2BP06"	"AMD-T2D"	"AMD"	"2:43912545:T:C"	0.0199742472730269	0.0100931	0.0183941
"P2BP06"	"AMD-T2D"	"AMD"	"2:43913220:T:C"	0.0200167404134793	0.0227516	0.0299238
"P2BP06"	"AMD-T2D"	"AMD"	"2:43922928:C:A"	0.0200001508761329	0.014453	0.0217886
"P2BP06"	"AMD-T2D"	"AMD"	"2:43926465:G:T"	0.020260989450541	0.0256576	0.0182755
"P2BP06"	"AMD-T2D"	"AMD"	"2:43928768:A:G"	0.020050316923388	0.0190335	0.0218063
"P2BP06"	"AMD-T2D"	"AMD"	"2:43929983:G:A"	0.0202830497390045	0.0262053	0.0181914
"P2BP06"	"AMD-T2D"	"AMD"	"2:43930075:C:T"	0.0199580473402347	0.0100789	0.0255498
"P2BP06"	"AMD-T2D"	"AMD"	"2:43930709:A:G"	0.0199944564956239	0.0131429	0.0196568
"P2BP06"	"AMD-T2D"	"AMD"	"2:43931176:T:C"	0.0201940545389349	0.0234233	0.0182788
"P2BP06"	"AMD-T2D"	"AMD"	"2:43931321:G:A"	0.0201943207614221	0.0234231	0.0182731
"P2BP06"	"AMD-T2D"	"AMD"	"2:43935446:G:A"	0.0199784868421719	-0.0168016	0.0300928
"P2BP06"	"AMD-T2D"	"AMD"	"2:43935725:T:C"	0.0199653330527828	0.0088004	0.0183583
"P2BP06"	"AMD-T2D"	"AMD"	"2:43937500:T:C"	0.0199884456873713	0.0146996	0.0231584
"P2BP06"	"AMD-T2D"	"AMD"	"2:43938558:C:A"	0.0201136897368115	0.0199858	0.0182515
"P2BP06"	"AMD-T2D"	"AMD"	"2:43939079:A:G"	0.0199928589702377	0.014636	0.0223382
"P2BP06"	"AMD-T2D"	"AMD"	"2:43939525:A:G"	0.0199653268504458	0.0101359	0.0216583
"P2BP06"	"AMD-T2D"	"AMD"	"2:43940266:T:C"	0.0199715552207058	0.0111238	0.0216629
"P2BP06"	"AMD-T2D"	"AMD"	"2:43941944:A:G"	0.0202311496399566	0.0245764	0.0182683
"P2BP06"	"AMD-T2D"	"AMD"	"2:43942473:G:A"	0.0201224007471055	0.0247007	0.0219128
"P2BP06"	"AMD-T2D"	"AMD"	"2:43942969:A:G"	0.020104760944512	0.0236494	0.0218892
"P2BP06"	"AMD-T2D"	"AMD"	"2:43943116:G:T"	0.0200930649070811	0.0228057	0.0217643
"P2BP06"	"AMD-T2D"	"AMD"	"2:43943525:A:G"	0.0199379665475217	-0.00256872	0.0192175
"P2BP06"	"AMD-T2D"	"AMD"	"2:43945256:C:T"	0.0199929198007337	0.0113638	0.0183764
"P2BP06"	"AMD-T2D"	"AMD"	"2:43945391:A:G"	0.0199405557217096	0.00445576	0.0259427
"P2BP06"	"AMD-T2D"	"AMD"	"2:43947318:A:G"	0.0200009132584014	0.0143422	0.0209785
"P2BP06"	"AMD-T2D"	"AMD"	"2:43947760:T:C"	0.0199400643792007	0.00289023	0.0222549
"P2BP06"	"AMD-T2D"	"AMD"	"2:43947944:A:G"	0.019994765519048	0.0124691	0.0191322
"P2BP06"	"AMD-T2D"	"AMD"	"2:43950929:G:A"	0.0199393063318536	0.00371279	0.025954
"P2BP06"	"AMD-T2D"	"AMD"	"2:43951123:T:G"	0.0199464573668904	0.00532289	0.0185146
"P2BP06"	"AMD-T2D"	"AMD"	"2:43951871:A:G"	0.0199390217612424	0.0024722	0.0182975
"P2BP06"	"AMD-T2D"	"AMD"	"2:43952695:G:T"	0.0199389678859589	-0.00245136	0.01855
"P2BP06"	"AMD-T2D"	"AMD"	"2:43952970:A:G"	0.0199379519990659	0.00187517	0.0181891
"P2BP06"	"AMD-T2D"	"AMD"	"2:43953664:A:G"	0.0199375701737304	0.00161819	0.0182878
"P2BP06"	"AMD-T2D"	"AMD"	"2:43959547:C:T"	0.0199570383396139	-0.00771744	0.0198203
"P2BP06"	"AMD-T2D"	"AMD"	"2:43960043:A:C"	0.0199653895862488	-0.0103901	0.0223302
"P2BP06"	"AMD-T2D"	"AMD"	"2:43962562:G:T"	0.0200598735582856	-0.0182118	0.0201856
"P2BP06"	"AMD-T2D"	"AMD"	"2:43964078:C:T"	0.019936573982168	-0.000301766	0.0314594
"P2BP06"	"AMD-T2D"	"AMD"	"2:43964837:A:G"	0.019965694151762	-0.00939583	0.0201998
"P2BP06"	"AMD-T2D"	"AMD"	"2:43967522:A:G"	0.0199468764686379	-0.0053768	0.0189823
"P2BP06"	"AMD-T2D"	"AMD"	"2:43968167:G:A"	0.0199445163202058	0.0082131	0.0348074
"P2BP06"	"AMD-T2D"	"AMD"	"2:43969079:G:T"	0.0199634047902815	-0.0101645	0.022471
"P2BP06"	"AMD-T2D"	"AMD"	"2:43969482:G:A"	0.0199619376237172	-0.00989908	0.0224741
"P2BP06"	"AMD-T2D"	"AMD"	"2:43970287:A:G"	0.0199530108179781	0.0118956	0.034973
"P2BP06"	"AMD-T2D"	"AMD"	"2:43972708:A:G"	0.0199629908033468	-0.00992025	0.022182
"P2BP06"	"AMD-T2D"	"AMD"	"2:43974358:T:C"	0.0199741477238148	-0.0118881	0.0224182
"P2BP06"	"AMD-T2D"	"AMD"	"2:43976263:T:C"	0.0206369392173459	0.0610841	0.0333928
"P2BP06"	"AMD-T2D"	"AMD"	"2:43980631:T:C"	0.0199462965195591	-0.00984264	0.0350956
"P2BP06"	"AMD-T2D"	"AMD"	"2:43985940:C:A"	0.0199365546982068	-0.000355368	0.0202725
"P2BP06"	"AMD-T2D"	"AMD"	"2:43991357:A:C"	0.0199682366669531	-0.0101146	0.0225037
"P2BP06"	"AMD-T2D"	"AMD"	"2:43998010:T:C"	0.0199585284627224	-0.00799331	0.0198768
"P2BP06"	"AMD-T2D"	"AMD"	"2:43998726:G:A"	0.0199465132363669	-0.00720732	0.0266852
"P2BP06"	"AMD-T2D"	"AMD"	"2:43999182:C:T"	0.0199597772490467	-0.00814476	0.0197217
"P2BP06"	"AMD-T2D"	"AMD"	"2:43999734:T:G"	0.0199639787044896	-0.00893096	0.0197529
"P2BP06"	"AMD-T2D"	"AMD"	"2:44000435:T:C"	0.0199686993119567	-0.00963346	0.0197426
"P2BP06"	"AMD-T2D"	"AMD"	"2:44004010:T:C"	0.0199741472872215	-0.00956105	0.018692
"P2BP06"	"AMD-T2D"	"AMD"	"2:44006464:A:C"	0.0199365537843852	-0.000251968	0.0235692
"P2BP06"	"AMD-T2D"	"AMD"	"2:44010341:C:A"	0.0199793627042996	-0.020112	0.0356345
"P2BP06"	"AMD-T2D"	"AMD"	"2:44014301:A:G"	0.0199523664463096	-0.0122966	0.0346523
"P2BP06"	"AMD-T2D"	"AMD"	"2:44017188:T:C"	0.0199436178259147	-0.00835718	0.0344106
"P2BP06"	"AMD-T2D"	"AMD"	"2:44017411:C:A"	0.0199640459451967	-0.0159392	0.0348647
"P2BP06"	"AMD-T2D"	"AMD"	"2:44021124:A:G"	0.0199612421180527	-0.0149813	0.0344261
"P2BP06"	"AMD-T2D"	"AMD"	"2:44021407:A:G"	0.0199771214958729	-0.0193487	0.0351191
"P2BP06"	"AMD-T2D"	"AMD"	"2:44022970:T:C"	0.0200130719764053	-0.017413	0.0239085
"P2BP06"	"AMD-T2D"	"AMD"	"2:44026720:G:A"	0.0199691554819801	-0.0176238	0.0355062
"P2BP06"	"AMD-T2D"	"AMD"	"2:44027302:G:A"	0.0199463445758515	-0.00562138	0.0208034
"P2BP06"	"AMD-T2D"	"AMD"	"2:44027391:C:A"	0.0199570744578579	-0.0138649	0.0348284
"P2BP06"	"AMD-T2D"	"AMD"	"2:44027948:G:A"	0.0199731566306829	-0.0186693	0.0356127
"P2BP06"	"AMD-T2D"	"AMD"	"2:44029655:G:A"	0.019967311488948	-0.0171331	0.0354768
"P2BP06"	"AMD-T2D"	"AMD"	"2:44029821:C:T"	0.0199552184698237	-0.0131126	0.0343987
"P2BP06"	"AMD-T2D"	"AMD"	"2:44030032:C:A"	0.0199584892416063	-0.00794431	0.0194336
"P2BP06"	"AMD-T2D"	"AMD"	"2:44030649:C:T"	0.0199621137279347	-0.00850752	0.0193254
"P2BP06"	"AMD-T2D"	"AMD"	"2:44036800:A:G"	0.0199411698825077	0.0040797	0.0230624
"P2BP06"	"AMD-T2D"	"AMD"	"2:44036922:T:C"	0.0199367520018386	0.000771638	0.0231883
"P2BP06"	"AMD-T2D"	"AMD"	"2:44037333:G:A"	0.0199392742504371	-0.00377372	0.0246898
"P2BP06"	"AMD-T2D"	"AMD"	"2:44037488:A:G"	0.0199367354150138	0.000741257	0.0231951
"P2BP06"	"AMD-T2D"	"AMD"	"2:44039633:G:A"	0.0199390840848825	-0.00357963	0.0243713
"P2BP06"	"AMD-T2D"	"AMD"	"2:44039839:C:T"	0.0199427604299981	-0.00551856	0.0247042
"P2BP06"	"AMD-T2D"	"AMD"	"2:44039875:A:C"	0.0199563891237211	-0.0075663	0.019279
"P2BP06"	"AMD-T2D"	"AMD"	"2:44042896:A:G"	0.0199444346794683	0.0074312	0.0314757
"P2BP06"	"AMD-T2D"	"AMD"	"2:44043135:T:G"	0.0199528896640153	-0.0121314	0.0336993
"P2BP06"	"AMD-T2D"	"AMD"	"2:44043393:G:A"	0.0199555237249054	-0.0134531	0.034782
"P2BP06"	"AMD-T2D"	"AMD"	"2:44044680:C:A"	0.0199476949436822	-0.00828924	0.0289203
"P2BP06"	"AMD-T2D"	"AMD"	"2:44047530:C:T"	0.0199703727854271	-0.0144173	0.0293875
"P2BP06"	"AMD-T2D"	"T2D"	"2:43060396:G:A"	0.0173373183056776	0.0014	0.0087
"P2BP06"	"AMD-T2D"	"T2D"	"2:43065555:T:C"	0.0193250860263371	0.016	0.0073
"P2BP06"	"AMD-T2D"	"T2D"	"2:43069976:C:A"	0.0190168116153552	0.0149	0.0073
"P2BP06"	"AMD-T2D"	"T2D"	"2:43072469:C:T"	0.0235622508032366	0.0267	0.0074
"P2BP06"	"AMD-T2D"	"T2D"	"2:43074225:T:C"	0.0177700862178612	-0.0087	0.0068
"P2BP06"	"AMD-T2D"	"T2D"	"2:43076226:C:A"	0.0178784819106801	-0.01	0.0073
"P2BP06"	"AMD-T2D"	"T2D"	"2:43076271:G:A"	0.0183426838135745	-0.0124	0.0071
"P2BP06"	"AMD-T2D"	"T2D"	"2:43077509:T:C"	0.0179442895258191	-0.0097	0.0065
"P2BP06"	"AMD-T2D"	"T2D"	"2:43078670:C:T"	0.0228840047537242	0.0213	0.0064
"P2BP06"	"AMD-T2D"	"T2D"	"2:43081439:A:G"	0.0187715936509534	0.0139	0.0073
"P2BP06"	"AMD-T2D"	"T2D"	"2:43082246:A:G"	0.0236408940921196	0.0222	0.0065
"P2BP06"	"AMD-T2D"	"T2D"	"2:43082792:C:T"	0.0173398760744163	0.0014	0.0088
"P2BP06"	"AMD-T2D"	"T2D"	"2:43084026:C:T"	0.0173548562451952	0.0014	0.0082
"P2BP06"	"AMD-T2D"	"T2D"	"2:43086423:C:T"	0.0249121013194924	0.0277	0.0073
"P2BP06"	"AMD-T2D"	"T2D"	"2:43086466:C:T"	0.0254846474813971	0.0282	0.0073
"P2BP06"	"AMD-T2D"	"T2D"	"2:43088304:G:A"	0.0184099931596983	0.0123	0.0074
"P2BP06"	"AMD-T2D"	"T2D"	"2:43091100:G:A"	0.0175126112231613	0.004	0.0081
"P2BP06"	"AMD-T2D"	"T2D"	"2:43091550:G:A"	0.0174588243847442	0.0078	0.012
"P2BP06"	"AMD-T2D"	"T2D"	"2:43093767:A:G"	0.0176702762042605	-0.0078	0.0071
"P2BP06"	"AMD-T2D"	"T2D"	"2:43094360:A:G"	0.0173529713681603	0.0043	0.0118
"P2BP06"	"AMD-T2D"	"T2D"	"2:43095786:C:T"	0.0281312901159024	0.0277	0.0068
"P2BP06"	"AMD-T2D"	"T2D"	"2:43095871:T:C"	0.0310747276696945	0.0307	0.0072
"P2BP06"	"AMD-T2D"	"T2D"	"2:43095988:C:T"	0.0292385251551011	0.0279	0.0067
"P2BP06"	"AMD-T2D"	"T2D"	"2:43096136:T:C"	0.0305807145785877	0.0309	0.0073
"P2BP06"	"AMD-T2D"	"T2D"	"2:43100438:A:C"	0.0176069690403844	0.007	0.0065
"P2BP06"	"AMD-T2D"	"T2D"	"2:43102327:C:T"	0.0197232866274367	0.0159	0.0065
"P2BP06"	"AMD-T2D"	"T2D"	"2:43103614:C:A"	0.0181075507959192	0.0104	0.0065
"P2BP06"	"AMD-T2D"	"T2D"	"2:43105219:A:G"	0.0173533614032759	9e-04	0.0086
"P2BP06"	"AMD-T2D"	"T2D"	"2:43106277:A:G"	0.0174702412787372	0.0055	0.0073
"P2BP06"	"AMD-T2D"	"T2D"	"2:43106956:C:T"	0.0175057405699538	-0.0052	0.0067
"P2BP06"	"AMD-T2D"	"T2D"	"2:43107039:C:T"	0.0180598206538106	0.0101	0.0066
"P2BP06"	"AMD-T2D"	"T2D"	"2:43109042:G:T"	0.0175165361704799	-0.0053	0.0066
"P2BP06"	"AMD-T2D"	"T2D"	"2:43109583:A:G"	0.0198458412619383	-0.0223	0.0092
"P2BP06"	"AMD-T2D"	"T2D"	"2:43111944:G:A"	0.019724520706878	-0.016	0.0066
"P2BP06"	"AMD-T2D"	"T2D"	"2:43112888:C:T"	0.0230179665247278	0.0253	0.0074
"P2BP06"	"AMD-T2D"	"T2D"	"2:43113206:C:T"	0.0174791639483438	0.0057	0.0074
"P2BP06"	"AMD-T2D"	"T2D"	"2:43116172:A:G"	0.0198008446063281	-0.0157	0.0064
"P2BP06"	"AMD-T2D"	"T2D"	"2:43116425:C:T"	0.0174338582427528	-0.0042	0.0066
"P2BP06"	"AMD-T2D"	"T2D"	"2:43121284:T:G"	0.0175136968827067	0.0057	0.0075
"P2BP06"	"AMD-T2D"	"T2D"	"2:43121853:T:C"	0.017783111927026	-0.0082	0.0071
"P2BP06"	"AMD-T2D"	"T2D"	"2:43123189:T:C"	0.0176206177643291	0.0069	0.0075
"P2BP06"	"AMD-T2D"	"T2D"	"2:43127717:T:C"	0.0174132437653762	-0.004	0.0072
"P2BP06"	"AMD-T2D"	"T2D"	"2:43127816:C:T"	0.0206964784384508	0.022	0.0079
"P2BP06"	"AMD-T2D"	"T2D"	"2:43132109:T:C"	0.0296110371513378	0.0353	0.0085
"P2BP06"	"AMD-T2D"	"T2D"	"2:43132146:G:A"	0.0179992153850685	-0.0102	0.007
"P2BP06"	"AMD-T2D"	"T2D"	"2:43132547:C:T"	0.0180696406568043	-0.0105	0.0069
"P2BP06"	"AMD-T2D"	"T2D"	"2:43133492:A:G"	0.0175072276593378	0.0051	0.0074
"P2BP06"	"AMD-T2D"	"T2D"	"2:43135792:C:T"	0.0175771303470162	0.006	0.0074
"P2BP06"	"AMD-T2D"	"T2D"	"2:43135815:A:G"	0.0191492055361637	-0.0139	0.0064
"P2BP06"	"AMD-T2D"	"T2D"	"2:43138933:G:A"	0.0173325117714063	-0.003	0.0106
"P2BP06"	"AMD-T2D"	"T2D"	"2:43139184:C:T"	0.0175287074819128	-0.0062	0.0065
"P2BP06"	"AMD-T2D"	"T2D"	"2:43140653:T:C"	0.0174902673958438	-0.0057	0.0065
"P2BP06"	"AMD-T2D"	"T2D"	"2:43140961:C:T"	0.0192871457988559	-0.0144	0.0064
"P2BP06"	"AMD-T2D"	"T2D"	"2:43142947:A:G"	0.0189064627346469	-0.0132	0.0064
"P2BP06"	"AMD-T2D"	"T2D"	"2:43142999:G:T"	0.0192891608744462	-0.015	0.0065
"P2BP06"	"AMD-T2D"	"T2D"	"2:43143587:T:G"	0.0185110093526905	0.0115	0.0064
"P2BP06"	"AMD-T2D"	"T2D"	"2:43144956:T:C"	0.0180238158874692	-0.011	0.0082
"P2BP06"	"AMD-T2D"	"T2D"	"2:43145133:G:A"	0.0187932695187695	0.0121	0.0065
"P2BP06"	"AMD-T2D"	"T2D"	"2:43146705:C:A"	0.0177809807520791	0.0072	0.0066
"P2BP06"	"AMD-T2D"	"T2D"	"2:43146800:T:C"	0.0178548058667984	0.0075	0.0064
"P2BP06"	"AMD-T2D"	"T2D"	"2:43146858:A:C"	0.018165260301421	0.0093	0.0064
"P2BP06"	"AMD-T2D"	"T2D"	"2:43149097:A:G"	0.018072314561954	0.0089	0.0065
"P2BP06"	"AMD-T2D"	"T2D"	"2:43149485:A:C"	0.0173685895718788	0.0026	0.0072
"P2BP06"	"AMD-T2D"	"T2D"	"2:43149898:C:A"	0.0173294580872398	-0.002	0.0097
"P2BP06"	"AMD-T2D"	"T2D"	"2:43149973:C:T"	0.0173419933983788	0.0019	0.0073
"P2BP06"	"AMD-T2D"	"T2D"	"2:43151040:C:T"	0.0178341232696123	-0.0091	0.0071
"P2BP06"	"AMD-T2D"	"T2D"	"2:43151102:T:C"	0.0177284568360109	0.0066	0.0064
"P2BP06"	"AMD-T2D"	"T2D"	"2:43151319:G:A"	0.0185991607609125	0.0126	0.0068
"P2BP06"	"AMD-T2D"	"T2D"	"2:43152320:G:A"	0.0174765151739761	0.0042	0.0066
"P2BP06"	"AMD-T2D"	"T2D"	"2:43152949:G:T"	0.0174050068959859	-0.0046	0.0096
"P2BP06"	"AMD-T2D"	"T2D"	"2:43153243:A:G"	0.0182005426826612	-0.0093	0.0064
"P2BP06"	"AMD-T2D"	"T2D"	"2:43154210:A:C"	0.017697666817215	0.0077	0.0073
"P2BP06"	"AMD-T2D"	"T2D"	"2:43155943:A:C"	0.0173239737090642	0.002	0.0071
"P2BP06"	"AMD-T2D"	"T2D"	"2:43155982:T:G"	0.0177575138487557	-0.0119	0.0148
"P2BP06"	"AMD-T2D"	"T2D"	"2:43156905:T:C"	0.0173400873095106	0.0026	0.007
"P2BP06"	"AMD-T2D"	"T2D"	"2:43157447:T:C"	0.0173361702286814	0.0025	0.0071
"P2BP06"	"AMD-T2D"	"T2D"	"2:43159466:C:T"	0.0199960365777924	0.0172	0.0067
"P2BP06"	"AMD-T2D"	"T2D"	"2:43159961:T:G"	0.0188932304937571	0.0134	0.0067
"P2BP06"	"AMD-T2D"	"T2D"	"2:43160027:A:G"	0.0183292530247829	0.0114	0.0067
"P2BP06"	"AMD-T2D"	"T2D"	"2:43160844:C:A"	0.0199530611902856	0.0174	0.0068
"P2BP06"	"AMD-T2D"	"T2D"	"2:43161180:A:G"	0.0173281607753986	-1e-04	0.0069
"P2BP06"	"AMD-T2D"	"T2D"	"2:43164752:T:C"	0.0184084682284746	0.0115	0.0067
"P2BP06"	"AMD-T2D"	"T2D"	"2:43165147:T:C"	0.0178621071615453	0.0086	0.0065
"P2BP06"	"AMD-T2D"	"T2D"	"2:43166503:C:T"	0.0175978964741939	-0.0099	0.0137
"P2BP06"	"AMD-T2D"	"T2D"	"2:43166682:C:T"	0.0176609958581482	-0.0102	0.0149
"P2BP06"	"AMD-T2D"	"T2D"	"2:43167622:C:A"	0.0207230492242066	0.0184	0.0067
"P2BP06"	"AMD-T2D"	"T2D"	"2:43167659:C:T"	0.0176346692516153	-0.0104	0.0156
"P2BP06"	"AMD-T2D"	"T2D"	"2:43169272:A:G"	0.0182812418579998	0.011	0.0065
"P2BP06"	"AMD-T2D"	"T2D"	"2:43169426:T:G"	0.0184120375572491	0.0115	0.0067
"P2BP06"	"AMD-T2D"	"T2D"	"2:43184504:T:C"	0.0193438235468364	-0.0172	0.0081
"P2BP06"	"AMD-T2D"	"T2D"	"2:43184807:A:G"	0.0186633994555176	-0.0113	0.0065
"P2BP06"	"AMD-T2D"	"T2D"	"2:43185532:A:G"	0.0184043182057098	-0.0103	0.0065
"P2BP06"	"AMD-T2D"	"T2D"	"2:43189207:G:T"	0.018634420521182	-0.012	0.0065
"P2BP06"	"AMD-T2D"	"T2D"	"2:43193347:T:C"	0.0189396284205704	-0.0131	0.0065
"P2BP06"	"AMD-T2D"	"T2D"	"2:43198416:C:T"	0.0173838000822785	0.0018	0.0108
"P2BP06"	"AMD-T2D"	"T2D"	"2:43199311:C:T"	0.0180947384188743	-0.0096	0.0072
"P2BP06"	"AMD-T2D"	"T2D"	"2:43200107:C:A"	0.0264155175762477	-0.023	0.0066
"P2BP06"	"AMD-T2D"	"T2D"	"2:43200148:T:C"	0.0303688181634857	-0.0244	0.0065
"P2BP06"	"AMD-T2D"	"T2D"	"2:43202587:C:T"	0.0175874222783033	0.0053	0.0083
"P2BP06"	"AMD-T2D"	"T2D"	"2:43203581:G:A"	0.0254254407784942	-0.0263	0.0077
"P2BP06"	"AMD-T2D"	"T2D"	"2:43204819:T:C"	0.024942137349857	-0.0218	0.0066
"P2BP06"	"AMD-T2D"	"T2D"	"2:43205112:G:A"	0.0174741375051902	-0.0049	0.0069
"P2BP06"	"AMD-T2D"	"T2D"	"2:43206843:G:A"	0.0187380195822655	-0.0167	0.0092
"P2BP06"	"AMD-T2D"	"T2D"	"2:43206922:A:G"	0.0283896308466307	-0.0234	0.0065
"P2BP06"	"AMD-T2D"	"T2D"	"2:43206981:A:G"	0.0253928407497658	-0.0222	0.0066
"P2BP06"	"AMD-T2D"	"T2D"	"2:43208328:T:C"	0.0192222696094055	-0.0183	0.0091
"P2BP06"	"AMD-T2D"	"T2D"	"2:43211206:A:G"	0.019820431726658	0.0134	0.0064
"P2BP06"	"AMD-T2D"	"T2D"	"2:43213996:G:A"	0.0199457552185222	0.0136	0.0064
"P2BP06"	"AMD-T2D"	"T2D"	"2:43215855:T:C"	0.0265085547193626	0.0221	0.0065
"P2BP06"	"AMD-T2D"	"T2D"	"2:43216535:T:C"	0.0274974306415788	0.0261	0.007
"P2BP06"	"AMD-T2D"	"T2D"	"2:43223784:A:G"	0.0188436356853975	0.0124	0.0065
"P2BP06"	"AMD-T2D"	"T2D"	"2:43229188:A:G"	0.0174804174605381	0.0036	0.0101
"P2BP06"	"AMD-T2D"	"T2D"	"2:43229909:A:G"	0.0178749917637193	-0.0096	0.0074
"P2BP06"	"AMD-T2D"	"T2D"	"2:43233488:T:C"	0.0192799845887808	-0.0188	0.0093
"P2BP06"	"AMD-T2D"	"T2D"	"2:43235451:C:T"	0.0193274147331771	-0.0137	0.0065
"P2BP06"	"AMD-T2D"	"T2D"	"2:43239425:C:T"	0.0177945125991353	0.0075	0.0076
"P2BP06"	"AMD-T2D"	"T2D"	"2:43244845:G:A"	0.0279187047274665	-0.0232	0.0065
"P2BP06"	"AMD-T2D"	"T2D"	"2:43246767:T:G"	0.0174887681905114	-0.0039	0.0084
"P2BP06"	"AMD-T2D"	"T2D"	"2:43247073:T:C"	0.017567354580757	-0.005	0.0084
"P2BP06"	"AMD-T2D"	"T2D"	"2:43247215:T:C"	0.0200098391677938	-0.0214	0.0093
"P2BP06"	"AMD-T2D"	"T2D"	"2:43247227:C:T"	0.0186888381849005	0.0114	0.0064
"P2BP06"	"AMD-T2D"	"T2D"	"2:43247753:A:G"	0.0194860556980997	0.0134	0.0067
"P2BP06"	"AMD-T2D"	"T2D"	"2:43249254:T:C"	0.0177197133273299	0.004	0.0066
"P2BP06"	"AMD-T2D"	"T2D"	"2:43252152:T:C"	0.0222757734661656	-0.0191	0.0073
"P2BP06"	"AMD-T2D"	"T2D"	"2:43252691:C:T"	0.022990238364496	-0.0209	0.0071
"P2BP06"	"AMD-T2D"	"T2D"	"2:43252849:A:C"	0.0174055370067246	-0.0044	0.0064
"P2BP06"	"AMD-T2D"	"T2D"	"2:43253559:A:G"	0.0179963186332994	-0.0103	0.0074
"P2BP06"	"AMD-T2D"	"T2D"	"2:43253827:C:T"	0.017419848410225	-0.0036	0.0065
"P2BP06"	"AMD-T2D"	"T2D"	"2:43254399:G:T"	0.019193153519139	-0.0133	0.0068
"P2BP06"	"AMD-T2D"	"T2D"	"2:43259164:C:T"	0.0180145126395083	0.0076	0.0065
"P2BP06"	"AMD-T2D"	"T2D"	"2:43263805:T:G"	0.0176105439861584	-0.0065	0.0076
"P2BP06"	"AMD-T2D"	"T2D"	"2:43267121:G:A"	0.0174444284724399	-0.0056	0.0069
"P2BP06"	"AMD-T2D"	"T2D"	"2:43270895:C:A"	0.0177665715516417	-0.0098	0.007
"P2BP06"	"AMD-T2D"	"T2D"	"2:43273312:C:T"	0.0175436090579356	-0.0077	0.0069
"P2BP06"	"AMD-T2D"	"T2D"	"2:43274679:G:A"	0.0176810789453583	0.0046	0.0066
"P2BP06"	"AMD-T2D"	"T2D"	"2:43274900:A:G"	0.0184265897842106	-0.013	0.0074
"P2BP06"	"AMD-T2D"	"T2D"	"2:43275090:A:G"	0.018164606402409	-0.0114	0.0074
"P2BP06"	"AMD-T2D"	"T2D"	"2:43278048:G:A"	0.0174579610528208	-0.0067	0.0069
"P2BP06"	"AMD-T2D"	"T2D"	"2:43278660:T:C"	0.017748320393527	-0.0094	0.0085
"P2BP06"	"AMD-T2D"	"T2D"	"2:43279815:G:A"	0.0173222069988196	-0.0065	0.0114
"P2BP06"	"AMD-T2D"	"T2D"	"2:43280051:A:G"	0.0173214922714703	-0.0064	0.0114
"P2BP06"	"AMD-T2D"	"T2D"	"2:43280324:G:T"	0.0186074710152674	-0.0139	0.0073
"P2BP06"	"AMD-T2D"	"T2D"	"2:43281032:T:C"	0.0184388753434078	-0.0131	0.0073
"P2BP06"	"AMD-T2D"	"T2D"	"2:43281211:G:A"	0.0185673127392105	-0.0137	0.0073
"P2BP06"	"AMD-T2D"	"T2D"	"2:43281812:G:A"	0.0173250771957481	-0.0068	0.0114
"P2BP06"	"AMD-T2D"	"T2D"	"2:43282036:G:T"	0.018586667503839	-0.0138	0.0073
"P2BP06"	"AMD-T2D"	"T2D"	"2:43282579:G:A"	0.0185237523335365	-0.0135	0.0073
"P2BP06"	"AMD-T2D"	"T2D"	"2:43283474:T:G"	0.0183992780424385	-0.0129	0.0074
"P2BP06"	"AMD-T2D"	"T2D"	"2:43284517:C:T"	0.0173242923390368	-0.002	0.0065
"P2BP06"	"AMD-T2D"	"T2D"	"2:43286610:G:T"	0.0182023204457618	-0.0135	0.0087
"P2BP06"	"AMD-T2D"	"T2D"	"2:43288810:A:G"	0.0176143591121213	-0.0074	0.0084
"P2BP06"	"AMD-T2D"	"T2D"	"2:43292832:G:A"	0.0175896762866585	0.0058	0.0067
"P2BP06"	"AMD-T2D"	"T2D"	"2:43299383:G:A"	0.0173180013585802	5e-04	0.0108
"P2BP06"	"AMD-T2D"	"T2D"	"2:43299982:C:T"	0.017317088983395	0.0022	0.0065
"P2BP06"	"AMD-T2D"	"T2D"	"2:43300533:T:C"	0.0173518142749978	0.0037	0.0066
"P2BP06"	"AMD-T2D"	"T2D"	"2:43302571:G:A"	0.0175009360604161	0.001	0.007
"P2BP06"	"AMD-T2D"	"T2D"	"2:43305391:C:T"	0.0180932697473661	-0.0062	0.0067
"P2BP06"	"AMD-T2D"	"T2D"	"2:43305870:A:G"	0.0175346342041738	-0.0026	0.0065
"P2BP06"	"AMD-T2D"	"T2D"	"2:43305926:G:A"	0.0173642742008707	-8e-04	0.0066
"P2BP06"	"AMD-T2D"	"T2D"	"2:43312809:G:T"	0.0173491119771559	0.0032	0.0071
"P2BP06"	"AMD-T2D"	"T2D"	"2:43314175:T:C"	0.017316457463769	0.0015	0.0096
"P2BP06"	"AMD-T2D"	"T2D"	"2:43314412:A:G"	0.0174401326146163	0.0096	0.0093
"P2BP06"	"AMD-T2D"	"T2D"	"2:43314843:C:T"	0.0174083514100226	0.0089	0.0093
"P2BP06"	"AMD-T2D"	"T2D"	"2:43317253:A:G"	0.017317930859129	0.002	0.0093
"P2BP06"	"AMD-T2D"	"T2D"	"2:43319719:A:G"	0.0173754646158601	0.0054	0.0071
"P2BP06"	"AMD-T2D"	"T2D"	"2:43319978:G:A"	0.0173634543604249	0.0051	0.0071
"P2BP06"	"AMD-T2D"	"T2D"	"2:43321225:A:G"	0.0173397348705147	0.0059	0.0066
"P2BP06"	"AMD-T2D"	"T2D"	"2:43321742:G:A"	0.017320809459983	0.0035	0.0139
"P2BP06"	"AMD-T2D"	"T2D"	"2:43323393:C:T"	0.0173505534774102	0.0039	0.0069
"P2BP06"	"AMD-T2D"	"T2D"	"2:43325570:A:G"	0.0173143236261958	0.0027	0.0065
"P2BP06"	"AMD-T2D"	"T2D"	"2:43330109:C:A"	0.0183098676659965	-0.0084	0.0072
"P2BP06"	"AMD-T2D"	"T2D"	"2:43330140:C:T"	0.0185420723407099	-0.0095	0.0072
"P2BP06"	"AMD-T2D"	"T2D"	"2:43333993:C:T"	0.0191365731561975	-0.0118	0.0076
"P2BP06"	"AMD-T2D"	"T2D"	"2:43336638:T:C"	0.0181532415995522	-0.0076	0.009
"P2BP06"	"AMD-T2D"	"T2D"	"2:43343806:G:A"	0.020360120214689	0.019	0.0071
"P2BP06"	"AMD-T2D"	"T2D"	"2:43346014:G:A"	0.0192517105920649	0.0173	0.0075
"P2BP06"	"AMD-T2D"	"T2D"	"2:43346789:A:G"	0.0192516807811306	0.0173	0.0075
"P2BP06"	"AMD-T2D"	"T2D"	"2:43349916:C:T"	0.0173219936110732	0.0012	0.0088
"P2BP06"	"AMD-T2D"	"T2D"	"2:43351453:C:T"	0.0173143183606654	0.0022	0.0087
"P2BP06"	"AMD-T2D"	"T2D"	"2:43353389:G:A"	0.0183495849248279	0.0125	0.0066
"P2BP06"	"AMD-T2D"	"T2D"	"2:43355763:G:A"	0.0201301962205371	0.0181	0.0073
"P2BP06"	"AMD-T2D"	"T2D"	"2:43355955:T:C"	0.019463750453698	0.0181	0.0076
"P2BP06"	"AMD-T2D"	"T2D"	"2:43356490:T:G"	0.0201510951040458	0.018	0.0072
"P2BP06"	"AMD-T2D"	"T2D"	"2:43357022:A:C"	0.017560480831094	-0.0038	0.0066
"P2BP06"	"AMD-T2D"	"T2D"	"2:43359061:C:A"	0.0205960863689921	0.0196	0.0072
"P2BP06"	"AMD-T2D"	"T2D"	"2:43359127:T:C"	0.0208817834220563	0.0202	0.0072
"P2BP06"	"AMD-T2D"	"T2D"	"2:43360947:A:G"	0.0225646437209844	0.0236	0.0074
"P2BP06"	"AMD-T2D"	"T2D"	"2:43361256:T:C"	0.0205085021320246	0.0195	0.0072
"P2BP06"	"AMD-T2D"	"T2D"	"2:43361450:A:G"	0.0173243743311985	-0.0134	0.0137
"P2BP06"	"AMD-T2D"	"T2D"	"2:43363752:T:C"	0.0173314549562412	0.0018	0.0066
"P2BP06"	"AMD-T2D"	"T2D"	"2:43367450:G:A"	0.0176198529601943	-0.0144	0.0108
"P2BP06"	"AMD-T2D"	"T2D"	"2:43367800:T:C"	0.0176076700751854	-0.0142	0.0108
"P2BP06"	"AMD-T2D"	"T2D"	"2:43371542:T:C"	0.0185787441362387	-0.0065	0.0072
"P2BP06"	"AMD-T2D"	"T2D"	"2:43372634:G:A"	0.0180845939630733	-0.0019	0.0066
"P2BP06"	"AMD-T2D"	"T2D"	"2:43372651:C:A"	0.0176190932630663	-0.0143	0.0108
"P2BP06"	"AMD-T2D"	"T2D"	"2:43373119:A:G"	0.0179674612379082	-0.0018	0.0066
"P2BP06"	"AMD-T2D"	"T2D"	"2:43377649:C:A"	0.0186960337945619	0.0071	0.0065
"P2BP06"	"AMD-T2D"	"T2D"	"2:43381472:A:G"	0.0179027417077539	-2e-04	0.0067
"P2BP06"	"AMD-T2D"	"T2D"	"2:43382351:G:A"	0.0181152785488701	-0.0021	0.0067
"P2BP06"	"AMD-T2D"	"T2D"	"2:43384237:A:G"	0.0224955047227109	-0.0151	0.0073
"P2BP06"	"AMD-T2D"	"T2D"	"2:43386134:C:A"	0.0184100555298372	0.0107	0.0067
"P2BP06"	"AMD-T2D"	"T2D"	"2:43391756:T:C"	0.018698458848001	0.0121	0.0067
"P2BP06"	"AMD-T2D"	"T2D"	"2:43397176:G:A"	0.0175930708675339	0.0026	0.0067
"P2BP06"	"AMD-T2D"	"T2D"	"2:43402297:C:T"	0.0173300180832837	-0.0019	0.0065
"P2BP06"	"AMD-T2D"	"T2D"	"2:43411820:C:T"	0.0180225245659585	-0.0027	0.0071
"P2BP06"	"AMD-T2D"	"T2D"	"2:43412033:G:A"	0.0181927743982696	-0.0037	0.0071
"P2BP06"	"AMD-T2D"	"T2D"	"2:43413114:T:C"	0.018154639922117	-0.0034	0.0072
"P2BP06"	"AMD-T2D"	"T2D"	"2:43417083:A:G"	0.0175209266442449	0.0144	0.0072
"P2BP06"	"AMD-T2D"	"T2D"	"2:43418616:C:T"	0.0184619355628042	0.0169	0.0153
"P2BP06"	"AMD-T2D"	"T2D"	"2:43419493:T:C"	0.0289220847820174	0.0324	0.0066
"P2BP06"	"AMD-T2D"	"T2D"	"2:43419886:A:G"	0.0176303691084844	0.0127	0.0071
"P2BP06"	"AMD-T2D"	"T2D"	"2:43421461:T:C"	0.0981186279530394	0.0383	0.0065
"P2BP06"	"AMD-T2D"	"T2D"	"2:43422557:G:A"	0.102473945483103	0.0385	0.0065
"P2BP06"	"AMD-T2D"	"T2D"	"2:43423915:A:G"	0.0225436615793738	-0.0268	0.0076
"P2BP06"	"AMD-T2D"	"T2D"	"2:43424046:T:G"	0.0224459916712899	-0.0267	0.0076
"P2BP06"	"AMD-T2D"	"T2D"	"2:43424704:A:G"	0.0219352453767017	-0.026	0.0076
"P2BP06"	"AMD-T2D"	"T2D"	"2:43428651:T:C"	0.0595677516487645	0.0368	0.0065
"P2BP06"	"AMD-T2D"	"T2D"	"2:43429058:G:T"	0.14966265697534	0.0399	0.0065
"P2BP06"	"AMD-T2D"	"T2D"	"2:43429806:G:A"	0.113699159078597	0.039	0.0065
"P2BP06"	"AMD-T2D"	"T2D"	"2:43436754:G:A"	0.0950544499577193	0.0348	0.0065
"P2BP06"	"AMD-T2D"	"T2D"	"2:43446544:C:A"	0.0226187277077042	-0.027	0.0092
"P2BP06"	"AMD-T2D"	"T2D"	"2:43446616:G:A"	0.0582374723311776	0.0323	0.0065
"P2BP06"	"AMD-T2D"	"T2D"	"2:43448658:A:G"	0.0176278562423549	0.0123	0.0068
"P2BP06"	"AMD-T2D"	"T2D"	"2:43452334:G:A"	0.0189545993101098	0.021	0.0121
"P2BP06"	"AMD-T2D"	"T2D"	"2:43460514:C:A"	0.0191905622741929	-0.0581	0.0081
"P2BP06"	"AMD-T2D"	"T2D"	"2:43462822:T:C"	0.0190167009331218	-0.0574	0.0081
"P2BP06"	"AMD-T2D"	"T2D"	"2:43470408:C:T"	0.0187733425268813	-0.0563	0.0081
"P2BP06"	"AMD-T2D"	"T2D"	"2:43480317:G:A"	0.0175786929592127	0.0172	0.009
"P2BP06"	"AMD-T2D"	"T2D"	"2:43483044:G:A"	0.0188251343829347	-0.0562	0.0081
"P2BP06"	"AMD-T2D"	"T2D"	"2:43484556:A:G"	0.0183014825048007	-0.0326	0.0067
"P2BP06"	"AMD-T2D"	"T2D"	"2:43489313:T:C"	0.0186534100389079	-0.0555	0.0081
"P2BP06"	"AMD-T2D"	"T2D"	"2:43496986:C:T"	0.0179119616307422	0.0193	0.0068
"P2BP06"	"AMD-T2D"	"T2D"	"2:43502477:G:A"	0.0173539493455247	0.0149	0.0064
"P2BP06"	"AMD-T2D"	"T2D"	"2:43506259:G:A"	0.0173337092408556	0.0127	0.0081
"P2BP06"	"AMD-T2D"	"T2D"	"2:43509617:A:G"	0.017484241958509	0.0197	0.0065
"P2BP06"	"AMD-T2D"	"T2D"	"2:43514036:G:A"	0.0194861631222999	-0.0366	0.0067
"P2BP06"	"AMD-T2D"	"T2D"	"2:43521167:G:A"	0.0225658589538186	-0.0734	0.0088
"P2BP06"	"AMD-T2D"	"T2D"	"2:43528377:A:G"	0.0217762536489838	-0.073	0.0088
"P2BP06"	"AMD-T2D"	"T2D"	"2:43532302:C:T"	0.0173507135974367	0.0137	0.0082
"P2BP06"	"AMD-T2D"	"T2D"	"2:43538009:T:G"	0.0240253766534491	0.0403	0.0105
"P2BP06"	"AMD-T2D"	"T2D"	"2:43540125:T:G"	0.0174861987390507	4e-04	0.0075
"P2BP06"	"AMD-T2D"	"T2D"	"2:43548128:G:A"	0.0173569009930739	0.0144	0.0079
"P2BP06"	"AMD-T2D"	"T2D"	"2:43551416:C:A"	0.0189770169984752	-0.0558	0.008
"P2BP06"	"AMD-T2D"	"T2D"	"2:43553949:T:C"	0.0176232345159327	-0.0182	0.0079
"P2BP06"	"AMD-T2D"	"T2D"	"2:43554972:C:A"	0.0186059228507902	-0.0554	0.0081
"P2BP06"	"AMD-T2D"	"T2D"	"2:43555506:T:C"	0.0176666858262892	-0.0187	0.0079
"P2BP06"	"AMD-T2D"	"T2D"	"2:43555805:G:T"	0.0185857587469518	-0.0553	0.0081
"P2BP06"	"AMD-T2D"	"T2D"	"2:43558743:C:T"	0.0176771894798753	-0.0405	0.0076
"P2BP06"	"AMD-T2D"	"T2D"	"2:43561161:C:A"	0.0178567331825759	0.019	0.0064
"P2BP06"	"AMD-T2D"	"T2D"	"2:43561419:C:T"	0.0187342478379182	-0.0083	0.0073
"P2BP06"	"AMD-T2D"	"T2D"	"2:43566941:C:T"	0.0186658311337382	-0.0558	0.0081
"P2BP06"	"AMD-T2D"	"T2D"	"2:43572047:A:G"	0.0186209829714437	-0.055	0.008
"P2BP06"	"AMD-T2D"	"T2D"	"2:43574242:G:T"	0.0184804049688727	-0.0548	0.0081
"P2BP06"	"AMD-T2D"	"T2D"	"2:43576343:T:C"	0.0300186489130333	0.0468	0.0106
"P2BP06"	"AMD-T2D"	"T2D"	"2:43576997:G:A"	0.018739101090384	-0.0354	0.0065
"P2BP06"	"AMD-T2D"	"T2D"	"2:43577615:G:A"	0.0173830094022988	0.0018	0.0076
"P2BP06"	"AMD-T2D"	"T2D"	"2:43587451:G:T"	0.0173729021502622	-0.0158	0.0064
"P2BP06"	"AMD-T2D"	"T2D"	"2:43587504:C:T"	0.0173742151004914	-0.0182	0.0064
"P2BP06"	"AMD-T2D"	"T2D"	"2:43590329:C:T"	0.0173721572686634	-0.0106	0.0073
"P2BP06"	"AMD-T2D"	"T2D"	"2:43590899:G:A"	0.0174929765471582	-0.0396	0.0082
"P2BP06"	"AMD-T2D"	"T2D"	"2:43592756:T:C"	0.0174797655499636	-0.0401	0.0081
"P2BP06"	"AMD-T2D"	"T2D"	"2:43594771:G:A"	0.0288412958138413	0.0458	0.0106
"P2BP06"	"AMD-T2D"	"T2D"	"2:43595460:T:C"	0.0173257758854285	0.0114	0.0101
"P2BP06"	"AMD-T2D"	"T2D"	"2:43616008:T:G"	0.0180645163081357	-0.0304	0.0064
"P2BP06"	"AMD-T2D"	"T2D"	"2:43617726:T:G"	0.0174061268686875	0.0028	0.0073
"P2BP06"	"AMD-T2D"	"T2D"	"2:43621162:C:T"	0.0173184324031672	0.0021	0.0074
"P2BP06"	"AMD-T2D"	"T2D"	"2:43625078:T:C"	0.0203788122829034	-0.0441	0.0066
"P2BP06"	"AMD-T2D"	"T2D"	"2:43630493:T:C"	0.0174112343617834	0.0054	0.0076
"P2BP06"	"AMD-T2D"	"T2D"	"2:43630657:C:T"	0.01900125612224	-0.0436	0.0068
"P2BP06"	"AMD-T2D"	"T2D"	"2:43632200:G:A"	0.0190146130316583	-0.0434	0.0068
"P2BP06"	"AMD-T2D"	"T2D"	"2:43632476:C:A"	0.0183073663966867	-0.0418	0.0071
"P2BP06"	"AMD-T2D"	"T2D"	"2:43632950:C:T"	0.0194971933366682	-0.0436	0.0067
"P2BP06"	"AMD-T2D"	"T2D"	"2:43633846:T:C"	0.0173221753047172	0.0031	0.0071
"P2BP06"	"AMD-T2D"	"T2D"	"2:43634135:C:A"	0.017318485423764	0.0036	0.0071
"P2BP06"	"AMD-T2D"	"T2D"	"2:43634922:T:C"	0.0187235677418178	-0.0329	0.0064
"P2BP06"	"AMD-T2D"	"T2D"	"2:43638185:C:T"	0.0193752990782802	-0.0296	0.0068
"P2BP06"	"AMD-T2D"	"T2D"	"2:43638712:G:T"	0.0192449113223608	-0.0312	0.0064
"P2BP06"	"AMD-T2D"	"T2D"	"2:43638838:A:C"	0.0175208133171985	0.0153	0.0101
"P2BP06"	"AMD-T2D"	"T2D"	"2:43638855:C:T"	0.0196389042253561	-0.03	0.0067
"P2BP06"	"AMD-T2D"	"T2D"	"2:43641627:A:G"	0.0173707188438659	0.0162	0.0068
"P2BP06"	"AMD-T2D"	"T2D"	"2:43646139:A:G"	0.0193696115824731	-0.0422	0.0067
"P2BP06"	"AMD-T2D"	"T2D"	"2:43648176:A:G"	0.0173616882098809	0.0161	0.0064
"P2BP06"	"AMD-T2D"	"T2D"	"2:43652117:T:C"	0.0199220093704092	-0.0423	0.0066
"P2BP06"	"AMD-T2D"	"T2D"	"2:43656924:T:C"	0.0205272332103597	-0.0375	0.0064
"P2BP06"	"AMD-T2D"	"T2D"	"2:43671904:T:C"	0.0173546994900833	-0.0123	0.0071
"P2BP06"	"AMD-T2D"	"T2D"	"2:43686207:C:T"	0.017354029162708	0.003	0.0075
"P2BP06"	"AMD-T2D"	"T2D"	"2:43688496:C:T"	0.0194003745926007	-0.0322	0.0064
"P2BP06"	"AMD-T2D"	"T2D"	"2:43695148:C:T"	0.0175473720244907	9e-04	0.0073
"P2BP06"	"AMD-T2D"	"T2D"	"2:43695553:G:A"	0.0176050740865018	1e-04	0.0075
"P2BP06"	"AMD-T2D"	"T2D"	"2:43696553:C:A"	0.0174636253722049	0.0017	0.0073
"P2BP06"	"AMD-T2D"	"T2D"	"2:43718593:T:C"	0.0174175833871877	0.0038	0.0071
"P2BP06"	"AMD-T2D"	"T2D"	"2:43721508:C:T"	0.020102721328539	-0.0326	0.0064
"P2BP06"	"AMD-T2D"	"T2D"	"2:43732958:C:T"	0.0173973421712094	0.0037	0.0073
"P2BP06"	"AMD-T2D"	"T2D"	"2:43737063:C:T"	0.0173320583420618	0.0124	0.008
"P2BP06"	"AMD-T2D"	"T2D"	"2:43752382:T:C"	0.0194067068170989	-0.0397	0.0066
"P2BP06"	"AMD-T2D"	"T2D"	"2:43766110:T:C"	0.0192052944977349	-0.0391	0.0066
"P2BP06"	"AMD-T2D"	"T2D"	"2:43767039:G:A"	0.0195803719926814	-0.0323	0.0065
"P2BP06"	"AMD-T2D"	"T2D"	"2:43769396:C:T"	0.0190497600588928	-0.0312	0.0064
"P2BP06"	"AMD-T2D"	"T2D"	"2:43776853:T:C"	0.0173624757576893	0.0099	0.0081
"P2BP06"	"AMD-T2D"	"T2D"	"2:43779665:T:C"	0.0174792341200115	-0.0333	0.0068
"P2BP06"	"AMD-T2D"	"T2D"	"2:43781826:G:A"	0.0184561798125628	-0.0404	0.0071
"P2BP06"	"AMD-T2D"	"T2D"	"2:43782868:C:T"	0.0186470431511432	-0.0402	0.0069
"P2BP06"	"AMD-T2D"	"T2D"	"2:43783141:A:G"	0.0174754931064237	-0.0304	0.0068
"P2BP06"	"AMD-T2D"	"T2D"	"2:43783273:G:A"	0.0182981940529307	-0.0376	0.0069
"P2BP06"	"AMD-T2D"	"T2D"	"2:43787576:G:A"	0.0183065610754193	-0.0385	0.0069
"P2BP06"	"AMD-T2D"	"T2D"	"2:43791363:C:T"	0.0192441902032758	-0.0321	0.0064
"P2BP06"	"AMD-T2D"	"T2D"	"2:43793725:G:A"	0.0186263905981473	-0.0404	0.0069
"P2BP06"	"AMD-T2D"	"T2D"	"2:43797619:C:T"	0.0173457683033867	0.0098	0.0076
"P2BP06"	"AMD-T2D"	"T2D"	"2:43797710:G:A"	0.0185475380964847	-0.04	0.0069
"P2BP06"	"AMD-T2D"	"T2D"	"2:43798053:C:T"	0.0185655796611172	-0.0402	0.0069
"P2BP06"	"AMD-T2D"	"T2D"	"2:43798792:G:A"	0.0185688474021136	-0.0401	0.0069
"P2BP06"	"AMD-T2D"	"T2D"	"2:43799070:C:T"	0.0186494862685977	-0.0282	0.0068
"P2BP06"	"AMD-T2D"	"T2D"	"2:43800174:A:G"	0.0174835975636243	-0.0337	0.0068
"P2BP06"	"AMD-T2D"	"T2D"	"2:43801712:A:G"	0.017485089125632	-0.0338	0.0068
"P2BP06"	"AMD-T2D"	"T2D"	"2:43803428:T:C"	0.0174840120772037	-0.0337	0.0068
"P2BP06"	"AMD-T2D"	"T2D"	"2:43804229:T:C"	0.017482702319199	-0.0336	0.0068
"P2BP06"	"AMD-T2D"	"T2D"	"2:43806382:C:T"	0.019131481508312	-0.0322	0.0064
"P2BP06"	"AMD-T2D"	"T2D"	"2:43806918:C:T"	0.272799981305778	-0.0839	0.0096
"P2BP06"	"AMD-T2D"	"T2D"	"2:43807090:T:C"	0.165850521606685	-0.0832	0.0096
"P2BP06"	"AMD-T2D"	"T2D"	"2:43808065:C:T"	0.0187221665380921	-0.0286	0.0068
"P2BP06"	"AMD-T2D"	"T2D"	"2:43809248:T:G"	0.235114132595846	-0.0837	0.0096
"P2BP06"	"AMD-T2D"	"T2D"	"2:43812317:G:A"	0.146904373949307	-0.083	0.0096
"P2BP06"	"AMD-T2D"	"T2D"	"2:43817505:G:A"	0.0192116055385955	-0.0018	0.0076
"P2BP06"	"AMD-T2D"	"T2D"	"2:43819139:A:G"	0.0646777785810776	-0.0817	0.0096
"P2BP06"	"AMD-T2D"	"T2D"	"2:43829540:T:C"	0.0181161841434602	-0.0271	0.0064
"P2BP06"	"AMD-T2D"	"T2D"	"2:43831150:G:A"	0.0321387042958882	-0.0801	0.0096
"P2BP06"	"AMD-T2D"	"T2D"	"2:43832116:G:A"	0.0173390766772634	0.0132	0.0083
"P2BP06"	"AMD-T2D"	"T2D"	"2:43833258:C:T"	0.0344352847508878	-0.0803	0.0096
"P2BP06"	"AMD-T2D"	"T2D"	"2:43834163:A:G"	0.0331718287580878	-0.0802	0.0096
"P2BP06"	"AMD-T2D"	"T2D"	"2:43834352:T:C"	0.0369821565690406	-0.0805	0.0096
"P2BP06"	"AMD-T2D"	"T2D"	"2:43836687:C:T"	0.0181883685153829	-0.0281	0.0064
"P2BP06"	"AMD-T2D"	"T2D"	"2:43837016:G:A"	0.0190818963958863	-0.0013	0.0076
"P2BP06"	"AMD-T2D"	"T2D"	"2:43841269:C:T"	0.0632723086815709	-0.0825	0.0097
"P2BP06"	"AMD-T2D"	"T2D"	"2:43844833:G:A"	0.0352242071177121	-0.0812	0.0097
"P2BP06"	"AMD-T2D"	"T2D"	"2:43846553:G:T"	0.0502047497290622	-0.0812	0.0096
"P2BP06"	"AMD-T2D"	"T2D"	"2:43848664:T:C"	0.0371394053616517	-0.0775	0.0093
"P2BP06"	"AMD-T2D"	"T2D"	"2:43850590:T:C"	0.0177296930353767	-0.0493	0.0076
"P2BP06"	"AMD-T2D"	"T2D"	"2:43853181:C:T"	0.0178537315814402	0.0047	0.0086
"P2BP06"	"AMD-T2D"	"T2D"	"2:43855643:G:A"	0.0190188760385343	0.0015	0.0069
"P2BP06"	"AMD-T2D"	"T2D"	"2:43856927:A:G"	0.0233889857172996	-0.0305	0.0065
"P2BP06"	"AMD-T2D"	"T2D"	"2:43858579:T:C"	0.017665207424002	-0.0224	0.0065
"P2BP06"	"AMD-T2D"	"T2D"	"2:43859090:A:C"	0.022502741753027	-0.0297	0.0065
"P2BP06"	"AMD-T2D"	"T2D"	"2:43860878:A:G"	0.0178602028707595	-0.0227	0.0065
"P2BP06"	"AMD-T2D"	"T2D"	"2:43861551:T:C"	0.0179836196250837	-0.0205	0.0065
"P2BP06"	"AMD-T2D"	"T2D"	"2:43862888:T:C"	0.0176997477530216	-0.0204	0.0066
"P2BP06"	"AMD-T2D"	"T2D"	"2:43863866:G:A"	0.0176770029057839	-0.0202	0.0066
"P2BP06"	"AMD-T2D"	"T2D"	"2:43870490:A:C"	0.0173480012573455	-0.0144	0.007
"P2BP06"	"AMD-T2D"	"T2D"	"2:43871983:T:C"	0.0174285308207759	-0.0169	0.0066
"P2BP06"	"AMD-T2D"	"T2D"	"2:43872032:A:G"	0.0181324015080029	0.0051	0.0068
"P2BP06"	"AMD-T2D"	"T2D"	"2:43872746:G:T"	0.0175327407840334	-0.0197	0.0065
"P2BP06"	"AMD-T2D"	"T2D"	"2:43873144:A:C"	0.0174580775762242	-0.0174	0.0066
"P2BP06"	"AMD-T2D"	"T2D"	"2:43873505:C:A"	0.0187329396356575	0.0016	0.0069
"P2BP06"	"AMD-T2D"	"T2D"	"2:43873878:T:C"	0.0176312898603872	-0.0212	0.0065
"P2BP06"	"AMD-T2D"	"T2D"	"2:43875289:G:A"	0.0175432169063132	-0.0205	0.0065
"P2BP06"	"AMD-T2D"	"T2D"	"2:43879002:G:A"	0.0174922881608647	8e-04	0.0083
"P2BP06"	"AMD-T2D"	"T2D"	"2:43881161:G:A"	0.0183044293654926	-0.0226	0.0065
"P2BP06"	"AMD-T2D"	"T2D"	"2:43882922:C:A"	0.0218642887027636	-0.0281	0.0066
"P2BP06"	"AMD-T2D"	"T2D"	"2:43883711:A:G"	0.01819109762834	0.0076	0.0084
"P2BP06"	"AMD-T2D"	"T2D"	"2:43884760:A:G"	0.018005795528971	-0.0191	0.0065
"P2BP06"	"AMD-T2D"	"T2D"	"2:43884938:G:A"	0.0181632500397166	-0.0218	0.0065
"P2BP06"	"AMD-T2D"	"T2D"	"2:43885057:T:C"	0.0174645942857481	-0.0172	0.0066
"P2BP06"	"AMD-T2D"	"T2D"	"2:43899918:C:A"	0.017328373907862	-0.007	0.0062
"P2BP06"	"AMD-T2D"	"T2D"	"2:43900998:T:C"	0.0173934814920947	-0.0087	0.007
"P2BP06"	"AMD-T2D"	"T2D"	"2:43903066:A:G"	0.0175059628028618	-0.0067	0.007
"P2BP06"	"AMD-T2D"	"T2D"	"2:43912545:T:C"	0.0184525876529679	0.0146	0.0065
"P2BP06"	"AMD-T2D"	"T2D"	"2:43913220:T:C"	0.0177946955307546	5e-04	0.0104
"P2BP06"	"AMD-T2D"	"T2D"	"2:43922928:C:A"	0.0173536950298021	-0.0018	0.0077
"P2BP06"	"AMD-T2D"	"T2D"	"2:43926465:G:T"	0.0177811807273591	0.0106	0.0064
"P2BP06"	"AMD-T2D"	"T2D"	"2:43928768:A:G"	0.0173987317110086	-0.0027	0.0077
"P2BP06"	"AMD-T2D"	"T2D"	"2:43929983:G:A"	0.0178610487980078	0.0111	0.0064
"P2BP06"	"AMD-T2D"	"T2D"	"2:43930075:C:T"	0.0173740984572849	-0.0013	0.009
"P2BP06"	"AMD-T2D"	"T2D"	"2:43930709:A:G"	0.0184027896070766	0.0144	0.0068
"P2BP06"	"AMD-T2D"	"T2D"	"2:43931176:T:C"	0.0179103263881251	0.0114	0.0064
"P2BP06"	"AMD-T2D"	"T2D"	"2:43931321:G:A"	0.0179136548732793	0.0114	0.0064
"P2BP06"	"AMD-T2D"	"T2D"	"2:43935446:G:A"	0.0198890441817314	0.0222	0.0105
"P2BP06"	"AMD-T2D"	"T2D"	"2:43935725:T:C"	0.0175740389909853	0.0045	0.0064
"P2BP06"	"AMD-T2D"	"T2D"	"2:43937500:T:C"	0.0173613710978899	9e-04	0.008
"P2BP06"	"AMD-T2D"	"T2D"	"2:43938558:C:A"	0.0181475370631186	0.0101	0.0064
"P2BP06"	"AMD-T2D"	"T2D"	"2:43939079:A:G"	0.0173437879505337	-0.0133	0.0075
"P2BP06"	"AMD-T2D"	"T2D"	"2:43939525:A:G"	0.0174323411230604	0.0088	0.0074
"P2BP06"	"AMD-T2D"	"T2D"	"2:43940266:T:C"	0.0174332040537073	0.0088	0.0074
"P2BP06"	"AMD-T2D"	"T2D"	"2:43941944:A:G"	0.0178349797620926	0.0099	0.0064
"P2BP06"	"AMD-T2D"	"T2D"	"2:43942473:G:A"	0.0175788408818895	-9e-04	0.0077
"P2BP06"	"AMD-T2D"	"T2D"	"2:43942969:A:G"	0.0175457201640207	-5e-04	0.0077
"P2BP06"	"AMD-T2D"	"T2D"	"2:43943116:G:T"	0.0174929059043638	2e-04	0.0074
"P2BP06"	"AMD-T2D"	"T2D"	"2:43943525:A:G"	0.0189465095192863	0.0118	0.0067
"P2BP06"	"AMD-T2D"	"T2D"	"2:43945256:C:T"	0.0179029260476751	0.0103	0.0065
"P2BP06"	"AMD-T2D"	"T2D"	"2:43945391:A:G"	0.0205319818066075	0.0219	0.0092
"P2BP06"	"AMD-T2D"	"T2D"	"2:43947318:A:G"	0.0174265128816951	0.01	0.0073
"P2BP06"	"AMD-T2D"	"T2D"	"2:43947760:T:C"	0.0173291000164476	0.0026	0.0076
"P2BP06"	"AMD-T2D"	"T2D"	"2:43947944:A:G"	0.017906010108013	0.0099	0.0067
"P2BP06"	"AMD-T2D"	"T2D"	"2:43950929:G:A"	0.0208031921147244	0.0227	0.0092
"P2BP06"	"AMD-T2D"	"T2D"	"2:43951123:T:G"	0.0178113262001669	0.0112	0.0065
"P2BP06"	"AMD-T2D"	"T2D"	"2:43951871:A:G"	0.018155327992513	0.0111	0.0065
"P2BP06"	"AMD-T2D"	"T2D"	"2:43952695:G:T"	0.0173726772391332	1e-04	0.0065
"P2BP06"	"AMD-T2D"	"T2D"	"2:43952970:A:G"	0.0181766988374604	0.0112	0.0065
"P2BP06"	"AMD-T2D"	"T2D"	"2:43953664:A:G"	0.01809843201309	0.0108	0.0065
"P2BP06"	"AMD-T2D"	"T2D"	"2:43959547:C:T"	0.0179145159957173	0.005	0.007
"P2BP06"	"AMD-T2D"	"T2D"	"2:43960043:A:C"	0.0173185484831078	0.0014	0.0077
"P2BP06"	"AMD-T2D"	"T2D"	"2:43962562:G:T"	0.0186480687134946	0.0083	0.0071
"P2BP06"	"AMD-T2D"	"T2D"	"2:43964078:C:T"	0.0186598231352902	0.0098	0.0114
"P2BP06"	"AMD-T2D"	"T2D"	"2:43964837:A:G"	0.0206827993175828	0.0178	0.007
"P2BP06"	"AMD-T2D"	"T2D"	"2:43967522:A:G"	0.0198435147121862	0.015	0.0066
"P2BP06"	"AMD-T2D"	"T2D"	"2:43968167:G:A"	0.0174180028706959	-0.0064	0.0129
"P2BP06"	"AMD-T2D"	"T2D"	"2:43969079:G:T"	0.0173598499497156	0.0031	0.0079
"P2BP06"	"AMD-T2D"	"T2D"	"2:43969482:G:A"	0.0173564041744254	0.003	0.0079
"P2BP06"	"AMD-T2D"	"T2D"	"2:43970287:A:G"	0.0174592346571402	-0.0075	0.0129
"P2BP06"	"AMD-T2D"	"T2D"	"2:43972708:A:G"	0.0173342073184508	0.0024	0.0079
"P2BP06"	"AMD-T2D"	"T2D"	"2:43974358:T:C"	0.0173529496816233	0.0028	0.0077
"P2BP06"	"AMD-T2D"	"T2D"	"2:43976263:T:C"	0.017334494215991	0.0076	0.0114
"P2BP06"	"AMD-T2D"	"T2D"	"2:43980631:T:C"	0.0180175297556494	-0.0185	0.0121
"P2BP06"	"AMD-T2D"	"T2D"	"2:43985940:C:A"	0.0173669615061934	-0.002	0.0071
"P2BP06"	"AMD-T2D"	"T2D"	"2:43991357:A:C"	0.0183499753742971	-0.0234	0.0077
"P2BP06"	"AMD-T2D"	"T2D"	"2:43998010:T:C"	0.0176237592987383	0.0028	0.007
"P2BP06"	"AMD-T2D"	"T2D"	"2:43998726:G:A"	0.0178913267621186	0.0134	0.0092
"P2BP06"	"AMD-T2D"	"T2D"	"2:43999182:C:T"	0.0176447255756726	0.003	0.007
"P2BP06"	"AMD-T2D"	"T2D"	"2:43999734:T:G"	0.01737651055864	-2e-04	0.0071
"P2BP06"	"AMD-T2D"	"T2D"	"2:44000435:T:C"	0.0174802183319552	0.0015	0.0069
"P2BP06"	"AMD-T2D"	"T2D"	"2:44004010:T:C"	0.0173158321392076	0.0012	0.0066
"P2BP06"	"AMD-T2D"	"T2D"	"2:44006464:A:C"	0.0200187739411616	-0.0181	0.0083
"P2BP06"	"AMD-T2D"	"T2D"	"2:44010341:C:A"	0.0181980089333974	-0.0211	0.0124
"P2BP06"	"AMD-T2D"	"T2D"	"2:44014301:A:G"	0.0180659347276203	-0.0186	0.012
"P2BP06"	"AMD-T2D"	"T2D"	"2:44017188:T:C"	0.0179931719711258	-0.019	0.012
"P2BP06"	"AMD-T2D"	"T2D"	"2:44017411:C:A"	0.0181965977307146	-0.0219	0.0123
"P2BP06"	"AMD-T2D"	"T2D"	"2:44021124:A:G"	0.0182498514811908	-0.0216	0.012
"P2BP06"	"AMD-T2D"	"T2D"	"2:44021407:A:G"	0.018193008838452	-0.0203	0.0121
"P2BP06"	"AMD-T2D"	"T2D"	"2:44022970:T:C"	0.0202220879056452	0.0179	0.0084
"P2BP06"	"AMD-T2D"	"T2D"	"2:44026720:G:A"	0.0180502717028905	-0.0196	0.0124
"P2BP06"	"AMD-T2D"	"T2D"	"2:44027302:G:A"	0.0179949325731601	0.0089	0.0073
"P2BP06"	"AMD-T2D"	"T2D"	"2:44027391:C:A"	0.0182044352142189	-0.0216	0.0121
"P2BP06"	"AMD-T2D"	"T2D"	"2:44027948:G:A"	0.0181577662180233	-0.0207	0.0124
"P2BP06"	"AMD-T2D"	"T2D"	"2:44029655:G:A"	0.0181100023322247	-0.0202	0.0124
"P2BP06"	"AMD-T2D"	"T2D"	"2:44029821:C:T"	0.0183445161883983	-0.0224	0.012
"P2BP06"	"AMD-T2D"	"T2D"	"2:44030032:C:A"	0.0174025771374867	0.0017	0.0072
"P2BP06"	"AMD-T2D"	"T2D"	"2:44030649:C:T"	0.0173604990396673	0.001	0.0068
"P2BP06"	"AMD-T2D"	"T2D"	"2:44036800:A:G"	0.0200128518192426	-0.0175	0.0081
"P2BP06"	"AMD-T2D"	"T2D"	"2:44036922:T:C"	0.0199245154922419	-0.0168	0.0081
"P2BP06"	"AMD-T2D"	"T2D"	"2:44037333:G:A"	0.0187666572248789	-0.0141	0.0087
"P2BP06"	"AMD-T2D"	"T2D"	"2:44037488:A:G"	0.0200026123914354	-0.017	0.0081
"P2BP06"	"AMD-T2D"	"T2D"	"2:44039633:G:A"	0.018903362904077	-0.0151	0.0086
"P2BP06"	"AMD-T2D"	"T2D"	"2:44039839:C:T"	0.018667102913525	-0.0136	0.0087
"P2BP06"	"AMD-T2D"	"T2D"	"2:44039875:A:C"	0.0173491680356028	0.0013	0.0067
"P2BP06"	"AMD-T2D"	"T2D"	"2:44042896:A:G"	0.0176514837787	-0.0048	0.0112
"P2BP06"	"AMD-T2D"	"T2D"	"2:44043135:T:G"	0.0179616483159187	-0.0178	0.0118
"P2BP06"	"AMD-T2D"	"T2D"	"2:44043393:G:A"	0.0181901343258798	-0.0195	0.012
"P2BP06"	"AMD-T2D"	"T2D"	"2:44044680:C:A"	0.0173781706167977	-0.0038	0.0101
"P2BP06"	"AMD-T2D"	"T2D"	"2:44047530:C:T"	0.0173589015990357	-0.0049	0.0102
"P2BP07"	"AMD-CAD"	"AMD"	"16:74735148:G:A"	4.10034561859618e-10	0.00239264	0.0187454
"P2BP07"	"AMD-CAD"	"AMD"	"16:74735442:C:T"	5.1618795904318e-09	-0.045557	0.0199715
"P2BP07"	"AMD-CAD"	"AMD"	"16:74735695:T:C"	6.04923122704548e-09	-0.0475673	0.0202307
"P2BP07"	"AMD-CAD"	"AMD"	"16:74736120:G:A"	4.76399808491124e-09	0.0420114	0.018715
"P2BP07"	"AMD-CAD"	"AMD"	"16:74736671:T:C"	4.069409254015e-10	-0.000554993	0.0198202
"P2BP07"	"AMD-CAD"	"AMD"	"16:74736861:A:G"	4.07089362219892e-10	-0.00077523	0.019815
"P2BP07"	"AMD-CAD"	"AMD"	"16:74740968:G:T"	3.10019310223453e-09	0.0377073	0.0184894
"P2BP07"	"AMD-CAD"	"AMD"	"16:74741491:G:A"	3.45761819176005e-09	0.0392328	0.0187405
"P2BP07"	"AMD-CAD"	"AMD"	"16:74742523:C:T"	5.02495822729543e-10	0.013977	0.0212487
"P2BP07"	"AMD-CAD"	"AMD"	"16:74743736:C:T"	4.07193945228812e-10	0.0010581	0.0233316
"P2BP07"	"AMD-CAD"	"AMD"	"16:74744928:C:T"	2.45001419152402e-08	0.053049	0.0183105
"P2BP07"	"AMD-CAD"	"AMD"	"16:74746403:T:G"	7.55206008840048e-10	-0.0211516	0.0187917
"P2BP07"	"AMD-CAD"	"AMD"	"16:74746797:T:C"	1.49424350670557e-09	-0.0357567	0.0219058
"P2BP07"	"AMD-CAD"	"AMD"	"16:74750405:G:A"	1.17811194133566e-09	0.0348632	0.0236255
"P2BP07"	"AMD-CAD"	"AMD"	"16:74753079:C:T"	4.94194252187441e-09	0.0468983	0.020738
"P2BP07"	"AMD-CAD"	"AMD"	"16:74755511:T:G"	8.93710216942623e-10	-0.0232439	0.0183087
"P2BP07"	"AMD-CAD"	"AMD"	"16:74755930:G:A"	1.21923882101527e-09	0.0438886	0.0292731
"P2BP07"	"AMD-CAD"	"AMD"	"16:74756983:G:A"	6.69931887742337e-10	0.0253982	0.0251285
"P2BP07"	"AMD-CAD"	"AMD"	"16:74757718:G:A"	6.73908373549637e-10	-0.018819	0.0185097
"P2BP07"	"AMD-CAD"	"AMD"	"16:74758984:A:G"	6.01138694378278e-10	0.0223174	0.0249562
"P2BP07"	"AMD-CAD"	"AMD"	"16:74762468:A:G"	5.44058909035527e-10	0.0194943	0.0252639
"P2BP07"	"AMD-CAD"	"AMD"	"16:74764793:C:T"	2.6039735923078e-09	0.0684888	0.0351252
"P2BP07"	"AMD-CAD"	"AMD"	"16:74765354:C:T"	6.47456421809523e-10	0.025139	0.025769
"P2BP07"	"AMD-CAD"	"AMD"	"16:74766177:G:A"	5.05887221002865e-10	-0.0234788	0.035139
"P2BP07"	"AMD-CAD"	"AMD"	"16:74768812:G:T"	4.07953892889168e-10	0.00159181	0.0207683
"P2BP07"	"AMD-CAD"	"AMD"	"16:74770099:C:T"	5.39156830292598e-10	-0.0150475	0.0198118
"P2BP07"	"AMD-CAD"	"AMD"	"16:74770676:T:C"	4.67835437056863e-10	0.00984634	0.0184011
"P2BP07"	"AMD-CAD"	"AMD"	"16:74770705:T:G"	6.02367378199631e-10	0.0230118	0.0256657
"P2BP07"	"AMD-CAD"	"AMD"	"16:74771367:G:A"	6.70809963132513e-10	-0.0193957	0.0191646
"P2BP07"	"AMD-CAD"	"AMD"	"16:74772798:C:T"	4.07654243694822e-10	0.00138086	0.0208889
"P2BP07"	"AMD-CAD"	"AMD"	"16:74772851:G:A"	4.32931690497185e-10	-0.0128188	0.0358917
"P2BP07"	"AMD-CAD"	"AMD"	"16:74776171:G:A"	6.39602371066417e-10	0.0181149	0.0188176
"P2BP07"	"AMD-CAD"	"AMD"	"16:74778006:G:A"	6.38011865561339e-10	0.0185787	0.0193527
"P2BP07"	"AMD-CAD"	"AMD"	"16:74783398:A:G"	5.43698197574827e-10	-0.0150815	0.0195674
"P2BP07"	"AMD-CAD"	"AMD"	"16:74785902:A:G"	8.06926747642933e-10	0.0377914	0.0319101
"P2BP07"	"AMD-CAD"	"AMD"	"16:74786101:G:A"	4.67308525209376e-10	0.01112	0.0208656
"P2BP07"	"AMD-CAD"	"AMD"	"16:74787675:G:A"	4.12788803139108e-10	0.00337485	0.0194848
"P2BP07"	"AMD-CAD"	"AMD"	"16:74792859:A:C"	4.34624669587436e-10	-0.00667276	0.0181241
"P2BP07"	"AMD-CAD"	"AMD"	"16:74793716:C:A"	4.47852865903542e-10	-0.00812351	0.0183052
"P2BP07"	"AMD-CAD"	"AMD"	"16:74796718:A:G"	4.18527323908791e-10	0.00442586	0.0183348
"P2BP07"	"AMD-CAD"	"AMD"	"16:74796993:G:A"	4.13607481597467e-10	0.00335564	0.0181834
"P2BP07"	"AMD-CAD"	"AMD"	"16:74797137:A:G"	4.19061341183635e-10	0.00452339	0.0183326
"P2BP07"	"AMD-CAD"	"AMD"	"16:74801310:A:G"	4.14200562737221e-10	-0.00352034	0.0183036
"P2BP07"	"AMD-CAD"	"AMD"	"16:74805668:G:A"	4.10884104518061e-10	-0.00272791	0.0190389
"P2BP07"	"AMD-CAD"	"AMD"	"16:74807492:C:T"	4.12214706813074e-10	-0.00316325	0.0191976
"P2BP07"	"AMD-CAD"	"AMD"	"16:74808425:G:A"	4.28343027714107e-10	0.00641719	0.0197346
"P2BP07"	"AMD-CAD"	"AMD"	"16:74812676:C:T"	4.23188706299982e-10	0.00526193	0.0184943
"P2BP07"	"AMD-CAD"	"AMD"	"16:74820071:C:A"	4.08775346905088e-10	0.00214388	0.0214458
"P2BP07"	"AMD-CAD"	"AMD"	"16:74829373:A:G"	4.197224789948e-10	0.00519856	0.0205317
"P2BP07"	"AMD-CAD"	"AMD"	"16:74831956:A:C"	4.9832216131307e-10	0.0159335	0.0247158
"P2BP07"	"AMD-CAD"	"AMD"	"16:74835214:T:C"	4.81720441314337e-10	0.0127556	0.0216784
"P2BP07"	"AMD-CAD"	"AMD"	"16:74837703:G:A"	4.72382688521122e-10	0.0121402	0.0219417
"P2BP07"	"AMD-CAD"	"AMD"	"16:74839520:A:G"	1.15421217028455e-09	0.0286668	0.0196164
"P2BP07"	"AMD-CAD"	"AMD"	"16:74846046:C:T"	1.68190905647236e-09	0.0330735	0.0193991
"P2BP07"	"AMD-CAD"	"AMD"	"16:74846932:C:T"	4.9729287354694e-10	0.0159636	0.0248896
"P2BP07"	"AMD-CAD"	"AMD"	"16:74850912:C:A"	6.25036244983335e-10	-0.0258096	0.0275204
"P2BP07"	"AMD-CAD"	"AMD"	"16:74857552:A:G"	4.32011093565166e-10	0.0124585	0.0354946
"P2BP07"	"AMD-CAD"	"AMD"	"16:74860556:C:T"	4.06840339195469e-10	-0.000572934	0.0343973
"P2BP07"	"AMD-CAD"	"AMD"	"16:74860912:A:G"	9.95385995850029e-10	-0.0274408	0.0202714
"P2BP07"	"AMD-CAD"	"AMD"	"16:74860935:C:A"	1.25844035192557e-09	0.0277006	0.0182152
"P2BP07"	"AMD-CAD"	"AMD"	"16:74861095:A:G"	9.13498721111239e-10	0.0247761	0.0192496
"P2BP07"	"AMD-CAD"	"AMD"	"16:74868518:A:C"	4.90007034947837e-10	-0.0141609	0.0229376
"P2BP07"	"AMD-CAD"	"AMD"	"16:74869353:G:A"	4.90450569046175e-10	0.0113907	0.0184058
"P2BP07"	"AMD-CAD"	"AMD"	"16:74873513:C:A"	4.30439683896111e-10	-0.00955507	0.0280865
"P2BP07"	"AMD-CAD"	"AMD"	"16:74873574:G:A"	5.364112487527e-10	-0.0148233	0.0196959
"P2BP07"	"AMD-CAD"	"AMD"	"16:74873927:T:C"	4.72049732636037e-10	0.00995829	0.0180408
"P2BP07"	"AMD-CAD"	"AMD"	"16:74874522:C:T"	4.85928408622272e-10	-0.0189915	0.031477
"P2BP07"	"AMD-CAD"	"AMD"	"16:74875946:T:C"	5.12354381143609e-10	-0.0164579	0.0239437
"P2BP07"	"AMD-CAD"	"AMD"	"16:74876612:G:A"	4.96256702398057e-10	-0.0138876	0.0217661
"P2BP07"	"AMD-CAD"	"AMD"	"16:74877956:A:G"	4.79149719900818e-10	-0.0109445	0.0189019
"P2BP07"	"AMD-CAD"	"AMD"	"16:74878994:T:C"	7.56363638387825e-10	-0.020547	0.018232
"P2BP07"	"AMD-CAD"	"AMD"	"16:74880520:G:T"	4.83617035307304e-10	0.0114083	0.0191672
"P2BP07"	"AMD-CAD"	"AMD"	"16:74884070:C:T"	5.83356030148252e-10	-0.0188394	0.0219268
"P2BP07"	"AMD-CAD"	"AMD"	"16:74884097:T:G"	5.49676193450921e-10	0.0174968	0.022285
"P2BP07"	"AMD-CAD"	"AMD"	"16:74884173:G:A"	4.85919748882679e-10	-0.0133656	0.0221536
"P2BP07"	"AMD-CAD"	"AMD"	"16:74884658:A:G"	5.4529658566338e-10	-0.017187	0.0221872
"P2BP07"	"AMD-CAD"	"AMD"	"16:74885720:C:T"	6.24942431137754e-10	0.0209563	0.0223493
"P2BP07"	"AMD-CAD"	"AMD"	"16:74888554:G:A"	4.0683090229976e-10	0.000281263	0.0185301
"P2BP07"	"AMD-CAD"	"AMD"	"16:74889084:C:T"	4.15394829644811e-10	-0.00388531	0.0187614
"P2BP07"	"AMD-CAD"	"AMD"	"16:74897248:T:G"	1.70116509767837e-09	-0.0425007	0.0248292
"P2BP07"	"AMD-CAD"	"AMD"	"16:74906114:A:G"	2.12211670458373e-09	-0.0335421	0.0182369
"P2BP07"	"AMD-CAD"	"AMD"	"16:74906529:A:G"	1.84350257281807e-09	-0.0324726	0.0184594
"P2BP07"	"AMD-CAD"	"AMD"	"16:74907324:A:G"	4.17170409328094e-10	-0.00797277	0.0350912
"P2BP07"	"AMD-CAD"	"AMD"	"16:74907342:C:T"	4.15242507045832e-10	-0.0072146	0.0351471
"P2BP07"	"AMD-CAD"	"AMD"	"16:74907391:T:C"	4.20410706247765e-10	0.0048309	0.0185992
"P2BP07"	"AMD-CAD"	"AMD"	"16:74907440:T:G"	4.1804626427222e-10	-0.0082987	0.0350952
"P2BP07"	"AMD-CAD"	"AMD"	"16:74918785:T:C"	6.08898820253501e-09	0.0472102	0.0200545
"P2BP07"	"AMD-CAD"	"AMD"	"16:74920191:G:A"	2.00614835854651e-09	-0.0437201	0.0241857
"P2BP07"	"AMD-CAD"	"AMD"	"16:74921446:T:C"	1.04187225513641e-09	0.0296026	0.0213311
"P2BP07"	"AMD-CAD"	"AMD"	"16:74922483:G:A"	7.7838557821508e-10	0.0222809	0.0193284
"P2BP07"	"AMD-CAD"	"AMD"	"16:74926520:C:T"	4.06907063599249e-10	-0.000521569	0.0210539
"P2BP07"	"AMD-CAD"	"AMD"	"16:74926947:A:G"	4.07714417782756e-10	-0.0014563	0.0213059
"P2BP07"	"AMD-CAD"	"AMD"	"16:74928308:C:T"	4.11898848362569e-10	0.00348337	0.0217794
"P2BP07"	"AMD-CAD"	"AMD"	"16:74934279:T:C"	4.25599999687165e-10	0.00644356	0.0211767
"P2BP07"	"AMD-CAD"	"AMD"	"16:74935232:T:C"	4.10401601591559e-10	-0.0027707	0.020581
"P2BP07"	"AMD-CAD"	"AMD"	"16:74936031:A:G"	8.22205747930127e-10	-0.0231888	0.0193173
"P2BP07"	"AMD-CAD"	"AMD"	"16:74937643:G:T"	7.90744136835997e-10	-0.0226189	0.0193877
"P2BP07"	"AMD-CAD"	"AMD"	"16:74937828:A:G"	6.5800709325714e-10	-0.019072	0.0192186
"P2BP07"	"AMD-CAD"	"AMD"	"16:74938083:A:G"	6.07889627524116e-10	-0.0171125	0.018868
"P2BP07"	"AMD-CAD"	"AMD"	"16:74938403:C:T"	5.90811288780913e-10	-0.0168213	0.019242
"P2BP07"	"AMD-CAD"	"AMD"	"16:74938743:C:T"	1.35257860467419e-09	0.0298507	0.0190306
"P2BP07"	"AMD-CAD"	"AMD"	"16:74938857:G:A"	5.90460458305131e-10	-0.0168128	0.0192476
"P2BP07"	"AMD-CAD"	"AMD"	"16:74939720:G:T"	6.67487731753624e-10	0.0205323	0.0203891
"P2BP07"	"AMD-CAD"	"AMD"	"16:74941322:T:C"	8.53522696964149e-10	-0.0237773	0.0193015
"P2BP07"	"AMD-CAD"	"AMD"	"16:74943260:A:G"	1.21066268121695e-09	0.0289311	0.019359
"P2BP07"	"AMD-CAD"	"AMD"	"16:74944573:C:T"	1.87952065022756e-09	0.0336355	0.0189992
"P2BP07"	"AMD-CAD"	"AMD"	"16:74950286:A:C"	4.6100812056693e-10	0.0175485	0.0346681
"P2BP07"	"AMD-CAD"	"AMD"	"16:74950469:A:G"	1.40119182923115e-09	0.0297128	0.0186703
"P2BP07"	"AMD-CAD"	"AMD"	"16:74954897:T:C"	8.82206419028364e-10	-0.0242741	0.0192795
"P2BP07"	"AMD-CAD"	"AMD"	"16:74964464:T:G"	4.12380574132953e-10	0.00584044	0.0349196
"P2BP07"	"AMD-CAD"	"AMD"	"16:74966742:C:T"	8.84221584840361e-10	-0.0263316	0.0208829
"P2BP07"	"AMD-CAD"	"AMD"	"16:74967819:T:C"	8.16351541921279e-10	-0.0249045	0.0208527
"P2BP07"	"AMD-CAD"	"AMD"	"16:74976060:T:C"	7.8706174910792e-10	-0.0216723	0.0186419
"P2BP07"	"AMD-CAD"	"AMD"	"16:74977870:A:G"	6.98694657685905e-10	-0.0201698	0.0191645
"P2BP07"	"AMD-CAD"	"AMD"	"16:74978618:G:A"	6.84530321315435e-10	-0.0409435	0.0396609
"P2BP07"	"AMD-CAD"	"AMD"	"16:74989340:A:G"	5.97451199624288e-10	0.0161182	0.0181677
"P2BP07"	"AMD-CAD"	"AMD"	"16:74989488:T:G"	5.49416068196251e-10	0.0146579	0.0186839
"P2BP07"	"AMD-CAD"	"AMD"	"16:74990004:C:T"	4.21119916715895e-10	0.00509761	0.0191425
"P2BP07"	"AMD-CAD"	"AMD"	"16:74990061:T:G"	5.69667535366136e-10	0.0155171	0.0186859
"P2BP07"	"AMD-CAD"	"AMD"	"16:74991864:T:G"	6.91020907161999e-10	0.0404264	0.0388097
"P2BP07"	"AMD-CAD"	"AMD"	"16:74997192:G:A"	7.74604602682416e-10	0.043691	0.0380444
"P2BP07"	"AMD-CAD"	"AMD"	"16:74999617:A:C"	6.61677379554249e-10	0.0186999	0.0187356
"P2BP07"	"AMD-CAD"	"AMD"	"16:75005197:T:C"	4.27367807809276e-10	-0.00974018	0.0306375
"P2BP07"	"AMD-CAD"	"AMD"	"16:75008348:A:C"	9.40568067875347e-10	0.023774	0.0181464
"P2BP07"	"AMD-CAD"	"AMD"	"16:75012457:G:A"	4.25519397495577e-10	0.00565722	0.0186315
"P2BP07"	"AMD-CAD"	"AMD"	"16:75019070:C:A"	4.51096715536892e-10	-0.00830398	0.018047
"P2BP07"	"AMD-CAD"	"AMD"	"16:75025548:C:T"	6.57323750985484e-10	-0.0204171	0.0205963
"P2BP07"	"AMD-CAD"	"AMD"	"16:75030729:G:T"	4.92449192535105e-10	-0.0117051	0.0187115
"P2BP07"	"AMD-CAD"	"AMD"	"16:75033297:C:T"	5.62026203354549e-10	-0.0300341	0.0369152
"P2BP07"	"AMD-CAD"	"AMD"	"16:75045625:A:G"	4.39545511099482e-10	0.00767957	0.0192833
"P2BP07"	"AMD-CAD"	"AMD"	"16:75055518:G:T"	5.24910448440608e-10	0.0263363	0.0364505
"P2BP07"	"AMD-CAD"	"AMD"	"16:75060003:G:A"	5.41470090986707e-10	0.0278027	0.0363305
"P2BP07"	"AMD-CAD"	"AMD"	"16:75073811:T:G"	4.26432333888727e-10	0.00565054	0.0181818
"P2BP07"	"AMD-CAD"	"AMD"	"16:75076738:G:T"	5.75237191213773e-10	0.0266094	0.0315903
"P2BP07"	"AMD-CAD"	"AMD"	"16:75081551:C:A"	5.58154078511564e-10	-0.029175	0.036249
"P2BP07"	"AMD-CAD"	"AMD"	"16:75083697:C:T"	4.14854706143331e-10	0.00379259	0.0189105
"P2BP07"	"AMD-CAD"	"AMD"	"16:75087585:A:G"	4.06968458932511e-10	0.000821403	0.027042
"P2BP07"	"AMD-CAD"	"AMD"	"16:75088439:G:A"	5.7685378695993e-10	0.0301869	0.0356932
"P2BP07"	"AMD-CAD"	"AMD"	"16:75088780:C:T"	5.17688558687723e-10	0.024837	0.0353493
"P2BP07"	"AMD-CAD"	"AMD"	"16:75090967:G:A"	5.33177502148874e-10	-0.0268489	0.0360709
"P2BP07"	"AMD-CAD"	"AMD"	"16:75094784:G:A"	6.34211794192652e-10	0.0340498	0.0357061
"P2BP07"	"AMD-CAD"	"AMD"	"16:75095695:T:C"	5.56661494677258e-10	0.0287508	0.0358741
"P2BP07"	"AMD-CAD"	"AMD"	"16:75102952:T:C"	4.08614586611122e-10	0.00276071	0.028801
"P2BP07"	"AMD-CAD"	"AMD"	"16:75108675:G:T"	6.16905193595585e-10	0.0332006	0.0359536
"P2BP07"	"AMD-CAD"	"AMD"	"16:75109124:C:T"	4.32920144177729e-10	0.00673077	0.0188497
"P2BP07"	"AMD-CAD"	"AMD"	"16:75109171:C:T"	4.93998841832877e-10	-0.0156866	0.0248726
"P2BP07"	"AMD-CAD"	"AMD"	"16:75109526:T:C"	4.15815049059631e-10	-0.00412051	0.0194336
"P2BP07"	"AMD-CAD"	"AMD"	"16:75110818:C:A"	9.28545795808589e-10	0.0492269	0.037866
"P2BP07"	"AMD-CAD"	"AMD"	"16:75115703:A:G"	4.17683665432378e-10	-0.00628692	0.0270201
"P2BP07"	"AMD-CAD"	"AMD"	"16:75117245:T:C"	4.10816825002769e-10	-0.00383987	0.0270209
"P2BP07"	"AMD-CAD"	"AMD"	"16:75122852:G:A"	4.22683998912987e-10	-0.00756897	0.0270138
"P2BP07"	"AMD-CAD"	"AMD"	"16:75123494:C:T"	5.19842169310891e-10	0.0254888	0.0359686
"P2BP07"	"AMD-CAD"	"AMD"	"16:75123994:G:T"	4.28713620159726e-10	-0.00873656	0.0266451
"P2BP07"	"AMD-CAD"	"AMD"	"16:75126903:G:A"	4.13255651920963e-10	0.00333585	0.0185571
"P2BP07"	"AMD-CAD"	"AMD"	"16:75136886:C:A"	5.00492092214699e-10	0.0233265	0.0358025
"P2BP07"	"AMD-CAD"	"AMD"	"16:75137937:C:T"	4.43197589738986e-10	-0.0113752	0.0271496
"P2BP07"	"AMD-CAD"	"AMD"	"16:75139406:T:C"	4.77266559606449e-10	0.0207829	0.0363331
"P2BP07"	"AMD-CAD"	"AMD"	"16:75141060:A:G"	8.18992984541467e-10	0.0450311	0.0376177
"P2BP07"	"AMD-CAD"	"AMD"	"16:75144265:A:C"	4.11571221548002e-10	-0.00288579	0.0186468
"P2BP07"	"AMD-CAD"	"AMD"	"16:75144297:A:G"	4.73857730831639e-10	-0.0152749	0.0273238
"P2BP07"	"AMD-CAD"	"AMD"	"16:75145538:T:C"	4.07017974879409e-10	-0.000664286	0.0194085
"P2BP07"	"AMD-CAD"	"AMD"	"16:75150275:C:T"	5.27654586690574e-10	0.0176447	0.024175
"P2BP07"	"AMD-CAD"	"AMD"	"16:75152826:A:C"	4.072069348382e-10	-0.000900218	0.019542
"P2BP07"	"AMD-CAD"	"AMD"	"16:75152974:T:C"	4.5419801253388e-10	0.00965657	0.020324
"P2BP07"	"AMD-CAD"	"AMD"	"16:75161305:A:G"	1.58010970974232e-09	-0.0302598	0.0181525
"P2BP07"	"AMD-CAD"	"AMD"	"16:75164975:G:A"	6.2956617696841e-10	-0.0319362	0.0337704
"P2BP07"	"AMD-CAD"	"AMD"	"16:75167579:G:A"	7.2900907532869e-10	-0.0366442	0.0335264
"P2BP07"	"AMD-CAD"	"AMD"	"16:75172340:A:G"	5.6958882055369e-10	-0.0155717	0.0187555
"P2BP07"	"AMD-CAD"	"AMD"	"16:75180514:A:G"	1.1963686707972e-09	-0.0276214	0.0185841
"P2BP07"	"AMD-CAD"	"AMD"	"16:75185764:C:T"	5.41199085546396e-10	0.0150365	0.0196658
"P2BP07"	"AMD-CAD"	"AMD"	"16:75186061:C:T"	4.76548356331819e-10	-0.0155757	0.027359
"P2BP07"	"AMD-CAD"	"AMD"	"16:75186270:A:G"	4.82512363397802e-10	-0.0161714	0.0273511
"P2BP07"	"AMD-CAD"	"AMD"	"16:75187289:T:C"	4.58207249920406e-10	-0.0175783	0.0356048
"P2BP07"	"AMD-CAD"	"AMD"	"16:75188189:T:C"	4.88304507939574e-10	-0.0167746	0.0274289
"P2BP07"	"AMD-CAD"	"AMD"	"16:75188419:A:C"	4.89246754220574e-10	-0.0168683	0.0274377
"P2BP07"	"AMD-CAD"	"AMD"	"16:75198469:G:T"	4.8360915272383e-10	-0.0163121	0.0274074
"P2BP07"	"AMD-CAD"	"AMD"	"16:75199996:C:T"	4.65936844662451e-10	-0.0187657	0.0355912
"P2BP07"	"AMD-CAD"	"AMD"	"16:75200087:A:C"	4.69487004828295e-10	-0.0165634	0.0305713
"P2BP07"	"AMD-CAD"	"AMD"	"16:75201060:T:C"	5.08631137208226e-10	-0.0184068	0.0272126
"P2BP07"	"AMD-CAD"	"AMD"	"16:75201262:A:G"	5.05385400195735e-10	0.0132106	0.0198165
"P2BP07"	"AMD-CAD"	"AMD"	"16:75202280:A:G"	4.82990314409904e-10	-0.0182464	0.0307715
"P2BP07"	"AMD-CAD"	"AMD"	"16:75202730:G:A"	7.65530194790642e-10	-0.0207284	0.0182169
"P2BP07"	"AMD-CAD"	"AMD"	"16:75202998:A:C"	5.27265675565047e-10	-0.0197879	0.0271499
"P2BP07"	"AMD-CAD"	"AMD"	"16:75204282:C:A"	7.06081304535644e-10	0.0344756	0.0324434
"P2BP07"	"AMD-CAD"	"AMD"	"16:75204325:C:T"	6.85506651443291e-10	0.0206953	0.0200196
"P2BP07"	"AMD-CAD"	"AMD"	"16:75204443:T:C"	7.74456943020141e-10	-0.0213352	0.0185806
"P2BP07"	"AMD-CAD"	"AMD"	"16:75205764:A:G"	4.99187580160765e-10	-0.019921	0.0307699
"P2BP07"	"AMD-CAD"	"AMD"	"16:75206439:A:G"	4.82007211921598e-10	-0.0180497	0.030622
"P2BP07"	"AMD-CAD"	"AMD"	"16:75207097:A:G"	5.37608069173245e-10	0.0149605	0.0197986
"P2BP07"	"AMD-CAD"	"AMD"	"16:75207572:T:G"	4.71046646133289e-10	-0.0195391	0.0356535
"P2BP07"	"AMD-CAD"	"AMD"	"16:75220009:C:A"	5.63882274207117e-10	-0.0185931	0.0227373
"P2BP07"	"AMD-CAD"	"AMD"	"16:75220263:C:T"	5.37509259324054e-10	-0.0171372	0.0226867
"P2BP07"	"AMD-CAD"	"AMD"	"16:75223491:G:T"	5.71292790851885e-10	-0.0189559	0.022731
"P2BP07"	"AMD-CAD"	"AMD"	"16:75224733:A:C"	6.10155148628166e-10	-0.0213524	0.0234346
"P2BP07"	"AMD-CAD"	"AMD"	"16:75224971:C:T"	6.02364602642069e-10	-0.0210085	0.0234315
"P2BP07"	"AMD-CAD"	"AMD"	"16:75225022:T:C"	4.10386724603029e-10	0.00247539	0.0184253
"P2BP07"	"AMD-CAD"	"AMD"	"16:75227969:A:G"	4.06802591612632e-10	-0.000176817	0.018856
"P2BP07"	"AMD-CAD"	"AMD"	"16:75230063:C:T"	5.38997846355471e-10	-0.017149	0.0225905
"P2BP07"	"AMD-CAD"	"AMD"	"16:75230638:T:C"	5.66960145498285e-10	-0.0194256	0.0235598
"P2BP07"	"AMD-CAD"	"AMD"	"16:75230739:T:C"	5.50973822122103e-10	-0.0185882	0.0235829
"P2BP07"	"AMD-CAD"	"AMD"	"16:75231669:C:T"	4.06796041296786e-10	0.000138929	0.0187311
"P2BP07"	"AMD-CAD"	"AMD"	"16:75232286:G:A"	4.8823489695593e-10	-0.0150471	0.0246138
"P2BP07"	"AMD-CAD"	"AMD"	"16:75236154:T:C"	1.40516418478676e-06	-0.081123	0.0198562
"P2BP07"	"AMD-CAD"	"AMD"	"16:75238103:C:T"	5.24914223198891e-10	-0.0168793	0.0233613
"P2BP07"	"AMD-CAD"	"AMD"	"16:75242729:T:C"	9.36614223123744e-06	-0.0977077	0.0215379
"P2BP07"	"AMD-CAD"	"AMD"	"16:75246419:C:T"	0.00070373954404801	-0.151169	0.0278616
"P2BP07"	"AMD-CAD"	"AMD"	"16:75247245:T:G"	0.18732562521979	-0.198139	0.0309828
"P2BP07"	"AMD-CAD"	"AMD"	"16:75251299:T:C"	6.69311828183083e-10	-0.0228572	0.0226355
"P2BP07"	"AMD-CAD"	"AMD"	"16:75252327:G:A"	0.777964857311094	-0.220155	0.0332574
"P2BP07"	"AMD-CAD"	"AMD"	"16:75252526:C:T"	5.09754888300407e-08	0.0567636	0.0180454
"P2BP07"	"AMD-CAD"	"AMD"	"16:75255129:G:T"	2.48917708889351e-07	0.0656762	0.0181151
"P2BP07"	"AMD-CAD"	"AMD"	"16:75255217:A:G"	5.3610958672401e-08	0.0639076	0.0202113
"P2BP07"	"AMD-CAD"	"AMD"	"16:75256251:A:G"	6.02353611434126e-10	-0.0202912	0.022632
"P2BP07"	"AMD-CAD"	"AMD"	"16:75256360:T:G"	5.97538365454398e-08	0.0664021	0.0207706
"P2BP07"	"AMD-CAD"	"AMD"	"16:75262425:T:G"	6.26705687345464e-10	-0.0214146	0.0227635
"P2BP07"	"AMD-CAD"	"AMD"	"16:75265719:C:A"	2.87529098308426e-07	0.06688	0.0182432
"P2BP07"	"AMD-CAD"	"AMD"	"16:75266607:C:A"	6.61998567075273e-10	-0.0249674	0.0250026
"P2BP07"	"AMD-CAD"	"AMD"	"16:75266841:A:G"	1.20600240904878e-09	0.0417985	0.0280187
"P2BP07"	"AMD-CAD"	"AMD"	"16:75269534:C:T"	1.55922633693351e-08	-0.0544831	0.0199371
"P2BP07"	"AMD-CAD"	"AMD"	"16:75274282:G:A"	4.44228764884258e-10	-0.00946735	0.0222959
"P2BP07"	"AMD-CAD"	"AMD"	"16:75275231:G:A"	1.83738202430561e-09	0.0321817	0.0183142
"P2BP07"	"AMD-CAD"	"AMD"	"16:75276295:A:G"	4.94961960306739e-10	-0.0143973	0.0227147
"P2BP07"	"AMD-CAD"	"AMD"	"16:75277480:C:A"	6.09407013740793e-09	-0.0459456	0.0195143
"P2BP07"	"AMD-CAD"	"AMD"	"16:75278795:A:G"	4.69639327427274e-10	-0.0123431	0.0227561
"P2BP07"	"AMD-CAD"	"AMD"	"16:75280958:C:T"	0.0125471308947812	-0.184708	0.0310668
"P2BP07"	"AMD-CAD"	"AMD"	"16:75281964:A:C"	3.25687191549129e-07	0.0668352	0.0180602
"P2BP07"	"AMD-CAD"	"AMD"	"16:75290251:G:A"	1.3156995493091e-09	0.0355066	0.0229014
"P2BP07"	"AMD-CAD"	"AMD"	"16:75292120:G:A"	7.63175367346491e-09	0.0470539	0.0192027
"P2BP07"	"AMD-CAD"	"AMD"	"16:75294211:T:C"	8.53906312325847e-09	-0.0496337	0.0198782
"P2BP07"	"AMD-CAD"	"AMD"	"16:75294589:C:T"	3.78172030246482e-07	0.0675629	0.0180561
"P2BP07"	"AMD-CAD"	"AMD"	"16:75295639:C:A"	0.0199051837928019	-0.187666	0.0311498
"P2BP07"	"AMD-CAD"	"AMD"	"16:75296247:G:A"	1.50953735067461e-08	0.0539761	0.0198399
"P2BP07"	"AMD-CAD"	"AMD"	"16:75301605:A:G"	4.06800815255792e-10	-0.000172165	0.0193984
"P2BP07"	"AMD-CAD"	"AMD"	"16:75306402:C:T"	8.90997627900347e-08	0.0636716	0.0191638
"P2BP07"	"AMD-CAD"	"AMD"	"16:75308899:C:T"	0.000868670953268813	0.14228	0.026033
"P2BP07"	"AMD-CAD"	"AMD"	"16:75314838:G:T"	2.72698589265374e-08	0.0542339	0.0184795
"P2BP07"	"AMD-CAD"	"AMD"	"16:75316074:A:G"	6.34547414612996e-10	0.0197253	0.0206725
"P2BP07"	"AMD-CAD"	"AMD"	"16:75318646:T:C"	2.78833263145373e-08	0.0543672	0.0184761
"P2BP07"	"AMD-CAD"	"AMD"	"16:75320827:C:T"	3.29991427516774e-08	0.0554518	0.01848
"P2BP07"	"AMD-CAD"	"AMD"	"16:75327401:G:A"	4.40100289544887e-10	0.00937109	0.0233414
"P2BP07"	"AMD-CAD"	"AMD"	"16:75328308:T:C"	3.55716101019254e-09	0.0395168	0.0187522
"P2BP07"	"AMD-CAD"	"AMD"	"16:75332041:A:G"	1.01631084659104e-08	0.0476936	0.0185772
"P2BP07"	"AMD-CAD"	"AMD"	"16:75338855:C:T"	4.06011768649961e-09	0.0413953	0.0190706
"P2BP07"	"AMD-CAD"	"AMD"	"16:75339295:C:T"	1.32852129297589e-09	0.0349258	0.0224343
"P2BP07"	"AMD-CAD"	"AMD"	"16:75342846:C:T"	5.20389553337886e-07	0.0836903	0.0218612
"P2BP07"	"AMD-CAD"	"AMD"	"16:75342932:A:G"	1.55090286613202e-07	0.07763	0.0222485
"P2BP07"	"AMD-CAD"	"AMD"	"16:75347690:T:C"	1.5084444249247e-08	0.0503826	0.0185209
"P2BP07"	"AMD-CAD"	"AMD"	"16:75358207:C:T"	2.14478967142107e-07	0.0800998	0.0223545
"P2BP07"	"AMD-CAD"	"AMD"	"16:75360096:A:G"	3.34145580094258e-08	0.0556722	0.0185271
"P2BP07"	"AMD-CAD"	"AMD"	"16:75360734:C:T"	9.30113869593852e-05	0.133908	0.0266289
"P2BP07"	"AMD-CAD"	"AMD"	"16:75364940:C:T"	0.000149406461137369	0.13533	0.0264089
"P2BP07"	"AMD-CAD"	"AMD"	"16:75371920:T:C"	2.16119974139062e-08	0.0530479	0.018597
"P2BP07"	"AMD-CAD"	"AMD"	"16:75377750:C:T"	4.29241198141028e-10	0.0075757	0.0228387
"P2BP07"	"AMD-CAD"	"AMD"	"16:75377933:C:T"	4.69938199465503e-10	0.01252	0.0230313
"P2BP07"	"AMD-CAD"	"AMD"	"16:75378414:T:C"	4.66186533820689e-10	0.0122644	0.023215
"P2BP07"	"AMD-CAD"	"AMD"	"16:75390532:T:C"	1.17962003942651e-07	0.0748513	0.0219639
"P2BP07"	"AMD-CAD"	"AMD"	"16:75395969:C:T"	7.70882024880848e-10	0.0399811	0.0349449
"P2BP07"	"AMD-CAD"	"AMD"	"16:75396376:G:A"	0.000182924441664789	0.135706	0.0262754
"P2BP07"	"AMD-CAD"	"AMD"	"16:75402361:T:G"	7.71184893721966e-10	0.0400054	0.0349554
"P2BP07"	"AMD-CAD"	"AMD"	"16:75422201:C:A"	6.43618466289464e-06	0.100862	0.0226607
"P2BP07"	"AMD-CAD"	"AMD"	"16:75424110:T:C"	7.81884158174151e-06	0.101864	0.0226588
"P2BP07"	"AMD-CAD"	"AMD"	"16:75425553:C:T"	1.60496852474878e-08	0.0512114	0.018666
"P2BP07"	"AMD-CAD"	"AMD"	"16:75434146:C:T"	3.57702245601388e-09	-0.0413893	0.0196156
"P2BP07"	"AMD-CAD"	"AMD"	"16:75434558:T:C"	9.48802814093597e-10	0.0303423	0.0230404
"P2BP07"	"AMD-CAD"	"AMD"	"16:75439132:T:C"	0.000158223978345751	-0.135436	0.0263706
"P2BP07"	"AMD-CAD"	"AMD"	"16:75452534:G:A"	4.12786027581547e-10	0.00384293	0.0221924
"P2BP07"	"AMD-CAD"	"AMD"	"16:75466696:G:T"	1.03257382644273e-08	0.0482597	0.0187515
"P2BP07"	"AMD-CAD"	"AMD"	"16:75470277:A:G"	8.54756931900624e-10	0.0285052	0.0231169
"P2BP07"	"AMD-CAD"	"AMD"	"16:75470576:A:G"	1.13622214970022e-08	0.04882	0.0186947
"P2BP07"	"AMD-CAD"	"AMD"	"16:75473332:A:G"	1.14624598701596e-09	0.0336015	0.0230699
"P2BP07"	"AMD-CAD"	"AMD"	"16:75475704:C:T"	1.32310906675315e-09	0.035082	0.0225736
"P2BP07"	"AMD-CAD"	"AMD"	"16:75480297:T:C"	1.27769328450711e-09	0.0348801	0.0227836
"P2BP07"	"AMD-CAD"	"AMD"	"16:75481215:C:T"	4.20240620080392e-10	0.00993244	0.0384774
"P2BP07"	"AMD-CAD"	"AMD"	"16:75481771:A:G"	6.56932298137569e-06	0.101974	0.0228863
"P2BP07"	"AMD-CAD"	"AMD"	"16:75483064:T:G"	7.52620699095985e-09	0.0459143	0.0187823
"P2BP07"	"AMD-CAD"	"AMD"	"16:75486648:A:G"	5.16306691467072e-05	-0.129583	0.0264068
"P2BP07"	"AMD-CAD"	"AMD"	"16:75487758:T:C"	8.88906171425674e-06	0.103864	0.0229548
"P2BP07"	"AMD-CAD"	"AMD"	"16:75492242:C:T"	2.66672918192157e-08	0.0559857	0.0191273
"P2BP07"	"AMD-CAD"	"AMD"	"16:75492706:T:G"	2.39704481819203e-08	0.0552625	0.0191256
"P2BP07"	"AMD-CAD"	"AMD"	"16:75495986:T:C"	2.21433573699414e-08	0.0546665	0.0191061
"P2BP07"	"AMD-CAD"	"AMD"	"16:75505046:C:T"	6.02711843111781e-06	-0.119736	0.026993
"P2BP07"	"AMD-CAD"	"AMD"	"16:75506593:G:A"	2.17715959704989e-08	0.0534205	0.0187103
"P2BP07"	"AMD-CAD"	"AMD"	"16:75510973:A:C"	7.46949435637134e-09	0.0443987	0.0181859
"P2BP07"	"AMD-CAD"	"CAD"	"16:74735148:G:A"	1.36371874325247e-05	0.00197819	0.005176008
"P2BP07"	"AMD-CAD"	"CAD"	"16:74735442:C:T"	1.19125873794257e-05	-0.0016068	0.0054932802
"P2BP07"	"AMD-CAD"	"CAD"	"16:74735695:T:C"	1.18907191927198e-05	-0.00149931	0.0054943884
"P2BP07"	"AMD-CAD"	"CAD"	"16:74736120:G:A"	2.26814984519708e-05	-0.00701028	0.0053218343
"P2BP07"	"AMD-CAD"	"CAD"	"16:74736671:T:C"	1.43266106329421e-05	-0.00517966	0.0053293527
"P2BP07"	"AMD-CAD"	"CAD"	"16:74736861:A:G"	1.53296019221871e-05	-0.00572493	0.0053209914
"P2BP07"	"AMD-CAD"	"CAD"	"16:74740968:G:T"	1.24674413629622e-05	-0.00224034	0.0051570625
"P2BP07"	"AMD-CAD"	"CAD"	"16:74741491:G:A"	1.26277663282659e-05	-0.00246265	0.0051447294
"P2BP07"	"AMD-CAD"	"CAD"	"16:74742523:C:T"	2.61776861378849e-05	-0.00749431	0.0059176954
"P2BP07"	"AMD-CAD"	"CAD"	"16:74743736:C:T"	2.95195861271802e-05	-0.00980695	0.0061978607
"P2BP07"	"AMD-CAD"	"CAD"	"16:74744928:C:T"	1.20146568570734e-05	-0.00119397	0.005068204
"P2BP07"	"AMD-CAD"	"CAD"	"16:74746403:T:G"	1.18748766770871e-05	-0.00123844	0.0051676998
"P2BP07"	"AMD-CAD"	"CAD"	"16:74746797:T:C"	0.000138494971811398	-0.01500928	0.0060226682
"P2BP07"	"AMD-CAD"	"CAD"	"16:74750405:G:A"	1.2773973282254e-05	-0.00411163	0.0062003363
"P2BP07"	"AMD-CAD"	"CAD"	"16:74753079:C:T"	1.28423714679249e-05	0.00259365	0.0056716126
"P2BP07"	"AMD-CAD"	"CAD"	"16:74755511:T:G"	1.58773161543779e-05	-0.00498194	0.0050292899
"P2BP07"	"AMD-CAD"	"CAD"	"16:74755930:G:A"	1.43742071245789e-05	-0.00463721	0.0083445973
"P2BP07"	"AMD-CAD"	"CAD"	"16:74756983:G:A"	1.49700916248774e-05	-0.00618913	0.006682169
"P2BP07"	"AMD-CAD"	"CAD"	"16:74757718:G:A"	1.24203219866725e-05	-0.00280537	0.0050281902
"P2BP07"	"AMD-CAD"	"CAD"	"16:74758984:A:G"	1.450617219656e-05	-0.00573734	0.0065735053
"P2BP07"	"AMD-CAD"	"CAD"	"16:74762468:A:G"	1.4089223478897e-05	-0.00549628	0.0066968918
"P2BP07"	"AMD-CAD"	"CAD"	"16:74764793:C:T"	4.00119769902174e-05	0.01517251	0.0090927887
"P2BP07"	"AMD-CAD"	"CAD"	"16:74765354:C:T"	1.26121023655834e-05	0.00254898	0.0067767608
"P2BP07"	"AMD-CAD"	"CAD"	"16:74766177:G:A"	3.29630068189868e-05	-0.01477253	0.0097713765
"P2BP07"	"AMD-CAD"	"CAD"	"16:74768812:G:T"	1.18835425350072e-05	-0.00029629	0.0057310176
"P2BP07"	"AMD-CAD"	"CAD"	"16:74770099:C:T"	2.25640316702247e-05	-0.00632717	0.0055159771
"P2BP07"	"AMD-CAD"	"CAD"	"16:74770676:T:C"	1.55671925295975e-05	0.00418911	0.0050247229
"P2BP07"	"AMD-CAD"	"CAD"	"16:74770705:T:G"	1.5311157632536e-05	0.005308	0.0068469494
"P2BP07"	"AMD-CAD"	"CAD"	"16:74771367:G:A"	3.36484673980619e-05	-0.0083702	0.0053145988
"P2BP07"	"AMD-CAD"	"CAD"	"16:74772798:C:T"	1.21140377505879e-05	0.0017024	0.0057220575
"P2BP07"	"AMD-CAD"	"CAD"	"16:74772851:G:A"	1.46835635704834e-05	-0.00690133	0.0096429401
"P2BP07"	"AMD-CAD"	"CAD"	"16:74776171:G:A"	1.87458057759882e-05	0.00554768	0.0052989382
"P2BP07"	"AMD-CAD"	"CAD"	"16:74778006:G:A"	1.68765397243753e-05	0.00525181	0.0054299667
"P2BP07"	"AMD-CAD"	"CAD"	"16:74783398:A:G"	1.96795991898036e-05	-0.00483707	0.0052888654
"P2BP07"	"AMD-CAD"	"CAD"	"16:74785902:A:G"	5.36884562392093e-05	0.01670624	0.0089020573
"P2BP07"	"AMD-CAD"	"CAD"	"16:74786101:G:A"	1.72300700544969e-05	0.00615691	0.0057276047
"P2BP07"	"AMD-CAD"	"CAD"	"16:74787675:G:A"	1.41715795387576e-05	0.00387038	0.0052820216
"P2BP07"	"AMD-CAD"	"CAD"	"16:74792859:A:C"	1.50105240210863e-05	-0.00280089	0.0049102355
"P2BP07"	"AMD-CAD"	"CAD"	"16:74793716:C:A"	1.40611783634448e-05	-0.00238052	0.0049078675
"P2BP07"	"AMD-CAD"	"CAD"	"16:74796718:A:G"	1.44076348311817e-05	-0.00272735	0.0049951163
"P2BP07"	"AMD-CAD"	"CAD"	"16:74796993:G:A"	1.32378236218367e-05	-0.00200226	0.0049970959
"P2BP07"	"AMD-CAD"	"CAD"	"16:74797137:A:G"	1.39637463328901e-05	-0.00247527	0.0049926716
"P2BP07"	"AMD-CAD"	"CAD"	"16:74801310:A:G"	1.62634895387592e-05	-0.00349985	0.0050633159
"P2BP07"	"AMD-CAD"	"CAD"	"16:74805668:G:A"	3.69168891686256e-05	-0.0080494	0.005210488
"P2BP07"	"AMD-CAD"	"CAD"	"16:74807492:C:T"	8.54112988529776e-05	-0.01052224	0.0053205237
"P2BP07"	"AMD-CAD"	"CAD"	"16:74808425:G:A"	0.000128619263227159	-0.01187294	0.0053963981
"P2BP07"	"AMD-CAD"	"CAD"	"16:74812676:C:T"	1.28515607997759e-05	-0.00123897	0.0049964452
"P2BP07"	"AMD-CAD"	"CAD"	"16:74820071:C:A"	1.18800460587876e-05	-0.00085939	0.0057546162
"P2BP07"	"AMD-CAD"	"CAD"	"16:74829373:A:G"	1.19011650937528e-05	0.00225444	0.0054882262
"P2BP07"	"AMD-CAD"	"CAD"	"16:74831956:A:C"	1.19249854281245e-05	0.00115	0.0065577399
"P2BP07"	"AMD-CAD"	"CAD"	"16:74835214:T:C"	4.67465686717627e-05	-0.01016041	0.006046595
"P2BP07"	"AMD-CAD"	"CAD"	"16:74837703:G:A"	5.27677841495322e-05	-0.01066566	0.0060852608
"P2BP07"	"AMD-CAD"	"CAD"	"16:74839520:A:G"	1.19921547522273e-05	0.00199681	0.00523749
"P2BP07"	"AMD-CAD"	"CAD"	"16:74846046:C:T"	1.20821819877825e-05	0.00206275	0.0052476419
"P2BP07"	"AMD-CAD"	"CAD"	"16:74846932:C:T"	1.2312813868709e-05	0.00224823	0.0066647
"P2BP07"	"AMD-CAD"	"CAD"	"16:74850912:C:A"	1.42761988437545e-05	0.00259544	0.0072590269
"P2BP07"	"AMD-CAD"	"CAD"	"16:74857552:A:G"	1.74930512316651e-05	0.00860805	0.0099845739
"P2BP07"	"AMD-CAD"	"CAD"	"16:74860556:C:T"	1.30971576958183e-05	-0.00747085	0.0093667458
"P2BP07"	"AMD-CAD"	"CAD"	"16:74860912:A:G"	1.44917459353744e-05	-0.00362991	0.0053958488
"P2BP07"	"AMD-CAD"	"CAD"	"16:74860935:C:A"	1.20862523029786e-05	-0.00120919	0.0050646069
"P2BP07"	"AMD-CAD"	"CAD"	"16:74861095:A:G"	1.27856087588363e-05	0.00122163	0.0052500419
"P2BP07"	"AMD-CAD"	"CAD"	"16:74868518:A:C"	1.63731482094587e-05	-0.00627368	0.0061512311
"P2BP07"	"AMD-CAD"	"CAD"	"16:74869353:G:A"	1.18646050832893e-05	0.00144264	0.0049623251
"P2BP07"	"AMD-CAD"	"CAD"	"16:74873513:C:A"	2.01112926622171e-05	0.00637783	0.0075176093
"P2BP07"	"AMD-CAD"	"CAD"	"16:74873574:G:A"	1.18810890529231e-05	-0.00130502	0.0053268634
"P2BP07"	"AMD-CAD"	"CAD"	"16:74873927:T:C"	1.26694584245968e-05	1.192e-05	0.0049501238
"P2BP07"	"AMD-CAD"	"CAD"	"16:74874522:C:T"	1.58426475553863e-05	0.00482613	0.0083946998
"P2BP07"	"AMD-CAD"	"CAD"	"16:74875946:T:C"	1.31605401735291e-05	0.00429844	0.0064961002
"P2BP07"	"AMD-CAD"	"CAD"	"16:74876612:G:A"	1.24880508948211e-05	0.00256952	0.0057998223
"P2BP07"	"AMD-CAD"	"CAD"	"16:74877956:A:G"	1.23109629287521e-05	-0.00133955	0.0052142679
"P2BP07"	"AMD-CAD"	"CAD"	"16:74878994:T:C"	1.20697082516275e-05	-0.00037008	0.0050147176
"P2BP07"	"AMD-CAD"	"CAD"	"16:74880520:G:T"	1.55475647942716e-05	0.0038939	0.005386721
"P2BP07"	"AMD-CAD"	"CAD"	"16:74884070:C:T"	1.42801861151565e-05	0.00421732	0.0058059941
"P2BP07"	"AMD-CAD"	"CAD"	"16:74884097:T:G"	1.5817697085474e-05	-0.0052662	0.0060034242
"P2BP07"	"AMD-CAD"	"CAD"	"16:74884173:G:A"	1.22318606522454e-05	0.0020594	0.0057868527
"P2BP07"	"AMD-CAD"	"CAD"	"16:74884658:A:G"	1.49421566300045e-05	0.00463184	0.0058012766
"P2BP07"	"AMD-CAD"	"CAD"	"16:74885720:C:T"	1.50415640235435e-05	-0.00473004	0.0058413228
"P2BP07"	"AMD-CAD"	"CAD"	"16:74888554:G:A"	1.18580815212654e-05	0.00034239	0.0051987764
"P2BP07"	"AMD-CAD"	"CAD"	"16:74889084:C:T"	1.27809536777379e-05	0.00227977	0.0052663123
"P2BP07"	"AMD-CAD"	"CAD"	"16:74897248:T:G"	2.09824685425408e-05	-0.00951012	0.0067598012
"P2BP07"	"AMD-CAD"	"CAD"	"16:74906114:A:G"	3.20491544373303e-05	-0.00638394	0.0049705372
"P2BP07"	"AMD-CAD"	"CAD"	"16:74906529:A:G"	3.27909517631175e-05	-0.00644893	0.0049628511
"P2BP07"	"AMD-CAD"	"CAD"	"16:74907324:A:G"	1.54440967641278e-05	-0.00596359	0.0090691209
"P2BP07"	"AMD-CAD"	"CAD"	"16:74907342:C:T"	1.5089878618979e-05	-0.00558927	0.0089846508
"P2BP07"	"AMD-CAD"	"CAD"	"16:74907391:T:C"	2.75860167806563e-05	0.00774459	0.0050816836
"P2BP07"	"AMD-CAD"	"CAD"	"16:74907440:T:G"	1.32910175977274e-05	-0.00375385	0.0092543121
"P2BP07"	"AMD-CAD"	"CAD"	"16:74918785:T:C"	1.34589207431146e-05	0.00324314	0.0054634378
"P2BP07"	"AMD-CAD"	"CAD"	"16:74920191:G:A"	1.45974846983421e-05	-0.00676066	0.0066790052
"P2BP07"	"AMD-CAD"	"CAD"	"16:74921446:T:C"	1.52909582979976e-05	-0.00358047	0.0056655226
"P2BP07"	"AMD-CAD"	"CAD"	"16:74922483:G:A"	1.20229416147311e-05	-8.301e-06	0.0053081329
"P2BP07"	"AMD-CAD"	"CAD"	"16:74926520:C:T"	3.4688620912493e-05	-0.01004068	0.0057035359
"P2BP07"	"AMD-CAD"	"CAD"	"16:74926947:A:G"	4.81313668896366e-05	-0.01155472	0.0058617753
"P2BP07"	"AMD-CAD"	"CAD"	"16:74928308:C:T"	3.75639138194828e-05	-0.01069478	0.0059046291
"P2BP07"	"AMD-CAD"	"CAD"	"16:74934279:T:C"	3.53552748987296e-05	-0.00926124	0.0056133536
"P2BP07"	"AMD-CAD"	"CAD"	"16:74935232:T:C"	5.07247367185215e-05	-0.01127746	0.0054550503
"P2BP07"	"AMD-CAD"	"CAD"	"16:74936031:A:G"	1.18539113613814e-05	-0.0015117	0.0052777325
"P2BP07"	"AMD-CAD"	"CAD"	"16:74937643:G:T"	1.29403079683899e-05	0.00031185	0.0053820039
"P2BP07"	"AMD-CAD"	"CAD"	"16:74937828:A:G"	1.29201459433403e-05	0.00062575	0.005186294
"P2BP07"	"AMD-CAD"	"CAD"	"16:74938083:A:G"	1.33533368746885e-05	0.0010479	0.0051812091
"P2BP07"	"AMD-CAD"	"CAD"	"16:74938403:C:T"	1.24320788510435e-05	0.00010641	0.005189607
"P2BP07"	"AMD-CAD"	"CAD"	"16:74938743:C:T"	1.35319037369852e-05	-0.00118343	0.0051307496
"P2BP07"	"AMD-CAD"	"CAD"	"16:74938857:G:A"	1.26914561819902e-05	0.00044503	0.0051917552
"P2BP07"	"AMD-CAD"	"CAD"	"16:74939720:G:T"	1.21100755148262e-05	-0.00012759	0.005715376
"P2BP07"	"AMD-CAD"	"CAD"	"16:74941322:T:C"	1.29873412219039e-05	0.00114438	0.0052015959
"P2BP07"	"AMD-CAD"	"CAD"	"16:74943260:A:G"	1.30499468413703e-05	-0.00124558	0.0052079244
"P2BP07"	"AMD-CAD"	"CAD"	"16:74944573:C:T"	1.39817047768442e-05	-0.00228541	0.0052661372
"P2BP07"	"AMD-CAD"	"CAD"	"16:74950286:A:C"	1.99695406342126e-05	0.00882743	0.0094140268
"P2BP07"	"AMD-CAD"	"CAD"	"16:74950469:A:G"	1.26097981421047e-05	-0.00099584	0.0051288547
"P2BP07"	"AMD-CAD"	"CAD"	"16:74954897:T:C"	1.25672091041418e-05	0.00100092	0.0053362961
"P2BP07"	"AMD-CAD"	"CAD"	"16:74964464:T:G"	1.6258984516293e-05	0.00675679	0.0095735177
"P2BP07"	"AMD-CAD"	"CAD"	"16:74966742:C:T"	1.18549356210584e-05	-0.00035908	0.0057642914
"P2BP07"	"AMD-CAD"	"CAD"	"16:74967819:T:C"	1.20628226212283e-05	-0.00130838	0.0057509952
"P2BP07"	"AMD-CAD"	"CAD"	"16:74976060:T:C"	1.2043302359932e-05	-0.0014897	0.0052349665
"P2BP07"	"AMD-CAD"	"CAD"	"16:74977870:A:G"	1.1982281836298e-05	-0.00132276	0.0052607027
"P2BP07"	"AMD-CAD"	"CAD"	"16:74978618:G:A"	2.42762110588268e-05	-0.0128246	0.010412976
"P2BP07"	"AMD-CAD"	"CAD"	"16:74989340:A:G"	2.69516737188003e-05	0.007163	0.0049399101
"P2BP07"	"AMD-CAD"	"CAD"	"16:74989488:T:G"	1.74365431048207e-05	0.00486463	0.0049362813
"P2BP07"	"AMD-CAD"	"CAD"	"16:74990004:C:T"	1.34676161890335e-05	0.00240552	0.0050543471
"P2BP07"	"AMD-CAD"	"CAD"	"16:74990061:T:G"	2.43044217739241e-05	0.00666701	0.0050809367
"P2BP07"	"AMD-CAD"	"CAD"	"16:74991864:T:G"	2.05668633583844e-05	0.01389283	0.010476228
"P2BP07"	"AMD-CAD"	"CAD"	"16:74997192:G:A"	1.78832824208053e-05	0.01214194	0.010262232
"P2BP07"	"AMD-CAD"	"CAD"	"16:74999617:A:C"	3.32764066369728e-05	0.00822413	0.0051243573
"P2BP07"	"AMD-CAD"	"CAD"	"16:75005197:T:C"	1.27990107923193e-05	0.00194672	0.0083291892
"P2BP07"	"AMD-CAD"	"CAD"	"16:75008348:A:C"	2.90023162535791e-05	0.00610567	0.0049540931
"P2BP07"	"AMD-CAD"	"CAD"	"16:75012457:G:A"	3.09771605357945e-05	-0.00719054	0.0052026612
"P2BP07"	"AMD-CAD"	"CAD"	"16:75019070:C:A"	3.15160607823328e-05	-0.00797012	0.0050127985
"P2BP07"	"AMD-CAD"	"CAD"	"16:75025548:C:T"	1.33592722795228e-05	0.00025731	0.005597122
"P2BP07"	"AMD-CAD"	"CAD"	"16:75030729:G:T"	1.71850837845655e-05	-0.00357565	0.0051802953
"P2BP07"	"AMD-CAD"	"CAD"	"16:75033297:C:T"	1.29810069381398e-05	-0.00250148	0.0098551889
"P2BP07"	"AMD-CAD"	"CAD"	"16:75045625:A:G"	1.67689233082635e-05	0.00622652	0.0052860607
"P2BP07"	"AMD-CAD"	"CAD"	"16:75055518:G:T"	1.69698654018946e-05	-0.00168579	0.0096931786
"P2BP07"	"AMD-CAD"	"CAD"	"16:75060003:G:A"	1.66395540299735e-05	-0.00145642	0.0096634385
"P2BP07"	"AMD-CAD"	"CAD"	"16:75073811:T:G"	1.83651572381871e-05	-0.00449823	0.0049877411
"P2BP07"	"AMD-CAD"	"CAD"	"16:75076738:G:T"	1.21400393205962e-05	0.00334918	0.008561888
"P2BP07"	"AMD-CAD"	"CAD"	"16:75081551:C:A"	1.29061615493642e-05	-0.00226804	0.00965507
"P2BP07"	"AMD-CAD"	"CAD"	"16:75083697:C:T"	1.29133613800958e-05	0.00386565	0.0051210316
"P2BP07"	"AMD-CAD"	"CAD"	"16:75087585:A:G"	1.54854686846839e-05	-0.00170913	0.006972303
"P2BP07"	"AMD-CAD"	"CAD"	"16:75088439:G:A"	1.98840079823626e-05	-0.00373765	0.0093871443
"P2BP07"	"AMD-CAD"	"CAD"	"16:75088780:C:T"	1.8865545061808e-05	-0.00322131	0.0093785295
"P2BP07"	"AMD-CAD"	"CAD"	"16:75090967:G:A"	1.38835821934524e-05	-0.00070712	0.0098537081
"P2BP07"	"AMD-CAD"	"CAD"	"16:75094784:G:A"	1.91761746569652e-05	-0.00348486	0.0096672018
"P2BP07"	"AMD-CAD"	"CAD"	"16:75095695:T:C"	1.37897164451672e-05	0.00076594	0.0095242673
"P2BP07"	"AMD-CAD"	"CAD"	"16:75102952:T:C"	1.41869097801672e-05	0.00700962	0.0074136652
"P2BP07"	"AMD-CAD"	"CAD"	"16:75108675:G:T"	1.84912726364228e-05	-0.0029975	0.0094967074
"P2BP07"	"AMD-CAD"	"CAD"	"16:75109124:C:T"	1.63657122731475e-05	0.00561029	0.0051498807
"P2BP07"	"AMD-CAD"	"CAD"	"16:75109171:C:T"	1.3237845138625e-05	0.00295334	0.0068365149
"P2BP07"	"AMD-CAD"	"CAD"	"16:75109526:T:C"	1.59066138174513e-05	0.00557288	0.0051653347
"P2BP07"	"AMD-CAD"	"CAD"	"16:75110818:C:A"	1.19327568423033e-05	0.00082235	0.0095508785
"P2BP07"	"AMD-CAD"	"CAD"	"16:75115703:A:G"	1.26166738000366e-05	0.00107148	0.0072487836
"P2BP07"	"AMD-CAD"	"CAD"	"16:75117245:T:C"	1.32335569505981e-05	0.00016381	0.0070194319
"P2BP07"	"AMD-CAD"	"CAD"	"16:75122852:G:A"	1.37607442969312e-05	-0.0003756	0.0069550723
"P2BP07"	"AMD-CAD"	"CAD"	"16:75123494:C:T"	1.3373891267987e-05	0.00135005	0.0095065935
"P2BP07"	"AMD-CAD"	"CAD"	"16:75123994:G:T"	1.44971680852146e-05	-0.00100161	0.00695051
"P2BP07"	"AMD-CAD"	"CAD"	"16:75126903:G:A"	2.18467511372555e-05	-0.00567124	0.0051320951
"P2BP07"	"AMD-CAD"	"CAD"	"16:75136886:C:A"	1.6440342750168e-05	-0.00170176	0.0093921741
"P2BP07"	"AMD-CAD"	"CAD"	"16:75137937:C:T"	1.53902292091557e-05	-0.00162285	0.0069829441
"P2BP07"	"AMD-CAD"	"CAD"	"16:75139406:T:C"	1.27144942694279e-05	0.00247475	0.0096513881
"P2BP07"	"AMD-CAD"	"CAD"	"16:75141060:A:G"	1.18735342591325e-05	-0.00093231	0.0096605445
"P2BP07"	"AMD-CAD"	"CAD"	"16:75144265:A:C"	2.45484627438008e-05	-0.00616159	0.0052128907
"P2BP07"	"AMD-CAD"	"CAD"	"16:75144297:A:G"	1.4911650992766e-05	-0.00132785	0.0070612725
"P2BP07"	"AMD-CAD"	"CAD"	"16:75145538:T:C"	1.59061628278723e-05	0.00579367	0.0051801922
"P2BP07"	"AMD-CAD"	"CAD"	"16:75150275:C:T"	1.56254092200658e-05	0.00639078	0.0063022233
"P2BP07"	"AMD-CAD"	"CAD"	"16:75152826:A:C"	1.3109617431617e-05	-0.00077636	0.0051879011
"P2BP07"	"AMD-CAD"	"CAD"	"16:75152974:T:C"	1.57486600317336e-05	-0.00261745	0.0056150992
"P2BP07"	"AMD-CAD"	"CAD"	"16:75161305:A:G"	1.39202169360253e-05	-0.00171775	0.0050366448
"P2BP07"	"AMD-CAD"	"CAD"	"16:75164975:G:A"	1.24528612613917e-05	0.00992748	0.0092178488
"P2BP07"	"AMD-CAD"	"CAD"	"16:75167579:G:A"	1.2039109455908e-05	0.00470027	0.0093127397
"P2BP07"	"AMD-CAD"	"CAD"	"16:75172340:A:G"	1.18870002084881e-05	0.00252275	0.0050475255
"P2BP07"	"AMD-CAD"	"CAD"	"16:75180514:A:G"	1.25333223757185e-05	0.0040002	0.0049945546
"P2BP07"	"AMD-CAD"	"CAD"	"16:75185764:C:T"	1.18593848599247e-05	-0.00059497	0.0054025021
"P2BP07"	"AMD-CAD"	"CAD"	"16:75186061:C:T"	1.66988540886148e-05	0.00910535	0.0069356297
"P2BP07"	"AMD-CAD"	"CAD"	"16:75186270:A:G"	1.56230817698333e-05	0.00816303	0.006655566
"P2BP07"	"AMD-CAD"	"CAD"	"16:75187289:T:C"	1.44927522987004e-05	0.00421816	0.010057221
"P2BP07"	"AMD-CAD"	"CAD"	"16:75188189:T:C"	1.58340922331579e-05	0.00900668	0.0072186761
"P2BP07"	"AMD-CAD"	"CAD"	"16:75188419:A:C"	1.59004255750883e-05	0.00896433	0.0071526087
"P2BP07"	"AMD-CAD"	"CAD"	"16:75198469:G:T"	1.74797874141763e-05	0.00989577	0.0072204336
"P2BP07"	"AMD-CAD"	"CAD"	"16:75199996:C:T"	1.45254789530869e-05	0.00406815	0.0097464079
"P2BP07"	"AMD-CAD"	"CAD"	"16:75200087:A:C"	1.19128456445017e-05	0.00630726	0.00821884
"P2BP07"	"AMD-CAD"	"CAD"	"16:75201060:T:C"	1.74554769623025e-05	0.00983068	0.0071706943
"P2BP07"	"AMD-CAD"	"CAD"	"16:75201262:A:G"	1.18872383284563e-05	-0.00166363	0.0054056187
"P2BP07"	"AMD-CAD"	"CAD"	"16:75202280:A:G"	1.26071694347418e-05	0.00830597	0.0079315052
"P2BP07"	"AMD-CAD"	"CAD"	"16:75202730:G:A"	1.36808792464693e-05	0.00531676	0.0049483732
"P2BP07"	"AMD-CAD"	"CAD"	"16:75202998:A:C"	2.05359721708875e-05	0.01129936	0.0072811818
"P2BP07"	"AMD-CAD"	"CAD"	"16:75204282:C:A"	1.34811226877307e-05	0.0081942	0.0080183917
"P2BP07"	"AMD-CAD"	"CAD"	"16:75204325:C:T"	1.18633816685865e-05	-0.00113547	0.0054505202
"P2BP07"	"AMD-CAD"	"CAD"	"16:75204443:T:C"	1.47655015533266e-05	0.00613243	0.0051241513
"P2BP07"	"AMD-CAD"	"CAD"	"16:75205764:A:G"	1.26417235507548e-05	0.00898261	0.0084779482
"P2BP07"	"AMD-CAD"	"CAD"	"16:75206439:A:G"	1.19703183363296e-05	0.00670014	0.0082087801
"P2BP07"	"AMD-CAD"	"CAD"	"16:75207097:A:G"	1.19754205298861e-05	-0.00033031	0.005424154
"P2BP07"	"AMD-CAD"	"CAD"	"16:75207572:T:G"	1.57587794640257e-05	0.0030194	0.0098248545
"P2BP07"	"AMD-CAD"	"CAD"	"16:75220009:C:A"	1.25928855007063e-05	-0.00901561	0.0063753934
"P2BP07"	"AMD-CAD"	"CAD"	"16:75220263:C:T"	1.26723502583692e-05	-0.0090253	0.0063507538
"P2BP07"	"AMD-CAD"	"CAD"	"16:75223491:G:T"	1.24657303101072e-05	-0.0090758	0.0065811833
"P2BP07"	"AMD-CAD"	"CAD"	"16:75224733:A:C"	1.39451478518016e-05	-0.0106948	0.0068445695
"P2BP07"	"AMD-CAD"	"CAD"	"16:75224971:C:T"	1.47470238437419e-05	-0.01168028	0.0070542731
"P2BP07"	"AMD-CAD"	"CAD"	"16:75225022:T:C"	1.19112839660485e-05	0.0005958	0.0051238073
"P2BP07"	"AMD-CAD"	"CAD"	"16:75227969:A:G"	1.55947744781004e-05	-0.00275986	0.0052964103
"P2BP07"	"AMD-CAD"	"CAD"	"16:75230063:C:T"	1.19653644570228e-05	-0.00867147	0.0061165712
"P2BP07"	"AMD-CAD"	"CAD"	"16:75230638:T:C"	1.57071862536551e-05	-0.0123294	0.0071005496
"P2BP07"	"AMD-CAD"	"CAD"	"16:75230739:T:C"	1.59718382112262e-05	-0.01249367	0.0071042834
"P2BP07"	"AMD-CAD"	"CAD"	"16:75231669:C:T"	1.40021902019782e-05	-0.00229016	0.0052783385
"P2BP07"	"AMD-CAD"	"CAD"	"16:75232286:G:A"	1.23880011599908e-05	-0.01413468	0.0067979469
"P2BP07"	"AMD-CAD"	"CAD"	"16:75236154:T:C"	0.000374171056143346	-0.02958076	0.005436215
"P2BP07"	"AMD-CAD"	"CAD"	"16:75238103:C:T"	2.13023880749619e-05	-0.01421131	0.0065347665
"P2BP07"	"AMD-CAD"	"CAD"	"16:75242729:T:C"	0.000178852784821881	-0.03431613	0.005787777
"P2BP07"	"AMD-CAD"	"CAD"	"16:75246419:C:T"	0.0139187881296228	-0.04319028	0.0076711454
"P2BP07"	"AMD-CAD"	"CAD"	"16:75247245:T:G"	0.520699103124376	-0.05863281	0.0083946895
"P2BP07"	"AMD-CAD"	"CAD"	"16:75251299:T:C"	1.46421809628094e-05	-0.01274854	0.0065794957
"P2BP07"	"AMD-CAD"	"CAD"	"16:75252327:G:A"	0.0140900357905628	-0.05557153	0.0092508119
"P2BP07"	"AMD-CAD"	"CAD"	"16:75252526:C:T"	0.000216110168430039	0.02221862	0.0049527998
"P2BP07"	"AMD-CAD"	"CAD"	"16:75255129:G:T"	3.81000924521979e-05	0.01698407	0.0049702565
"P2BP07"	"AMD-CAD"	"CAD"	"16:75255217:A:G"	3.44728245124104e-05	0.00927375	0.0057155101
"P2BP07"	"AMD-CAD"	"CAD"	"16:75256251:A:G"	1.603071433387e-05	-0.01325088	0.0064106966
"P2BP07"	"AMD-CAD"	"CAD"	"16:75256360:T:G"	4.8994281654613e-05	0.01177044	0.0058576248
"P2BP07"	"AMD-CAD"	"CAD"	"16:75262425:T:G"	1.4601066777864e-05	-0.01303768	0.0064429795
"P2BP07"	"AMD-CAD"	"CAD"	"16:75265719:C:A"	0.000163413659377887	0.02196428	0.0049777475
"P2BP07"	"AMD-CAD"	"CAD"	"16:75266607:C:A"	1.20242220550404e-05	-0.02016179	0.0067046531
"P2BP07"	"AMD-CAD"	"CAD"	"16:75266841:A:G"	1.32224843797379e-05	-0.00564981	0.0077678148
"P2BP07"	"AMD-CAD"	"CAD"	"16:75269534:C:T"	0.000693180090843293	-0.02191352	0.0053886131
"P2BP07"	"AMD-CAD"	"CAD"	"16:75274282:G:A"	1.37009234051355e-05	-0.01170315	0.0063453707
"P2BP07"	"AMD-CAD"	"CAD"	"16:75275231:G:A"	0.000117366900262539	0.01061573	0.0050128267
"P2BP07"	"AMD-CAD"	"CAD"	"16:75276295:A:G"	1.44047911954104e-05	-0.01301308	0.0064293488
"P2BP07"	"AMD-CAD"	"CAD"	"16:75277480:C:A"	0.000672551061102977	-0.02078211	0.005265873
"P2BP07"	"AMD-CAD"	"CAD"	"16:75278795:A:G"	1.39528674020228e-05	-0.01267947	0.0064391141
"P2BP07"	"AMD-CAD"	"CAD"	"16:75280958:C:T"	0.338300277590715	-0.0576344	0.0082712266
"P2BP07"	"AMD-CAD"	"CAD"	"16:75281964:A:C"	0.000211801725884864	0.02161892	0.0049448967
"P2BP07"	"AMD-CAD"	"CAD"	"16:75290251:G:A"	1.30660369521696e-05	0.00439025	0.0062145177
"P2BP07"	"AMD-CAD"	"CAD"	"16:75292120:G:A"	2.41319510422278e-05	0.0160354	0.0052424374
"P2BP07"	"AMD-CAD"	"CAD"	"16:75294211:T:C"	0.000802313769001306	-0.02236513	0.0053337342
"P2BP07"	"AMD-CAD"	"CAD"	"16:75294589:C:T"	0.00010163703440802	0.01981492	0.0049724353
"P2BP07"	"AMD-CAD"	"CAD"	"16:75295639:C:A"	0.0695501216242189	-0.05693088	0.0085998078
"P2BP07"	"AMD-CAD"	"CAD"	"16:75296247:G:A"	8.25352009576896e-05	0.02228052	0.0056440828
"P2BP07"	"AMD-CAD"	"CAD"	"16:75301605:A:G"	1.27159521238207e-05	0.00157913	0.0054902692
"P2BP07"	"AMD-CAD"	"CAD"	"16:75306402:C:T"	2.18156709566042e-05	0.03829592	0.0054344172
"P2BP07"	"AMD-CAD"	"CAD"	"16:75308899:C:T"	0.00263410914726869	0.04921109	0.0070623701
"P2BP07"	"AMD-CAD"	"CAD"	"16:75314838:G:T"	0.0224264808162168	0.04247323	0.0049899459
"P2BP07"	"AMD-CAD"	"CAD"	"16:75316074:A:G"	1.43792062389236e-05	-0.0243513	0.0055634248
"P2BP07"	"AMD-CAD"	"CAD"	"16:75318646:T:C"	0.0511182953564292	0.04311741	0.0049903902
"P2BP07"	"AMD-CAD"	"CAD"	"16:75320827:C:T"	0.0291867787418814	0.04404985	0.0051455252
"P2BP07"	"AMD-CAD"	"CAD"	"16:75327401:G:A"	1.92213484885295e-05	-0.01982321	0.006467066
"P2BP07"	"AMD-CAD"	"CAD"	"16:75328308:T:C"	3.31865981557655e-05	0.03012025	0.0050950407
"P2BP07"	"AMD-CAD"	"CAD"	"16:75332041:A:G"	0.0817025647431113	0.04469361	0.00515845
"P2BP07"	"AMD-CAD"	"CAD"	"16:75338855:C:T"	3.29880873234378e-05	0.03101614	0.0052645181
"P2BP07"	"AMD-CAD"	"CAD"	"16:75339295:C:T"	2.97625463635542e-05	0.02939383	0.0063968272
"P2BP07"	"AMD-CAD"	"CAD"	"16:75342846:C:T"	0.00017843790583516	0.04201023	0.0060573809
"P2BP07"	"AMD-CAD"	"CAD"	"16:75342932:A:G"	0.00205690186018415	0.04707534	0.0059828648
"P2BP07"	"AMD-CAD"	"CAD"	"16:75347690:T:C"	0.0893462895974813	0.04321421	0.0049860296
"P2BP07"	"AMD-CAD"	"CAD"	"16:75358207:C:T"	0.000631569943044252	0.04614902	0.0061785082
"P2BP07"	"AMD-CAD"	"CAD"	"16:75360096:A:G"	0.0275119007788837	0.04235108	0.0049824475
"P2BP07"	"AMD-CAD"	"CAD"	"16:75360734:C:T"	0.00167998823733551	0.04842966	0.0071300668
"P2BP07"	"AMD-CAD"	"CAD"	"16:75364940:C:T"	0.000781538493289435	0.04763242	0.0072694145
"P2BP07"	"AMD-CAD"	"CAD"	"16:75371920:T:C"	0.0614676883149827	0.04327552	0.0050056092
"P2BP07"	"AMD-CAD"	"CAD"	"16:75377750:C:T"	2.81098094899734e-05	-0.01698588	0.0063227047
"P2BP07"	"AMD-CAD"	"CAD"	"16:75377933:C:T"	2.53721845778765e-05	-0.01760054	0.0062312341
"P2BP07"	"AMD-CAD"	"CAD"	"16:75378414:T:C"	2.37213527650715e-05	-0.01797314	0.0062316507
"P2BP07"	"AMD-CAD"	"CAD"	"16:75390532:T:C"	0.00397190562241323	0.04819688	0.0059459173
"P2BP07"	"AMD-CAD"	"CAD"	"16:75395969:C:T"	1.94617905521222e-05	-0.03360769	0.0097057288
"P2BP07"	"AMD-CAD"	"CAD"	"16:75396376:G:A"	0.00287585130544954	0.04921898	0.0070406005
"P2BP07"	"AMD-CAD"	"CAD"	"16:75402361:T:G"	1.96430515654322e-05	-0.03378666	0.0097168591
"P2BP07"	"AMD-CAD"	"CAD"	"16:75422201:C:A"	0.00133314683728525	0.04763132	0.0062288043
"P2BP07"	"AMD-CAD"	"CAD"	"16:75424110:T:C"	0.00787157602851529	0.04942991	0.0060337255
"P2BP07"	"AMD-CAD"	"CAD"	"16:75425553:C:T"	0.0830602518683109	0.04334466	0.0049773637
"P2BP07"	"AMD-CAD"	"CAD"	"16:75434146:C:T"	3.01954122809978e-05	-0.03806288	0.0052245026
"P2BP07"	"AMD-CAD"	"CAD"	"16:75434558:T:C"	2.79640563519701e-05	-0.0176003	0.0061600641
"P2BP07"	"AMD-CAD"	"CAD"	"16:75439132:T:C"	0.00158528050925022	-0.04947544	0.0072618549
"P2BP07"	"AMD-CAD"	"CAD"	"16:75452534:G:A"	1.47839041416686e-05	-0.02345292	0.0059431205
"P2BP07"	"AMD-CAD"	"CAD"	"16:75466696:G:T"	0.308741175941054	0.04586234	0.0051546517
"P2BP07"	"AMD-CAD"	"CAD"	"16:75470277:A:G"	2.25843033975215e-05	-0.01877547	0.0061785033
"P2BP07"	"AMD-CAD"	"CAD"	"16:75470576:A:G"	0.0273356868683217	0.04424474	0.0050881516
"P2BP07"	"AMD-CAD"	"CAD"	"16:75473332:A:G"	1.94170295512164e-05	-0.02022238	0.0063691017
"P2BP07"	"AMD-CAD"	"CAD"	"16:75475704:C:T"	3.28162669842591e-05	-0.0172739	0.006101128
"P2BP07"	"AMD-CAD"	"CAD"	"16:75480297:T:C"	3.72435864460785e-05	-0.01677966	0.0061211346
"P2BP07"	"AMD-CAD"	"CAD"	"16:75481215:C:T"	2.5925252917669e-05	0.03597528	0.010536582
"P2BP07"	"AMD-CAD"	"CAD"	"16:75481771:A:G"	0.0068613720058166	0.04914867	0.0060936541
"P2BP07"	"AMD-CAD"	"CAD"	"16:75483064:T:G"	0.218185081109108	0.04417991	0.0049945169
"P2BP07"	"AMD-CAD"	"CAD"	"16:75486648:A:G"	0.000906250293509103	-0.04823103	0.0072725601
"P2BP07"	"AMD-CAD"	"CAD"	"16:75487758:T:C"	0.00092228722261023	0.04683356	0.0063074505
"P2BP07"	"AMD-CAD"	"CAD"	"16:75492242:C:T"	0.000109231056427128	0.04074715	0.0052513739
"P2BP07"	"AMD-CAD"	"CAD"	"16:75492706:T:G"	0.00010767688297153	0.03953003	0.0050961904
"P2BP07"	"AMD-CAD"	"CAD"	"16:75495986:T:C"	0.000154085837359652	0.04110377	0.0052530162
"P2BP07"	"AMD-CAD"	"CAD"	"16:75505046:C:T"	0.000499581565996832	-0.04686821	0.0073976389
"P2BP07"	"AMD-CAD"	"CAD"	"16:75506593:G:A"	1.55277240437846e-05	0.03557824	0.0050789902
"P2BP07"	"AMD-CAD"	"CAD"	"16:75510973:A:C"	1.56015571538548e-05	0.03052072	0.0049995693
"P2BP08"	"AMD-STROKE"	"AMD"	"12:110115286:A:G"	8.15409485266372e-07	-0.000588381	0.0217812
"P2BP08"	"AMD-STROKE"	"AMD"	"12:110116510:A:C"	1.14754211022472e-06	0.0168683	0.0199295
"P2BP08"	"AMD-STROKE"	"AMD"	"12:110116872:A:G"	9.39142025591089e-07	0.0144293	0.0264935
"P2BP08"	"AMD-STROKE"	"AMD"	"12:110121111:C:A"	8.45634085866465e-07	0.00640849	0.0231006
"P2BP08"	"AMD-STROKE"	"AMD"	"12:110127414:G:A"	8.20655718936081e-07	-0.00251078	0.0210983
"P2BP08"	"AMD-STROKE"	"AMD"	"12:110132304:G:T"	8.4485633777831e-07	0.0120585	0.0440218
"P2BP08"	"AMD-STROKE"	"AMD"	"12:110138729:C:A"	8.57948097121586e-07	0.0138662	0.0423429
"P2BP08"	"AMD-STROKE"	"AMD"	"12:110139500:T:G"	8.58630685440787e-07	0.0078057	0.0236531
"P2BP08"	"AMD-STROKE"	"AMD"	"12:110144932:C:T"	8.73315646021666e-07	0.0164728	0.043346
"P2BP08"	"AMD-STROKE"	"AMD"	"12:110150552:A:G"	1.01411821751274e-06	0.0142206	0.0210243
"P2BP08"	"AMD-STROKE"	"AMD"	"12:110155571:T:C"	8.74722561827745e-07	0.00997735	0.0259529
"P2BP08"	"AMD-STROKE"	"AMD"	"12:110161209:G:A"	8.3183422128208e-07	-0.00403275	0.019562
"P2BP08"	"AMD-STROKE"	"AMD"	"12:110169723:T:C"	3.26517318505193e-06	0.0502425	0.029469
"P2BP08"	"AMD-STROKE"	"AMD"	"12:110170028:G:A"	8.15193938574765e-07	0.000257019	0.0193739
"P2BP08"	"AMD-STROKE"	"AMD"	"12:110170728:G:A"	8.79516470542185e-07	0.0116183	0.0291148
"P2BP08"	"AMD-STROKE"	"AMD"	"12:110172974:C:T"	2.02430563833733e-06	0.0264167	0.019138
"P2BP08"	"AMD-STROKE"	"AMD"	"12:110173564:T:C"	6.1402506207342e-06	0.0583384	0.0283657
"P2BP08"	"AMD-STROKE"	"AMD"	"12:110175537:G:A"	5.99136076084861e-06	0.0580068	0.0283775
"P2BP08"	"AMD-STROKE"	"AMD"	"12:110178261:G:A"	8.57720287128494e-07	0.00794192	0.0243152
"P2BP08"	"AMD-STROKE"	"AMD"	"12:110178497:T:C"	2.56855017166657e-06	0.0368473	0.0237646
"P2BP08"	"AMD-STROKE"	"AMD"	"12:110181011:T:C"	1.5608491429342e-06	0.027081	0.0232158
"P2BP08"	"AMD-STROKE"	"AMD"	"12:110181145:A:G"	1.20540385184498e-06	-0.0228009	0.0251882
"P2BP08"	"AMD-STROKE"	"AMD"	"12:110186553:T:C"	9.89608510693074e-07	-0.0138373	0.0217095
"P2BP08"	"AMD-STROKE"	"AMD"	"12:110187992:C:A"	2.53075801770475e-06	0.0450243	0.0292277
"P2BP08"	"AMD-STROKE"	"AMD"	"12:110191212:A:G"	2.76265310372725e-06	0.0467795	0.0292561
"P2BP08"	"AMD-STROKE"	"AMD"	"12:110199401:G:A"	8.3564421193838e-07	-0.00447297	0.0196021
"P2BP08"	"AMD-STROKE"	"AMD"	"12:110201605:T:C"	2.38084596870802e-06	0.0434193	0.0289776
"P2BP08"	"AMD-STROKE"	"AMD"	"12:110215171:C:T"	9.51110052160864e-07	0.0145883	0.0256627
"P2BP08"	"AMD-STROKE"	"AMD"	"12:110220464:G:A"	1.45146416707931e-06	-0.0199172	0.0181177
"P2BP08"	"AMD-STROKE"	"AMD"	"12:110220752:A:G"	1.66443189442145e-06	0.0324705	0.0265538
"P2BP08"	"AMD-STROKE"	"AMD"	"12:110224174:A:G"	8.16955558424759e-07	-0.00128121	0.018694
"P2BP08"	"AMD-STROKE"	"AMD"	"12:110224922:A:C"	8.723222979512e-07	0.00707847	0.0187817
"P2BP08"	"AMD-STROKE"	"AMD"	"12:110226379:G:A"	1.78298527508947e-06	0.0335681	0.026217
"P2BP08"	"AMD-STROKE"	"AMD"	"12:110227965:C:T"	2.20886441404389e-06	-0.0269111	0.0186234
"P2BP08"	"AMD-STROKE"	"AMD"	"12:110233500:C:T"	1.49373817137644e-06	-0.0368246	0.032694
"P2BP08"	"AMD-STROKE"	"AMD"	"12:110234658:T:C"	1.32386190820899e-06	-0.0200473	0.0198911
"P2BP08"	"AMD-STROKE"	"AMD"	"12:110234698:C:T"	8.39723992562824e-07	-0.00846981	0.0339416
"P2BP08"	"AMD-STROKE"	"AMD"	"12:110235632:A:G"	1.56209385882011e-06	-0.0381577	0.0326915
"P2BP08"	"AMD-STROKE"	"AMD"	"12:110238302:A:G"	8.52725644095997e-07	-0.0106928	0.0347927
"P2BP08"	"AMD-STROKE"	"AMD"	"12:110240838:T:G"	9.62858062725225e-07	-0.0109126	0.0184757
"P2BP08"	"AMD-STROKE"	"AMD"	"12:110242933:A:C"	9.8848593355072e-07	-0.0117366	0.0184678
"P2BP08"	"AMD-STROKE"	"AMD"	"12:110245588:A:G"	1.0700650732165e-06	-0.0135929	0.0180046
"P2BP08"	"AMD-STROKE"	"AMD"	"12:110248089:A:G"	1.3977957206146e-06	-0.0219269	0.0206308
"P2BP08"	"AMD-STROKE"	"AMD"	"12:110254970:T:G"	1.48278240119648e-06	-0.0231053	0.0206394
"P2BP08"	"AMD-STROKE"	"AMD"	"12:110262808:T:C"	1.71010375782377e-06	-0.0253148	0.0203203
"P2BP08"	"AMD-STROKE"	"AMD"	"12:110271899:C:T"	4.17232581240157e-06	0.0340038	0.0183862
"P2BP08"	"AMD-STROKE"	"AMD"	"12:110276914:C:T"	1.48005490063774e-06	0.020629	0.0184558
"P2BP08"	"AMD-STROKE"	"AMD"	"12:110278812:C:T"	8.53772674558329e-07	0.0063443	0.0203681
"P2BP08"	"AMD-STROKE"	"AMD"	"12:110279179:G:A"	2.22942529481962e-06	0.0266278	0.0183423
"P2BP08"	"AMD-STROKE"	"AMD"	"12:110279866:A:G"	2.13579857688551e-06	0.0257614	0.0181364
"P2BP08"	"AMD-STROKE"	"AMD"	"12:110284465:T:C"	1.24793069122831e-06	-0.039117	0.0414163
"P2BP08"	"AMD-STROKE"	"AMD"	"12:110285646:A:G"	8.66328057957944e-07	0.00689447	0.019301
"P2BP08"	"AMD-STROKE"	"AMD"	"12:110292513:G:A"	3.31212417237214e-06	0.0311428	0.0181731
"P2BP08"	"AMD-STROKE"	"AMD"	"12:110300147:A:G"	1.24795640255027e-06	0.0172889	0.0183047
"P2BP08"	"AMD-STROKE"	"AMD"	"12:110302270:C:T"	2.92791507083834e-06	0.0300923	0.0183873
"P2BP08"	"AMD-STROKE"	"AMD"	"12:110306345:G:A"	1.23259629813965e-06	0.0172301	0.0185136
"P2BP08"	"AMD-STROKE"	"AMD"	"12:110306740:G:A"	1.02267274892931e-06	-0.0228251	0.0331148
"P2BP08"	"AMD-STROKE"	"AMD"	"12:110308549:T:C"	2.02040488639366e-06	0.0268255	0.0194548
"P2BP08"	"AMD-STROKE"	"AMD"	"12:110310916:C:T"	1.58115834969497e-06	0.021771	0.0184807
"P2BP08"	"AMD-STROKE"	"AMD"	"12:110312232:A:G"	1.99120557820009e-06	0.0301888	0.0220717
"P2BP08"	"AMD-STROKE"	"AMD"	"12:110313754:T:C"	1.07091004664106e-06	0.0140211	0.0185449
"P2BP08"	"AMD-STROKE"	"AMD"	"12:110315717:C:T"	1.30832540538028e-05	-0.0856021	0.0354994
"P2BP08"	"AMD-STROKE"	"AMD"	"12:110316963:T:C"	1.30943777242321e-05	-0.0856181	0.0355006
"P2BP08"	"AMD-STROKE"	"AMD"	"12:110317083:A:G"	1.31185953244906e-05	-0.0856449	0.0354999
"P2BP08"	"AMD-STROKE"	"AMD"	"12:110335885:A:G"	1.04192465922859e-05	-0.0818283	0.0354183
"P2BP08"	"AMD-STROKE"	"AMD"	"12:110341933:A:G"	9.7245966235171e-06	-0.0563384	0.0247224
"P2BP08"	"AMD-STROKE"	"AMD"	"12:110342802:C:T"	1.24683120972247e-06	0.0199374	0.0211312
"P2BP08"	"AMD-STROKE"	"AMD"	"12:110353172:T:C"	1.35817149937711e-06	0.0428762	0.0414624
"P2BP08"	"AMD-STROKE"	"AMD"	"12:110354536:C:T"	1.18997041909097e-06	-0.0319631	0.035906
"P2BP08"	"AMD-STROKE"	"AMD"	"12:110354636:C:A"	9.85805978626075e-07	-0.0207555	0.0328916
"P2BP08"	"AMD-STROKE"	"AMD"	"12:110368201:G:A"	1.114048405082e-06	0.0166954	0.0206392
"P2BP08"	"AMD-STROKE"	"AMD"	"12:110369872:G:A"	2.20155733877681e-05	-0.0917484	0.0349151
"P2BP08"	"AMD-STROKE"	"AMD"	"12:110370141:C:T"	2.20984734027319e-05	-0.0913887	0.0347584
"P2BP08"	"AMD-STROKE"	"AMD"	"12:110372210:G:A"	9.5010860678979e-07	-0.023316	0.0411566
"P2BP08"	"AMD-STROKE"	"AMD"	"12:110372546:C:T"	1.69522077951845e-05	-0.0879245	0.0348712
"P2BP08"	"AMD-STROKE"	"AMD"	"12:110374339:G:A"	6.06034380223885e-06	-0.076706	0.0374181
"P2BP08"	"AMD-STROKE"	"AMD"	"12:110379213:T:C"	1.13495502536143e-05	-0.0585748	0.0249382
"P2BP08"	"AMD-STROKE"	"AMD"	"12:110389404:T:C"	1.02469741958267e-06	-0.0228335	0.0329835
"P2BP08"	"AMD-STROKE"	"AMD"	"12:110402892:T:G"	1.07781623780445e-05	-0.0580195	0.0249477
"P2BP08"	"AMD-STROKE"	"AMD"	"12:110421634:G:A"	1.06897163820729e-06	-0.0249561	0.0331181
"P2BP08"	"AMD-STROKE"	"AMD"	"12:110421683:A:G"	1.1927931055089e-05	-0.0592685	0.0249987
"P2BP08"	"AMD-STROKE"	"AMD"	"12:110427301:G:A"	4.71596060680479e-06	-0.0715566	0.037317
"P2BP08"	"AMD-STROKE"	"AMD"	"12:110430968:A:G"	1.19021968688626e-05	-0.0592508	0.0250013
"P2BP08"	"AMD-STROKE"	"AMD"	"12:110435909:G:A"	1.86770369006162e-05	-0.0892549	0.0348468
"P2BP08"	"AMD-STROKE"	"AMD"	"12:110438238:G:T"	1.15318284968913e-05	-0.058625	0.0248844
"P2BP08"	"AMD-STROKE"	"AMD"	"12:110449173:G:A"	1.03141646534688e-06	-0.0230751	0.0328664
"P2BP08"	"AMD-STROKE"	"AMD"	"12:110454390:C:T"	1.02398740275955e-06	-0.0227326	0.0328876
"P2BP08"	"AMD-STROKE"	"AMD"	"12:110456175:A:G"	1.08159581272416e-05	-0.0579285	0.0248917
"P2BP08"	"AMD-STROKE"	"AMD"	"12:110456704:G:A"	1.30730288318004e-05	-0.0862632	0.0357786
"P2BP08"	"AMD-STROKE"	"AMD"	"12:110462875:C:T"	4.73264485578717e-06	-0.0715345	0.037268
"P2BP08"	"AMD-STROKE"	"AMD"	"12:110481056:A:G"	1.85114273244524e-05	-0.0890918	0.0348327
"P2BP08"	"AMD-STROKE"	"AMD"	"12:110486272:T:C"	9.87015510667266e-06	-0.0568535	0.024874
"P2BP08"	"AMD-STROKE"	"AMD"	"12:110486920:G:A"	1.63195307723019e-05	-0.0873386	0.034858
"P2BP08"	"AMD-STROKE"	"AMD"	"12:110489208:C:T"	4.59848227452042e-06	-0.0515384	0.0270727
"P2BP08"	"AMD-STROKE"	"AMD"	"12:110497378:C:T"	1.09535549668305e-05	-0.0677149	0.029026
"P2BP08"	"AMD-STROKE"	"AMD"	"12:110498432:C:A"	1.07913790877712e-05	-0.0675202	0.029026
"P2BP08"	"AMD-STROKE"	"AMD"	"12:110503770:T:C"	3.20030671929761e-05	-0.0654337	0.0235976
"P2BP08"	"AMD-STROKE"	"AMD"	"12:110505621:C:A"	2.60997196066537e-06	-0.0562831	0.0360493
"P2BP08"	"AMD-STROKE"	"AMD"	"12:110509461:G:A"	1.14649030519276e-05	-0.0765944	0.0325476
"P2BP08"	"AMD-STROKE"	"AMD"	"12:110515411:C:T"	1.62763596101012e-06	0.0260514	0.021646
"P2BP08"	"AMD-STROKE"	"AMD"	"12:110521368:G:T"	1.73208620868337e-06	0.0274443	0.0218422
"P2BP08"	"AMD-STROKE"	"AMD"	"12:110522399:A:G"	1.23716385003192e-06	-0.0175162	0.0187374
"P2BP08"	"AMD-STROKE"	"AMD"	"12:110547162:A:C"	1.12246361361201e-06	-0.0202396	0.0247246
"P2BP08"	"AMD-STROKE"	"AMD"	"12:110557312:A:G"	1.43671686769764e-06	-0.0205207	0.0188341
"P2BP08"	"AMD-STROKE"	"AMD"	"12:110562497:C:T"	9.00395385250441e-07	0.0101193	0.0221677
"P2BP08"	"AMD-STROKE"	"AMD"	"12:110573340:G:T"	1.64964013149582e-06	-0.023004	0.018931
"P2BP08"	"AMD-STROKE"	"AMD"	"12:110578192:C:T"	2.65971573243373e-06	-0.029599	0.0188062
"P2BP08"	"AMD-STROKE"	"AMD"	"12:110594270:T:G"	9.01953120080456e-07	0.010167	0.0220812
"P2BP08"	"AMD-STROKE"	"AMD"	"12:110597304:C:T"	1.96810719872431e-05	-0.0648059	0.0250925
"P2BP08"	"AMD-STROKE"	"AMD"	"12:110602173:C:T"	9.08182831049764e-07	0.0104549	0.0219717
"P2BP08"	"AMD-STROKE"	"AMD"	"12:110605559:C:T"	1.43595699981791e-05	-0.0748354	0.0305267
"P2BP08"	"AMD-STROKE"	"AMD"	"12:110609714:C:T"	9.21327164449259e-07	0.0100185	0.0197809
"P2BP08"	"AMD-STROKE"	"AMD"	"12:110618235:A:G"	9.69163995390154e-07	0.021743	0.0361114
"P2BP08"	"AMD-STROKE"	"AMD"	"12:110618890:C:T"	1.99541213925514e-05	-0.0785908	0.0303643
"P2BP08"	"AMD-STROKE"	"AMD"	"12:110620661:C:T"	1.09465807418552e-06	-0.0195455	0.0248716
"P2BP08"	"AMD-STROKE"	"AMD"	"12:110622224:T:G"	7.39361672430494e-06	-0.0689833	0.0320975
"P2BP08"	"AMD-STROKE"	"AMD"	"12:110624668:G:A"	9.34293376775308e-07	0.0118958	0.0222522
"P2BP08"	"AMD-STROKE"	"AMD"	"12:110629266:A:G"	2.89226346328331e-06	-0.0302991	0.018603
"P2BP08"	"AMD-STROKE"	"AMD"	"12:110629492:T:C"	1.43762809223791e-06	-0.0207078	0.0189952
"P2BP08"	"AMD-STROKE"	"AMD"	"12:110642190:A:C"	7.63546462645426e-06	-0.0572809	0.02646
"P2BP08"	"AMD-STROKE"	"AMD"	"12:110644045:G:A"	1.37911330337914e-05	-0.0743519	0.0305453
"P2BP08"	"AMD-STROKE"	"AMD"	"12:110645829:G:A"	5.3765064528255e-06	-0.0640595	0.0322255
"P2BP08"	"AMD-STROKE"	"AMD"	"12:110659314:G:A"	9.34904054061825e-07	0.010499	0.0195925
"P2BP08"	"AMD-STROKE"	"AMD"	"12:110662327:C:T"	1.62445522366994e-06	-0.0236151	0.0196495
"P2BP08"	"AMD-STROKE"	"AMD"	"12:110697448:T:G"	1.23888313885434e-06	-0.0178033	0.0190129
"P2BP08"	"AMD-STROKE"	"AMD"	"12:110704487:C:T"	1.03625476499669e-06	0.0256859	0.0362266
"P2BP08"	"AMD-STROKE"	"AMD"	"12:110712212:T:G"	6.19224428122234e-06	-0.0664176	0.0322268
"P2BP08"	"AMD-STROKE"	"AMD"	"12:110722632:A:G"	8.86042326286862e-07	0.0092673	0.0221705
"P2BP08"	"AMD-STROKE"	"AMD"	"12:110723203:T:C"	1.57633325570394e-06	-0.0223735	0.0190361
"P2BP08"	"AMD-STROKE"	"AMD"	"12:110723245:C:T"	1.57934121858272e-06	0.0221976	0.0188592
"P2BP08"	"AMD-STROKE"	"AMD"	"12:110747419:G:A"	1.31582040396872e-06	-0.0191423	0.0191136
"P2BP08"	"AMD-STROKE"	"AMD"	"12:110756569:G:A"	6.62309193977251e-06	-0.0670248	0.031995
"P2BP08"	"AMD-STROKE"	"AMD"	"12:110766767:A:G"	6.20524832128933e-06	-0.0660977	0.032055
"P2BP08"	"AMD-STROKE"	"AMD"	"12:110778383:A:G"	6.79468980335773e-06	-0.0671607	0.0318659
"P2BP08"	"AMD-STROKE"	"AMD"	"12:110783241:G:A"	9.54627985327861e-07	0.0128875	0.0224043
"P2BP08"	"AMD-STROKE"	"AMD"	"12:110789372:G:A"	5.93742357224425e-06	-0.0652923	0.0320143
"P2BP08"	"AMD-STROKE"	"AMD"	"12:110792131:T:C"	9.36327062772691e-07	0.019533	0.0362506
"P2BP08"	"AMD-STROKE"	"AMD"	"12:110797730:C:T"	9.97844550654214e-07	0.014546	0.0223489
"P2BP08"	"AMD-STROKE"	"AMD"	"12:110800166:T:C"	9.84453194963208e-07	0.0140298	0.022314
"P2BP08"	"AMD-STROKE"	"AMD"	"12:110809859:C:A"	1.00200115394911e-05	-0.0605104	0.0263943
"P2BP08"	"AMD-STROKE"	"AMD"	"12:110812345:T:C"	5.06648385278918e-06	-0.0625599	0.0319786
"P2BP08"	"AMD-STROKE"	"AMD"	"12:110812553:G:A"	5.07348810152575e-06	-0.0625904	0.0319821
"P2BP08"	"AMD-STROKE"	"AMD"	"12:110815922:A:G"	1.90019842127853e-06	-0.0248491	0.0186631
"P2BP08"	"AMD-STROKE"	"AMD"	"12:110826208:T:G"	9.54392752361422e-06	-0.059811	0.0263461
"P2BP08"	"AMD-STROKE"	"AMD"	"12:110826463:C:T"	9.37084107388575e-06	-0.0595865	0.0263454
"P2BP08"	"AMD-STROKE"	"AMD"	"12:110829036:A:C"	1.4433871056152e-06	-0.0214996	0.0196524
"P2BP08"	"AMD-STROKE"	"AMD"	"12:110832027:A:G"	2.15292494420982e-06	-0.0266041	0.0186525
"P2BP08"	"AMD-STROKE"	"AMD"	"12:110834659:T:C"	1.36764035526538e-05	-0.0740862	0.0304812
"P2BP08"	"AMD-STROKE"	"AMD"	"12:110845040:C:T"	4.98166363316344e-06	-0.0622978	0.0319928
"P2BP08"	"AMD-STROKE"	"AMD"	"12:110857694:A:G"	1.83679233500822e-06	-0.0244881	0.0187722
"P2BP08"	"AMD-STROKE"	"AMD"	"12:110857966:G:A"	1.56068558987421e-06	-0.0448849	0.0384817
"P2BP08"	"AMD-STROKE"	"AMD"	"12:110901758:A:G"	6.28848164863083e-06	-0.0566449	0.027381
"P2BP08"	"AMD-STROKE"	"AMD"	"12:110904075:A:G"	1.01611048397565e-06	-0.0151095	0.0222388
"P2BP08"	"AMD-STROKE"	"AMD"	"12:110905869:G:A"	9.9187177782234e-07	-0.0142611	0.0222438
"P2BP08"	"AMD-STROKE"	"AMD"	"12:110908817:G:A"	1.06234647445635e-06	-0.0166309	0.0223276
"P2BP08"	"AMD-STROKE"	"AMD"	"12:110923871:G:A"	1.30978403746207e-05	-0.0735142	0.0304804
"P2BP08"	"AMD-STROKE"	"AMD"	"12:110924001:C:T"	8.85200923117502e-07	0.0152252	0.036633
"P2BP08"	"AMD-STROKE"	"AMD"	"12:110929261:C:T"	1.95041456441114e-06	0.0254277	0.01881
"P2BP08"	"AMD-STROKE"	"AMD"	"12:110939421:T:C"	9.70291309743132e-07	-0.0134303	0.0222309
"P2BP08"	"AMD-STROKE"	"AMD"	"12:110947783:G:A"	4.98303050600057e-06	-0.0622922	0.0319875
"P2BP08"	"AMD-STROKE"	"AMD"	"12:110950376:T:C"	1.76944787877442e-06	0.0237679	0.018654
"P2BP08"	"AMD-STROKE"	"AMD"	"12:110971666:C:T"	4.60890079334586e-06	-0.0610536	0.03205
"P2BP08"	"AMD-STROKE"	"AMD"	"12:110973846:A:C"	8.57114536900738e-07	0.00637962	0.0196689
"P2BP08"	"AMD-STROKE"	"AMD"	"12:110974890:T:C"	1.11408308822725e-06	0.0155789	0.019258
"P2BP08"	"AMD-STROKE"	"AMD"	"12:110975675:T:C"	9.69833053421354e-07	-0.0133605	0.0221454
"P2BP08"	"AMD-STROKE"	"AMD"	"12:110976409:A:C"	2.71860697594883e-05	-0.0729165	0.0269009
"P2BP08"	"AMD-STROKE"	"AMD"	"12:110978032:C:T"	3.80808761389906e-05	-0.0754365	0.0265824
"P2BP08"	"AMD-STROKE"	"AMD"	"12:110985442:C:A"	1.08722784653015e-05	-0.0711701	0.0305509
"P2BP08"	"AMD-STROKE"	"AMD"	"12:110988886:C:A"	4.13452107717038e-06	-0.0584672	0.0317023
"P2BP08"	"AMD-STROKE"	"AMD"	"12:110993791:G:A"	2.11957976048449e-06	0.0267611	0.0189152
"P2BP08"	"AMD-STROKE"	"AMD"	"12:111002311:A:G"	9.43310617063098e-07	0.0106479	0.0192518
"P2BP08"	"AMD-STROKE"	"AMD"	"12:111007279:G:A"	9.95650765056588e-07	-0.0143843	0.0222217
"P2BP08"	"AMD-STROKE"	"AMD"	"12:111016630:T:G"	9.52774682927426e-07	0.0110769	0.0193762
"P2BP08"	"AMD-STROKE"	"AMD"	"12:111037344:G:A"	1.14325839239982e-06	0.0216576	0.025729
"P2BP08"	"AMD-STROKE"	"AMD"	"12:111045898:T:C"	1.29789387453005e-05	-0.0734709	0.0305126
"P2BP08"	"AMD-STROKE"	"AMD"	"12:111059199:T:C"	9.04980678506639e-07	0.0171744	0.0366977
"P2BP08"	"AMD-STROKE"	"AMD"	"12:111062852:C:T"	2.01192835502795e-06	-0.0261437	0.0190044
"P2BP08"	"AMD-STROKE"	"AMD"	"12:111068096:C:T"	4.86979388736319e-06	-0.0619264	0.0320035
"P2BP08"	"AMD-STROKE"	"AMD"	"12:111074703:A:C"	9.79165801329174e-07	0.0136271	0.0219895
"P2BP08"	"AMD-STROKE"	"AMD"	"12:111075823:C:T"	9.28087677709577e-07	0.0101572	0.0194817
"P2BP08"	"AMD-STROKE"	"AMD"	"12:111081197:A:G"	1.50267206403543e-05	-0.0709321	0.0287081
"P2BP08"	"AMD-STROKE"	"AMD"	"12:111081598:C:T"	5.14467745005298e-06	-0.063131	0.0321361
"P2BP08"	"AMD-STROKE"	"AMD"	"12:111082142:C:T"	9.17400461264428e-07	0.0110587	0.0222257
"P2BP08"	"AMD-STROKE"	"AMD"	"12:111083084:G:T"	9.08148610756498e-07	0.0105684	0.0222141
"P2BP08"	"AMD-STROKE"	"AMD"	"12:111083980:G:A"	5.32360306659818e-06	-0.0635448	0.0320507
"P2BP08"	"AMD-STROKE"	"AMD"	"12:111084540:G:A"	1.21456316527491e-05	-0.0726346	0.0305336
"P2BP08"	"AMD-STROKE"	"AMD"	"12:111094454:C:T"	3.99455623922851e-06	-0.0596901	0.0327142
"P2BP08"	"AMD-STROKE"	"AMD"	"12:111102574:C:A"	5.49091589818751e-06	-0.0639785	0.0320066
"P2BP08"	"AMD-STROKE"	"AMD"	"12:111102627:T:G"	5.39235791374715e-06	-0.0638413	0.0320907
"P2BP08"	"AMD-STROKE"	"AMD"	"12:111107470:A:G"	1.457638129021e-05	-0.0749134	0.030479
"P2BP08"	"AMD-STROKE"	"AMD"	"12:111119631:C:T"	5.7709529558414e-06	-0.0644059	0.0318083
"P2BP08"	"AMD-STROKE"	"AMD"	"12:111121119:G:A"	1.50706784068921e-05	-0.0748579	0.0302818
"P2BP08"	"AMD-STROKE"	"AMD"	"12:111126609:C:T"	6.6374104333855e-06	-0.0649632	0.0309949
"P2BP08"	"AMD-STROKE"	"AMD"	"12:111154626:G:A"	4.57440169954193e-06	-0.0605099	0.0318337
"P2BP08"	"AMD-STROKE"	"AMD"	"12:111155531:T:C"	9.52298562006959e-07	0.0125825	0.0220452
"P2BP08"	"AMD-STROKE"	"AMD"	"12:111160003:G:A"	3.99399103020448e-05	-0.0754063	0.0264085
"P2BP08"	"AMD-STROKE"	"AMD"	"12:111164237:T:C"	2.61123064349e-06	-0.0294578	0.0188638
"P2BP08"	"AMD-STROKE"	"AMD"	"12:111165115:C:T"	9.48899909092304e-07	0.0124226	0.0220196
"P2BP08"	"AMD-STROKE"	"AMD"	"12:111168743:C:T"	8.41853331157161e-07	-0.00888169	0.0341667
"P2BP08"	"AMD-STROKE"	"AMD"	"12:111170903:T:C"	1.39141974260237e-05	-0.0730692	0.0299713
"P2BP08"	"AMD-STROKE"	"AMD"	"12:111171026:T:C"	1.5884077612327e-05	-0.0748488	0.0300089
"P2BP08"	"AMD-STROKE"	"AMD"	"12:111176213:T:C"	1.38773832489836e-05	-0.0730475	0.0299764
"P2BP08"	"AMD-STROKE"	"AMD"	"12:111176494:A:G"	1.24721990029109e-05	-0.0725461	0.0303477
"P2BP08"	"AMD-STROKE"	"AMD"	"12:111193499:G:A"	3.38026620327891e-06	-0.05277	0.0305722
"P2BP08"	"AMD-STROKE"	"AMD"	"12:111200637:G:A"	1.27608266542456e-06	-0.0223467	0.0230639
"P2BP08"	"AMD-STROKE"	"AMD"	"12:111207445:G:T"	8.33228140151299e-07	-0.00799795	0.0372884
"P2BP08"	"AMD-STROKE"	"AMD"	"12:111207515:A:G"	6.86779924119474e-06	-0.0538855	0.0255029
"P2BP08"	"AMD-STROKE"	"AMD"	"12:111212712:C:T"	8.09062309714559e-06	-0.0643374	0.0293423
"P2BP08"	"AMD-STROKE"	"AMD"	"12:111221131:T:C"	9.45872551738614e-06	-0.0667516	0.0294571
"P2BP08"	"AMD-STROKE"	"AMD"	"12:111229645:C:T"	9.08200841753803e-07	-0.00887599	0.0186518
"P2BP08"	"AMD-STROKE"	"AMD"	"12:111235721:G:A"	8.40315339534214e-07	0.00869927	0.0344556
"P2BP08"	"AMD-STROKE"	"AMD"	"12:111239821:T:C"	8.94991539324153e-07	-0.00806128	0.0182191
"P2BP08"	"AMD-STROKE"	"AMD"	"12:111240545:T:G"	8.21552232688205e-07	-0.00236181	0.0184153
"P2BP08"	"AMD-STROKE"	"AMD"	"12:111242361:C:T"	1.35096751507913e-06	0.0187221	0.0181998
"P2BP08"	"AMD-STROKE"	"AMD"	"12:111246640:G:A"	8.16790739710527e-07	-0.00120384	0.0184129
"P2BP08"	"AMD-STROKE"	"AMD"	"12:111248624:C:T"	1.37198032679198e-06	0.0242512	0.0232226
"P2BP08"	"AMD-STROKE"	"AMD"	"12:111248777:T:C"	8.18759475440523e-07	-0.00177866	0.0184272
"P2BP08"	"AMD-STROKE"	"AMD"	"12:111251102:G:T"	4.86056389759071e-06	-0.0550415	0.0284605
"P2BP08"	"AMD-STROKE"	"AMD"	"12:111255027:C:T"	1.11261534641027e-06	-0.0150317	0.0186209
"P2BP08"	"AMD-STROKE"	"AMD"	"12:111257563:C:T"	9.88986483041465e-07	0.0204812	0.0321854
"P2BP08"	"AMD-STROKE"	"AMD"	"12:111260556:G:A"	1.15894080920942e-06	0.0157162	0.0183057
"P2BP08"	"AMD-STROKE"	"AMD"	"12:111264484:G:A"	1.05771759251194e-06	0.0133572	0.0180822
"P2BP08"	"AMD-STROKE"	"AMD"	"12:111267031:C:T"	1.1279281670884e-06	0.0150889	0.0182942
"P2BP08"	"AMD-STROKE"	"AMD"	"12:111272553:A:G"	1.0753381444184e-06	-0.0140199	0.0184047
"P2BP08"	"AMD-STROKE"	"AMD"	"12:111279463:C:T"	1.230631471838e-06	0.0169243	0.0182202
"P2BP08"	"AMD-STROKE"	"AMD"	"12:111282220:G:T"	8.24354309592046e-07	-0.0062561	0.0407409
"P2BP08"	"AMD-STROKE"	"AMD"	"12:111287726:T:C"	1.39128098675112e-06	-0.0197189	0.0186342
"P2BP08"	"AMD-STROKE"	"AMD"	"12:111288843:T:C"	1.15672224043628e-06	-0.0160476	0.0187428
"P2BP08"	"AMD-STROKE"	"AMD"	"12:111289694:G:A"	1.06205063532538e-06	-0.0148737	0.019979
"P2BP08"	"AMD-STROKE"	"AMD"	"12:111294520:A:G"	8.85480319401388e-07	-0.00775782	0.0186303
"P2BP08"	"AMD-STROKE"	"AMD"	"12:111300010:G:A"	8.419192762954e-07	-0.00516997	0.0198641
"P2BP08"	"AMD-STROKE"	"AMD"	"12:111311929:T:C"	8.67692160899658e-07	-0.00739823	0.0204489
"P2BP08"	"AMD-STROKE"	"AMD"	"12:111314289:T:C"	8.72406867857833e-07	-0.00778548	0.0206429
"P2BP08"	"AMD-STROKE"	"AMD"	"12:111323418:G:A"	9.12074006653718e-07	-0.010772	0.0222033
"P2BP08"	"AMD-STROKE"	"AMD"	"12:111331016:G:A"	8.15158352374112e-07	-0.000341494	0.0371362
"P2BP08"	"AMD-STROKE"	"AMD"	"12:111333622:T:C"	1.54349851622104e-06	-0.0224428	0.0194073
"P2BP08"	"AMD-STROKE"	"AMD"	"12:111334117:T:C"	1.67543861284702e-06	-0.0240919	0.0196116
"P2BP08"	"AMD-STROKE"	"AMD"	"12:111338794:C:T"	8.18017219850198e-07	0.00320169	0.0371757
"P2BP08"	"AMD-STROKE"	"AMD"	"12:111340243:T:C"	1.55101068299857e-06	-0.0225361	0.0194143
"P2BP08"	"AMD-STROKE"	"AMD"	"12:111342722:T:C"	1.7349971266345e-06	-0.0246884	0.019627
"P2BP08"	"AMD-STROKE"	"AMD"	"12:111344330:A:G"	1.14072825962985e-06	-0.0179037	0.0213394
"P2BP08"	"AMD-STROKE"	"AMD"	"12:111347333:T:C"	1.33279430913902e-06	-0.0214314	0.0211185
"P2BP08"	"AMD-STROKE"	"AMD"	"12:111349849:A:G"	1.67511174631318e-06	-0.0242251	0.0197227
"P2BP08"	"AMD-STROKE"	"AMD"	"12:111350655:A:G"	8.27831123539902e-07	0.00669035	0.0371714
"P2BP08"	"AMD-STROKE"	"AMD"	"12:111350771:C:T"	8.27831123539902e-07	0.00669035	0.0371714
"P2BP08"	"AMD-STROKE"	"AMD"	"12:111351937:C:T"	8.40686411707203e-07	0.00936781	0.0368373
"P2BP08"	"AMD-STROKE"	"AMD"	"12:111352848:A:C"	1.83575429180127e-06	-0.0266817	0.0204609
"P2BP08"	"AMD-STROKE"	"AMD"	"12:111353161:A:G"	1.11685711889908e-06	-0.0174801	0.0215227
"P2BP08"	"AMD-STROKE"	"AMD"	"12:111353556:A:G"	1.0993913363011e-06	-0.0267403	0.0337807
"P2BP08"	"AMD-STROKE"	"AMD"	"12:111361298:A:G"	7.94252915436999e-06	-0.0407483	0.0186593
"P2BP08"	"AMD-STROKE"	"AMD"	"12:111365324:A:G"	2.54125409060446e-06	-0.028023	0.0181581
"P2BP08"	"AMD-STROKE"	"AMD"	"12:111366750:C:A"	2.47643249129403e-06	-0.0277473	0.0181873
"P2BP08"	"AMD-STROKE"	"AMD"	"12:111376637:C:T"	2.26727957042261e-06	-0.0270391	0.0184717
"P2BP08"	"AMD-STROKE"	"AMD"	"12:111376921:T:C"	3.04322658384315e-06	-0.0306767	0.0184675
"P2BP08"	"AMD-STROKE"	"AMD"	"12:111377051:C:T"	3.79256817795159e-06	-0.0331349	0.0184641
"P2BP08"	"AMD-STROKE"	"AMD"	"12:111385296:A:G"	2.60440748411916e-06	-0.0282902	0.0181365
"P2BP08"	"AMD-STROKE"	"AMD"	"12:111386961:T:C"	2.61089501651934e-06	-0.0288375	0.0184676
"P2BP08"	"AMD-STROKE"	"AMD"	"12:111391799:C:T"	2.45187715841588e-06	-0.0280594	0.0184749
"P2BP08"	"AMD-STROKE"	"AMD"	"12:111393519:T:G"	3.31076775050843e-06	-0.0310668	0.0181314
"P2BP08"	"AMD-STROKE"	"AMD"	"12:111394327:T:C"	3.09681516474925e-06	-0.0308599	0.0184559
"P2BP08"	"AMD-STROKE"	"AMD"	"12:111394384:G:A"	3.03328932516056e-06	-0.030622	0.0184575
"P2BP08"	"AMD-STROKE"	"AMD"	"12:111394929:C:A"	3.17772666824645e-06	-0.031158	0.0184567
"P2BP08"	"AMD-STROKE"	"AMD"	"12:111396419:G:A"	3.17903993396484e-06	-0.0311629	0.0184568
"P2BP08"	"AMD-STROKE"	"AMD"	"12:111396613:C:T"	3.17097419355594e-06	-0.0311338	0.0184568
"P2BP08"	"AMD-STROKE"	"AMD"	"12:111398098:T:C"	2.5505237132295e-06	-0.0285617	0.0184776
"P2BP08"	"AMD-STROKE"	"AMD"	"12:111399446:T:C"	3.090254664051e-06	-0.0308464	0.0184625
"P2BP08"	"AMD-STROKE"	"AMD"	"12:111399660:T:C"	2.45492150074966e-06	-0.0280787	0.0184772
"P2BP08"	"AMD-STROKE"	"AMD"	"12:111399771:G:A"	3.11472180969385e-06	-0.0309295	0.0184577
"P2BP08"	"AMD-STROKE"	"AMD"	"12:111400116:A:G"	3.2268130997215e-06	-0.0313507	0.0184671
"P2BP08"	"AMD-STROKE"	"AMD"	"12:111401316:G:T"	2.6119980091055e-06	-0.0288571	0.0184768
"P2BP08"	"AMD-STROKE"	"AMD"	"12:111401693:G:A"	3.21335058195427e-06	-0.0312854	0.0184567
"P2BP08"	"AMD-STROKE"	"AMD"	"12:111401798:A:G"	3.18261738141423e-06	-0.0311827	0.0184609
"P2BP08"	"AMD-STROKE"	"AMD"	"12:111402363:T:C"	3.24956937658438e-06	-0.0314242	0.0184633
"P2BP08"	"AMD-STROKE"	"AMD"	"12:111405470:T:G"	3.42202510361656e-06	-0.0324491	0.0187187
"P2BP08"	"AMD-STROKE"	"AMD"	"12:111410537:A:G"	3.32513893908093e-06	-0.0322007	0.0187642
"P2BP08"	"AMD-STROKE"	"AMD"	"12:111438001:A:G"	8.50272267705066e-07	0.00991388	0.0333409
"P2BP08"	"AMD-STROKE"	"AMD"	"12:111504033:T:C"	5.85435264655043e-06	0.0414411	0.020392
"P2BP08"	"AMD-STROKE"	"AMD"	"12:111522026:T:G"	2.00430215968606e-06	0.0515698	0.0375662
"P2BP08"	"AMD-STROKE"	"AMD"	"12:111536822:A:G"	8.30751425873189e-07	0.00476817	0.0239095
"P2BP08"	"AMD-STROKE"	"AMD"	"12:111546165:T:C"	2.34367988671824e-06	0.0299432	0.0201321
"P2BP08"	"AMD-STROKE"	"AMD"	"12:111578993:C:T"	1.00198040609012e-06	0.0281953	0.0428838
"P2BP08"	"AMD-STROKE"	"AMD"	"12:111580076:C:T"	9.75647648004951e-07	0.0263382	0.0429243
"P2BP08"	"AMD-STROKE"	"AMD"	"12:111590492:T:C"	8.68244788509998e-07	0.00917906	0.0252429
"P2BP08"	"AMD-STROKE"	"AMD"	"12:111592380:G:T"	9.59230065822325e-07	-0.0204763	0.0350673
"P2BP08"	"AMD-STROKE"	"AMD"	"12:111598202:C:T"	8.29985276840084e-07	0.00546217	0.0280802
"P2BP08"	"AMD-STROKE"	"AMD"	"12:111600134:G:T"	6.64072718059572e-06	0.0430279	0.0205268
"P2BP08"	"AMD-STROKE"	"AMD"	"12:111614736:T:C"	8.68448896795826e-07	-0.00822023	0.0225641
"P2BP08"	"AMD-STROKE"	"AMD"	"12:111618332:T:G"	1.00304525352257e-06	-0.0175677	0.0266512
"P2BP08"	"AMD-STROKE"	"AMD"	"12:111619339:T:C"	9.04134460855133e-07	-0.0117023	0.0251177
"P2BP08"	"AMD-STROKE"	"AMD"	"12:111619440:T:C"	9.25678049545908e-07	-0.0128526	0.0249022
"P2BP08"	"AMD-STROKE"	"AMD"	"12:111622980:A:G"	9.38267475936172e-07	-0.013539	0.024941
"P2BP08"	"AMD-STROKE"	"AMD"	"12:111623138:A:G"	9.00149140670159e-07	-0.011234	0.0246435
"P2BP08"	"AMD-STROKE"	"AMD"	"12:111630519:C:T"	8.34890010015243e-07	0.00661481	0.0295296
"P2BP08"	"AMD-STROKE"	"AMD"	"12:111634281:T:G"	1.28865568049807e-06	-0.0266448	0.027204
"P2BP08"	"AMD-STROKE"	"AMD"	"12:111645043:A:G"	2.11762160862161e-06	-0.0396239	0.0280204
"P2BP08"	"AMD-STROKE"	"AMD"	"12:111647453:C:T"	2.67796992625691e-06	-0.0431279	0.0273231
"P2BP08"	"AMD-STROKE"	"AMD"	"12:111647825:T:C"	2.81454923978242e-06	-0.0445211	0.0276338
"P2BP08"	"AMD-STROKE"	"AMD"	"12:111649179:G:A"	2.72820352686942e-06	-0.0439293	0.0276159
"P2BP08"	"AMD-STROKE"	"AMD"	"12:111649344:A:G"	2.70672147117956e-06	-0.0437636	0.0276022
"P2BP08"	"AMD-STROKE"	"AMD"	"12:111650780:G:T"	1.30680910559455e-06	-0.0218513	0.0219768
"P2BP08"	"AMD-STROKE"	"AMD"	"12:111651949:G:A"	1.33388935041889e-06	-0.0222863	0.0219426
"P2BP08"	"AMD-STROKE"	"AMD"	"12:111652522:G:A"	1.36986334053901e-06	-0.0228659	0.0219286
"P2BP08"	"AMD-STROKE"	"AMD"	"12:111654363:C:T"	1.44535697443882e-06	-0.0237671	0.0216992
"P2BP08"	"AMD-STROKE"	"AMD"	"12:111654575:A:G"	8.34870758859019e-07	0.00685366	0.0306106
"P2BP08"	"AMD-STROKE"	"AMD"	"12:111655513:C:T"	2.79712682871303e-06	-0.0444618	0.0276664
"P2BP08"	"AMD-STROKE"	"AMD"	"12:111659074:T:C"	1.87034611287551e-06	-0.0290944	0.0220589
"P2BP08"	"AMD-STROKE"	"AMD"	"12:111660599:G:T"	4.70607368108222e-06	-0.0539254	0.0281391
"P2BP08"	"AMD-STROKE"	"AMD"	"12:111662578:G:A"	1.55572579207952e-05	-0.0560996	0.022571
"P2BP08"	"AMD-STROKE"	"AMD"	"12:111664061:T:G"	8.2936781287124e-06	-0.0492611	0.0223461
"P2BP08"	"AMD-STROKE"	"AMD"	"12:111665388:G:A"	7.48631922886656e-06	-0.0481126	0.0223235
"P2BP08"	"AMD-STROKE"	"AMD"	"12:111666984:C:T"	2.47753985228583e-05	-0.0700441	0.0261903
"P2BP08"	"AMD-STROKE"	"AMD"	"12:111670682:G:T"	8.72266096163532e-06	-0.049078	0.0220249
"P2BP08"	"AMD-STROKE"	"AMD"	"12:111679214:C:T"	6.19008721625125e-06	-0.0459625	0.0223036
"P2BP08"	"AMD-STROKE"	"AMD"	"12:111690466:C:T"	9.10706206180834e-06	-0.0499929	0.0222341
"P2BP08"	"AMD-STROKE"	"AMD"	"12:111690579:T:C"	9.09736569543185e-06	-0.0499695	0.0222286
"P2BP08"	"AMD-STROKE"	"AMD"	"12:111691081:T:C"	9.10574595935909e-06	-0.0501724	0.0223146
"P2BP08"	"AMD-STROKE"	"AMD"	"12:111692124:C:T"	2.17040017366221e-05	-0.0591827	0.022571
"P2BP08"	"AMD-STROKE"	"AMD"	"12:111698457:G:A"	6.20719573218853e-06	-0.0457921	0.0222058
"P2BP08"	"AMD-STROKE"	"AMD"	"12:111699146:A:G"	6.367543600172e-06	-0.0458969	0.0221181
"P2BP08"	"AMD-STROKE"	"AMD"	"12:111706877:C:T"	3.04739275547306e-06	-0.0348042	0.0209414
"P2BP08"	"AMD-STROKE"	"AMD"	"12:111707556:G:A"	5.11743389475239e-06	-0.0494141	0.02519
"P2BP08"	"AMD-STROKE"	"AMD"	"12:111715567:C:A"	8.37100018080683e-07	0.00848347	0.0359406
"P2BP08"	"AMD-STROKE"	"AMD"	"12:111716376:C:T"	1.5653237805946e-06	0.0250197	0.0214016
"P2BP08"	"AMD-STROKE"	"AMD"	"12:111716718:G:A"	4.3469588494327e-06	-0.0445252	0.0237785
"P2BP08"	"AMD-STROKE"	"AMD"	"12:111725185:C:A"	5.61619350425424e-06	-0.0558726	0.0277876
"P2BP08"	"AMD-STROKE"	"AMD"	"12:111733274:C:T"	9.97840541039352e-06	-0.0576333	0.0251602
"P2BP08"	"AMD-STROKE"	"AMD"	"12:111735537:G:T"	3.55844036170616e-06	-0.0375017	0.0213445
"P2BP08"	"AMD-STROKE"	"AMD"	"12:111737115:T:C"	8.40151950343149e-07	-0.00866922	0.0344468
"P2BP08"	"AMD-STROKE"	"AMD"	"12:111738287:G:A"	2.81602050589136e-06	-0.0379598	0.0235563
"P2BP08"	"AMD-STROKE"	"AMD"	"12:111738364:A:G"	8.48124393049154e-07	-0.00979952	0.0339903
"P2BP08"	"AMD-STROKE"	"AMD"	"12:111739236:T:C"	3.25412649893053e-06	-0.0420565	0.0246978
"P2BP08"	"AMD-STROKE"	"AMD"	"12:111742222:T:C"	2.65220160711177e-06	-0.0337195	0.0214499
"P2BP08"	"AMD-STROKE"	"AMD"	"12:111743047:G:T"	1.47867104549615e-06	-0.0375586	0.0336283
"P2BP08"	"AMD-STROKE"	"AMD"	"12:111746499:A:G"	2.80999977841923e-06	-0.0344509	0.0213973
"P2BP08"	"AMD-STROKE"	"AMD"	"12:111750629:G:A"	5.51241729274121e-06	-0.0542443	0.0271091
"P2BP08"	"AMD-STROKE"	"AMD"	"12:111753808:T:C"	3.07191309245614e-06	-0.03737	0.0224172
"P2BP08"	"AMD-STROKE"	"AMD"	"12:111754597:T:C"	5.06012636791731e-06	-0.0459957	0.0235196
"P2BP08"	"AMD-STROKE"	"AMD"	"12:111756438:A:G"	6.66122447678941e-06	-0.0434931	0.0207335
"P2BP08"	"AMD-STROKE"	"AMD"	"12:111765464:C:T"	3.69700807190121e-06	-0.0374969	0.0210704
"P2BP08"	"AMD-STROKE"	"AMD"	"12:111768973:A:G"	2.84874470857233e-06	-0.0351597	0.0217177
"P2BP08"	"AMD-STROKE"	"AMD"	"12:111774068:A:C"	1.97303331261889e-06	-0.0303192	0.0222817
"P2BP08"	"AMD-STROKE"	"AMD"	"12:111778178:T:C"	3.21771235445301e-06	-0.036596	0.021579
"P2BP08"	"AMD-STROKE"	"AMD"	"12:111780644:T:C"	2.82617583025058e-06	-0.0373061	0.0231171
"P2BP08"	"AMD-STROKE"	"AMD"	"12:111781055:A:G"	3.1087059829682e-06	-0.038789	0.0231647
"P2BP08"	"AMD-STROKE"	"AMD"	"12:111784495:G:T"	5.20728133923676e-06	-0.0431976	0.0219174
"P2BP08"	"AMD-STROKE"	"AMD"	"12:111785586:T:C"	4.93419821645524e-06	-0.0423278	0.021795
"P2BP08"	"AMD-STROKE"	"AMD"	"12:111786892:T:C"	5.05333424616339e-06	-0.0427952	0.0218911
"P2BP08"	"AMD-STROKE"	"AMD"	"12:111788402:C:T"	2.50359845166415e-06	-0.0350439	0.022858
"P2BP08"	"AMD-STROKE"	"AMD"	"12:111791677:C:A"	5.05688049157183e-06	-0.0427784	0.0218783
"P2BP08"	"AMD-STROKE"	"AMD"	"12:111792179:A:C"	2.91867056745332e-06	-0.0377718	0.0231083
"P2BP08"	"AMD-STROKE"	"AMD"	"12:111792427:A:G"	2.79774270028899e-06	-0.0369535	0.0229923
"P2BP08"	"AMD-STROKE"	"AMD"	"12:111793552:A:G"	3.05749404638789e-06	-0.0384379	0.0230988
"P2BP08"	"AMD-STROKE"	"AMD"	"12:111798553:A:G"	2.89138334119698e-06	-0.0373359	0.0229262
"P2BP08"	"AMD-STROKE"	"AMD"	"12:111799681:T:C"	5.03054532685621e-06	-0.0426826	0.0218606
"P2BP08"	"AMD-STROKE"	"AMD"	"12:111800059:T:C"	5.02276346958652e-06	-0.0426701	0.0218635
"P2BP08"	"AMD-STROKE"	"AMD"	"12:111800258:G:A"	4.44390806342287e-06	-0.0399886	0.0212164
"P2BP08"	"AMD-STROKE"	"AMD"	"12:111807499:G:A"	7.80984260095874e-06	-0.0475545	0.021857
"P2BP08"	"AMD-STROKE"	"AMD"	"12:111818701:A:G"	6.85782633277343e-05	-0.0669191	0.0219601
"P2BP08"	"AMD-STROKE"	"AMD"	"12:111819589:C:T"	4.14821454056691e-05	-0.0642792	0.0224028
"P2BP08"	"AMD-STROKE"	"AMD"	"12:111825389:T:C"	3.46948510457912e-05	-0.0627868	0.0223979
"P2BP08"	"AMD-STROKE"	"AMD"	"12:111830809:C:A"	5.96036346026674e-05	-0.0672021	0.0224105
"P2BP08"	"AMD-STROKE"	"AMD"	"12:111833589:A:G"	7.06038117732621e-05	-0.0686091	0.0224411
"P2BP08"	"AMD-STROKE"	"AMD"	"12:111844218:G:A"	0.010760589433921	-0.102327	0.0229474
"P2BP08"	"AMD-STROKE"	"AMD"	"12:111862575:C:T"	0.00325457188773703	-0.0938082	0.0225037
"P2BP08"	"AMD-STROKE"	"AMD"	"12:111882485:C:A"	0.049853244102162	-0.10857	0.0225894
"P2BP08"	"AMD-STROKE"	"AMD"	"12:111883779:C:T"	8.61903279736342e-05	-0.110962	0.0355088
"P2BP08"	"AMD-STROKE"	"AMD"	"12:111884608:T:C"	0.000565767392204819	-0.0669822	0.0180908
"P2BP08"	"AMD-STROKE"	"AMD"	"12:111887659:A:G"	0.0585501152264223	-0.109595	0.022638
"P2BP08"	"AMD-STROKE"	"AMD"	"12:111893537:A:G"	0.0622086585285046	-0.10942	0.0225408
"P2BP08"	"AMD-STROKE"	"AMD"	"12:111894072:C:T"	0.047436707614559	-0.108133	0.0225494
"P2BP08"	"AMD-STROKE"	"AMD"	"12:111895272:C:T"	0.0473613149349275	-0.108971	0.0227258
"P2BP08"	"AMD-STROKE"	"AMD"	"12:111920295:A:C"	0.0392532760547242	-0.10769	0.0226535
"P2BP08"	"AMD-STROKE"	"AMD"	"12:111926901:T:C"	0.0474541574462517	-0.108107	0.0225436
"P2BP08"	"AMD-STROKE"	"AMD"	"12:111927739:G:A"	0.0417421665759214	-0.108351	0.0227278
"P2BP08"	"AMD-STROKE"	"AMD"	"12:111941120:T:C"	0.0430829811392794	-0.10726	0.0224662
"P2BP08"	"AMD-STROKE"	"AMD"	"12:111951850:C:T"	0.0533792899404603	-0.109535	0.0227198
"P2BP08"	"AMD-STROKE"	"AMD"	"12:111952167:C:T"	0.0527017049377985	-0.109481	0.0227217
"P2BP08"	"AMD-STROKE"	"AMD"	"12:111962581:C:T"	0.0306476147362708	-0.107688	0.0229178
"P2BP08"	"AMD-STROKE"	"AMD"	"12:111965658:C:A"	0.0485549147465152	-0.109098	0.0227265
"P2BP08"	"AMD-STROKE"	"AMD"	"12:111969448:C:T"	0.0306351249303952	-0.107318	0.0228395
"P2BP08"	"AMD-STROKE"	"AMD"	"12:111974280:T:G"	0.0332663791305495	-0.108124	0.0229215
"P2BP08"	"AMD-STROKE"	"AMD"	"12:111989236:A:G"	0.0243080713578516	-0.106465	0.0229111
"P2BP08"	"AMD-STROKE"	"AMD"	"12:111989979:C:A"	0.0288959357170454	-0.107395	0.0229196
"P2BP08"	"AMD-STROKE"	"AMD"	"12:111993886:A:G"	0.00199951356345685	-0.0869649	0.0215036
"P2BP08"	"AMD-STROKE"	"AMD"	"12:112003350:T:C"	0.0245789470923253	-0.106221	0.0228463
"P2BP08"	"AMD-STROKE"	"AMD"	"12:112003383:G:T"	0.0368213713992779	-0.107696	0.0227223
"P2BP08"	"AMD-STROKE"	"AMD"	"12:112007756:C:T"	0.000678650874337272	-0.0679116	0.0180919
"P2BP08"	"AMD-STROKE"	"AMD"	"12:112016016:A:C"	0.0403544201817322	0.108565	0.0228083
"P2BP08"	"AMD-STROKE"	"AMD"	"12:112019799:G:T"	0.0639686897060464	0.10967	0.0225643
"P2BP08"	"AMD-STROKE"	"AMD"	"12:112046476:T:C"	0.0032078962161286	-0.100923	0.0242316
"P2BP08"	"AMD-STROKE"	"AMD"	"12:112062875:T:C"	0.00195958854442202	-0.0971849	0.0240618
"P2BP08"	"AMD-STROKE"	"AMD"	"12:112072424:A:G"	3.5914064098197e-06	0.0322363	0.0182905
"P2BP08"	"AMD-STROKE"	"AMD"	"12:112073916:A:G"	0.00126989263792821	-0.0948397	0.0241644
"P2BP08"	"AMD-STROKE"	"AMD"	"12:112090022:C:A"	9.19841946833699e-07	0.0133408	0.0265158
"P2BP08"	"AMD-STROKE"	"AMD"	"12:112091356:C:T"	1.07457015108281e-06	0.027333	0.0359279
"P2BP08"	"AMD-STROKE"	"AMD"	"12:112093078:G:T"	0.00166158185669341	-0.0969176	0.0242541
"P2BP08"	"AMD-STROKE"	"AMD"	"12:112094766:A:G"	0.00152982409346791	-0.0963762	0.0242505
"P2BP08"	"AMD-STROKE"	"AMD"	"12:112103148:C:T"	0.0018978589115809	-0.0974447	0.0241759
"P2BP08"	"AMD-STROKE"	"AMD"	"12:112113658:C:T"	0.00207532013340905	-0.0979877	0.0241716
"P2BP08"	"AMD-STROKE"	"AMD"	"12:112118576:T:C"	0.000899642402992895	-0.0935617	0.0244184
"P2BP08"	"AMD-STROKE"	"AMD"	"12:112123284:A:G"	3.99014420450206e-05	-0.0588695	0.0206196
"P2BP08"	"AMD-STROKE"	"AMD"	"12:112126065:T:C"	0.00159607658674976	-0.096647	0.0242505
"P2BP08"	"AMD-STROKE"	"AMD"	"12:112131698:G:T"	0.00138619875927215	-0.101824	0.0257906
"P2BP08"	"AMD-STROKE"	"AMD"	"12:112132875:T:C"	0.000659185701007981	-0.0915308	0.0244371
"P2BP08"	"AMD-STROKE"	"AMD"	"12:112136583:C:A"	0.00134990866843054	-0.0956171	0.0242618
"P2BP08"	"AMD-STROKE"	"AMD"	"12:112141233:A:G"	3.77458334150926e-05	-0.0584055	0.0206047
"P2BP08"	"AMD-STROKE"	"AMD"	"12:112146555:C:A"	0.0013785068425558	-0.0957661	0.0242653
"P2BP08"	"AMD-STROKE"	"AMD"	"12:112146911:C:T"	0.000629258051748072	-0.0906168	0.0242775
"P2BP08"	"AMD-STROKE"	"AMD"	"12:112146964:C:T"	3.34827007659744e-05	-0.0574961	0.0206085
"P2BP08"	"AMD-STROKE"	"AMD"	"12:112158966:T:C"	0.000456641754655318	-0.0888376	0.0243966
"P2BP08"	"AMD-STROKE"	"AMD"	"12:112163646:T:C"	0.00091060489756789	-0.0929078	0.0242268
"P2BP08"	"AMD-STROKE"	"AMD"	"12:112168050:A:G"	0.000688681516078482	-0.0904077	0.0240587
"P2BP08"	"AMD-STROKE"	"AMD"	"12:112180177:A:G"	0.000929755307303992	-0.0923784	0.0240531
"P2BP08"	"AMD-STROKE"	"AMD"	"12:112190438:C:A"	0.000960768930340361	-0.0925104	0.0240315
"P2BP08"	"AMD-STROKE"	"AMD"	"12:112194976:T:C"	4.65881051445738e-05	-0.0599501	0.020592
"P2BP08"	"AMD-STROKE"	"AMD"	"12:112204427:A:G"	0.00116002870986487	-0.0942816	0.0241715
"P2BP08"	"AMD-STROKE"	"AMD"	"12:112206895:A:G"	0.00102900780563631	-0.0937714	0.0242417
"P2BP08"	"AMD-STROKE"	"AMD"	"12:112211833:T:C"	5.48801184624415e-05	-0.0596841	0.0200977
"P2BP08"	"AMD-STROKE"	"AMD"	"12:112222788:C:T"	0.000459952438750966	-0.0894137	0.0245408
"P2BP08"	"AMD-STROKE"	"AMD"	"12:112228849:T:C"	0.000491549088872167	-0.0894951	0.0244353
"P2BP08"	"AMD-STROKE"	"AMD"	"12:112230036:G:A"	0.000339752385339898	-0.086995	0.0244693
"P2BP08"	"AMD-STROKE"	"AMD"	"12:112233018:T:C"	4.91461839116081e-05	-0.0588246	0.0200732
"P2BP08"	"AMD-STROKE"	"AMD"	"12:112234368:T:C"	2.74398676425314e-06	-0.0628218	0.0393986
"P2BP08"	"AMD-STROKE"	"AMD"	"12:112235783:C:A"	0.000490137568057381	-0.0895409	0.0244533
"P2BP08"	"AMD-STROKE"	"AMD"	"12:112244413:C:T"	2.75620334886373e-05	-0.0933244	0.0343627
"P2BP08"	"AMD-STROKE"	"AMD"	"12:112245170:A:C"	3.4688530382021e-05	-0.0574427	0.020492
"P2BP08"	"AMD-STROKE"	"AMD"	"12:112245637:T:G"	9.52874728787911e-07	0.0174064	0.0304378
"P2BP08"	"AMD-STROKE"	"AMD"	"12:112250200:G:A"	2.76882120668898e-05	-0.0933852	0.0343628
"P2BP08"	"AMD-STROKE"	"AMD"	"12:112256042:C:T"	0.000931069154597286	-0.0929884	0.0242095
"P2BP08"	"AMD-STROKE"	"AMD"	"12:112276464:T:C"	0.000570700835484272	-0.0902141	0.0243492
"P2BP08"	"AMD-STROKE"	"AMD"	"12:112277576:C:T"	0.000549211253452642	-0.0894521	0.0242146
"P2BP08"	"AMD-STROKE"	"AMD"	"12:112278025:A:G"	0.00056511934403003	-0.0901523	0.0243508
"P2BP08"	"AMD-STROKE"	"AMD"	"12:112280773:G:T"	0.000529219291810934	-0.0897289	0.024359
"P2BP08"	"AMD-STROKE"	"AMD"	"12:112281013:A:G"	0.000960277121215047	-0.0931218	0.0241912
"P2BP08"	"AMD-STROKE"	"AMD"	"12:112281384:G:A"	0.000576696861646298	-0.0902983	0.0243525
"P2BP08"	"AMD-STROKE"	"AMD"	"12:112285542:T:C"	5.80734588253584e-05	-0.0613227	0.0205121
"P2BP08"	"AMD-STROKE"	"AMD"	"12:112291242:A:C"	0.000575760059351449	-0.0902682	0.0243474
"P2BP08"	"AMD-STROKE"	"AMD"	"12:112298257:A:G"	1.20751058821922e-05	-0.0810051	0.0340891
"P2BP08"	"AMD-STROKE"	"AMD"	"12:112300780:T:C"	0.000586086398234209	-0.0903901	0.0243473
"P2BP08"	"AMD-STROKE"	"AMD"	"12:112306165:G:T"	0.000583386289116139	-0.0904066	0.0243603
"P2BP08"	"AMD-STROKE"	"AMD"	"12:112309571:T:C"	1.21043631043927e-05	-0.0810436	0.03409
"P2BP08"	"AMD-STROKE"	"AMD"	"12:112310580:G:A"	0.00111370527340837	-0.0938796	0.0241363
"P2BP08"	"AMD-STROKE"	"AMD"	"12:112313688:A:C"	0.000612728545322239	-0.0907108	0.0243515
"P2BP08"	"AMD-STROKE"	"AMD"	"12:112315172:T:C"	0.000609605163902072	-0.0906337	0.0243402
"P2BP08"	"AMD-STROKE"	"AMD"	"12:112317096:G:A"	0.000619084473901799	-0.090736	0.0243393
"P2BP08"	"AMD-STROKE"	"AMD"	"12:112323016:C:T"	5.14501908853715e-05	-0.0929834	0.0315536
"P2BP08"	"AMD-STROKE"	"AMD"	"12:112323582:A:G"	0.0006509914783982	-0.0911017	0.0243453
"P2BP08"	"AMD-STROKE"	"AMD"	"12:112324846:T:C"	0.000827036608385234	-0.0932923	0.0244957
"P2BP08"	"AMD-STROKE"	"AMD"	"12:112327057:T:G"	7.92151124895391e-06	-0.0752824	0.0344931
"P2BP08"	"AMD-STROKE"	"AMD"	"12:112328230:C:A"	0.000686899634764204	-0.0907153	0.0241452
"P2BP08"	"AMD-STROKE"	"AMD"	"12:112331317:G:A"	6.81191972218276e-06	-0.0725242	0.0343902
"P2BP08"	"AMD-STROKE"	"AMD"	"12:112332283:C:T"	0.000572737193713424	-0.0901949	0.0243374
"P2BP08"	"AMD-STROKE"	"AMD"	"12:112333660:C:A"	0.00102453822645721	-0.0935073	0.0241808
"P2BP08"	"AMD-STROKE"	"AMD"	"12:112337362:C:T"	0.000597898011838072	-0.0904684	0.0243315
"P2BP08"	"AMD-STROKE"	"AMD"	"12:112338539:T:C"	0.00118335187385232	-0.0941999	0.0241175
"P2BP08"	"AMD-STROKE"	"AMD"	"12:112339015:G:A"	0.000766148897772601	-0.0921326	0.024326
"P2BP08"	"AMD-STROKE"	"AMD"	"12:112339843:A:G"	0.000785787870679067	-0.0922998	0.0243252
"P2BP08"	"AMD-STROKE"	"AMD"	"12:112346661:C:T"	0.000776273918606019	-0.0922054	0.0243219
"P2BP08"	"AMD-STROKE"	"AMD"	"12:112354531:T:C"	0.000793691591784662	-0.0918901	0.0241996
"P2BP08"	"AMD-STROKE"	"AMD"	"12:112363267:C:A"	0.000688600194443723	-0.0914076	0.024325
"P2BP08"	"AMD-STROKE"	"AMD"	"12:112367921:G:A"	0.000686652722440506	-0.0913711	0.0243204
"P2BP08"	"AMD-STROKE"	"AMD"	"12:112375990:A:C"	0.000718054285759884	-0.091213	0.0241981
"P2BP08"	"AMD-STROKE"	"AMD"	"12:112378768:A:C"	0.000714892593625005	-0.0916434	0.0243202
"P2BP08"	"AMD-STROKE"	"AMD"	"12:112385665:A:C"	0.00135691519771886	-0.0952397	0.0241576
"P2BP08"	"AMD-STROKE"	"AMD"	"12:112394260:C:T"	0.00194784129823278	-0.0977687	0.0242157
"P2BP08"	"AMD-STROKE"	"AMD"	"12:112404838:G:A"	0.00133180487073536	-0.0949212	0.0241072
"P2BP08"	"AMD-STROKE"	"AMD"	"12:112410077:C:A"	0.001136526994162	-0.0949891	0.0243873
"P2BP08"	"AMD-STROKE"	"AMD"	"12:112410186:T:G"	0.0011168612456971	-0.0948807	0.0243889
"P2BP08"	"AMD-STROKE"	"AMD"	"12:112418496:G:A"	0.00108346046872954	-0.0946767	0.0243878
"P2BP08"	"AMD-STROKE"	"AMD"	"12:112423062:T:G"	0.000103179520556052	-0.101443	0.0318535
"P2BP08"	"AMD-STROKE"	"AMD"	"12:112425746:T:C"	0.00230223557553166	-0.0986056	0.0241646
"P2BP08"	"AMD-STROKE"	"AMD"	"12:112434152:C:T"	2.19985260693223e-05	-0.0829869	0.0315846
"P2BP08"	"AMD-STROKE"	"AMD"	"12:112434504:A:G"	2.06453655254846e-05	-0.0821762	0.0315818
"P2BP08"	"AMD-STROKE"	"AMD"	"12:112440998:T:C"	1.64665946504883e-05	-0.0853095	0.0339973
"P2BP08"	"AMD-STROKE"	"AMD"	"12:112441688:T:C"	2.28550604596256e-05	-0.0834671	0.0315848
"P2BP08"	"AMD-STROKE"	"AMD"	"12:112443960:G:A"	2.12907131205142e-05	-0.0825719	0.0315838
"P2BP08"	"AMD-STROKE"	"AMD"	"12:112448485:T:C"	8.15205894233451e-07	-0.000425789	0.0296151
"P2BP08"	"AMD-STROKE"	"AMD"	"12:112450754:T:C"	2.15412756034983e-05	-0.0823173	0.0314301
"P2BP08"	"AMD-STROKE"	"AMD"	"12:112453635:A:C"	2.30010464058461e-05	-0.0835825	0.0315983
"P2BP08"	"AMD-STROKE"	"AMD"	"12:112453959:T:C"	1.23557261475504e-05	-0.0814026	0.0341113
"P2BP08"	"AMD-STROKE"	"AMD"	"12:112460749:A:G"	3.49575480818043e-05	-0.0873547	0.0311307
"P2BP08"	"AMD-STROKE"	"AMD"	"12:112463296:A:G"	0.000152971670856039	-0.0662677	0.0200101
"P2BP08"	"AMD-STROKE"	"AMD"	"12:112464893:C:T"	2.26879164901828e-05	-0.0833952	0.0315924
"P2BP08"	"AMD-STROKE"	"AMD"	"12:112468417:C:T"	2.21047031450095e-05	-0.0831122	0.0316092
"P2BP08"	"AMD-STROKE"	"AMD"	"12:112471090:G:T"	1.19972958509962e-05	-0.079987	0.0337011
"P2BP08"	"AMD-STROKE"	"AMD"	"12:112486818:A:G"	3.59220887791167e-06	0.0320808	0.0182009
"P2BP08"	"AMD-STROKE"	"AMD"	"12:112493067:G:A"	3.63605978952464e-05	-0.0878851	0.031157
"P2BP08"	"AMD-STROKE"	"AMD"	"12:112501237:G:A"	2.22807271218484e-05	-0.0831686	0.0315927
"P2BP08"	"AMD-STROKE"	"AMD"	"12:112502438:A:G"	6.2912491896272e-05	-0.061823	0.0204881
"P2BP08"	"AMD-STROKE"	"AMD"	"12:112517642:T:C"	3.79810297960193e-05	-0.0883267	0.0311353
"P2BP08"	"AMD-STROKE"	"AMD"	"12:112520883:C:T"	5.75037447214655e-05	-0.0612267	0.0205037
"P2BP08"	"AMD-STROKE"	"AMD"	"12:112521448:G:A"	5.56057099626584e-05	-0.0605264	0.0203496
"P2BP08"	"AMD-STROKE"	"AMD"	"12:112523970:C:T"	3.55953168265089e-05	-0.0876262	0.0311526
"P2BP08"	"AMD-STROKE"	"AMD"	"12:112525073:C:T"	0.000926224438087764	-0.0926291	0.0241249
"P2BP08"	"AMD-STROKE"	"AMD"	"12:112529072:T:C"	3.57625955786922e-05	-0.0876288	0.0311342
"P2BP08"	"AMD-STROKE"	"AMD"	"12:112537738:T:C"	5.16571573694336e-06	-0.0668284	0.0339806
"P2BP08"	"AMD-STROKE"	"AMD"	"12:112548562:G:A"	2.09332289164976e-05	-0.0823766	0.0315912
"P2BP08"	"AMD-STROKE"	"AMD"	"12:112565053:A:G"	2.43904031461684e-05	-0.0842693	0.0315818
"P2BP08"	"AMD-STROKE"	"AMD"	"12:112571169:G:A"	0.00109516676256471	-0.0938566	0.0241585
"P2BP08"	"AMD-STROKE"	"AMD"	"12:112580071:C:T"	2.26287087193855e-05	-0.0833086	0.031572
"P2BP08"	"AMD-STROKE"	"AMD"	"12:112582540:A:G"	2.46355452401259e-05	-0.0843836	0.0315782
"P2BP08"	"AMD-STROKE"	"AMD"	"12:112591686:G:A"	2.68122178637142e-06	0.0293067	0.0185574
"P2BP08"	"AMD-STROKE"	"AMD"	"12:112598321:G:A"	5.58342978829174e-06	-0.0692632	0.0344996
"P2BP08"	"AMD-STROKE"	"AMD"	"12:112610714:G:A"	2.83412379564751e-06	0.0299799	0.0185564
"P2BP08"	"AMD-STROKE"	"AMD"	"12:112615538:A:G"	5.6974335499449e-06	-0.0686735	0.0340276
"P2BP08"	"AMD-STROKE"	"AMD"	"12:112618469:A:C"	4.01404491482404e-05	-0.0890606	0.0311704
"P2BP08"	"AMD-STROKE"	"AMD"	"12:112621886:C:T"	5.17968629298871e-06	-0.0669552	0.0340202
"P2BP08"	"AMD-STROKE"	"AMD"	"12:112640554:G:A"	9.91587972065666e-07	0.0229078	0.0357566
"P2BP08"	"AMD-STROKE"	"AMD"	"12:112641707:G:A"	4.87303233520642e-06	-0.0658928	0.034047
"P2BP08"	"AMD-STROKE"	"AMD"	"12:112647772:T:C"	5.22546198876706e-05	0.11361	0.0384812
"P2BP08"	"AMD-STROKE"	"AMD"	"12:112650058:A:G"	3.96753455482735e-05	-0.0888785	0.0311533
"P2BP08"	"AMD-STROKE"	"AMD"	"12:112652006:T:G"	4.06920539341993e-05	-0.0891701	0.0311542
"P2BP08"	"AMD-STROKE"	"AMD"	"12:112661104:G:A"	9.50412046396565e-07	0.0172666	0.0304467
"P2BP08"	"AMD-STROKE"	"AMD"	"12:112667675:T:G"	6.91875638517692e-05	-0.0620684	0.020348
"P2BP08"	"AMD-STROKE"	"AMD"	"12:112668343:T:C"	4.63767122946823e-05	-0.090673	0.0311624
"P2BP08"	"AMD-STROKE"	"AMD"	"12:112675133:T:C"	4.15936123001615e-05	-0.0893083	0.0311154
"P2BP08"	"AMD-STROKE"	"AMD"	"12:112699540:T:C"	6.9999387919184e-05	-0.062842	0.0205746
"P2BP08"	"AMD-STROKE"	"AMD"	"12:112708331:T:C"	4.5440091420601e-05	-0.0904159	0.0311528
"P2BP08"	"AMD-STROKE"	"AMD"	"12:112708426:T:C"	3.71816015707349e-05	-0.089348	0.0315829
"P2BP08"	"AMD-STROKE"	"AMD"	"12:112708540:G:A"	2.59551999807206e-05	0.115625	0.0429419
"P2BP08"	"AMD-STROKE"	"AMD"	"12:112740315:G:A"	3.63020854664553e-05	-0.0890636	0.0315815
"P2BP08"	"AMD-STROKE"	"AMD"	"12:112740709:T:C"	6.67600967918514e-06	-0.0713591	0.0339995
"P2BP08"	"AMD-STROKE"	"AMD"	"12:112744634:T:C"	4.56728449766963e-05	-0.0904655	0.0311501
"P2BP08"	"AMD-STROKE"	"AMD"	"12:112760474:T:G"	6.09203450689932e-05	-0.0937582	0.0311871
"P2BP08"	"AMD-STROKE"	"AMD"	"12:112771063:T:G"	6.71502628313281e-05	-0.0628885	0.0206866
"P2BP08"	"AMD-STROKE"	"AMD"	"12:112776042:T:C"	0.0019476271312836	-0.0982315	0.0243305
"P2BP08"	"AMD-STROKE"	"AMD"	"12:112777433:T:C"	6.29810019818766e-05	-0.0938152	0.0310864
"P2BP08"	"AMD-STROKE"	"AMD"	"12:112785571:T:C"	6.28270466629388e-05	-0.0931193	0.0308645
"P2BP08"	"AMD-STROKE"	"AMD"	"12:112794714:T:G"	0.00212135487982057	-0.0986269	0.0242953
"P2BP08"	"AMD-STROKE"	"AMD"	"12:112809851:C:T"	6.53776103193282e-05	-0.0942341	0.0310919
"P2BP08"	"AMD-STROKE"	"AMD"	"12:112817847:T:G"	0.00463581475965935	-0.104678	0.0245919
"P2BP08"	"AMD-STROKE"	"AMD"	"12:112843363:G:A"	5.16448695929705e-05	-0.0918857	0.0311669
"P2BP08"	"AMD-STROKE"	"AMD"	"12:112871372:A:G"	2.66008215121794e-06	0.0286897	0.0182274
"P2BP08"	"AMD-STROKE"	"AMD"	"12:112881996:A:G"	6.51399583639911e-06	-0.0718743	0.0344468
"P2BP08"	"AMD-STROKE"	"AMD"	"12:112888692:C:A"	9.70498549968113e-07	0.0219371	0.0362898
"P2BP08"	"AMD-STROKE"	"AMD"	"12:112890776:A:G"	4.16589324484518e-05	-0.0908709	0.0316535
"P2BP08"	"AMD-STROKE"	"AMD"	"12:112904955:A:G"	1.15725267257893e-06	0.0256666	0.0299577
"P2BP08"	"AMD-STROKE"	"AMD"	"12:112906415:A:G"	2.50803158463597e-06	-0.0287831	0.0187595
"P2BP08"	"AMD-STROKE"	"AMD"	"12:112909340:T:C"	6.66906813218127e-06	-0.0722903	0.0344517
"P2BP08"	"AMD-STROKE"	"AMD"	"12:112922529:G:A"	0.00160829184773303	-0.0988476	0.0247902
"P2BP08"	"AMD-STROKE"	"AMD"	"12:112923361:G:A"	1.8767849437662e-05	-0.0896657	0.0349801
"P2BP08"	"AMD-STROKE"	"AMD"	"12:112941571:G:A"	2.8421238857157e-05	-0.0573642	0.0210304
"P2BP08"	"AMD-STROKE"	"AMD"	"12:112955775:C:T"	3.35531893551622e-05	-0.0891529	0.0319463
"P2BP08"	"AMD-STROKE"	"AMD"	"12:112958713:G:A"	4.00153638471235e-05	-0.0902933	0.0316145
"P2BP08"	"AMD-STROKE"	"AMD"	"12:112963560:A:G"	3.3654585570142e-05	-0.0882178	0.0315984
"P2BP08"	"AMD-STROKE"	"AMD"	"12:112964070:T:G"	4.27334117516498e-05	-0.090029	0.0312592
"P2BP08"	"AMD-STROKE"	"AMD"	"12:112964168:T:G"	2.95223472026596e-05	-0.0874742	0.0318988
"P2BP08"	"AMD-STROKE"	"AMD"	"12:112965142:A:G"	2.92845251255169e-05	-0.0873742	0.0318983
"P2BP08"	"AMD-STROKE"	"AMD"	"12:112967623:C:A"	2.45986235284379e-05	-0.085248	0.0319087
"P2BP08"	"AMD-STROKE"	"AMD"	"12:112977777:T:C"	1.87011616106236e-05	-0.0815459	0.0318305
"P2BP08"	"AMD-STROKE"	"AMD"	"12:112981571:G:A"	2.12947018417564e-05	-0.0821055	0.0314045
"P2BP08"	"AMD-STROKE"	"AMD"	"12:112985328:A:G"	4.53473248408498e-05	-0.0607232	0.0209275
"P2BP08"	"AMD-STROKE"	"AMD"	"12:113000685:A:C"	9.1214260011796e-07	0.0148474	0.0305933
"P2BP08"	"AMD-STROKE"	"AMD"	"12:113001214:T:C"	1.31027923422344e-06	-0.0226979	0.0227644
"P2BP08"	"AMD-STROKE"	"AMD"	"12:113006345:C:T"	1.04806838652216e-06	-0.0173144	0.0238627
"P2BP08"	"AMD-STROKE"	"AMD"	"12:113008333:T:C"	1.55012600167037e-06	-0.0259081	0.0223291
"P2BP08"	"AMD-STROKE"	"AMD"	"12:113016553:C:T"	1.2671699688438e-06	-0.0314008	0.032665
"P2BP08"	"AMD-STROKE"	"AMD"	"12:113024793:A:G"	1.08868900375869e-05	-0.0481768	0.0206753
"P2BP08"	"AMD-STROKE"	"AMD"	"12:113025661:G:A"	9.87922536443975e-07	-0.0176986	0.0278904
"P2BP08"	"AMD-STROKE"	"AMD"	"12:113025901:A:G"	8.26669243614298e-07	0.00555996	0.0323969
"P2BP08"	"AMD-STROKE"	"STROKE"	"12:110115286:A:G"	1.11022302462516e-16	0.012	0.0084
"P2BP08"	"AMD-STROKE"	"STROKE"	"12:110116510:A:C"	0	-0.0066	0.0075
"P2BP08"	"AMD-STROKE"	"STROKE"	"12:110116872:A:G"	0	-0.0091	0.0097
"P2BP08"	"AMD-STROKE"	"STROKE"	"12:110121111:C:A"	0	-0.0115	0.0094
"P2BP08"	"AMD-STROKE"	"STROKE"	"12:110127414:G:A"	0	-0.0067	0.0086
"P2BP08"	"AMD-STROKE"	"STROKE"	"12:110132304:G:T"	0	-0.0027	0.018
"P2BP08"	"AMD-STROKE"	"STROKE"	"12:110138729:C:A"	0	-0.0031	0.0146
"P2BP08"	"AMD-STROKE"	"STROKE"	"12:110139500:T:G"	0	-0.0086	0.0096
"P2BP08"	"AMD-STROKE"	"STROKE"	"12:110144932:C:T"	0	-0.0055	0.0147
"P2BP08"	"AMD-STROKE"	"STROKE"	"12:110150552:A:G"	0	-0.006	0.009
"P2BP08"	"AMD-STROKE"	"STROKE"	"12:110155571:T:C"	0	-0.0043	0.0108
"P2BP08"	"AMD-STROKE"	"STROKE"	"12:110161209:G:A"	0	-5e-04	0.0075
"P2BP08"	"AMD-STROKE"	"STROKE"	"12:110169723:T:C"	0	-0.0119	0.0104
"P2BP08"	"AMD-STROKE"	"STROKE"	"12:110170028:G:A"	0	3e-04	0.0074
"P2BP08"	"AMD-STROKE"	"STROKE"	"12:110170728:G:A"	0	-0.008	0.0114
"P2BP08"	"AMD-STROKE"	"STROKE"	"12:110172974:C:T"	0	-0.0072	0.0074
"P2BP08"	"AMD-STROKE"	"STROKE"	"12:110173564:T:C"	0	-0.0033	0.0103
"P2BP08"	"AMD-STROKE"	"STROKE"	"12:110175537:G:A"	0	-0.0066	0.0104
"P2BP08"	"AMD-STROKE"	"STROKE"	"12:110178261:G:A"	0	-0.0052	0.0092
"P2BP08"	"AMD-STROKE"	"STROKE"	"12:110178497:T:C"	1.11022302462516e-16	-0.0147	0.0095
"P2BP08"	"AMD-STROKE"	"STROKE"	"12:110181011:T:C"	0	-0.008	0.0095
"P2BP08"	"AMD-STROKE"	"STROKE"	"12:110181145:A:G"	1.11022302462516e-16	0.0121	0.0092
"P2BP08"	"AMD-STROKE"	"STROKE"	"12:110186553:T:C"	1.11022302462516e-16	0.0114	0.0083
"P2BP08"	"AMD-STROKE"	"STROKE"	"12:110187992:C:A"	0	-0.0017	0.0105
"P2BP08"	"AMD-STROKE"	"STROKE"	"12:110191212:A:G"	0	0.0034	0.0105
"P2BP08"	"AMD-STROKE"	"STROKE"	"12:110199401:G:A"	0	-0.0047	0.0077
"P2BP08"	"AMD-STROKE"	"STROKE"	"12:110201605:T:C"	0	0.0022	0.0105
"P2BP08"	"AMD-STROKE"	"STROKE"	"12:110215171:C:T"	0	-0.0057	0.0096
"P2BP08"	"AMD-STROKE"	"STROKE"	"12:110220464:G:A"	0	-0.0084	0.0074
"P2BP08"	"AMD-STROKE"	"STROKE"	"12:110220752:A:G"	0	-0.0021	0.0099
"P2BP08"	"AMD-STROKE"	"STROKE"	"12:110224174:A:G"	2.22044604925031e-16	-0.015	0.0074
"P2BP08"	"AMD-STROKE"	"STROKE"	"12:110224922:A:C"	3.33066907387547e-16	-0.0165	0.0074
"P2BP08"	"AMD-STROKE"	"STROKE"	"12:110226379:G:A"	0	-0.0051	0.0099
"P2BP08"	"AMD-STROKE"	"STROKE"	"12:110227965:C:T"	0	-0.0048	0.0073
"P2BP08"	"AMD-STROKE"	"STROKE"	"12:110233500:C:T"	0	-0.0028	0.0124
"P2BP08"	"AMD-STROKE"	"STROKE"	"12:110234658:T:C"	0	-0.0071	0.0079
"P2BP08"	"AMD-STROKE"	"STROKE"	"12:110234698:C:T"	0	0.004	0.0132
"P2BP08"	"AMD-STROKE"	"STROKE"	"12:110235632:A:G"	0	-0.0024	0.0123
"P2BP08"	"AMD-STROKE"	"STROKE"	"12:110238302:A:G"	0	9e-04	0.0131
"P2BP08"	"AMD-STROKE"	"STROKE"	"12:110240838:T:G"	0	-0.0091	0.007
"P2BP08"	"AMD-STROKE"	"STROKE"	"12:110242933:A:C"	0	-0.008	0.0069
"P2BP08"	"AMD-STROKE"	"STROKE"	"12:110245588:A:G"	0	-0.0051	0.007
"P2BP08"	"AMD-STROKE"	"STROKE"	"12:110248089:A:G"	0	-0.0049	0.0078
"P2BP08"	"AMD-STROKE"	"STROKE"	"12:110254970:T:G"	0	-0.007	0.008
"P2BP08"	"AMD-STROKE"	"STROKE"	"12:110262808:T:C"	0	-0.0051	0.0081
"P2BP08"	"AMD-STROKE"	"STROKE"	"12:110271899:C:T"	1.22124532708767e-15	-0.0197	0.007
"P2BP08"	"AMD-STROKE"	"STROKE"	"12:110276914:C:T"	1.4432899320127e-15	-0.0202	0.007
"P2BP08"	"AMD-STROKE"	"STROKE"	"12:110278812:C:T"	1.11022302462516e-16	-0.0126	0.0076
"P2BP08"	"AMD-STROKE"	"STROKE"	"12:110279179:G:A"	1.11022302462516e-16	-0.0138	0.007
"P2BP08"	"AMD-STROKE"	"STROKE"	"12:110279866:A:G"	0	-0.0067	0.0087
"P2BP08"	"AMD-STROKE"	"STROKE"	"12:110284465:T:C"	0	0.0156	0.0157
"P2BP08"	"AMD-STROKE"	"STROKE"	"12:110285646:A:G"	4.44089209850063e-16	-0.0188	0.0077
"P2BP08"	"AMD-STROKE"	"STROKE"	"12:110292513:G:A"	1.11022302462516e-16	-0.013	0.007
"P2BP08"	"AMD-STROKE"	"STROKE"	"12:110300147:A:G"	2.22044604925031e-16	-0.0141	0.0071
"P2BP08"	"AMD-STROKE"	"STROKE"	"12:110302270:C:T"	2.22044604925031e-16	-0.0149	0.007
"P2BP08"	"AMD-STROKE"	"STROKE"	"12:110306345:G:A"	1.11022302462516e-16	-0.0128	0.0072
"P2BP08"	"AMD-STROKE"	"STROKE"	"12:110306740:G:A"	1.11022302462516e-16	-0.0188	0.0132
"P2BP08"	"AMD-STROKE"	"STROKE"	"12:110308549:T:C"	0	-0.0036	0.0074
"P2BP08"	"AMD-STROKE"	"STROKE"	"12:110310916:C:T"	1.11022302462516e-16	-0.0131	0.007
"P2BP08"	"AMD-STROKE"	"STROKE"	"12:110312232:A:G"	0	-0.0073	0.008
"P2BP08"	"AMD-STROKE"	"STROKE"	"12:110313754:T:C"	2.22044604925031e-16	-0.0153	0.0071
"P2BP08"	"AMD-STROKE"	"STROKE"	"12:110315717:C:T"	0	-0.0154	0.0136
"P2BP08"	"AMD-STROKE"	"STROKE"	"12:110316963:T:C"	0	-0.0131	0.0137
"P2BP08"	"AMD-STROKE"	"STROKE"	"12:110317083:A:G"	0	-0.0136	0.0137
"P2BP08"	"AMD-STROKE"	"STROKE"	"12:110335885:A:G"	0	-0.0143	0.0137
"P2BP08"	"AMD-STROKE"	"STROKE"	"12:110341933:A:G"	3.33066907387547e-16	-0.0227	0.0099
"P2BP08"	"AMD-STROKE"	"STROKE"	"12:110342802:C:T"	0	-0.0078	0.0079
"P2BP08"	"AMD-STROKE"	"STROKE"	"12:110353172:T:C"	0	0.0034	0.0149
"P2BP08"	"AMD-STROKE"	"STROKE"	"12:110354536:C:T"	0	-0.001	0.0126
"P2BP08"	"AMD-STROKE"	"STROKE"	"12:110354636:C:A"	1.11022302462516e-16	-0.0197	0.0131
"P2BP08"	"AMD-STROKE"	"STROKE"	"12:110368201:G:A"	0	-0.0051	0.0079
"P2BP08"	"AMD-STROKE"	"STROKE"	"12:110369872:G:A"	0	-0.0138	0.0135
"P2BP08"	"AMD-STROKE"	"STROKE"	"12:110370141:C:T"	0	-0.0132	0.0136
"P2BP08"	"AMD-STROKE"	"STROKE"	"12:110372210:G:A"	0	-0.0181	0.0168
"P2BP08"	"AMD-STROKE"	"STROKE"	"12:110372546:C:T"	0	-0.0128	0.0135
"P2BP08"	"AMD-STROKE"	"STROKE"	"12:110374339:G:A"	0	-0.0103	0.0147
"P2BP08"	"AMD-STROKE"	"STROKE"	"12:110379213:T:C"	2.22044604925031e-16	-0.0204	0.0098
"P2BP08"	"AMD-STROKE"	"STROKE"	"12:110389404:T:C"	1.11022302462516e-16	-0.0217	0.0131
"P2BP08"	"AMD-STROKE"	"STROKE"	"12:110402892:T:G"	2.22044604925031e-16	-0.0215	0.0098
"P2BP08"	"AMD-STROKE"	"STROKE"	"12:110421634:G:A"	1.11022302462516e-16	-0.018	0.0131
"P2BP08"	"AMD-STROKE"	"STROKE"	"12:110421683:A:G"	2.22044604925031e-16	-0.0213	0.0098
"P2BP08"	"AMD-STROKE"	"STROKE"	"12:110427301:G:A"	0	-0.0113	0.0146
"P2BP08"	"AMD-STROKE"	"STROKE"	"12:110430968:A:G"	3.33066907387547e-16	-0.0219	0.0098
"P2BP08"	"AMD-STROKE"	"STROKE"	"12:110435909:G:A"	0	-0.0143	0.0135
"P2BP08"	"AMD-STROKE"	"STROKE"	"12:110438238:G:T"	1.11022302462516e-16	-0.0181	0.0098
"P2BP08"	"AMD-STROKE"	"STROKE"	"12:110449173:G:A"	1.11022302462516e-16	-0.0172	0.0131
"P2BP08"	"AMD-STROKE"	"STROKE"	"12:110454390:C:T"	1.11022302462516e-16	-0.0205	0.0132
"P2BP08"	"AMD-STROKE"	"STROKE"	"12:110456175:A:G"	2.22044604925031e-16	-0.021	0.0098
"P2BP08"	"AMD-STROKE"	"STROKE"	"12:110456704:G:A"	0	-0.0179	0.0138
"P2BP08"	"AMD-STROKE"	"STROKE"	"12:110462875:C:T"	0	-0.0123	0.0147
"P2BP08"	"AMD-STROKE"	"STROKE"	"12:110481056:A:G"	0	-0.0117	0.0134
"P2BP08"	"AMD-STROKE"	"STROKE"	"12:110486272:T:C"	4.44089209850063e-16	-0.024	0.0099
"P2BP08"	"AMD-STROKE"	"STROKE"	"12:110486920:G:A"	0	-0.0153	0.0135
"P2BP08"	"AMD-STROKE"	"STROKE"	"12:110489208:C:T"	0	-0.0123	0.0106
"P2BP08"	"AMD-STROKE"	"STROKE"	"12:110497378:C:T"	0	-0.0042	0.0111
"P2BP08"	"AMD-STROKE"	"STROKE"	"12:110498432:C:A"	0	-0.0037	0.011
"P2BP08"	"AMD-STROKE"	"STROKE"	"12:110503770:T:C"	0	-0.007	0.0091
"P2BP08"	"AMD-STROKE"	"STROKE"	"12:110505621:C:A"	0	-0.0141	0.0145
"P2BP08"	"AMD-STROKE"	"STROKE"	"12:110509461:G:A"	0	-0.0049	0.0129
"P2BP08"	"AMD-STROKE"	"STROKE"	"12:110515411:C:T"	0	-0.0044	0.0082
"P2BP08"	"AMD-STROKE"	"STROKE"	"12:110521368:G:T"	0	-0.0044	0.0082
"P2BP08"	"AMD-STROKE"	"STROKE"	"12:110522399:A:G"	0	-0.0078	0.0071
"P2BP08"	"AMD-STROKE"	"STROKE"	"12:110547162:A:C"	0	0.001	0.0097
"P2BP08"	"AMD-STROKE"	"STROKE"	"12:110557312:A:G"	0	-0.0034	0.0072
"P2BP08"	"AMD-STROKE"	"STROKE"	"12:110562497:C:T"	0	-0.004	0.0083
"P2BP08"	"AMD-STROKE"	"STROKE"	"12:110573340:G:T"	0	-0.0057	0.0072
"P2BP08"	"AMD-STROKE"	"STROKE"	"12:110578192:C:T"	0	-0.008	0.0072
"P2BP08"	"AMD-STROKE"	"STROKE"	"12:110594270:T:G"	0	-0.0023	0.0082
"P2BP08"	"AMD-STROKE"	"STROKE"	"12:110597304:C:T"	0	-0.007	0.0098
"P2BP08"	"AMD-STROKE"	"STROKE"	"12:110602173:C:T"	0	-6e-04	0.0082
"P2BP08"	"AMD-STROKE"	"STROKE"	"12:110605559:C:T"	0	-0.0135	0.0122
"P2BP08"	"AMD-STROKE"	"STROKE"	"12:110609714:C:T"	2.22044604925031e-16	0.016	0.0077
"P2BP08"	"AMD-STROKE"	"STROKE"	"12:110618235:A:G"	0	-0.0028	0.0132
"P2BP08"	"AMD-STROKE"	"STROKE"	"12:110618890:C:T"	0	-0.0129	0.0122
"P2BP08"	"AMD-STROKE"	"STROKE"	"12:110620661:C:T"	0	0.0025	0.0098
"P2BP08"	"AMD-STROKE"	"STROKE"	"12:110622224:T:G"	0	-0.0159	0.0131
"P2BP08"	"AMD-STROKE"	"STROKE"	"12:110624668:G:A"	0	-0.0033	0.0083
"P2BP08"	"AMD-STROKE"	"STROKE"	"12:110629266:A:G"	0	-0.0038	0.0071
"P2BP08"	"AMD-STROKE"	"STROKE"	"12:110629492:T:C"	0	-0.004	0.0072
"P2BP08"	"AMD-STROKE"	"STROKE"	"12:110642190:A:C"	0	4e-04	0.0104
"P2BP08"	"AMD-STROKE"	"STROKE"	"12:110644045:G:A"	0	-0.0117	0.0122
"P2BP08"	"AMD-STROKE"	"STROKE"	"12:110645829:G:A"	0	-0.0132	0.0131
"P2BP08"	"AMD-STROKE"	"STROKE"	"12:110659314:G:A"	2.22044604925031e-16	0.0154	0.0077
"P2BP08"	"AMD-STROKE"	"STROKE"	"12:110662327:C:T"	1.11022302462516e-16	0.0118	0.0078
"P2BP08"	"AMD-STROKE"	"STROKE"	"12:110697448:T:G"	0	-0.0035	0.0072
"P2BP08"	"AMD-STROKE"	"STROKE"	"12:110704487:C:T"	0	-0.0026	0.0131
"P2BP08"	"AMD-STROKE"	"STROKE"	"12:110712212:T:G"	0	-0.0151	0.0131
"P2BP08"	"AMD-STROKE"	"STROKE"	"12:110722632:A:G"	0	-0.0041	0.0082
"P2BP08"	"AMD-STROKE"	"STROKE"	"12:110723203:T:C"	0	-0.0023	0.0072
"P2BP08"	"AMD-STROKE"	"STROKE"	"12:110723245:C:T"	0	-0.009	0.0074
"P2BP08"	"AMD-STROKE"	"STROKE"	"12:110747419:G:A"	0	-0.0036	0.0072
"P2BP08"	"AMD-STROKE"	"STROKE"	"12:110756569:G:A"	0	-0.0132	0.0129
"P2BP08"	"AMD-STROKE"	"STROKE"	"12:110766767:A:G"	0	-0.0157	0.013
"P2BP08"	"AMD-STROKE"	"STROKE"	"12:110778383:A:G"	0	-0.0155	0.0129
"P2BP08"	"AMD-STROKE"	"STROKE"	"12:110783241:G:A"	0	-0.0025	0.0084
"P2BP08"	"AMD-STROKE"	"STROKE"	"12:110789372:G:A"	0	-0.0133	0.013
"P2BP08"	"AMD-STROKE"	"STROKE"	"12:110792131:T:C"	0	0.002	0.0132
"P2BP08"	"AMD-STROKE"	"STROKE"	"12:110797730:C:T"	0	-0.0014	0.0083
"P2BP08"	"AMD-STROKE"	"STROKE"	"12:110800166:T:C"	0	-0.0017	0.0083
"P2BP08"	"AMD-STROKE"	"STROKE"	"12:110809859:C:A"	0	-0.0017	0.0103
"P2BP08"	"AMD-STROKE"	"STROKE"	"12:110812345:T:C"	0	-0.0123	0.0129
"P2BP08"	"AMD-STROKE"	"STROKE"	"12:110812553:G:A"	0	-0.011	0.0129
"P2BP08"	"AMD-STROKE"	"STROKE"	"12:110815922:A:G"	0	-0.0026	0.0071
"P2BP08"	"AMD-STROKE"	"STROKE"	"12:110826208:T:G"	0	-0.0028	0.0105
"P2BP08"	"AMD-STROKE"	"STROKE"	"12:110826463:C:T"	0	-0.0036	0.0103
"P2BP08"	"AMD-STROKE"	"STROKE"	"12:110829036:A:C"	1.11022302462516e-16	0.0125	0.0077
"P2BP08"	"AMD-STROKE"	"STROKE"	"12:110832027:A:G"	0	2e-04	0.0072
"P2BP08"	"AMD-STROKE"	"STROKE"	"12:110834659:T:C"	0	-0.0121	0.0122
"P2BP08"	"AMD-STROKE"	"STROKE"	"12:110845040:C:T"	0	-0.0098	0.013
"P2BP08"	"AMD-STROKE"	"STROKE"	"12:110857694:A:G"	0	-0.0047	0.0073
"P2BP08"	"AMD-STROKE"	"STROKE"	"12:110857966:G:A"	0	0.0022	0.0152
"P2BP08"	"AMD-STROKE"	"STROKE"	"12:110901758:A:G"	0	-0.008	0.0108
"P2BP08"	"AMD-STROKE"	"STROKE"	"12:110904075:A:G"	0	-0.0044	0.0085
"P2BP08"	"AMD-STROKE"	"STROKE"	"12:110905869:G:A"	0	-0.0036	0.0085
"P2BP08"	"AMD-STROKE"	"STROKE"	"12:110908817:G:A"	0	-9e-04	0.0084
"P2BP08"	"AMD-STROKE"	"STROKE"	"12:110923871:G:A"	0	-0.0152	0.0122
"P2BP08"	"AMD-STROKE"	"STROKE"	"12:110924001:C:T"	0	9e-04	0.0133
"P2BP08"	"AMD-STROKE"	"STROKE"	"12:110929261:C:T"	0	0.0038	0.0073
"P2BP08"	"AMD-STROKE"	"STROKE"	"12:110939421:T:C"	0	-0.0067	0.0085
"P2BP08"	"AMD-STROKE"	"STROKE"	"12:110947783:G:A"	0	-0.0111	0.0129
"P2BP08"	"AMD-STROKE"	"STROKE"	"12:110950376:T:C"	0	0.0019	0.0076
"P2BP08"	"AMD-STROKE"	"STROKE"	"12:110971666:C:T"	0	-0.0101	0.0128
"P2BP08"	"AMD-STROKE"	"STROKE"	"12:110973846:A:C"	2.22044604925031e-16	0.0177	0.008
"P2BP08"	"AMD-STROKE"	"STROKE"	"12:110974890:T:C"	1.11022302462516e-16	-0.0145	0.0077
"P2BP08"	"AMD-STROKE"	"STROKE"	"12:110975675:T:C"	0	0	0.0087
"P2BP08"	"AMD-STROKE"	"STROKE"	"12:110976409:A:C"	0	-0.0133	0.0106
"P2BP08"	"AMD-STROKE"	"STROKE"	"12:110978032:C:T"	0	-0.0087	0.0105
"P2BP08"	"AMD-STROKE"	"STROKE"	"12:110985442:C:A"	0	-0.0158	0.0122
"P2BP08"	"AMD-STROKE"	"STROKE"	"12:110988886:C:A"	0	-0.0114	0.0128
"P2BP08"	"AMD-STROKE"	"STROKE"	"12:110993791:G:A"	0	0.0027	0.0076
"P2BP08"	"AMD-STROKE"	"STROKE"	"12:111002311:A:G"	6.66133814775094e-16	0.0203	0.0078
"P2BP08"	"AMD-STROKE"	"STROKE"	"12:111007279:G:A"	0	0	0.0087
"P2BP08"	"AMD-STROKE"	"STROKE"	"12:111016630:T:G"	5.55111512312578e-16	0.0193	0.0077
"P2BP08"	"AMD-STROKE"	"STROKE"	"12:111037344:G:A"	4.44089209850063e-16	0.025	0.0105
"P2BP08"	"AMD-STROKE"	"STROKE"	"12:111045898:T:C"	0	-0.0137	0.0121
"P2BP08"	"AMD-STROKE"	"STROKE"	"12:111059199:T:C"	0	8e-04	0.0135
"P2BP08"	"AMD-STROKE"	"STROKE"	"12:111062852:C:T"	0	-0.0037	0.0075
"P2BP08"	"AMD-STROKE"	"STROKE"	"12:111068096:C:T"	0	-0.0098	0.0129
"P2BP08"	"AMD-STROKE"	"STROKE"	"12:111074703:A:C"	0	0.0029	0.0085
"P2BP08"	"AMD-STROKE"	"STROKE"	"12:111075823:C:T"	2.22044604925031e-16	0.0166	0.0078
"P2BP08"	"AMD-STROKE"	"STROKE"	"12:111081197:A:G"	0	-0.0089	0.0115
"P2BP08"	"AMD-STROKE"	"STROKE"	"12:111081598:C:T"	0	-0.0126	0.013
"P2BP08"	"AMD-STROKE"	"STROKE"	"12:111082142:C:T"	0	0.0016	0.0084
"P2BP08"	"AMD-STROKE"	"STROKE"	"12:111083084:G:T"	0	0.0011	0.0085
"P2BP08"	"AMD-STROKE"	"STROKE"	"12:111083980:G:A"	0	-0.009	0.0129
"P2BP08"	"AMD-STROKE"	"STROKE"	"12:111084540:G:A"	0	-0.0143	0.0121
"P2BP08"	"AMD-STROKE"	"STROKE"	"12:111094454:C:T"	0	-0.0064	0.0132
"P2BP08"	"AMD-STROKE"	"STROKE"	"12:111102574:C:A"	0	-0.0093	0.013
"P2BP08"	"AMD-STROKE"	"STROKE"	"12:111102627:T:G"	0	-0.0105	0.0129
"P2BP08"	"AMD-STROKE"	"STROKE"	"12:111107470:A:G"	0	-0.012	0.0121
"P2BP08"	"AMD-STROKE"	"STROKE"	"12:111119631:C:T"	0	-0.014	0.0129
"P2BP08"	"AMD-STROKE"	"STROKE"	"12:111121119:G:A"	1.11022302462516e-16	-0.0177	0.0121
"P2BP08"	"AMD-STROKE"	"STROKE"	"12:111126609:C:T"	1.11022302462516e-16	-0.0187	0.012
"P2BP08"	"AMD-STROKE"	"STROKE"	"12:111154626:G:A"	0	-0.016	0.0128
"P2BP08"	"AMD-STROKE"	"STROKE"	"12:111155531:T:C"	0	0.0033	0.0084
"P2BP08"	"AMD-STROKE"	"STROKE"	"12:111160003:G:A"	0	-0.0088	0.0105
"P2BP08"	"AMD-STROKE"	"STROKE"	"12:111164237:T:C"	0	-0.0028	0.0075
"P2BP08"	"AMD-STROKE"	"STROKE"	"12:111165115:C:T"	0	0.0015	0.0084
"P2BP08"	"AMD-STROKE"	"STROKE"	"12:111168743:C:T"	0	0.0149	0.013
"P2BP08"	"AMD-STROKE"	"STROKE"	"12:111170903:T:C"	1.11022302462516e-16	-0.0209	0.012
"P2BP08"	"AMD-STROKE"	"STROKE"	"12:111171026:T:C"	1.11022302462516e-16	-0.0215	0.012
"P2BP08"	"AMD-STROKE"	"STROKE"	"12:111176213:T:C"	1.11022302462516e-16	-0.0228	0.012
"P2BP08"	"AMD-STROKE"	"STROKE"	"12:111176494:A:G"	1.11022302462516e-16	-0.0183	0.012
"P2BP08"	"AMD-STROKE"	"STROKE"	"12:111193499:G:A"	1.11022302462516e-16	-0.0165	0.0124
"P2BP08"	"AMD-STROKE"	"STROKE"	"12:111200637:G:A"	3.33066907387547e-16	0.021	0.009
"P2BP08"	"AMD-STROKE"	"STROKE"	"12:111207445:G:T"	0	-0.0045	0.0135
"P2BP08"	"AMD-STROKE"	"STROKE"	"12:111207515:A:G"	0	-0.0125	0.0101
"P2BP08"	"AMD-STROKE"	"STROKE"	"12:111212712:C:T"	1.11022302462516e-16	-0.0179	0.0117
"P2BP08"	"AMD-STROKE"	"STROKE"	"12:111221131:T:C"	1.11022302462516e-16	-0.0192	0.0116
"P2BP08"	"AMD-STROKE"	"STROKE"	"12:111229645:C:T"	7.7715611723761e-15	-0.0243	0.0071
"P2BP08"	"AMD-STROKE"	"STROKE"	"12:111235721:G:A"	0	-0.0083	0.0125
"P2BP08"	"AMD-STROKE"	"STROKE"	"12:111239821:T:C"	1.22124532708767e-15	-0.0198	0.007
"P2BP08"	"AMD-STROKE"	"STROKE"	"12:111240545:T:G"	1.55431223447522e-15	-0.0204	0.007
"P2BP08"	"AMD-STROKE"	"STROKE"	"12:111242361:C:T"	8.88178419700125e-16	-0.019	0.007
"P2BP08"	"AMD-STROKE"	"STROKE"	"12:111246640:G:A"	1.22124532708767e-15	-0.0201	0.0071
"P2BP08"	"AMD-STROKE"	"STROKE"	"12:111248624:C:T"	1.11022302462516e-16	-0.0164	0.0089
"P2BP08"	"AMD-STROKE"	"STROKE"	"12:111248777:T:C"	6.66133814775094e-16	-0.0185	0.0071
"P2BP08"	"AMD-STROKE"	"STROKE"	"12:111251102:G:T"	0	-0.0069	0.0112
"P2BP08"	"AMD-STROKE"	"STROKE"	"12:111255027:C:T"	4.88498130835069e-15	-0.0233	0.0071
"P2BP08"	"AMD-STROKE"	"STROKE"	"12:111257563:C:T"	0	-0.007	0.0131
"P2BP08"	"AMD-STROKE"	"STROKE"	"12:111260556:G:A"	3.33066907387547e-16	-0.0158	0.007
"P2BP08"	"AMD-STROKE"	"STROKE"	"12:111264484:G:A"	2.22044604925031e-16	-0.0141	0.007
"P2BP08"	"AMD-STROKE"	"STROKE"	"12:111267031:C:T"	3.33066907387547e-16	-0.0164	0.007
"P2BP08"	"AMD-STROKE"	"STROKE"	"12:111272553:A:G"	1.11022302462516e-15	-0.0202	0.0073
"P2BP08"	"AMD-STROKE"	"STROKE"	"12:111279463:C:T"	4.44089209850063e-16	-0.0178	0.0073
"P2BP08"	"AMD-STROKE"	"STROKE"	"12:111282220:G:T"	2.22044604925031e-16	-0.0346	0.0167
"P2BP08"	"AMD-STROKE"	"STROKE"	"12:111287726:T:C"	5.55111512312578e-16	-0.0185	0.0074
"P2BP08"	"AMD-STROKE"	"STROKE"	"12:111288843:T:C"	1.4432899320127e-15	-0.0215	0.0075
"P2BP08"	"AMD-STROKE"	"STROKE"	"12:111289694:G:A"	5.6621374255883e-15	-0.0266	0.008
"P2BP08"	"AMD-STROKE"	"STROKE"	"12:111294520:A:G"	4.44089209850063e-16	-0.0178	0.0074
"P2BP08"	"AMD-STROKE"	"STROKE"	"12:111300010:G:A"	2.85327317328665e-14	-0.0284	0.0075
"P2BP08"	"AMD-STROKE"	"STROKE"	"12:111311929:T:C"	1.11022302462516e-16	-0.0108	0.0081
"P2BP08"	"AMD-STROKE"	"STROKE"	"12:111314289:T:C"	0	-0.0103	0.0081
"P2BP08"	"AMD-STROKE"	"STROKE"	"12:111323418:G:A"	0	-0.0104	0.0084
"P2BP08"	"AMD-STROKE"	"STROKE"	"12:111331016:G:A"	0	-0.0107	0.0133
"P2BP08"	"AMD-STROKE"	"STROKE"	"12:111333622:T:C"	1.11022302462516e-16	-0.0136	0.0074
"P2BP08"	"AMD-STROKE"	"STROKE"	"12:111334117:T:C"	2.22044604925031e-16	-0.0148	0.0074
"P2BP08"	"AMD-STROKE"	"STROKE"	"12:111338794:C:T"	0	-0.011	0.0133
"P2BP08"	"AMD-STROKE"	"STROKE"	"12:111340243:T:C"	1.11022302462516e-16	-0.0136	0.0074
"P2BP08"	"AMD-STROKE"	"STROKE"	"12:111342722:T:C"	1.11022302462516e-16	-0.0136	0.0074
"P2BP08"	"AMD-STROKE"	"STROKE"	"12:111344330:A:G"	0	-0.0102	0.0082
"P2BP08"	"AMD-STROKE"	"STROKE"	"12:111347333:T:C"	1.11022302462516e-16	-0.0108	0.0081
"P2BP08"	"AMD-STROKE"	"STROKE"	"12:111349849:A:G"	1.11022302462516e-16	-0.0123	0.0074
"P2BP08"	"AMD-STROKE"	"STROKE"	"12:111350655:A:G"	0	-0.0067	0.0132
"P2BP08"	"AMD-STROKE"	"STROKE"	"12:111350771:C:T"	0	-0.01	0.0133
"P2BP08"	"AMD-STROKE"	"STROKE"	"12:111351937:C:T"	0	-0.0095	0.0132
"P2BP08"	"AMD-STROKE"	"STROKE"	"12:111352848:A:C"	3.33066907387547e-16	-0.0183	0.0081
"P2BP08"	"AMD-STROKE"	"STROKE"	"12:111353161:A:G"	0	-0.009	0.0081
"P2BP08"	"AMD-STROKE"	"STROKE"	"12:111353556:A:G"	0	9e-04	0.0149
"P2BP08"	"AMD-STROKE"	"STROKE"	"12:111361298:A:G"	3.28070903776734e-13	-0.0325	0.0074
"P2BP08"	"AMD-STROKE"	"STROKE"	"12:111365324:A:G"	7.22755189030977e-14	-0.029	0.0072
"P2BP08"	"AMD-STROKE"	"STROKE"	"12:111366750:C:A"	7.21644966006352e-14	-0.0294	0.0073
"P2BP08"	"AMD-STROKE"	"STROKE"	"12:111376637:C:T"	2.24265050974282e-14	-0.0268	0.0072
"P2BP08"	"AMD-STROKE"	"STROKE"	"12:111376921:T:C"	2.27595720048157e-14	-0.0272	0.0073
"P2BP08"	"AMD-STROKE"	"STROKE"	"12:111377051:C:T"	3.66373598126302e-15	-0.0233	0.0073
"P2BP08"	"AMD-STROKE"	"STROKE"	"12:111385296:A:G"	2.76445533131664e-14	-0.0272	0.0072
"P2BP08"	"AMD-STROKE"	"STROKE"	"12:111386961:T:C"	1.60982338570648e-14	-0.0265	0.0073
"P2BP08"	"AMD-STROKE"	"STROKE"	"12:111391799:C:T"	2.36477504245158e-14	-0.0269	0.0072
"P2BP08"	"AMD-STROKE"	"STROKE"	"12:111393519:T:G"	1.08801856413265e-14	-0.0257	0.0073
"P2BP08"	"AMD-STROKE"	"STROKE"	"12:111394327:T:C"	9.99200722162641e-15	-0.0255	0.0073
"P2BP08"	"AMD-STROKE"	"STROKE"	"12:111394384:G:A"	3.21964677141295e-15	-0.023	0.0073
"P2BP08"	"AMD-STROKE"	"STROKE"	"12:111394929:C:A"	2.33146835171283e-15	-0.0222	0.0073
"P2BP08"	"AMD-STROKE"	"STROKE"	"12:111396419:G:A"	2.55351295663786e-15	-0.0224	0.0073
"P2BP08"	"AMD-STROKE"	"STROKE"	"12:111396613:C:T"	3.10862446895044e-15	-0.0229	0.0073
"P2BP08"	"AMD-STROKE"	"STROKE"	"12:111398098:T:C"	2.1316282072803e-14	-0.0267	0.0072
"P2BP08"	"AMD-STROKE"	"STROKE"	"12:111399446:T:C"	1.08801856413265e-14	-0.0257	0.0073
"P2BP08"	"AMD-STROKE"	"STROKE"	"12:111399660:T:C"	2.03170813506404e-14	-0.0266	0.0072
"P2BP08"	"AMD-STROKE"	"STROKE"	"12:111399771:G:A"	1.89848137210902e-14	-0.0261	0.0071
"P2BP08"	"AMD-STROKE"	"STROKE"	"12:111400116:A:G"	6.10622663543836e-15	-0.0248	0.0074
"P2BP08"	"AMD-STROKE"	"STROKE"	"12:111401316:G:T"	1.57651669496772e-14	-0.0261	0.0072
"P2BP08"	"AMD-STROKE"	"STROKE"	"12:111401693:G:A"	2.88657986402541e-15	-0.0227	0.0073
"P2BP08"	"AMD-STROKE"	"STROKE"	"12:111401798:A:G"	9.43689570931383e-15	-0.0254	0.0073
"P2BP08"	"AMD-STROKE"	"STROKE"	"12:111402363:T:C"	1.04360964314765e-14	-0.0256	0.0073
"P2BP08"	"AMD-STROKE"	"STROKE"	"12:111405470:T:G"	9.99200722162641e-15	-0.0255	0.0073
"P2BP08"	"AMD-STROKE"	"STROKE"	"12:111410537:A:G"	5.88418203051333e-15	-0.0247	0.0074
"P2BP08"	"AMD-STROKE"	"STROKE"	"12:111438001:A:G"	1.11022302462516e-15	-0.038	0.0137
"P2BP08"	"AMD-STROKE"	"STROKE"	"12:111504033:T:C"	5.9562488274878e-10	0.0464	0.0079
"P2BP08"	"AMD-STROKE"	"STROKE"	"12:111522026:T:G"	9.99200722162641e-16	-0.0414	0.015
"P2BP08"	"AMD-STROKE"	"STROKE"	"12:111536822:A:G"	3.86357612569555e-14	-0.0348	0.009
"P2BP08"	"AMD-STROKE"	"STROKE"	"12:111546165:T:C"	9.91429160990265e-13	0.0348	0.0075
"P2BP08"	"AMD-STROKE"	"STROKE"	"12:111578993:C:T"	8.88178419700125e-16	-0.0434	0.016
"P2BP08"	"AMD-STROKE"	"STROKE"	"12:111580076:C:T"	5.55111512312578e-16	-0.0409	0.016
"P2BP08"	"AMD-STROKE"	"STROKE"	"12:111590492:T:C"	4.55191440096314e-15	-0.0313	0.0096
"P2BP08"	"AMD-STROKE"	"STROKE"	"12:111592380:G:T"	0	-0.0161	0.0127
"P2BP08"	"AMD-STROKE"	"STROKE"	"12:111598202:C:T"	2.22044604925031e-16	-0.0231	0.0104
"P2BP08"	"AMD-STROKE"	"STROKE"	"12:111600134:G:T"	5.62937474413161e-11	0.0447	0.0082
"P2BP08"	"AMD-STROKE"	"STROKE"	"12:111614736:T:C"	2.35367281220533e-14	-0.031	0.0083
"P2BP08"	"AMD-STROKE"	"STROKE"	"12:111618332:T:G"	3.33066907387547e-16	-0.0221	0.0098
"P2BP08"	"AMD-STROKE"	"STROKE"	"12:111619339:T:C"	2.99760216648792e-15	-0.0291	0.0093
"P2BP08"	"AMD-STROKE"	"STROKE"	"12:111619440:T:C"	3.5527136788005e-15	-0.0296	0.0093
"P2BP08"	"AMD-STROKE"	"STROKE"	"12:111622980:A:G"	4.88498130835069e-15	-0.0305	0.0093
"P2BP08"	"AMD-STROKE"	"STROKE"	"12:111623138:A:G"	3.77475828372553e-15	-0.0298	0.0093
"P2BP08"	"AMD-STROKE"	"STROKE"	"12:111630519:C:T"	2.22044604925031e-16	-0.0235	0.011
"P2BP08"	"AMD-STROKE"	"STROKE"	"12:111634281:T:G"	1.11022302462516e-16	-0.0164	0.0098
"P2BP08"	"AMD-STROKE"	"STROKE"	"12:111645043:A:G"	1.11022302462516e-16	-0.0181	0.01
"P2BP08"	"AMD-STROKE"	"STROKE"	"12:111647453:C:T"	1.11022302462516e-16	-0.0139	0.0098
"P2BP08"	"AMD-STROKE"	"STROKE"	"12:111647825:T:C"	1.11022302462516e-16	-0.0176	0.0098
"P2BP08"	"AMD-STROKE"	"STROKE"	"12:111649179:G:A"	1.11022302462516e-16	-0.0139	0.0098
"P2BP08"	"AMD-STROKE"	"STROKE"	"12:111649344:A:G"	1.11022302462516e-16	-0.0159	0.0098
"P2BP08"	"AMD-STROKE"	"STROKE"	"12:111650780:G:T"	1.11022302462516e-16	-0.0114	0.0083
"P2BP08"	"AMD-STROKE"	"STROKE"	"12:111651949:G:A"	0	-0.0118	0.0091
"P2BP08"	"AMD-STROKE"	"STROKE"	"12:111652522:G:A"	1.11022302462516e-16	-0.0126	0.0083
"P2BP08"	"AMD-STROKE"	"STROKE"	"12:111654363:C:T"	1.11022302462516e-16	-0.011	0.0082
"P2BP08"	"AMD-STROKE"	"STROKE"	"12:111654575:A:G"	0	-0.0059	0.0127
"P2BP08"	"AMD-STROKE"	"STROKE"	"12:111655513:C:T"	1.11022302462516e-16	-0.016	0.0099
"P2BP08"	"AMD-STROKE"	"STROKE"	"12:111659074:T:C"	1.11022302462516e-16	-0.0135	0.0084
"P2BP08"	"AMD-STROKE"	"STROKE"	"12:111660599:G:T"	0	-0.0107	0.0102
"P2BP08"	"AMD-STROKE"	"STROKE"	"12:111662578:G:A"	1.11022302462516e-16	-0.015	0.0085
"P2BP08"	"AMD-STROKE"	"STROKE"	"12:111664061:T:G"	4.44089209850063e-16	-0.02	0.0084
"P2BP08"	"AMD-STROKE"	"STROKE"	"12:111665388:G:A"	1.11022302462516e-16	-0.0153	0.0084
"P2BP08"	"AMD-STROKE"	"STROKE"	"12:111666984:C:T"	1.11022302462516e-16	-0.0178	0.0095
"P2BP08"	"AMD-STROKE"	"STROKE"	"12:111670682:G:T"	2.22044604925031e-16	-0.0174	0.0084
"P2BP08"	"AMD-STROKE"	"STROKE"	"12:111679214:C:T"	1.11022302462516e-16	-0.014	0.0085
"P2BP08"	"AMD-STROKE"	"STROKE"	"12:111690466:C:T"	2.22044604925031e-16	-0.0174	0.0084
"P2BP08"	"AMD-STROKE"	"STROKE"	"12:111690579:T:C"	1.55431223447522e-15	-0.0267	0.0092
"P2BP08"	"AMD-STROKE"	"STROKE"	"12:111691081:T:C"	1.4432899320127e-15	-0.0265	0.0092
"P2BP08"	"AMD-STROKE"	"STROKE"	"12:111692124:C:T"	9.99200722162641e-16	-0.0231	0.0084
"P2BP08"	"AMD-STROKE"	"STROKE"	"12:111698457:G:A"	3.33066907387547e-16	-0.0195	0.0083
"P2BP08"	"AMD-STROKE"	"STROKE"	"12:111699146:A:G"	2.33146835171283e-15	-0.0255	0.0084
"P2BP08"	"AMD-STROKE"	"STROKE"	"12:111706877:C:T"	2.33146835171283e-15	-0.0243	0.008
"P2BP08"	"AMD-STROKE"	"STROKE"	"12:111707556:G:A"	4.44089209850063e-16	-0.022	0.0091
"P2BP08"	"AMD-STROKE"	"STROKE"	"12:111715567:C:A"	0	-0.0143	0.0151
"P2BP08"	"AMD-STROKE"	"STROKE"	"12:111716376:C:T"	7.43693995275407e-12	0.0415	0.0082
"P2BP08"	"AMD-STROKE"	"STROKE"	"12:111716718:G:A"	5.55111512312578e-16	-0.0229	0.0092
"P2BP08"	"AMD-STROKE"	"STROKE"	"12:111725185:C:A"	3.33066907387547e-16	-0.0237	0.01
"P2BP08"	"AMD-STROKE"	"STROKE"	"12:111733274:C:T"	5.99520433297585e-15	-0.0304	0.0091
"P2BP08"	"AMD-STROKE"	"STROKE"	"12:111735537:G:T"	1.75415237890775e-14	-0.0296	0.0081
"P2BP08"	"AMD-STROKE"	"STROKE"	"12:111737115:T:C"	7.7715611723761e-16	-0.0375	0.014
"P2BP08"	"AMD-STROKE"	"STROKE"	"12:111738287:G:A"	7.54951656745106e-15	-0.0297	0.0087
"P2BP08"	"AMD-STROKE"	"STROKE"	"12:111738364:A:G"	1.66533453693773e-15	-0.0402	0.0137
"P2BP08"	"AMD-STROKE"	"STROKE"	"12:111739236:T:C"	6.66133814775094e-15	-0.0307	0.0091
"P2BP08"	"AMD-STROKE"	"STROKE"	"12:111742222:T:C"	1.40842892903947e-12	-0.0382	0.0081
"P2BP08"	"AMD-STROKE"	"STROKE"	"12:111743047:G:T"	1.55431223447522e-15	-0.0338	0.0116
"P2BP08"	"AMD-STROKE"	"STROKE"	"12:111746499:A:G"	1.55664370282693e-12	-0.0379	0.008
"P2BP08"	"AMD-STROKE"	"STROKE"	"12:111750629:G:A"	2.77555756156289e-15	-0.0307	0.0099
"P2BP08"	"AMD-STROKE"	"STROKE"	"12:111753808:T:C"	1.52766688188422e-13	-0.0358	0.0085
"P2BP08"	"AMD-STROKE"	"STROKE"	"12:111754597:T:C"	6.99440505513849e-15	-0.0305	0.009
"P2BP08"	"AMD-STROKE"	"STROKE"	"12:111756438:A:G"	1.67577063336921e-12	-0.0366	0.0077
"P2BP08"	"AMD-STROKE"	"STROKE"	"12:111765464:C:T"	1.791899961745e-13	-0.034	0.008
"P2BP08"	"AMD-STROKE"	"STROKE"	"12:111768973:A:G"	4.85722573273506e-13	-0.0363	0.0081
"P2BP08"	"AMD-STROKE"	"STROKE"	"12:111774068:A:C"	2.48689957516035e-14	-0.0315	0.0084
"P2BP08"	"AMD-STROKE"	"STROKE"	"12:111778178:T:C"	1.86295423532101e-13	-0.0345	0.0081
"P2BP08"	"AMD-STROKE"	"STROKE"	"12:111780644:T:C"	3.1641356201817e-14	-0.0328	0.0086
"P2BP08"	"AMD-STROKE"	"STROKE"	"12:111781055:A:G"	3.29736238313672e-14	-0.0329	0.0086
"P2BP08"	"AMD-STROKE"	"STROKE"	"12:111784495:G:T"	4.2188474935756e-14	-0.0319	0.0082
"P2BP08"	"AMD-STROKE"	"STROKE"	"12:111785586:T:C"	3.09086090055644e-13	-0.0359	0.0082
"P2BP08"	"AMD-STROKE"	"STROKE"	"12:111786892:T:C"	1.00042196748973e-12	-0.0376	0.0081
"P2BP08"	"AMD-STROKE"	"STROKE"	"12:111788402:C:T"	2.66453525910038e-15	-0.0262	0.0085
"P2BP08"	"AMD-STROKE"	"STROKE"	"12:111791677:C:A"	5.60662627435704e-14	-0.0325	0.0082
"P2BP08"	"AMD-STROKE"	"STROKE"	"12:111792179:A:C"	7.7937656328686e-14	-0.0348	0.0086
"P2BP08"	"AMD-STROKE"	"STROKE"	"12:111792427:A:G"	8.99280649946377e-14	-0.0347	0.0085
"P2BP08"	"AMD-STROKE"	"STROKE"	"12:111793552:A:G"	5.39568389967826e-14	-0.034	0.0086
"P2BP08"	"AMD-STROKE"	"STROKE"	"12:111798553:A:G"	1.19793064357054e-13	-0.0353	0.0085
"P2BP08"	"AMD-STROKE"	"STROKE"	"12:111799681:T:C"	2.83706391712713e-12	-0.0394	0.0081
"P2BP08"	"AMD-STROKE"	"STROKE"	"12:111800059:T:C"	2.26518803714271e-12	-0.0395	0.0082
"P2BP08"	"AMD-STROKE"	"STROKE"	"12:111800258:G:A"	8.93374263455371e-12	-0.0418	0.0082
"P2BP08"	"AMD-STROKE"	"STROKE"	"12:111807499:G:A"	9.5590202420226e-14	-0.0336	0.0082
"P2BP08"	"AMD-STROKE"	"STROKE"	"12:111818701:A:G"	8.08897393511643e-12	-0.0457	0.009
"P2BP08"	"AMD-STROKE"	"STROKE"	"12:111819589:C:T"	8.1379347705024e-14	-0.0353	0.0087
"P2BP08"	"AMD-STROKE"	"STROKE"	"12:111825389:T:C"	6.86910528457929e-11	-0.0461	0.0084
"P2BP08"	"AMD-STROKE"	"STROKE"	"12:111830809:C:A"	1.98063787593128e-13	-0.0359	0.0084
"P2BP08"	"AMD-STROKE"	"STROKE"	"12:111833589:A:G"	5.6646576318542e-11	-0.0458	0.0084
"P2BP08"	"AMD-STROKE"	"STROKE"	"12:111844218:G:A"	9.83657599817889e-14	-0.0353	0.0086
"P2BP08"	"AMD-STROKE"	"STROKE"	"12:111862575:C:T"	1.43995926293883e-13	-0.0361	0.0086
"P2BP08"	"AMD-STROKE"	"STROKE"	"12:111882485:C:A"	1.08801856413265e-13	-0.0351	0.0085
"P2BP08"	"AMD-STROKE"	"STROKE"	"12:111883779:C:T"	4.44089209850063e-16	-0.0301	0.0122
"P2BP08"	"AMD-STROKE"	"STROKE"	"12:111884608:T:C"	8.25073804167076e-07	-0.0617	0.0088
"P2BP08"	"AMD-STROKE"	"STROKE"	"12:111887659:A:G"	4.55636639529189e-11	-0.046	0.0085
"P2BP08"	"AMD-STROKE"	"STROKE"	"12:111893537:A:G"	2.26272334202804e-11	-0.0454	0.0086
"P2BP08"	"AMD-STROKE"	"STROKE"	"12:111894072:C:T"	2.02504679691629e-13	-0.0368	0.0086
"P2BP08"	"AMD-STROKE"	"STROKE"	"12:111895272:C:T"	1.83630888273001e-13	-0.0366	0.0086
"P2BP08"	"AMD-STROKE"	"STROKE"	"12:111920295:A:C"	2.55483412203716e-11	-0.0456	0.0086
"P2BP08"	"AMD-STROKE"	"STROKE"	"12:111926901:T:C"	2.40418795982578e-11	-0.0455	0.0086
"P2BP08"	"AMD-STROKE"	"STROKE"	"12:111927739:G:A"	2.59237076249974e-13	-0.0373	0.0086
"P2BP08"	"AMD-STROKE"	"STROKE"	"12:111941120:T:C"	1.07255759829172e-10	-0.0479	0.0086
"P2BP08"	"AMD-STROKE"	"STROKE"	"12:111951850:C:T"	6.78346268045971e-14	-0.0345	0.0086
"P2BP08"	"AMD-STROKE"	"STROKE"	"12:111952167:C:T"	1.12687636999453e-13	-0.036	0.0087
"P2BP08"	"AMD-STROKE"	"STROKE"	"12:111962581:C:T"	9.30366894635881e-14	-0.036	0.0088
"P2BP08"	"AMD-STROKE"	"STROKE"	"12:111965658:C:A"	9.79216707719388e-14	-0.0357	0.0087
"P2BP08"	"AMD-STROKE"	"STROKE"	"12:111969448:C:T"	1.99729122130066e-13	-0.0372	0.0087
"P2BP08"	"AMD-STROKE"	"STROKE"	"12:111974280:T:G"	2.46467291020736e-11	-0.0466	0.0088
"P2BP08"	"AMD-STROKE"	"STROKE"	"12:111989236:A:G"	9.68736202366927e-12	-0.045	0.0088
"P2BP08"	"AMD-STROKE"	"STROKE"	"12:111989979:C:A"	1.70863323489812e-13	-0.0373	0.0088
"P2BP08"	"AMD-STROKE"	"STROKE"	"12:111993886:A:G"	1.31877038178629e-08	-0.053	0.0083
"P2BP08"	"AMD-STROKE"	"STROKE"	"12:112003350:T:C"	7.32707228223717e-11	-0.0484	0.0088
"P2BP08"	"AMD-STROKE"	"STROKE"	"12:112003383:G:T"	1.55431223447522e-13	-0.0371	0.0088
"P2BP08"	"AMD-STROKE"	"STROKE"	"12:112007756:C:T"	0.00124704486568539	-0.0568	0.0071
"P2BP08"	"AMD-STROKE"	"STROKE"	"12:112016016:A:C"	5.80813175332651e-12	0.0446	0.0089
"P2BP08"	"AMD-STROKE"	"STROKE"	"12:112019799:G:T"	4.430900091279e-13	0.0397	0.0089
"P2BP08"	"AMD-STROKE"	"STROKE"	"12:112046476:T:C"	8.05444599905059e-12	-0.0462	0.0091
"P2BP08"	"AMD-STROKE"	"STROKE"	"12:112062875:T:C"	7.6234574208911e-12	-0.0461	0.0091
"P2BP08"	"AMD-STROKE"	"STROKE"	"12:112072424:A:G"	0.967062233700806	0.0625	0.0071
"P2BP08"	"AMD-STROKE"	"STROKE"	"12:112073916:A:G"	5.4944937488699e-12	-0.0455	0.0091
"P2BP08"	"AMD-STROKE"	"STROKE"	"12:112090022:C:A"	0	0.0061	0.0102
"P2BP08"	"AMD-STROKE"	"STROKE"	"12:112091356:C:T"	3.33066907387547e-16	-0.0318	0.0134
"P2BP08"	"AMD-STROKE"	"STROKE"	"12:112093078:G:T"	4.2188474935756e-14	-0.0354	0.0091
"P2BP08"	"AMD-STROKE"	"STROKE"	"12:112094766:A:G"	1.0622724921916e-11	-0.0467	0.0091
"P2BP08"	"AMD-STROKE"	"STROKE"	"12:112103148:C:T"	5.21804821573824e-14	-0.0359	0.0091
"P2BP08"	"AMD-STROKE"	"STROKE"	"12:112113658:C:T"	2.46469511466785e-14	-0.0341	0.0091
"P2BP08"	"AMD-STROKE"	"STROKE"	"12:112118576:T:C"	4.20818935253919e-12	-0.0455	0.0092
"P2BP08"	"AMD-STROKE"	"STROKE"	"12:112123284:A:G"	5.77682102154142e-09	-0.0494	0.0079
"P2BP08"	"AMD-STROKE"	"STROKE"	"12:112126065:T:C"	9.44899714028224e-12	-0.047	0.0092
"P2BP08"	"AMD-STROKE"	"STROKE"	"12:112131698:G:T"	4.49640324973188e-14	-0.0375	0.0096
"P2BP08"	"AMD-STROKE"	"STROKE"	"12:112132875:T:C"	7.59614593448532e-12	-0.0466	0.0092
"P2BP08"	"AMD-STROKE"	"STROKE"	"12:112136583:C:A"	4.80726569662693e-14	-0.0361	0.0092
"P2BP08"	"AMD-STROKE"	"STROKE"	"12:112141233:A:G"	8.09919453725883e-09	-0.0492	0.0078
"P2BP08"	"AMD-STROKE"	"STROKE"	"12:112146555:C:A"	1.93178806284777e-14	-0.0335	0.0091
"P2BP08"	"AMD-STROKE"	"STROKE"	"12:112146911:C:T"	1.29896093881143e-14	-0.0332	0.0093
"P2BP08"	"AMD-STROKE"	"STROKE"	"12:112146964:C:T"	5.8537619196386e-12	-0.0391	0.0078
"P2BP08"	"AMD-STROKE"	"STROKE"	"12:112158966:T:C"	3.7855274470644e-12	-0.0453	0.0092
"P2BP08"	"AMD-STROKE"	"STROKE"	"12:112163646:T:C"	3.57436302778069e-12	-0.0447	0.0091
"P2BP08"	"AMD-STROKE"	"STROKE"	"12:112168050:A:G"	2.74269496003399e-12	-0.0442	0.0091
"P2BP08"	"AMD-STROKE"	"STROKE"	"12:112180177:A:G"	2.72182276717103e-12	-0.0437	0.009
"P2BP08"	"AMD-STROKE"	"STROKE"	"12:112190438:C:A"	1.12132525487141e-14	-0.0321	0.0091
"P2BP08"	"AMD-STROKE"	"STROKE"	"12:112194976:T:C"	2.30667374090388e-09	-0.0476	0.0078
"P2BP08"	"AMD-STROKE"	"STROKE"	"12:112204427:A:G"	1.11022302462516e-15	-0.0326	0.0117
"P2BP08"	"AMD-STROKE"	"STROKE"	"12:112206895:A:G"	2.91111579286962e-12	-0.0448	0.0092
"P2BP08"	"AMD-STROKE"	"STROKE"	"12:112211833:T:C"	2.60566600984724e-06	-0.0531	0.0074
"P2BP08"	"AMD-STROKE"	"STROKE"	"12:112222788:C:T"	2.14273043752655e-14	-0.0345	0.0093
"P2BP08"	"AMD-STROKE"	"STROKE"	"12:112228849:T:C"	3.6072256293096e-12	-0.0457	0.0093
"P2BP08"	"AMD-STROKE"	"STROKE"	"12:112230036:G:A"	3.59712259978551e-14	-0.0354	0.0092
"P2BP08"	"AMD-STROKE"	"STROKE"	"12:112233018:T:C"	6.94842335113854e-07	-0.0517	0.0074
"P2BP08"	"AMD-STROKE"	"STROKE"	"12:112234368:T:C"	0	0.0027	0.0149
"P2BP08"	"AMD-STROKE"	"STROKE"	"12:112235783:C:A"	2.69784194983913e-14	-0.0347	0.0092
"P2BP08"	"AMD-STROKE"	"STROKE"	"12:112244413:C:T"	1.11022302462516e-16	-0.0268	0.0136
"P2BP08"	"AMD-STROKE"	"STROKE"	"12:112245170:A:C"	9.96411175790968e-10	-0.0465	0.0078
"P2BP08"	"AMD-STROKE"	"STROKE"	"12:112245637:T:G"	1.4432899320127e-15	-0.0343	0.0119
"P2BP08"	"AMD-STROKE"	"STROKE"	"12:112250200:G:A"	2.22044604925031e-16	-0.0286	0.0136
"P2BP08"	"AMD-STROKE"	"STROKE"	"12:112256042:C:T"	1.14352971536391e-14	-0.0325	0.0092
"P2BP08"	"AMD-STROKE"	"STROKE"	"12:112276464:T:C"	2.06790140566682e-12	-0.0451	0.0094
"P2BP08"	"AMD-STROKE"	"STROKE"	"12:112277576:C:T"	2.80886425230165e-14	-0.0348	0.0092
"P2BP08"	"AMD-STROKE"	"STROKE"	"12:112278025:A:G"	2.26663132707472e-12	-0.0448	0.0093
"P2BP08"	"AMD-STROKE"	"STROKE"	"12:112280773:G:T"	3.05311331771918e-14	-0.035	0.0092
"P2BP08"	"AMD-STROKE"	"STROKE"	"12:112281013:A:G"	2.13240536339754e-12	-0.0442	0.0092
"P2BP08"	"AMD-STROKE"	"STROKE"	"12:112281384:G:A"	2.42028619368284e-14	-0.0348	0.0093
"P2BP08"	"AMD-STROKE"	"STROKE"	"12:112285542:T:C"	2.49200682311823e-09	-0.0477	0.0078
"P2BP08"	"AMD-STROKE"	"STROKE"	"12:112291242:A:C"	5.79758463459257e-12	-0.0461	0.0092
"P2BP08"	"AMD-STROKE"	"STROKE"	"12:112298257:A:G"	1.77635683940025e-15	-0.0398	0.0135
"P2BP08"	"AMD-STROKE"	"STROKE"	"12:112300780:T:C"	1.84918746981566e-12	-0.0444	0.0093
"P2BP08"	"AMD-STROKE"	"STROKE"	"12:112306165:G:T"	1.43218770176645e-14	-0.0331	0.0092
"P2BP08"	"AMD-STROKE"	"STROKE"	"12:112309571:T:C"	1.77635683940025e-15	-0.0398	0.0135
"P2BP08"	"AMD-STROKE"	"STROKE"	"12:112310580:G:A"	9.2148511043888e-15	-0.0316	0.0091
"P2BP08"	"AMD-STROKE"	"STROKE"	"12:112313688:A:C"	2.38564723531454e-12	-0.0449	0.0093
"P2BP08"	"AMD-STROKE"	"STROKE"	"12:112315172:T:C"	2.49023024423423e-12	-0.0445	0.0092
"P2BP08"	"AMD-STROKE"	"STROKE"	"12:112317096:G:A"	1.88737914186277e-14	-0.0338	0.0092
"P2BP08"	"AMD-STROKE"	"STROKE"	"12:112323016:C:T"	2.22044604925031e-16	-0.0265	0.0125
"P2BP08"	"AMD-STROKE"	"STROKE"	"12:112323582:A:G"	2.24531504500192e-12	-0.0443	0.0092
"P2BP08"	"AMD-STROKE"	"STROKE"	"12:112324846:T:C"	9.97313343020778e-13	-0.0427	0.0092
"P2BP08"	"AMD-STROKE"	"STROKE"	"12:112327057:T:G"	1.22124532708767e-15	-0.0348	0.0123
"P2BP08"	"AMD-STROKE"	"STROKE"	"12:112328230:C:A"	5.32907051820075e-15	-0.0311	0.0094
"P2BP08"	"AMD-STROKE"	"STROKE"	"12:112331317:G:A"	3.33066907387547e-16	-0.0291	0.0123
"P2BP08"	"AMD-STROKE"	"STROKE"	"12:112332283:C:T"	1.25455201782643e-14	-0.0331	0.0093
"P2BP08"	"AMD-STROKE"	"STROKE"	"12:112333660:C:A"	1.55431223447522e-14	-0.0333	0.0092
"P2BP08"	"AMD-STROKE"	"STROKE"	"12:112337362:C:T"	1.43218770176645e-14	-0.0331	0.0092
"P2BP08"	"AMD-STROKE"	"STROKE"	"12:112338539:T:C"	1.03006492224722e-12	-0.0423	0.0091
"P2BP08"	"AMD-STROKE"	"STROKE"	"12:112339015:G:A"	1.48769885299771e-14	-0.0332	0.0092
"P2BP08"	"AMD-STROKE"	"STROKE"	"12:112339843:A:G"	2.76312306368709e-12	-0.0447	0.0092
"P2BP08"	"AMD-STROKE"	"STROKE"	"12:112346661:C:T"	1.80966353013901e-14	-0.0337	0.0092
"P2BP08"	"AMD-STROKE"	"STROKE"	"12:112354531:T:C"	1.58928425975091e-12	-0.0441	0.0093
"P2BP08"	"AMD-STROKE"	"STROKE"	"12:112363267:C:A"	1.88737914186277e-14	-0.0338	0.0092
"P2BP08"	"AMD-STROKE"	"STROKE"	"12:112367921:G:A"	1.88737914186277e-14	-0.0338	0.0092
"P2BP08"	"AMD-STROKE"	"STROKE"	"12:112375990:A:C"	2.38564723531454e-12	-0.0449	0.0093
"P2BP08"	"AMD-STROKE"	"STROKE"	"12:112378768:A:C"	2.38564723531454e-12	-0.0449	0.0093
"P2BP08"	"AMD-STROKE"	"STROKE"	"12:112385665:A:C"	2.24531504500192e-12	-0.0443	0.0092
"P2BP08"	"AMD-STROKE"	"STROKE"	"12:112394260:C:T"	1.33226762955019e-14	-0.0329	0.0092
"P2BP08"	"AMD-STROKE"	"STROKE"	"12:112404838:G:A"	1.0547118733939e-14	-0.0323	0.0092
"P2BP08"	"AMD-STROKE"	"STROKE"	"12:112410077:C:A"	1.18793863634892e-14	-0.0326	0.0092
"P2BP08"	"AMD-STROKE"	"STROKE"	"12:112410186:T:G"	1.13897780096295e-12	-0.0439	0.0094
"P2BP08"	"AMD-STROKE"	"STROKE"	"12:112418496:G:A"	1.45439216225896e-14	-0.0335	0.0093
"P2BP08"	"AMD-STROKE"	"STROKE"	"12:112423062:T:G"	1.53210777398272e-14	-0.0452	0.0125
"P2BP08"	"AMD-STROKE"	"STROKE"	"12:112425746:T:C"	5.80868686483882e-13	-0.0416	0.0092
"P2BP08"	"AMD-STROKE"	"STROKE"	"12:112434152:C:T"	1.99840144432528e-15	-0.0347	0.0116
"P2BP08"	"AMD-STROKE"	"STROKE"	"12:112434504:A:G"	7.54951656745106e-15	-0.0396	0.0116
"P2BP08"	"AMD-STROKE"	"STROKE"	"12:112440998:T:C"	7.7715611723761e-16	-0.0365	0.0137
"P2BP08"	"AMD-STROKE"	"STROKE"	"12:112441688:T:C"	8.21565038222616e-15	-0.0402	0.0117
"P2BP08"	"AMD-STROKE"	"STROKE"	"12:112443960:G:A"	1.77635683940025e-15	-0.0342	0.0116
"P2BP08"	"AMD-STROKE"	"STROKE"	"12:112448485:T:C"	0	-9e-04	0.0114
"P2BP08"	"AMD-STROKE"	"STROKE"	"12:112450754:T:C"	7.105427357601e-15	-0.0394	0.0116
"P2BP08"	"AMD-STROKE"	"STROKE"	"12:112453635:A:C"	7.7715611723761e-15	-0.0397	0.0116
"P2BP08"	"AMD-STROKE"	"STROKE"	"12:112453959:T:C"	1.66533453693773e-15	-0.0397	0.0135
"P2BP08"	"AMD-STROKE"	"STROKE"	"12:112460749:A:G"	6.55031584528842e-15	-0.0391	0.0116
"P2BP08"	"AMD-STROKE"	"STROKE"	"12:112463296:A:G"	1.01002446939447e-06	-0.0521	0.0074
"P2BP08"	"AMD-STROKE"	"STROKE"	"12:112464893:C:T"	2.1094237467878e-15	-0.0349	0.0116
"P2BP08"	"AMD-STROKE"	"STROKE"	"12:112468417:C:T"	2.44249065417534e-15	-0.0355	0.0116
"P2BP08"	"AMD-STROKE"	"STROKE"	"12:112471090:G:T"	1.11022302462516e-16	-0.022	0.0137
"P2BP08"	"AMD-STROKE"	"STROKE"	"12:112486818:A:G"	0.0302592291189667	0.0596	0.0071
"P2BP08"	"AMD-STROKE"	"STROKE"	"12:112493067:G:A"	2.99760216648792e-15	-0.0359	0.0115
"P2BP08"	"AMD-STROKE"	"STROKE"	"12:112501237:G:A"	2.55351295663786e-15	-0.0357	0.0116
"P2BP08"	"AMD-STROKE"	"STROKE"	"12:112502438:A:G"	4.29993141093377e-09	-0.0484	0.0078
"P2BP08"	"AMD-STROKE"	"STROKE"	"12:112517642:T:C"	5.99520433297585e-15	-0.0388	0.0116
"P2BP08"	"AMD-STROKE"	"STROKE"	"12:112520883:C:T"	2.34247066188686e-11	-0.0407	0.0077
"P2BP08"	"AMD-STROKE"	"STROKE"	"12:112521448:G:A"	1.26774146735897e-11	-0.0403	0.0078
"P2BP08"	"AMD-STROKE"	"STROKE"	"12:112523970:C:T"	1.77635683940025e-15	-0.039	0.0132
"P2BP08"	"AMD-STROKE"	"STROKE"	"12:112525073:C:T"	1.60982338570648e-14	-0.0334	0.0092
"P2BP08"	"AMD-STROKE"	"STROKE"	"12:112529072:T:C"	5.6621374255883e-15	-0.0459	0.0138
"P2BP08"	"AMD-STROKE"	"STROKE"	"12:112537738:T:C"	7.7715611723761e-16	-0.0326	0.0123
"P2BP08"	"AMD-STROKE"	"STROKE"	"12:112548562:G:A"	2.1094237467878e-15	-0.0353	0.0117
"P2BP08"	"AMD-STROKE"	"STROKE"	"12:112565053:A:G"	7.54951656745106e-15	-0.0396	0.0116
"P2BP08"	"AMD-STROKE"	"STROKE"	"12:112571169:G:A"	2.58681964737661e-14	-0.0346	0.0092
"P2BP08"	"AMD-STROKE"	"STROKE"	"12:112580071:C:T"	3.44169137633799e-15	-0.0361	0.0114
"P2BP08"	"AMD-STROKE"	"STROKE"	"12:112582540:A:G"	8.43769498715119e-15	-0.0396	0.0115
"P2BP08"	"AMD-STROKE"	"STROKE"	"12:112591686:G:A"	0.000215948957732137	0.0552	0.0071
"P2BP08"	"AMD-STROKE"	"STROKE"	"12:112598321:G:A"	1.55431223447522e-15	-0.0373	0.0128
"P2BP08"	"AMD-STROKE"	"STROKE"	"12:112610714:G:A"	0.000462217584599078	0.0559	0.0071
"P2BP08"	"AMD-STROKE"	"STROKE"	"12:112615538:A:G"	4.44089209850063e-16	-0.0301	0.0123
"P2BP08"	"AMD-STROKE"	"STROKE"	"12:112618469:A:C"	1.35447209004269e-14	-0.0412	0.0115
"P2BP08"	"AMD-STROKE"	"STROKE"	"12:112621886:C:T"	1.11022302462516e-15	-0.0342	0.0123
"P2BP08"	"AMD-STROKE"	"STROKE"	"12:112640554:G:A"	1.11022302462516e-16	-0.0261	0.0134
"P2BP08"	"AMD-STROKE"	"STROKE"	"12:112641707:G:A"	6.66133814775094e-16	-0.0329	0.0126
"P2BP08"	"AMD-STROKE"	"STROKE"	"12:112647772:T:C"	2.22044604925031e-16	-0.0307	0.0141
"P2BP08"	"AMD-STROKE"	"STROKE"	"12:112650058:A:G"	6.55031584528842e-15	-0.0391	0.0116
"P2BP08"	"AMD-STROKE"	"STROKE"	"12:112652006:T:G"	5.32907051820075e-15	-0.0384	0.0116
"P2BP08"	"AMD-STROKE"	"STROKE"	"12:112661104:G:A"	7.7715611723761e-16	-0.0314	0.0119
"P2BP08"	"AMD-STROKE"	"STROKE"	"12:112667675:T:G"	1.32135857811022e-10	-0.0443	0.0079
"P2BP08"	"AMD-STROKE"	"STROKE"	"12:112668343:T:C"	8.54871728961371e-15	-0.04	0.0116
"P2BP08"	"AMD-STROKE"	"STROKE"	"12:112675133:T:C"	6.55031584528842e-15	-0.0384	0.0114
"P2BP08"	"AMD-STROKE"	"STROKE"	"12:112699540:T:C"	3.84628107141793e-10	-0.0458	0.0079
"P2BP08"	"AMD-STROKE"	"STROKE"	"12:112708331:T:C"	5.6621374255883e-15	-0.0386	0.0116
"P2BP08"	"AMD-STROKE"	"STROKE"	"12:112708426:T:C"	6.55031584528842e-15	-0.0391	0.0116
"P2BP08"	"AMD-STROKE"	"STROKE"	"12:112708540:G:A"	0	0.0049	0.0173
"P2BP08"	"AMD-STROKE"	"STROKE"	"12:112740315:G:A"	2.55351295663786e-15	-0.036	0.0117
"P2BP08"	"AMD-STROKE"	"STROKE"	"12:112740709:T:C"	1.33226762955019e-15	-0.0349	0.0123
"P2BP08"	"AMD-STROKE"	"STROKE"	"12:112744634:T:C"	6.66133814775094e-15	-0.0388	0.0115
"P2BP08"	"AMD-STROKE"	"STROKE"	"12:112760474:T:G"	7.66053886991358e-15	-0.0393	0.0115
"P2BP08"	"AMD-STROKE"	"STROKE"	"12:112771063:T:G"	4.70372629735039e-11	-0.0428	0.0079
"P2BP08"	"AMD-STROKE"	"STROKE"	"12:112776042:T:C"	5.66546809466217e-13	-0.042	0.0093
"P2BP08"	"AMD-STROKE"	"STROKE"	"12:112777433:T:C"	5.55111512312578e-15	-0.0382	0.0115
"P2BP08"	"AMD-STROKE"	"STROKE"	"12:112785571:T:C"	6.32827124036339e-15	-0.039	0.0116
"P2BP08"	"AMD-STROKE"	"STROKE"	"12:112794714:T:G"	4.14779321999959e-13	-0.0409	0.0092
"P2BP08"	"AMD-STROKE"	"STROKE"	"12:112809851:C:T"	2.55351295663786e-15	-0.0357	0.0116
"P2BP08"	"AMD-STROKE"	"STROKE"	"12:112817847:T:G"	1.08457687275632e-12	-0.0438	0.0094
"P2BP08"	"AMD-STROKE"	"STROKE"	"12:112843363:G:A"	3.66373598126302e-15	-0.0367	0.0115
"P2BP08"	"AMD-STROKE"	"STROKE"	"12:112871372:A:G"	0.000213782727315093	0.0583	0.0075
"P2BP08"	"AMD-STROKE"	"STROKE"	"12:112881996:A:G"	1.99840144432528e-15	-0.037	0.0124
"P2BP08"	"AMD-STROKE"	"STROKE"	"12:112888692:C:A"	1.11022302462516e-16	-0.0244	0.0136
"P2BP08"	"AMD-STROKE"	"STROKE"	"12:112890776:A:G"	9.99200722162641e-15	-0.0409	0.0117
"P2BP08"	"AMD-STROKE"	"STROKE"	"12:112904955:A:G"	0	0.005	0.0115
"P2BP08"	"AMD-STROKE"	"STROKE"	"12:112906415:A:G"	0.000534368203218505	-0.0584	0.0074
"P2BP08"	"AMD-STROKE"	"STROKE"	"12:112909340:T:C"	7.7715611723761e-16	-0.0336	0.0127
"P2BP08"	"AMD-STROKE"	"STROKE"	"12:112922529:G:A"	1.14352971536391e-14	-0.0325	0.0092
"P2BP08"	"AMD-STROKE"	"STROKE"	"12:112923361:G:A"	1.11022302462516e-16	-0.0184	0.0136
"P2BP08"	"AMD-STROKE"	"STROKE"	"12:112941571:G:A"	1.30717658919366e-12	-0.0376	0.008
"P2BP08"	"AMD-STROKE"	"STROKE"	"12:112955775:C:T"	2.44249065417534e-15	-0.0364	0.0119
"P2BP08"	"AMD-STROKE"	"STROKE"	"12:112958713:G:A"	1.99840144432528e-15	-0.0353	0.0118
"P2BP08"	"AMD-STROKE"	"STROKE"	"12:112963560:A:G"	6.21724893790088e-15	-0.0396	0.0118
"P2BP08"	"AMD-STROKE"	"STROKE"	"12:112964070:T:G"	7.21644966006352e-15	-0.0401	0.0118
"P2BP08"	"AMD-STROKE"	"STROKE"	"12:112964168:T:G"	6.21724893790088e-15	-0.0399	0.0119
"P2BP08"	"AMD-STROKE"	"STROKE"	"12:112965142:A:G"	6.77236045021346e-15	-0.0402	0.0119
"P2BP08"	"AMD-STROKE"	"STROKE"	"12:112967623:C:A"	2.88657986402541e-15	-0.037	0.0119
"P2BP08"	"AMD-STROKE"	"STROKE"	"12:112977777:T:C"	8.77076189453874e-15	-0.0415	0.012
"P2BP08"	"AMD-STROKE"	"STROKE"	"12:112981571:G:A"	4.10782519111308e-15	-0.0387	0.012
"P2BP08"	"AMD-STROKE"	"STROKE"	"12:112985328:A:G"	1.53101420430346e-10	-0.0462	0.0082
"P2BP08"	"AMD-STROKE"	"STROKE"	"12:113000685:A:C"	1.88737914186277e-15	-0.0337	0.0113
"P2BP08"	"AMD-STROKE"	"STROKE"	"12:113001214:T:C"	3.3983926783776e-13	-0.0374	0.0085
"P2BP08"	"AMD-STROKE"	"STROKE"	"12:113006345:C:T"	8.47100167788994e-14	-0.0362	0.0089
"P2BP08"	"AMD-STROKE"	"STROKE"	"12:113008333:T:C"	7.66053886991358e-13	-0.0385	0.0084
"P2BP08"	"AMD-STROKE"	"STROKE"	"12:113016553:C:T"	2.55351295663786e-15	-0.0382	0.0124
"P2BP08"	"AMD-STROKE"	"STROKE"	"12:113024793:A:G"	4.57429649713959e-11	-0.0433	0.008
"P2BP08"	"AMD-STROKE"	"STROKE"	"12:113025661:G:A"	1.11022302462516e-16	-0.0181	0.0102
"P2BP08"	"AMD-STROKE"	"STROKE"	"12:113025901:A:G"	2.22044604925031e-16	-0.0249	0.0119
