tier	pair	hidden_mixed_pair	chr	start	end	SUPERGNOVA_rho	SUPERGNOVA_P	SUPERGNOVA_q	PLACO_lead_SNP	PLACO_P	PLACO_q	PLACO_level	beta1	beta2	effect_product	directional_convergence	fine_mapping_ready	CAT_Finnish_LD_flag
TIER 2	AMD-CAD	True	7	98152191	100555361	-0.0003931385560226	4.688711944586995e-07	0.0019213403806528	rs2099446	1.42423604358893e-05	0.02567122680304377	LEVEL_C_ATLAS_FDR	-0.0533093	0.02224793	NEGATIVE_EFFECT_PRODUCT	DIRECTION_CONCORDANT	CONDITIONAL	NO
TIER 2	AMD-CAD	True	7	98152191	100555361	-0.0003931385560226	4.688711944586995e-07	0.0019213403806528	rs2572023	3.72072607725854e-06	0.009956418111528647	LEVEL_C_ATLAS_FDR	-0.0622152	0.02125232	NEGATIVE_EFFECT_PRODUCT	DIRECTION_CONCORDANT	CONDITIONAL	NO
TIER 2	AMD-CAD	True	7	98152191	100555361	-0.0003931385560226	4.688711944586995e-07	0.0019213403806528	rs2527927	5.65596557741572e-06	0.013456350768315212	LEVEL_C_ATLAS_FDR	-0.0600728	0.02217196	NEGATIVE_EFFECT_PRODUCT	DIRECTION_CONCORDANT	CONDITIONAL	NO
TIER 2	AMD-CAD	True	7	98152191	100555361	-0.0003931385560226	4.688711944586995e-07	0.0019213403806528	rs2572011	3.06641767506855e-06	0.008660040529330917	LEVEL_C_ATLAS_FDR	-0.0604808	0.02233319	NEGATIVE_EFFECT_PRODUCT	DIRECTION_CONCORDANT	CONDITIONAL	NO
TIER 2	AMD-CAD	True	7	98152191	100555361	-0.0003931385560226	4.688711944586995e-07	0.0019213403806528	rs2247762	2.73990938554419e-06	0.007984795706368628	LEVEL_C_ATLAS_FDR	-0.0605166	0.02269469	NEGATIVE_EFFECT_PRODUCT	DIRECTION_CONCORDANT	CONDITIONAL	NO
TIER 2	AMD-CAD	True	7	98152191	100555361	-0.0003931385560226	4.688711944586995e-07	0.0019213403806528	rs7781442	2.41996050796719e-06	0.007296181141714817	LEVEL_C_ATLAS_FDR	-0.0605213	0.02290176	NEGATIVE_EFFECT_PRODUCT	DIRECTION_CONCORDANT	CONDITIONAL	NO
TIER 2	AMD-CAD	True	7	98152191	100555361	-0.0003931385560226	4.688711944586995e-07	0.0019213403806528	rs2572000	2.13060003443073e-06	0.0066299184843342926	LEVEL_C_ATLAS_FDR	-0.0606997	0.02308766	NEGATIVE_EFFECT_PRODUCT	DIRECTION_CONCORDANT	CONDITIONAL	NO
TIER 2	AMD-CAD	True	7	98152191	100555361	-0.0003931385560226	4.688711944586995e-07	0.0019213403806528	rs2527908	2.51928022847217e-06	0.0075185701512799	LEVEL_C_ATLAS_FDR	-0.0604878	0.02284646	NEGATIVE_EFFECT_PRODUCT	DIRECTION_CONCORDANT	CONDITIONAL	NO
TIER 2	AMD-CAD	True	7	98152191	100555361	-0.0003931385560226	4.688711944586995e-07	0.0019213403806528	rs1121592	2.78267548747329e-06	0.008083637592085082	LEVEL_C_ATLAS_FDR	-0.0606204	0.0226037	NEGATIVE_EFFECT_PRODUCT	DIRECTION_CONCORDANT	CONDITIONAL	NO
TIER 2	AMD-CAD	True	7	98152191	100555361	-0.0003931385560226	4.688711944586995e-07	0.0019213403806528	rs2527902	2.95725215619541e-06	0.008441576508727735	LEVEL_C_ATLAS_FDR	-0.0604184	0.02257013	NEGATIVE_EFFECT_PRODUCT	DIRECTION_CONCORDANT	CONDITIONAL	NO
TIER 2	AMD-CAD	True	7	98152191	100555361	-0.0003931385560226	4.688711944586995e-07	0.0019213403806528	rs2527900	3.66378285359688e-06	0.00985555770490293	LEVEL_C_ATLAS_FDR	-0.0606876	0.02280657	NEGATIVE_EFFECT_PRODUCT	DIRECTION_CONCORDANT	CONDITIONAL	NO
TIER 2	AMD-CAD	True	7	98152191	100555361	-0.0003931385560226	4.688711944586995e-07	0.0019213403806528	rs2527897	2.84445790853059e-05	0.04145956674604646	LEVEL_C_ATLAS_FDR	-0.0741273	0.0151243	NEGATIVE_EFFECT_PRODUCT	DIRECTION_CONCORDANT	CONDITIONAL	NO
TIER 2	AMD-CAD	True	7	98152191	100555361	-0.0003931385560226	4.688711944586995e-07	0.0019213403806528	rs2107351	2.65171435735531e-05	0.03951965655768677	LEVEL_C_ATLAS_FDR	-0.0745552	0.0150731	NEGATIVE_EFFECT_PRODUCT	DIRECTION_CONCORDANT	CONDITIONAL	NO
TIER 2	AMD-CAD	True	7	98152191	100555361	-0.0003931385560226	4.688711944586995e-07	0.0019213403806528	rs2527894	3.02438614797449e-05	0.043242078447249456	LEVEL_C_ATLAS_FDR	-0.0742052	0.01499984	NEGATIVE_EFFECT_PRODUCT	DIRECTION_CONCORDANT	CONDITIONAL	NO
TIER 2	AMD-CAD	True	7	98152191	100555361	-0.0003931385560226	4.688711944586995e-07	0.0019213403806528	rs2527886	3.59828444471546e-05	0.04860576128303545	LEVEL_C_ATLAS_FDR	-0.0748599	0.01516573	NEGATIVE_EFFECT_PRODUCT	DIRECTION_CONCORDANT	CONDITIONAL	NO
TIER 2	AMD-CAD	True	7	98152191	100555361	-0.0003931385560226	4.688711944586995e-07	0.0019213403806528	rs6962405	2.6630893425173e-05	0.03963994325827633	LEVEL_C_ATLAS_FDR	0.063049	-0.01825591	NEGATIVE_EFFECT_PRODUCT	DIRECTION_CONCORDANT	CONDITIONAL	NO
TIER 2	AMD-CAD	True	7	98152191	100555361	-0.0003931385560226	4.688711944586995e-07	0.0019213403806528	rs2527923	7.53593005450843e-07	0.0028704588294673553	LEVEL_C_ATLAS_FDR	-0.070329	0.02135601	NEGATIVE_EFFECT_PRODUCT	DIRECTION_CONCORDANT	CONDITIONAL	NO
TIER 2	AMD-CAD	True	7	98152191	100555361	-0.0003931385560226	4.688711944586995e-07	0.0019213403806528	rs11771331	1.57006954336673e-05	0.027483747958078713	LEVEL_C_ATLAS_FDR	0.0622708	-0.02143583	NEGATIVE_EFFECT_PRODUCT	DIRECTION_CONCORDANT	CONDITIONAL	NO
TIER 2	AMD-CAD	True	7	98152191	100555361	-0.0003931385560226	4.688711944586995e-07	0.0019213403806528	rs7788746	2.46290878225429e-05	0.03758209114003038	LEVEL_C_ATLAS_FDR	0.0625392	-0.02088475	NEGATIVE_EFFECT_PRODUCT	DIRECTION_CONCORDANT	CONDITIONAL	NO
TIER 2	AMD-CAD	True	7	98152191	100555361	-0.0003931385560226	4.688711944586995e-07	0.0019213403806528	rs4729566	1.84659895867942e-05	0.03080926970750354	LEVEL_C_ATLAS_FDR	0.062115	-0.0223361	NEGATIVE_EFFECT_PRODUCT	DIRECTION_CONCORDANT	CONDITIONAL	NO
TIER 2	AMD-CAD	True	7	98152191	100555361	-0.0003931385560226	4.688711944586995e-07	0.0019213403806528	rs1133790	3.07308593618217e-07	0.001360959744815398	LEVEL_C_ATLAS_FDR	0.0852516	-0.0223236	NEGATIVE_EFFECT_PRODUCT	DIRECTION_CONCORDANT	CONDITIONAL	NO
TIER 2	AMD-CAD	True	7	98152191	100555361	-0.0003931385560226	4.688711944586995e-07	0.0019213403806528	rs2070215	3.13941056809663e-05	0.044359792094340766	LEVEL_C_ATLAS_FDR	-0.0514174	0.0266189	NEGATIVE_EFFECT_PRODUCT	DIRECTION_CONCORDANT	CONDITIONAL	NO
TIER 2	AMD-CAD	True	7	98152191	100555361	-0.0003931385560226	4.688711944586995e-07	0.0019213403806528	rs4134903	3.56438670734577e-05	0.048285165396435896	LEVEL_C_ATLAS_FDR	-0.0518131	0.02576406	NEGATIVE_EFFECT_PRODUCT	DIRECTION_CONCORDANT	CONDITIONAL	NO
TIER 2	AMD-CAD	True	7	98152191	100555361	-0.0003931385560226	4.688711944586995e-07	0.0019213403806528	rs35146811	8.22096514240489e-06	0.01741827765670239	LEVEL_C_ATLAS_FDR	-0.0575914	0.02754111	NEGATIVE_EFFECT_PRODUCT	DIRECTION_CONCORDANT	CONDITIONAL	NO
TIER 2	AMD-CAD	True	7	98152191	100555361	-0.0003931385560226	4.688711944586995e-07	0.0019213403806528	rs1880949	1.10242528306467e-05	0.02142297534444316	LEVEL_C_ATLAS_FDR	-0.0587039	0.02608756	NEGATIVE_EFFECT_PRODUCT	DIRECTION_CONCORDANT	CONDITIONAL	NO
TIER 2	AMD-CAD	True	7	98152191	100555361	-0.0003931385560226	4.688711944586995e-07	0.0019213403806528	rs11771139	1.43896310675146e-05	0.025838730493390007	LEVEL_C_ATLAS_FDR	-0.0588564	0.02537321	NEGATIVE_EFFECT_PRODUCT	DIRECTION_CONCORDANT	CONDITIONAL	NO
TIER 2	AMD-CAD	True	7	98152191	100555361	-0.0003931385560226	4.688711944586995e-07	0.0019213403806528	rs11762932	2.81756117989457e-05	0.041204216016979114	LEVEL_C_ATLAS_FDR	0.120738	-0.013458	NEGATIVE_EFFECT_PRODUCT	DIRECTION_CONCORDANT	CONDITIONAL	NO
TIER 2	AMD-CAD	True	7	98152191	100555361	-0.0003931385560226	4.688711944586995e-07	0.0019213403806528	rs7789890	2.06605345365091e-05	0.033326929412556563	LEVEL_C_ATLAS_FDR	0.126503	-0.01348314	NEGATIVE_EFFECT_PRODUCT	DIRECTION_CONCORDANT	CONDITIONAL	NO
TIER 2	AMD-CAD	True	7	98152191	100555361	-0.0003931385560226	4.688711944586995e-07	0.0019213403806528	rs11761253	8.96602934872165e-06	0.01853633909928514	LEVEL_C_ATLAS_FDR	0.136982	-0.0145892	NEGATIVE_EFFECT_PRODUCT	DIRECTION_CONCORDANT	CONDITIONAL	NO
TIER 2	AMD-CAD	True	7	98152191	100555361	-0.0003931385560226	4.688711944586995e-07	0.0019213403806528	rs6946768	7.27450569062861e-06	0.01598571980775958	LEVEL_C_ATLAS_FDR	0.141507	-0.01456186	NEGATIVE_EFFECT_PRODUCT	DIRECTION_CONCORDANT	CONDITIONAL	NO
TIER 2	AMD-CAD	True	7	98152191	100555361	-0.0003931385560226	4.688711944586995e-07	0.0019213403806528	rs6955367	3.2614569627778e-05	0.04548103921806131	LEVEL_C_ATLAS_FDR	0.137724	-0.01312939	NEGATIVE_EFFECT_PRODUCT	DIRECTION_CONCORDANT	CONDITIONAL	NO
TIER 2	AMD-CAD	True	7	98152191	100555361	-0.0003931385560226	4.688711944586995e-07	0.0019213403806528	rs11769057	1.44694975565139e-05	0.025943223163969697	LEVEL_C_ATLAS_FDR	0.138954	-0.01375582	NEGATIVE_EFFECT_PRODUCT	DIRECTION_CONCORDANT	CONDITIONAL	NO
TIER 2	AMD-CAD	True	7	98152191	100555361	-0.0003931385560226	4.688711944586995e-07	0.0019213403806528	rs11765869	1.33157559491866e-05	0.024468632743163406	LEVEL_C_ATLAS_FDR	0.142452	-0.01364343	NEGATIVE_EFFECT_PRODUCT	DIRECTION_CONCORDANT	CONDITIONAL	NO
TIER 2	AMD-CAD	True	7	98152191	100555361	-0.0003931385560226	4.688711944586995e-07	0.0019213403806528	rs705866	9.74764019090709e-06	0.019693135060184577	LEVEL_C_ATLAS_FDR	0.142593	-0.01406157	NEGATIVE_EFFECT_PRODUCT	DIRECTION_CONCORDANT	CONDITIONAL	NO
TIER 2	AMD-CAD	True	7	98152191	100555361	-0.0003931385560226	4.688711944586995e-07	0.0019213403806528	rs6948685	1.32717847498464e-05	0.024416268688472773	LEVEL_C_ATLAS_FDR	0.139756	-0.01379681	NEGATIVE_EFFECT_PRODUCT	DIRECTION_CONCORDANT	CONDITIONAL	NO
TIER 2	AMD-CAD	True	7	98152191	100555361	-0.0003931385560226	4.688711944586995e-07	0.0019213403806528	rs6965458	1.00525411180931e-05	0.02011181264556365	LEVEL_C_ATLAS_FDR	0.142008	-0.01404479	NEGATIVE_EFFECT_PRODUCT	DIRECTION_CONCORDANT	CONDITIONAL	NO
TIER 2	AMD-CAD	True	7	98152191	100555361	-0.0003931385560226	4.688711944586995e-07	0.0019213403806528	rs6945952	1.28021232624073e-05	0.023839032822231127	LEVEL_C_ATLAS_FDR	0.138063	-0.01400772	NEGATIVE_EFFECT_PRODUCT	DIRECTION_CONCORDANT	CONDITIONAL	NO
TIER 2	AMD-CAD	True	7	98152191	100555361	-0.0003931385560226	4.688711944586995e-07	0.0019213403806528	rs10085549	6.43209764133593e-06	0.014715859344079214	LEVEL_C_ATLAS_FDR	0.136353	-0.01505605	NEGATIVE_EFFECT_PRODUCT	DIRECTION_CONCORDANT	CONDITIONAL	NO
TIER 2	AMD-CAD	True	16	74730819	75517115	0.000652618425972	1.602331983473928e-06	0.0044438131494795	rs8047814	1.18336720376425e-08	9.429908777188866e-05	LEVEL_B_PAIRWISE_GWAS	-0.081123	-0.02958076	POSITIVE_EFFECT_PRODUCT	DIRECTION_CONCORDANT	CONDITIONAL	NO
TIER 2	AMD-CAD	True	16	74730819	75517115	0.000652618425972	1.602331983473928e-06	0.0044438131494795	rs9928736	3.22024201224242e-10	4.8748391528734045e-06	LEVEL_A_ATLAS_STRINGENT	-0.0977077	-0.03431613	POSITIVE_EFFECT_PRODUCT	DIRECTION_CONCORDANT	CONDITIONAL	NO
TIER 2	AMD-CAD	True	16	74730819	75517115	0.000652618425972	1.602331983473928e-06	0.0044438131494795	rs9927309	1.95202748735883e-11	4.7516258572821565e-07	LEVEL_A_ATLAS_STRINGENT	-0.151169	-0.04319028	POSITIVE_EFFECT_PRODUCT	DIRECTION_CONCORDANT	CONDITIONAL	NO
TIER 2	AMD-CAD	True	16	74730819	75517115	0.000652618425972	1.602331983473928e-06	0.0044438131494795	rs7202877	4.12430655751404e-16	6.916022967885695e-11	LEVEL_A_ATLAS_STRINGENT	-0.198139	-0.05863281	POSITIVE_EFFECT_PRODUCT	DIRECTION_CONCORDANT	CONDITIONAL	NO
TIER 2	AMD-CAD	True	16	74730819	75517115	0.000652618425972	1.602331983473928e-06	0.0044438131494795	rs8056814	1.71319929759089e-14	1.4311207345083462e-09	LEVEL_A_ATLAS_STRINGENT	-0.220155	-0.05557153	POSITIVE_EFFECT_PRODUCT	DIRECTION_CONCORDANT	CONDITIONAL	NO
TIER 2	AMD-CAD	True	16	74730819	75517115	0.000652618425972	1.602331983473928e-06	0.0044438131494795	rs4243110	6.83370155926812e-06	0.015315687698866282	LEVEL_C_ATLAS_FDR	0.0567636	0.02221862	POSITIVE_EFFECT_PRODUCT	DIRECTION_CONCORDANT	CONDITIONAL	NO
TIER 2	AMD-CAD	True	16	74730819	75517115	0.000652618425972	1.602331983473928e-06	0.0044438131494795	rs11864719	2.68721634214927e-05	0.03986916749609775	LEVEL_C_ATLAS_FDR	0.0656762	0.01698407	POSITIVE_EFFECT_PRODUCT	DIRECTION_CONCORDANT	CONDITIONAL	NO
TIER 2	AMD-CAD	True	16	74730819	75517115	0.000652618425972	1.602331983473928e-06	0.0044438131494795	rs8062565	1.33793563104167e-06	0.004570614594261058	LEVEL_C_ATLAS_FDR	0.06688	0.02196428	POSITIVE_EFFECT_PRODUCT	DIRECTION_CONCORDANT	CONDITIONAL	NO
TIER 2	AMD-CAD	True	16	74730819	75517115	0.000652618425972	1.602331983473928e-06	0.0044438131494795	rs3743614	4.83446330750407e-15	4.95021889832554e-10	LEVEL_A_ATLAS_STRINGENT	-0.184708	-0.0576344	POSITIVE_EFFECT_PRODUCT	DIRECTION_CONCORDANT	CONDITIONAL	NO
TIER 2	AMD-CAD	True	16	74730819	75517115	0.000652618425972	1.602331983473928e-06	0.0044438131494795	rs1862737	1.33479640107766e-06	0.004561686216018688	LEVEL_C_ATLAS_FDR	0.0668352	0.02161892	POSITIVE_EFFECT_PRODUCT	DIRECTION_CONCORDANT	CONDITIONAL	NO
TIER 2	AMD-CAD	True	16	74730819	75517115	0.000652618425972	1.602331983473928e-06	0.0044438131494795	rs4493083	3.62938047516869e-06	0.009790328856262909	LEVEL_C_ATLAS_FDR	0.0675629	0.01981492	POSITIVE_EFFECT_PRODUCT	DIRECTION_CONCORDANT	CONDITIONAL	NO
TIER 2	AMD-CAD	True	16	74730819	75517115	0.000652618425972	1.602331983473928e-06	0.0044438131494795	rs13337397	1.56711893914056e-14	1.341282353853926e-09	LEVEL_A_ATLAS_STRINGENT	-0.187666	-0.05693088	POSITIVE_EFFECT_PRODUCT	DIRECTION_CONCORDANT	CONDITIONAL	NO
TIER 2	AMD-CAD	True	16	74730819	75517115	0.000652618425972	1.602331983473928e-06	0.0044438131494795	rs999675	4.73586016419344e-09	4.4574224055854874e-05	LEVEL_B_PAIRWISE_GWAS	0.0636716	0.03829592	POSITIVE_EFFECT_PRODUCT	DIRECTION_CONCORDANT	CONDITIONAL	NO
TIER 2	AMD-CAD	True	16	74730819	75517115	0.000652618425972	1.602331983473928e-06	0.0044438131494795	rs6564245	6.17281386195626e-14	3.853756083467835e-09	LEVEL_A_ATLAS_STRINGENT	0.14228	0.04921109	POSITIVE_EFFECT_PRODUCT	DIRECTION_CONCORDANT	CONDITIONAL	NO
TIER 2	AMD-CAD	True	16	74730819	75517115	0.000652618425972	1.602331983473928e-06	0.0044438131494795	rs10781976	1.4109128271033e-09	1.6062701586392362e-05	LEVEL_A_ATLAS_STRINGENT	0.0542339	0.04247323	POSITIVE_EFFECT_PRODUCT	DIRECTION_CONCORDANT	CONDITIONAL	NO
TIER 2	AMD-CAD	True	16	74730819	75517115	0.000652618425972	1.602331983473928e-06	0.0044438131494795	rs1559339	1.00200078680433e-09	1.1927690913344552e-05	LEVEL_A_ATLAS_STRINGENT	0.0543672	0.04311741	POSITIVE_EFFECT_PRODUCT	DIRECTION_CONCORDANT	CONDITIONAL	NO
TIER 2	AMD-CAD	True	16	74730819	75517115	0.000652618425972	1.602331983473928e-06	0.0044438131494795	rs4243111	8.17558788398323e-10	1.0038947026035404e-05	LEVEL_A_ATLAS_STRINGENT	0.0554518	0.04404985	POSITIVE_EFFECT_PRODUCT	DIRECTION_CONCORDANT	CONDITIONAL	NO
TIER 2	AMD-CAD	True	16	74730819	75517115	0.000652618425972	1.602331983473928e-06	0.0044438131494795	rs11640018	2.54348660198702e-05	0.03842105216293993	LEVEL_C_ATLAS_FDR	0.0395168	0.03012025	POSITIVE_EFFECT_PRODUCT	DIRECTION_CONCORDANT	CONDITIONAL	NO
TIER 2	AMD-CAD	True	16	74730819	75517115	0.000652618425972	1.602331983473928e-06	0.0044438131494795	rs4888378	1.17188849410698e-08	9.357772522047223e-05	LEVEL_B_PAIRWISE_GWAS	0.0476936	0.04469361	POSITIVE_EFFECT_PRODUCT	DIRECTION_CONCORDANT	CONDITIONAL	NO
TIER 2	AMD-CAD	True	16	74730819	75517115	0.000652618425972	1.602331983473928e-06	0.0044438131494795	rs3743607	1.95450469203592e-05	0.03205186030166036	LEVEL_C_ATLAS_FDR	0.0413953	0.03101614	POSITIVE_EFFECT_PRODUCT	DIRECTION_CONCORDANT	CONDITIONAL	NO
TIER 2	AMD-CAD	True	16	74730819	75517115	0.000652618425972	1.602331983473928e-06	0.0044438131494795	rs10871308	4.20652667318156e-10	6.061256749496458e-06	LEVEL_A_ATLAS_STRINGENT	0.0836903	0.04201023	POSITIVE_EFFECT_PRODUCT	DIRECTION_CONCORDANT	CONDITIONAL	NO
TIER 2	AMD-CAD	True	16	74730819	75517115	0.000652618425972	1.602331983473928e-06	0.0044438131494795	rs10781977	2.09796734603037e-10	3.3559449185867745e-06	LEVEL_A_ATLAS_STRINGENT	0.07763	0.04707534	POSITIVE_EFFECT_PRODUCT	DIRECTION_CONCORDANT	CONDITIONAL	NO
TIER 2	AMD-CAD	True	16	74730819	75517115	0.000652618425972	1.602331983473928e-06	0.0044438131494795	rs4888380	4.17239659611227e-09	4.0387886847653065e-05	LEVEL_B_PAIRWISE_GWAS	0.0503826	0.04321421	POSITIVE_EFFECT_PRODUCT	DIRECTION_CONCORDANT	CONDITIONAL	NO
TIER 2	AMD-CAD	True	16	74730819	75517115	0.000652618425972	1.602331983473928e-06	0.0044438131494795	rs1017239	3.56969009428952e-10	5.311187199622338e-06	LEVEL_A_ATLAS_STRINGENT	0.0800998	0.04614902	POSITIVE_EFFECT_PRODUCT	DIRECTION_CONCORDANT	CONDITIONAL	NO
TIER 2	AMD-CAD	True	16	74730819	75517115	0.000652618425972	1.602331983473928e-06	0.0044438131494795	rs8046109	9.14979438671041e-10	1.103177774275784e-05	LEVEL_A_ATLAS_STRINGENT	0.0556722	0.04235108	POSITIVE_EFFECT_PRODUCT	DIRECTION_CONCORDANT	CONDITIONAL	NO
TIER 2	AMD-CAD	True	16	74730819	75517115	0.000652618425972	1.602331983473928e-06	0.0044438131494795	rs8050662	1.23459619766587e-12	4.735351148744044e-08	LEVEL_A_ATLAS_STRINGENT	0.133908	0.04842966	POSITIVE_EFFECT_PRODUCT	DIRECTION_CONCORDANT	CONDITIONAL	NO
TIER 2	AMD-CAD	True	16	74730819	75517115	0.000652618425972	1.602331983473928e-06	0.0044438131494795	rs8053632	1.92150829941048e-12	6.890373135393962e-08	LEVEL_A_ATLAS_STRINGENT	0.13533	0.04763242	POSITIVE_EFFECT_PRODUCT	DIRECTION_CONCORDANT	CONDITIONAL	NO
TIER 2	AMD-CAD	True	16	74730819	75517115	0.000652618425972	1.602331983473928e-06	0.0044438131494795	rs3851734	1.80547483479558e-09	1.9908225413301905e-05	LEVEL_A_ATLAS_STRINGENT	0.0530479	0.04327552	POSITIVE_EFFECT_PRODUCT	DIRECTION_CONCORDANT	CONDITIONAL	NO
TIER 2	AMD-CAD	True	16	74730819	75517115	0.000652618425972	1.602331983473928e-06	0.0044438131494795	rs9934007	1.8412516733025e-10	3.013341270304936e-06	LEVEL_A_ATLAS_STRINGENT	0.0748513	0.04819688	POSITIVE_EFFECT_PRODUCT	DIRECTION_CONCORDANT	CONDITIONAL	NO
TIER 2	AMD-CAD	True	16	74730819	75517115	0.000652618425972	1.602331983473928e-06	0.0044438131494795	rs2059257	2.78811996144791e-13	1.3708268061375578e-08	LEVEL_A_ATLAS_STRINGENT	0.135706	0.04921898	POSITIVE_EFFECT_PRODUCT	DIRECTION_CONCORDANT	CONDITIONAL	NO
TIER 2	AMD-CAD	True	16	74730819	75517115	0.000652618425972	1.602331983473928e-06	0.0044438131494795	rs8048816	1.35316790952478e-12	5.144660800917817e-08	LEVEL_A_ATLAS_STRINGENT	0.100862	0.04763132	POSITIVE_EFFECT_PRODUCT	DIRECTION_CONCORDANT	CONDITIONAL	NO
TIER 2	AMD-CAD	True	16	74730819	75517115	0.000652618425972	1.602331983473928e-06	0.0044438131494795	rs766522	1.60578977858489e-13	8.781192057984531e-09	LEVEL_A_ATLAS_STRINGENT	0.101864	0.04942991	POSITIVE_EFFECT_PRODUCT	DIRECTION_CONCORDANT	CONDITIONAL	NO
TIER 2	AMD-CAD	True	16	74730819	75517115	0.000652618425972	1.602331983473928e-06	0.0044438131494795	rs4638613	3.27069402511055e-09	3.279356923993465e-05	LEVEL_B_PAIRWISE_GWAS	0.0512114	0.04334466	POSITIVE_EFFECT_PRODUCT	DIRECTION_CONCORDANT	CONDITIONAL	NO
TIER 2	AMD-CAD	True	16	74730819	75517115	0.000652618425972	1.602331983473928e-06	0.0044438131494795	rs166013	2.52102792529204e-06	0.0075212346214828035	LEVEL_C_ATLAS_FDR	-0.0413893	-0.03806288	POSITIVE_EFFECT_PRODUCT	DIRECTION_CONCORDANT	CONDITIONAL	NO
TIER 2	AMD-CAD	True	16	74730819	75517115	0.000652618425972	1.602331983473928e-06	0.0044438131494795	rs247427	6.52663772240786e-13	2.719695852609292e-08	LEVEL_A_ATLAS_STRINGENT	-0.135436	-0.04947544	POSITIVE_EFFECT_PRODUCT	DIRECTION_CONCORDANT	CONDITIONAL	NO
TIER 2	AMD-CAD	True	16	74730819	75517115	0.000652618425972	1.602331983473928e-06	0.0044438131494795	rs12917651	7.05533834597352e-09	6.173500374151138e-05	LEVEL_B_PAIRWISE_GWAS	0.0482597	0.04586234	POSITIVE_EFFECT_PRODUCT	DIRECTION_CONCORDANT	CONDITIONAL	NO
TIER 2	AMD-CAD	True	16	74730819	75517115	0.000652618425972	1.602331983473928e-06	0.0044438131494795	rs4888422	8.17601665765413e-09	6.940655532194332e-05	LEVEL_B_PAIRWISE_GWAS	0.04882	0.04424474	POSITIVE_EFFECT_PRODUCT	DIRECTION_CONCORDANT	CONDITIONAL	NO
TIER 2	AMD-CAD	True	16	74730819	75517115	0.000652618425972	1.602331983473928e-06	0.0044438131494795	rs2242405	3.16924906254614e-13	1.527916805658147e-08	LEVEL_A_ATLAS_STRINGENT	0.101974	0.04914867	POSITIVE_EFFECT_PRODUCT	DIRECTION_CONCORDANT	CONDITIONAL	NO
TIER 2	AMD-CAD	True	16	74730819	75517115	0.000652618425972	1.602331983473928e-06	0.0044438131494795	rs12933281	1.89577401088658e-08	0.0001424362146116789	LEVEL_B_PAIRWISE_GWAS	0.0459143	0.04417991	POSITIVE_EFFECT_PRODUCT	DIRECTION_CONCORDANT	CONDITIONAL	NO
TIER 2	AMD-CAD	True	16	74730819	75517115	0.000652618425972	1.602331983473928e-06	0.0044438131494795	rs247447	4.23429255198815e-12	1.296115307228191e-07	LEVEL_A_ATLAS_STRINGENT	-0.129583	-0.04823103	POSITIVE_EFFECT_PRODUCT	DIRECTION_CONCORDANT	CONDITIONAL	NO
TIER 2	AMD-CAD	True	16	74730819	75517115	0.000652618425972	1.602331983473928e-06	0.0044438131494795	rs8046416	1.8935621077907e-12	6.814670340153102e-08	LEVEL_A_ATLAS_STRINGENT	0.103864	0.04683356	POSITIVE_EFFECT_PRODUCT	DIRECTION_CONCORDANT	CONDITIONAL	NO
TIER 2	AMD-CAD	True	16	74730819	75517115	0.000652618425972	1.602331983473928e-06	0.0044438131494795	rs6564261	8.15390030312966e-09	6.923574083574966e-05	LEVEL_B_PAIRWISE_GWAS	0.0559857	0.04074715	POSITIVE_EFFECT_PRODUCT	DIRECTION_CONCORDANT	CONDITIONAL	NO
TIER 2	AMD-CAD	True	16	74730819	75517115	0.000652618425972	1.602331983473928e-06	0.0044438131494795	rs8057084	1.02781833829218e-08	8.371027147354133e-05	LEVEL_B_PAIRWISE_GWAS	0.0552625	0.03953003	POSITIVE_EFFECT_PRODUCT	DIRECTION_CONCORDANT	CONDITIONAL	NO
TIER 2	AMD-CAD	True	16	74730819	75517115	0.000652618425972	1.602331983473928e-06	0.0044438131494795	rs1424013	1.0475183342855e-08	8.503540218462267e-05	LEVEL_B_PAIRWISE_GWAS	0.0546665	0.04110377	POSITIVE_EFFECT_PRODUCT	DIRECTION_CONCORDANT	CONDITIONAL	NO
TIER 2	AMD-CAD	True	16	74730819	75517115	0.000652618425972	1.602331983473928e-06	0.0044438131494795	rs37602	1.2739543262706e-10	2.194868184178001e-06	LEVEL_A_ATLAS_STRINGENT	-0.119736	-0.04686821	POSITIVE_EFFECT_PRODUCT	DIRECTION_CONCORDANT	CONDITIONAL	NO
TIER 2	AMD-CAD	True	16	74730819	75517115	0.000652618425972	1.602331983473928e-06	0.0044438131494795	rs977987	6.70145907490095e-08	0.00039364572496017694	LEVEL_C_ATLAS_FDR	0.0534205	0.03557824	POSITIVE_EFFECT_PRODUCT	DIRECTION_CONCORDANT	CONDITIONAL	NO
TIER 2	AMD-CAD	True	16	74730819	75517115	0.000652618425972	1.602331983473928e-06	0.0044438131494795	rs4888432	3.65010341254713e-06	0.009830186983078483	LEVEL_C_ATLAS_FDR	0.0443987	0.03052072	POSITIVE_EFFECT_PRODUCT	DIRECTION_CONCORDANT	CONDITIONAL	NO
TIER 2	AMD-CKD	True	12	110112932	113027651	0.0004688619412696	9.370565782294758e-06	0.0196335024289898	rs2238154	1.94234616330342e-05	0.031894663677257525	LEVEL_C_ATLAS_FDR	-0.10857	-0.0254	POSITIVE_EFFECT_PRODUCT	DIRECTION_CONCORDANT	CONDITIONAL	NO
TIER 2	AMD-CKD	True	12	110112932	113027651	0.0004688619412696	9.370565782294758e-06	0.0196335024289898	rs3184504	4.44873590480488e-07	0.001854042121645719	LEVEL_C_ATLAS_FDR	-0.0669822	-0.0386	POSITIVE_EFFECT_PRODUCT	DIRECTION_CONCORDANT	CONDITIONAL	NO
TIER 2	AMD-CKD	True	12	110112932	113027651	0.0004688619412696	9.370565782294758e-06	0.0196335024289898	rs739496	5.51387417449602e-06	0.0132124757785004	LEVEL_C_ATLAS_FDR	-0.109595	-0.0286	POSITIVE_EFFECT_PRODUCT	DIRECTION_CONCORDANT	CONDITIONAL	NO
TIER 2	AMD-CKD	True	12	110112932	113027651	0.0004688619412696	9.370565782294758e-06	0.0196335024289898	rs10849949	5.13631757581706e-06	0.012572476852917194	LEVEL_C_ATLAS_FDR	-0.10942	-0.0287	POSITIVE_EFFECT_PRODUCT	DIRECTION_CONCORDANT	CONDITIONAL	NO
TIER 2	AMD-CKD	True	12	110112932	113027651	0.0004688619412696	9.370565782294758e-06	0.0196335024289898	rs2073950	6.64840265157378e-06	0.015032089780291233	LEVEL_C_ATLAS_FDR	-0.108133	-0.0284	POSITIVE_EFFECT_PRODUCT	DIRECTION_CONCORDANT	CONDITIONAL	NO
TIER 2	AMD-CKD	True	12	110112932	113027651	0.0004688619412696	9.370565782294758e-06	0.0196335024289898	rs2301621	4.84979946222607e-06	0.012075515715784723	LEVEL_C_ATLAS_FDR	-0.108971	-0.0292	POSITIVE_EFFECT_PRODUCT	DIRECTION_CONCORDANT	CONDITIONAL	NO
TIER 2	AMD-CKD	True	12	110112932	113027651	0.0004688619412696	9.370565782294758e-06	0.0196335024289898	rs10774625	3.6366738543915e-07	0.0015614103279641622	LEVEL_C_ATLAS_FDR	-0.0702903	-0.0373	POSITIVE_EFFECT_PRODUCT	DIRECTION_CONCORDANT	CONDITIONAL	NO
TIER 2	AMD-CKD	True	12	110112932	113027651	0.0004688619412696	9.370565782294758e-06	0.0196335024289898	rs7965040	2.03272687928596e-05	0.03294472491899046	LEVEL_C_ATLAS_FDR	-0.10769	-0.0258	POSITIVE_EFFECT_PRODUCT	DIRECTION_CONCORDANT	CONDITIONAL	NO
TIER 2	AMD-CKD	True	12	110112932	113027651	0.0004688619412696	9.370565782294758e-06	0.0196335024289898	rs1029388	1.33252903440078e-05	0.02448226472942011	LEVEL_C_ATLAS_FDR	-0.108107	-0.0264	POSITIVE_EFFECT_PRODUCT	DIRECTION_CONCORDANT	CONDITIONAL	NO
TIER 2	AMD-CKD	True	12	110112932	113027651	0.0004688619412696	9.370565782294758e-06	0.0196335024289898	rs7134740	2.3118721217015e-05	0.03599669910488813	LEVEL_C_ATLAS_FDR	-0.108351	-0.0254	POSITIVE_EFFECT_PRODUCT	DIRECTION_CONCORDANT	CONDITIONAL	NO
TIER 2	AMD-CKD	True	12	110112932	113027651	0.0004688619412696	9.370565782294758e-06	0.0196335024289898	rs6490162	3.72146565057323e-06	0.009957479714571817	LEVEL_C_ATLAS_FDR	-0.10726	-0.03	POSITIVE_EFFECT_PRODUCT	DIRECTION_CONCORDANT	CONDITIONAL	NO
TIER 2	AMD-CKD	True	12	110112932	113027651	0.0004688619412696	9.370565782294758e-06	0.0196335024289898	rs628825	7.20813323873582e-06	0.01586900042560368	LEVEL_C_ATLAS_FDR	-0.109535	-0.0283	POSITIVE_EFFECT_PRODUCT	DIRECTION_CONCORDANT	CONDITIONAL	NO
TIER 2	AMD-CKD	True	12	110112932	113027651	0.0004688619412696	9.370565782294758e-06	0.0196335024289898	rs630512	4.5232945816617e-06	0.011472087433387165	LEVEL_C_ATLAS_FDR	-0.109481	-0.0295	POSITIVE_EFFECT_PRODUCT	DIRECTION_CONCORDANT	CONDITIONAL	NO
TIER 2	AMD-CKD	True	12	110112932	113027651	0.0004688619412696	9.370565782294758e-06	0.0196335024289898	rs657197	2.52734215177561e-05	0.03825896882418398	LEVEL_C_ATLAS_FDR	-0.109098	-0.025	POSITIVE_EFFECT_PRODUCT	DIRECTION_CONCORDANT	CONDITIONAL	NO
TIER 2	AMD-CKD	True	12	110112932	113027651	0.0004688619412696	9.370565782294758e-06	0.0196335024289898	rs607316	2.2855670500499e-05	0.03570955062742446	LEVEL_C_ATLAS_FDR	-0.107318	-0.0258	POSITIVE_EFFECT_PRODUCT	DIRECTION_CONCORDANT	CONDITIONAL	NO
TIER 2	AMD-CKD	True	12	110112932	113027651	0.0004688619412696	9.370565782294758e-06	0.0196335024289898	rs616668	2.3151072048593e-05	0.03602775760845818	LEVEL_C_ATLAS_FDR	-0.108124	-0.0259	POSITIVE_EFFECT_PRODUCT	DIRECTION_CONCORDANT	CONDITIONAL	NO
TIER 2	AMD-CKD	True	12	110112932	113027651	0.0004688619412696	9.370565782294758e-06	0.0196335024289898	rs593226	1.57008381845906e-05	0.027483747958078713	LEVEL_C_ATLAS_FDR	-0.0869649	-0.0311	POSITIVE_EFFECT_PRODUCT	DIRECTION_CONCORDANT	CONDITIONAL	NO
TIER 2	AMD-CKD	True	12	110112932	113027651	0.0004688619412696	9.370565782294758e-06	0.0196335024289898	rs616559	2.63896606064924e-05	0.03939235729404574	LEVEL_C_ATLAS_FDR	-0.106221	-0.0257	POSITIVE_EFFECT_PRODUCT	DIRECTION_CONCORDANT	CONDITIONAL	NO
TIER 2	AMD-CKD	True	12	110112932	113027651	0.0004688619412696	9.370565782294758e-06	0.0196335024289898	rs616513	8.70290683266171e-06	0.018133392172360922	LEVEL_C_ATLAS_FDR	-0.107696	-0.0283	POSITIVE_EFFECT_PRODUCT	DIRECTION_CONCORDANT	CONDITIONAL	NO
TIER 2	AMD-CKD	True	12	110112932	113027651	0.0004688619412696	9.370565782294758e-06	0.0196335024289898	rs653178	3.17358983950081e-07	0.0013954989325746252	LEVEL_C_ATLAS_FDR	-0.0679116	-0.039	POSITIVE_EFFECT_PRODUCT	DIRECTION_CONCORDANT	CONDITIONAL	NO
TIER 2	AMD-CKD	True	12	110112932	113027651	0.0004688619412696	9.370565782294758e-06	0.0196335024289898	rs7398705	1.85474069331528e-05	0.030906548672468243	LEVEL_C_ATLAS_FDR	0.108565	0.026	POSITIVE_EFFECT_PRODUCT	DIRECTION_CONCORDANT	CONDITIONAL	NO
TIER 2	AMD-CKD	True	12	110112932	113027651	0.0004688619412696	9.370565782294758e-06	0.0196335024289898	rs12369009	6.04323628623083e-06	0.014088990585251766	LEVEL_C_ATLAS_FDR	0.10967	0.0298	POSITIVE_EFFECT_PRODUCT	DIRECTION_CONCORDANT	CONDITIONAL	NO
TIER 2	AMD-STROKE	True	17	3426133	4321755	-0.0005152675087054	1.626658139542996e-06	0.0044438131494795	rs7222628	2.79128729577002e-05	0.040942453437325596	LEVEL_C_ATLAS_FDR	-0.0482044	0.0318	NEGATIVE_EFFECT_PRODUCT	DIRECTION_CONCORDANT	CONDITIONAL	NO
TIER 2	AMD-STROKE	True	17	3426133	4321755	-0.0005152675087054	1.626658139542996e-06	0.0044438131494795	rs6502764	1.20923096827386e-05	0.022876446916704637	LEVEL_C_ATLAS_FDR	-0.0505572	0.033	NEGATIVE_EFFECT_PRODUCT	DIRECTION_CONCORDANT	CONDITIONAL	NO
TIER 2	AMD-STROKE	True	17	3426133	4321755	-0.0005152675087054	1.626658139542996e-06	0.0044438131494795	rs8075429	2.0001250651754e-05	0.03258600076239025	LEVEL_C_ATLAS_FDR	-0.0514487	0.0309	NEGATIVE_EFFECT_PRODUCT	DIRECTION_CONCORDANT	CONDITIONAL	NO
TIER 2	AMD-STROKE	True	17	3426133	4321755	-0.0005152675087054	1.626658139542996e-06	0.0044438131494795	rs2676276	3.15214172044571e-05	0.044458349392859295	LEVEL_C_ATLAS_FDR	-0.0486144	0.0308	NEGATIVE_EFFECT_PRODUCT	DIRECTION_CONCORDANT	CONDITIONAL	NO
TIER 2	AMD-STROKE	True	17	3426133	4321755	-0.0005152675087054	1.626658139542996e-06	0.0044438131494795	rs711178	3.18953658924602e-05	0.04482817852691529	LEVEL_C_ATLAS_FDR	-0.0486671	0.0307	NEGATIVE_EFFECT_PRODUCT	DIRECTION_CONCORDANT	CONDITIONAL	NO
TIER 2	AMD-STROKE	True	17	3426133	4321755	-0.0005152675087054	1.626658139542996e-06	0.0044438131494795	rs781853	3.16275101017992e-05	0.04454401464788256	LEVEL_C_ATLAS_FDR	-0.0531092	0.0279	NEGATIVE_EFFECT_PRODUCT	DIRECTION_CONCORDANT	CONDITIONAL	NO
TIER 2	AMD-STROKE	True	17	3426133	4321755	-0.0005152675087054	1.626658139542996e-06	0.0044438131494795	rs781852	2.96626819437543e-05	0.04266708097862955	LEVEL_C_ATLAS_FDR	-0.0496877	0.0304	NEGATIVE_EFFECT_PRODUCT	DIRECTION_CONCORDANT	CONDITIONAL	NO
TIER 2	AMD-STROKE	True	17	3426133	4321755	-0.0005152675087054	1.626658139542996e-06	0.0044438131494795	rs781850	1.67588238244583e-05	0.028735783338873434	LEVEL_C_ATLAS_FDR	-0.0519028	0.0305	NEGATIVE_EFFECT_PRODUCT	DIRECTION_CONCORDANT	CONDITIONAL	NO
TIER 2	AMD-STROKE	True	17	3426133	4321755	-0.0005152675087054	1.626658139542996e-06	0.0044438131494795	rs781848	1.49989203884599e-05	0.026590294425557815	LEVEL_C_ATLAS_FDR	-0.0517832	0.0309	NEGATIVE_EFFECT_PRODUCT	DIRECTION_CONCORDANT	CONDITIONAL	NO
TIER 2	AMD-STROKE	True	17	3426133	4321755	-0.0005152675087054	1.626658139542996e-06	0.0044438131494795	rs781825	3.6883360003564e-05	0.04946619194429613	LEVEL_C_ATLAS_FDR	-0.0520614	0.0281	NEGATIVE_EFFECT_PRODUCT	DIRECTION_CONCORDANT	CONDITIONAL	NO
TIER 2	AMD-STROKE	True	17	3426133	4321755	-0.0005152675087054	1.626658139542996e-06	0.0044438131494795	rs897026	1.11211692258907e-05	0.0215469214854696	LEVEL_C_ATLAS_FDR	-0.0518651	0.0313	NEGATIVE_EFFECT_PRODUCT	DIRECTION_CONCORDANT	CONDITIONAL	NO
TIER 2	AMD-STROKE	True	17	3426133	4321755	-0.0005152675087054	1.626658139542996e-06	0.0044438131494795	rs2727061	8.73021815138407e-06	0.018175534006149213	LEVEL_C_ATLAS_FDR	0.0537527	-0.0323	NEGATIVE_EFFECT_PRODUCT	DIRECTION_CONCORDANT	CONDITIONAL	NO
TIER 2	AMD-STROKE	True	17	3426133	4321755	-0.0005152675087054	1.626658139542996e-06	0.0044438131494795	rs2727060	1.69090525376339e-06	0.005529884033676055	LEVEL_C_ATLAS_FDR	0.0596236	-0.0337	NEGATIVE_EFFECT_PRODUCT	DIRECTION_CONCORDANT	CONDITIONAL	NO
TIER 2	AMD-STROKE	True	17	3426133	4321755	-0.0005152675087054	1.626658139542996e-06	0.0044438131494795	rs2727074	1.56466371876842e-06	0.005194847570360487	LEVEL_C_ATLAS_FDR	0.0596245	-0.0339	NEGATIVE_EFFECT_PRODUCT	DIRECTION_CONCORDANT	CONDITIONAL	NO
TIER 2	AMD-STROKE	True	17	3426133	4321755	-0.0005152675087054	1.626658139542996e-06	0.0044438131494795	rs2603025	1.8879293135709e-06	0.006033256159285744	LEVEL_C_ATLAS_FDR	0.0594512	-0.0335	NEGATIVE_EFFECT_PRODUCT	DIRECTION_CONCORDANT	CONDITIONAL	NO
TIER 2	AMD-STROKE	True	17	3426133	4321755	-0.0005152675087054	1.626658139542996e-06	0.0044438131494795	rs1377806	6.35414379244925e-06	0.014598127451438576	LEVEL_C_ATLAS_FDR	0.0648584	-0.0272	NEGATIVE_EFFECT_PRODUCT	DIRECTION_CONCORDANT	CONDITIONAL	NO
TIER 2	AMD-STROKE	True	17	3426133	4321755	-0.0005152675087054	1.626658139542996e-06	0.0044438131494795	rs17176322	9.46829832282297e-06	0.01929552592139616	LEVEL_C_ATLAS_FDR	0.0597145	-0.0296	NEGATIVE_EFFECT_PRODUCT	DIRECTION_CONCORDANT	CONDITIONAL	NO
TIER 2	AMD-STROKE	True	17	3426133	4321755	-0.0005152675087054	1.626658139542996e-06	0.0044438131494795	rs4790581	2.00345766142003e-05	0.03262081083526869	LEVEL_C_ATLAS_FDR	0.063156	-0.0248	NEGATIVE_EFFECT_PRODUCT	DIRECTION_CONCORDANT	CONDITIONAL	NO
TIER 2	AMD-STROKE	True	17	3426133	4321755	-0.0005152675087054	1.626658139542996e-06	0.0044438131494795	rs4790587	9.63405588809631e-06	0.019530130189488355	LEVEL_C_ATLAS_FDR	0.0610683	-0.028	NEGATIVE_EFFECT_PRODUCT	DIRECTION_CONCORDANT	CONDITIONAL	NO
TIER 2	AMD-STROKE	True	17	3426133	4321755	-0.0005152675087054	1.626658139542996e-06	0.0044438131494795	rs10521130	1.40601078407525e-05	0.02544653965353573	LEVEL_C_ATLAS_FDR	0.063012	-0.0262	NEGATIVE_EFFECT_PRODUCT	DIRECTION_CONCORDANT	CONDITIONAL	NO
TIER 2	AMD-STROKE	True	17	3426133	4321755	-0.0005152675087054	1.626658139542996e-06	0.0044438131494795	rs4790185	6.58513546551775e-06	0.014945810147631139	LEVEL_C_ATLAS_FDR	0.0596033	-0.0297	NEGATIVE_EFFECT_PRODUCT	DIRECTION_CONCORDANT	CONDITIONAL	NO
TIER 2	AMD-STROKE	True	17	3426133	4321755	-0.0005152675087054	1.626658139542996e-06	0.0044438131494795	rs4284685	1.01095076472647e-05	0.020189756409960735	LEVEL_C_ATLAS_FDR	-0.0599939	0.0276	NEGATIVE_EFFECT_PRODUCT	DIRECTION_CONCORDANT	CONDITIONAL	NO
TIER 2	AMD-STROKE	True	17	3426133	4321755	-0.0005152675087054	1.626658139542996e-06	0.0044438131494795	rs1982177	3.16068267178591e-05	0.04452624028226473	LEVEL_C_ATLAS_FDR	0.0588592	-0.0259	NEGATIVE_EFFECT_PRODUCT	DIRECTION_CONCORDANT	CONDITIONAL	NO
TIER 2	AMD-STROKE	True	17	3426133	4321755	-0.0005152675087054	1.626658139542996e-06	0.0044438131494795	rs12602879	1.90644750159266e-05	0.03149822291082801	LEVEL_C_ATLAS_FDR	0.062285	-0.0257	NEGATIVE_EFFECT_PRODUCT	DIRECTION_CONCORDANT	CONDITIONAL	NO
TIER 2	AMD-STROKE	True	17	3426133	4321755	-0.0005152675087054	1.626658139542996e-06	0.0044438131494795	rs1821860	7.53848369674756e-06	0.016403808574627476	LEVEL_C_ATLAS_FDR	-0.0638735	0.0266	NEGATIVE_EFFECT_PRODUCT	DIRECTION_CONCORDANT	CONDITIONAL	NO
TIER 2	AMD-STROKE	True	17	3426133	4321755	-0.0005152675087054	1.626658139542996e-06	0.0044438131494795	rs4790594	3.36443403823218e-05	0.0464170157182702	LEVEL_C_ATLAS_FDR	0.065104	-0.0229	NEGATIVE_EFFECT_PRODUCT	DIRECTION_CONCORDANT	CONDITIONAL	NO
TIER 2	AMD-STROKE	True	17	3426133	4321755	-0.0005152675087054	1.626658139542996e-06	0.0044438131494795	rs2053254	6.11178375372926e-06	0.014206597255947025	LEVEL_C_ATLAS_FDR	0.0693577	-0.0265	NEGATIVE_EFFECT_PRODUCT	DIRECTION_CONCORDANT	CONDITIONAL	NO
TIER 2	AMD-STROKE	True	17	3426133	4321755	-0.0005152675087054	1.626658139542996e-06	0.0044438131494795	rs9915670	4.75258898173788e-06	0.011886248628213164	LEVEL_C_ATLAS_FDR	-0.0634114	0.0279	NEGATIVE_EFFECT_PRODUCT	DIRECTION_CONCORDANT	CONDITIONAL	NO
TIER 2	AMD-STROKE	True	17	3426133	4321755	-0.0005152675087054	1.626658139542996e-06	0.0044438131494795	rs12709336	6.30878547800803e-06	0.014526609860154523	LEVEL_C_ATLAS_FDR	-0.0630275	0.0274	NEGATIVE_EFFECT_PRODUCT	DIRECTION_CONCORDANT	CONDITIONAL	NO
TIER 2	AMD-STROKE	True	17	3426133	4321755	-0.0005152675087054	1.626658139542996e-06	0.0044438131494795	rs4573968	2.34514319202168e-06	0.007129435764400612	LEVEL_C_ATLAS_FDR	-0.0631027	0.0287	NEGATIVE_EFFECT_PRODUCT	DIRECTION_CONCORDANT	CONDITIONAL	NO
TIER 2	AMD-STROKE	True	17	3426133	4321755	-0.0005152675087054	1.626658139542996e-06	0.0044438131494795	rs12601993	2.63394187061146e-05	0.03934104539343216	LEVEL_C_ATLAS_FDR	-0.0602398	0.0251	NEGATIVE_EFFECT_PRODUCT	DIRECTION_CONCORDANT	CONDITIONAL	NO
TIER 2	AMD-STROKE	True	17	3426133	4321755	-0.0005152675087054	1.626658139542996e-06	0.0044438131494795	rs9913077	6.09377110744748e-06	0.014175387359288317	LEVEL_C_ATLAS_FDR	-0.0632456	0.0274	NEGATIVE_EFFECT_PRODUCT	DIRECTION_CONCORDANT	CONDITIONAL	NO
TIER 2	AMD-STROKE	True	17	3426133	4321755	-0.0005152675087054	1.626658139542996e-06	0.0044438131494795	rs7504064	5.96199357306799e-06	0.013958407485303125	LEVEL_C_ATLAS_FDR	-0.0638586	0.0272	NEGATIVE_EFFECT_PRODUCT	DIRECTION_CONCORDANT	CONDITIONAL	NO
TIER 2	AMD-STROKE	True	17	3426133	4321755	-0.0005152675087054	1.626658139542996e-06	0.0044438131494795	rs11078490	1.24793799710788e-05	0.02339113579699639	LEVEL_C_ATLAS_FDR	-0.0629461	0.0258	NEGATIVE_EFFECT_PRODUCT	DIRECTION_CONCORDANT	CONDITIONAL	NO
TIER 2	AMD-STROKE	True	17	3426133	4321755	-0.0005152675087054	1.626658139542996e-06	0.0044438131494795	rs4790598	3.08502724870734e-05	0.04382304141611235	LEVEL_C_ATLAS_FDR	0.0500085	-0.0316	NEGATIVE_EFFECT_PRODUCT	DIRECTION_CONCORDANT	CONDITIONAL	NO
TIER 2	AMD-STROKE	True	17	3426133	4321755	-0.0005152675087054	1.626658139542996e-06	0.0044438131494795	rs2325881	2.17321564714899e-05	0.03448345259018057	LEVEL_C_ATLAS_FDR	0.0490238	-0.033	NEGATIVE_EFFECT_PRODUCT	DIRECTION_CONCORDANT	CONDITIONAL	NO
TIER 2	AMD-STROKE	True	17	3426133	4321755	-0.0005152675087054	1.626658139542996e-06	0.0044438131494795	rs1437808	3.63853231151542e-05	0.04897422446915373	LEVEL_C_ATLAS_FDR	0.0491487	-0.0333	NEGATIVE_EFFECT_PRODUCT	DIRECTION_CONCORDANT	CONDITIONAL	NO
TIER 2	AMD-STROKE	True	17	3426133	4321755	-0.0005152675087054	1.626658139542996e-06	0.0044438131494795	rs733622	2.24847685972357e-05	0.0353240304221585	LEVEL_C_ATLAS_FDR	0.0524108	-0.0336	NEGATIVE_EFFECT_PRODUCT	DIRECTION_CONCORDANT	CONDITIONAL	NO
TIER 2	AMD-STROKE	True	17	3426133	4321755	-0.0005152675087054	1.626658139542996e-06	0.0044438131494795	rs9913489	1.29144271412287e-05	0.023986391403525053	LEVEL_C_ATLAS_FDR	0.0535352	-0.0347	NEGATIVE_EFFECT_PRODUCT	DIRECTION_CONCORDANT	CONDITIONAL	NO
TIER 2	AMD-STROKE	True	17	3426133	4321755	-0.0005152675087054	1.626658139542996e-06	0.0044438131494795	rs11868068	2.33336189024024e-05	0.03622800402200858	LEVEL_C_ATLAS_FDR	-0.0478741	0.0342	NEGATIVE_EFFECT_PRODUCT	DIRECTION_CONCORDANT	CONDITIONAL	NO
TIER 2	AMD-STROKE	True	17	3426133	4321755	-0.0005152675087054	1.626658139542996e-06	0.0044438131494795	rs4322703	1.73171150412698e-05	0.029442909135461638	LEVEL_C_ATLAS_FDR	-0.0490295	0.0344	NEGATIVE_EFFECT_PRODUCT	DIRECTION_CONCORDANT	CONDITIONAL	NO
TIER 2	AMD-STROKE	True	17	3426133	4321755	-0.0005152675087054	1.626658139542996e-06	0.0044438131494795	rs2325988	1.39058782185654e-05	0.025265460211246465	LEVEL_C_ATLAS_FDR	-0.0497082	0.0346	NEGATIVE_EFFECT_PRODUCT	DIRECTION_CONCORDANT	CONDITIONAL	NO
TIER 2	AMD-STROKE	True	17	3426133	4321755	-0.0005152675087054	1.626658139542996e-06	0.0044438131494795	rs1866176	6.28637733790277e-06	0.014486544452935686	LEVEL_C_ATLAS_FDR	0.0562876	-0.0352	NEGATIVE_EFFECT_PRODUCT	DIRECTION_CONCORDANT	CONDITIONAL	NO
TIER 2	AMD-STROKE	True	17	3426133	4321755	-0.0005152675087054	1.626658139542996e-06	0.0044438131494795	rs8072251	5.99982602630019e-06	0.014014824027599302	LEVEL_C_ATLAS_FDR	0.0555397	-0.0358	NEGATIVE_EFFECT_PRODUCT	DIRECTION_CONCORDANT	CONDITIONAL	NO
TIER 2	AMD-STROKE	True	17	3426133	4321755	-0.0005152675087054	1.626658139542996e-06	0.0044438131494795	rs9303185	1.09150996017378e-05	0.021291464972477865	LEVEL_C_ATLAS_FDR	0.0557688	-0.0338	NEGATIVE_EFFECT_PRODUCT	DIRECTION_CONCORDANT	CONDITIONAL	NO
TIER 2	AMD-STROKE	True	17	3426133	4321755	-0.0005152675087054	1.626658139542996e-06	0.0044438131494795	rs12950048	3.43949521912425e-05	0.04710792961217383	LEVEL_C_ATLAS_FDR	-0.0513082	0.0319	NEGATIVE_EFFECT_PRODUCT	DIRECTION_CONCORDANT	CONDITIONAL	NO
TIER 2	AMD-STROKE	True	17	3426133	4321755	-0.0005152675087054	1.626658139542996e-06	0.0044438131494795	rs2053255	3.15593261101052e-05	0.04448791295433149	LEVEL_C_ATLAS_FDR	-0.0494007	0.0334	NEGATIVE_EFFECT_PRODUCT	DIRECTION_CONCORDANT	CONDITIONAL	NO
TIER 2	AMD-STROKE	True	17	3426133	4321755	-0.0005152675087054	1.626658139542996e-06	0.0044438131494795	rs4467138	2.67604092753772e-05	0.039768817917465296	LEVEL_C_ATLAS_FDR	-0.0501026	0.0335	NEGATIVE_EFFECT_PRODUCT	DIRECTION_CONCORDANT	CONDITIONAL	NO
TIER 2	AMD-STROKE	True	17	3426133	4321755	-0.0005152675087054	1.626658139542996e-06	0.0044438131494795	rs12937759	3.5546143061653e-05	0.04818475072943368	LEVEL_C_ATLAS_FDR	-0.0514931	0.0321	NEGATIVE_EFFECT_PRODUCT	DIRECTION_CONCORDANT	CONDITIONAL	NO
TIER 2	AMD-STROKE	True	17	3426133	4321755	-0.0005152675087054	1.626658139542996e-06	0.0044438131494795	rs8072296	1.47065645479465e-05	0.026225428389933553	LEVEL_C_ATLAS_FDR	-0.0509098	0.0354	NEGATIVE_EFFECT_PRODUCT	DIRECTION_CONCORDANT	CONDITIONAL	NO
TIER 2	AMD-T2D	True	5	73508509	75240469	0.0005999634302436	1.999446192111661e-05	0.0264300987291456	rs7703051	8.38475874113915e-06	0.017658609177027353	LEVEL_C_ATLAS_FDR	-0.054329	-0.0322	POSITIVE_EFFECT_PRODUCT	DIRECTION_CONCORDANT	CONDITIONAL	NO
TIER 2	AMD-T2D	True	5	73508509	75240469	0.0005999634302436	1.999446192111661e-05	0.0264300987291456	rs7701925	1.78295252933252e-05	0.030071087984364957	LEVEL_C_ATLAS_FDR	-0.074266	-0.0287	POSITIVE_EFFECT_PRODUCT	DIRECTION_CONCORDANT	CONDITIONAL	NO
TIER 2	AMD-T2D	True	5	73508509	75240469	0.0005999634302436	1.999446192111661e-05	0.0264300987291456	rs11749783	7.9952772994598e-06	0.017096430103340908	LEVEL_C_ATLAS_FDR	-0.0543446	-0.0324	POSITIVE_EFFECT_PRODUCT	DIRECTION_CONCORDANT	CONDITIONAL	NO
TIER 2	AMD-T2D	True	5	73508509	75240469	0.0005999634302436	1.999446192111661e-05	0.0264300987291456	rs3846663	8.40815422702141e-06	0.01768856323936256	LEVEL_C_ATLAS_FDR	-0.0531498	-0.0329	POSITIVE_EFFECT_PRODUCT	DIRECTION_CONCORDANT	CONDITIONAL	NO
TIER 2	AMD-T2D	True	5	73508509	75240469	0.0005999634302436	1.999446192111661e-05	0.0264300987291456	rs7700468	1.25354513340214e-05	0.023469621139662635	LEVEL_C_ATLAS_FDR	-0.0597964	-0.0364	POSITIVE_EFFECT_PRODUCT	DIRECTION_CONCORDANT	CONDITIONAL	NO
TIER 2	AMD-T2D	True	5	73508509	75240469	0.0005999634302436	1.999446192111661e-05	0.0264300987291456	rs3761742	7.50638636348491e-06	0.01634523565070157	LEVEL_C_ATLAS_FDR	-0.0724807	-0.0346	POSITIVE_EFFECT_PRODUCT	DIRECTION_CONCORDANT	CONDITIONAL	NO
TIER 2	AMD-T2D	True	5	73508509	75240469	0.0005999634302436	1.999446192111661e-05	0.0264300987291456	rs3846665	6.96929241397741e-06	0.015507392253513467	LEVEL_C_ATLAS_FDR	-0.0730103	-0.0346	POSITIVE_EFFECT_PRODUCT	DIRECTION_CONCORDANT	CONDITIONAL	NO
TIER 2	AMD-T2D	True	5	73508509	75240469	0.0005999634302436	1.999446192111661e-05	0.0264300987291456	rs698912	5.09232246381953e-06	0.012500862470214823	LEVEL_C_ATLAS_FDR	-0.0737851	-0.0351	POSITIVE_EFFECT_PRODUCT	DIRECTION_CONCORDANT	CONDITIONAL	NO
TIER 2	AMD-T2D	True	5	73508509	75240469	0.0005999634302436	1.999446192111661e-05	0.0264300987291456	rs7356637	1.34929408160441e-05	0.024713109948950755	LEVEL_C_ATLAS_FDR	-0.0592717	-0.0364	POSITIVE_EFFECT_PRODUCT	DIRECTION_CONCORDANT	CONDITIONAL	NO
TIER 2	AMD-T2D	True	5	73508509	75240469	0.0005999634302436	1.999446192111661e-05	0.0264300987291456	rs3761743	1.20594227783293e-05	0.022831963247105576	LEVEL_C_ATLAS_FDR	-0.0602566	-0.0363	POSITIVE_EFFECT_PRODUCT	DIRECTION_CONCORDANT	CONDITIONAL	NO
TIER 2	AMD-T2D	True	5	73508509	75240469	0.0005999634302436	1.999446192111661e-05	0.0264300987291456	rs6878990	1.36606476818454e-05	0.024940001551323948	LEVEL_C_ATLAS_FDR	-0.0441063	-0.0379	POSITIVE_EFFECT_PRODUCT	DIRECTION_CONCORDANT	CONDITIONAL	NO
TIER 2	AMD-T2D	True	5	73508509	75240469	0.0005999634302436	1.999446192111661e-05	0.0264300987291456	rs6453133	2.0135336794685e-07	0.0009639107566883466	LEVEL_C_ATLAS_FDR	-0.0641005	-0.0417	POSITIVE_EFFECT_PRODUCT	DIRECTION_CONCORDANT	CONDITIONAL	NO
TIER 2	AMD-T2D	True	5	73508509	75240469	0.0005999634302436	1.999446192111661e-05	0.0264300987291456	rs10038723	7.1623808581058e-06	0.015803355389193217	LEVEL_C_ATLAS_FDR	-0.0736807	-0.0342	POSITIVE_EFFECT_PRODUCT	DIRECTION_CONCORDANT	CONDITIONAL	NO
TIER 2	AMD-T2D	True	5	73508509	75240469	0.0005999634302436	1.999446192111661e-05	0.0264300987291456	rs6453134	1.18600227241323e-05	0.02255418305775337	LEVEL_C_ATLAS_FDR	-0.0605254	-0.0362	POSITIVE_EFFECT_PRODUCT	DIRECTION_CONCORDANT	CONDITIONAL	NO
TIER 2	AMD-T2D	True	5	73508509	75240469	0.0005999634302436	1.999446192111661e-05	0.0264300987291456	rs10434644	1.40068026409646e-05	0.02539503780508511	LEVEL_C_ATLAS_FDR	-0.0590751	-0.0365	POSITIVE_EFFECT_PRODUCT	DIRECTION_CONCORDANT	CONDITIONAL	NO
TIER 2	AMD-T2D	True	5	73508509	75240469	0.0005999634302436	1.999446192111661e-05	0.0264300987291456	rs4385188	1.31242780573048e-05	0.024242547368275583	LEVEL_C_ATLAS_FDR	-0.0591295	-0.0367	POSITIVE_EFFECT_PRODUCT	DIRECTION_CONCORDANT	CONDITIONAL	NO
TIER 2	AMD-T2D	True	5	73508509	75240469	0.0005999634302436	1.999446192111661e-05	0.0264300987291456	rs6872314	2.16556199763565e-05	0.03439345247578761	LEVEL_C_ATLAS_FDR	-0.0585263	-0.0353	POSITIVE_EFFECT_PRODUCT	DIRECTION_CONCORDANT	CONDITIONAL	NO
TIER 2	AMD-T2D	True	5	73508509	75240469	0.0005999634302436	1.999446192111661e-05	0.0264300987291456	rs10070207	6.32440318952668e-06	0.014555812285922327	LEVEL_C_ATLAS_FDR	-0.0695486	-0.0372	POSITIVE_EFFECT_PRODUCT	DIRECTION_CONCORDANT	CONDITIONAL	NO
TIER 2	AMD-T2D	True	5	73508509	75240469	0.0005999634302436	1.999446192111661e-05	0.0264300987291456	rs4704220	1.49171154799202e-05	0.02648720536783897	LEVEL_C_ATLAS_FDR	-0.0440955	-0.0375	POSITIVE_EFFECT_PRODUCT	DIRECTION_CONCORDANT	CONDITIONAL	NO
TIER 2	AMD-T2D	True	5	73508509	75240469	0.0005999634302436	1.999446192111661e-05	0.0264300987291456	rs4440336	1.69842731169891e-05	0.02905489750223735	LEVEL_C_ATLAS_FDR	-0.0597234	-0.0354	POSITIVE_EFFECT_PRODUCT	DIRECTION_CONCORDANT	CONDITIONAL	NO
TIER 2	AMD-T2D	True	5	73508509	75240469	0.0005999634302436	1.999446192111661e-05	0.0264300987291456	rs4704223	1.60358521715355e-05	0.027890225717206157	LEVEL_C_ATLAS_FDR	-0.0438338	-0.0376	POSITIVE_EFFECT_PRODUCT	DIRECTION_CONCORDANT	CONDITIONAL	NO
TIER 2	AMD-T2D	True	5	73508509	75240469	0.0005999634302436	1.999446192111661e-05	0.0264300987291456	rs10942739	1.3809831904874e-05	0.025138323293989576	LEVEL_C_ATLAS_FDR	-0.0599692	-0.036	POSITIVE_EFFECT_PRODUCT	DIRECTION_CONCORDANT	CONDITIONAL	NO
TIER 2	AMD-T2D	True	5	73508509	75240469	0.0005999634302436	1.999446192111661e-05	0.0264300987291456	rs6896136	1.38822356802995e-05	0.02523967864733446	LEVEL_C_ATLAS_FDR	-0.0439662	-0.038	POSITIVE_EFFECT_PRODUCT	DIRECTION_CONCORDANT	CONDITIONAL	NO
TIER 2	AMD-T2D	True	5	73508509	75240469	0.0005999634302436	1.999446192111661e-05	0.0264300987291456	rs7709282	1.25014343151307e-05	0.02342362018302845	LEVEL_C_ATLAS_FDR	-0.0596111	-0.0366	POSITIVE_EFFECT_PRODUCT	DIRECTION_CONCORDANT	CONDITIONAL	NO
TIER 2	AMD-T2D	True	5	73508509	75240469	0.0005999634302436	1.999446192111661e-05	0.0264300987291456	rs5744533	6.3379556844602e-06	0.01457444127064951	LEVEL_C_ATLAS_FDR	-0.0745327	-0.0342	POSITIVE_EFFECT_PRODUCT	DIRECTION_CONCORDANT	CONDITIONAL	NO
TIER 2	AMD-T2D	True	5	73508509	75240469	0.0005999634302436	1.999446192111661e-05	0.0264300987291456	rs4549504	2.07955692041545e-05	0.03347940616676281	LEVEL_C_ATLAS_FDR	-0.0419013	-0.0384	POSITIVE_EFFECT_PRODUCT	DIRECTION_CONCORDANT	CONDITIONAL	NO
TIER 2	AMD-T2D	True	5	73508509	75240469	0.0005999634302436	1.999446192111661e-05	0.0264300987291456	rs4604177	1.35743428331403e-05	0.024826832911309597	LEVEL_C_ATLAS_FDR	-0.0444077	-0.0378	POSITIVE_EFFECT_PRODUCT	DIRECTION_CONCORDANT	CONDITIONAL	NO
TIER 2	AMD-T2D	True	5	73508509	75240469	0.0005999634302436	1.999446192111661e-05	0.0264300987291456	rs5744555	8.29247436288208e-06	0.017523794543538078	LEVEL_C_ATLAS_FDR	-0.0737369	-0.0337	POSITIVE_EFFECT_PRODUCT	DIRECTION_CONCORDANT	CONDITIONAL	NO
TIER 2	AMD-T2D	True	5	73508509	75240469	0.0005999634302436	1.999446192111661e-05	0.0264300987291456	rs3213801	6.130822349564e-06	0.014235817889361917	LEVEL_C_ATLAS_FDR	-0.0744754	-0.0344	POSITIVE_EFFECT_PRODUCT	DIRECTION_CONCORDANT	CONDITIONAL	NO
TIER 2	AMD-T2D	True	5	73508509	75240469	0.0005999634302436	1.999446192111661e-05	0.0264300987291456	rs1051795	7.20930474098403e-06	0.015870572966793277	LEVEL_C_ATLAS_FDR	-0.0740624	-0.0341	POSITIVE_EFFECT_PRODUCT	DIRECTION_CONCORDANT	CONDITIONAL	NO
TIER 2	AMD-T2D	True	5	73508509	75240469	0.0005999634302436	1.999446192111661e-05	0.0264300987291456	rs2287711	6.85340365216127e-06	0.015338974410107222	LEVEL_C_ATLAS_FDR	-0.0744009	-0.0341	POSITIVE_EFFECT_PRODUCT	DIRECTION_CONCORDANT	CONDITIONAL	NO
TIER 2	AMD-T2D	True	5	73508509	75240469	0.0005999634302436	1.999446192111661e-05	0.0264300987291456	rs984976	1.79413850487574e-05	0.030201859060035745	LEVEL_C_ATLAS_FDR	-0.0432376	-0.0379	POSITIVE_EFFECT_PRODUCT	DIRECTION_CONCORDANT	CONDITIONAL	NO
TIER 2	AMD-T2D	True	5	73508509	75240469	0.0005999634302436	1.999446192111661e-05	0.0264300987291456	rs6861279	1.32714611347179e-05	0.024416268688472773	LEVEL_C_ATLAS_FDR	-0.071477	-0.0334	POSITIVE_EFFECT_PRODUCT	DIRECTION_CONCORDANT	CONDITIONAL	NO
TIER 2	AMD-T2D	True	5	73508509	75240469	0.0005999634302436	1.999446192111661e-05	0.0264300987291456	rs924452	7.83969367948505e-06	0.016856002999496814	LEVEL_C_ATLAS_FDR	-0.074259	-0.0338	POSITIVE_EFFECT_PRODUCT	DIRECTION_CONCORDANT	CONDITIONAL	NO
TIER 2	AMD-T2D	True	5	73508509	75240469	0.0005999634302436	1.999446192111661e-05	0.0264300987291456	rs1427924	7.11388837860906e-06	0.015732360523458878	LEVEL_C_ATLAS_FDR	-0.0742322	-0.0341	POSITIVE_EFFECT_PRODUCT	DIRECTION_CONCORDANT	CONDITIONAL	NO
TIER 2	AMD-T2D	True	5	73508509	75240469	0.0005999634302436	1.999446192111661e-05	0.0264300987291456	rs9293656	6.95176475383027e-06	0.0154843137062674	LEVEL_C_ATLAS_FDR	-0.0731197	-0.0348	POSITIVE_EFFECT_PRODUCT	DIRECTION_CONCORDANT	CONDITIONAL	NO
TIER 2	AMD-T2D	True	5	73508509	75240469	0.0005999634302436	1.999446192111661e-05	0.0264300987291456	rs253407	1.47108734581809e-08	0.00011388032278653971	LEVEL_B_PAIRWISE_GWAS	0.0721384	0.0457	POSITIVE_EFFECT_PRODUCT	DIRECTION_CONCORDANT	CONDITIONAL	NO
TIER 2	AMD-T2D	True	5	73508509	75240469	0.0005999634302436	1.999446192111661e-05	0.0264300987291456	rs34340	7.20720100737699e-09	6.278215462912432e-05	LEVEL_B_PAIRWISE_GWAS	0.0827496	0.044	POSITIVE_EFFECT_PRODUCT	DIRECTION_CONCORDANT	CONDITIONAL	NO
TIER 2	AMD-T2D	True	5	73508509	75240469	0.0005999634302436	1.999446192111661e-05	0.0264300987291456	rs34342	2.37072302351224e-05	0.03660993722411146	LEVEL_C_ATLAS_FDR	0.054454	0.0439	POSITIVE_EFFECT_PRODUCT	DIRECTION_CONCORDANT	CONDITIONAL	NO
TIER 2	AMD-T2D	True	5	73508509	75240469	0.0005999634302436	1.999446192111661e-05	0.0264300987291456	rs253414	1.3689131199607e-08	0.00010682845339587983	LEVEL_B_PAIRWISE_GWAS	0.0683288	0.0434	POSITIVE_EFFECT_PRODUCT	DIRECTION_CONCORDANT	CONDITIONAL	NO
TIER 2	AMD-T2D	True	5	73508509	75240469	0.0005999634302436	1.999446192111661e-05	0.0264300987291456	rs34355	6.41123335747029e-06	0.014688455104585047	LEVEL_C_ATLAS_FDR	0.0592642	0.0453	POSITIVE_EFFECT_PRODUCT	DIRECTION_CONCORDANT	CONDITIONAL	NO
TIER 2	AMD-T2D	True	5	73508509	75240469	0.0005999634302436	1.999446192111661e-05	0.0264300987291456	rs34357	1.45271114224563e-05	0.026007564879799404	LEVEL_C_ATLAS_FDR	0.0545896	0.0474	POSITIVE_EFFECT_PRODUCT	DIRECTION_CONCORDANT	CONDITIONAL	NO
TIER 2	AMD-T2D	True	5	73508509	75240469	0.0005999634302436	1.999446192111661e-05	0.0264300987291456	rs34358	5.44313347851341e-09	4.997101152964296e-05	LEVEL_B_PAIRWISE_GWAS	0.0662086	0.0463	POSITIVE_EFFECT_PRODUCT	DIRECTION_CONCORDANT	CONDITIONAL	NO
TIER 2	AMD-T2D	True	5	73508509	75240469	0.0005999634302436	1.999446192111661e-05	0.0264300987291456	rs40060	7.92315389972766e-09	6.785741661203084e-05	LEVEL_B_PAIRWISE_GWAS	0.0657136	0.0453	POSITIVE_EFFECT_PRODUCT	DIRECTION_CONCORDANT	CONDITIONAL	NO
TIER 2	AMD-T2D	True	5	73508509	75240469	0.0005999634302436	1.999446192111661e-05	0.0264300987291456	rs34361	6.46385505533883e-09	5.723759481351649e-05	LEVEL_B_PAIRWISE_GWAS	0.066021	0.046	POSITIVE_EFFECT_PRODUCT	DIRECTION_CONCORDANT	CONDITIONAL	NO
TIER 2	AMD-T2D	True	5	73508509	75240469	0.0005999634302436	1.999446192111661e-05	0.0264300987291456	rs253388	5.31485058147979e-06	0.012887618526922663	LEVEL_C_ATLAS_FDR	0.0487448	0.0443	POSITIVE_EFFECT_PRODUCT	DIRECTION_CONCORDANT	CONDITIONAL	NO
TIER 2	AMD-T2D	True	5	73508509	75240469	0.0005999634302436	1.999446192111661e-05	0.0264300987291456	rs17649055	1.4027122708445e-05	0.02541258972913567	LEVEL_C_ATLAS_FDR	-0.0412189	-0.0466	POSITIVE_EFFECT_PRODUCT	DIRECTION_CONCORDANT	CONDITIONAL	NO
TIER 2	AMD-T2D	True	5	73508509	75240469	0.0005999634302436	1.999446192111661e-05	0.0264300987291456	rs4704231	1.70512196875489e-05	0.029127856456326172	LEVEL_C_ATLAS_FDR	-0.0403704	-0.0467	POSITIVE_EFFECT_PRODUCT	DIRECTION_CONCORDANT	CONDITIONAL	NO
TIER 2	AMD-T2D	True	5	73508509	75240469	0.0005999634302436	1.999446192111661e-05	0.0264300987291456	rs888789	6.48954728131728e-06	0.014799500190967211	LEVEL_C_ATLAS_FDR	-0.0487634	-0.0361	POSITIVE_EFFECT_PRODUCT	DIRECTION_CONCORDANT	CONDITIONAL	NO
TIER 2	AMD-T2D	True	5	73508509	75240469	0.0005999634302436	1.999446192111661e-05	0.0264300987291456	rs34905687	3.19301245612653e-05	0.04485244534874244	LEVEL_C_ATLAS_FDR	-0.0382079	-0.0469	POSITIVE_EFFECT_PRODUCT	DIRECTION_CONCORDANT	CONDITIONAL	NO
TIER 2	AMD-T2D	True	5	73508509	75240469	0.0005999634302436	1.999446192111661e-05	0.0264300987291456	rs10057967	1.1045380703442e-07	0.0005938722075312032	LEVEL_C_ATLAS_FDR	-0.0502283	-0.0491	POSITIVE_EFFECT_PRODUCT	DIRECTION_CONCORDANT	CONDITIONAL	NO
TIER 2	AMD-T2D	True	5	73508509	75240469	0.0005999634302436	1.999446192111661e-05	0.0264300987291456	rs2307113	2.67432141237766e-05	0.03975258302190132	LEVEL_C_ATLAS_FDR	-0.0385255	-0.0467	POSITIVE_EFFECT_PRODUCT	DIRECTION_CONCORDANT	CONDITIONAL	NO
TIER 2	AMD-T2D	True	5	73508509	75240469	0.0005999634302436	1.999446192111661e-05	0.0264300987291456	rs3797580	1.14226210488237e-07	0.0006101855176515381	LEVEL_C_ATLAS_FDR	-0.0497854	-0.0496	POSITIVE_EFFECT_PRODUCT	DIRECTION_CONCORDANT	CONDITIONAL	NO
TIER 2	AMD-T2D	True	5	73508509	75240469	0.0005999634302436	1.999446192111661e-05	0.0264300987291456	rs2307111	1.27484779915415e-07	0.0006676543338942051	LEVEL_C_ATLAS_FDR	-0.047136	-0.0502	POSITIVE_EFFECT_PRODUCT	DIRECTION_CONCORDANT	CONDITIONAL	NO
TIER 2	AMD-T2D	True	5	73508509	75240469	0.0005999634302436	1.999446192111661e-05	0.0264300987291456	rs2047059	2.12214453065095e-05	0.03396654023886128	LEVEL_C_ATLAS_FDR	-0.0420292	-0.0436	POSITIVE_EFFECT_PRODUCT	DIRECTION_CONCORDANT	CONDITIONAL	NO
TIER 2	CAT-AD	True	7	98152191	100555361	-0.0001423302020509	3.730944928345874e-05	0.0392017080189121	rs4424195	3.36279698135289e-05	0.04640180733281888	LEVEL_C_ATLAS_FDR	0.0135582	-0.057	NEGATIVE_EFFECT_PRODUCT	DIRECTION_CONCORDANT	CONDITIONAL	FINNISH_LD_SENSITIVITY_REQUIRED
TIER 2	CAT-AD	True	7	98152191	100555361	-0.0001423302020509	3.730944928345874e-05	0.0392017080189121	rs12705070	3.36623859191445e-05	0.046432062535002074	LEVEL_C_ATLAS_FDR	0.0135269	-0.0565	NEGATIVE_EFFECT_PRODUCT	DIRECTION_CONCORDANT	CONDITIONAL	FINNISH_LD_SENSITIVITY_REQUIRED
TIER 2	CAT-AD	True	7	98152191	100555361	-0.0001423302020509	3.730944928345874e-05	0.0392017080189121	rs12705071	2.45679050008807e-05	0.037520069063638986	LEVEL_C_ATLAS_FDR	0.0148292	-0.0544	NEGATIVE_EFFECT_PRODUCT	DIRECTION_CONCORDANT	CONDITIONAL	FINNISH_LD_SENSITIVITY_REQUIRED
TIER 2	CAT-AD	True	7	98152191	100555361	-0.0001423302020509	3.730944928345874e-05	0.0392017080189121	rs2070215	3.49973538793561e-05	0.0476698127713322	LEVEL_C_ATLAS_FDR	0.0145074	-0.0536	NEGATIVE_EFFECT_PRODUCT	DIRECTION_CONCORDANT	CONDITIONAL	FINNISH_LD_SENSITIVITY_REQUIRED
TIER 2	CAT-AD	True	7	98152191	100555361	-0.0001423302020509	3.730944928345874e-05	0.0392017080189121	rs55796551	2.97207896374672e-05	0.042729415787595745	LEVEL_C_ATLAS_FDR	0.0131443	-0.0668	NEGATIVE_EFFECT_PRODUCT	DIRECTION_CONCORDANT	CONDITIONAL	FINNISH_LD_SENSITIVITY_REQUIRED
TIER 2	CAT-AD	True	7	98152191	100555361	-0.0001423302020509	3.730944928345874e-05	0.0392017080189121	rs3779046	1.67434751369935e-05	0.028720512936083242	LEVEL_C_ATLAS_FDR	0.0153596	-0.0574	NEGATIVE_EFFECT_PRODUCT	DIRECTION_CONCORDANT	CONDITIONAL	FINNISH_LD_SENSITIVITY_REQUIRED
TIER 2	CAT-AD	True	7	98152191	100555361	-0.0001423302020509	3.730944928345874e-05	0.0392017080189121	rs3779045	1.67457338982448e-05	0.028721851189483567	LEVEL_C_ATLAS_FDR	0.0153594	-0.0574	NEGATIVE_EFFECT_PRODUCT	DIRECTION_CONCORDANT	CONDITIONAL	FINNISH_LD_SENSITIVITY_REQUIRED
TIER 2	CAT-AD	True	7	98152191	100555361	-0.0001423302020509	3.730944928345874e-05	0.0392017080189121	rs6465764	1.79921677784203e-05	0.030262432728308152	LEVEL_C_ATLAS_FDR	0.01536	-0.057	NEGATIVE_EFFECT_PRODUCT	DIRECTION_CONCORDANT	CONDITIONAL	FINNISH_LD_SENSITIVITY_REQUIRED
TIER 2	CAT-AD	True	7	98152191	100555361	-0.0001423302020509	3.730944928345874e-05	0.0392017080189121	rs10252884	1.58349163172216e-05	0.027648732464227152	LEVEL_C_ATLAS_FDR	0.0153909	-0.0576	NEGATIVE_EFFECT_PRODUCT	DIRECTION_CONCORDANT	CONDITIONAL	FINNISH_LD_SENSITIVITY_REQUIRED
TIER 2	CAT-AD	True	7	98152191	100555361	-0.0001423302020509	3.730944928345874e-05	0.0392017080189121	rs6960458	1.79885526241373e-05	0.03026167577342274	LEVEL_C_ATLAS_FDR	0.0153603	-0.057	NEGATIVE_EFFECT_PRODUCT	DIRECTION_CONCORDANT	CONDITIONAL	FINNISH_LD_SENSITIVITY_REQUIRED
TIER 2	CAT-AD	True	7	98152191	100555361	-0.0001423302020509	3.730944928345874e-05	0.0392017080189121	rs2141160	1.70633403104115e-05	0.029134296872661312	LEVEL_C_ATLAS_FDR	0.0153583	-0.0573	NEGATIVE_EFFECT_PRODUCT	DIRECTION_CONCORDANT	CONDITIONAL	FINNISH_LD_SENSITIVITY_REQUIRED
TIER 2	CAT-AD	True	7	98152191	100555361	-0.0001423302020509	3.730944928345874e-05	0.0392017080189121	rs6465765	3.0486348842306e-05	0.04348961793301598	LEVEL_C_ATLAS_FDR	0.0144879	-0.0575	NEGATIVE_EFFECT_PRODUCT	DIRECTION_CONCORDANT	CONDITIONAL	FINNISH_LD_SENSITIVITY_REQUIRED
TIER 2	CAT-AD	True	7	98152191	100555361	-0.0001423302020509	3.730944928345874e-05	0.0392017080189121	rs6465766	1.14277149040615e-05	0.021957140251818368	LEVEL_C_ATLAS_FDR	0.0161519	-0.0565	NEGATIVE_EFFECT_PRODUCT	DIRECTION_CONCORDANT	CONDITIONAL	FINNISH_LD_SENSITIVITY_REQUIRED
TIER 2	CAT-AD	True	7	98152191	100555361	-0.0001423302020509	3.730944928345874e-05	0.0392017080189121	rs2272344	9.42647942665146e-06	0.019239671206454978	LEVEL_C_ATLAS_FDR	0.0160368	-0.0573	NEGATIVE_EFFECT_PRODUCT	DIRECTION_CONCORDANT	CONDITIONAL	FINNISH_LD_SENSITIVITY_REQUIRED
TIER 2	CAT-AD	True	7	98152191	100555361	-0.0001423302020509	3.730944928345874e-05	0.0392017080189121	rs11764176	8.8499517189275e-06	0.01835764513458162	LEVEL_C_ATLAS_FDR	0.0161302	-0.0573	NEGATIVE_EFFECT_PRODUCT	DIRECTION_CONCORDANT	CONDITIONAL	FINNISH_LD_SENSITIVITY_REQUIRED
TIER 2	CAT-AD	True	7	98152191	100555361	-0.0001423302020509	3.730944928345874e-05	0.0392017080189121	rs6948729	9.02912727372479e-06	0.018628696579259314	LEVEL_C_ATLAS_FDR	0.0161002	-0.0573	NEGATIVE_EFFECT_PRODUCT	DIRECTION_CONCORDANT	CONDITIONAL	FINNISH_LD_SENSITIVITY_REQUIRED
TIER 2	CAT-AD	True	7	98152191	100555361	-0.0001423302020509	3.730944928345874e-05	0.0392017080189121	rs12666425	9.13808036520666e-06	0.01879916242876919	LEVEL_C_ATLAS_FDR	0.0160611	-0.058	NEGATIVE_EFFECT_PRODUCT	DIRECTION_CONCORDANT	CONDITIONAL	FINNISH_LD_SENSITIVITY_REQUIRED
TIER 2	CAT-AD	True	7	98152191	100555361	-0.0001423302020509	3.730944928345874e-05	0.0392017080189121	rs11767968	1.57887903818475e-05	0.027587925799105177	LEVEL_C_ATLAS_FDR	0.0156703	-0.0559	NEGATIVE_EFFECT_PRODUCT	DIRECTION_CONCORDANT	CONDITIONAL	FINNISH_LD_SENSITIVITY_REQUIRED
TIER 2	CAT-AD	True	7	98152191	100555361	-0.0001423302020509	3.730944928345874e-05	0.0392017080189121	rs7811662	1.35859914113274e-05	0.02484367648667285	LEVEL_C_ATLAS_FDR	0.015672	-0.0567	NEGATIVE_EFFECT_PRODUCT	DIRECTION_CONCORDANT	CONDITIONAL	FINNISH_LD_SENSITIVITY_REQUIRED
TIER 2	CAT-AD	True	7	98152191	100555361	-0.0001423302020509	3.730944928345874e-05	0.0392017080189121	rs3823642	8.73436863035957e-06	0.01817872338703548	LEVEL_C_ATLAS_FDR	0.0163794	-0.0563	NEGATIVE_EFFECT_PRODUCT	DIRECTION_CONCORDANT	CONDITIONAL	FINNISH_LD_SENSITIVITY_REQUIRED
TIER 2	CAT-AD	True	7	98152191	100555361	-0.0001423302020509	3.730944928345874e-05	0.0392017080189121	rs1628077	1.26346796816689e-05	0.023604475789422368	LEVEL_C_ATLAS_FDR	0.0156691	-0.0571	NEGATIVE_EFFECT_PRODUCT	DIRECTION_CONCORDANT	CONDITIONAL	FINNISH_LD_SENSITIVITY_REQUIRED
TIER 2	CAT-AD	True	7	98152191	100555361	-0.0001423302020509	3.730944928345874e-05	0.0392017080189121	rs1727122	1.04545954434359e-05	0.020648463091637675	LEVEL_C_ATLAS_FDR	-0.016062	0.0579	NEGATIVE_EFFECT_PRODUCT	DIRECTION_CONCORDANT	CONDITIONAL	FINNISH_LD_SENSITIVITY_REQUIRED
TIER 2	CAT-AD	True	7	98152191	100555361	-0.0001423302020509	3.730944928345874e-05	0.0392017080189121	rs1727123	1.187779510917e-05	0.02258179499286865	LEVEL_C_ATLAS_FDR	-0.016062	0.056	NEGATIVE_EFFECT_PRODUCT	DIRECTION_CONCORDANT	CONDITIONAL	FINNISH_LD_SENSITIVITY_REQUIRED
TIER 2	CAT-AD	True	7	98152191	100555361	-0.0001423302020509	3.730944928345874e-05	0.0392017080189121	rs1727124	1.1429457464817e-05	0.021957140251818368	LEVEL_C_ATLAS_FDR	-0.0160624	0.0562	NEGATIVE_EFFECT_PRODUCT	DIRECTION_CONCORDANT	CONDITIONAL	FINNISH_LD_SENSITIVITY_REQUIRED
TIER 2	CAT-AD	True	7	98152191	100555361	-0.0001423302020509	3.730944928345874e-05	0.0392017080189121	rs1727125	1.12131757350129e-05	0.021669543887559536	LEVEL_C_ATLAS_FDR	-0.0160624	0.0563	NEGATIVE_EFFECT_PRODUCT	DIRECTION_CONCORDANT	CONDITIONAL	FINNISH_LD_SENSITIVITY_REQUIRED
TIER 2	CAT-AD	True	7	98152191	100555361	-0.0001423302020509	3.730944928345874e-05	0.0392017080189121	rs2528900	1.49271875049245e-05	0.026497768615923404	LEVEL_C_ATLAS_FDR	-0.0156705	0.0562	NEGATIVE_EFFECT_PRODUCT	DIRECTION_CONCORDANT	CONDITIONAL	FINNISH_LD_SENSITIVITY_REQUIRED
TIER 2	CAT-AD	True	7	98152191	100555361	-0.0001423302020509	3.730944928345874e-05	0.0392017080189121	rs1061230	1.08069199969443e-05	0.021138652182477822	LEVEL_C_ATLAS_FDR	-0.0160604	0.0565	NEGATIVE_EFFECT_PRODUCT	DIRECTION_CONCORDANT	CONDITIONAL	FINNISH_LD_SENSITIVITY_REQUIRED
TIER 2	CAT-AD	True	7	98152191	100555361	-0.0001423302020509	3.730944928345874e-05	0.0392017080189121	rs1637001	9.70129971117414e-06	0.019624042329788146	LEVEL_C_ATLAS_FDR	-0.0161362	0.0568	NEGATIVE_EFFECT_PRODUCT	DIRECTION_CONCORDANT	CONDITIONAL	FINNISH_LD_SENSITIVITY_REQUIRED
TIER 2	CAT-AD	True	7	98152191	100555361	-0.0001423302020509	3.730944928345874e-05	0.0392017080189121	rs1617502	3.19678538664518e-06	0.00892051161000952	LEVEL_C_ATLAS_FDR	-0.0178238	0.0555	NEGATIVE_EFFECT_PRODUCT	DIRECTION_CONCORDANT	CONDITIONAL	FINNISH_LD_SENSITIVITY_REQUIRED
TIER 2	CAT-AD	True	7	98152191	100555361	-0.0001423302020509	3.730944928345874e-05	0.0392017080189121	rs2257213	1.65562852548067e-05	0.028495843136256922	LEVEL_C_ATLAS_FDR	-0.0155374	0.0562	NEGATIVE_EFFECT_PRODUCT	DIRECTION_CONCORDANT	CONDITIONAL	FINNISH_LD_SENSITIVITY_REQUIRED
TIER 2	CAT-AD	True	7	98152191	100555361	-0.0001423302020509	3.730944928345874e-05	0.0392017080189121	rs1618851	1.71670556728209e-05	0.029268055880650026	LEVEL_C_ATLAS_FDR	-0.0154155	0.0564	NEGATIVE_EFFECT_PRODUCT	DIRECTION_CONCORDANT	CONDITIONAL	FINNISH_LD_SENSITIVITY_REQUIRED
TIER 2	CAT-AD	True	7	98152191	100555361	-0.0001423302020509	3.730944928345874e-05	0.0392017080189121	rs1636975	1.61243146179496e-05	0.02799071350403194	LEVEL_C_ATLAS_FDR	-0.0155124	0.0564	NEGATIVE_EFFECT_PRODUCT	DIRECTION_CONCORDANT	CONDITIONAL	FINNISH_LD_SENSITIVITY_REQUIRED
TIER 2	CAT-AD	True	7	98152191	100555361	-0.0001423302020509	3.730944928345874e-05	0.0392017080189121	rs1727132	1.67643471119639e-05	0.028742414333150695	LEVEL_C_ATLAS_FDR	-0.0154785	0.0563	NEGATIVE_EFFECT_PRODUCT	DIRECTION_CONCORDANT	CONDITIONAL	FINNISH_LD_SENSITIVITY_REQUIRED
TIER 2	CAT-AD	True	7	98152191	100555361	-0.0001423302020509	3.730944928345874e-05	0.0392017080189121	rs1727133	1.70756463885994e-05	0.02914800326749743	LEVEL_C_ATLAS_FDR	-0.0154785	0.0562	NEGATIVE_EFFECT_PRODUCT	DIRECTION_CONCORDANT	CONDITIONAL	FINNISH_LD_SENSITIVITY_REQUIRED
TIER 2	CAT-AD	True	7	98152191	100555361	-0.0001423302020509	3.730944928345874e-05	0.0392017080189121	rs1727134	1.60195169586093e-05	0.027868721632541	LEVEL_C_ATLAS_FDR	-0.0154418	0.0567	NEGATIVE_EFFECT_PRODUCT	DIRECTION_CONCORDANT	CONDITIONAL	FINNISH_LD_SENSITIVITY_REQUIRED
TIER 2	CAT-AD	True	7	98152191	100555361	-0.0001423302020509	3.730944928345874e-05	0.0392017080189121	rs1636978	1.60188882777512e-05	0.027868721632541	LEVEL_C_ATLAS_FDR	-0.0154668	0.0566	NEGATIVE_EFFECT_PRODUCT	DIRECTION_CONCORDANT	CONDITIONAL	FINNISH_LD_SENSITIVITY_REQUIRED
TIER 2	CAT-AD	True	7	98152191	100555361	-0.0001423302020509	3.730944928345874e-05	0.0392017080189121	rs36019559	1.57377769863841e-05	0.027525144346389186	LEVEL_C_ATLAS_FDR	-0.0154725	0.0579	NEGATIVE_EFFECT_PRODUCT	DIRECTION_CONCORDANT	CONDITIONAL	FINNISH_LD_SENSITIVITY_REQUIRED
TIER 2	CAT-AD	True	7	98152191	100555361	-0.0001423302020509	3.730944928345874e-05	0.0392017080189121	rs2005763	1.61607858854172e-05	0.02803579822958132	LEVEL_C_ATLAS_FDR	-0.0155135	0.0576	NEGATIVE_EFFECT_PRODUCT	DIRECTION_CONCORDANT	CONDITIONAL	FINNISH_LD_SENSITIVITY_REQUIRED
TIER 2	CAT-AD	True	7	98152191	100555361	-0.0001423302020509	3.730944928345874e-05	0.0392017080189121	rs1727138	1.58395991477999e-05	0.0276518994190498	LEVEL_C_ATLAS_FDR	-0.0154808	0.0566	NEGATIVE_EFFECT_PRODUCT	DIRECTION_CONCORDANT	CONDITIONAL	FINNISH_LD_SENSITIVITY_REQUIRED
TIER 2	CAT-AD	True	7	98152191	100555361	-0.0001423302020509	3.730944928345874e-05	0.0392017080189121	rs1727139	1.60096139522114e-05	0.027862664957960418	LEVEL_C_ATLAS_FDR	-0.0154648	0.0566	NEGATIVE_EFFECT_PRODUCT	DIRECTION_CONCORDANT	CONDITIONAL	FINNISH_LD_SENSITIVITY_REQUIRED
TIER 2	CAT-AD	True	7	98152191	100555361	-0.0001423302020509	3.730944928345874e-05	0.0392017080189121	rs1727142	1.05703397712729e-05	0.02079894249114578	LEVEL_C_ATLAS_FDR	-0.0160405	0.0575	NEGATIVE_EFFECT_PRODUCT	DIRECTION_CONCORDANT	CONDITIONAL	FINNISH_LD_SENSITIVITY_REQUIRED
TIER 2	CAT-AD	True	7	98152191	100555361	-0.0001423302020509	3.730944928345874e-05	0.0392017080189121	rs1636988	1.60427676056033e-05	0.027895070033123793	LEVEL_C_ATLAS_FDR	-0.0154344	0.0567	NEGATIVE_EFFECT_PRODUCT	DIRECTION_CONCORDANT	CONDITIONAL	FINNISH_LD_SENSITIVITY_REQUIRED
TIER 2	CAT-AD	True	7	98152191	100555361	-0.0001423302020509	3.730944928345874e-05	0.0392017080189121	rs1727144	1.47452547575033e-05	0.026269390298963677	LEVEL_C_ATLAS_FDR	-0.015435	0.0584	NEGATIVE_EFFECT_PRODUCT	DIRECTION_CONCORDANT	CONDITIONAL	FINNISH_LD_SENSITIVITY_REQUIRED
TIER 2	CAT-AD	True	7	98152191	100555361	-0.0001423302020509	3.730944928345874e-05	0.0392017080189121	rs2906645	1.6893244722522e-05	0.02892483476849939	LEVEL_C_ATLAS_FDR	-0.0154662	0.0563	NEGATIVE_EFFECT_PRODUCT	DIRECTION_CONCORDANT	CONDITIONAL	FINNISH_LD_SENSITIVITY_REQUIRED
TIER 2	CAT-AD	True	7	98152191	100555361	-0.0001423302020509	3.730944928345874e-05	0.0392017080189121	rs858505	1.51763261043769e-05	0.026818511333910056	LEVEL_C_ATLAS_FDR	-0.0154351	0.057	NEGATIVE_EFFECT_PRODUCT	DIRECTION_CONCORDANT	CONDITIONAL	FINNISH_LD_SENSITIVITY_REQUIRED
TIER 2	CAT-AD	True	7	98152191	100555361	-0.0001423302020509	3.730944928345874e-05	0.0392017080189121	rs858506	1.72005547780659e-05	0.02930933329181537	LEVEL_C_ATLAS_FDR	-0.0154105	0.0564	NEGATIVE_EFFECT_PRODUCT	DIRECTION_CONCORDANT	CONDITIONAL	FINNISH_LD_SENSITIVITY_REQUIRED
TIER 2	CAT-AD	True	7	98152191	100555361	-0.0001423302020509	3.730944928345874e-05	0.0392017080189121	rs858507	1.46226453810944e-05	0.026122865653058894	LEVEL_C_ATLAS_FDR	-0.0154358	0.0572	NEGATIVE_EFFECT_PRODUCT	DIRECTION_CONCORDANT	CONDITIONAL	FINNISH_LD_SENSITIVITY_REQUIRED
TIER 2	CAT-AD	True	7	98152191	100555361	-0.0001423302020509	3.730944928345874e-05	0.0392017080189121	rs858509	1.47297935106557e-05	0.02625262448575957	LEVEL_C_ATLAS_FDR	-0.0154366	0.0584	NEGATIVE_EFFECT_PRODUCT	DIRECTION_CONCORDANT	CONDITIONAL	FINNISH_LD_SENSITIVITY_REQUIRED
TIER 2	CAT-AD	True	7	98152191	100555361	-0.0001423302020509	3.730944928345874e-05	0.0392017080189121	rs863450	1.60140023728421e-05	0.027866110994053218	LEVEL_C_ATLAS_FDR	-0.0154371	0.0567	NEGATIVE_EFFECT_PRODUCT	DIRECTION_CONCORDANT	CONDITIONAL	FINNISH_LD_SENSITIVITY_REQUIRED
TIER 2	CAT-AD	True	7	98152191	100555361	-0.0001423302020509	3.730944928345874e-05	0.0392017080189121	rs858511	1.54392796590481e-05	0.027153758848700686	LEVEL_C_ATLAS_FDR	-0.0154369	0.0569	NEGATIVE_EFFECT_PRODUCT	DIRECTION_CONCORDANT	CONDITIONAL	FINNISH_LD_SENSITIVITY_REQUIRED
TIER 2	CAT-AD	True	7	98152191	100555361	-0.0001423302020509	3.730944928345874e-05	0.0392017080189121	rs858512	1.54340598608539e-05	0.027148190632196353	LEVEL_C_ATLAS_FDR	-0.0154374	0.0569	NEGATIVE_EFFECT_PRODUCT	DIRECTION_CONCORDANT	CONDITIONAL	FINNISH_LD_SENSITIVITY_REQUIRED
TIER 2	CAT-AD	True	7	98152191	100555361	-0.0001423302020509	3.730944928345874e-05	0.0392017080189121	rs858513	1.54323595320362e-05	0.027146575413710173	LEVEL_C_ATLAS_FDR	-0.0154376	0.0569	NEGATIVE_EFFECT_PRODUCT	DIRECTION_CONCORDANT	CONDITIONAL	FINNISH_LD_SENSITIVITY_REQUIRED
TIER 2	CAT-AD	True	7	98152191	100555361	-0.0001423302020509	3.730944928345874e-05	0.0392017080189121	rs858514	1.40911709505917e-05	0.02548207566142069	LEVEL_C_ATLAS_FDR	-0.0154364	0.0574	NEGATIVE_EFFECT_PRODUCT	DIRECTION_CONCORDANT	CONDITIONAL	FINNISH_LD_SENSITIVITY_REQUIRED
TIER 2	CAT-AD	True	7	98152191	100555361	-0.0001423302020509	3.730944928345874e-05	0.0392017080189121	rs2950520	1.4245562794618e-05	0.025671537406823368	LEVEL_C_ATLAS_FDR	-0.0153152	0.0578	NEGATIVE_EFFECT_PRODUCT	DIRECTION_CONCORDANT	CONDITIONAL	FINNISH_LD_SENSITIVITY_REQUIRED
TIER 2	CAT-AD	True	7	98152191	100555361	-0.0001423302020509	3.730944928345874e-05	0.0392017080189121	rs866500	2.33496582943748e-05	0.03623831889556544	LEVEL_C_ATLAS_FDR	-0.0131853	0.0682	NEGATIVE_EFFECT_PRODUCT	DIRECTION_CONCORDANT	CONDITIONAL	FINNISH_LD_SENSITIVITY_REQUIRED
TIER 2	CAT-STROKE	True	17	17299591	18446092	0.0001787233093715	9.665684731057544e-06	0.0196335024289898	rs9900803	1.91600034629148e-06	0.006103916674756091	LEVEL_C_ATLAS_FDR	-0.0214344	-0.039	POSITIVE_EFFECT_PRODUCT	DIRECTION_CONCORDANT	CONDITIONAL	FINNISH_LD_SENSITIVITY_REQUIRED
TIER 2	CAT-STROKE	True	17	17299591	18446092	0.0001787233093715	9.665684731057544e-06	0.0196335024289898	rs11656775	1.59020236263084e-06	0.005261521398353205	LEVEL_C_ATLAS_FDR	-0.0215342	-0.039	POSITIVE_EFFECT_PRODUCT	DIRECTION_CONCORDANT	CONDITIONAL	FINNISH_LD_SENSITIVITY_REQUIRED
TIER 2	CAT-STROKE	True	17	17299591	18446092	0.0001787233093715	9.665684731057544e-06	0.0196335024289898	rs4925109	6.39730149068513e-07	0.0025046377686105243	LEVEL_C_ATLAS_FDR	-0.0240793	-0.0388	POSITIVE_EFFECT_PRODUCT	DIRECTION_CONCORDANT	CONDITIONAL	FINNISH_LD_SENSITIVITY_REQUIRED
TIER 2	CAT-STROKE	True	17	17299591	18446092	0.0001787233093715	9.665684731057544e-06	0.0196335024289898	rs8067439	3.84468400506121e-06	0.010193668072085792	LEVEL_C_ATLAS_FDR	-0.0273449	-0.0276	POSITIVE_EFFECT_PRODUCT	DIRECTION_CONCORDANT	CONDITIONAL	FINNISH_LD_SENSITIVITY_REQUIRED
TIER 2	CAT-STROKE	True	17	17299591	18446092	0.0001787233093715	9.665684731057544e-06	0.0196335024289898	rs2350976	1.79820105609055e-06	0.005802064361953348	LEVEL_C_ATLAS_FDR	-0.0286069	-0.0282	POSITIVE_EFFECT_PRODUCT	DIRECTION_CONCORDANT	CONDITIONAL	FINNISH_LD_SENSITIVITY_REQUIRED
TIER 2	CAT-STROKE	True	17	17299591	18446092	0.0001787233093715	9.665684731057544e-06	0.0196335024289898	rs11652881	1.4055752210709e-06	0.004764173398979189	LEVEL_C_ATLAS_FDR	-0.0287711	-0.0286	POSITIVE_EFFECT_PRODUCT	DIRECTION_CONCORDANT	CONDITIONAL	FINNISH_LD_SENSITIVITY_REQUIRED
TIER 2	CAT-STROKE	True	17	17299591	18446092	0.0001787233093715	9.665684731057544e-06	0.0196335024289898	rs4925114	1.27035874183901e-06	0.00438289498634909	LEVEL_C_ATLAS_FDR	-0.0274234	-0.0313	POSITIVE_EFFECT_PRODUCT	DIRECTION_CONCORDANT	CONDITIONAL	FINNISH_LD_SENSITIVITY_REQUIRED
TIER 2	CAT-STROKE	True	17	17299591	18446092	0.0001787233093715	9.665684731057544e-06	0.0196335024289898	rs12953299	1.33538760627353e-05	0.02451921112464135	LEVEL_C_ATLAS_FDR	-0.0313264	-0.0203	POSITIVE_EFFECT_PRODUCT	DIRECTION_CONCORDANT	CONDITIONAL	FINNISH_LD_SENSITIVITY_REQUIRED
TIER 2	CAT-STROKE	True	17	17299591	18446092	0.0001787233093715	9.665684731057544e-06	0.0196335024289898	rs8066560	4.36344918301362e-08	0.00027898825115530877	LEVEL_B_PAIRWISE_GWAS	-0.0345205	-0.0298	POSITIVE_EFFECT_PRODUCT	DIRECTION_CONCORDANT	CONDITIONAL	FINNISH_LD_SENSITIVITY_REQUIRED
TIER 2	CAT-STROKE	True	17	17299591	18446092	0.0001787233093715	9.665684731057544e-06	0.0196335024289898	rs11657423	1.86710993723146e-08	0.00014046500333714243	LEVEL_B_PAIRWISE_GWAS	-0.0346167	-0.0312	POSITIVE_EFFECT_PRODUCT	DIRECTION_CONCORDANT	CONDITIONAL	FINNISH_LD_SENSITIVITY_REQUIRED
TIER 2	CAT-STROKE	True	17	17299591	18446092	0.0001787233093715	9.665684731057544e-06	0.0196335024289898	rs9902941	2.60352354126054e-08	0.00018633550039810168	LEVEL_B_PAIRWISE_GWAS	-0.0344708	-0.0307	POSITIVE_EFFECT_PRODUCT	DIRECTION_CONCORDANT	CONDITIONAL	FINNISH_LD_SENSITIVITY_REQUIRED
TIER 2	CAT-STROKE	True	17	17299591	18446092	0.0001787233093715	9.665684731057544e-06	0.0196335024289898	rs1889018	2.19026115186334e-08	0.00016133884842286136	LEVEL_B_PAIRWISE_GWAS	-0.0344876	-0.031	POSITIVE_EFFECT_PRODUCT	DIRECTION_CONCORDANT	CONDITIONAL	FINNISH_LD_SENSITIVITY_REQUIRED
TIER 2	CAT-STROKE	True	17	17299591	18446092	0.0001787233093715	9.665684731057544e-06	0.0196335024289898	rs4925118	8.37976835440105e-07	0.0031189788941495765	LEVEL_C_ATLAS_FDR	-0.0345137	-0.0574	POSITIVE_EFFECT_PRODUCT	DIRECTION_CONCORDANT	CONDITIONAL	FINNISH_LD_SENSITIVITY_REQUIRED
TIER 2	CAT-STROKE	True	17	17299591	18446092	0.0001787233093715	9.665684731057544e-06	0.0196335024289898	rs7359509	3.58941718951275e-08	0.00024296949746400345	LEVEL_B_PAIRWISE_GWAS	-0.0342476	-0.0303	POSITIVE_EFFECT_PRODUCT	DIRECTION_CONCORDANT	CONDITIONAL	FINNISH_LD_SENSITIVITY_REQUIRED
TIER 2	CAT-STROKE	True	17	17299591	18446092	0.0001787233093715	9.665684731057544e-06	0.0196335024289898	rs4925119	1.13256335150708e-07	0.0006060787936143198	LEVEL_C_ATLAS_FDR	-0.0340592	-0.0284	POSITIVE_EFFECT_PRODUCT	DIRECTION_CONCORDANT	CONDITIONAL	FINNISH_LD_SENSITIVITY_REQUIRED
TIER 2	CAT-STROKE	True	17	17299591	18446092	0.0001787233093715	9.665684731057544e-06	0.0196335024289898	rs3183702	5.68593721690767e-08	0.0003441473829963123	LEVEL_C_ATLAS_FDR	-0.0340602	-0.0296	POSITIVE_EFFECT_PRODUCT	DIRECTION_CONCORDANT	CONDITIONAL	FINNISH_LD_SENSITIVITY_REQUIRED
TIER 2	CAT-STROKE	True	17	17299591	18446092	0.0001787233093715	9.665684731057544e-06	0.0196335024289898	rs9915248	6.71011042051491e-08	0.0003939105581656447	LEVEL_C_ATLAS_FDR	-0.0341644	-0.0292	POSITIVE_EFFECT_PRODUCT	DIRECTION_CONCORDANT	CONDITIONAL	FINNISH_LD_SENSITIVITY_REQUIRED
TIER 2	CAT-STROKE	True	17	17299591	18446092	0.0001787233093715	9.665684731057544e-06	0.0196335024289898	rs4924822	6.27179672315054e-08	0.0003725906233575179	LEVEL_C_ATLAS_FDR	-0.0340798	-0.0294	POSITIVE_EFFECT_PRODUCT	DIRECTION_CONCORDANT	CONDITIONAL	FINNISH_LD_SENSITIVITY_REQUIRED
TIER 2	CAT-STROKE	True	17	17299591	18446092	0.0001787233093715	9.665684731057544e-06	0.0196335024289898	rs3744115	6.08970727151089e-08	0.0003639532843279537	LEVEL_C_ATLAS_FDR	-0.0341427	-0.0294	POSITIVE_EFFECT_PRODUCT	DIRECTION_CONCORDANT	CONDITIONAL	FINNISH_LD_SENSITIVITY_REQUIRED
TIER 2	CAT-STROKE	True	17	17299591	18446092	0.0001787233093715	9.665684731057544e-06	0.0196335024289898	rs1052299	6.39198273342974e-08	0.0003788228811337923	LEVEL_C_ATLAS_FDR	-0.0341541	-0.0293	POSITIVE_EFFECT_PRODUCT	DIRECTION_CONCORDANT	CONDITIONAL	FINNISH_LD_SENSITIVITY_REQUIRED
TIER 2	CAT-STROKE	True	17	17299591	18446092	0.0001787233093715	9.665684731057544e-06	0.0196335024289898	rs7501812	6.18075040280754e-08	0.0003682532252559782	LEVEL_C_ATLAS_FDR	-0.0332205	-0.0302	POSITIVE_EFFECT_PRODUCT	DIRECTION_CONCORDANT	CONDITIONAL	FINNISH_LD_SENSITIVITY_REQUIRED
TIER 2	CAT-STROKE	True	17	17299591	18446092	0.0001787233093715	9.665684731057544e-06	0.0196335024289898	rs12951376	1.19420494104466e-06	0.0041594299493518125	LEVEL_C_ATLAS_FDR	-0.029044	-0.0317	POSITIVE_EFFECT_PRODUCT	DIRECTION_CONCORDANT	CONDITIONAL	FINNISH_LD_SENSITIVITY_REQUIRED
TIER 2	CAT-STROKE	True	17	17299591	18446092	0.0001787233093715	9.665684731057544e-06	0.0196335024289898	rs4925120	3.92195865948666e-08	0.00025739806525367447	LEVEL_B_PAIRWISE_GWAS	-0.0340148	-0.0304	POSITIVE_EFFECT_PRODUCT	DIRECTION_CONCORDANT	CONDITIONAL	FINNISH_LD_SENSITIVITY_REQUIRED
TIER 2	CAT-STROKE	True	17	17299591	18446092	0.0001787233093715	9.665684731057544e-06	0.0196335024289898	rs16960744	3.45908225348044e-08	0.00023597492598225522	LEVEL_B_PAIRWISE_GWAS	-0.0342841	-0.0304	POSITIVE_EFFECT_PRODUCT	DIRECTION_CONCORDANT	CONDITIONAL	FINNISH_LD_SENSITIVITY_REQUIRED
TIER 2	CAT-STROKE	True	17	17299591	18446092	0.0001787233093715	9.665684731057544e-06	0.0196335024289898	rs11078400	1.84387896179966e-08	0.00013895824138685498	LEVEL_B_PAIRWISE_GWAS	-0.036306	-0.0298	POSITIVE_EFFECT_PRODUCT	DIRECTION_CONCORDANT	CONDITIONAL	FINNISH_LD_SENSITIVITY_REQUIRED
TIER 2	CAT-STROKE	True	17	17299591	18446092	0.0001787233093715	9.665684731057544e-06	0.0196335024289898	rs8079321	1.83415438276569e-08	0.00013834552227646733	LEVEL_B_PAIRWISE_GWAS	-0.0364373	-0.0297	POSITIVE_EFFECT_PRODUCT	DIRECTION_CONCORDANT	CONDITIONAL	FINNISH_LD_SENSITIVITY_REQUIRED
TIER 2	CAT-STROKE	True	17	17299591	18446092	0.0001787233093715	9.665684731057544e-06	0.0196335024289898	rs4924823	2.90461311621215e-08	0.00020389089481813712	LEVEL_B_PAIRWISE_GWAS	-0.0363115	-0.029	POSITIVE_EFFECT_PRODUCT	DIRECTION_CONCORDANT	CONDITIONAL	FINNISH_LD_SENSITIVITY_REQUIRED
TIER 2	CAT-STROKE	True	17	17299591	18446092	0.0001787233093715	9.665684731057544e-06	0.0196335024289898	rs12941039	1.94251671195461e-08	0.00014528776035399268	LEVEL_B_PAIRWISE_GWAS	-0.0363429	-0.0296	POSITIVE_EFFECT_PRODUCT	DIRECTION_CONCORDANT	CONDITIONAL	FINNISH_LD_SENSITIVITY_REQUIRED
TIER 2	CAT-STROKE	True	17	17299591	18446092	0.0001787233093715	9.665684731057544e-06	0.0196335024289898	rs9907246	2.2562156560604e-08	0.00016549422726998996	LEVEL_B_PAIRWISE_GWAS	-0.0362671	-0.0294	POSITIVE_EFFECT_PRODUCT	DIRECTION_CONCORDANT	CONDITIONAL	FINNISH_LD_SENSITIVITY_REQUIRED
TIER 2	CAT-STROKE	True	17	17299591	18446092	0.0001787233093715	9.665684731057544e-06	0.0196335024289898	rs9907287	2.72941981073961e-08	0.0001938344824020473	LEVEL_B_PAIRWISE_GWAS	-0.0363207	-0.0291	POSITIVE_EFFECT_PRODUCT	DIRECTION_CONCORDANT	CONDITIONAL	FINNISH_LD_SENSITIVITY_REQUIRED
TIER 2	CAT-STROKE	True	17	17299591	18446092	0.0001787233093715	9.665684731057544e-06	0.0196335024289898	rs8080061	2.56755532623618e-08	0.0001842007433209673	LEVEL_B_PAIRWISE_GWAS	-0.0363344	-0.0292	POSITIVE_EFFECT_PRODUCT	DIRECTION_CONCORDANT	CONDITIONAL	FINNISH_LD_SENSITIVITY_REQUIRED
TIER 2	CAT-STROKE	True	17	17299591	18446092	0.0001787233093715	9.665684731057544e-06	0.0196335024289898	rs7503334	6.44221651920953e-09	5.707825039926181e-05	LEVEL_B_PAIRWISE_GWAS	-0.0349045	-0.0316	POSITIVE_EFFECT_PRODUCT	DIRECTION_CONCORDANT	CONDITIONAL	FINNISH_LD_SENSITIVITY_REQUIRED
TIER 2	CAT-STROKE	True	17	17299591	18446092	0.0001787233093715	9.665684731057544e-06	0.0196335024289898	rs8065563	7.08334473866549e-09	6.193322650673953e-05	LEVEL_B_PAIRWISE_GWAS	-0.0349143	-0.031	POSITIVE_EFFECT_PRODUCT	DIRECTION_CONCORDANT	CONDITIONAL	FINNISH_LD_SENSITIVITY_REQUIRED
TIER 2	CAT-STROKE	True	17	17299591	18446092	0.0001787233093715	9.665684731057544e-06	0.0196335024289898	rs950966	2.5491766784182e-07	0.0011734020144747689	LEVEL_C_ATLAS_FDR	-0.0349924	-0.0251	POSITIVE_EFFECT_PRODUCT	DIRECTION_CONCORDANT	CONDITIONAL	FINNISH_LD_SENSITIVITY_REQUIRED
TIER 2	CAT-STROKE	True	17	17299591	18446092	0.0001787233093715	9.665684731057544e-06	0.0196335024289898	rs4925123	1.34698513876829e-07	0.0006982696931517727	LEVEL_C_ATLAS_FDR	-0.0352095	-0.0257	POSITIVE_EFFECT_PRODUCT	DIRECTION_CONCORDANT	CONDITIONAL	FINNISH_LD_SENSITIVITY_REQUIRED
TIER 2	CAT-STROKE	True	17	17299591	18446092	0.0001787233093715	9.665684731057544e-06	0.0196335024289898	rs11650649	6.7640130884948e-09	5.948577807647646e-05	LEVEL_B_PAIRWISE_GWAS	-0.0349231	-0.0315	POSITIVE_EFFECT_PRODUCT	DIRECTION_CONCORDANT	CONDITIONAL	FINNISH_LD_SENSITIVITY_REQUIRED
TIER 2	CAT-STROKE	True	17	17299591	18446092	0.0001787233093715	9.665684731057544e-06	0.0196335024289898	rs12943500	6.27887729150571e-06	0.014476949834875429	LEVEL_C_ATLAS_FDR	-0.0232524	-0.0285	POSITIVE_EFFECT_PRODUCT	DIRECTION_CONCORDANT	CONDITIONAL	FINNISH_LD_SENSITIVITY_REQUIRED
TIER 2	CAT-STROKE	True	17	17299591	18446092	0.0001787233093715	9.665684731057544e-06	0.0196335024289898	rs4925125	1.72829282498894e-07	0.0008525845568605231	LEVEL_C_ATLAS_FDR	-0.0348089	-0.0256	POSITIVE_EFFECT_PRODUCT	DIRECTION_CONCORDANT	CONDITIONAL	FINNISH_LD_SENSITIVITY_REQUIRED
TIER 2	CAT-STROKE	True	17	17299591	18446092	0.0001787233093715	9.665684731057544e-06	0.0196335024289898	rs4925126	1.73181415694022e-07	0.0008538949793210967	LEVEL_C_ATLAS_FDR	-0.0348043	-0.0256	POSITIVE_EFFECT_PRODUCT	DIRECTION_CONCORDANT	CONDITIONAL	FINNISH_LD_SENSITIVITY_REQUIRED
TIER 2	CAT-STROKE	True	17	17299591	18446092	0.0001787233093715	9.665684731057544e-06	0.0196335024289898	rs2350977	5.19122582333705e-09	4.797773173542186e-05	LEVEL_B_PAIRWISE_GWAS	-0.0347839	-0.0317	POSITIVE_EFFECT_PRODUCT	DIRECTION_CONCORDANT	CONDITIONAL	FINNISH_LD_SENSITIVITY_REQUIRED
TIER 2	CAT-STROKE	True	17	17299591	18446092	0.0001787233093715	9.665684731057544e-06	0.0196335024289898	rs8070128	6.2815451972492e-09	5.592282310776463e-05	LEVEL_B_PAIRWISE_GWAS	-0.0348118	-0.0313	POSITIVE_EFFECT_PRODUCT	DIRECTION_CONCORDANT	CONDITIONAL	FINNISH_LD_SENSITIVITY_REQUIRED
TIER 2	CAT-STROKE	True	17	17299591	18446092	0.0001787233093715	9.665684731057544e-06	0.0196335024289898	rs4925129	1.79013968508281e-07	0.0008774790645166037	LEVEL_C_ATLAS_FDR	0.0348175	0.0248	POSITIVE_EFFECT_PRODUCT	DIRECTION_CONCORDANT	CONDITIONAL	FINNISH_LD_SENSITIVITY_REQUIRED
TIER 2	CAT-STROKE	True	17	17299591	18446092	0.0001787233093715	9.665684731057544e-06	0.0196335024289898	rs4925130	2.29428237645817e-08	0.00016783652769183046	LEVEL_B_PAIRWISE_GWAS	0.0350345	0.0281	POSITIVE_EFFECT_PRODUCT	DIRECTION_CONCORDANT	CONDITIONAL	FINNISH_LD_SENSITIVITY_REQUIRED
TIER 2	CAT-STROKE	True	17	17299591	18446092	0.0001787233093715	9.665684731057544e-06	0.0196335024289898	rs8078138	7.68045655840858e-09	6.620354437464239e-05	LEVEL_B_PAIRWISE_GWAS	0.0348148	0.0301	POSITIVE_EFFECT_PRODUCT	DIRECTION_CONCORDANT	CONDITIONAL	FINNISH_LD_SENSITIVITY_REQUIRED
TIER 2	CAT-STROKE	True	17	17299591	18446092	0.0001787233093715	9.665684731057544e-06	0.0196335024289898	rs7222480	2.10565717728964e-08	0.00015597723392722168	LEVEL_B_PAIRWISE_GWAS	0.034818	0.0288	POSITIVE_EFFECT_PRODUCT	DIRECTION_CONCORDANT	CONDITIONAL	FINNISH_LD_SENSITIVITY_REQUIRED
TIER 2	CAT-STROKE	True	17	17299591	18446092	0.0001787233093715	9.665684731057544e-06	0.0196335024289898	rs9912895	2.19364320169767e-07	0.001035423931871039	LEVEL_C_ATLAS_FDR	0.0348083	0.0245	POSITIVE_EFFECT_PRODUCT	DIRECTION_CONCORDANT	CONDITIONAL	FINNISH_LD_SENSITIVITY_REQUIRED
TIER 2	CAT-STROKE	True	17	17299591	18446092	0.0001787233093715	9.665684731057544e-06	0.0196335024289898	rs8073001	4.85677361617452e-09	4.542895427256013e-05	LEVEL_B_PAIRWISE_GWAS	0.0348362	0.0309	POSITIVE_EFFECT_PRODUCT	DIRECTION_CONCORDANT	CONDITIONAL	FINNISH_LD_SENSITIVITY_REQUIRED
TIER 2	CAT-STROKE	True	17	17299591	18446092	0.0001787233093715	9.665684731057544e-06	0.0196335024289898	rs5002487	1.40543282744206e-07	0.0007243497706694765	LEVEL_C_ATLAS_FDR	0.0348242	0.0252	POSITIVE_EFFECT_PRODUCT	DIRECTION_CONCORDANT	CONDITIONAL	FINNISH_LD_SENSITIVITY_REQUIRED
TIER 2	CAT-STROKE	True	17	17299591	18446092	0.0001787233093715	9.665684731057544e-06	0.0196335024289898	rs6502622	1.05877578574606e-07	0.0005737106338897653	LEVEL_C_ATLAS_FDR	0.0348405	0.0257	POSITIVE_EFFECT_PRODUCT	DIRECTION_CONCORDANT	CONDITIONAL	FINNISH_LD_SENSITIVITY_REQUIRED
TIER 2	CAT-STROKE	True	17	17299591	18446092	0.0001787233093715	9.665684731057544e-06	0.0196335024289898	rs4341796	7.22162407325315e-09	6.288825118544935e-05	LEVEL_B_PAIRWISE_GWAS	0.0349433	0.0301	POSITIVE_EFFECT_PRODUCT	DIRECTION_CONCORDANT	CONDITIONAL	FINNISH_LD_SENSITIVITY_REQUIRED
TIER 2	CAT-STROKE	True	17	17299591	18446092	0.0001787233093715	9.665684731057544e-06	0.0196335024289898	rs11078406	1.42744216680502e-08	0.00011083973956573309	LEVEL_B_PAIRWISE_GWAS	0.0349378	0.029	POSITIVE_EFFECT_PRODUCT	DIRECTION_CONCORDANT	CONDITIONAL	FINNISH_LD_SENSITIVITY_REQUIRED
TIER 2	CAT-STROKE	True	17	17299591	18446092	0.0001787233093715	9.665684731057544e-06	0.0196335024289898	rs4470201	7.72499431918644e-09	6.650487460548778e-05	LEVEL_B_PAIRWISE_GWAS	0.0349785	0.03	POSITIVE_EFFECT_PRODUCT	DIRECTION_CONCORDANT	CONDITIONAL	FINNISH_LD_SENSITIVITY_REQUIRED
TIER 2	CAT-STROKE	True	17	17299591	18446092	0.0001787233093715	9.665684731057544e-06	0.0196335024289898	rs6502624	7.44304958167709e-09	6.446129600601356e-05	LEVEL_B_PAIRWISE_GWAS	0.0350631	0.03	POSITIVE_EFFECT_PRODUCT	DIRECTION_CONCORDANT	CONDITIONAL	FINNISH_LD_SENSITIVITY_REQUIRED
TIER 2	CAT-STROKE	True	17	17299591	18446092	0.0001787233093715	9.665684731057544e-06	0.0196335024289898	rs8065416	6.56330392416994e-09	5.795558651014857e-05	LEVEL_B_PAIRWISE_GWAS	0.0349608	0.0303	POSITIVE_EFFECT_PRODUCT	DIRECTION_CONCORDANT	CONDITIONAL	FINNISH_LD_SENSITIVITY_REQUIRED
TIER 2	CAT-STROKE	True	17	17299591	18446092	0.0001787233093715	9.665684731057544e-06	0.0196335024289898	rs8066982	1.68179549696551e-07	0.0008340902132424018	LEVEL_C_ATLAS_FDR	0.0348936	0.0249	POSITIVE_EFFECT_PRODUCT	DIRECTION_CONCORDANT	CONDITIONAL	FINNISH_LD_SENSITIVITY_REQUIRED
TIER 2	CAT-STROKE	True	17	17299591	18446092	0.0001787233093715	9.665684731057544e-06	0.0196335024289898	rs8078105	2.62883544832134e-07	0.001203525941917094	LEVEL_C_ATLAS_FDR	0.0348817	0.0279	POSITIVE_EFFECT_PRODUCT	DIRECTION_CONCORDANT	CONDITIONAL	FINNISH_LD_SENSITIVITY_REQUIRED
TIER 2	CAT-STROKE	True	17	17299591	18446092	0.0001787233093715	9.665684731057544e-06	0.0196335024289898	rs4257260	2.43225625778364e-07	0.0011308296251578268	LEVEL_C_ATLAS_FDR	0.0350015	0.0242	POSITIVE_EFFECT_PRODUCT	DIRECTION_CONCORDANT	CONDITIONAL	FINNISH_LD_SENSITIVITY_REQUIRED
TIER 2	CAT-STROKE	True	17	17299591	18446092	0.0001787233093715	9.665684731057544e-06	0.0196335024289898	rs8070748	9.56797299377305e-08	0.0005264234742368997	LEVEL_C_ATLAS_FDR	0.0348194	0.0259	POSITIVE_EFFECT_PRODUCT	DIRECTION_CONCORDANT	CONDITIONAL	FINNISH_LD_SENSITIVITY_REQUIRED
TIER 2	CAT-STROKE	True	17	17299591	18446092	0.0001787233093715	9.665684731057544e-06	0.0196335024289898	rs8080823	9.41982781772352e-08	0.0005193427566409819	LEVEL_C_ATLAS_FDR	0.0348051	0.0259	POSITIVE_EFFECT_PRODUCT	DIRECTION_CONCORDANT	CONDITIONAL	FINNISH_LD_SENSITIVITY_REQUIRED
TIER 2	CAT-STROKE	True	17	17299591	18446092	0.0001787233093715	9.665684731057544e-06	0.0196335024289898	rs10048206	1.81687635218394e-07	0.0008881405380453156	LEVEL_C_ATLAS_FDR	0.0348531	0.0248	POSITIVE_EFFECT_PRODUCT	DIRECTION_CONCORDANT	CONDITIONAL	FINNISH_LD_SENSITIVITY_REQUIRED
TIER 2	CAT-STROKE	True	17	17299591	18446092	0.0001787233093715	9.665684731057544e-06	0.0196335024289898	rs7213225	7.42218203663168e-08	0.00042591589768923747	LEVEL_C_ATLAS_FDR	0.0348557	0.0263	POSITIVE_EFFECT_PRODUCT	DIRECTION_CONCORDANT	CONDITIONAL	FINNISH_LD_SENSITIVITY_REQUIRED
TIER 2	CAT-STROKE	True	17	17299591	18446092	0.0001787233093715	9.665684731057544e-06	0.0196335024289898	rs6502629	1.9836448570985e-05	0.03239809779869504	LEVEL_C_ATLAS_FDR	0.0233389	0.0248	POSITIVE_EFFECT_PRODUCT	DIRECTION_CONCORDANT	CONDITIONAL	FINNISH_LD_SENSITIVITY_REQUIRED
TIER 2	CAT-STROKE	True	17	17299591	18446092	0.0001787233093715	9.665684731057544e-06	0.0196335024289898	rs8068175	1.80808830281437e-08	0.00013676576924917923	LEVEL_B_PAIRWISE_GWAS	0.0327787	0.0318	POSITIVE_EFFECT_PRODUCT	DIRECTION_CONCORDANT	CONDITIONAL	FINNISH_LD_SENSITIVITY_REQUIRED
TIER 2	CAT-STROKE	True	17	17299591	18446092	0.0001787233093715	9.665684731057544e-06	0.0196335024289898	rs11078408	5.63481030036074e-08	0.0003417082847026392	LEVEL_C_ATLAS_FDR	0.0345699	0.0281	POSITIVE_EFFECT_PRODUCT	DIRECTION_CONCORDANT	CONDITIONAL	FINNISH_LD_SENSITIVITY_REQUIRED
TIER 2	CAT-STROKE	True	17	17299591	18446092	0.0001787233093715	9.665684731057544e-06	0.0196335024289898	rs11870660	3.95962418979601e-09	3.8640784692281526e-05	LEVEL_B_PAIRWISE_GWAS	0.0345989	0.0327	POSITIVE_EFFECT_PRODUCT	DIRECTION_CONCORDANT	CONDITIONAL	FINNISH_LD_SENSITIVITY_REQUIRED
TIER 2	CAT-STROKE	True	17	17299591	18446092	0.0001787233093715	9.665684731057544e-06	0.0196335024289898	rs4299203	1.17252909724393e-08	9.360734492798007e-05	LEVEL_B_PAIRWISE_GWAS	0.0347063	0.0311	POSITIVE_EFFECT_PRODUCT	DIRECTION_CONCORDANT	CONDITIONAL	FINNISH_LD_SENSITIVITY_REQUIRED
TIER 2	CAT-STROKE	True	17	17299591	18446092	0.0001787233093715	9.665684731057544e-06	0.0196335024289898	rs7219320	7.1370980144331e-08	0.00041297012268579	LEVEL_C_ATLAS_FDR	0.0344672	0.0277	POSITIVE_EFFECT_PRODUCT	DIRECTION_CONCORDANT	CONDITIONAL	FINNISH_LD_SENSITIVITY_REQUIRED
TIER 2	CAT-STROKE	True	17	17299591	18446092	0.0001787233093715	9.665684731057544e-06	0.0196335024289898	rs4072739	1.41848167034228e-08	0.00011020121871641324	LEVEL_B_PAIRWISE_GWAS	0.0376634	0.0295	POSITIVE_EFFECT_PRODUCT	DIRECTION_CONCORDANT	CONDITIONAL	FINNISH_LD_SENSITIVITY_REQUIRED
TIER 2	CAT-STROKE	True	17	17299591	18446092	0.0001787233093715	9.665684731057544e-06	0.0196335024289898	rs4925133	4.01627364357235e-07	0.0016986045724672323	LEVEL_C_ATLAS_FDR	0.0349578	0.0244	POSITIVE_EFFECT_PRODUCT	DIRECTION_CONCORDANT	CONDITIONAL	FINNISH_LD_SENSITIVITY_REQUIRED
TIER 2	CAT-STROKE	True	17	17299591	18446092	0.0001787233093715	9.665684731057544e-06	0.0196335024289898	rs4459604	1.18444487620856e-06	0.004129579195631696	LEVEL_C_ATLAS_FDR	0.0368235	0.0219	POSITIVE_EFFECT_PRODUCT	DIRECTION_CONCORDANT	CONDITIONAL	FINNISH_LD_SENSITIVITY_REQUIRED
TIER 2	CAT-STROKE	True	17	17299591	18446092	0.0001787233093715	9.665684731057544e-06	0.0196335024289898	rs4368210	4.18076866995427e-08	0.0002700438614026367	LEVEL_B_PAIRWISE_GWAS	0.0368027	0.0277	POSITIVE_EFFECT_PRODUCT	DIRECTION_CONCORDANT	CONDITIONAL	FINNISH_LD_SENSITIVITY_REQUIRED
TIER 2	CAT-STROKE	True	17	17299591	18446092	0.0001787233093715	9.665684731057544e-06	0.0196335024289898	rs4584886	1.12805600069835e-07	0.0006041773949578293	LEVEL_C_ATLAS_FDR	0.0368095	0.026	POSITIVE_EFFECT_PRODUCT	DIRECTION_CONCORDANT	CONDITIONAL	FINNISH_LD_SENSITIVITY_REQUIRED
TIER 2	CAT-STROKE	True	17	17299591	18446092	0.0001787233093715	9.665684731057544e-06	0.0196335024289898	rs4924832	7.9721937127254e-07	0.00299911525532931	LEVEL_C_ATLAS_FDR	0.0367778	0.0226	POSITIVE_EFFECT_PRODUCT	DIRECTION_CONCORDANT	CONDITIONAL	FINNISH_LD_SENSITIVITY_REQUIRED
TIER 2	CAT-STROKE	True	17	17299591	18446092	0.0001787233093715	9.665684731057544e-06	0.0196335024289898	rs9899355	1.45958554506711e-08	0.00011306558742772555	LEVEL_B_PAIRWISE_GWAS	0.0375128	0.0293	POSITIVE_EFFECT_PRODUCT	DIRECTION_CONCORDANT	CONDITIONAL	FINNISH_LD_SENSITIVITY_REQUIRED
TIER 2	CAT-STROKE	True	17	17299591	18446092	0.0001787233093715	9.665684731057544e-06	0.0196335024289898	rs7219324	2.54104040208217e-07	0.0011704328816453562	LEVEL_C_ATLAS_FDR	0.0375865	0.0244	POSITIVE_EFFECT_PRODUCT	DIRECTION_CONCORDANT	CONDITIONAL	FINNISH_LD_SENSITIVITY_REQUIRED
TIER 2	CAT-STROKE	True	17	17299591	18446092	0.0001787233093715	9.665684731057544e-06	0.0196335024289898	rs6502632	8.60938868119316e-07	0.003189737246743707	LEVEL_C_ATLAS_FDR	0.0367202	0.0222	POSITIVE_EFFECT_PRODUCT	DIRECTION_CONCORDANT	CONDITIONAL	FINNISH_LD_SENSITIVITY_REQUIRED
TIER 2	CAT-STROKE	True	17	17299591	18446092	0.0001787233093715	9.665684731057544e-06	0.0196335024289898	rs7212167	3.43864234153212e-08	0.00023477794573562377	LEVEL_B_PAIRWISE_GWAS	0.0367157	0.028	POSITIVE_EFFECT_PRODUCT	DIRECTION_CONCORDANT	CONDITIONAL	FINNISH_LD_SENSITIVITY_REQUIRED
TIER 2	CAT-STROKE	True	17	17299591	18446092	0.0001787233093715	9.665684731057544e-06	0.0196335024289898	rs9913277	1.20679655288205e-08	9.594291729117607e-05	LEVEL_B_PAIRWISE_GWAS	0.0370808	0.0295	POSITIVE_EFFECT_PRODUCT	DIRECTION_CONCORDANT	CONDITIONAL	FINNISH_LD_SENSITIVITY_REQUIRED
TIER 2	CAT-STROKE	True	17	17299591	18446092	0.0001787233093715	9.665684731057544e-06	0.0196335024289898	rs9896837	7.464563832029e-07	0.002849528983943536	LEVEL_C_ATLAS_FDR	0.036606	0.0229	POSITIVE_EFFECT_PRODUCT	DIRECTION_CONCORDANT	CONDITIONAL	FINNISH_LD_SENSITIVITY_REQUIRED
TIER 2	CAT-STROKE	True	17	17299591	18446092	0.0001787233093715	9.665684731057544e-06	0.0196335024289898	rs2955378	2.8713657179231e-08	0.0002019245824663055	LEVEL_B_PAIRWISE_GWAS	0.036729	0.0284	POSITIVE_EFFECT_PRODUCT	DIRECTION_CONCORDANT	CONDITIONAL	FINNISH_LD_SENSITIVITY_REQUIRED
TIER 2	CAT-STROKE	True	17	17299591	18446092	0.0001787233093715	9.665684731057544e-06	0.0196335024289898	rs2955377	2.005429168322e-08	0.00014944578711963523	LEVEL_B_PAIRWISE_GWAS	0.0366215	0.0291	POSITIVE_EFFECT_PRODUCT	DIRECTION_CONCORDANT	CONDITIONAL	FINNISH_LD_SENSITIVITY_REQUIRED
TIER 2	CAT-STROKE	True	17	17299591	18446092	0.0001787233093715	9.665684731057544e-06	0.0196335024289898	rs2955385	1.11602215197161e-07	0.0005989335446583848	LEVEL_C_ATLAS_FDR	0.0361911	0.0265	POSITIVE_EFFECT_PRODUCT	DIRECTION_CONCORDANT	CONDITIONAL	FINNISH_LD_SENSITIVITY_REQUIRED
TIER 2	CAT-STROKE	True	17	17299591	18446092	0.0001787233093715	9.665684731057544e-06	0.0196335024289898	rs2955384	4.00084145060007e-08	0.0002611017100696365	LEVEL_B_PAIRWISE_GWAS	0.0363061	0.0282	POSITIVE_EFFECT_PRODUCT	DIRECTION_CONCORDANT	CONDITIONAL	FINNISH_LD_SENSITIVITY_REQUIRED
TIER 2	CAT-STROKE	True	17	17299591	18446092	0.0001787233093715	9.665684731057544e-06	0.0196335024289898	rs2955383	1.15469951031326e-06	0.004042927009616981	LEVEL_C_ATLAS_FDR	0.0362894	0.0229	POSITIVE_EFFECT_PRODUCT	DIRECTION_CONCORDANT	CONDITIONAL	FINNISH_LD_SENSITIVITY_REQUIRED
TIER 2	CAT-STROKE	True	17	17299591	18446092	0.0001787233093715	9.665684731057544e-06	0.0196335024289898	rs7406982	2.11432777326534e-08	0.00015645257495191516	LEVEL_B_PAIRWISE_GWAS	0.036189	0.0294	POSITIVE_EFFECT_PRODUCT	DIRECTION_CONCORDANT	CONDITIONAL	FINNISH_LD_SENSITIVITY_REQUIRED
TIER 2	CAT-STROKE	True	17	17299591	18446092	0.0001787233093715	9.665684731057544e-06	0.0196335024289898	rs2955380	6.35035727684866e-08	0.00037674187538088956	LEVEL_C_ATLAS_FDR	-0.0362796	-0.0289	POSITIVE_EFFECT_PRODUCT	DIRECTION_CONCORDANT	CONDITIONAL	FINNISH_LD_SENSITIVITY_REQUIRED
TIER 2	CAT-STROKE	True	17	17299591	18446092	0.0001787233093715	9.665684731057544e-06	0.0196335024289898	rs2955358	8.6179125260114e-08	0.00048171072424718164	LEVEL_C_ATLAS_FDR	-0.0361319	-0.0283	POSITIVE_EFFECT_PRODUCT	DIRECTION_CONCORDANT	CONDITIONAL	FINNISH_LD_SENSITIVITY_REQUIRED
TIER 2	CAT-STROKE	True	17	17299591	18446092	0.0001787233093715	9.665684731057544e-06	0.0196335024289898	rs2955359	6.46919501924329e-08	0.0003822242227620208	LEVEL_C_ATLAS_FDR	-0.0364244	-0.0287	POSITIVE_EFFECT_PRODUCT	DIRECTION_CONCORDANT	CONDITIONAL	FINNISH_LD_SENSITIVITY_REQUIRED
TIER 2	CAT-STROKE	True	17	17299591	18446092	0.0001787233093715	9.665684731057544e-06	0.0196335024289898	rs2955382	9.26762352852625e-06	0.019007086000865613	LEVEL_C_ATLAS_FDR	-0.023453	-0.0277	POSITIVE_EFFECT_PRODUCT	DIRECTION_CONCORDANT	CONDITIONAL	FINNISH_LD_SENSITIVITY_REQUIRED
TIER 2	CAT-STROKE	True	17	17299591	18446092	0.0001787233093715	9.665684731057544e-06	0.0196335024289898	rs2955355	3.80446701988945e-08	0.0002525521182567002	LEVEL_B_PAIRWISE_GWAS	-0.0364983	-0.0295	POSITIVE_EFFECT_PRODUCT	DIRECTION_CONCORDANT	CONDITIONAL	FINNISH_LD_SENSITIVITY_REQUIRED
TIER 2	CAT-STROKE	True	17	17299591	18446092	0.0001787233093715	9.665684731057544e-06	0.0196335024289898	rs16960835	2.08373347318283e-05	0.03352176987817887	LEVEL_C_ATLAS_FDR	0.036604	0.0381	POSITIVE_EFFECT_PRODUCT	DIRECTION_CONCORDANT	CONDITIONAL	FINNISH_LD_SENSITIVITY_REQUIRED
TIER 2	CAT-STROKE	True	17	17299591	18446092	0.0001787233093715	9.665684731057544e-06	0.0196335024289898	rs2955356	9.5034055627767e-08	0.0005234518007931034	LEVEL_C_ATLAS_FDR	-0.0364246	-0.0279	POSITIVE_EFFECT_PRODUCT	DIRECTION_CONCORDANT	CONDITIONAL	FINNISH_LD_SENSITIVITY_REQUIRED
TIER 2	CAT-STROKE	True	17	17299591	18446092	0.0001787233093715	9.665684731057544e-06	0.0196335024289898	rs2955372	6.68568234026978e-08	0.00039287518697818374	LEVEL_C_ATLAS_FDR	-0.0366117	-0.0285	POSITIVE_EFFECT_PRODUCT	DIRECTION_CONCORDANT	CONDITIONAL	FINNISH_LD_SENSITIVITY_REQUIRED
TIER 2	CAT-STROKE	True	17	17299591	18446092	0.0001787233093715	9.665684731057544e-06	0.0196335024289898	rs4643387	2.61619826356461e-07	0.0011986890021196226	LEVEL_C_ATLAS_FDR	-0.0362076	-0.0266	POSITIVE_EFFECT_PRODUCT	DIRECTION_CONCORDANT	CONDITIONAL	FINNISH_LD_SENSITIVITY_REQUIRED
TIER 2	CAT-STROKE	True	17	17299591	18446092	0.0001787233093715	9.665684731057544e-06	0.0196335024289898	rs7212447	6.68642300979929e-06	0.015081032023623	LEVEL_C_ATLAS_FDR	0.0306969	0.0232	POSITIVE_EFFECT_PRODUCT	DIRECTION_CONCORDANT	CONDITIONAL	FINNISH_LD_SENSITIVITY_REQUIRED
TIER 2	CAT-STROKE	True	17	17299591	18446092	0.0001787233093715	9.665684731057544e-06	0.0196335024289898	rs854814	4.05341735727364e-06	0.01058379652977328	LEVEL_C_ATLAS_FDR	0.030872	0.0247	POSITIVE_EFFECT_PRODUCT	DIRECTION_CONCORDANT	CONDITIONAL	FINNISH_LD_SENSITIVITY_REQUIRED
TIER 2	CAT-STROKE	True	17	17299591	18446092	0.0001787233093715	9.665684731057544e-06	0.0196335024289898	rs854809	1.52898035184572e-06	0.005108527883752323	LEVEL_C_ATLAS_FDR	0.0308212	0.0268	POSITIVE_EFFECT_PRODUCT	DIRECTION_CONCORDANT	CONDITIONAL	FINNISH_LD_SENSITIVITY_REQUIRED
TIER 2	CAT-STROKE	True	17	17299591	18446092	0.0001787233093715	9.665684731057544e-06	0.0196335024289898	rs854767	9.66400769218985e-07	0.0035027054103890115	LEVEL_C_ATLAS_FDR	0.0308153	0.0278	POSITIVE_EFFECT_PRODUCT	DIRECTION_CONCORDANT	CONDITIONAL	FINNISH_LD_SENSITIVITY_REQUIRED
TIER 2	CAT-STROKE	True	17	17299591	18446092	0.0001787233093715	9.665684731057544e-06	0.0196335024289898	rs854769	1.10692386267031e-06	0.0039079744320746086	LEVEL_C_ATLAS_FDR	0.0309424	0.0274	POSITIVE_EFFECT_PRODUCT	DIRECTION_CONCORDANT	CONDITIONAL	FINNISH_LD_SENSITIVITY_REQUIRED
TIER 2	CAT-STROKE	True	17	17299591	18446092	0.0001787233093715	9.665684731057544e-06	0.0196335024289898	rs854817	3.10348296404088e-05	0.04400439409704096	LEVEL_C_ATLAS_FDR	0.0309211	0.0204	POSITIVE_EFFECT_PRODUCT	DIRECTION_CONCORDANT	CONDITIONAL	FINNISH_LD_SENSITIVITY_REQUIRED
TIER 2	CAT-STROKE	True	17	17299591	18446092	0.0001787233093715	9.665684731057544e-06	0.0196335024289898	rs2955365	9.77600288163694e-07	0.0035359137243149465	LEVEL_C_ATLAS_FDR	0.0310461	0.0276	POSITIVE_EFFECT_PRODUCT	DIRECTION_CONCORDANT	CONDITIONAL	FINNISH_LD_SENSITIVITY_REQUIRED
TIER 2	CAT-STROKE	True	17	17299591	18446092	0.0001787233093715	9.665684731057544e-06	0.0196335024289898	rs854791	2.11290046363345e-06	0.006591386588649535	LEVEL_C_ATLAS_FDR	0.0309915	0.0261	POSITIVE_EFFECT_PRODUCT	DIRECTION_CONCORDANT	CONDITIONAL	FINNISH_LD_SENSITIVITY_REQUIRED
TIER 2	CAT-T2D	False	2	43309247	44048346	-0.0001797901249829	3.087087690712068e-05	0.0341899133486484	rs13402621	2.00747842930319e-05	0.03266656283864861	LEVEL_C_ATLAS_FDR	0.0188204	-0.051	NEGATIVE_EFFECT_PRODUCT	DIRECTION_CONCORDANT	CONDITIONAL	FINNISH_LD_SENSITIVITY_REQUIRED
TIER 2	CAT-T2D	False	2	43309247	44048346	-0.0001797901249829	3.087087690712068e-05	0.0341899133486484	rs1549723	2.07800492771608e-05	0.03346839056114632	LEVEL_C_ATLAS_FDR	0.0181384	-0.0581	NEGATIVE_EFFECT_PRODUCT	DIRECTION_CONCORDANT	CONDITIONAL	FINNISH_LD_SENSITIVITY_REQUIRED
TIER 2	CAT-T2D	False	2	43309247	44048346	-0.0001797901249829	3.087087690712068e-05	0.0341899133486484	rs6732337	2.24643672388263e-05	0.0352951743279092	LEVEL_C_ATLAS_FDR	0.0182202	-0.0574	NEGATIVE_EFFECT_PRODUCT	DIRECTION_CONCORDANT	CONDITIONAL	FINNISH_LD_SENSITIVITY_REQUIRED
TIER 2	CAT-T2D	False	2	43309247	44048346	-0.0001797901249829	3.087087690712068e-05	0.0341899133486484	rs13420649	2.30664880773858e-05	0.03594025145568904	LEVEL_C_ATLAS_FDR	0.0181808	-0.0574	NEGATIVE_EFFECT_PRODUCT	DIRECTION_CONCORDANT	CONDITIONAL	FINNISH_LD_SENSITIVITY_REQUIRED
TIER 2	CAT-T2D	False	2	43309247	44048346	-0.0001797901249829	3.087087690712068e-05	0.0341899133486484	rs6720087	2.07267873059378e-05	0.033403426511826186	LEVEL_C_ATLAS_FDR	0.0185028	-0.0568	NEGATIVE_EFFECT_PRODUCT	DIRECTION_CONCORDANT	CONDITIONAL	FINNISH_LD_SENSITIVITY_REQUIRED
TIER 2	CAT-T2D	False	2	43309247	44048346	-0.0001797901249829	3.087087690712068e-05	0.0341899133486484	rs6727631	2.81050298721799e-05	0.04113579694481588	LEVEL_C_ATLAS_FDR	0.0181414	-0.0563	NEGATIVE_EFFECT_PRODUCT	DIRECTION_CONCORDANT	CONDITIONAL	FINNISH_LD_SENSITIVITY_REQUIRED
TIER 2	CAT-T2D	False	2	43309247	44048346	-0.0001797901249829	3.087087690712068e-05	0.0341899133486484	rs11685054	2.27824756963045e-05	0.035635290667696023	LEVEL_C_ATLAS_FDR	0.0183971	-0.0566	NEGATIVE_EFFECT_PRODUCT	DIRECTION_CONCORDANT	CONDITIONAL	FINNISH_LD_SENSITIVITY_REQUIRED
TIER 2	CAT-T2D	False	2	43309247	44048346	-0.0001797901249829	3.087087690712068e-05	0.0341899133486484	rs6755601	2.15401996160525e-05	0.03425559448626614	LEVEL_C_ATLAS_FDR	0.0186447	-0.0562	NEGATIVE_EFFECT_PRODUCT	DIRECTION_CONCORDANT	CONDITIONAL	FINNISH_LD_SENSITIVITY_REQUIRED
TIER 2	CAT-T2D	False	2	43309247	44048346	-0.0001797901249829	3.087087690712068e-05	0.0341899133486484	rs6544635	2.64743164799369e-05	0.03947772108558799	LEVEL_C_ATLAS_FDR	0.0186754	-0.0549	NEGATIVE_EFFECT_PRODUCT	DIRECTION_CONCORDANT	CONDITIONAL	FINNISH_LD_SENSITIVITY_REQUIRED
TIER 2	CAT-T2D	False	2	43309247	44048346	-0.0001797901249829	3.087087690712068e-05	0.0341899133486484	rs6544636	2.37348353388938e-05	0.0366346386630681	LEVEL_C_ATLAS_FDR	0.0186788	-0.0555	NEGATIVE_EFFECT_PRODUCT	DIRECTION_CONCORDANT	CONDITIONAL	FINNISH_LD_SENSITIVITY_REQUIRED
TIER 2	CAT-T2D	False	2	43309247	44048346	-0.0001797901249829	3.087087690712068e-05	0.0341899133486484	rs6756625	2.36909543313773e-05	0.036592942851450726	LEVEL_C_ATLAS_FDR	0.0186821	-0.0555	NEGATIVE_EFFECT_PRODUCT	DIRECTION_CONCORDANT	CONDITIONAL	FINNISH_LD_SENSITIVITY_REQUIRED
TIER 2	CAT-T2D	False	2	43309247	44048346	-0.0001797901249829	3.087087690712068e-05	0.0341899133486484	rs113543283	3.45390171684098e-05	0.04723084872709666	LEVEL_C_ATLAS_FDR	0.0178312	-0.0721	NEGATIVE_EFFECT_PRODUCT	DIRECTION_CONCORDANT	CONDITIONAL	FINNISH_LD_SENSITIVITY_REQUIRED
TIER 2	CAT-T2D	False	2	43309247	44048346	-0.0001797901249829	3.087087690712068e-05	0.0341899133486484	rs6736400	2.87695805290332e-05	0.041768410781350934	LEVEL_C_ATLAS_FDR	0.0181593	-0.0722	NEGATIVE_EFFECT_PRODUCT	DIRECTION_CONCORDANT	CONDITIONAL	FINNISH_LD_SENSITIVITY_REQUIRED
TIER 2	CAT-T2D	False	2	43309247	44048346	-0.0001797901249829	3.087087690712068e-05	0.0341899133486484	rs1322	2.15658637055472e-06	0.006696973563467418	LEVEL_C_ATLAS_FDR	0.0231434	-0.0734	NEGATIVE_EFFECT_PRODUCT	DIRECTION_CONCORDANT	CONDITIONAL	FINNISH_LD_SENSITIVITY_REQUIRED
TIER 2	CAT-T2D	False	2	43309247	44048346	-0.0001797901249829	3.087087690712068e-05	0.0341899133486484	rs6715059	3.66986764714347e-05	0.04929274636352811	LEVEL_C_ATLAS_FDR	0.0172483	-0.0715	NEGATIVE_EFFECT_PRODUCT	DIRECTION_CONCORDANT	CONDITIONAL	FINNISH_LD_SENSITIVITY_REQUIRED
TIER 2	CAT-T2D	False	2	43309247	44048346	-0.0001797901249829	3.087087690712068e-05	0.0341899133486484	rs3862993	3.33842177600177e-05	0.04617743845720404	LEVEL_C_ATLAS_FDR	0.0173705	-0.0717	NEGATIVE_EFFECT_PRODUCT	DIRECTION_CONCORDANT	CONDITIONAL	FINNISH_LD_SENSITIVITY_REQUIRED
TIER 2	CAT-T2D	False	2	43309247	44048346	-0.0001797901249829	3.087087690712068e-05	0.0341899133486484	rs34247383	2.73476053910301e-05	0.04034184768076899	LEVEL_C_ATLAS_FDR	0.0176687	-0.0732	NEGATIVE_EFFECT_PRODUCT	DIRECTION_CONCORDANT	CONDITIONAL	FINNISH_LD_SENSITIVITY_REQUIRED
TIER 2	CAT-T2D	False	2	43309247	44048346	-0.0001797901249829	3.087087690712068e-05	0.0341899133486484	rs13390381	3.29291487234429e-06	0.009116326284068794	LEVEL_C_ATLAS_FDR	0.0234521	-0.0527	NEGATIVE_EFFECT_PRODUCT	DIRECTION_CONCORDANT	CONDITIONAL	FINNISH_LD_SENSITIVITY_REQUIRED
TIER 2	CAT-T2D	False	2	43309247	44048346	-0.0001797901249829	3.087087690712068e-05	0.0341899133486484	rs2163227	1.91198669083137e-05	0.03156787517512581	LEVEL_C_ATLAS_FDR	0.022505	-0.0339	NEGATIVE_EFFECT_PRODUCT	DIRECTION_CONCORDANT	CONDITIONAL	FINNISH_LD_SENSITIVITY_REQUIRED
TIER 2	CAT-T2D	False	2	43309247	44048346	-0.0001797901249829	3.087087690712068e-05	0.0341899133486484	rs2163228	3.72328577082577e-06	0.009958987699160043	LEVEL_C_ATLAS_FDR	0.0262868	-0.0396	NEGATIVE_EFFECT_PRODUCT	DIRECTION_CONCORDANT	CONDITIONAL	FINNISH_LD_SENSITIVITY_REQUIRED
TIER 2	CAT-T2D	False	2	43309247	44048346	-0.0001797901249829	3.087087690712068e-05	0.0341899133486484	rs59803703	6.99157752449526e-06	0.015547054041685587	LEVEL_C_ATLAS_FDR	0.0241597	-0.0398	NEGATIVE_EFFECT_PRODUCT	DIRECTION_CONCORDANT	CONDITIONAL	FINNISH_LD_SENSITIVITY_REQUIRED
TIER 2	CAT-T2D	False	2	43309247	44048346	-0.0001797901249829	3.087087690712068e-05	0.0341899133486484	rs10211126	2.33706066202285e-05	0.03626110282214193	LEVEL_C_ATLAS_FDR	0.0181723	-0.0558	NEGATIVE_EFFECT_PRODUCT	DIRECTION_CONCORDANT	CONDITIONAL	FINNISH_LD_SENSITIVITY_REQUIRED
TIER 2	CAT-T2D	False	2	43309247	44048346	-0.0001797901249829	3.087087690712068e-05	0.0341899133486484	rs9309098	3.64795498854763e-05	0.04908392301114382	LEVEL_C_ATLAS_FDR	0.0177981	-0.0554	NEGATIVE_EFFECT_PRODUCT	DIRECTION_CONCORDANT	CONDITIONAL	FINNISH_LD_SENSITIVITY_REQUIRED
TIER 2	CAT-T2D	False	2	43309247	44048346	-0.0001797901249829	3.087087690712068e-05	0.0341899133486484	rs6744746	3.59352202049399e-05	0.04856612830738715	LEVEL_C_ATLAS_FDR	0.0178567	-0.0553	NEGATIVE_EFFECT_PRODUCT	DIRECTION_CONCORDANT	CONDITIONAL	FINNISH_LD_SENSITIVITY_REQUIRED
TIER 2	CAT-T2D	False	2	43309247	44048346	-0.0001797901249829	3.087087690712068e-05	0.0341899133486484	rs10210507	3.45175632457038e-05	0.047210810593232344	LEVEL_C_ATLAS_FDR	0.0178048	-0.0557	NEGATIVE_EFFECT_PRODUCT	DIRECTION_CONCORDANT	CONDITIONAL	FINNISH_LD_SENSITIVITY_REQUIRED
TIER 2	CAT-T2D	False	2	43309247	44048346	-0.0001797901249829	3.087087690712068e-05	0.0341899133486484	rs13384080	3.37560289940273e-05	0.04651933526313568	LEVEL_C_ATLAS_FDR	0.0177819	-0.0559	NEGATIVE_EFFECT_PRODUCT	DIRECTION_CONCORDANT	CONDITIONAL	FINNISH_LD_SENSITIVITY_REQUIRED
TIER 2	CAT-T2D	False	2	43309247	44048346	-0.0001797901249829	3.087087690712068e-05	0.0341899133486484	rs6756736	8.21554496553513e-06	0.017412107663816456	LEVEL_C_ATLAS_FDR	0.0236022	-0.0405	NEGATIVE_EFFECT_PRODUCT	DIRECTION_CONCORDANT	CONDITIONAL	FINNISH_LD_SENSITIVITY_REQUIRED
TIER 2	CAT-T2D	False	2	43309247	44048346	-0.0001797901249829	3.087087690712068e-05	0.0341899133486484	rs6760797	3.24029680347212e-05	0.04529120484602151	LEVEL_C_ATLAS_FDR	0.0178263	-0.056	NEGATIVE_EFFECT_PRODUCT	DIRECTION_CONCORDANT	CONDITIONAL	FINNISH_LD_SENSITIVITY_REQUIRED
TIER 2	CAT-T2D	False	2	43309247	44048346	-0.0001797901249829	3.087087690712068e-05	0.0341899133486484	rs6740322	1.38340008297297e-05	0.025173077755573765	LEVEL_C_ATLAS_FDR	0.0251637	-0.0402	NEGATIVE_EFFECT_PRODUCT	DIRECTION_CONCORDANT	CONDITIONAL	FINNISH_LD_SENSITIVITY_REQUIRED
TIER 2	CAT-T2D	False	2	43309247	44048346	-0.0001797901249829	3.087087690712068e-05	0.0341899133486484	rs6711966	9.43355365567896e-06	0.01924958242875885	LEVEL_C_ATLAS_FDR	0.0237119	-0.0398	NEGATIVE_EFFECT_PRODUCT	DIRECTION_CONCORDANT	CONDITIONAL	FINNISH_LD_SENSITIVITY_REQUIRED
TIER 2	CAT-T2D	False	2	43309247	44048346	-0.0001797901249829	3.087087690712068e-05	0.0341899133486484	rs6727237	9.43355365567896e-06	0.01924958242875885	LEVEL_C_ATLAS_FDR	0.0237119	-0.0398	NEGATIVE_EFFECT_PRODUCT	DIRECTION_CONCORDANT	CONDITIONAL	FINNISH_LD_SENSITIVITY_REQUIRED
TIER 2	CAT-T2D	False	2	43309247	44048346	-0.0001797901249829	3.087087690712068e-05	0.0341899133486484	rs6715072	8.27257683020305e-06	0.017496538947051114	LEVEL_C_ATLAS_FDR	0.0239027	-0.0399	NEGATIVE_EFFECT_PRODUCT	DIRECTION_CONCORDANT	CONDITIONAL	FINNISH_LD_SENSITIVITY_REQUIRED
TIER 2	CAT-T2D	False	2	43309247	44048346	-0.0001797901249829	3.087087690712068e-05	0.0341899133486484	rs11899984	2.73099987900029e-05	0.04029997771368229	LEVEL_C_ATLAS_FDR	0.0176488	-0.0595	NEGATIVE_EFFECT_PRODUCT	DIRECTION_CONCORDANT	CONDITIONAL	FINNISH_LD_SENSITIVITY_REQUIRED
TIER 2	CAT-T2D	False	2	43309247	44048346	-0.0001797901249829	3.087087690712068e-05	0.0341899133486484	rs61552842	1.56652856829525e-05	0.027439713320041994	LEVEL_C_ATLAS_FDR	0.0213755	-0.0555	NEGATIVE_EFFECT_PRODUCT	DIRECTION_CONCORDANT	CONDITIONAL	FINNISH_LD_SENSITIVITY_REQUIRED
TIER 2	CAT-T2D	False	2	43309247	44048346	-0.0001797901249829	3.087087690712068e-05	0.0341899133486484	rs6751209	1.54575385912147e-05	0.02717571821750977	LEVEL_C_ATLAS_FDR	0.0254309	-0.0385	NEGATIVE_EFFECT_PRODUCT	DIRECTION_CONCORDANT	CONDITIONAL	FINNISH_LD_SENSITIVITY_REQUIRED
TIER 2	CAT-T2D	False	2	43309247	44048346	-0.0001797901249829	3.087087690712068e-05	0.0341899133486484	rs7589361	1.51731104980323e-05	0.026817843185404498	LEVEL_C_ATLAS_FDR	0.025347	-0.0387	NEGATIVE_EFFECT_PRODUCT	DIRECTION_CONCORDANT	CONDITIONAL	FINNISH_LD_SENSITIVITY_REQUIRED
TIER 2	CAT-T2D	False	2	43309247	44048346	-0.0001797901249829	3.087087690712068e-05	0.0341899133486484	rs11694173	5.26119279421293e-06	0.012804521495243032	LEVEL_C_ATLAS_FDR	0.0283328	-0.0396	NEGATIVE_EFFECT_PRODUCT	DIRECTION_CONCORDANT	CONDITIONAL	FINNISH_LD_SENSITIVITY_REQUIRED
TIER 2	CAT-T2D	False	2	43309247	44048346	-0.0001797901249829	3.087087690712068e-05	0.0341899133486484	rs7562101	2.1836858908976e-05	0.034615346522521795	LEVEL_C_ATLAS_FDR	0.0238838	-0.0401	NEGATIVE_EFFECT_PRODUCT	DIRECTION_CONCORDANT	CONDITIONAL	FINNISH_LD_SENSITIVITY_REQUIRED
TIER 2	CAT-T2D	False	2	43309247	44048346	-0.0001797901249829	3.087087690712068e-05	0.0341899133486484	rs62137421	6.08374575037195e-06	0.014159657571959434	LEVEL_C_ATLAS_FDR	0.0284013	-0.039	NEGATIVE_EFFECT_PRODUCT	DIRECTION_CONCORDANT	CONDITIONAL	FINNISH_LD_SENSITIVITY_REQUIRED
TIER 2	CAT-T2D	False	2	43309247	44048346	-0.0001797901249829	3.087087690712068e-05	0.0341899133486484	rs59362315	2.0516940344522e-05	0.0331659350515909	LEVEL_C_ATLAS_FDR	0.0247988	-0.039	NEGATIVE_EFFECT_PRODUCT	DIRECTION_CONCORDANT	CONDITIONAL	FINNISH_LD_SENSITIVITY_REQUIRED
TIER 2	CAT-T2D	False	2	43309247	44048346	-0.0001797901249829	3.087087690712068e-05	0.0341899133486484	rs6709988	1.54150534062549e-05	0.02712988123823377	LEVEL_C_ATLAS_FDR	0.0211203	-0.0562	NEGATIVE_EFFECT_PRODUCT	DIRECTION_CONCORDANT	CONDITIONAL	FINNISH_LD_SENSITIVITY_REQUIRED
TIER 2	CAT-T2D	False	2	43309247	44048346	-0.0001797901249829	3.087087690712068e-05	0.0341899133486484	rs72790940	1.21811694231956e-06	0.004230828996822704	LEVEL_C_ATLAS_FDR	0.0224994	-0.0806	NEGATIVE_EFFECT_PRODUCT	DIRECTION_CONCORDANT	CONDITIONAL	FINNISH_LD_SENSITIVITY_REQUIRED
TIER 2	CAT-T2D	False	2	43309247	44048346	-0.0001797901249829	3.087087690712068e-05	0.0341899133486484	rs78070307	2.30959018113714e-06	0.0070509931620243915	LEVEL_C_ATLAS_FDR	0.0324098	-0.1001	NEGATIVE_EFFECT_PRODUCT	DIRECTION_CONCORDANT	CONDITIONAL	FINNISH_LD_SENSITIVITY_REQUIRED
TIER 2	CAT-T2D	False	2	43309247	44048346	-0.0001797901249829	3.087087690712068e-05	0.0341899133486484	rs79111706	1.57926930484536e-05	0.027591662981640563	LEVEL_C_ATLAS_FDR	0.029441	-0.1002	NEGATIVE_EFFECT_PRODUCT	DIRECTION_CONCORDANT	CONDITIONAL	FINNISH_LD_SENSITIVITY_REQUIRED
TIER 2	CAT-T2D	False	22	44317416	44818986	-0.0002150881090289	7.110291472129629e-07	0.0024280460328743	rs738408	5.61418023761393e-08	0.00034087844356015705	LEVEL_C_ATLAS_FDR	-0.0304812	0.0436	NEGATIVE_EFFECT_PRODUCT	DIRECTION_CONCORDANT	CONDITIONAL	FINNISH_LD_SENSITIVITY_REQUIRED
TIER 2	CAT-T2D	False	22	44317416	44818986	-0.0002150881090289	7.110291472129629e-07	0.0024280460328743	rs3747207	4.9612142013704e-08	0.0003084028638052509	LEVEL_B_PAIRWISE_GWAS	-0.030814	0.0435	NEGATIVE_EFFECT_PRODUCT	DIRECTION_CONCORDANT	CONDITIONAL	FINNISH_LD_SENSITIVITY_REQUIRED
TIER 2	CAT-T2D	False	22	44317416	44818986	-0.0002150881090289	7.110291472129629e-07	0.0024280460328743	rs12484801	4.42618522784654e-06	0.011294596491119593	LEVEL_C_ATLAS_FDR	-0.0301179	0.0386	NEGATIVE_EFFECT_PRODUCT	DIRECTION_CONCORDANT	CONDITIONAL	FINNISH_LD_SENSITIVITY_REQUIRED
TIER 2	CAT-T2D	False	22	44317416	44818986	-0.0002150881090289	7.110291472129629e-07	0.0024280460328743	rs12484809	4.99052527386475e-06	0.012332141822930872	LEVEL_C_ATLAS_FDR	-0.0298024	0.0386	NEGATIVE_EFFECT_PRODUCT	DIRECTION_CONCORDANT	CONDITIONAL	FINNISH_LD_SENSITIVITY_REQUIRED
TIER 2	CAT-T2D	False	22	44317416	44818986	-0.0002150881090289	7.110291472129629e-07	0.0024280460328743	rs12483959	4.86257029772137e-06	0.012093434259019393	LEVEL_C_ATLAS_FDR	-0.0297527	0.0383	NEGATIVE_EFFECT_PRODUCT	DIRECTION_CONCORDANT	CONDITIONAL	FINNISH_LD_SENSITIVITY_REQUIRED
TIER 2	CAT-T2D	False	22	44317416	44818986	-0.0002150881090289	7.110291472129629e-07	0.0024280460328743	rs9625962	7.29796816830882e-06	0.01602206390968393	LEVEL_C_ATLAS_FDR	-0.0281487	0.0389	NEGATIVE_EFFECT_PRODUCT	DIRECTION_CONCORDANT	CONDITIONAL	FINNISH_LD_SENSITIVITY_REQUIRED
TIER 2	CAT-T2D	False	22	44317416	44818986	-0.0002150881090289	7.110291472129629e-07	0.0024280460328743	rs11090617	7.12488115837369e-06	0.015747769973247668	LEVEL_C_ATLAS_FDR	-0.0282932	0.0388	NEGATIVE_EFFECT_PRODUCT	DIRECTION_CONCORDANT	CONDITIONAL	FINNISH_LD_SENSITIVITY_REQUIRED
TIER 2	CAT-T2D	False	22	44317416	44818986	-0.0002150881090289	7.110291472129629e-07	0.0024280460328743	rs16991158	6.71767014539786e-06	0.015131844511052974	LEVEL_C_ATLAS_FDR	-0.0283708	0.0389	NEGATIVE_EFFECT_PRODUCT	DIRECTION_CONCORDANT	CONDITIONAL	FINNISH_LD_SENSITIVITY_REQUIRED
TIER 2	CAT-T2D	False	22	44317416	44818986	-0.0002150881090289	7.110291472129629e-07	0.0024280460328743	rs36055245	6.91968329160302e-06	0.015440598022268154	LEVEL_C_ATLAS_FDR	-0.0282949	0.0389	NEGATIVE_EFFECT_PRODUCT	DIRECTION_CONCORDANT	CONDITIONAL	FINNISH_LD_SENSITIVITY_REQUIRED
TIER 2	CAT-T2D	False	22	44317416	44818986	-0.0002150881090289	7.110291472129629e-07	0.0024280460328743	rs12484700	5.22631654704842e-06	0.012743348635917005	LEVEL_C_ATLAS_FDR	-0.0285294	0.039	NEGATIVE_EFFECT_PRODUCT	DIRECTION_CONCORDANT	CONDITIONAL	FINNISH_LD_SENSITIVITY_REQUIRED
TIER 2	CAT-T2D	False	22	44317416	44818986	-0.0002150881090289	7.110291472129629e-07	0.0024280460328743	rs4823173	6.84739257924974e-06	0.015332558865428675	LEVEL_C_ATLAS_FDR	-0.0284365	0.0392	NEGATIVE_EFFECT_PRODUCT	DIRECTION_CONCORDANT	CONDITIONAL	FINNISH_LD_SENSITIVITY_REQUIRED
TIER 2	CAT-T2D	False	22	44317416	44818986	-0.0002150881090289	7.110291472129629e-07	0.0024280460328743	rs2076211	7.34904425858321e-06	0.01609754465794698	LEVEL_C_ATLAS_FDR	-0.0282871	0.0387	NEGATIVE_EFFECT_PRODUCT	DIRECTION_CONCORDANT	CONDITIONAL	FINNISH_LD_SENSITIVITY_REQUIRED
TIER 2	CAT-T2D	False	22	44317416	44818986	-0.0002150881090289	7.110291472129629e-07	0.0024280460328743	rs2294433	3.99147363924952e-06	0.010472473133608695	LEVEL_C_ATLAS_FDR	-0.0282658	0.0452	NEGATIVE_EFFECT_PRODUCT	DIRECTION_CONCORDANT	CONDITIONAL	FINNISH_LD_SENSITIVITY_REQUIRED
TIER 2	CAT-T2D	False	22	44317416	44818986	-0.0002150881090289	7.110291472129629e-07	0.0024280460328743	rs1977080	3.23325704555959e-06	0.008996271409224238	LEVEL_C_ATLAS_FDR	-0.0278679	0.0437	NEGATIVE_EFFECT_PRODUCT	DIRECTION_CONCORDANT	CONDITIONAL	FINNISH_LD_SENSITIVITY_REQUIRED
TIER 2	CAT-T2D	False	22	44317416	44818986	-0.0002150881090289	7.110291472129629e-07	0.0024280460328743	rs1883349	2.05580541339135e-06	0.006449208544491177	LEVEL_C_ATLAS_FDR	-0.0291537	0.0387	NEGATIVE_EFFECT_PRODUCT	DIRECTION_CONCORDANT	CONDITIONAL	FINNISH_LD_SENSITIVITY_REQUIRED
TIER 2	CAT-T2D	False	22	44317416	44818986	-0.0002150881090289	7.110291472129629e-07	0.0024280460328743	rs2281138	1.44666879807131e-06	0.004879161244785921	LEVEL_C_ATLAS_FDR	-0.0290437	0.039	NEGATIVE_EFFECT_PRODUCT	DIRECTION_CONCORDANT	CONDITIONAL	FINNISH_LD_SENSITIVITY_REQUIRED
TIER 2	CAT-T2D	False	22	44317416	44818986	-0.0002150881090289	7.110291472129629e-07	0.0024280460328743	rs2281137	1.5931825241708e-06	0.005268870755671633	LEVEL_C_ATLAS_FDR	-0.0290445	0.0387	NEGATIVE_EFFECT_PRODUCT	DIRECTION_CONCORDANT	CONDITIONAL	FINNISH_LD_SENSITIVITY_REQUIRED
TIER 2	CAT-T2D	False	22	44317416	44818986	-0.0002150881090289	7.110291472129629e-07	0.0024280460328743	rs2281135	1.98277723890804e-06	0.0062688369389466495	LEVEL_C_ATLAS_FDR	-0.0287611	0.0393	NEGATIVE_EFFECT_PRODUCT	DIRECTION_CONCORDANT	CONDITIONAL	FINNISH_LD_SENSITIVITY_REQUIRED
TIER 2	CAT-T2D	False	22	44317416	44818986	-0.0002150881090289	7.110291472129629e-07	0.0024280460328743	rs34879941	2.50963214781277e-06	0.007498157013832323	LEVEL_C_ATLAS_FDR	-0.0287886	0.0385	NEGATIVE_EFFECT_PRODUCT	DIRECTION_CONCORDANT	CONDITIONAL	FINNISH_LD_SENSITIVITY_REQUIRED
TIER 2	CAT-T2D	False	22	44317416	44818986	-0.0002150881090289	7.110291472129629e-07	0.0024280460328743	rs2072906	2.11696333823904e-06	0.006600545757207783	LEVEL_C_ATLAS_FDR	-0.0287715	0.0386	NEGATIVE_EFFECT_PRODUCT	DIRECTION_CONCORDANT	CONDITIONAL	FINNISH_LD_SENSITIVITY_REQUIRED
TIER 2	CAT-T2D	False	22	44317416	44818986	-0.0002150881090289	7.110291472129629e-07	0.0024280460328743	rs2076207	1.56691321764627e-06	0.005200326538800952	LEVEL_C_ATLAS_FDR	-0.0290079	0.0388	NEGATIVE_EFFECT_PRODUCT	DIRECTION_CONCORDANT	CONDITIONAL	FINNISH_LD_SENSITIVITY_REQUIRED
TIER 2	CAT-T2D	False	22	44317416	44818986	-0.0002150881090289	7.110291472129629e-07	0.0024280460328743	rs2896019	2.19244149148599e-06	0.006775194799741957	LEVEL_C_ATLAS_FDR	-0.0286622	0.0391	NEGATIVE_EFFECT_PRODUCT	DIRECTION_CONCORDANT	CONDITIONAL	FINNISH_LD_SENSITIVITY_REQUIRED
TIER 2	CAT-T2D	False	22	44317416	44818986	-0.0002150881090289	7.110291472129629e-07	0.0024280460328743	rs2896020	2.63055890654753e-06	0.007755321986934793	LEVEL_C_ATLAS_FDR	-0.0287496	0.0384	NEGATIVE_EFFECT_PRODUCT	DIRECTION_CONCORDANT	CONDITIONAL	FINNISH_LD_SENSITIVITY_REQUIRED
TIER 2	CAT-T2D	False	22	44317416	44818986	-0.0002150881090289	7.110291472129629e-07	0.0024280460328743	rs4823176	2.40564214743573e-06	0.0072662651328381685	LEVEL_C_ATLAS_FDR	-0.0287388	0.0387	NEGATIVE_EFFECT_PRODUCT	DIRECTION_CONCORDANT	CONDITIONAL	FINNISH_LD_SENSITIVITY_REQUIRED
TIER 2	CAT-T2D	False	22	44317416	44818986	-0.0002150881090289	7.110291472129629e-07	0.0024280460328743	rs4823177	2.39015903238573e-06	0.007228556496430289	LEVEL_C_ATLAS_FDR	-0.0287541	0.0387	NEGATIVE_EFFECT_PRODUCT	DIRECTION_CONCORDANT	CONDITIONAL	FINNISH_LD_SENSITIVITY_REQUIRED
TIER 2	CAT-T2D	False	22	44317416	44818986	-0.0002150881090289	7.110291472129629e-07	0.0024280460328743	rs4823178	2.31634103289785e-06	0.007064768101772795	LEVEL_C_ATLAS_FDR	-0.0287543	0.0388	NEGATIVE_EFFECT_PRODUCT	DIRECTION_CONCORDANT	CONDITIONAL	FINNISH_LD_SENSITIVITY_REQUIRED
TIER 2	CAT-T2D	False	22	44317416	44818986	-0.0002150881090289	7.110291472129629e-07	0.0024280460328743	rs2281293	1.29755109644818e-06	0.004455455455967545	LEVEL_C_ATLAS_FDR	-0.0290784	0.0393	NEGATIVE_EFFECT_PRODUCT	DIRECTION_CONCORDANT	CONDITIONAL	FINNISH_LD_SENSITIVITY_REQUIRED
TIER 2	CAT-T2D	False	22	44317416	44818986	-0.0002150881090289	7.110291472129629e-07	0.0024280460328743	rs16991175	2.41031027768993e-06	0.007275933352887071	LEVEL_C_ATLAS_FDR	-0.028734	0.0387	NEGATIVE_EFFECT_PRODUCT	DIRECTION_CONCORDANT	CONDITIONAL	FINNISH_LD_SENSITIVITY_REQUIRED
TIER 2	CAT-T2D	False	22	44317416	44818986	-0.0002150881090289	7.110291472129629e-07	0.0024280460328743	rs35621602	2.41004074659459e-06	0.007275933352887071	LEVEL_C_ATLAS_FDR	-0.0287342	0.0387	NEGATIVE_EFFECT_PRODUCT	DIRECTION_CONCORDANT	CONDITIONAL	FINNISH_LD_SENSITIVITY_REQUIRED
TIER 2	CAT-T2D	False	22	44317416	44818986	-0.0002150881090289	7.110291472129629e-07	0.0024280460328743	rs34352134	2.41064979530584e-06	0.007276325465836396	LEVEL_C_ATLAS_FDR	-0.0287336	0.0387	NEGATIVE_EFFECT_PRODUCT	DIRECTION_CONCORDANT	CONDITIONAL	FINNISH_LD_SENSITIVITY_REQUIRED
TIER 2	CAT-T2D	False	22	44317416	44818986	-0.0002150881090289	7.110291472129629e-07	0.0024280460328743	rs34376930	2.41163193657228e-06	0.007278522549714272	LEVEL_C_ATLAS_FDR	-0.0287326	0.0387	NEGATIVE_EFFECT_PRODUCT	DIRECTION_CONCORDANT	CONDITIONAL	FINNISH_LD_SENSITIVITY_REQUIRED
TIER 2	CAT-T2D	False	22	44317416	44818986	-0.0002150881090289	7.110291472129629e-07	0.0024280460328743	rs2073081	2.61345488480379e-06	0.007721291298921114	LEVEL_C_ATLAS_FDR	-0.0285277	0.0387	NEGATIVE_EFFECT_PRODUCT	DIRECTION_CONCORDANT	CONDITIONAL	FINNISH_LD_SENSITIVITY_REQUIRED
TIER 2	CAT-T2D	False	22	44317416	44818986	-0.0002150881090289	7.110291472129629e-07	0.0024280460328743	rs1010023	2.35646023599088e-06	0.007151314158751853	LEVEL_C_ATLAS_FDR	-0.0287131	0.0388	NEGATIVE_EFFECT_PRODUCT	DIRECTION_CONCORDANT	CONDITIONAL	FINNISH_LD_SENSITIVITY_REQUIRED
TIER 2	CAT-T2D	False	22	44317416	44818986	-0.0002150881090289	7.110291472129629e-07	0.0024280460328743	rs1010022	2.29150130236008e-06	0.007001927516824575	LEVEL_C_ATLAS_FDR	-0.0287053	0.0389	NEGATIVE_EFFECT_PRODUCT	DIRECTION_CONCORDANT	CONDITIONAL	FINNISH_LD_SENSITIVITY_REQUIRED
TIER 2	CAT-T2D	False	22	44317416	44818986	-0.0002150881090289	7.110291472129629e-07	0.0024280460328743	rs8142145	2.43678768561278e-06	0.007336082685128742	LEVEL_C_ATLAS_FDR	-0.0287076	0.0387	NEGATIVE_EFFECT_PRODUCT	DIRECTION_CONCORDANT	CONDITIONAL	FINNISH_LD_SENSITIVITY_REQUIRED
TIER 2	CAT-T2D	False	22	44317416	44818986	-0.0002150881090289	7.110291472129629e-07	0.0024280460328743	rs73176497	2.43781421184355e-06	0.007337527581226868	LEVEL_C_ATLAS_FDR	-0.0288629	0.0385	NEGATIVE_EFFECT_PRODUCT	DIRECTION_CONCORDANT	CONDITIONAL	FINNISH_LD_SENSITIVITY_REQUIRED
TIER 2	CAT-T2D	False	22	44317416	44818986	-0.0002150881090289	7.110291472129629e-07	0.0024280460328743	rs926633	1.2927347728185e-05	0.024002683307143533	LEVEL_C_ATLAS_FDR	-0.0249908	0.0387	NEGATIVE_EFFECT_PRODUCT	DIRECTION_CONCORDANT	CONDITIONAL	FINNISH_LD_SENSITIVITY_REQUIRED
TIER 2	CAT-T2D	False	22	44317416	44818986	-0.0002150881090289	7.110291472129629e-07	0.0024280460328743	rs2294915	5.34884349499501e-06	0.012944643548094563	LEVEL_C_ATLAS_FDR	-0.0212149	0.0406	NEGATIVE_EFFECT_PRODUCT	DIRECTION_CONCORDANT	CONDITIONAL	FINNISH_LD_SENSITIVITY_REQUIRED
TIER 2	CAT-T2D	False	22	44317416	44818986	-0.0002150881090289	7.110291472129629e-07	0.0024280460328743	rs2092501	3.46478687559238e-05	0.04733121949246459	LEVEL_C_ATLAS_FDR	-0.0248282	0.0364	NEGATIVE_EFFECT_PRODUCT	DIRECTION_CONCORDANT	CONDITIONAL	FINNISH_LD_SENSITIVITY_REQUIRED
TIER 2	CAT-T2D	False	22	44317416	44818986	-0.0002150881090289	7.110291472129629e-07	0.0024280460328743	rs67450864	4.23667289154434e-06	0.010933985238864545	LEVEL_C_ATLAS_FDR	-0.0209959	0.0342	NEGATIVE_EFFECT_PRODUCT	DIRECTION_CONCORDANT	CONDITIONAL	FINNISH_LD_SENSITIVITY_REQUIRED
TIER 2	CAT-T2D	False	22	44317416	44818986	-0.0002150881090289	7.110291472129629e-07	0.0024280460328743	rs2294927	1.7549929054524e-05	0.029735334707971132	LEVEL_C_ATLAS_FDR	-0.0184681	0.0328	NEGATIVE_EFFECT_PRODUCT	DIRECTION_CONCORDANT	CONDITIONAL	FINNISH_LD_SENSITIVITY_REQUIRED
TIER 2	CAT-T2D	False	17	17299591	18446092	0.0002213939581042	1.4056830862513236e-07	0.0008228868786915	rs143293117	1.08573057801577e-05	0.021214494659154343	LEVEL_C_ATLAS_FDR	0.0439017	0.0539	POSITIVE_EFFECT_PRODUCT	DIRECTION_CONCORDANT	CONDITIONAL	FINNISH_LD_SENSITIVITY_REQUIRED
TIER 2	CAT-T2D	False	17	17299591	18446092	0.0002213939581042	1.4056830862513236e-07	0.0008228868786915	rs4646383	5.88501421885853e-06	0.013838153672991108	LEVEL_C_ATLAS_FDR	0.0441936	0.0566	POSITIVE_EFFECT_PRODUCT	DIRECTION_CONCORDANT	CONDITIONAL	FINNISH_LD_SENSITIVITY_REQUIRED
TIER 2	CAT-T2D	False	17	17299591	18446092	0.0002213939581042	1.4056830862513236e-07	0.0008228868786915	rs57417963	5.19159935466364e-06	0.012677593554000336	LEVEL_C_ATLAS_FDR	0.0442153	0.0572	POSITIVE_EFFECT_PRODUCT	DIRECTION_CONCORDANT	CONDITIONAL	FINNISH_LD_SENSITIVITY_REQUIRED
TIER 2	CAT-T2D	False	17	17299591	18446092	0.0002213939581042	1.4056830862513236e-07	0.0008228868786915	rs58956930	4.5928050768757e-06	0.011599538243289138	LEVEL_C_ATLAS_FDR	0.0448685	0.057	POSITIVE_EFFECT_PRODUCT	DIRECTION_CONCORDANT	CONDITIONAL	FINNISH_LD_SENSITIVITY_REQUIRED
TIER 2	CAT-T2D	False	17	17299591	18446092	0.0002213939581042	1.4056830862513236e-07	0.0008228868786915	rs4646381	4.57926672595116e-06	0.011575137892776498	LEVEL_C_ATLAS_FDR	0.0448781	0.057	POSITIVE_EFFECT_PRODUCT	DIRECTION_CONCORDANT	CONDITIONAL	FINNISH_LD_SENSITIVITY_REQUIRED
TIER 2	CAT-T2D	False	17	17299591	18446092	0.0002213939581042	1.4056830862513236e-07	0.0008228868786915	rs4646380	4.55259693631435e-06	0.011529026108110825	LEVEL_C_ATLAS_FDR	0.0448993	0.057	POSITIVE_EFFECT_PRODUCT	DIRECTION_CONCORDANT	CONDITIONAL	FINNISH_LD_SENSITIVITY_REQUIRED
TIER 2	CAT-T2D	False	17	17299591	18446092	0.0002213939581042	1.4056830862513236e-07	0.0008228868786915	rs4646379	4.73725936724042e-06	0.011859101906014843	LEVEL_C_ATLAS_FDR	0.0449013	0.0568	POSITIVE_EFFECT_PRODUCT	DIRECTION_CONCORDANT	CONDITIONAL	FINNISH_LD_SENSITIVITY_REQUIRED
TIER 2	CAT-T2D	False	17	17299591	18446092	0.0002213939581042	1.4056830862513236e-07	0.0008228868786915	rs60343188	4.55835826222139e-06	0.011537448174715208	LEVEL_C_ATLAS_FDR	0.0443504	0.0572	POSITIVE_EFFECT_PRODUCT	DIRECTION_CONCORDANT	CONDITIONAL	FINNISH_LD_SENSITIVITY_REQUIRED
TIER 2	CAT-T2D	False	17	17299591	18446092	0.0002213939581042	1.4056830862513236e-07	0.0008228868786915	rs74997466	4.55776739175591e-06	0.011537448174715208	LEVEL_C_ATLAS_FDR	0.0443509	0.0572	POSITIVE_EFFECT_PRODUCT	DIRECTION_CONCORDANT	CONDITIONAL	FINNISH_LD_SENSITIVITY_REQUIRED
TIER 2	CAT-T2D	False	17	17299591	18446092	0.0002213939581042	1.4056830862513236e-07	0.0008228868786915	rs58146226	4.61133336688601e-06	0.011635327614014949	LEVEL_C_ATLAS_FDR	0.0443052	0.0572	POSITIVE_EFFECT_PRODUCT	DIRECTION_CONCORDANT	CONDITIONAL	FINNISH_LD_SENSITIVITY_REQUIRED
TIER 2	CAT-T2D	False	17	17299591	18446092	0.0002213939581042	1.4056830862513236e-07	0.0008228868786915	rs4646367	4.56105645308808e-06	0.01154118712920482	LEVEL_C_ATLAS_FDR	0.0443478	0.0572	POSITIVE_EFFECT_PRODUCT	DIRECTION_CONCORDANT	CONDITIONAL	FINNISH_LD_SENSITIVITY_REQUIRED
TIER 2	CAT-T2D	False	17	17299591	18446092	0.0002213939581042	1.4056830862513236e-07	0.0008228868786915	rs75035298	2.71988150094006e-06	0.007944437884269191	LEVEL_C_ATLAS_FDR	0.0444686	0.0601	POSITIVE_EFFECT_PRODUCT	DIRECTION_CONCORDANT	CONDITIONAL	FINNISH_LD_SENSITIVITY_REQUIRED
TIER 2	CAT-T2D	False	17	17299591	18446092	0.0002213939581042	1.4056830862513236e-07	0.0008228868786915	rs4646348	4.23088152594349e-06	0.010923099541879252	LEVEL_C_ATLAS_FDR	0.0443277	0.0576	POSITIVE_EFFECT_PRODUCT	DIRECTION_CONCORDANT	CONDITIONAL	FINNISH_LD_SENSITIVITY_REQUIRED
TIER 2	CAT-T2D	False	17	17299591	18446092	0.0002213939581042	1.4056830862513236e-07	0.0008228868786915	rs58356850	4.39609704631352e-06	0.011235163028871509	LEVEL_C_ATLAS_FDR	0.0443371	0.0574	POSITIVE_EFFECT_PRODUCT	DIRECTION_CONCORDANT	CONDITIONAL	FINNISH_LD_SENSITIVITY_REQUIRED
TIER 2	CAT-T2D	False	17	17299591	18446092	0.0002213939581042	1.4056830862513236e-07	0.0008228868786915	rs2278952	4.48032574334308e-06	0.011389213122218893	LEVEL_C_ATLAS_FDR	0.043985	0.0587	POSITIVE_EFFECT_PRODUCT	DIRECTION_CONCORDANT	CONDITIONAL	FINNISH_LD_SENSITIVITY_REQUIRED
TIER 2	CAT-T2D	False	17	17299591	18446092	0.0002213939581042	1.4056830862513236e-07	0.0008228868786915	rs3760187	4.72204371623256e-06	0.011828689180672215	LEVEL_C_ATLAS_FDR	0.0438403	0.0577	POSITIVE_EFFECT_PRODUCT	DIRECTION_CONCORDANT	CONDITIONAL	FINNISH_LD_SENSITIVITY_REQUIRED
TIER 2	CAT-T2D	False	17	17299591	18446092	0.0002213939581042	1.4056830862513236e-07	0.0008228868786915	rs12603596	9.88374981907283e-06	0.019886489627852486	LEVEL_C_ATLAS_FDR	0.036143	0.0546	POSITIVE_EFFECT_PRODUCT	DIRECTION_CONCORDANT	CONDITIONAL	FINNISH_LD_SENSITIVITY_REQUIRED
TIER 2	CAT-T2D	False	17	17299591	18446092	0.0002213939581042	1.4056830862513236e-07	0.0008228868786915	rs9897596	1.9823376301123e-05	0.03238436614543421	LEVEL_C_ATLAS_FDR	-0.0201913	-0.0293	POSITIVE_EFFECT_PRODUCT	DIRECTION_CONCORDANT	CONDITIONAL	FINNISH_LD_SENSITIVITY_REQUIRED
TIER 2	CAT-T2D	False	17	17299591	18446092	0.0002213939581042	1.4056830862513236e-07	0.0008228868786915	rs7224617	1.36064821300708e-05	0.024870118540676122	LEVEL_C_ATLAS_FDR	-0.0207292	-0.0296	POSITIVE_EFFECT_PRODUCT	DIRECTION_CONCORDANT	CONDITIONAL	FINNISH_LD_SENSITIVITY_REQUIRED
TIER 2	CAT-T2D	False	17	17299591	18446092	0.0002213939581042	1.4056830862513236e-07	0.0008228868786915	rs12940014	1.34370489872314e-05	0.024632836523997056	LEVEL_C_ATLAS_FDR	-0.0207561	-0.0296	POSITIVE_EFFECT_PRODUCT	DIRECTION_CONCORDANT	CONDITIONAL	FINNISH_LD_SENSITIVITY_REQUIRED
TIER 2	CAT-T2D	False	17	17299591	18446092	0.0002213939581042	1.4056830862513236e-07	0.0008228868786915	rs9897309	2.34286251861195e-05	0.03632189884584741	LEVEL_C_ATLAS_FDR	-0.0202509	-0.0287	POSITIVE_EFFECT_PRODUCT	DIRECTION_CONCORDANT	CONDITIONAL	FINNISH_LD_SENSITIVITY_REQUIRED
TIER 2	CAT-T2D	False	17	17299591	18446092	0.0002213939581042	1.4056830862513236e-07	0.0008228868786915	rs4925104	3.51849288544468e-05	0.04785012637007287	LEVEL_C_ATLAS_FDR	-0.0198	-0.0282	POSITIVE_EFFECT_PRODUCT	DIRECTION_CONCORDANT	CONDITIONAL	FINNISH_LD_SENSITIVITY_REQUIRED
TIER 2	CAT-T2D	False	17	17299591	18446092	0.0002213939581042	1.4056830862513236e-07	0.0008228868786915	rs9906532	3.52400330294629e-05	0.04788949275921682	LEVEL_C_ATLAS_FDR	-0.019797	-0.0282	POSITIVE_EFFECT_PRODUCT	DIRECTION_CONCORDANT	CONDITIONAL	FINNISH_LD_SENSITIVITY_REQUIRED
TIER 2	CAT-T2D	False	17	17299591	18446092	0.0002213939581042	1.4056830862513236e-07	0.0008228868786915	rs4925105	3.50080374541054e-05	0.04767583230366698	LEVEL_C_ATLAS_FDR	-0.0198141	-0.0282	POSITIVE_EFFECT_PRODUCT	DIRECTION_CONCORDANT	CONDITIONAL	FINNISH_LD_SENSITIVITY_REQUIRED
TIER 2	CAT-T2D	False	17	17299591	18446092	0.0002213939581042	1.4056830862513236e-07	0.0008228868786915	rs11655029	4.68909793361068e-08	0.0002949737984518342	LEVEL_B_PAIRWISE_GWAS	-0.023546	-0.0463	POSITIVE_EFFECT_PRODUCT	DIRECTION_CONCORDANT	CONDITIONAL	FINNISH_LD_SENSITIVITY_REQUIRED
TIER 2	CAT-T2D	False	17	17299591	18446092	0.0002213939581042	1.4056830862513236e-07	0.0008228868786915	rs941449	2.21489258904334e-05	0.03494049234601212	LEVEL_C_ATLAS_FDR	0.0256705	0.0542	POSITIVE_EFFECT_PRODUCT	DIRECTION_CONCORDANT	CONDITIONAL	FINNISH_LD_SENSITIVITY_REQUIRED
TIER 2	CAT-T2D	False	17	17299591	18446092	0.0002213939581042	1.4056830862513236e-07	0.0008228868786915	rs9900803	2.06971336865076e-07	0.0009865869439678813	LEVEL_C_ATLAS_FDR	-0.0214344	-0.0455	POSITIVE_EFFECT_PRODUCT	DIRECTION_CONCORDANT	CONDITIONAL	FINNISH_LD_SENSITIVITY_REQUIRED
TIER 2	CAT-T2D	False	17	17299591	18446092	0.0002213939581042	1.4056830862513236e-07	0.0008228868786915	rs7208757	1.4505032069904e-05	0.025982874810221095	LEVEL_C_ATLAS_FDR	-0.018582	-0.0411	POSITIVE_EFFECT_PRODUCT	DIRECTION_CONCORDANT	CONDITIONAL	FINNISH_LD_SENSITIVITY_REQUIRED
TIER 2	CAT-T2D	False	17	17299591	18446092	0.0002213939581042	1.4056830862513236e-07	0.0008228868786915	rs11656775	1.43570784806777e-07	0.0007358017771584619	LEVEL_C_ATLAS_FDR	-0.0215342	-0.0453	POSITIVE_EFFECT_PRODUCT	DIRECTION_CONCORDANT	CONDITIONAL	FINNISH_LD_SENSITIVITY_REQUIRED
TIER 2	CAT-T2D	False	17	17299591	18446092	0.0002213939581042	1.4056830862513236e-07	0.0008228868786915	rs4925109	2.11021464772089e-08	0.00015618151246574549	LEVEL_B_PAIRWISE_GWAS	-0.0240793	-0.0476	POSITIVE_EFFECT_PRODUCT	DIRECTION_CONCORDANT	CONDITIONAL	FINNISH_LD_SENSITIVITY_REQUIRED
TIER 2	CAT-T2D	False	17	17299591	18446092	0.0002213939581042	1.4056830862513236e-07	0.0008228868786915	rs11649804	1.30077220498799e-05	0.02410721951462535	LEVEL_C_ATLAS_FDR	0.0240677	0.0298	POSITIVE_EFFECT_PRODUCT	DIRECTION_CONCORDANT	CONDITIONAL	FINNISH_LD_SENSITIVITY_REQUIRED
TIER 2	CAT-T2D	False	17	17299591	18446092	0.0002213939581042	1.4056830862513236e-07	0.0008228868786915	rs8067439	5.61119159134938e-09	5.1148628339463216e-05	LEVEL_B_PAIRWISE_GWAS	-0.0273449	-0.042	POSITIVE_EFFECT_PRODUCT	DIRECTION_CONCORDANT	CONDITIONAL	FINNISH_LD_SENSITIVITY_REQUIRED
TIER 2	CAT-T2D	False	17	17299591	18446092	0.0002213939581042	1.4056830862513236e-07	0.0008228868786915	rs3818717	3.97358792887064e-06	0.010438169836251497	LEVEL_C_ATLAS_FDR	-0.0185187	-0.0376	POSITIVE_EFFECT_PRODUCT	DIRECTION_CONCORDANT	CONDITIONAL	FINNISH_LD_SENSITIVITY_REQUIRED
TIER 2	CAT-T2D	False	17	17299591	18446092	0.0002213939581042	1.4056830862513236e-07	0.0008228868786915	rs11654081	3.52808163347647e-09	3.4990199178405325e-05	LEVEL_B_PAIRWISE_GWAS	-0.0283152	-0.0418	POSITIVE_EFFECT_PRODUCT	DIRECTION_CONCORDANT	CONDITIONAL	FINNISH_LD_SENSITIVITY_REQUIRED
TIER 2	CAT-T2D	False	17	17299591	18446092	0.0002213939581042	1.4056830862513236e-07	0.0008228868786915	rs2350976	4.51035673764099e-09	4.294377772472895e-05	LEVEL_B_PAIRWISE_GWAS	-0.0286069	-0.0408	POSITIVE_EFFECT_PRODUCT	DIRECTION_CONCORDANT	CONDITIONAL	FINNISH_LD_SENSITIVITY_REQUIRED
TIER 2	CAT-T2D	False	17	17299591	18446092	0.0002213939581042	1.4056830862513236e-07	0.0008228868786915	rs11652881	3.91078905079377e-09	3.819643237233593e-05	LEVEL_B_PAIRWISE_GWAS	-0.0287711	-0.0409	POSITIVE_EFFECT_PRODUCT	DIRECTION_CONCORDANT	CONDITIONAL	FINNISH_LD_SENSITIVITY_REQUIRED
TIER 2	CAT-T2D	False	17	17299591	18446092	0.0002213939581042	1.4056830862513236e-07	0.0008228868786915	rs4925114	1.12204777762492e-08	9.024138404632026e-05	LEVEL_B_PAIRWISE_GWAS	-0.0274234	-0.0413	POSITIVE_EFFECT_PRODUCT	DIRECTION_CONCORDANT	CONDITIONAL	FINNISH_LD_SENSITIVITY_REQUIRED
TIER 2	CAT-T2D	False	17	17299591	18446092	0.0002213939581042	1.4056830862513236e-07	0.0008228868786915	rs11868035	3.38707581055795e-05	0.04663116085552737	LEVEL_C_ATLAS_FDR	0.0226438	0.0288	POSITIVE_EFFECT_PRODUCT	DIRECTION_CONCORDANT	CONDITIONAL	FINNISH_LD_SENSITIVITY_REQUIRED
TIER 2	CAT-T2D	False	17	17299591	18446092	0.0002213939581042	1.4056830862513236e-07	0.0008228868786915	rs12941356	7.07537513420599e-06	0.01567615183152598	LEVEL_C_ATLAS_FDR	-0.0178063	-0.0372	POSITIVE_EFFECT_PRODUCT	DIRECTION_CONCORDANT	CONDITIONAL	FINNISH_LD_SENSITIVITY_REQUIRED
TIER 2	CAT-T2D	False	17	17299591	18446092	0.0002213939581042	1.4056830862513236e-07	0.0008228868786915	rs11656665	5.67592017055672e-10	7.644052663911906e-06	LEVEL_A_ATLAS_STRINGENT	-0.033423	-0.0386	POSITIVE_EFFECT_PRODUCT	DIRECTION_CONCORDANT	CONDITIONAL	FINNISH_LD_SENSITIVITY_REQUIRED
TIER 2	CAT-T2D	False	17	17299591	18446092	0.0002213939581042	1.4056830862513236e-07	0.0008228868786915	rs12953299	4.30627409350891e-08	0.0002765040274261133	LEVEL_B_PAIRWISE_GWAS	-0.0313264	-0.0309	POSITIVE_EFFECT_PRODUCT	DIRECTION_CONCORDANT	CONDITIONAL	FINNISH_LD_SENSITIVITY_REQUIRED
TIER 2	CAT-T2D	False	17	17299591	18446092	0.0002213939581042	1.4056830862513236e-07	0.0008228868786915	rs8066560	3.96392676978386e-10	5.80323159000419e-06	LEVEL_A_ATLAS_STRINGENT	-0.0345205	-0.0382	POSITIVE_EFFECT_PRODUCT	DIRECTION_CONCORDANT	CONDITIONAL	FINNISH_LD_SENSITIVITY_REQUIRED
TIER 2	CAT-T2D	False	17	17299591	18446092	0.0002213939581042	1.4056830862513236e-07	0.0008228868786915	rs11657423	5.45452486746796e-10	7.43659894045515e-06	LEVEL_A_ATLAS_STRINGENT	-0.0346167	-0.0374	POSITIVE_EFFECT_PRODUCT	DIRECTION_CONCORDANT	CONDITIONAL	FINNISH_LD_SENSITIVITY_REQUIRED
TIER 2	CAT-T2D	False	17	17299591	18446092	0.0002213939581042	1.4056830862513236e-07	0.0008228868786915	rs11078399	3.96944912010535e-10	5.806418505881348e-06	LEVEL_A_ATLAS_STRINGENT	-0.0346105	-0.038	POSITIVE_EFFECT_PRODUCT	DIRECTION_CONCORDANT	CONDITIONAL	FINNISH_LD_SENSITIVITY_REQUIRED
TIER 2	CAT-T2D	False	17	17299591	18446092	0.0002213939581042	1.4056830862513236e-07	0.0008228868786915	rs12450799	2.40240368538602e-06	0.007259009957903827	LEVEL_C_ATLAS_FDR	-0.0227736	-0.0324	POSITIVE_EFFECT_PRODUCT	DIRECTION_CONCORDANT	CONDITIONAL	FINNISH_LD_SENSITIVITY_REQUIRED
TIER 2	CAT-T2D	False	17	17299591	18446092	0.0002213939581042	1.4056830862513236e-07	0.0008228868786915	rs4925116	4.16774808901885e-10	6.015368177571861e-06	LEVEL_A_ATLAS_STRINGENT	-0.034609	-0.0379	POSITIVE_EFFECT_PRODUCT	DIRECTION_CONCORDANT	CONDITIONAL	FINNISH_LD_SENSITIVITY_REQUIRED
TIER 2	CAT-T2D	False	17	17299591	18446092	0.0002213939581042	1.4056830862513236e-07	0.0008228868786915	rs12952723	4.22499389597046e-10	6.070909674211263e-06	LEVEL_A_ATLAS_STRINGENT	-0.0345855	-0.0379	POSITIVE_EFFECT_PRODUCT	DIRECTION_CONCORDANT	CONDITIONAL	FINNISH_LD_SENSITIVITY_REQUIRED
TIER 2	CAT-T2D	False	17	17299591	18446092	0.0002213939581042	1.4056830862513236e-07	0.0008228868786915	rs9894257	4.89597382794898e-10	6.858254848253482e-06	LEVEL_A_ATLAS_STRINGENT	-0.034418	-0.0379	POSITIVE_EFFECT_PRODUCT	DIRECTION_CONCORDANT	CONDITIONAL	FINNISH_LD_SENSITIVITY_REQUIRED
TIER 2	CAT-T2D	False	17	17299591	18446092	0.0002213939581042	1.4056830862513236e-07	0.0008228868786915	rs9902941	4.49037920368964e-10	6.39854999356309e-06	LEVEL_A_ATLAS_STRINGENT	-0.0344708	-0.0379	POSITIVE_EFFECT_PRODUCT	DIRECTION_CONCORDANT	CONDITIONAL	FINNISH_LD_SENSITIVITY_REQUIRED
TIER 2	CAT-T2D	False	17	17299591	18446092	0.0002213939581042	1.4056830862513236e-07	0.0008228868786915	rs11657130	5.59876558114331e-10	7.59150971984023e-06	LEVEL_A_ATLAS_STRINGENT	-0.0346448	-0.0373	POSITIVE_EFFECT_PRODUCT	DIRECTION_CONCORDANT	CONDITIONAL	FINNISH_LD_SENSITIVITY_REQUIRED
TIER 2	CAT-T2D	False	17	17299591	18446092	0.0002213939581042	1.4056830862513236e-07	0.0008228868786915	rs11652144	4.22042622556095e-10	6.0686889864167e-06	LEVEL_A_ATLAS_STRINGENT	-0.0345158	-0.0374	POSITIVE_EFFECT_PRODUCT	DIRECTION_CONCORDANT	CONDITIONAL	FINNISH_LD_SENSITIVITY_REQUIRED
TIER 2	CAT-T2D	False	17	17299591	18446092	0.0002213939581042	1.4056830862513236e-07	0.0008228868786915	rs1889018	5.79353971873601e-10	7.705480697430103e-06	LEVEL_A_ATLAS_STRINGENT	-0.0344876	-0.0374	POSITIVE_EFFECT_PRODUCT	DIRECTION_CONCORDANT	CONDITIONAL	FINNISH_LD_SENSITIVITY_REQUIRED
TIER 2	CAT-T2D	False	17	17299591	18446092	0.0002213939581042	1.4056830862513236e-07	0.0008228868786915	rs4924821	2.95532476859915e-06	0.008437599518743547	LEVEL_C_ATLAS_FDR	-0.0223647	-0.0324	POSITIVE_EFFECT_PRODUCT	DIRECTION_CONCORDANT	CONDITIONAL	FINNISH_LD_SENSITIVITY_REQUIRED
TIER 2	CAT-T2D	False	17	17299591	18446092	0.0002213939581042	1.4056830862513236e-07	0.0008228868786915	rs4925117	1.33381677757698e-09	1.5340968357505546e-05	LEVEL_A_ATLAS_STRINGENT	-0.0345911	-0.0368	POSITIVE_EFFECT_PRODUCT	DIRECTION_CONCORDANT	CONDITIONAL	FINNISH_LD_SENSITIVITY_REQUIRED
TIER 2	CAT-T2D	False	17	17299591	18446092	0.0002213939581042	1.4056830862513236e-07	0.0008228868786915	rs12938501	4.57124384996129e-10	6.497773417761094e-06	LEVEL_A_ATLAS_STRINGENT	-0.0344249	-0.0379	POSITIVE_EFFECT_PRODUCT	DIRECTION_CONCORDANT	CONDITIONAL	FINNISH_LD_SENSITIVITY_REQUIRED
TIER 2	CAT-T2D	False	17	17299591	18446092	0.0002213939581042	1.4056830862513236e-07	0.0008228868786915	rs4925118	1.00201099454684e-06	0.003606543035189503	LEVEL_C_ATLAS_FDR	-0.0345137	-0.0558	POSITIVE_EFFECT_PRODUCT	DIRECTION_CONCORDANT	CONDITIONAL	FINNISH_LD_SENSITIVITY_REQUIRED
TIER 2	CAT-T2D	False	17	17299591	18446092	0.0002213939581042	1.4056830862513236e-07	0.0008228868786915	rs13306736	2.72612704995541e-06	0.00795665462166224	LEVEL_C_ATLAS_FDR	-0.0223802	-0.0326	POSITIVE_EFFECT_PRODUCT	DIRECTION_CONCORDANT	CONDITIONAL	FINNISH_LD_SENSITIVITY_REQUIRED
TIER 2	CAT-T2D	False	17	17299591	18446092	0.0002213939581042	1.4056830862513236e-07	0.0008228868786915	rs12946746	5.67238374972067e-10	7.644052663911906e-06	LEVEL_A_ATLAS_STRINGENT	-0.0342484	-0.0377	POSITIVE_EFFECT_PRODUCT	DIRECTION_CONCORDANT	CONDITIONAL	FINNISH_LD_SENSITIVITY_REQUIRED
TIER 2	CAT-T2D	False	17	17299591	18446092	0.0002213939581042	1.4056830862513236e-07	0.0008228868786915	rs7359509	5.67488266470617e-10	7.644052663911906e-06	LEVEL_A_ATLAS_STRINGENT	-0.0342476	-0.0377	POSITIVE_EFFECT_PRODUCT	DIRECTION_CONCORDANT	CONDITIONAL	FINNISH_LD_SENSITIVITY_REQUIRED
TIER 2	CAT-T2D	False	17	17299591	18446092	0.0002213939581042	1.4056830862513236e-07	0.0008228868786915	rs4925119	5.12697207354998e-10	7.107264217953537e-06	LEVEL_A_ATLAS_STRINGENT	-0.0340592	-0.0382	POSITIVE_EFFECT_PRODUCT	DIRECTION_CONCORDANT	CONDITIONAL	FINNISH_LD_SENSITIVITY_REQUIRED
TIER 2	CAT-T2D	False	17	17299591	18446092	0.0002213939581042	1.4056830862513236e-07	0.0008228868786915	rs9891957	3.39022437203419e-10	5.092186835735253e-06	LEVEL_A_ATLAS_STRINGENT	-0.0336097	-0.0388	POSITIVE_EFFECT_PRODUCT	DIRECTION_CONCORDANT	CONDITIONAL	FINNISH_LD_SENSITIVITY_REQUIRED
TIER 2	CAT-T2D	False	17	17299591	18446092	0.0002213939581042	1.4056830862513236e-07	0.0008228868786915	rs8078756	4.08224904264141e-10	5.92399601746758e-06	LEVEL_A_ATLAS_STRINGENT	-0.0339903	-0.0386	POSITIVE_EFFECT_PRODUCT	DIRECTION_CONCORDANT	CONDITIONAL	FINNISH_LD_SENSITIVITY_REQUIRED
TIER 2	CAT-T2D	False	17	17299591	18446092	0.0002213939581042	1.4056830862513236e-07	0.0008228868786915	rs9906673	6.41434825915912e-10	8.261703406681283e-06	LEVEL_A_ATLAS_STRINGENT	-0.034115	-0.0376	POSITIVE_EFFECT_PRODUCT	DIRECTION_CONCORDANT	CONDITIONAL	FINNISH_LD_SENSITIVITY_REQUIRED
TIER 2	CAT-T2D	False	17	17299591	18446092	0.0002213939581042	1.4056830862513236e-07	0.0008228868786915	rs6502618	3.79648019933923e-10	5.595849959638334e-06	LEVEL_A_ATLAS_STRINGENT	-0.0341105	-0.0386	POSITIVE_EFFECT_PRODUCT	DIRECTION_CONCORDANT	CONDITIONAL	FINNISH_LD_SENSITIVITY_REQUIRED
TIER 2	CAT-T2D	False	17	17299591	18446092	0.0002213939581042	1.4056830862513236e-07	0.0008228868786915	rs3183702	4.83309148335194e-10	6.794848210218777e-06	LEVEL_A_ATLAS_STRINGENT	-0.0340602	-0.0382	POSITIVE_EFFECT_PRODUCT	DIRECTION_CONCORDANT	CONDITIONAL	FINNISH_LD_SENSITIVITY_REQUIRED
TIER 2	CAT-T2D	False	17	17299591	18446092	0.0002213939581042	1.4056830862513236e-07	0.0008228868786915	rs2236513	5.21131237786423e-10	7.186868932119996e-06	LEVEL_A_ATLAS_STRINGENT	-0.0340117	-0.0381	POSITIVE_EFFECT_PRODUCT	DIRECTION_CONCORDANT	CONDITIONAL	FINNISH_LD_SENSITIVITY_REQUIRED
TIER 2	CAT-T2D	False	17	17299591	18446092	0.0002213939581042	1.4056830862513236e-07	0.0008228868786915	rs9915248	3.87169229026704e-10	5.684983324250983e-06	LEVEL_A_ATLAS_STRINGENT	-0.0341644	-0.0385	POSITIVE_EFFECT_PRODUCT	DIRECTION_CONCORDANT	CONDITIONAL	FINNISH_LD_SENSITIVITY_REQUIRED
TIER 2	CAT-T2D	False	17	17299591	18446092	0.0002213939581042	1.4056830862513236e-07	0.0008228868786915	rs4924822	5.03493997465123e-10	7.002055519965593e-06	LEVEL_A_ATLAS_STRINGENT	-0.0340798	-0.0381	POSITIVE_EFFECT_PRODUCT	DIRECTION_CONCORDANT	CONDITIONAL	FINNISH_LD_SENSITIVITY_REQUIRED
TIER 2	CAT-T2D	False	17	17299591	18446092	0.0002213939581042	1.4056830862513236e-07	0.0008228868786915	rs3744113	3.253313724851e-10	4.907780834839442e-06	LEVEL_A_ATLAS_STRINGENT	-0.0341209	-0.0383	POSITIVE_EFFECT_PRODUCT	DIRECTION_CONCORDANT	CONDITIONAL	FINNISH_LD_SENSITIVITY_REQUIRED
TIER 2	CAT-T2D	False	17	17299591	18446092	0.0002213939581042	1.4056830862513236e-07	0.0008228868786915	rs9915776	4.63899366883462e-10	6.57522817388779e-06	LEVEL_A_ATLAS_STRINGENT	-0.0341284	-0.0382	POSITIVE_EFFECT_PRODUCT	DIRECTION_CONCORDANT	CONDITIONAL	FINNISH_LD_SENSITIVITY_REQUIRED
TIER 2	CAT-T2D	False	17	17299591	18446092	0.0002213939581042	1.4056830862513236e-07	0.0008228868786915	rs3744115	4.36294263595266e-10	6.234876016658188e-06	LEVEL_A_ATLAS_STRINGENT	-0.0341427	-0.0383	POSITIVE_EFFECT_PRODUCT	DIRECTION_CONCORDANT	CONDITIONAL	FINNISH_LD_SENSITIVITY_REQUIRED
TIER 2	CAT-T2D	False	17	17299591	18446092	0.0002213939581042	1.4056830862513236e-07	0.0008228868786915	rs1052299	4.33296370762887e-10	6.197137165152296e-06	LEVEL_A_ATLAS_STRINGENT	-0.0341541	-0.0383	POSITIVE_EFFECT_PRODUCT	DIRECTION_CONCORDANT	CONDITIONAL	FINNISH_LD_SENSITIVITY_REQUIRED
TIER 2	CAT-T2D	False	17	17299591	18446092	0.0002213939581042	1.4056830862513236e-07	0.0008228868786915	rs1108648	3.49532637505879e-10	5.225181160715879e-06	LEVEL_A_ATLAS_STRINGENT	-0.0341885	-0.0381	POSITIVE_EFFECT_PRODUCT	DIRECTION_CONCORDANT	CONDITIONAL	FINNISH_LD_SENSITIVITY_REQUIRED
TIER 2	CAT-T2D	False	17	17299591	18446092	0.0002213939581042	1.4056830862513236e-07	0.0008228868786915	rs7501812	8.00312486130051e-10	9.882676529189096e-06	LEVEL_A_ATLAS_STRINGENT	-0.0332205	-0.0382	POSITIVE_EFFECT_PRODUCT	DIRECTION_CONCORDANT	CONDITIONAL	FINNISH_LD_SENSITIVITY_REQUIRED
TIER 2	CAT-T2D	False	17	17299591	18446092	0.0002213939581042	1.4056830862513236e-07	0.0008228868786915	rs1108646	3.490385718128e-10	5.220043428280949e-06	LEVEL_A_ATLAS_STRINGENT	-0.0309451	-0.0444	POSITIVE_EFFECT_PRODUCT	DIRECTION_CONCORDANT	CONDITIONAL	FINNISH_LD_SENSITIVITY_REQUIRED
TIER 2	CAT-T2D	False	17	17299591	18446092	0.0002213939581042	1.4056830862513236e-07	0.0008228868786915	rs12951376	4.63251601588137e-07	0.0019173921242021663	LEVEL_C_ATLAS_FDR	-0.029044	-0.0328	POSITIVE_EFFECT_PRODUCT	DIRECTION_CONCORDANT	CONDITIONAL	FINNISH_LD_SENSITIVITY_REQUIRED
TIER 2	CAT-T2D	False	17	17299591	18446092	0.0002213939581042	1.4056830862513236e-07	0.0008228868786915	rs4925120	5.19143850846033e-10	7.168004586649499e-06	LEVEL_A_ATLAS_STRINGENT	-0.0340148	-0.0382	POSITIVE_EFFECT_PRODUCT	DIRECTION_CONCORDANT	CONDITIONAL	FINNISH_LD_SENSITIVITY_REQUIRED
TIER 2	CAT-T2D	False	17	17299591	18446092	0.0002213939581042	1.4056830862513236e-07	0.0008228868786915	rs16960744	4.21607333786453e-10	6.064942230321544e-06	LEVEL_A_ATLAS_STRINGENT	-0.0342841	-0.0383	POSITIVE_EFFECT_PRODUCT	DIRECTION_CONCORDANT	CONDITIONAL	FINNISH_LD_SENSITIVITY_REQUIRED
TIER 2	CAT-T2D	False	17	17299591	18446092	0.0002213939581042	1.4056830862513236e-07	0.0008228868786915	rs11078400	1.21725859949017e-10	2.1103856780934287e-06	LEVEL_A_ATLAS_STRINGENT	-0.036306	-0.0378	POSITIVE_EFFECT_PRODUCT	DIRECTION_CONCORDANT	CONDITIONAL	FINNISH_LD_SENSITIVITY_REQUIRED
TIER 2	CAT-T2D	False	17	17299591	18446092	0.0002213939581042	1.4056830862513236e-07	0.0008228868786915	rs8079321	1.19080218379089e-10	2.0688069769712464e-06	LEVEL_A_ATLAS_STRINGENT	-0.0364373	-0.0377	POSITIVE_EFFECT_PRODUCT	DIRECTION_CONCORDANT	CONDITIONAL	FINNISH_LD_SENSITIVITY_REQUIRED
TIER 2	CAT-T2D	False	17	17299591	18446092	0.0002213939581042	1.4056830862513236e-07	0.0008228868786915	rs11658309	1.60077966486527e-10	2.674002747342884e-06	LEVEL_A_ATLAS_STRINGENT	-0.0363225	-0.0373	POSITIVE_EFFECT_PRODUCT	DIRECTION_CONCORDANT	CONDITIONAL	FINNISH_LD_SENSITIVITY_REQUIRED
TIER 2	CAT-T2D	False	17	17299591	18446092	0.0002213939581042	1.4056830862513236e-07	0.0008228868786915	rs9911890	1.85361161759518e-06	0.005944383127497426	LEVEL_C_ATLAS_FDR	-0.0359732	-0.0486	POSITIVE_EFFECT_PRODUCT	DIRECTION_CONCORDANT	CONDITIONAL	FINNISH_LD_SENSITIVITY_REQUIRED
TIER 2	CAT-T2D	False	17	17299591	18446092	0.0002213939581042	1.4056830862513236e-07	0.0008228868786915	rs4924823	1.52404884737863e-10	2.560615695999874e-06	LEVEL_A_ATLAS_STRINGENT	-0.0363115	-0.0374	POSITIVE_EFFECT_PRODUCT	DIRECTION_CONCORDANT	CONDITIONAL	FINNISH_LD_SENSITIVITY_REQUIRED
TIER 2	CAT-T2D	False	17	17299591	18446092	0.0002213939581042	1.4056830862513236e-07	0.0008228868786915	rs12941039	1.77509645188107e-10	2.923041632809757e-06	LEVEL_A_ATLAS_STRINGENT	-0.0363429	-0.037	POSITIVE_EFFECT_PRODUCT	DIRECTION_CONCORDANT	CONDITIONAL	FINNISH_LD_SENSITIVITY_REQUIRED
TIER 2	CAT-T2D	False	17	17299591	18446092	0.0002213939581042	1.4056830862513236e-07	0.0008228868786915	rs1889014	1.16638143488887e-06	0.004078069881940597	LEVEL_C_ATLAS_FDR	-0.0238685	-0.0322	POSITIVE_EFFECT_PRODUCT	DIRECTION_CONCORDANT	CONDITIONAL	FINNISH_LD_SENSITIVITY_REQUIRED
TIER 2	CAT-T2D	False	17	17299591	18446092	0.0002213939581042	1.4056830862513236e-07	0.0008228868786915	rs11657074	1.32854943506723e-10	2.2750964040959753e-06	LEVEL_A_ATLAS_STRINGENT	-0.0362558	-0.0376	POSITIVE_EFFECT_PRODUCT	DIRECTION_CONCORDANT	CONDITIONAL	FINNISH_LD_SENSITIVITY_REQUIRED
TIER 2	CAT-T2D	False	17	17299591	18446092	0.0002213939581042	1.4056830862513236e-07	0.0008228868786915	rs9907246	1.24584987546212e-10	2.1547116688271635e-06	LEVEL_A_ATLAS_STRINGENT	-0.0362671	-0.0377	POSITIVE_EFFECT_PRODUCT	DIRECTION_CONCORDANT	CONDITIONAL	FINNISH_LD_SENSITIVITY_REQUIRED
TIER 2	CAT-T2D	False	17	17299591	18446092	0.0002213939581042	1.4056830862513236e-07	0.0008228868786915	rs9907287	1.60255261622429e-10	2.6756767310429162e-06	LEVEL_A_ATLAS_STRINGENT	-0.0363207	-0.0373	POSITIVE_EFFECT_PRODUCT	DIRECTION_CONCORDANT	CONDITIONAL	FINNISH_LD_SENSITIVITY_REQUIRED
TIER 2	CAT-T2D	False	17	17299591	18446092	0.0002213939581042	1.4056830862513236e-07	0.0008228868786915	rs9908017	4.84287216285388e-10	6.803088073000663e-06	LEVEL_A_ATLAS_STRINGENT	-0.0363202	-0.0375	POSITIVE_EFFECT_PRODUCT	DIRECTION_CONCORDANT	CONDITIONAL	FINNISH_LD_SENSITIVITY_REQUIRED
TIER 2	CAT-T2D	False	17	17299591	18446092	0.0002213939581042	1.4056830862513236e-07	0.0008228868786915	rs9908299	1.49040125837376e-10	2.5144234066359752e-06	LEVEL_A_ATLAS_STRINGENT	-0.0362532	-0.0374	POSITIVE_EFFECT_PRODUCT	DIRECTION_CONCORDANT	CONDITIONAL	FINNISH_LD_SENSITIVITY_REQUIRED
TIER 2	CAT-T2D	False	17	17299591	18446092	0.0002213939581042	1.4056830862513236e-07	0.0008228868786915	rs8080061	1.78626176882783e-10	2.9344143632737296e-06	LEVEL_A_ATLAS_STRINGENT	-0.0363344	-0.0371	POSITIVE_EFFECT_PRODUCT	DIRECTION_CONCORDANT	CONDITIONAL	FINNISH_LD_SENSITIVITY_REQUIRED
TIER 2	CAT-T2D	False	17	17299591	18446092	0.0002213939581042	1.4056830862513236e-07	0.0008228868786915	rs12936037	1.3925061197756e-10	2.3682630626060854e-06	LEVEL_A_ATLAS_STRINGENT	-0.0364967	-0.0373	POSITIVE_EFFECT_PRODUCT	DIRECTION_CONCORDANT	CONDITIONAL	FINNISH_LD_SENSITIVITY_REQUIRED
TIER 2	CAT-T2D	False	17	17299591	18446092	0.0002213939581042	1.4056830862513236e-07	0.0008228868786915	rs7503334	9.83992772653544e-10	1.1738375754548055e-05	LEVEL_A_ATLAS_STRINGENT	-0.0349045	-0.035	POSITIVE_EFFECT_PRODUCT	DIRECTION_CONCORDANT	CONDITIONAL	FINNISH_LD_SENSITIVITY_REQUIRED
TIER 2	CAT-T2D	False	17	17299591	18446092	0.0002213939581042	1.4056830862513236e-07	0.0008228868786915	rs8065563	9.25554976550385e-10	1.113993861903748e-05	LEVEL_A_ATLAS_STRINGENT	-0.0349143	-0.0351	POSITIVE_EFFECT_PRODUCT	DIRECTION_CONCORDANT	CONDITIONAL	FINNISH_LD_SENSITIVITY_REQUIRED
TIER 2	CAT-T2D	False	17	17299591	18446092	0.0002213939581042	1.4056830862513236e-07	0.0008228868786915	rs8065497	2.88088165638356e-06	0.008281597372121125	LEVEL_C_ATLAS_FDR	-0.0233273	-0.0306	POSITIVE_EFFECT_PRODUCT	DIRECTION_CONCORDANT	CONDITIONAL	FINNISH_LD_SENSITIVITY_REQUIRED
TIER 2	CAT-T2D	False	17	17299591	18446092	0.0002213939581042	1.4056830862513236e-07	0.0008228868786915	rs950966	6.33313339074408e-10	8.205815639677406e-06	LEVEL_A_ATLAS_STRINGENT	-0.0349924	-0.0357	POSITIVE_EFFECT_PRODUCT	DIRECTION_CONCORDANT	CONDITIONAL	FINNISH_LD_SENSITIVITY_REQUIRED
TIER 2	CAT-T2D	False	17	17299591	18446092	0.0002213939581042	1.4056830862513236e-07	0.0008228868786915	rs4925123	6.27470869827846e-10	8.157519881018636e-06	LEVEL_A_ATLAS_STRINGENT	-0.0352095	-0.0355	POSITIVE_EFFECT_PRODUCT	DIRECTION_CONCORDANT	CONDITIONAL	FINNISH_LD_SENSITIVITY_REQUIRED
TIER 2	CAT-T2D	False	17	17299591	18446092	0.0002213939581042	1.4056830862513236e-07	0.0008228868786915	rs11650649	6.98398016711734e-10	8.847656804051324e-06	LEVEL_A_ATLAS_STRINGENT	-0.0349231	-0.0356	POSITIVE_EFFECT_PRODUCT	DIRECTION_CONCORDANT	CONDITIONAL	FINNISH_LD_SENSITIVITY_REQUIRED
TIER 2	CAT-T2D	False	17	17299591	18446092	0.0002213939581042	1.4056830862513236e-07	0.0008228868786915	rs12943500	2.98974332643336e-06	0.00850857271994618	LEVEL_C_ATLAS_FDR	-0.0232524	-0.0306	POSITIVE_EFFECT_PRODUCT	DIRECTION_CONCORDANT	CONDITIONAL	FINNISH_LD_SENSITIVITY_REQUIRED
TIER 2	CAT-T2D	False	17	17299591	18446092	0.0002213939581042	1.4056830862513236e-07	0.0008228868786915	rs11650890	9.6638128827962e-10	1.1551216769576628e-05	LEVEL_A_ATLAS_STRINGENT	-0.0348371	-0.0351	POSITIVE_EFFECT_PRODUCT	DIRECTION_CONCORDANT	CONDITIONAL	FINNISH_LD_SENSITIVITY_REQUIRED
TIER 2	CAT-T2D	False	17	17299591	18446092	0.0002213939581042	1.4056830862513236e-07	0.0008228868786915	rs4925125	8.08390923371542e-10	9.964708800153502e-06	LEVEL_A_ATLAS_STRINGENT	-0.0348089	-0.0355	POSITIVE_EFFECT_PRODUCT	DIRECTION_CONCORDANT	CONDITIONAL	FINNISH_LD_SENSITIVITY_REQUIRED
TIER 2	CAT-T2D	False	17	17299591	18446092	0.0002213939581042	1.4056830862513236e-07	0.0008228868786915	rs4925126	8.10579914065039e-10	9.984600269954492e-06	LEVEL_A_ATLAS_STRINGENT	-0.0348043	-0.0355	POSITIVE_EFFECT_PRODUCT	DIRECTION_CONCORDANT	CONDITIONAL	FINNISH_LD_SENSITIVITY_REQUIRED
TIER 2	CAT-T2D	False	17	17299591	18446092	0.0002213939581042	1.4056830862513236e-07	0.0008228868786915	rs2350977	8.66500409255274e-10	1.0538787242447322e-05	LEVEL_A_ATLAS_STRINGENT	-0.0347839	-0.0354	POSITIVE_EFFECT_PRODUCT	DIRECTION_CONCORDANT	CONDITIONAL	FINNISH_LD_SENSITIVITY_REQUIRED
TIER 2	CAT-T2D	False	17	17299591	18446092	0.0002213939581042	1.4056830862513236e-07	0.0008228868786915	rs11078403	8.66500409255274e-10	1.0538787242447322e-05	LEVEL_A_ATLAS_STRINGENT	-0.0347839	-0.0354	POSITIVE_EFFECT_PRODUCT	DIRECTION_CONCORDANT	CONDITIONAL	FINNISH_LD_SENSITIVITY_REQUIRED
TIER 2	CAT-T2D	False	17	17299591	18446092	0.0002213939581042	1.4056830862513236e-07	0.0008228868786915	rs8070128	7.42940943490006e-10	9.296589825659072e-06	LEVEL_A_ATLAS_STRINGENT	-0.0348118	-0.0356	POSITIVE_EFFECT_PRODUCT	DIRECTION_CONCORDANT	CONDITIONAL	FINNISH_LD_SENSITIVITY_REQUIRED
TIER 2	CAT-T2D	False	17	17299591	18446092	0.0002213939581042	1.4056830862513236e-07	0.0008228868786915	rs4925129	7.01230186152988e-10	8.870586387669798e-06	LEVEL_A_ATLAS_STRINGENT	0.0348175	0.0357	POSITIVE_EFFECT_PRODUCT	DIRECTION_CONCORDANT	CONDITIONAL	FINNISH_LD_SENSITIVITY_REQUIRED
TIER 2	CAT-T2D	False	17	17299591	18446092	0.0002213939581042	1.4056830862513236e-07	0.0008228868786915	rs4925130	3.80659658975545e-10	5.606000153509881e-06	LEVEL_A_ATLAS_STRINGENT	0.0350345	0.0366	POSITIVE_EFFECT_PRODUCT	DIRECTION_CONCORDANT	CONDITIONAL	FINNISH_LD_SENSITIVITY_REQUIRED
TIER 2	CAT-T2D	False	17	17299591	18446092	0.0002213939581042	1.4056830862513236e-07	0.0008228868786915	rs66531105	9.14764061414099e-10	1.103177774275784e-05	LEVEL_A_ATLAS_STRINGENT	0.034786	0.0353	POSITIVE_EFFECT_PRODUCT	DIRECTION_CONCORDANT	CONDITIONAL	FINNISH_LD_SENSITIVITY_REQUIRED
TIER 2	CAT-T2D	False	17	17299591	18446092	0.0002213939581042	1.4056830862513236e-07	0.0008228868786915	rs8078138	7.41322429394302e-10	9.27968222398719e-06	LEVEL_A_ATLAS_STRINGENT	0.0348148	0.0356	POSITIVE_EFFECT_PRODUCT	DIRECTION_CONCORDANT	CONDITIONAL	FINNISH_LD_SENSITIVITY_REQUIRED
TIER 2	CAT-T2D	False	17	17299591	18446092	0.0002213939581042	1.4056830862513236e-07	0.0008228868786915	rs8078583	7.83132439855423e-10	9.732851836734596e-06	LEVEL_A_ATLAS_STRINGENT	0.0348159	0.0355	POSITIVE_EFFECT_PRODUCT	DIRECTION_CONCORDANT	CONDITIONAL	FINNISH_LD_SENSITIVITY_REQUIRED
TIER 2	CAT-T2D	False	17	17299591	18446092	0.0002213939581042	1.4056830862513236e-07	0.0008228868786915	rs8070722	9.766225855437e-10	1.1665597486623161e-05	LEVEL_A_ATLAS_STRINGENT	0.0347738	0.0352	POSITIVE_EFFECT_PRODUCT	DIRECTION_CONCORDANT	CONDITIONAL	FINNISH_LD_SENSITIVITY_REQUIRED
TIER 2	CAT-T2D	False	17	17299591	18446092	0.0002213939581042	1.4056830862513236e-07	0.0008228868786915	rs7222480	7.41182306278451e-10	9.27968222398719e-06	LEVEL_A_ATLAS_STRINGENT	0.034818	0.0356	POSITIVE_EFFECT_PRODUCT	DIRECTION_CONCORDANT	CONDITIONAL	FINNISH_LD_SENSITIVITY_REQUIRED
TIER 2	CAT-T2D	False	17	17299591	18446092	0.0002213939581042	1.4056830862513236e-07	0.0008228868786915	rs9913724	9.62187042925044e-10	1.1506978539581648e-05	LEVEL_A_ATLAS_STRINGENT	0.0347948	0.0352	POSITIVE_EFFECT_PRODUCT	DIRECTION_CONCORDANT	CONDITIONAL	FINNISH_LD_SENSITIVITY_REQUIRED
TIER 2	CAT-T2D	False	17	17299591	18446092	0.0002213939581042	1.4056830862513236e-07	0.0008228868786915	rs7207043	1.37005570798561e-09	1.5683202697014933e-05	LEVEL_A_ATLAS_STRINGENT	0.0348126	0.0356	POSITIVE_EFFECT_PRODUCT	DIRECTION_CONCORDANT	CONDITIONAL	FINNISH_LD_SENSITIVITY_REQUIRED
TIER 2	CAT-T2D	False	17	17299591	18446092	0.0002213939581042	1.4056830862513236e-07	0.0008228868786915	rs7207395	9.73333614781126e-10	1.1630313439884183e-05	LEVEL_A_ATLAS_STRINGENT	0.0348241	0.0351	POSITIVE_EFFECT_PRODUCT	DIRECTION_CONCORDANT	CONDITIONAL	FINNISH_LD_SENSITIVITY_REQUIRED
TIER 2	CAT-T2D	False	17	17299591	18446092	0.0002213939581042	1.4056830862513236e-07	0.0008228868786915	rs12453825	3.75724386370216e-07	0.0016047779844308454	LEVEL_C_ATLAS_FDR	0.0294609	0.0305	POSITIVE_EFFECT_PRODUCT	DIRECTION_CONCORDANT	CONDITIONAL	FINNISH_LD_SENSITIVITY_REQUIRED
TIER 2	CAT-T2D	False	17	17299591	18446092	0.0002213939581042	1.4056830862513236e-07	0.0008228868786915	rs7208190	9.54601073273175e-10	1.1426145605769714e-05	LEVEL_A_ATLAS_STRINGENT	0.0348101	0.0352	POSITIVE_EFFECT_PRODUCT	DIRECTION_CONCORDANT	CONDITIONAL	FINNISH_LD_SENSITIVITY_REQUIRED
TIER 2	CAT-T2D	False	17	17299591	18446092	0.0002213939581042	1.4056830862513236e-07	0.0008228868786915	rs62064156	8.23953976020155e-10	1.0102733992795094e-05	LEVEL_A_ATLAS_STRINGENT	0.0348243	0.0354	POSITIVE_EFFECT_PRODUCT	DIRECTION_CONCORDANT	CONDITIONAL	FINNISH_LD_SENSITIVITY_REQUIRED
TIER 2	CAT-T2D	False	17	17299591	18446092	0.0002213939581042	1.4056830862513236e-07	0.0008228868786915	rs11078405	9.33565760991314e-10	1.1213027990151955e-05	LEVEL_A_ATLAS_STRINGENT	0.0346771	0.0364	POSITIVE_EFFECT_PRODUCT	DIRECTION_CONCORDANT	CONDITIONAL	FINNISH_LD_SENSITIVITY_REQUIRED
TIER 2	CAT-T2D	False	17	17299591	18446092	0.0002213939581042	1.4056830862513236e-07	0.0008228868786915	rs9912895	9.04876274880149e-10	1.0936556466313431e-05	LEVEL_A_ATLAS_STRINGENT	0.0348083	0.0353	POSITIVE_EFFECT_PRODUCT	DIRECTION_CONCORDANT	CONDITIONAL	FINNISH_LD_SENSITIVITY_REQUIRED
TIER 2	CAT-T2D	False	17	17299591	18446092	0.0002213939581042	1.4056830862513236e-07	0.0008228868786915	rs62064158	9.78552678491866e-10	1.1684631267903472e-05	LEVEL_A_ATLAS_STRINGENT	0.0347826	0.0352	POSITIVE_EFFECT_PRODUCT	DIRECTION_CONCORDANT	CONDITIONAL	FINNISH_LD_SENSITIVITY_REQUIRED
TIER 2	CAT-T2D	False	17	17299591	18446092	0.0002213939581042	1.4056830862513236e-07	0.0008228868786915	rs28428991	9.10297420363469e-10	1.0990597330518588e-05	LEVEL_A_ATLAS_STRINGENT	0.0347949	0.0353	POSITIVE_EFFECT_PRODUCT	DIRECTION_CONCORDANT	CONDITIONAL	FINNISH_LD_SENSITIVITY_REQUIRED
TIER 2	CAT-T2D	False	17	17299591	18446092	0.0002213939581042	1.4056830862513236e-07	0.0008228868786915	rs12452219	7.64131629276985e-10	9.527408340318751e-06	LEVEL_A_ATLAS_STRINGENT	0.0348606	0.0355	POSITIVE_EFFECT_PRODUCT	DIRECTION_CONCORDANT	CONDITIONAL	FINNISH_LD_SENSITIVITY_REQUIRED
TIER 2	CAT-T2D	False	17	17299591	18446092	0.0002213939581042	1.4056830862513236e-07	0.0008228868786915	rs12452254	7.2350686080571e-10	9.112536359289594e-06	LEVEL_A_ATLAS_STRINGENT	0.0349582	0.0355	POSITIVE_EFFECT_PRODUCT	DIRECTION_CONCORDANT	CONDITIONAL	FINNISH_LD_SENSITIVITY_REQUIRED
TIER 2	CAT-T2D	False	17	17299591	18446092	0.0002213939581042	1.4056830862513236e-07	0.0008228868786915	rs9904163	9.6234879161207e-10	1.1506978539581648e-05	LEVEL_A_ATLAS_STRINGENT	0.0347945	0.0352	POSITIVE_EFFECT_PRODUCT	DIRECTION_CONCORDANT	CONDITIONAL	FINNISH_LD_SENSITIVITY_REQUIRED
TIER 2	CAT-T2D	False	17	17299591	18446092	0.0002213939581042	1.4056830862513236e-07	0.0008228868786915	rs8073001	9.95059923310342e-10	1.1849131238329985e-05	LEVEL_A_ATLAS_STRINGENT	0.0348362	0.0351	POSITIVE_EFFECT_PRODUCT	DIRECTION_CONCORDANT	CONDITIONAL	FINNISH_LD_SENSITIVITY_REQUIRED
TIER 2	CAT-T2D	False	17	17299591	18446092	0.0002213939581042	1.4056830862513236e-07	0.0008228868786915	rs5002487	7.79527026322807e-10	9.704765039603439e-06	LEVEL_A_ATLAS_STRINGENT	0.0348242	0.0355	POSITIVE_EFFECT_PRODUCT	DIRECTION_CONCORDANT	CONDITIONAL	FINNISH_LD_SENSITIVITY_REQUIRED
TIER 2	CAT-T2D	False	17	17299591	18446092	0.0002213939581042	1.4056830862513236e-07	0.0008228868786915	rs8068820	9.60539146459509e-10	1.1493258479145795e-05	LEVEL_A_ATLAS_STRINGENT	0.034798	0.0352	POSITIVE_EFFECT_PRODUCT	DIRECTION_CONCORDANT	CONDITIONAL	FINNISH_LD_SENSITIVITY_REQUIRED
TIER 2	CAT-T2D	False	17	17299591	18446092	0.0002213939581042	1.4056830862513236e-07	0.0008228868786915	rs4077198	1.07180205145293e-09	1.2683188338996978e-05	LEVEL_A_ATLAS_STRINGENT	0.0348008	0.035	POSITIVE_EFFECT_PRODUCT	DIRECTION_CONCORDANT	CONDITIONAL	FINNISH_LD_SENSITIVITY_REQUIRED
TIER 2	CAT-T2D	False	17	17299591	18446092	0.0002213939581042	1.4056830862513236e-07	0.0008228868786915	rs6502622	1.04777510393594e-09	1.2425709219061412e-05	LEVEL_A_ATLAS_STRINGENT	0.0348405	0.035	POSITIVE_EFFECT_PRODUCT	DIRECTION_CONCORDANT	CONDITIONAL	FINNISH_LD_SENSITIVITY_REQUIRED
TIER 2	CAT-T2D	False	17	17299591	18446092	0.0002213939581042	1.4056830862513236e-07	0.0008228868786915	rs11656840	9.41493329347488e-10	1.1292615837711777e-05	LEVEL_A_ATLAS_STRINGENT	0.0349457	0.0351	POSITIVE_EFFECT_PRODUCT	DIRECTION_CONCORDANT	CONDITIONAL	FINNISH_LD_SENSITIVITY_REQUIRED
TIER 2	CAT-T2D	False	17	17299591	18446092	0.0002213939581042	1.4056830862513236e-07	0.0008228868786915	rs4341796	1.02247167939025e-09	1.215053957672161e-05	LEVEL_A_ATLAS_STRINGENT	0.0349433	0.0349	POSITIVE_EFFECT_PRODUCT	DIRECTION_CONCORDANT	CONDITIONAL	FINNISH_LD_SENSITIVITY_REQUIRED
TIER 2	CAT-T2D	False	17	17299591	18446092	0.0002213939581042	1.4056830862513236e-07	0.0008228868786915	rs11078406	6.04391545489827e-10	7.945818299544857e-06	LEVEL_A_ATLAS_STRINGENT	0.0349378	0.0359	POSITIVE_EFFECT_PRODUCT	DIRECTION_CONCORDANT	CONDITIONAL	FINNISH_LD_SENSITIVITY_REQUIRED
TIER 2	CAT-T2D	False	17	17299591	18446092	0.0002213939581042	1.4056830862513236e-07	0.0008228868786915	rs11078407	8.61272118999083e-10	1.0493582298340469e-05	LEVEL_A_ATLAS_STRINGENT	0.0347953	0.0354	POSITIVE_EFFECT_PRODUCT	DIRECTION_CONCORDANT	CONDITIONAL	FINNISH_LD_SENSITIVITY_REQUIRED
TIER 2	CAT-T2D	False	17	17299591	18446092	0.0002213939581042	1.4056830862513236e-07	0.0008228868786915	rs4244602	8.24566307581586e-10	1.0106671963493823e-05	LEVEL_A_ATLAS_STRINGENT	0.0348235	0.0354	POSITIVE_EFFECT_PRODUCT	DIRECTION_CONCORDANT	CONDITIONAL	FINNISH_LD_SENSITIVITY_REQUIRED
TIER 2	CAT-T2D	False	17	17299591	18446092	0.0002213939581042	1.4056830862513236e-07	0.0008228868786915	rs11657773	8.43828706494685e-10	1.0317268593137277e-05	LEVEL_A_ATLAS_STRINGENT	0.0347912	0.0354	POSITIVE_EFFECT_PRODUCT	DIRECTION_CONCORDANT	CONDITIONAL	FINNISH_LD_SENSITIVITY_REQUIRED
TIER 2	CAT-T2D	False	17	17299591	18446092	0.0002213939581042	1.4056830862513236e-07	0.0008228868786915	rs8070624	3.03152768732237e-06	0.008588758365811064	LEVEL_C_ATLAS_FDR	0.0232271	0.0306	POSITIVE_EFFECT_PRODUCT	DIRECTION_CONCORDANT	CONDITIONAL	FINNISH_LD_SENSITIVITY_REQUIRED
TIER 2	CAT-T2D	False	17	17299591	18446092	0.0002213939581042	1.4056830862513236e-07	0.0008228868786915	rs4470201	8.72685945047885e-10	1.0599163480746987e-05	LEVEL_A_ATLAS_STRINGENT	0.0349785	0.0352	POSITIVE_EFFECT_PRODUCT	DIRECTION_CONCORDANT	CONDITIONAL	FINNISH_LD_SENSITIVITY_REQUIRED
TIER 2	CAT-T2D	False	17	17299591	18446092	0.0002213939581042	1.4056830862513236e-07	0.0008228868786915	rs6502624	8.37784719018378e-10	1.0250591639059342e-05	LEVEL_A_ATLAS_STRINGENT	0.0350631	0.0352	POSITIVE_EFFECT_PRODUCT	DIRECTION_CONCORDANT	CONDITIONAL	FINNISH_LD_SENSITIVITY_REQUIRED
TIER 2	CAT-T2D	False	17	17299591	18446092	0.0002213939581042	1.4056830862513236e-07	0.0008228868786915	rs6502626	1.35524594306179e-09	1.5530830366719763e-05	LEVEL_A_ATLAS_STRINGENT	0.0349015	0.0345	POSITIVE_EFFECT_PRODUCT	DIRECTION_CONCORDANT	CONDITIONAL	FINNISH_LD_SENSITIVITY_REQUIRED
TIER 2	CAT-T2D	False	17	17299591	18446092	0.0002213939581042	1.4056830862513236e-07	0.0008228868786915	rs6502627	1.44797725218331e-09	1.6436149834108045e-05	LEVEL_A_ATLAS_STRINGENT	0.0349834	0.0343	POSITIVE_EFFECT_PRODUCT	DIRECTION_CONCORDANT	CONDITIONAL	FINNISH_LD_SENSITIVITY_REQUIRED
TIER 2	CAT-T2D	False	17	17299591	18446092	0.0002213939581042	1.4056830862513236e-07	0.0008228868786915	rs8065416	1.46430428727659e-09	1.659853230898938e-05	LEVEL_A_ATLAS_STRINGENT	0.0349608	0.0343	POSITIVE_EFFECT_PRODUCT	DIRECTION_CONCORDANT	CONDITIONAL	FINNISH_LD_SENSITIVITY_REQUIRED
TIER 2	CAT-T2D	False	17	17299591	18446092	0.0002213939581042	1.4056830862513236e-07	0.0008228868786915	rs8066982	1.60645549379883e-09	1.8028708289128636e-05	LEVEL_A_ATLAS_STRINGENT	0.0348936	0.0342	POSITIVE_EFFECT_PRODUCT	DIRECTION_CONCORDANT	CONDITIONAL	FINNISH_LD_SENSITIVITY_REQUIRED
TIER 2	CAT-T2D	False	17	17299591	18446092	0.0002213939581042	1.4056830862513236e-07	0.0008228868786915	rs4534911	1.30660658311015e-09	1.5082983207355591e-05	LEVEL_A_ATLAS_STRINGENT	0.03502	0.0344	POSITIVE_EFFECT_PRODUCT	DIRECTION_CONCORDANT	CONDITIONAL	FINNISH_LD_SENSITIVITY_REQUIRED
TIER 2	CAT-T2D	False	17	17299591	18446092	0.0002213939581042	1.4056830862513236e-07	0.0008228868786915	rs7214536	1.40674156820302e-09	1.6026751267572544e-05	LEVEL_A_ATLAS_STRINGENT	0.0350354	0.0343	POSITIVE_EFFECT_PRODUCT	DIRECTION_CONCORDANT	CONDITIONAL	FINNISH_LD_SENSITIVITY_REQUIRED
TIER 2	CAT-T2D	False	17	17299591	18446092	0.0002213939581042	1.4056830862513236e-07	0.0008228868786915	rs8077530	1.66058204123033e-09	1.854620945889533e-05	LEVEL_A_ATLAS_STRINGENT	0.0348347	0.0342	POSITIVE_EFFECT_PRODUCT	DIRECTION_CONCORDANT	CONDITIONAL	FINNISH_LD_SENSITIVITY_REQUIRED
TIER 2	CAT-T2D	False	17	17299591	18446092	0.0002213939581042	1.4056830862513236e-07	0.0008228868786915	rs8076747	1.64188955482346e-09	1.8372911377371784e-05	LEVEL_A_ATLAS_STRINGENT	0.0356302	0.0334	POSITIVE_EFFECT_PRODUCT	DIRECTION_CONCORDANT	CONDITIONAL	FINNISH_LD_SENSITIVITY_REQUIRED
TIER 2	CAT-T2D	False	17	17299591	18446092	0.0002213939581042	1.4056830862513236e-07	0.0008228868786915	rs8078105	2.27772512803457e-09	2.41711104298065e-05	LEVEL_A_ATLAS_STRINGENT	0.0348817	0.0346	POSITIVE_EFFECT_PRODUCT	DIRECTION_CONCORDANT	CONDITIONAL	FINNISH_LD_SENSITIVITY_REQUIRED
TIER 2	CAT-T2D	False	17	17299591	18446092	0.0002213939581042	1.4056830862513236e-07	0.0008228868786915	rs4257260	1.34895670248209e-09	1.547855718844815e-05	LEVEL_A_ATLAS_STRINGENT	0.0350015	0.0344	POSITIVE_EFFECT_PRODUCT	DIRECTION_CONCORDANT	CONDITIONAL	FINNISH_LD_SENSITIVITY_REQUIRED
TIER 2	CAT-T2D	False	17	17299591	18446092	0.0002213939581042	1.4056830862513236e-07	0.0008228868786915	rs4553680	1.39013653246948e-09	1.5883474889260935e-05	LEVEL_A_ATLAS_STRINGENT	0.0349024	0.0344	POSITIVE_EFFECT_PRODUCT	DIRECTION_CONCORDANT	CONDITIONAL	FINNISH_LD_SENSITIVITY_REQUIRED
TIER 2	CAT-T2D	False	17	17299591	18446092	0.0002213939581042	1.4056830862513236e-07	0.0008228868786915	rs8065970	1.71319677601593e-09	1.9039844966795194e-05	LEVEL_A_ATLAS_STRINGENT	0.03477	0.0342	POSITIVE_EFFECT_PRODUCT	DIRECTION_CONCORDANT	CONDITIONAL	FINNISH_LD_SENSITIVITY_REQUIRED
TIER 2	CAT-T2D	False	17	17299591	18446092	0.0002213939581042	1.4056830862513236e-07	0.0008228868786915	rs4414547	1.8475067919966e-09	2.0275085084325393e-05	LEVEL_A_ATLAS_STRINGENT	0.0346367	0.0342	POSITIVE_EFFECT_PRODUCT	DIRECTION_CONCORDANT	CONDITIONAL	FINNISH_LD_SENSITIVITY_REQUIRED
TIER 2	CAT-T2D	False	17	17299591	18446092	0.0002213939581042	1.4056830862513236e-07	0.0008228868786915	rs8070748	1.66935462063624e-09	1.862599042013041e-05	LEVEL_A_ATLAS_STRINGENT	0.0348194	0.0342	POSITIVE_EFFECT_PRODUCT	DIRECTION_CONCORDANT	CONDITIONAL	FINNISH_LD_SENSITIVITY_REQUIRED
TIER 2	CAT-T2D	False	17	17299591	18446092	0.0002213939581042	1.4056830862513236e-07	0.0008228868786915	rs117924544	1.98834769099368e-05	0.032459634384646836	LEVEL_C_ATLAS_FDR	0.0292543	0.0404	POSITIVE_EFFECT_PRODUCT	DIRECTION_CONCORDANT	CONDITIONAL	FINNISH_LD_SENSITIVITY_REQUIRED
TIER 2	CAT-T2D	False	17	17299591	18446092	0.0002213939581042	1.4056830862513236e-07	0.0008228868786915	rs8077338	4.65374336532693e-06	0.01170829346664096	LEVEL_C_ATLAS_FDR	0.0233919	0.0293	POSITIVE_EFFECT_PRODUCT	DIRECTION_CONCORDANT	CONDITIONAL	FINNISH_LD_SENSITIVITY_REQUIRED
TIER 2	CAT-T2D	False	17	17299591	18446092	0.0002213939581042	1.4056830862513236e-07	0.0008228868786915	rs4616340	1.8308734628399e-09	2.0143493837263363e-05	LEVEL_A_ATLAS_STRINGENT	0.0346504	0.0342	POSITIVE_EFFECT_PRODUCT	DIRECTION_CONCORDANT	CONDITIONAL	FINNISH_LD_SENSITIVITY_REQUIRED
TIER 2	CAT-T2D	False	17	17299591	18446092	0.0002213939581042	1.4056830862513236e-07	0.0008228868786915	rs8080823	1.3862869678223e-09	1.5844705892594485e-05	LEVEL_A_ATLAS_STRINGENT	0.0348051	0.0345	POSITIVE_EFFECT_PRODUCT	DIRECTION_CONCORDANT	CONDITIONAL	FINNISH_LD_SENSITIVITY_REQUIRED
TIER 2	CAT-T2D	False	17	17299591	18446092	0.0002213939581042	1.4056830862513236e-07	0.0008228868786915	rs12603148	1.53784977185053e-09	1.734287646983267e-05	LEVEL_A_ATLAS_STRINGENT	0.0347753	0.0344	POSITIVE_EFFECT_PRODUCT	DIRECTION_CONCORDANT	CONDITIONAL	FINNISH_LD_SENSITIVITY_REQUIRED
TIER 2	CAT-T2D	False	17	17299591	18446092	0.0002213939581042	1.4056830862513236e-07	0.0008228868786915	rs9905284	1.58782840664227e-09	1.7831192802177566e-05	LEVEL_A_ATLAS_STRINGENT	0.0348142	0.0343	POSITIVE_EFFECT_PRODUCT	DIRECTION_CONCORDANT	CONDITIONAL	FINNISH_LD_SENSITIVITY_REQUIRED
TIER 2	CAT-T2D	False	17	17299591	18446092	0.0002213939581042	1.4056830862513236e-07	0.0008228868786915	rs10048206	1.3162937910769e-09	1.518470917997636e-05	LEVEL_A_ATLAS_STRINGENT	0.0348531	0.0346	POSITIVE_EFFECT_PRODUCT	DIRECTION_CONCORDANT	CONDITIONAL	FINNISH_LD_SENSITIVITY_REQUIRED
TIER 2	CAT-T2D	False	17	17299591	18446092	0.0002213939581042	1.4056830862513236e-07	0.0008228868786915	rs12600546	1.4558164935702e-09	1.651433318842965e-05	LEVEL_A_ATLAS_STRINGENT	0.0349705	0.0343	POSITIVE_EFFECT_PRODUCT	DIRECTION_CONCORDANT	CONDITIONAL	FINNISH_LD_SENSITIVITY_REQUIRED
TIER 2	CAT-T2D	False	17	17299591	18446092	0.0002213939581042	1.4056830862513236e-07	0.0008228868786915	rs7213225	1.63624098805282e-09	1.8321516051622295e-05	LEVEL_A_ATLAS_STRINGENT	0.0348557	0.0342	POSITIVE_EFFECT_PRODUCT	DIRECTION_CONCORDANT	CONDITIONAL	FINNISH_LD_SENSITIVITY_REQUIRED
TIER 2	CAT-T2D	False	17	17299591	18446092	0.0002213939581042	1.4056830862513236e-07	0.0008228868786915	rs6502629	3.77350131136321e-06	0.01005949085136634	LEVEL_C_ATLAS_FDR	0.0233389	0.0299	POSITIVE_EFFECT_PRODUCT	DIRECTION_CONCORDANT	CONDITIONAL	FINNISH_LD_SENSITIVITY_REQUIRED
TIER 2	CAT-T2D	False	17	17299591	18446092	0.0002213939581042	1.4056830862513236e-07	0.0008228868786915	rs60073596	1.08893072844118e-06	0.003857003307215183	LEVEL_C_ATLAS_FDR	0.028541	0.0291	POSITIVE_EFFECT_PRODUCT	DIRECTION_CONCORDANT	CONDITIONAL	FINNISH_LD_SENSITIVITY_REQUIRED
TIER 2	CAT-T2D	False	17	17299591	18446092	0.0002213939581042	1.4056830862513236e-07	0.0008228868786915	rs9908832	1.41586502735014e-09	1.6113795543085163e-05	LEVEL_A_ATLAS_STRINGENT	0.0349178	0.0344	POSITIVE_EFFECT_PRODUCT	DIRECTION_CONCORDANT	CONDITIONAL	FINNISH_LD_SENSITIVITY_REQUIRED
TIER 2	CAT-T2D	False	17	17299591	18446092	0.0002213939581042	1.4056830862513236e-07	0.0008228868786915	rs9635698	1.57528222600388e-09	1.7707486315819295e-05	LEVEL_A_ATLAS_STRINGENT	0.0349259	0.0342	POSITIVE_EFFECT_PRODUCT	DIRECTION_CONCORDANT	CONDITIONAL	FINNISH_LD_SENSITIVITY_REQUIRED
TIER 2	CAT-T2D	False	17	17299591	18446092	0.0002213939581042	1.4056830862513236e-07	0.0008228868786915	rs4343339	1.44574175133745e-09	1.6421514452530483e-05	LEVEL_A_ATLAS_STRINGENT	0.0349826	0.0343	POSITIVE_EFFECT_PRODUCT	DIRECTION_CONCORDANT	CONDITIONAL	FINNISH_LD_SENSITIVITY_REQUIRED
TIER 2	CAT-T2D	False	17	17299591	18446092	0.0002213939581042	1.4056830862513236e-07	0.0008228868786915	rs8068175	8.69382108195095e-08	0.00048540658593384666	LEVEL_C_ATLAS_FDR	0.0327787	0.0301	POSITIVE_EFFECT_PRODUCT	DIRECTION_CONCORDANT	CONDITIONAL	FINNISH_LD_SENSITIVITY_REQUIRED
TIER 2	CAT-T2D	False	17	17299591	18446092	0.0002213939581042	1.4056830862513236e-07	0.0008228868786915	rs57728924	5.09892034662131e-08	0.00031487666429484706	LEVEL_C_ATLAS_FDR	0.0341015	0.0299	POSITIVE_EFFECT_PRODUCT	DIRECTION_CONCORDANT	CONDITIONAL	FINNISH_LD_SENSITIVITY_REQUIRED
TIER 2	CAT-T2D	False	17	17299591	18446092	0.0002213939581042	1.4056830862513236e-07	0.0008228868786915	rs59304093	3.83518833917597e-08	0.0002536604413472856	LEVEL_B_PAIRWISE_GWAS	0.0345701	0.03	POSITIVE_EFFECT_PRODUCT	DIRECTION_CONCORDANT	CONDITIONAL	FINNISH_LD_SENSITIVITY_REQUIRED
TIER 2	CAT-T2D	False	17	17299591	18446092	0.0002213939581042	1.4056830862513236e-07	0.0008228868786915	rs11078408	3.90544065518807e-08	0.0002567508878199415	LEVEL_B_PAIRWISE_GWAS	0.0345699	0.03	POSITIVE_EFFECT_PRODUCT	DIRECTION_CONCORDANT	CONDITIONAL	FINNISH_LD_SENSITIVITY_REQUIRED
TIER 2	CAT-T2D	False	17	17299591	18446092	0.0002213939581042	1.4056830862513236e-07	0.0008228868786915	rs11870660	3.7166052837887e-08	0.00024855865278146	LEVEL_B_PAIRWISE_GWAS	0.0345989	0.03	POSITIVE_EFFECT_PRODUCT	DIRECTION_CONCORDANT	CONDITIONAL	FINNISH_LD_SENSITIVITY_REQUIRED
TIER 2	CAT-T2D	False	17	17299591	18446092	0.0002213939581042	1.4056830862513236e-07	0.0008228868786915	rs4471742	3.94484431649388e-08	0.0002585090365895098	LEVEL_B_PAIRWISE_GWAS	0.0345482	0.03	POSITIVE_EFFECT_PRODUCT	DIRECTION_CONCORDANT	CONDITIONAL	FINNISH_LD_SENSITIVITY_REQUIRED
TIER 2	CAT-T2D	False	17	17299591	18446092	0.0002213939581042	1.4056830862513236e-07	0.0008228868786915	rs4299203	3.71705596825934e-08	0.00024855865278146	LEVEL_B_PAIRWISE_GWAS	0.0347063	0.0299	POSITIVE_EFFECT_PRODUCT	DIRECTION_CONCORDANT	CONDITIONAL	FINNISH_LD_SENSITIVITY_REQUIRED
TIER 2	CAT-T2D	False	17	17299591	18446092	0.0002213939581042	1.4056830862513236e-07	0.0008228868786915	rs4321247	6.22162946818362e-09	5.548023783866746e-05	LEVEL_B_PAIRWISE_GWAS	0.0336524	0.033	POSITIVE_EFFECT_PRODUCT	DIRECTION_CONCORDANT	CONDITIONAL	FINNISH_LD_SENSITIVITY_REQUIRED
TIER 2	CAT-T2D	False	17	17299591	18446092	0.0002213939581042	1.4056830862513236e-07	0.0008228868786915	rs7219320	4.88307846507731e-08	0.00030447266970344924	LEVEL_B_PAIRWISE_GWAS	0.0344672	0.0296	POSITIVE_EFFECT_PRODUCT	DIRECTION_CONCORDANT	CONDITIONAL	FINNISH_LD_SENSITIVITY_REQUIRED
TIER 2	CAT-T2D	False	17	17299591	18446092	0.0002213939581042	1.4056830862513236e-07	0.0008228868786915	rs11871231	9.24011814896699e-09	7.647595903457913e-05	LEVEL_B_PAIRWISE_GWAS	0.0374115	0.0314	POSITIVE_EFFECT_PRODUCT	DIRECTION_CONCORDANT	CONDITIONAL	FINNISH_LD_SENSITIVITY_REQUIRED
TIER 2	CAT-T2D	False	17	17299591	18446092	0.0002213939581042	1.4056830862513236e-07	0.0008228868786915	rs11869491	9.26835091542304e-09	7.660004271368722e-05	LEVEL_B_PAIRWISE_GWAS	0.0376626	0.0312	POSITIVE_EFFECT_PRODUCT	DIRECTION_CONCORDANT	CONDITIONAL	FINNISH_LD_SENSITIVITY_REQUIRED
TIER 2	CAT-T2D	False	17	17299591	18446092	0.0002213939581042	1.4056830862513236e-07	0.0008228868786915	rs4072738	1.39700454129418e-08	0.00010875173121332814	LEVEL_B_PAIRWISE_GWAS	0.0374953	0.0306	POSITIVE_EFFECT_PRODUCT	DIRECTION_CONCORDANT	CONDITIONAL	FINNISH_LD_SENSITIVITY_REQUIRED
TIER 2	CAT-T2D	False	17	17299591	18446092	0.0002213939581042	1.4056830862513236e-07	0.0008228868786915	rs4072739	9.80100616796497e-09	8.027596663438533e-05	LEVEL_B_PAIRWISE_GWAS	0.0376634	0.0311	POSITIVE_EFFECT_PRODUCT	DIRECTION_CONCORDANT	CONDITIONAL	FINNISH_LD_SENSITIVITY_REQUIRED
TIER 2	CAT-T2D	False	17	17299591	18446092	0.0002213939581042	1.4056830862513236e-07	0.0008228868786915	rs4925133	6.0623362503734e-08	0.00036287976025649484	LEVEL_C_ATLAS_FDR	0.0349578	0.0289	POSITIVE_EFFECT_PRODUCT	DIRECTION_CONCORDANT	CONDITIONAL	FINNISH_LD_SENSITIVITY_REQUIRED
TIER 2	CAT-T2D	False	17	17299591	18446092	0.0002213939581042	1.4056830862513236e-07	0.0008228868786915	rs4459604	9.20697064533669e-09	7.627435945628903e-05	LEVEL_B_PAIRWISE_GWAS	0.0368235	0.0311	POSITIVE_EFFECT_PRODUCT	DIRECTION_CONCORDANT	CONDITIONAL	FINNISH_LD_SENSITIVITY_REQUIRED
TIER 2	CAT-T2D	False	17	17299591	18446092	0.0002213939581042	1.4056830862513236e-07	0.0008228868786915	rs7207821	8.33436420575315e-09	7.04189375634789e-05	LEVEL_B_PAIRWISE_GWAS	0.0368137	0.0314	POSITIVE_EFFECT_PRODUCT	DIRECTION_CONCORDANT	CONDITIONAL	FINNISH_LD_SENSITIVITY_REQUIRED
TIER 2	CAT-T2D	False	17	17299591	18446092	0.0002213939581042	1.4056830862513236e-07	0.0008228868786915	rs62072048	4.59226087157676e-09	4.3517653105887944e-05	LEVEL_B_PAIRWISE_GWAS	0.036796	0.0325	POSITIVE_EFFECT_PRODUCT	DIRECTION_CONCORDANT	CONDITIONAL	FINNISH_LD_SENSITIVITY_REQUIRED
TIER 2	CAT-T2D	False	17	17299591	18446092	0.0002213939581042	1.4056830862513236e-07	0.0008228868786915	rs4368210	1.0208677627041e-08	8.32809669452053e-05	LEVEL_B_PAIRWISE_GWAS	0.0368027	0.0315	POSITIVE_EFFECT_PRODUCT	DIRECTION_CONCORDANT	CONDITIONAL	FINNISH_LD_SENSITIVITY_REQUIRED
TIER 2	CAT-T2D	False	17	17299591	18446092	0.0002213939581042	1.4056830862513236e-07	0.0008228868786915	rs4584886	1.07640140678491e-08	8.705432993077851e-05	LEVEL_B_PAIRWISE_GWAS	0.0368095	0.0314	POSITIVE_EFFECT_PRODUCT	DIRECTION_CONCORDANT	CONDITIONAL	FINNISH_LD_SENSITIVITY_REQUIRED
TIER 2	CAT-T2D	False	17	17299591	18446092	0.0002213939581042	1.4056830862513236e-07	0.0008228868786915	rs9911850	9.40896307562276e-09	7.754061394972513e-05	LEVEL_B_PAIRWISE_GWAS	0.0367778	0.0311	POSITIVE_EFFECT_PRODUCT	DIRECTION_CONCORDANT	CONDITIONAL	FINNISH_LD_SENSITIVITY_REQUIRED
TIER 2	CAT-T2D	False	17	17299591	18446092	0.0002213939581042	1.4056830862513236e-07	0.0008228868786915	rs9912096	7.52895287027803e-09	6.515650043166751e-05	LEVEL_B_PAIRWISE_GWAS	0.0367778	0.0315	POSITIVE_EFFECT_PRODUCT	DIRECTION_CONCORDANT	CONDITIONAL	FINNISH_LD_SENSITIVITY_REQUIRED
TIER 2	CAT-T2D	False	17	17299591	18446092	0.0002213939581042	1.4056830862513236e-07	0.0008228868786915	rs4924832	8.41646525995609e-09	7.103082506641303e-05	LEVEL_B_PAIRWISE_GWAS	0.0367778	0.0313	POSITIVE_EFFECT_PRODUCT	DIRECTION_CONCORDANT	CONDITIONAL	FINNISH_LD_SENSITIVITY_REQUIRED
TIER 2	CAT-T2D	False	17	17299591	18446092	0.0002213939581042	1.4056830862513236e-07	0.0008228868786915	rs9899355	6.16336915700195e-09	5.513943209114122e-05	LEVEL_B_PAIRWISE_GWAS	0.0375128	0.0322	POSITIVE_EFFECT_PRODUCT	DIRECTION_CONCORDANT	CONDITIONAL	FINNISH_LD_SENSITIVITY_REQUIRED
TIER 2	CAT-T2D	False	17	17299591	18446092	0.0002213939581042	1.4056830862513236e-07	0.0008228868786915	rs6502631	7.20756733399199e-09	6.278215462912432e-05	LEVEL_B_PAIRWISE_GWAS	0.0366205	0.0317	POSITIVE_EFFECT_PRODUCT	DIRECTION_CONCORDANT	CONDITIONAL	FINNISH_LD_SENSITIVITY_REQUIRED
TIER 2	CAT-T2D	False	17	17299591	18446092	0.0002213939581042	1.4056830862513236e-07	0.0008228868786915	rs4506969	8.43989847468385e-09	7.117667398544448e-05	LEVEL_B_PAIRWISE_GWAS	0.0366529	0.0315	POSITIVE_EFFECT_PRODUCT	DIRECTION_CONCORDANT	CONDITIONAL	FINNISH_LD_SENSITIVITY_REQUIRED
TIER 2	CAT-T2D	False	17	17299591	18446092	0.0002213939581042	1.4056830862513236e-07	0.0008228868786915	rs8071238	3.1710169501659e-09	3.198338676762783e-05	LEVEL_B_PAIRWISE_GWAS	0.0387516	0.0307	POSITIVE_EFFECT_PRODUCT	DIRECTION_CONCORDANT	CONDITIONAL	FINNISH_LD_SENSITIVITY_REQUIRED
TIER 2	CAT-T2D	False	17	17299591	18446092	0.0002213939581042	1.4056830862513236e-07	0.0008228868786915	rs28537385	8.111581706001e-09	6.896517678806089e-05	LEVEL_B_PAIRWISE_GWAS	0.0367527	0.0315	POSITIVE_EFFECT_PRODUCT	DIRECTION_CONCORDANT	CONDITIONAL	FINNISH_LD_SENSITIVITY_REQUIRED
TIER 2	CAT-T2D	False	17	17299591	18446092	0.0002213939581042	1.4056830862513236e-07	0.0008228868786915	rs62072049	8.73064531417368e-10	1.060005267678983e-05	LEVEL_A_ATLAS_STRINGENT	0.0357178	0.0349	POSITIVE_EFFECT_PRODUCT	DIRECTION_CONCORDANT	CONDITIONAL	FINNISH_LD_SENSITIVITY_REQUIRED
TIER 2	CAT-T2D	False	17	17299591	18446092	0.0002213939581042	1.4056830862513236e-07	0.0008228868786915	rs7219324	1.15537013708253e-08	9.24075045296938e-05	LEVEL_B_PAIRWISE_GWAS	0.0375865	0.031	POSITIVE_EFFECT_PRODUCT	DIRECTION_CONCORDANT	CONDITIONAL	FINNISH_LD_SENSITIVITY_REQUIRED
TIER 2	CAT-T2D	False	17	17299591	18446092	0.0002213939581042	1.4056830862513236e-07	0.0008228868786915	rs12150369	8.19714480555934e-09	6.94897629685529e-05	LEVEL_B_PAIRWISE_GWAS	0.0367154	0.0314	POSITIVE_EFFECT_PRODUCT	DIRECTION_CONCORDANT	CONDITIONAL	FINNISH_LD_SENSITIVITY_REQUIRED
TIER 2	CAT-T2D	False	17	17299591	18446092	0.0002213939581042	1.4056830862513236e-07	0.0008228868786915	rs4365348	9.67694913758748e-09	7.944733128462601e-05	LEVEL_B_PAIRWISE_GWAS	0.0367176	0.0311	POSITIVE_EFFECT_PRODUCT	DIRECTION_CONCORDANT	CONDITIONAL	FINNISH_LD_SENSITIVITY_REQUIRED
TIER 2	CAT-T2D	False	17	17299591	18446092	0.0002213939581042	1.4056830862513236e-07	0.0008228868786915	rs6502632	8.17844716602266e-09	6.941021314890956e-05	LEVEL_B_PAIRWISE_GWAS	0.0367202	0.0314	POSITIVE_EFFECT_PRODUCT	DIRECTION_CONCORDANT	CONDITIONAL	FINNISH_LD_SENSITIVITY_REQUIRED
TIER 2	CAT-T2D	False	17	17299591	18446092	0.0002213939581042	1.4056830862513236e-07	0.0008228868786915	rs7212167	7.75252711867345e-09	6.665136814091548e-05	LEVEL_B_PAIRWISE_GWAS	0.0367157	0.0315	POSITIVE_EFFECT_PRODUCT	DIRECTION_CONCORDANT	CONDITIONAL	FINNISH_LD_SENSITIVITY_REQUIRED
TIER 2	CAT-T2D	False	17	17299591	18446092	0.0002213939581042	1.4056830862513236e-07	0.0008228868786915	rs7223696	7.07623535096934e-09	6.190225058651739e-05	LEVEL_B_PAIRWISE_GWAS	0.0370352	0.0314	POSITIVE_EFFECT_PRODUCT	DIRECTION_CONCORDANT	CONDITIONAL	FINNISH_LD_SENSITIVITY_REQUIRED
TIER 2	CAT-T2D	False	17	17299591	18446092	0.0002213939581042	1.4056830862513236e-07	0.0008228868786915	rs9913277	1.31300763598117e-08	0.0001030914315898146	LEVEL_B_PAIRWISE_GWAS	0.0370808	0.0307	POSITIVE_EFFECT_PRODUCT	DIRECTION_CONCORDANT	CONDITIONAL	FINNISH_LD_SENSITIVITY_REQUIRED
TIER 2	CAT-T2D	False	17	17299591	18446092	0.0002213939581042	1.4056830862513236e-07	0.0008228868786915	rs8069811	8.19675483437872e-09	6.94897629685529e-05	LEVEL_B_PAIRWISE_GWAS	0.0367155	0.0314	POSITIVE_EFFECT_PRODUCT	DIRECTION_CONCORDANT	CONDITIONAL	FINNISH_LD_SENSITIVITY_REQUIRED
TIER 2	CAT-T2D	False	17	17299591	18446092	0.0002213939581042	1.4056830862513236e-07	0.0008228868786915	rs8079418	4.95695368887471e-06	0.012271920856934408	LEVEL_C_ATLAS_FDR	0.0231297	0.0295	POSITIVE_EFFECT_PRODUCT	DIRECTION_CONCORDANT	CONDITIONAL	FINNISH_LD_SENSITIVITY_REQUIRED
TIER 2	CAT-T2D	False	17	17299591	18446092	0.0002213939581042	1.4056830862513236e-07	0.0008228868786915	rs9896837	9.71393674758701e-09	7.971329062540639e-05	LEVEL_B_PAIRWISE_GWAS	0.036606	0.0313	POSITIVE_EFFECT_PRODUCT	DIRECTION_CONCORDANT	CONDITIONAL	FINNISH_LD_SENSITIVITY_REQUIRED
TIER 2	CAT-T2D	False	17	17299591	18446092	0.0002213939581042	1.4056830862513236e-07	0.0008228868786915	rs7215524	7.31085683036876e-09	6.350656651533632e-05	LEVEL_B_PAIRWISE_GWAS	0.0366215	0.0318	POSITIVE_EFFECT_PRODUCT	DIRECTION_CONCORDANT	CONDITIONAL	FINNISH_LD_SENSITIVITY_REQUIRED
TIER 2	CAT-T2D	False	17	17299591	18446092	0.0002213939581042	1.4056830862513236e-07	0.0008228868786915	rs2955378	8.96984687859724e-09	7.47380216073971e-05	LEVEL_B_PAIRWISE_GWAS	0.036729	0.0318	POSITIVE_EFFECT_PRODUCT	DIRECTION_CONCORDANT	CONDITIONAL	FINNISH_LD_SENSITIVITY_REQUIRED
TIER 2	CAT-T2D	False	17	17299591	18446092	0.0002213939581042	1.4056830862513236e-07	0.0008228868786915	rs80251201	1.1032823768055e-06	0.0038973873865738636	LEVEL_C_ATLAS_FDR	0.0377731	0.0484	POSITIVE_EFFECT_PRODUCT	DIRECTION_CONCORDANT	CONDITIONAL	FINNISH_LD_SENSITIVITY_REQUIRED
TIER 2	CAT-T2D	False	17	17299591	18446092	0.0002213939581042	1.4056830862513236e-07	0.0008228868786915	rs2955377	6.91778759056556e-09	6.065373575051381e-05	LEVEL_B_PAIRWISE_GWAS	0.0366215	0.0319	POSITIVE_EFFECT_PRODUCT	DIRECTION_CONCORDANT	CONDITIONAL	FINNISH_LD_SENSITIVITY_REQUIRED
TIER 2	CAT-T2D	False	17	17299591	18446092	0.0002213939581042	1.4056830862513236e-07	0.0008228868786915	rs7224047	2.4229337614e-08	0.0001755827560623243	LEVEL_B_PAIRWISE_GWAS	0.0365985	0.0314	POSITIVE_EFFECT_PRODUCT	DIRECTION_CONCORDANT	CONDITIONAL	FINNISH_LD_SENSITIVITY_REQUIRED
TIER 2	CAT-T2D	False	17	17299591	18446092	0.0002213939581042	1.4056830862513236e-07	0.0008228868786915	rs2955385	9.22722901778899e-09	7.641873910898792e-05	LEVEL_B_PAIRWISE_GWAS	0.0361911	0.0318	POSITIVE_EFFECT_PRODUCT	DIRECTION_CONCORDANT	CONDITIONAL	FINNISH_LD_SENSITIVITY_REQUIRED
TIER 2	CAT-T2D	False	17	17299591	18446092	0.0002213939581042	1.4056830862513236e-07	0.0008228868786915	rs2955384	8.7490836856651e-09	7.32149308523063e-05	LEVEL_B_PAIRWISE_GWAS	0.0363061	0.0318	POSITIVE_EFFECT_PRODUCT	DIRECTION_CONCORDANT	CONDITIONAL	FINNISH_LD_SENSITIVITY_REQUIRED
TIER 2	CAT-T2D	False	17	17299591	18446092	0.0002213939581042	1.4056830862513236e-07	0.0008228868786915	rs2955383	1.82213608990255e-08	0.00013761843782272843	LEVEL_B_PAIRWISE_GWAS	0.0362894	0.0317	POSITIVE_EFFECT_PRODUCT	DIRECTION_CONCORDANT	CONDITIONAL	FINNISH_LD_SENSITIVITY_REQUIRED
TIER 2	CAT-T2D	False	17	17299591	18446092	0.0002213939581042	1.4056830862513236e-07	0.0008228868786915	rs7406982	9.23673559513087e-09	7.646619556655421e-05	LEVEL_B_PAIRWISE_GWAS	0.036189	0.0318	POSITIVE_EFFECT_PRODUCT	DIRECTION_CONCORDANT	CONDITIONAL	FINNISH_LD_SENSITIVITY_REQUIRED
TIER 2	CAT-T2D	False	17	17299591	18446092	0.0002213939581042	1.4056830862513236e-07	0.0008228868786915	rs2955380	8.86276152387682e-09	7.398785082667362e-05	LEVEL_B_PAIRWISE_GWAS	-0.0362796	-0.0318	POSITIVE_EFFECT_PRODUCT	DIRECTION_CONCORDANT	CONDITIONAL	FINNISH_LD_SENSITIVITY_REQUIRED
TIER 2	CAT-T2D	False	17	17299591	18446092	0.0002213939581042	1.4056830862513236e-07	0.0008228868786915	rs2955357	7.56699198456572e-09	6.542045464574893e-05	LEVEL_B_PAIRWISE_GWAS	-0.0364132	-0.0318	POSITIVE_EFFECT_PRODUCT	DIRECTION_CONCORDANT	CONDITIONAL	FINNISH_LD_SENSITIVITY_REQUIRED
TIER 2	CAT-T2D	False	17	17299591	18446092	0.0002213939581042	1.4056830862513236e-07	0.0008228868786915	rs2955358	9.12933180252732e-09	7.577122688422136e-05	LEVEL_B_PAIRWISE_GWAS	-0.0361319	-0.0317	POSITIVE_EFFECT_PRODUCT	DIRECTION_CONCORDANT	CONDITIONAL	FINNISH_LD_SENSITIVITY_REQUIRED
TIER 2	CAT-T2D	False	17	17299591	18446092	0.0002213939581042	1.4056830862513236e-07	0.0008228868786915	rs2955359	8.01442751122408e-09	6.833563531899948e-05	LEVEL_B_PAIRWISE_GWAS	-0.0364244	-0.0318	POSITIVE_EFFECT_PRODUCT	DIRECTION_CONCORDANT	CONDITIONAL	FINNISH_LD_SENSITIVITY_REQUIRED
TIER 2	CAT-T2D	False	17	17299591	18446092	0.0002213939581042	1.4056830862513236e-07	0.0008228868786915	rs2955382	3.61174483732708e-06	0.00975488552932361	LEVEL_C_ATLAS_FDR	-0.023453	-0.0299	POSITIVE_EFFECT_PRODUCT	DIRECTION_CONCORDANT	CONDITIONAL	FINNISH_LD_SENSITIVITY_REQUIRED
TIER 2	CAT-T2D	False	17	17299591	18446092	0.0002213939581042	1.4056830862513236e-07	0.0008228868786915	rs2955355	7.67188745317583e-09	6.614610656255679e-05	LEVEL_B_PAIRWISE_GWAS	-0.0364983	-0.0317	POSITIVE_EFFECT_PRODUCT	DIRECTION_CONCORDANT	CONDITIONAL	FINNISH_LD_SENSITIVITY_REQUIRED
TIER 2	CAT-T2D	False	17	17299591	18446092	0.0002213939581042	1.4056830862513236e-07	0.0008228868786915	rs2955353	8.54765430664836e-09	7.185845914397401e-05	LEVEL_B_PAIRWISE_GWAS	-0.0364055	-0.0317	POSITIVE_EFFECT_PRODUCT	DIRECTION_CONCORDANT	CONDITIONAL	FINNISH_LD_SENSITIVITY_REQUIRED
TIER 2	CAT-T2D	False	17	17299591	18446092	0.0002213939581042	1.4056830862513236e-07	0.0008228868786915	rs7207461	1.10043140222582e-08	8.885285020450429e-05	LEVEL_B_PAIRWISE_GWAS	-0.0364056	-0.0317	POSITIVE_EFFECT_PRODUCT	DIRECTION_CONCORDANT	CONDITIONAL	FINNISH_LD_SENSITIVITY_REQUIRED
TIER 2	CAT-T2D	False	17	17299591	18446092	0.0002213939581042	1.4056830862513236e-07	0.0008228868786915	rs12948749	3.26239251785906e-09	3.271978541248144e-05	LEVEL_B_PAIRWISE_GWAS	-0.0355367	-0.0347	POSITIVE_EFFECT_PRODUCT	DIRECTION_CONCORDANT	CONDITIONAL	FINNISH_LD_SENSITIVITY_REQUIRED
TIER 2	CAT-T2D	False	17	17299591	18446092	0.0002213939581042	1.4056830862513236e-07	0.0008228868786915	rs7210400	7.99658994304305e-09	6.823382476390552e-05	LEVEL_B_PAIRWISE_GWAS	-0.0364131	-0.0317	POSITIVE_EFFECT_PRODUCT	DIRECTION_CONCORDANT	CONDITIONAL	FINNISH_LD_SENSITIVITY_REQUIRED
TIER 2	CAT-T2D	False	17	17299591	18446092	0.0002213939581042	1.4056830862513236e-07	0.0008228868786915	rs12940282	1.04140428540701e-08	8.465786643593763e-05	LEVEL_B_PAIRWISE_GWAS	-0.0364132	-0.0318	POSITIVE_EFFECT_PRODUCT	DIRECTION_CONCORDANT	CONDITIONAL	FINNISH_LD_SENSITIVITY_REQUIRED
TIER 2	CAT-T2D	False	17	17299591	18446092	0.0002213939581042	1.4056830862513236e-07	0.0008228868786915	rs12939020	1.00218649535074e-08	8.189169717966173e-05	LEVEL_B_PAIRWISE_GWAS	-0.0364031	-0.0313	POSITIVE_EFFECT_PRODUCT	DIRECTION_CONCORDANT	CONDITIONAL	FINNISH_LD_SENSITIVITY_REQUIRED
TIER 2	CAT-T2D	False	17	17299591	18446092	0.0002213939581042	1.4056830862513236e-07	0.0008228868786915	rs11652894	1.20605881198286e-09	1.4043725877111772e-05	LEVEL_A_ATLAS_STRINGENT	-0.0351762	-0.0349	POSITIVE_EFFECT_PRODUCT	DIRECTION_CONCORDANT	CONDITIONAL	FINNISH_LD_SENSITIVITY_REQUIRED
TIER 2	CAT-T2D	False	17	17299591	18446092	0.0002213939581042	1.4056830862513236e-07	0.0008228868786915	rs8070731	1.13801255387271e-08	9.127159384060335e-05	LEVEL_B_PAIRWISE_GWAS	-0.0359752	-0.0316	POSITIVE_EFFECT_PRODUCT	DIRECTION_CONCORDANT	CONDITIONAL	FINNISH_LD_SENSITIVITY_REQUIRED
TIER 2	CAT-T2D	False	17	17299591	18446092	0.0002213939581042	1.4056830862513236e-07	0.0008228868786915	rs4925135	8.08695388064589e-09	6.883567549558617e-05	LEVEL_B_PAIRWISE_GWAS	-0.0364064	-0.0318	POSITIVE_EFFECT_PRODUCT	DIRECTION_CONCORDANT	CONDITIONAL	FINNISH_LD_SENSITIVITY_REQUIRED
TIER 2	CAT-T2D	False	17	17299591	18446092	0.0002213939581042	1.4056830862513236e-07	0.0008228868786915	rs2955350	8.08540087887398e-09	6.883567549558617e-05	LEVEL_B_PAIRWISE_GWAS	-0.0364068	-0.0318	POSITIVE_EFFECT_PRODUCT	DIRECTION_CONCORDANT	CONDITIONAL	FINNISH_LD_SENSITIVITY_REQUIRED
TIER 2	CAT-T2D	False	17	17299591	18446092	0.0002213939581042	1.4056830862513236e-07	0.0008228868786915	rs8080334	1.0999367073321e-08	8.883357050756822e-05	LEVEL_B_PAIRWISE_GWAS	-0.0364066	-0.0317	POSITIVE_EFFECT_PRODUCT	DIRECTION_CONCORDANT	CONDITIONAL	FINNISH_LD_SENSITIVITY_REQUIRED
TIER 2	CAT-T2D	False	17	17299591	18446092	0.0002213939581042	1.4056830862513236e-07	0.0008228868786915	rs6502634	8.54662184025074e-09	7.185845914397401e-05	LEVEL_B_PAIRWISE_GWAS	-0.0364058	-0.0317	POSITIVE_EFFECT_PRODUCT	DIRECTION_CONCORDANT	CONDITIONAL	FINNISH_LD_SENSITIVITY_REQUIRED
TIER 2	CAT-T2D	False	17	17299591	18446092	0.0002213939581042	1.4056830862513236e-07	0.0008228868786915	rs8082590	9.34924823424548e-09	7.717675684558048e-05	LEVEL_B_PAIRWISE_GWAS	-0.0363192	-0.0315	POSITIVE_EFFECT_PRODUCT	DIRECTION_CONCORDANT	CONDITIONAL	FINNISH_LD_SENSITIVITY_REQUIRED
TIER 2	CAT-T2D	False	17	17299591	18446092	0.0002213939581042	1.4056830862513236e-07	0.0008228868786915	rs16960835	2.78101124614849e-06	0.008080831822274197	LEVEL_C_ATLAS_FDR	0.036604	0.0473	POSITIVE_EFFECT_PRODUCT	DIRECTION_CONCORDANT	CONDITIONAL	FINNISH_LD_SENSITIVITY_REQUIRED
TIER 2	CAT-T2D	False	17	17299591	18446092	0.0002213939581042	1.4056830862513236e-07	0.0008228868786915	rs11650021	8.44557154653092e-09	7.120721692237822e-05	LEVEL_B_PAIRWISE_GWAS	-0.0364144	-0.0316	POSITIVE_EFFECT_PRODUCT	DIRECTION_CONCORDANT	CONDITIONAL	FINNISH_LD_SENSITIVITY_REQUIRED
TIER 2	CAT-T2D	False	17	17299591	18446092	0.0002213939581042	1.4056830862513236e-07	0.0008228868786915	rs2955368	3.84160378287468e-09	3.7615961259124374e-05	LEVEL_B_PAIRWISE_GWAS	-0.0364354	-0.033	POSITIVE_EFFECT_PRODUCT	DIRECTION_CONCORDANT	CONDITIONAL	FINNISH_LD_SENSITIVITY_REQUIRED
TIER 2	CAT-T2D	False	17	17299591	18446092	0.0002213939581042	1.4056830862513236e-07	0.0008228868786915	rs2955352	7.65387475631009e-09	6.60071984504621e-05	LEVEL_B_PAIRWISE_GWAS	-0.0364067	-0.0319	POSITIVE_EFFECT_PRODUCT	DIRECTION_CONCORDANT	CONDITIONAL	FINNISH_LD_SENSITIVITY_REQUIRED
TIER 2	CAT-T2D	False	17	17299591	18446092	0.0002213939581042	1.4056830862513236e-07	0.0008228868786915	rs2955369	7.77087180411369e-09	6.676736131667473e-05	LEVEL_B_PAIRWISE_GWAS	-0.0363882	-0.0319	POSITIVE_EFFECT_PRODUCT	DIRECTION_CONCORDANT	CONDITIONAL	FINNISH_LD_SENSITIVITY_REQUIRED
TIER 2	CAT-T2D	False	17	17299591	18446092	0.0002213939581042	1.4056830862513236e-07	0.0008228868786915	rs9894138	1.04874015926658e-08	8.511468223393292e-05	LEVEL_B_PAIRWISE_GWAS	-0.036424	-0.0312	POSITIVE_EFFECT_PRODUCT	DIRECTION_CONCORDANT	CONDITIONAL	FINNISH_LD_SENSITIVITY_REQUIRED
TIER 2	CAT-T2D	False	17	17299591	18446092	0.0002213939581042	1.4056830862513236e-07	0.0008228868786915	rs2955356	7.9552820317533e-09	6.804400812301595e-05	LEVEL_B_PAIRWISE_GWAS	-0.0364246	-0.0317	POSITIVE_EFFECT_PRODUCT	DIRECTION_CONCORDANT	CONDITIONAL	FINNISH_LD_SENSITIVITY_REQUIRED
TIER 2	CAT-T2D	False	17	17299591	18446092	0.0002213939581042	1.4056830862513236e-07	0.0008228868786915	rs2955370	1.48152685066407e-08	0.00011452820627532921	LEVEL_B_PAIRWISE_GWAS	-0.0354375	-0.0315	POSITIVE_EFFECT_PRODUCT	DIRECTION_CONCORDANT	CONDITIONAL	FINNISH_LD_SENSITIVITY_REQUIRED
TIER 2	CAT-T2D	False	17	17299591	18446092	0.0002213939581042	1.4056830862513236e-07	0.0008228868786915	rs2955371	8.45204122098874e-10	1.0330446670508097e-05	LEVEL_A_ATLAS_STRINGENT	-0.0355701	-0.0351	POSITIVE_EFFECT_PRODUCT	DIRECTION_CONCORDANT	CONDITIONAL	FINNISH_LD_SENSITIVITY_REQUIRED
TIER 2	CAT-T2D	False	17	17299591	18446092	0.0002213939581042	1.4056830862513236e-07	0.0008228868786915	rs2955372	1.00195996601253e-08	8.189169717966173e-05	LEVEL_B_PAIRWISE_GWAS	-0.0366117	-0.0317	POSITIVE_EFFECT_PRODUCT	DIRECTION_CONCORDANT	CONDITIONAL	FINNISH_LD_SENSITIVITY_REQUIRED
TIER 2	CAT-T2D	False	17	17299591	18446092	0.0002213939581042	1.4056830862513236e-07	0.0008228868786915	rs4643387	1.23296994388211e-08	9.762426521252935e-05	LEVEL_B_PAIRWISE_GWAS	-0.0362076	-0.0316	POSITIVE_EFFECT_PRODUCT	DIRECTION_CONCORDANT	CONDITIONAL	FINNISH_LD_SENSITIVITY_REQUIRED
TIER 2	CAT-T2D	False	17	17299591	18446092	0.0002213939581042	1.4056830862513236e-07	0.0008228868786915	rs2955373	3.45913731689399e-06	0.00943817976468164	LEVEL_C_ATLAS_FDR	-0.0263599	-0.0282	POSITIVE_EFFECT_PRODUCT	DIRECTION_CONCORDANT	CONDITIONAL	FINNISH_LD_SENSITIVITY_REQUIRED
TIER 2	CAT-T2D	False	17	17299591	18446092	0.0002213939581042	1.4056830862513236e-07	0.0008228868786915	rs8066764	2.88237963626766e-07	0.0012926651898025013	LEVEL_C_ATLAS_FDR	0.0331173	0.0284	POSITIVE_EFFECT_PRODUCT	DIRECTION_CONCORDANT	CONDITIONAL	FINNISH_LD_SENSITIVITY_REQUIRED
TIER 2	CAT-T2D	False	17	17299591	18446092	0.0002213939581042	1.4056830862513236e-07	0.0008228868786915	rs62073573	3.02614127415606e-07	0.001344630004628236	LEVEL_C_ATLAS_FDR	0.0329971	0.0283	POSITIVE_EFFECT_PRODUCT	DIRECTION_CONCORDANT	CONDITIONAL	FINNISH_LD_SENSITIVITY_REQUIRED
TIER 2	CAT-T2D	False	17	17299591	18446092	0.0002213939581042	1.4056830862513236e-07	0.0008228868786915	rs4426402	3.32363704787598e-07	0.0014484504559975954	LEVEL_C_ATLAS_FDR	0.0330098	0.0281	POSITIVE_EFFECT_PRODUCT	DIRECTION_CONCORDANT	CONDITIONAL	FINNISH_LD_SENSITIVITY_REQUIRED
TIER 2	CAT-T2D	False	17	17299591	18446092	0.0002213939581042	1.4056830862513236e-07	0.0008228868786915	rs4410135	3.00621253569199e-07	0.0013374869988506729	LEVEL_C_ATLAS_FDR	0.0330117	0.0283	POSITIVE_EFFECT_PRODUCT	DIRECTION_CONCORDANT	CONDITIONAL	FINNISH_LD_SENSITIVITY_REQUIRED
TIER 2	CAT-T2D	False	17	17299591	18446092	0.0002213939581042	1.4056830862513236e-07	0.0008228868786915	rs4561528	1.91463510633495e-07	0.0009255010689601233	LEVEL_C_ATLAS_FDR	0.0330048	0.0292	POSITIVE_EFFECT_PRODUCT	DIRECTION_CONCORDANT	CONDITIONAL	FINNISH_LD_SENSITIVITY_REQUIRED
TIER 2	CAT-T2D	False	17	17299591	18446092	0.0002213939581042	1.4056830862513236e-07	0.0008228868786915	rs59518074	1.05348540507277e-06	0.003752833061335559	LEVEL_C_ATLAS_FDR	0.0307723	0.0276	POSITIVE_EFFECT_PRODUCT	DIRECTION_CONCORDANT	CONDITIONAL	FINNISH_LD_SENSITIVITY_REQUIRED
TIER 2	CAT-T2D	False	17	17299591	18446092	0.0002213939581042	1.4056830862513236e-07	0.0008228868786915	rs6502637	9.67680404094216e-07	0.003506977240767967	LEVEL_C_ATLAS_FDR	0.0307494	0.0279	POSITIVE_EFFECT_PRODUCT	DIRECTION_CONCORDANT	CONDITIONAL	FINNISH_LD_SENSITIVITY_REQUIRED
TIER 2	CAT-T2D	False	17	17299591	18446092	0.0002213939581042	1.4056830862513236e-07	0.0008228868786915	rs7211714	1.3039215244533e-06	0.004475116429175352	LEVEL_C_ATLAS_FDR	0.0303792	0.0275	POSITIVE_EFFECT_PRODUCT	DIRECTION_CONCORDANT	CONDITIONAL	FINNISH_LD_SENSITIVITY_REQUIRED
TIER 2	CAT-T2D	False	17	17299591	18446092	0.0002213939581042	1.4056830862513236e-07	0.0008228868786915	rs7212447	1.14014947921138e-06	0.004003289714438979	LEVEL_C_ATLAS_FDR	0.0306969	0.0276	POSITIVE_EFFECT_PRODUCT	DIRECTION_CONCORDANT	CONDITIONAL	FINNISH_LD_SENSITIVITY_REQUIRED
TIER 2	CAT-T2D	False	17	17299591	18446092	0.0002213939581042	1.4056830862513236e-07	0.0008228868786915	rs4365346	1.27932470934343e-06	0.004409224494829902	LEVEL_C_ATLAS_FDR	0.0305304	0.0275	POSITIVE_EFFECT_PRODUCT	DIRECTION_CONCORDANT	CONDITIONAL	FINNISH_LD_SENSITIVITY_REQUIRED
TIER 2	CAT-T2D	False	17	17299591	18446092	0.0002213939581042	1.4056830862513236e-07	0.0008228868786915	rs4506967	2.24851673778819e-06	0.0069076758521121676	LEVEL_C_ATLAS_FDR	0.0305749	0.027	POSITIVE_EFFECT_PRODUCT	DIRECTION_CONCORDANT	CONDITIONAL	FINNISH_LD_SENSITIVITY_REQUIRED
TIER 2	CAT-T2D	False	17	17299591	18446092	0.0002213939581042	1.4056830862513236e-07	0.0008228868786915	rs11078410	1.03665732887713e-06	0.0037043580457231788	LEVEL_C_ATLAS_FDR	0.0304688	0.0279	POSITIVE_EFFECT_PRODUCT	DIRECTION_CONCORDANT	CONDITIONAL	FINNISH_LD_SENSITIVITY_REQUIRED
TIER 2	CAT-T2D	False	17	17299591	18446092	0.0002213939581042	1.4056830862513236e-07	0.0008228868786915	rs9890563	1.22529124154076e-06	0.00425064332278887	LEVEL_C_ATLAS_FDR	0.0313581	0.0272	POSITIVE_EFFECT_PRODUCT	DIRECTION_CONCORDANT	CONDITIONAL	FINNISH_LD_SENSITIVITY_REQUIRED
TIER 2	CAT-T2D	False	17	17299591	18446092	0.0002213939581042	1.4056830862513236e-07	0.0008228868786915	rs2974998	1.28985910811887e-06	0.0044362836922253925	LEVEL_C_ATLAS_FDR	0.0311434	0.0269	POSITIVE_EFFECT_PRODUCT	DIRECTION_CONCORDANT	CONDITIONAL	FINNISH_LD_SENSITIVITY_REQUIRED
TIER 2	CAT-T2D	False	17	17299591	18446092	0.0002213939581042	1.4056830862513236e-07	0.0008228868786915	rs2974999	1.54669202064171e-06	0.005145514972794783	LEVEL_C_ATLAS_FDR	0.0306902	0.0269	POSITIVE_EFFECT_PRODUCT	DIRECTION_CONCORDANT	CONDITIONAL	FINNISH_LD_SENSITIVITY_REQUIRED
TIER 2	CAT-T2D	False	17	17299591	18446092	0.0002213939581042	1.4056830862513236e-07	0.0008228868786915	rs854814	8.21279901850331e-07	0.003070330455997687	LEVEL_C_ATLAS_FDR	0.030872	0.0281	POSITIVE_EFFECT_PRODUCT	DIRECTION_CONCORDANT	CONDITIONAL	FINNISH_LD_SENSITIVITY_REQUIRED
TIER 2	CAT-T2D	False	17	17299591	18446092	0.0002213939581042	1.4056830862513236e-07	0.0008228868786915	rs721669	1.670373940562e-06	0.0054756362669855715	LEVEL_C_ATLAS_FDR	0.0308616	0.0266	POSITIVE_EFFECT_PRODUCT	DIRECTION_CONCORDANT	CONDITIONAL	FINNISH_LD_SENSITIVITY_REQUIRED
TIER 2	CAT-T2D	False	17	17299591	18446092	0.0002213939581042	1.4056830862513236e-07	0.0008228868786915	rs854809	1.05790874458679e-06	0.0037651806354801905	LEVEL_C_ATLAS_FDR	0.0308212	0.0276	POSITIVE_EFFECT_PRODUCT	DIRECTION_CONCORDANT	CONDITIONAL	FINNISH_LD_SENSITIVITY_REQUIRED
TIER 2	CAT-T2D	False	17	17299591	18446092	0.0002213939581042	1.4056830862513236e-07	0.0008228868786915	rs854808	1.00662364632586e-06	0.003617684676797538	LEVEL_C_ATLAS_FDR	0.0308286	0.0277	POSITIVE_EFFECT_PRODUCT	DIRECTION_CONCORDANT	CONDITIONAL	FINNISH_LD_SENSITIVITY_REQUIRED
TIER 2	CAT-T2D	False	17	17299591	18446092	0.0002213939581042	1.4056830862513236e-07	0.0008228868786915	rs2056842	1.1573183783997e-06	0.004050462162353634	LEVEL_C_ATLAS_FDR	0.030831	0.0274	POSITIVE_EFFECT_PRODUCT	DIRECTION_CONCORDANT	CONDITIONAL	FINNISH_LD_SENSITIVITY_REQUIRED
TIER 2	CAT-T2D	False	17	17299591	18446092	0.0002213939581042	1.4056830862513236e-07	0.0008228868786915	rs6826	1.11009074453712e-06	0.0039167648360221765	LEVEL_C_ATLAS_FDR	0.0309374	0.0274	POSITIVE_EFFECT_PRODUCT	DIRECTION_CONCORDANT	CONDITIONAL	FINNISH_LD_SENSITIVITY_REQUIRED
TIER 2	CAT-T2D	False	17	17299591	18446092	0.0002213939581042	1.4056830862513236e-07	0.0008228868786915	rs1101727	1.28091417272894e-06	0.004412733561518307	LEVEL_C_ATLAS_FDR	0.0307209	0.0273	POSITIVE_EFFECT_PRODUCT	DIRECTION_CONCORDANT	CONDITIONAL	FINNISH_LD_SENSITIVITY_REQUIRED
TIER 2	CAT-T2D	False	17	17299591	18446092	0.0002213939581042	1.4056830862513236e-07	0.0008228868786915	rs854767	1.07196970628093e-06	0.0038066380118294565	LEVEL_C_ATLAS_FDR	0.0308153	0.0276	POSITIVE_EFFECT_PRODUCT	DIRECTION_CONCORDANT	CONDITIONAL	FINNISH_LD_SENSITIVITY_REQUIRED
TIER 2	CAT-T2D	False	17	17299591	18446092	0.0002213939581042	1.4056830862513236e-07	0.0008228868786915	rs854768	1.05859193028116e-06	0.0037668396998434463	LEVEL_C_ATLAS_FDR	0.0309677	0.0275	POSITIVE_EFFECT_PRODUCT	DIRECTION_CONCORDANT	CONDITIONAL	FINNISH_LD_SENSITIVITY_REQUIRED
TIER 2	CAT-T2D	False	17	17299591	18446092	0.0002213939581042	1.4056830862513236e-07	0.0008228868786915	rs854769	1.06571188238417e-06	0.0037879036335149567	LEVEL_C_ATLAS_FDR	0.0309424	0.0275	POSITIVE_EFFECT_PRODUCT	DIRECTION_CONCORDANT	CONDITIONAL	FINNISH_LD_SENSITIVITY_REQUIRED
TIER 2	CAT-T2D	False	17	17299591	18446092	0.0002213939581042	1.4056830862513236e-07	0.0008228868786915	rs854770	1.07998086130661e-06	0.003831166821000839	LEVEL_C_ATLAS_FDR	0.0309116	0.0275	POSITIVE_EFFECT_PRODUCT	DIRECTION_CONCORDANT	CONDITIONAL	FINNISH_LD_SENSITIVITY_REQUIRED
TIER 2	CAT-T2D	False	17	17299591	18446092	0.0002213939581042	1.4056830862513236e-07	0.0008228868786915	rs741782	1.04145610045276e-06	0.0037172964068135387	LEVEL_C_ATLAS_FDR	0.0308879	0.0276	POSITIVE_EFFECT_PRODUCT	DIRECTION_CONCORDANT	CONDITIONAL	FINNISH_LD_SENSITIVITY_REQUIRED
TIER 2	CAT-T2D	False	17	17299591	18446092	0.0002213939581042	1.4056830862513236e-07	0.0008228868786915	rs712267	1.02716237124817e-06	0.003678381097019046	LEVEL_C_ATLAS_FDR	0.0309261	0.0276	POSITIVE_EFFECT_PRODUCT	DIRECTION_CONCORDANT	CONDITIONAL	FINNISH_LD_SENSITIVITY_REQUIRED
TIER 2	CAT-T2D	False	17	17299591	18446092	0.0002213939581042	1.4056830862513236e-07	0.0008228868786915	rs854817	1.02958572345412e-06	0.0036850600891672894	LEVEL_C_ATLAS_FDR	0.0309211	0.0276	POSITIVE_EFFECT_PRODUCT	DIRECTION_CONCORDANT	CONDITIONAL	FINNISH_LD_SENSITIVITY_REQUIRED
TIER 2	CAT-T2D	False	17	17299591	18446092	0.0002213939581042	1.4056830862513236e-07	0.0008228868786915	rs854818	1.02606091123245e-06	0.0036759535997712657	LEVEL_C_ATLAS_FDR	0.0309315	0.0276	POSITIVE_EFFECT_PRODUCT	DIRECTION_CONCORDANT	CONDITIONAL	FINNISH_LD_SENSITIVITY_REQUIRED
TIER 2	CAT-T2D	False	17	17299591	18446092	0.0002213939581042	1.4056830862513236e-07	0.0008228868786915	rs2955365	8.9932913197261e-07	0.0033051603422950895	LEVEL_C_ATLAS_FDR	0.0310461	0.0278	POSITIVE_EFFECT_PRODUCT	DIRECTION_CONCORDANT	CONDITIONAL	FINNISH_LD_SENSITIVITY_REQUIRED
TIER 2	CAT-T2D	False	17	17299591	18446092	0.0002213939581042	1.4056830862513236e-07	0.0008228868786915	rs2955366	9.13733350930763e-07	0.00334711210453461	LEVEL_C_ATLAS_FDR	0.0310093	0.0278	POSITIVE_EFFECT_PRODUCT	DIRECTION_CONCORDANT	CONDITIONAL	FINNISH_LD_SENSITIVITY_REQUIRED
TIER 2	CAT-T2D	False	17	17299591	18446092	0.0002213939581042	1.4056830862513236e-07	0.0008228868786915	rs854789	8.27476972065998e-07	0.0030878444529515606	LEVEL_C_ATLAS_FDR	0.0309498	0.028	POSITIVE_EFFECT_PRODUCT	DIRECTION_CONCORDANT	CONDITIONAL	FINNISH_LD_SENSITIVITY_REQUIRED
TIER 2	CAT-T2D	False	17	17299591	18446092	0.0002213939581042	1.4056830862513236e-07	0.0008228868786915	rs1008135	6.91131447576605e-07	0.002671828121652639	LEVEL_C_ATLAS_FDR	0.0309414	0.0284	POSITIVE_EFFECT_PRODUCT	DIRECTION_CONCORDANT	CONDITIONAL	FINNISH_LD_SENSITIVITY_REQUIRED
TIER 2	CAT-T2D	False	17	17299591	18446092	0.0002213939581042	1.4056830862513236e-07	0.0008228868786915	rs854791	8.71094192469129e-07	0.00322117362270735	LEVEL_C_ATLAS_FDR	0.0309915	0.028	POSITIVE_EFFECT_PRODUCT	DIRECTION_CONCORDANT	CONDITIONAL	FINNISH_LD_SENSITIVITY_REQUIRED
TIER 2	CAT-T2D	False	17	17299591	18446092	0.0002213939581042	1.4056830862513236e-07	0.0008228868786915	rs854792	2.95278763985175e-06	0.008433824315567467	LEVEL_C_ATLAS_FDR	0.0282329	0.029	POSITIVE_EFFECT_PRODUCT	DIRECTION_CONCORDANT	CONDITIONAL	FINNISH_LD_SENSITIVITY_REQUIRED
TIER 2	CAT-T2D	False	17	17299591	18446092	0.0002213939581042	1.4056830862513236e-07	0.0008228868786915	rs854786	2.60612960578828e-06	0.007706324647793781	LEVEL_C_ATLAS_FDR	0.0282307	0.0288	POSITIVE_EFFECT_PRODUCT	DIRECTION_CONCORDANT	CONDITIONAL	FINNISH_LD_SENSITIVITY_REQUIRED
TIER 2	POAG-CAD	False	16	74730819	75517115	-0.0002679344383509	1.2424298556592871e-05	0.0205537196823386	rs8062565	3.87034433811263e-06	0.010240314370398301	LEVEL_C_ATLAS_FDR	-0.0443	0.02196428	NEGATIVE_EFFECT_PRODUCT	DIRECTION_CONCORDANT	CONDITIONAL	NO
TIER 2	POAG-CAD	False	16	74730819	75517115	-0.0002679344383509	1.2424298556592871e-05	0.0205537196823386	rs1862737	4.46027988247586e-06	0.011352459326877494	LEVEL_C_ATLAS_FDR	0.0435	-0.02161892	NEGATIVE_EFFECT_PRODUCT	DIRECTION_CONCORDANT	CONDITIONAL	NO
TIER 2	POAG-CAD	False	16	74730819	75517115	-0.0002679344383509	1.2424298556592871e-05	0.0205537196823386	rs4493083	1.87422237610642e-06	0.005998841618792413	LEVEL_C_ATLAS_FDR	-0.0517	0.01981492	NEGATIVE_EFFECT_PRODUCT	DIRECTION_CONCORDANT	CONDITIONAL	NO
TIER 2	POAG-CAD	False	16	74730819	75517115	-0.0002679344383509	1.2424298556592871e-05	0.0205537196823386	rs999675	1.0425371307031e-10	1.844456266548332e-06	LEVEL_A_ATLAS_STRINGENT	-0.0555	0.03829592	NEGATIVE_EFFECT_PRODUCT	DIRECTION_CONCORDANT	CONDITIONAL	NO
TIER 2	POAG-CAD	False	16	74730819	75517115	-0.0002679344383509	1.2424298556592871e-05	0.0205537196823386	rs6564245	3.11381889308602e-05	0.044116272994719256	LEVEL_C_ATLAS_FDR	-0.0313	0.04921109	NEGATIVE_EFFECT_PRODUCT	DIRECTION_CONCORDANT	CONDITIONAL	NO
TIER 2	POAG-CAD	False	16	74730819	75517115	-0.0002679344383509	1.2424298556592871e-05	0.0205537196823386	rs10781976	6.72858162704872e-09	5.924923387856432e-05	LEVEL_B_PAIRWISE_GWAS	-0.0353	0.04247323	NEGATIVE_EFFECT_PRODUCT	DIRECTION_CONCORDANT	CONDITIONAL	NO
TIER 2	POAG-CAD	False	16	74730819	75517115	-0.0002679344383509	1.2424298556592871e-05	0.0205537196823386	rs1559339	3.08562108831478e-08	0.0002145146028214937	LEVEL_B_PAIRWISE_GWAS	0.0318	-0.04311741	NEGATIVE_EFFECT_PRODUCT	DIRECTION_CONCORDANT	CONDITIONAL	NO
TIER 2	POAG-CAD	False	16	74730819	75517115	-0.0002679344383509	1.2424298556592871e-05	0.0205537196823386	rs4243111	3.40620300331391e-08	0.00023315930421084486	LEVEL_B_PAIRWISE_GWAS	-0.0319	0.04404985	NEGATIVE_EFFECT_PRODUCT	DIRECTION_CONCORDANT	CONDITIONAL	NO
TIER 2	POAG-CAD	False	16	74730819	75517115	-0.0002679344383509	1.2424298556592871e-05	0.0205537196823386	rs11640018	3.36291206950219e-07	0.0014631785087903097	LEVEL_C_ATLAS_FDR	0.0403	-0.03012025	NEGATIVE_EFFECT_PRODUCT	DIRECTION_CONCORDANT	CONDITIONAL	NO
TIER 2	POAG-CAD	False	16	74730819	75517115	-0.0002679344383509	1.2424298556592871e-05	0.0205537196823386	rs4888378	3.10419069446506e-08	0.00021558968329791925	LEVEL_B_PAIRWISE_GWAS	0.0317	-0.04469361	NEGATIVE_EFFECT_PRODUCT	DIRECTION_CONCORDANT	CONDITIONAL	NO
TIER 2	POAG-CAD	False	16	74730819	75517115	-0.0002679344383509	1.2424298556592871e-05	0.0205537196823386	rs3743607	1.73056082707859e-06	0.005634621643284925	LEVEL_C_ATLAS_FDR	-0.036	0.03101614	NEGATIVE_EFFECT_PRODUCT	DIRECTION_CONCORDANT	CONDITIONAL	NO
TIER 2	POAG-CAD	False	16	74730819	75517115	-0.0002679344383509	1.2424298556592871e-05	0.0205537196823386	rs4888380	8.65147339941659e-08	0.00048327536947640045	LEVEL_C_ATLAS_FDR	0.0297	-0.04321421	NEGATIVE_EFFECT_PRODUCT	DIRECTION_CONCORDANT	CONDITIONAL	NO
TIER 2	POAG-CAD	False	16	74730819	75517115	-0.0002679344383509	1.2424298556592871e-05	0.0205537196823386	rs8046109	4.01954900550144e-08	0.0002615420164029069	LEVEL_B_PAIRWISE_GWAS	0.0318	-0.04235108	NEGATIVE_EFFECT_PRODUCT	DIRECTION_CONCORDANT	CONDITIONAL	NO
TIER 2	POAG-CAD	False	16	74730819	75517115	-0.0002679344383509	1.2424298556592871e-05	0.0205537196823386	rs3851734	1.35734976883456e-07	0.0007030127207021116	LEVEL_C_ATLAS_FDR	0.0289	-0.04327552	NEGATIVE_EFFECT_PRODUCT	DIRECTION_CONCORDANT	CONDITIONAL	NO
TIER 2	POAG-CAD	False	16	74730819	75517115	-0.0002679344383509	1.2424298556592871e-05	0.0205537196823386	rs4638613	8.04226564054406e-08	0.00045517802065190075	LEVEL_C_ATLAS_FDR	-0.0297	0.04334466	NEGATIVE_EFFECT_PRODUCT	DIRECTION_CONCORDANT	CONDITIONAL	NO
TIER 2	POAG-CAD	False	16	74730819	75517115	-0.0002679344383509	1.2424298556592871e-05	0.0205537196823386	rs166013	9.59900783367694e-08	0.0005278799775415281	LEVEL_C_ATLAS_FDR	0.0367	-0.03806288	NEGATIVE_EFFECT_PRODUCT	DIRECTION_CONCORDANT	CONDITIONAL	NO
TIER 2	POAG-CAD	False	16	74730819	75517115	-0.0002679344383509	1.2424298556592871e-05	0.0205537196823386	rs12917651	1.08742643301791e-07	0.0005866710563456956	LEVEL_C_ATLAS_FDR	-0.0285	0.04586234	NEGATIVE_EFFECT_PRODUCT	DIRECTION_CONCORDANT	CONDITIONAL	NO
TIER 2	POAG-CAD	False	16	74730819	75517115	-0.0002679344383509	1.2424298556592871e-05	0.0205537196823386	rs4888422	1.08736358772605e-07	0.0005866710563456956	LEVEL_C_ATLAS_FDR	0.0325	-0.04424474	NEGATIVE_EFFECT_PRODUCT	DIRECTION_CONCORDANT	CONDITIONAL	NO
TIER 2	POAG-CAD	False	16	74730819	75517115	-0.0002679344383509	1.2424298556592871e-05	0.0205537196823386	rs12933281	2.12095685844533e-07	0.001007416662554315	LEVEL_C_ATLAS_FDR	0.0274	-0.04417991	NEGATIVE_EFFECT_PRODUCT	DIRECTION_CONCORDANT	CONDITIONAL	NO
TIER 2	POAG-CAD	False	16	74730819	75517115	-0.0002679344383509	1.2424298556592871e-05	0.0205537196823386	rs6564261	1.52863705593899e-08	0.0001177053788378199	LEVEL_B_PAIRWISE_GWAS	-0.0375	0.04074715	NEGATIVE_EFFECT_PRODUCT	DIRECTION_CONCORDANT	CONDITIONAL	NO
TIER 2	POAG-CAD	False	16	74730819	75517115	-0.0002679344383509	1.2424298556592871e-05	0.0205537196823386	rs8057084	1.84237570440177e-08	0.00013890526796042594	LEVEL_B_PAIRWISE_GWAS	0.0371	-0.03953003	NEGATIVE_EFFECT_PRODUCT	DIRECTION_CONCORDANT	CONDITIONAL	NO
TIER 2	POAG-CAD	False	16	74730819	75517115	-0.0002679344383509	1.2424298556592871e-05	0.0205537196823386	rs1424013	1.20910660501548e-08	9.597552309974711e-05	LEVEL_B_PAIRWISE_GWAS	0.0377	-0.04110377	NEGATIVE_EFFECT_PRODUCT	DIRECTION_CONCORDANT	CONDITIONAL	NO
TIER 2	POAG-CAD	False	16	74730819	75517115	-0.0002679344383509	1.2424298556592871e-05	0.0205537196823386	rs977987	1.15730827816215e-07	0.0006170834582157909	LEVEL_C_ATLAS_FDR	-0.0366	0.03557824	NEGATIVE_EFFECT_PRODUCT	DIRECTION_CONCORDANT	CONDITIONAL	NO
TIER 2	POAG-CAD	False	17	1481897	2613925	-0.0006007450401361	5.967176616041336e-14	2.4452296337214182e-09	rs9894634	3.96091259298183e-07	0.0016789595043370008	LEVEL_C_ATLAS_FDR	-0.0403	0.029322	NEGATIVE_EFFECT_PRODUCT	DIRECTION_CONCORDANT	CONDITIONAL	NO
TIER 2	POAG-CAD	False	17	1481897	2613925	-0.0006007450401361	5.967176616041336e-14	2.4452296337214182e-09	rs6503222	9.01617592920143e-07	0.0033111167788505876	LEVEL_C_ATLAS_FDR	-0.0388	0.02850748	NEGATIVE_EFFECT_PRODUCT	DIRECTION_CONCORDANT	CONDITIONAL	NO
TIER 2	POAG-CAD	False	17	1481897	2613925	-0.0006007450401361	5.967176616041336e-14	2.4452296337214182e-09	rs9901671	6.54655740882864e-07	0.002553569059689937	LEVEL_C_ATLAS_FDR	0.0387	-0.02925005	NEGATIVE_EFFECT_PRODUCT	DIRECTION_CONCORDANT	CONDITIONAL	NO
TIER 2	POAG-CAD	False	17	1481897	2613925	-0.0006007450401361	5.967176616041336e-14	2.4452296337214182e-09	rs4790312	2.59962493143736e-05	0.0389912242725984	LEVEL_C_ATLAS_FDR	0.0355	-0.02454349	NEGATIVE_EFFECT_PRODUCT	DIRECTION_CONCORDANT	CONDITIONAL	NO
TIER 2	POAG-CAD	False	17	1481897	2613925	-0.0006007450401361	5.967176616041336e-14	2.4452296337214182e-09	rs2236374	1.59134262985697e-06	0.005264290631796022	LEVEL_C_ATLAS_FDR	-0.0365	0.02867425	NEGATIVE_EFFECT_PRODUCT	DIRECTION_CONCORDANT	CONDITIONAL	NO
TIER 2	POAG-CAD	False	17	1481897	2613925	-0.0006007450401361	5.967176616041336e-14	2.4452296337214182e-09	rs7225843	2.12321789096837e-06	0.006614062099349835	LEVEL_C_ATLAS_FDR	0.0463	-0.03166073	NEGATIVE_EFFECT_PRODUCT	DIRECTION_CONCORDANT	CONDITIONAL	NO
TIER 2	POAG-CAD	False	17	1481897	2613925	-0.0006007450401361	5.967176616041336e-14	2.4452296337214182e-09	rs4061660	1.70278266954615e-06	0.005561474299191329	LEVEL_C_ATLAS_FDR	-0.0462	0.03244304	NEGATIVE_EFFECT_PRODUCT	DIRECTION_CONCORDANT	CONDITIONAL	NO
TIER 2	POAG-CAD	False	17	1481897	2613925	-0.0006007450401361	5.967176616041336e-14	2.4452296337214182e-09	rs10459917	2.83666426318125e-06	0.00819052450023605	LEVEL_C_ATLAS_FDR	0.0464	-0.03079066	NEGATIVE_EFFECT_PRODUCT	DIRECTION_CONCORDANT	CONDITIONAL	NO
TIER 2	POAG-CAD	False	17	1481897	2613925	-0.0006007450401361	5.967176616041336e-14	2.4452296337214182e-09	rs8082647	2.5467829676919e-06	0.007579795605976084	LEVEL_C_ATLAS_FDR	0.0458	-0.03129904	NEGATIVE_EFFECT_PRODUCT	DIRECTION_CONCORDANT	CONDITIONAL	NO
TIER 2	POAG-CAD	False	17	1481897	2613925	-0.0006007450401361	5.967176616041336e-14	2.4452296337214182e-09	rs2760743	4.98678684305493e-10	6.962985877430508e-06	LEVEL_A_ATLAS_STRINGENT	-0.0471	0.04309462	NEGATIVE_EFFECT_PRODUCT	DIRECTION_CONCORDANT	CONDITIONAL	NO
TIER 2	POAG-CAD	False	17	1481897	2613925	-0.0006007450401361	5.967176616041336e-14	2.4452296337214182e-09	rs2760740	2.76277939232213e-10	4.273652334284782e-06	LEVEL_A_ATLAS_STRINGENT	0.0466	-0.04348308	NEGATIVE_EFFECT_PRODUCT	DIRECTION_CONCORDANT	CONDITIONAL	NO
TIER 2	POAG-CAD	False	17	1481897	2613925	-0.0006007450401361	5.967176616041336e-14	2.4452296337214182e-09	rs2760734	3.52669599169175e-06	0.00957734307213445	LEVEL_C_ATLAS_FDR	-0.0393	0.04141125	NEGATIVE_EFFECT_PRODUCT	DIRECTION_CONCORDANT	CONDITIONAL	NO
TIER 2	POAG-CAD	False	17	1481897	2613925	-0.0006007450401361	5.967176616041336e-14	2.4452296337214182e-09	rs2984942	1.70617246120377e-09	1.897601403296285e-05	LEVEL_A_ATLAS_STRINGENT	0.0451	-0.04177602	NEGATIVE_EFFECT_PRODUCT	DIRECTION_CONCORDANT	CONDITIONAL	NO
TIER 2	POAG-CAD	False	17	1481897	2613925	-0.0006007450401361	5.967176616041336e-14	2.4452296337214182e-09	rs923862	2.59181056394352e-09	2.6968267501557563e-05	LEVEL_A_ATLAS_STRINGENT	0.0451	-0.04209801	NEGATIVE_EFFECT_PRODUCT	DIRECTION_CONCORDANT	CONDITIONAL	NO
TIER 2	POAG-CAD	False	17	1481897	2613925	-0.0006007450401361	5.967176616041336e-14	2.4452296337214182e-09	rs923863	1.51740323932766e-09	1.714571613051985e-05	LEVEL_A_ATLAS_STRINGENT	0.0451	-0.04201385	NEGATIVE_EFFECT_PRODUCT	DIRECTION_CONCORDANT	CONDITIONAL	NO
TIER 2	POAG-CAD	False	17	1481897	2613925	-0.0006007450401361	5.967176616041336e-14	2.4452296337214182e-09	rs923864	1.4686637221074e-09	1.6638318749353964e-05	LEVEL_A_ATLAS_STRINGENT	-0.0452	0.04200699	NEGATIVE_EFFECT_PRODUCT	DIRECTION_CONCORDANT	CONDITIONAL	NO
TIER 2	POAG-CAD	False	17	1481897	2613925	-0.0006007450401361	5.967176616041336e-14	2.4452296337214182e-09	rs2984941	4.11900996573563e-10	5.9587559145701595e-06	LEVEL_A_ATLAS_STRINGENT	0.0457	-0.04307059	NEGATIVE_EFFECT_PRODUCT	DIRECTION_CONCORDANT	CONDITIONAL	NO
TIER 2	POAG-CAD	False	17	1481897	2613925	-0.0006007450401361	5.967176616041336e-14	2.4452296337214182e-09	rs2760736	8.14313455320964e-10	1.0012823630822134e-05	LEVEL_A_ATLAS_STRINGENT	0.0471	-0.04158977	NEGATIVE_EFFECT_PRODUCT	DIRECTION_CONCORDANT	CONDITIONAL	NO
TIER 2	POAG-CAD	False	17	1481897	2613925	-0.0006007450401361	5.967176616041336e-14	2.4452296337214182e-09	rs7212589	1.11709311988332e-09	1.3152166388433903e-05	LEVEL_A_ATLAS_STRINGENT	0.0462	-0.04168909	NEGATIVE_EFFECT_PRODUCT	DIRECTION_CONCORDANT	CONDITIONAL	NO
TIER 2	POAG-CAD	False	17	1481897	2613925	-0.0006007450401361	5.967176616041336e-14	2.4452296337214182e-09	rs7209460	1.39102501695502e-10	2.3669037998498774e-06	LEVEL_A_ATLAS_STRINGENT	-0.0471	0.04570051	NEGATIVE_EFFECT_PRODUCT	DIRECTION_CONCORDANT	CONDITIONAL	NO
TIER 2	POAG-CAD	False	17	1481897	2613925	-0.0006007450401361	5.967176616041336e-14	2.4452296337214182e-09	rs903159	7.79424640885131e-10	9.704765039603439e-06	LEVEL_A_ATLAS_STRINGENT	-0.0471	0.04167053	NEGATIVE_EFFECT_PRODUCT	DIRECTION_CONCORDANT	CONDITIONAL	NO
TIER 2	POAG-CAD	False	17	1481897	2613925	-0.0006007450401361	5.967176616041336e-14	2.4452296337214182e-09	rs1565763	1.48213567966726e-09	1.6774516838396905e-05	LEVEL_A_ATLAS_STRINGENT	0.0471	-0.04155013	NEGATIVE_EFFECT_PRODUCT	DIRECTION_CONCORDANT	CONDITIONAL	NO
TIER 2	POAG-CAD	False	17	1481897	2613925	-0.0006007450401361	5.967176616041336e-14	2.4452296337214182e-09	rs4790315	3.41963083355056e-10	5.1325025155070326e-06	LEVEL_A_ATLAS_STRINGENT	0.0475	-0.04282956	NEGATIVE_EFFECT_PRODUCT	DIRECTION_CONCORDANT	CONDITIONAL	NO
TIER 2	POAG-CAD	False	17	1481897	2613925	-0.0006007450401361	5.967176616041336e-14	2.4452296337214182e-09	rs9894613	1.48954379490282e-10	2.5144234066359752e-06	LEVEL_A_ATLAS_STRINGENT	-0.0479	0.04316239	NEGATIVE_EFFECT_PRODUCT	DIRECTION_CONCORDANT	CONDITIONAL	NO
TIER 2	POAG-CAD	False	17	1481897	2613925	-0.0006007450401361	5.967176616041336e-14	2.4452296337214182e-09	rs9898819	3.0240672709691e-10	4.624251268432997e-06	LEVEL_A_ATLAS_STRINGENT	-0.0484	0.04257665	NEGATIVE_EFFECT_PRODUCT	DIRECTION_CONCORDANT	CONDITIONAL	NO
TIER 2	POAG-CAD	False	17	1481897	2613925	-0.0006007450401361	5.967176616041336e-14	2.4452296337214182e-09	rs898749	1.20989167916422e-10	2.099869608003897e-06	LEVEL_A_ATLAS_STRINGENT	-0.0487	0.0428522	NEGATIVE_EFFECT_PRODUCT	DIRECTION_CONCORDANT	CONDITIONAL	NO
TIER 2	POAG-CAD	False	17	1481897	2613925	-0.0006007450401361	5.967176616041336e-14	2.4452296337214182e-09	rs7214741	1.21415625689819e-10	2.106218035279754e-06	LEVEL_A_ATLAS_STRINGENT	-0.0488	0.04275676	NEGATIVE_EFFECT_PRODUCT	DIRECTION_CONCORDANT	CONDITIONAL	NO
TIER 2	POAG-CAD	False	17	1481897	2613925	-0.0006007450401361	5.967176616041336e-14	2.4452296337214182e-09	rs7219557	8.71518668880556e-10	1.0592398841914048e-05	LEVEL_A_ATLAS_STRINGENT	-0.0494	0.04350094	NEGATIVE_EFFECT_PRODUCT	DIRECTION_CONCORDANT	CONDITIONAL	NO
TIER 2	POAG-CAD	False	17	1481897	2613925	-0.0006007450401361	5.967176616041336e-14	2.4452296337214182e-09	rs2307143	4.64103774402454e-09	4.386013920367701e-05	LEVEL_B_PAIRWISE_GWAS	-0.0395	0.04419713	NEGATIVE_EFFECT_PRODUCT	DIRECTION_CONCORDANT	CONDITIONAL	NO
TIER 2	POAG-CAD	False	17	1481897	2613925	-0.0006007450401361	5.967176616041336e-14	2.4452296337214182e-09	rs11078855	7.95811337725843e-11	1.4493159091549209e-06	LEVEL_A_ATLAS_STRINGENT	-0.0504	0.04274348	NEGATIVE_EFFECT_PRODUCT	DIRECTION_CONCORDANT	CONDITIONAL	NO
TIER 2	POAG-CAD	False	17	1481897	2613925	-0.0006007450401361	5.967176616041336e-14	2.4452296337214182e-09	rs903160	2.41277197554549e-09	2.535616328563563e-05	LEVEL_A_ATLAS_STRINGENT	-0.0395	0.04420366	NEGATIVE_EFFECT_PRODUCT	DIRECTION_CONCORDANT	CONDITIONAL	NO
TIER 2	POAG-CAD	False	17	1481897	2613925	-0.0006007450401361	5.967176616041336e-14	2.4452296337214182e-09	rs903162	1.84916799190634e-09	2.028690176611357e-05	LEVEL_A_ATLAS_STRINGENT	-0.0397	0.04465613	NEGATIVE_EFFECT_PRODUCT	DIRECTION_CONCORDANT	CONDITIONAL	NO
TIER 2	POAG-CAD	False	17	1481897	2613925	-0.0006007450401361	5.967176616041336e-14	2.4452296337214182e-09	rs2126202	2.10432835312235e-06	0.006567762728263255	LEVEL_C_ATLAS_FDR	0.0371	-0.0276499	NEGATIVE_EFFECT_PRODUCT	DIRECTION_CONCORDANT	CONDITIONAL	NO
TIER 2	POAG-CAD	False	17	1481897	2613925	-0.0006007450401361	5.967176616041336e-14	2.4452296337214182e-09	rs1563966	3.11305048571825e-10	4.735287558847688e-06	LEVEL_A_ATLAS_STRINGENT	-0.0548	0.03562253	NEGATIVE_EFFECT_PRODUCT	DIRECTION_CONCORDANT	CONDITIONAL	NO
TIER 2	POAG-CAD	False	17	1481897	2613925	-0.0006007450401361	5.967176616041336e-14	2.4452296337214182e-09	rs7213756	1.74656647473566e-07	0.0008603133888862765	LEVEL_C_ATLAS_FDR	-0.0386	0.03496641	NEGATIVE_EFFECT_PRODUCT	DIRECTION_CONCORDANT	CONDITIONAL	NO
TIER 2	POAG-CAD	False	17	1481897	2613925	-0.0006007450401361	5.967176616041336e-14	2.4452296337214182e-09	rs11651451	9.80727436868991e-10	1.1706572437226828e-05	LEVEL_A_ATLAS_STRINGENT	-0.0431	0.04044731	NEGATIVE_EFFECT_PRODUCT	DIRECTION_CONCORDANT	CONDITIONAL	NO
TIER 2	POAG-CAD	False	17	1481897	2613925	-0.0006007450401361	5.967176616041336e-14	2.4452296337214182e-09	rs6503324	1.57808776324712e-11	3.93238353906346e-07	LEVEL_A_ATLAS_STRINGENT	-0.0532	0.03959078	NEGATIVE_EFFECT_PRODUCT	DIRECTION_CONCORDANT	CONDITIONAL	NO
TIER 2	POAG-CAD	False	17	1481897	2613925	-0.0006007450401361	5.967176616041336e-14	2.4452296337214182e-09	rs2281727	2.18854739577935e-11	5.196182755395655e-07	LEVEL_A_ATLAS_STRINGENT	0.0511	-0.04031967	NEGATIVE_EFFECT_PRODUCT	DIRECTION_CONCORDANT	CONDITIONAL	NO
TIER 2	POAG-CAD	False	17	1481897	2613925	-0.0006007450401361	5.967176616041336e-14	2.4452296337214182e-09	rs11655813	3.69244406663118e-11	7.958449672130512e-07	LEVEL_A_ATLAS_STRINGENT	-0.0523	0.0413676	NEGATIVE_EFFECT_PRODUCT	DIRECTION_CONCORDANT	CONDITIONAL	NO
TIER 2	POAG-CAD	False	17	1481897	2613925	-0.0006007450401361	5.967176616041336e-14	2.4452296337214182e-09	rs8077194	1.85332152261092e-10	3.0302370835198954e-06	LEVEL_A_ATLAS_STRINGENT	0.0454	-0.04804214	NEGATIVE_EFFECT_PRODUCT	DIRECTION_CONCORDANT	CONDITIONAL	NO
TIER 2	POAG-CAD	False	17	1481897	2613925	-0.0006007450401361	5.967176616041336e-14	2.4452296337214182e-09	rs143499	5.41755145485984e-12	1.590967844039361e-07	LEVEL_A_ATLAS_STRINGENT	-0.055	0.03983975	NEGATIVE_EFFECT_PRODUCT	DIRECTION_CONCORDANT	CONDITIONAL	NO
TIER 2	POAG-CAD	False	17	1481897	2613925	-0.0006007450401361	5.967176616041336e-14	2.4452296337214182e-09	rs7217226	2.45846267639879e-12	8.350040024510878e-08	LEVEL_A_ATLAS_STRINGENT	0.0547	-0.04127245	NEGATIVE_EFFECT_PRODUCT	DIRECTION_CONCORDANT	CONDITIONAL	NO
TIER 2	POAG-CAD	False	17	1481897	2613925	-0.0006007450401361	5.967176616041336e-14	2.4452296337214182e-09	rs216215	1.37155402487288e-09	1.569181488429923e-05	LEVEL_A_ATLAS_STRINGENT	-0.0428	0.04540499	NEGATIVE_EFFECT_PRODUCT	DIRECTION_CONCORDANT	CONDITIONAL	NO
TIER 2	POAG-CAD	False	17	1481897	2613925	-0.0006007450401361	5.967176616041336e-14	2.4452296337214182e-09	rs9892016	7.82140351144345e-10	9.72400361685378e-06	LEVEL_A_ATLAS_STRINGENT	0.0452	-0.04431042	NEGATIVE_EFFECT_PRODUCT	DIRECTION_CONCORDANT	CONDITIONAL	NO
TIER 2	POAG-CAD	False	17	1481897	2613925	-0.0006007450401361	5.967176616041336e-14	2.4452296337214182e-09	rs216219	4.3524014984366e-11	8.824855871168061e-07	LEVEL_A_ATLAS_STRINGENT	-0.0563	0.03558489	NEGATIVE_EFFECT_PRODUCT	DIRECTION_CONCORDANT	CONDITIONAL	NO
TIER 2	POAG-CAD	False	17	1481897	2613925	-0.0006007450401361	5.967176616041336e-14	2.4452296337214182e-09	rs216223	4.68205345865631e-11	9.244710825519137e-07	LEVEL_A_ATLAS_STRINGENT	0.0559	-0.03572025	NEGATIVE_EFFECT_PRODUCT	DIRECTION_CONCORDANT	CONDITIONAL	NO
TIER 2	POAG-CAD	False	17	1481897	2613925	-0.0006007450401361	5.967176616041336e-14	2.4452296337214182e-09	rs216174	1.38560373069846e-05	0.02520392782920443	LEVEL_C_ATLAS_FDR	-0.0423	0.02805242	NEGATIVE_EFFECT_PRODUCT	DIRECTION_CONCORDANT	CONDITIONAL	NO
TIER 2	POAG-CAD	False	17	1481897	2613925	-0.0006007450401361	5.967176616041336e-14	2.4452296337214182e-09	rs7213232	1.92144802578988e-11	4.6870498770919516e-07	LEVEL_A_ATLAS_STRINGENT	0.0546	-0.03800492	NEGATIVE_EFFECT_PRODUCT	DIRECTION_CONCORDANT	CONDITIONAL	NO
TIER 2	POAG-CAD	False	17	1481897	2613925	-0.0006007450401361	5.967176616041336e-14	2.4452296337214182e-09	rs170040	1.62756433827587e-05	0.02816467347857479	LEVEL_C_ATLAS_FDR	0.0399	-0.02878268	NEGATIVE_EFFECT_PRODUCT	DIRECTION_CONCORDANT	CONDITIONAL	NO
TIER 2	POAG-CAD	False	17	1481897	2613925	-0.0006007450401361	5.967176616041336e-14	2.4452296337214182e-09	rs7209564	7.9043196821431e-10	9.781545165538963e-06	LEVEL_A_ATLAS_STRINGENT	-0.0442	0.04545696	NEGATIVE_EFFECT_PRODUCT	DIRECTION_CONCORDANT	CONDITIONAL	NO
TIER 2	POAG-CAD	False	17	1481897	2613925	-0.0006007450401361	5.967176616041336e-14	2.4452296337214182e-09	rs216182	2.44594276173726e-08	0.00017710225610935378	LEVEL_B_PAIRWISE_GWAS	-0.0388	0.0437135	NEGATIVE_EFFECT_PRODUCT	DIRECTION_CONCORDANT	CONDITIONAL	NO
TIER 2	POAG-CAD	False	17	1481897	2613925	-0.0006007450401361	5.967176616041336e-14	2.4452296337214182e-09	rs9910849	1.97115995188436e-09	2.1381970317870168e-05	LEVEL_A_ATLAS_STRINGENT	-0.0531	0.03811195	NEGATIVE_EFFECT_PRODUCT	DIRECTION_CONCORDANT	CONDITIONAL	NO
TIER 2	POAG-CAD	False	17	1481897	2613925	-0.0006007450401361	5.967176616041336e-14	2.4452296337214182e-09	rs9905529	1.98968645060238e-11	4.81963651141862e-07	LEVEL_A_ATLAS_STRINGENT	0.0543	-0.03817848	NEGATIVE_EFFECT_PRODUCT	DIRECTION_CONCORDANT	CONDITIONAL	NO
TIER 2	POAG-CAD	False	17	1481897	2613925	-0.0006007450401361	5.967176616041336e-14	2.4452296337214182e-09	rs8065650	1.26941796653591e-11	3.2567369217540785e-07	LEVEL_A_ATLAS_STRINGENT	-0.0549	0.03864484	NEGATIVE_EFFECT_PRODUCT	DIRECTION_CONCORDANT	CONDITIONAL	NO
TIER 2	POAG-CAD	False	17	1481897	2613925	-0.0006007450401361	5.967176616041336e-14	2.4452296337214182e-09	rs749240	1.80815561508114e-11	4.440900360642924e-07	LEVEL_A_ATLAS_STRINGENT	-0.0543	0.03836068	NEGATIVE_EFFECT_PRODUCT	DIRECTION_CONCORDANT	CONDITIONAL	NO
TIER 2	POAG-CAD	False	17	1481897	2613925	-0.0006007450401361	5.967176616041336e-14	2.4452296337214182e-09	rs216189	4.34650254453383e-11	8.824855871168061e-07	LEVEL_A_ATLAS_STRINGENT	0.0556	-0.03607404	NEGATIVE_EFFECT_PRODUCT	DIRECTION_CONCORDANT	CONDITIONAL	NO
TIER 2	POAG-CAD	False	17	1481897	2613925	-0.0006007450401361	5.967176616041336e-14	2.4452296337214182e-09	rs216206	1.94945443213464e-11	4.748692604498965e-07	LEVEL_A_ATLAS_STRINGENT	0.0569	-0.03645533	NEGATIVE_EFFECT_PRODUCT	DIRECTION_CONCORDANT	CONDITIONAL	NO
TIER 2	POAG-CAD	False	17	1481897	2613925	-0.0006007450401361	5.967176616041336e-14	2.4452296337214182e-09	rs216205	1.32356523685529e-07	0.0006887002569013465	LEVEL_C_ATLAS_FDR	0.0458	-0.0354132	NEGATIVE_EFFECT_PRODUCT	DIRECTION_CONCORDANT	CONDITIONAL	NO
TIER 2	POAG-CAD	False	17	1481897	2613925	-0.0006007450401361	5.967176616041336e-14	2.4452296337214182e-09	rs216202	2.35540389288522e-11	5.516873406683422e-07	LEVEL_A_ATLAS_STRINGENT	-0.0568	0.03623313	NEGATIVE_EFFECT_PRODUCT	DIRECTION_CONCORDANT	CONDITIONAL	NO
TIER 2	POAG-CAD	False	17	1481897	2613925	-0.0006007450401361	5.967176616041336e-14	2.4452296337214182e-09	rs177567	2.25345286161665e-11	5.328417621441909e-07	LEVEL_A_ATLAS_STRINGENT	0.0568	-0.03629582	NEGATIVE_EFFECT_PRODUCT	DIRECTION_CONCORDANT	CONDITIONAL	NO
TIER 2	POAG-CAD	False	17	1481897	2613925	-0.0006007450401361	5.967176616041336e-14	2.4452296337214182e-09	rs216201	2.35130338870153e-11	5.510987740201036e-07	LEVEL_A_ATLAS_STRINGENT	0.0566	-0.03635723	NEGATIVE_EFFECT_PRODUCT	DIRECTION_CONCORDANT	CONDITIONAL	NO
TIER 2	POAG-CAD	False	17	1481897	2613925	-0.0006007450401361	5.967176616041336e-14	2.4452296337214182e-09	rs216200	3.00112348081277e-11	6.699298130188727e-07	LEVEL_A_ATLAS_STRINGENT	0.0572	-0.03550535	NEGATIVE_EFFECT_PRODUCT	DIRECTION_CONCORDANT	CONDITIONAL	NO
TIER 2	POAG-CAD	False	17	1481897	2613925	-0.0006007450401361	5.967176616041336e-14	2.4452296337214182e-09	rs170043	4.57408765369023e-06	0.011564887472667242	LEVEL_C_ATLAS_FDR	-0.0464	0.02911401	NEGATIVE_EFFECT_PRODUCT	DIRECTION_CONCORDANT	CONDITIONAL	NO
TIER 2	POAG-CAD	False	17	1481897	2613925	-0.0006007450401361	5.967176616041336e-14	2.4452296337214182e-09	rs216196	6.5504180088925e-09	5.7867449670104605e-05	LEVEL_B_PAIRWISE_GWAS	-0.0386	0.04643969	NEGATIVE_EFFECT_PRODUCT	DIRECTION_CONCORDANT	CONDITIONAL	NO
TIER 2	POAG-CAD	False	17	1481897	2613925	-0.0006007450401361	5.967176616041336e-14	2.4452296337214182e-09	rs216195	6.91678098623108e-10	8.774844035017057e-06	LEVEL_A_ATLAS_STRINGENT	-0.0489	0.03928728	NEGATIVE_EFFECT_PRODUCT	DIRECTION_CONCORDANT	CONDITIONAL	NO
TIER 2	POAG-CAD	False	17	1481897	2613925	-0.0006007450401361	5.967176616041336e-14	2.4452296337214182e-09	rs216193	8.89119333133796e-11	1.5982827550213908e-06	LEVEL_A_ATLAS_STRINGENT	-0.0497	0.03822319	NEGATIVE_EFFECT_PRODUCT	DIRECTION_CONCORDANT	CONDITIONAL	NO
TIER 2	POAG-CAD	False	17	1481897	2613925	-0.0006007450401361	5.967176616041336e-14	2.4452296337214182e-09	rs2224770	1.38950381617798e-10	2.365474941540457e-06	LEVEL_A_ATLAS_STRINGENT	-0.049	0.03811256	NEGATIVE_EFFECT_PRODUCT	DIRECTION_CONCORDANT	CONDITIONAL	NO
TIER 2	POAG-CAD	False	17	1481897	2613925	-0.0006007450401361	5.967176616041336e-14	2.4452296337214182e-09	rs4523957	9.50759657476349e-10	1.138517266368579e-05	LEVEL_A_ATLAS_STRINGENT	0.0504	-0.03453477	NEGATIVE_EFFECT_PRODUCT	DIRECTION_CONCORDANT	CONDITIONAL	NO
TIER 2	POAG-CAD	False	17	1481897	2613925	-0.0006007450401361	5.967176616041336e-14	2.4452296337214182e-09	rs391300	5.71167585320015e-07	0.0022880779673032222	LEVEL_C_ATLAS_FDR	-0.0451	0.02587437	NEGATIVE_EFFECT_PRODUCT	DIRECTION_CONCORDANT	CONDITIONAL	NO
TIER 2	POAG-STROKE	False	4	142808503	145021868	-0.0003809013220984	3.827662494948683e-07	0.0017427772635334	rs13133181	1.80453948319246e-05	0.030315728180940322	LEVEL_C_ATLAS_FDR	0.0431	-0.0274	NEGATIVE_EFFECT_PRODUCT	DIRECTION_CONCORDANT	CONDITIONAL	NO
TIER 2	POAG-STROKE	False	4	142808503	145021868	-0.0003809013220984	3.827662494948683e-07	0.0017427772635334	rs10471103	4.79033265192539e-06	0.01196263098938906	LEVEL_C_ATLAS_FDR	-0.0458	0.0281	NEGATIVE_EFFECT_PRODUCT	DIRECTION_CONCORDANT	CONDITIONAL	NO
TIER 2	POAG-STROKE	False	4	142808503	145021868	-0.0003809013220984	3.827662494948683e-07	0.0017427772635334	rs4690768	2.99295306422227e-05	0.04292788030172478	LEVEL_C_ATLAS_FDR	-0.0402	0.0268	NEGATIVE_EFFECT_PRODUCT	DIRECTION_CONCORDANT	CONDITIONAL	NO
TIER 2	POAG-STROKE	False	4	142808503	145021868	-0.0003809013220984	3.827662494948683e-07	0.0017427772635334	rs13116507	7.72370228615493e-06	0.016692784120012138	LEVEL_C_ATLAS_FDR	0.0456	-0.0267	NEGATIVE_EFFECT_PRODUCT	DIRECTION_CONCORDANT	CONDITIONAL	NO
TIER 2	POAG-STROKE	False	4	142808503	145021868	-0.0003809013220984	3.827662494948683e-07	0.0017427772635334	rs4333135	6.53823204475843e-06	0.014867548189656929	LEVEL_C_ATLAS_FDR	-0.0456	0.0271	NEGATIVE_EFFECT_PRODUCT	DIRECTION_CONCORDANT	CONDITIONAL	NO
TIER 2	POAG-STROKE	False	4	142808503	145021868	-0.0003809013220984	3.827662494948683e-07	0.0017427772635334	rs12640330	1.85001160110621e-06	0.005935307025126342	LEVEL_C_ATLAS_FDR	0.0448	-0.0315	NEGATIVE_EFFECT_PRODUCT	DIRECTION_CONCORDANT	CONDITIONAL	NO
TIER 2	POAG-STROKE	False	4	142808503	145021868	-0.0003809013220984	3.827662494948683e-07	0.0017427772635334	rs4270544	1.76750070030935e-06	0.005722209664855266	LEVEL_C_ATLAS_FDR	-0.0499	0.03	NEGATIVE_EFFECT_PRODUCT	DIRECTION_CONCORDANT	CONDITIONAL	NO
TIER 2	POAG-STROKE	False	4	142808503	145021868	-0.0003809013220984	3.827662494948683e-07	0.0017427772635334	rs4277733	1.01417172819261e-06	0.003641628294281215	LEVEL_C_ATLAS_FDR	0.0501	-0.0312	NEGATIVE_EFFECT_PRODUCT	DIRECTION_CONCORDANT	CONDITIONAL	NO
TIER 2	POAG-STROKE	False	4	142808503	145021868	-0.0003809013220984	3.827662494948683e-07	0.0017427772635334	rs7682068	5.31846606438822e-08	0.00032617133783279206	LEVEL_C_ATLAS_FDR	-0.0536	0.0311	NEGATIVE_EFFECT_PRODUCT	DIRECTION_CONCORDANT	CONDITIONAL	NO
TIER 2	POAG-STROKE	False	4	142808503	145021868	-0.0003809013220984	3.827662494948683e-07	0.0017427772635334	rs11100771	1.50447993017412e-07	0.0007636065210455518	LEVEL_C_ATLAS_FDR	0.0547	-0.0285	NEGATIVE_EFFECT_PRODUCT	DIRECTION_CONCORDANT	CONDITIONAL	NO
TIER 2	POAG-STROKE	False	4	142808503	145021868	-0.0003809013220984	3.827662494948683e-07	0.0017427772635334	rs7684847	2.05633168002893e-07	0.0009808816841051736	LEVEL_C_ATLAS_FDR	0.0547	-0.0283	NEGATIVE_EFFECT_PRODUCT	DIRECTION_CONCORDANT	CONDITIONAL	NO
TIER 2	POAG-STROKE	False	4	142808503	145021868	-0.0003809013220984	3.827662494948683e-07	0.0017427772635334	rs7666785	1.52114674128192e-08	0.00011715461117099769	LEVEL_B_PAIRWISE_GWAS	-0.0544	0.0335	NEGATIVE_EFFECT_PRODUCT	DIRECTION_CONCORDANT	CONDITIONAL	NO
TIER 2	POAG-STROKE	False	4	142808503	145021868	-0.0003809013220984	3.827662494948683e-07	0.0017427772635334	rs4337690	1.76209816368544e-07	0.0008664354711596873	LEVEL_C_ATLAS_FDR	0.0547	-0.0282	NEGATIVE_EFFECT_PRODUCT	DIRECTION_CONCORDANT	CONDITIONAL	NO
TIER 2	POAG-STROKE	False	4	142808503	145021868	-0.0003809013220984	3.827662494948683e-07	0.0017427772635334	rs11100775	7.71060676519184e-07	0.002918737600969275	LEVEL_C_ATLAS_FDR	0.0498	-0.0304	NEGATIVE_EFFECT_PRODUCT	DIRECTION_CONCORDANT	CONDITIONAL	NO
TIER 2	POAG-STROKE	False	4	142808503	145021868	-0.0003809013220984	3.827662494948683e-07	0.0017427772635334	rs7670439	1.30670732396507e-08	0.00010264319391366604	LEVEL_B_PAIRWISE_GWAS	-0.0564	0.0319	NEGATIVE_EFFECT_PRODUCT	DIRECTION_CONCORDANT	CONDITIONAL	NO
TIER 2	POAG-STROKE	False	4	142808503	145021868	-0.0003809013220984	3.827662494948683e-07	0.0017427772635334	rs4132266	8.60769982308798e-08	0.0004812948768013591	LEVEL_C_ATLAS_FDR	0.0567	-0.0287	NEGATIVE_EFFECT_PRODUCT	DIRECTION_CONCORDANT	CONDITIONAL	NO
TIER 2	POAG-STROKE	False	4	142808503	145021868	-0.0003809013220984	3.827662494948683e-07	0.0017427772635334	rs11100780	2.23418778022257e-07	0.0010517012074044028	LEVEL_C_ATLAS_FDR	0.056	-0.0269	NEGATIVE_EFFECT_PRODUCT	DIRECTION_CONCORDANT	CONDITIONAL	NO
TIER 2	POAG-STROKE	False	4	142808503	145021868	-0.0003809013220984	3.827662494948683e-07	0.0017427772635334	rs9998017	4.67307234082257e-07	0.0019313045181645603	LEVEL_C_ATLAS_FDR	-0.0539	0.0315	NEGATIVE_EFFECT_PRODUCT	DIRECTION_CONCORDANT	CONDITIONAL	NO
TIER 2	POAG-STROKE	False	4	142808503	145021868	-0.0003809013220984	3.827662494948683e-07	0.0017427772635334	rs13137565	5.89967976181244e-07	0.002349801592422967	LEVEL_C_ATLAS_FDR	0.0541	-0.0297	NEGATIVE_EFFECT_PRODUCT	DIRECTION_CONCORDANT	CONDITIONAL	NO
TIER 2	POAG-STROKE	False	4	142808503	145021868	-0.0003809013220984	3.827662494948683e-07	0.0017427772635334	rs10155434	6.76032860394229e-07	0.0026222200397826483	LEVEL_C_ATLAS_FDR	0.0538	-0.0288	NEGATIVE_EFFECT_PRODUCT	DIRECTION_CONCORDANT	CONDITIONAL	NO
TIER 2	POAG-STROKE	False	4	142808503	145021868	-0.0003809013220984	3.827662494948683e-07	0.0017427772635334	rs4234886	1.17064572555104e-07	0.0006227140403331512	LEVEL_C_ATLAS_FDR	0.0566	-0.0274	NEGATIVE_EFFECT_PRODUCT	DIRECTION_CONCORDANT	CONDITIONAL	NO
TIER 2	POAG-STROKE	False	4	142808503	145021868	-0.0003809013220984	3.827662494948683e-07	0.0017427772635334	rs4285045	3.40719306982467e-07	0.0014796628306400692	LEVEL_C_ATLAS_FDR	0.0511	-0.0338	NEGATIVE_EFFECT_PRODUCT	DIRECTION_CONCORDANT	CONDITIONAL	NO
TIER 2	POAG-STROKE	False	4	142808503	145021868	-0.0003809013220984	3.827662494948683e-07	0.0017427772635334	rs10000911	5.91303852301249e-07	0.002353262963163249	LEVEL_C_ATLAS_FDR	-0.0511	0.0329	NEGATIVE_EFFECT_PRODUCT	DIRECTION_CONCORDANT	CONDITIONAL	NO
TIER 2	POAG-STROKE	False	4	142808503	145021868	-0.0003809013220984	3.827662494948683e-07	0.0017427772635334	rs11725565	3.24841252665172e-08	0.0002237260081502508	LEVEL_B_PAIRWISE_GWAS	-0.055	0.0308	NEGATIVE_EFFECT_PRODUCT	DIRECTION_CONCORDANT	CONDITIONAL	NO
TIER 2	POAG-STROKE	False	4	142808503	145021868	-0.0003809013220984	3.827662494948683e-07	0.0017427772635334	rs11724872	2.63592102237287e-07	0.0012062925406541366	LEVEL_C_ATLAS_FDR	0.0548	-0.027	NEGATIVE_EFFECT_PRODUCT	DIRECTION_CONCORDANT	CONDITIONAL	NO
TIER 2	POAG-STROKE	False	4	142808503	145021868	-0.0003809013220984	3.827662494948683e-07	0.0017427772635334	rs1440418	1.5224310762545e-06	0.005090662238695601	LEVEL_C_ATLAS_FDR	-0.051	0.0303	NEGATIVE_EFFECT_PRODUCT	DIRECTION_CONCORDANT	CONDITIONAL	NO
TIER 2	POAG-STROKE	False	4	142808503	145021868	-0.0003809013220984	3.827662494948683e-07	0.0017427772635334	rs300934	2.67365232833456e-06	0.00785515881784739	LEVEL_C_ATLAS_FDR	-0.0475	0.0307	NEGATIVE_EFFECT_PRODUCT	DIRECTION_CONCORDANT	CONDITIONAL	NO
TIER 2	POAG-STROKE	False	4	142808503	145021868	-0.0003809013220984	3.827662494948683e-07	0.0017427772635334	rs10033104	3.23631699397969e-06	0.008999283157466701	LEVEL_C_ATLAS_FDR	-0.0481	0.0277	NEGATIVE_EFFECT_PRODUCT	DIRECTION_CONCORDANT	CONDITIONAL	NO
TIER 2	POAG-STROKE	False	4	142808503	145021868	-0.0003809013220984	3.827662494948683e-07	0.0017427772635334	rs1470130	4.56617039702771e-08	0.00028845498434853075	LEVEL_B_PAIRWISE_GWAS	-0.0553	0.0302	NEGATIVE_EFFECT_PRODUCT	DIRECTION_CONCORDANT	CONDITIONAL	NO
TIER 2	POAG-STROKE	False	4	142808503	145021868	-0.0003809013220984	3.827662494948683e-07	0.0017427772635334	rs10519678	5.69368267517954e-08	0.0003445561055461976	LEVEL_C_ATLAS_FDR	0.0545	-0.0298	NEGATIVE_EFFECT_PRODUCT	DIRECTION_CONCORDANT	CONDITIONAL	NO
TIER 2	POAG-STROKE	False	4	142808503	145021868	-0.0003809013220984	3.827662494948683e-07	0.0017427772635334	rs300925	2.11442286809113e-06	0.006594357934647566	LEVEL_C_ATLAS_FDR	0.0491	-0.0281	NEGATIVE_EFFECT_PRODUCT	DIRECTION_CONCORDANT	CONDITIONAL	NO
TIER 2	POAG-STROKE	False	4	142808503	145021868	-0.0003809013220984	3.827662494948683e-07	0.0017427772635334	rs9308169	4.95005261161289e-08	0.0003078312041413114	LEVEL_B_PAIRWISE_GWAS	0.0563	-0.0291	NEGATIVE_EFFECT_PRODUCT	DIRECTION_CONCORDANT	CONDITIONAL	NO
TIER 2	POAG-STROKE	False	4	142808503	145021868	-0.0003809013220984	3.827662494948683e-07	0.0017427772635334	rs542555	1.93769119253983e-06	0.006155237152149005	LEVEL_C_ATLAS_FDR	-0.0498	0.0279	NEGATIVE_EFFECT_PRODUCT	DIRECTION_CONCORDANT	CONDITIONAL	NO
TIER 2	POAG-STROKE	False	4	142808503	145021868	-0.0003809013220984	3.827662494948683e-07	0.0017427772635334	rs6844866	1.14173569001375e-06	0.004007705485089846	LEVEL_C_ATLAS_FDR	-0.0486	0.0298	NEGATIVE_EFFECT_PRODUCT	DIRECTION_CONCORDANT	CONDITIONAL	NO
TIER 2	POAG-STROKE	False	4	142808503	145021868	-0.0003809013220984	3.827662494948683e-07	0.0017427772635334	rs763918	1.20280940786923e-06	0.0041860391529874395	LEVEL_C_ATLAS_FDR	-0.0494	0.0292	NEGATIVE_EFFECT_PRODUCT	DIRECTION_CONCORDANT	CONDITIONAL	NO
TIER 2	POAG-STROKE	False	4	142808503	145021868	-0.0003809013220984	3.827662494948683e-07	0.0017427772635334	rs724517	2.21321867247351e-08	0.0001626949888615503	LEVEL_B_PAIRWISE_GWAS	-0.0564	0.0305	NEGATIVE_EFFECT_PRODUCT	DIRECTION_CONCORDANT	CONDITIONAL	NO
TIER 2	POAG-STROKE	False	4	142808503	145021868	-0.0003809013220984	3.827662494948683e-07	0.0017427772635334	rs300951	8.27302398989522e-06	0.017496538947051114	LEVEL_C_ATLAS_FDR	-0.044	0.0275	NEGATIVE_EFFECT_PRODUCT	DIRECTION_CONCORDANT	CONDITIONAL	NO
TIER 2	POAG-STROKE	False	4	142808503	145021868	-0.0003809013220984	3.827662494948683e-07	0.0017427772635334	rs300943	4.47861239350911e-06	0.011385691512034612	LEVEL_C_ATLAS_FDR	-0.0439	0.0287	NEGATIVE_EFFECT_PRODUCT	DIRECTION_CONCORDANT	CONDITIONAL	NO
TIER 2	POAG-STROKE	False	4	142808503	145021868	-0.0003809013220984	3.827662494948683e-07	0.0017427772635334	rs12643013	1.90690595456604e-08	0.00014308676998591916	LEVEL_B_PAIRWISE_GWAS	-0.0571	0.0295	NEGATIVE_EFFECT_PRODUCT	DIRECTION_CONCORDANT	CONDITIONAL	NO
TIER 2	POAG-STROKE	False	4	142808503	145021868	-0.0003809013220984	3.827662494948683e-07	0.0017427772635334	rs13118846	4.41322019391023e-08	0.00028149643100344165	LEVEL_B_PAIRWISE_GWAS	0.0572	-0.028	NEGATIVE_EFFECT_PRODUCT	DIRECTION_CONCORDANT	CONDITIONAL	NO
TIER 2	POAG-STROKE	False	4	142808503	145021868	-0.0003809013220984	3.827662494948683e-07	0.0017427772635334	rs592349	1.10447539672979e-05	0.021450352045411437	LEVEL_C_ATLAS_FDR	0.0443	-0.0266	NEGATIVE_EFFECT_PRODUCT	DIRECTION_CONCORDANT	CONDITIONAL	NO
TIER 2	POAG-STROKE	False	4	142808503	145021868	-0.0003809013220984	3.827662494948683e-07	0.0017427772635334	rs6537153	1.55332924984954e-05	0.027278504861218904	LEVEL_C_ATLAS_FDR	-0.0419	0.0248	NEGATIVE_EFFECT_PRODUCT	DIRECTION_CONCORDANT	CONDITIONAL	NO
TIER 2	POAG-STROKE	False	4	142808503	145021868	-0.0003809013220984	3.827662494948683e-07	0.0017427772635334	rs300904	1.8222355658524e-06	0.005864350732640135	LEVEL_C_ATLAS_FDR	-0.0522	0.024	NEGATIVE_EFFECT_PRODUCT	DIRECTION_CONCORDANT	CONDITIONAL	NO
TIER 2	POAG-STROKE	False	4	142808503	145021868	-0.0003809013220984	3.827662494948683e-07	0.0017427772635334	rs300905	5.54568677864638e-06	0.01326946946795288	LEVEL_C_ATLAS_FDR	-0.0512	0.0223	NEGATIVE_EFFECT_PRODUCT	DIRECTION_CONCORDANT	CONDITIONAL	NO
TIER 2	POAG-STROKE	False	4	142808503	145021868	-0.0003809013220984	3.827662494948683e-07	0.0017427772635334	rs300895	9.87016455697741e-06	0.01987182597133429	LEVEL_C_ATLAS_FDR	-0.049	0.0223	NEGATIVE_EFFECT_PRODUCT	DIRECTION_CONCORDANT	CONDITIONAL	NO
TIER 2	POAG-STROKE	False	4	142808503	145021868	-0.0003809013220984	3.827662494948683e-07	0.0017427772635334	rs300893	7.6189819927648e-06	0.016525105396296296	LEVEL_C_ATLAS_FDR	0.0495	-0.0226	NEGATIVE_EFFECT_PRODUCT	DIRECTION_CONCORDANT	CONDITIONAL	NO
TIER 2	POAG-STROKE	False	4	142808503	145021868	-0.0003809013220984	3.827662494948683e-07	0.0017427772635334	rs300919	2.59534974956603e-06	0.007682840825568154	LEVEL_C_ATLAS_FDR	-0.0507	0.0242	NEGATIVE_EFFECT_PRODUCT	DIRECTION_CONCORDANT	CONDITIONAL	NO
TIER 2	POAG-STROKE	False	4	142808503	145021868	-0.0003809013220984	3.827662494948683e-07	0.0017427772635334	rs300915	1.86381814022588e-06	0.005972148867608798	LEVEL_C_ATLAS_FDR	-0.047	0.029	NEGATIVE_EFFECT_PRODUCT	DIRECTION_CONCORDANT	CONDITIONAL	NO
TIER 2	POAG-STROKE	False	4	142808503	145021868	-0.0003809013220984	3.827662494948683e-07	0.0017427772635334	rs300913	1.2322632251685e-06	0.004270561747606681	LEVEL_C_ATLAS_FDR	0.0463	-0.03	NEGATIVE_EFFECT_PRODUCT	DIRECTION_CONCORDANT	CONDITIONAL	NO
TIER 2	POAG-STROKE	False	4	142808503	145021868	-0.0003809013220984	3.827662494948683e-07	0.0017427772635334	rs300912	1.09049366935541e-07	0.0005879603097326733	LEVEL_C_ATLAS_FDR	0.0546	-0.0281	NEGATIVE_EFFECT_PRODUCT	DIRECTION_CONCORDANT	CONDITIONAL	NO
TIER 2	POAG-STROKE	False	4	142808503	145021868	-0.0003809013220984	3.827662494948683e-07	0.0017427772635334	rs3805256	1.14296797024872e-05	0.021957140251818368	LEVEL_C_ATLAS_FDR	-0.0373	0.0289	NEGATIVE_EFFECT_PRODUCT	DIRECTION_CONCORDANT	CONDITIONAL	NO
TIER 2	POAG-STROKE	False	4	142808503	145021868	-0.0003809013220984	3.827662494948683e-07	0.0017427772635334	rs2055730	1.83104376794661e-05	0.030608540638409478	LEVEL_C_ATLAS_FDR	0.0351	-0.0318	NEGATIVE_EFFECT_PRODUCT	DIRECTION_CONCORDANT	CONDITIONAL	NO
TIER 2	POAG-STROKE	False	4	142808503	145021868	-0.0003809013220984	3.827662494948683e-07	0.0017427772635334	rs1472873	3.4180510585323e-05	0.04691734458774167	LEVEL_C_ATLAS_FDR	0.0346	-0.0303	NEGATIVE_EFFECT_PRODUCT	DIRECTION_CONCORDANT	CONDITIONAL	NO
TIER 2	POAG-STROKE	False	4	142808503	145021868	-0.0003809013220984	3.827662494948683e-07	0.0017427772635334	rs3805253	1.40226630353003e-05	0.025410394272273224	LEVEL_C_ATLAS_FDR	0.0393	-0.0267	NEGATIVE_EFFECT_PRODUCT	DIRECTION_CONCORDANT	CONDITIONAL	NO
TIER 2	POAG-STROKE	False	4	142808503	145021868	-0.0003809013220984	3.827662494948683e-07	0.0017427772635334	rs6537155	1.05137904344733e-05	0.020726459414422145	LEVEL_C_ATLAS_FDR	-0.0392	0.0275	NEGATIVE_EFFECT_PRODUCT	DIRECTION_CONCORDANT	CONDITIONAL	NO
TIER 2	POAG-STROKE	False	4	142808503	145021868	-0.0003809013220984	3.827662494948683e-07	0.0017427772635334	rs3805251	8.3577764281305e-06	0.017612383325772116	LEVEL_C_ATLAS_FDR	-0.0389	0.0283	NEGATIVE_EFFECT_PRODUCT	DIRECTION_CONCORDANT	CONDITIONAL	NO
TIER 2	POAG-STROKE	False	4	142808503	145021868	-0.0003809013220984	3.827662494948683e-07	0.0017427772635334	rs3805247	1.84029004979927e-05	0.030734983044869667	LEVEL_C_ATLAS_FDR	-0.0373	0.0295	NEGATIVE_EFFECT_PRODUCT	DIRECTION_CONCORDANT	CONDITIONAL	NO
TIER 2	POAG-STROKE	False	4	142808503	145021868	-0.0003809013220984	3.827662494948683e-07	0.0017427772635334	rs3828513	2.18426477104723e-05	0.0346207921078087	LEVEL_C_ATLAS_FDR	-0.0339	0.0326	NEGATIVE_EFFECT_PRODUCT	DIRECTION_CONCORDANT	CONDITIONAL	NO
TIER 2	POAG-STROKE	False	4	142808503	145021868	-0.0003809013220984	3.827662494948683e-07	0.0017427772635334	rs13123498	2.6971945528585e-05	0.0399617189319499	LEVEL_C_ATLAS_FDR	-0.0406	0.0259	NEGATIVE_EFFECT_PRODUCT	DIRECTION_CONCORDANT	CONDITIONAL	NO
TIER 2	AMD-CKD	True	7	104158491	105425027	-0.0004883119291701	4.551744122535713e-06	0.0109718453325452	rs6966728	3.78156943782444e-07	0.0016127864446326683	LEVEL_C_ATLAS_FDR	0.120403	-0.0215	NEGATIVE_EFFECT_PRODUCT	DIRECTION_CONCORDANT	CONDITIONAL	NO
TIER 2	AMD-CKD	True	7	104158491	105425027	-0.0004883119291701	4.551744122535713e-06	0.0109718453325452	rs888086	1.64398131618824e-06	0.005409040727697258	LEVEL_C_ATLAS_FDR	0.121303	-0.0191	NEGATIVE_EFFECT_PRODUCT	DIRECTION_CONCORDANT	CONDITIONAL	NO
TIER 2	AMD-CKD	True	7	104158491	105425027	-0.0004883119291701	4.551744122535713e-06	0.0109718453325452	rs6976394	2.15120782232811e-06	0.006682064605053724	LEVEL_C_ATLAS_FDR	0.121253	-0.0187	NEGATIVE_EFFECT_PRODUCT	DIRECTION_CONCORDANT	CONDITIONAL	NO
TIER 2	AMD-CKD	True	7	104158491	105425027	-0.0004883119291701	4.551744122535713e-06	0.0109718453325452	rs6980244	2.46633441455652e-06	0.0073974466804133665	LEVEL_C_ATLAS_FDR	0.119246	-0.0188	NEGATIVE_EFFECT_PRODUCT	DIRECTION_CONCORDANT	CONDITIONAL	NO
TIER 2	AMD-CKD	True	7	104158491	105425027	-0.0004883119291701	4.551744122535713e-06	0.0109718453325452	rs11978288	1.28974268735146e-06	0.0044362836922253925	LEVEL_C_ATLAS_FDR	0.119269	-0.0198	NEGATIVE_EFFECT_PRODUCT	DIRECTION_CONCORDANT	CONDITIONAL	NO
TIER 2	AMD-CKD	True	7	104158491	105425027	-0.0004883119291701	4.551744122535713e-06	0.0109718453325452	rs6466035	1.22218562836559e-06	0.004242413598739534	LEVEL_C_ATLAS_FDR	0.119056	-0.0199	NEGATIVE_EFFECT_PRODUCT	DIRECTION_CONCORDANT	CONDITIONAL	NO
TIER 2	AMD-CKD	True	7	104158491	105425027	-0.0004883119291701	4.551744122535713e-06	0.0109718453325452	rs6950894	1.12912767249331e-06	0.0039702123696085225	LEVEL_C_ATLAS_FDR	-0.119258	0.02	NEGATIVE_EFFECT_PRODUCT	DIRECTION_CONCORDANT	CONDITIONAL	NO
TIER 2	AMD-CKD	True	7	104158491	105425027	-0.0004883119291701	4.551744122535713e-06	0.0109718453325452	rs2192932	1.02333062554755e-05	0.020350773605662023	LEVEL_C_ATLAS_FDR	-0.124822	0.0171	NEGATIVE_EFFECT_PRODUCT	DIRECTION_CONCORDANT	CONDITIONAL	NO
TIER 2	AMD-CKD	True	7	104158491	105425027	-0.0004883119291701	4.551744122535713e-06	0.0109718453325452	rs10808141	1.07316318375081e-05	0.02103049409628536	LEVEL_C_ATLAS_FDR	0.123564	-0.0183	NEGATIVE_EFFECT_PRODUCT	DIRECTION_CONCORDANT	CONDITIONAL	NO
TIER 2	AMD-CKD	True	7	104158491	105425027	-0.0004883119291701	4.551744122535713e-06	0.0109718453325452	rs2097942	2.23399317363131e-06	0.006875227583045061	LEVEL_C_ATLAS_FDR	0.117295	-0.0193	NEGATIVE_EFFECT_PRODUCT	DIRECTION_CONCORDANT	CONDITIONAL	NO
TIER 2	AMD-CKD	True	7	104158491	105425027	-0.0004883119291701	4.551744122535713e-06	0.0109718453325452	rs7797912	3.82587917185904e-06	0.010156839174260338	LEVEL_C_ATLAS_FDR	0.125222	-0.0198	NEGATIVE_EFFECT_PRODUCT	DIRECTION_CONCORDANT	CONDITIONAL	NO
TIER 2	AMD-CKD	True	7	104158491	105425027	-0.0004883119291701	4.551744122535713e-06	0.0109718453325452	rs6950620	2.76750785711918e-06	0.008048332055456802	LEVEL_C_ATLAS_FDR	0.125994	-0.0192	NEGATIVE_EFFECT_PRODUCT	DIRECTION_CONCORDANT	CONDITIONAL	NO
TIER 2	AMD-CKD	True	7	104158491	105425027	-0.0004883119291701	4.551744122535713e-06	0.0109718453325452	rs2299304	5.45987119244349e-06	0.01313356257099675	LEVEL_C_ATLAS_FDR	0.126797	-0.018	NEGATIVE_EFFECT_PRODUCT	DIRECTION_CONCORDANT	CONDITIONAL	NO
TIER 2	AMD-CKD	True	7	104158491	105425027	-0.0004883119291701	4.551744122535713e-06	0.0109718453325452	rs2299305	9.81274031379926e-06	0.019792938218320146	LEVEL_C_ATLAS_FDR	-0.108807	0.0184	NEGATIVE_EFFECT_PRODUCT	DIRECTION_CONCORDANT	CONDITIONAL	NO
TIER 2	AMD-CKD	True	7	104158491	105425027	-0.0004883119291701	4.551744122535713e-06	0.0109718453325452	rs10487150	1.05065588802745e-05	0.02071835632081424	LEVEL_C_ATLAS_FDR	0.118495	-0.0183	NEGATIVE_EFFECT_PRODUCT	DIRECTION_CONCORDANT	CONDITIONAL	NO
TIER 2	AMD-CKD	True	7	104158491	105425027	-0.0004883119291701	4.551744122535713e-06	0.0109718453325452	rs10238507	1.03134965692825e-05	0.02045825233498926	LEVEL_C_ATLAS_FDR	0.116126	-0.0187	NEGATIVE_EFFECT_PRODUCT	DIRECTION_CONCORDANT	CONDITIONAL	NO
TIER 2	AMD-CKD	True	7	104158491	105425027	-0.0004883119291701	4.551744122535713e-06	0.0109718453325452	rs10266871	4.70781144110636e-06	0.011804964210720643	LEVEL_C_ATLAS_FDR	0.11541	-0.0204	NEGATIVE_EFFECT_PRODUCT	DIRECTION_CONCORDANT	CONDITIONAL	NO
TIER 2	AMD-CKD	True	7	104158491	105425027	-0.0004883119291701	4.551744122535713e-06	0.0109718453325452	rs6943183	2.51193577543197e-06	0.007502456634685839	LEVEL_C_ATLAS_FDR	0.116336	-0.0211	NEGATIVE_EFFECT_PRODUCT	DIRECTION_CONCORDANT	CONDITIONAL	NO
TIER 2	AMD-CKD	True	7	104158491	105425027	-0.0004883119291701	4.551744122535713e-06	0.0109718453325452	rs2299308	4.86662265621134e-06	0.012100911618131843	LEVEL_C_ATLAS_FDR	0.109477	-0.0222	NEGATIVE_EFFECT_PRODUCT	DIRECTION_CONCORDANT	CONDITIONAL	NO
TIER 2	AMD-CKD	True	7	104158491	105425027	-0.0004883119291701	4.551744122535713e-06	0.0109718453325452	rs3779210	5.71881286710799e-06	0.013564037835595556	LEVEL_C_ATLAS_FDR	0.113271	-0.0203	NEGATIVE_EFFECT_PRODUCT	DIRECTION_CONCORDANT	CONDITIONAL	NO
TIER 2	AMD-CKD	True	7	104158491	105425027	-0.0004883119291701	4.551744122535713e-06	0.0109718453325452	rs1010340	6.29957399884303e-06	0.014511175099697632	LEVEL_C_ATLAS_FDR	-0.107988	0.0193	NEGATIVE_EFFECT_PRODUCT	DIRECTION_CONCORDANT	CONDITIONAL	NO
TIER 2	AMD-CKD	True	7	104158491	105425027	-0.0004883119291701	4.551744122535713e-06	0.0109718453325452	rs6974874	4.37354830803825e-06	0.011184122536462216	LEVEL_C_ATLAS_FDR	-0.11105	0.0194	NEGATIVE_EFFECT_PRODUCT	DIRECTION_CONCORDANT	CONDITIONAL	NO
TIER 2	AMD-CKD	True	7	104158491	105425027	-0.0004883119291701	4.551744122535713e-06	0.0109718453325452	rs6949073	4.4969023541004e-06	0.011421314659926643	LEVEL_C_ATLAS_FDR	-0.109521	0.0196	NEGATIVE_EFFECT_PRODUCT	DIRECTION_CONCORDANT	CONDITIONAL	NO
TIER 2	AMD-CKD	True	7	104158491	105425027	-0.0004883119291701	4.551744122535713e-06	0.0109718453325452	rs3801285	2.34226030899759e-06	0.007123791097764866	LEVEL_C_ATLAS_FDR	0.116217	-0.0213	NEGATIVE_EFFECT_PRODUCT	DIRECTION_CONCORDANT	CONDITIONAL	NO
TIER 2	AMD-CKD	True	7	104158491	105425027	-0.0004883119291701	4.551744122535713e-06	0.0109718453325452	rs7796945	2.13696924288607e-06	0.006645016058291823	LEVEL_C_ATLAS_FDR	-0.109804	0.0208	NEGATIVE_EFFECT_PRODUCT	DIRECTION_CONCORDANT	CONDITIONAL	NO
TIER 2	AMD-CKD	True	7	104158491	105425027	-0.0004883119291701	4.551744122535713e-06	0.0109718453325452	rs17640508	3.45635682851415e-06	0.009435338081757583	LEVEL_C_ATLAS_FDR	-0.108105	0.0203	NEGATIVE_EFFECT_PRODUCT	DIRECTION_CONCORDANT	CONDITIONAL	NO
TIER 2	AMD-CKD	True	7	104158491	105425027	-0.0004883119291701	4.551744122535713e-06	0.0109718453325452	rs6972563	3.45317864931843e-06	0.009430194277972858	LEVEL_C_ATLAS_FDR	-0.108648	0.0202	NEGATIVE_EFFECT_PRODUCT	DIRECTION_CONCORDANT	CONDITIONAL	NO
TIER 2	AMD-CKD	True	7	104158491	105425027	-0.0004883119291701	4.551744122535713e-06	0.0109718453325452	rs41562	7.39778632282172e-06	0.01617878716675563	LEVEL_C_ATLAS_FDR	0.11385	-0.0199	NEGATIVE_EFFECT_PRODUCT	DIRECTION_CONCORDANT	CONDITIONAL	NO
TIER 2	AMD-CKD	True	7	104158491	105425027	-0.0004883119291701	4.551744122535713e-06	0.0109718453325452	rs41563	3.09560334137868e-06	0.008721178648041634	LEVEL_C_ATLAS_FDR	0.118608	-0.0217	NEGATIVE_EFFECT_PRODUCT	DIRECTION_CONCORDANT	CONDITIONAL	NO
TIER 2	AMD-CKD	True	7	104158491	105425027	-0.0004883119291701	4.551744122535713e-06	0.0109718453325452	rs4730073	1.78321902398951e-05	0.030074121398377507	LEVEL_C_ATLAS_FDR	-0.119151	0.0183	NEGATIVE_EFFECT_PRODUCT	DIRECTION_CONCORDANT	CONDITIONAL	NO
TIER 2	AMD-CKD	True	7	104158491	105425027	-0.0004883119291701	4.551744122535713e-06	0.0109718453325452	rs12154942	1.26757151471155e-05	0.02366076418419383	LEVEL_C_ATLAS_FDR	-0.107976	0.0192	NEGATIVE_EFFECT_PRODUCT	DIRECTION_CONCORDANT	CONDITIONAL	NO
TIER 2	AMD-CKD	True	7	104158491	105425027	-0.0004883119291701	4.551744122535713e-06	0.0109718453325452	rs7794036	5.02304246515667e-06	0.012383304541855551	LEVEL_C_ATLAS_FDR	-0.105935	0.0201	NEGATIVE_EFFECT_PRODUCT	DIRECTION_CONCORDANT	CONDITIONAL	NO
TIER 2	AMD-CKD	True	7	104158491	105425027	-0.0004883119291701	4.551744122535713e-06	0.0109718453325452	rs2299319	7.80756348715353e-07	0.002949436359632241	LEVEL_C_ATLAS_FDR	-0.11529	0.0238	NEGATIVE_EFFECT_PRODUCT	DIRECTION_CONCORDANT	CONDITIONAL	NO
TIER 2	AMD-CKD	True	7	104158491	105425027	-0.0004883119291701	4.551744122535713e-06	0.0109718453325452	rs3801282	7.62676402956854e-07	0.002895747224556871	LEVEL_C_ATLAS_FDR	-0.114497	0.024	NEGATIVE_EFFECT_PRODUCT	DIRECTION_CONCORDANT	CONDITIONAL	NO
TIER 2	AMD-CKD	True	7	104158491	105425027	-0.0004883119291701	4.551744122535713e-06	0.0109718453325452	rs12538590	5.50379413693236e-06	0.01319834396737675	LEVEL_C_ATLAS_FDR	-0.104014	0.02	NEGATIVE_EFFECT_PRODUCT	DIRECTION_CONCORDANT	CONDITIONAL	NO
TIER 2	AMD-CKD	True	7	104158491	105425027	-0.0004883119291701	4.551744122535713e-06	0.0109718453325452	rs6466051	6.10233444209147e-06	0.014190552558733081	LEVEL_C_ATLAS_FDR	-0.105704	0.0198	NEGATIVE_EFFECT_PRODUCT	DIRECTION_CONCORDANT	CONDITIONAL	NO
TIER 2	AMD-CKD	True	7	104158491	105425027	-0.0004883119291701	4.551744122535713e-06	0.0109718453325452	rs2079340	5.39701599734161e-06	0.013029257330891407	LEVEL_C_ATLAS_FDR	-0.106822	0.0198	NEGATIVE_EFFECT_PRODUCT	DIRECTION_CONCORDANT	CONDITIONAL	NO
TIER 2	AMD-CKD	True	7	104158491	105425027	-0.0004883119291701	4.551744122535713e-06	0.0109718453325452	rs2079341	5.25150848846648e-06	0.01278862952329888	LEVEL_C_ATLAS_FDR	-0.107688	0.0197	NEGATIVE_EFFECT_PRODUCT	DIRECTION_CONCORDANT	CONDITIONAL	NO
TIER 2	AMD-CKD	True	7	104158491	105425027	-0.0004883119291701	4.551744122535713e-06	0.0109718453325452	rs3801279	4.17981688688377e-06	0.010825078945995362	LEVEL_C_ATLAS_FDR	-0.106561	0.0203	NEGATIVE_EFFECT_PRODUCT	DIRECTION_CONCORDANT	CONDITIONAL	NO
TIER 2	AMD-CKD	True	7	104158491	105425027	-0.0004883119291701	4.551744122535713e-06	0.0109718453325452	rs3801278	9.65052628395441e-07	0.003498549708706372	LEVEL_C_ATLAS_FDR	-0.112647	0.024	NEGATIVE_EFFECT_PRODUCT	DIRECTION_CONCORDANT	CONDITIONAL	NO
TIER 2	AMD-CKD	True	7	104158491	105425027	-0.0004883119291701	4.551744122535713e-06	0.0109718453325452	rs917114	9.19526275247978e-07	0.0033651361655688073	LEVEL_C_ATLAS_FDR	-0.112607	0.0241	NEGATIVE_EFFECT_PRODUCT	DIRECTION_CONCORDANT	CONDITIONAL	NO
TIER 2	AMD-CKD	True	7	104158491	105425027	-0.0004883119291701	4.551744122535713e-06	0.0109718453325452	rs17640599	5.25991627580845e-06	0.012802791862514205	LEVEL_C_ATLAS_FDR	-0.107268	0.0198	NEGATIVE_EFFECT_PRODUCT	DIRECTION_CONCORDANT	CONDITIONAL	NO
TIER 2	AMD-CKD	True	7	104158491	105425027	-0.0004883119291701	4.551744122535713e-06	0.0109718453325452	rs7808226	2.85551230624284e-06	0.008229113748323816	LEVEL_C_ATLAS_FDR	-0.108097	0.0207	NEGATIVE_EFFECT_PRODUCT	DIRECTION_CONCORDANT	CONDITIONAL	NO
TIER 2	AMD-CKD	True	7	104158491	105425027	-0.0004883119291701	4.551744122535713e-06	0.0109718453325452	rs17640644	4.31407296796821e-06	0.011066700128800617	LEVEL_C_ATLAS_FDR	-0.10804	0.02	NEGATIVE_EFFECT_PRODUCT	DIRECTION_CONCORDANT	CONDITIONAL	NO
TIER 2	AMD-CKD	True	7	104158491	105425027	-0.0004883119291701	4.551744122535713e-06	0.0109718453325452	rs4406343	3.42601899837697e-06	0.00938434751646838	LEVEL_C_ATLAS_FDR	-0.108017	0.0204	NEGATIVE_EFFECT_PRODUCT	DIRECTION_CONCORDANT	CONDITIONAL	NO
TIER 2	AMD-CKD	True	7	104158491	105425027	-0.0004883119291701	4.551744122535713e-06	0.0109718453325452	rs1468359	5.02984842636596e-06	0.012393140935696594	LEVEL_C_ATLAS_FDR	-0.107189	0.0199	NEGATIVE_EFFECT_PRODUCT	DIRECTION_CONCORDANT	CONDITIONAL	NO
TIER 2	AMD-CKD	True	7	104158491	105425027	-0.0004883119291701	4.551744122535713e-06	0.0109718453325452	rs6963624	4.25773442817967e-06	0.010970792423488683	LEVEL_C_ATLAS_FDR	-0.108262	0.02	NEGATIVE_EFFECT_PRODUCT	DIRECTION_CONCORDANT	CONDITIONAL	NO
TIER 2	AMD-CKD	True	7	104158491	105425027	-0.0004883119291701	4.551744122535713e-06	0.0109718453325452	rs6466053	5.61855656934418e-07	0.002255981811380892	LEVEL_C_ATLAS_FDR	-0.113522	0.0248	NEGATIVE_EFFECT_PRODUCT	DIRECTION_CONCORDANT	CONDITIONAL	NO
TIER 2	AMD-CKD	True	7	104158491	105425027	-0.0004883119291701	4.551744122535713e-06	0.0109718453325452	rs6954844	3.90945756948749e-06	0.010314981960850457	LEVEL_C_ATLAS_FDR	-0.108523	0.0201	NEGATIVE_EFFECT_PRODUCT	DIRECTION_CONCORDANT	CONDITIONAL	NO
TIER 2	AMD-CKD	True	7	104158491	105425027	-0.0004883119291701	4.551744122535713e-06	0.0109718453325452	rs6466056	8.1967229624676e-07	0.003065971505058133	LEVEL_C_ATLAS_FDR	-0.109309	0.0249	NEGATIVE_EFFECT_PRODUCT	DIRECTION_CONCORDANT	CONDITIONAL	NO
TIER 2	AMD-CKD	True	7	104158491	105425027	-0.0004883119291701	4.551744122535713e-06	0.0109718453325452	rs2057884	9.04705436879086e-07	0.003319646944449685	LEVEL_C_ATLAS_FDR	-0.107305	0.0248	NEGATIVE_EFFECT_PRODUCT	DIRECTION_CONCORDANT	CONDITIONAL	NO
TIER 2	AMD-CKD	True	7	104158491	105425027	-0.0004883119291701	4.551744122535713e-06	0.0109718453325452	rs7790653	5.63429916871431e-06	0.013417678369749164	LEVEL_C_ATLAS_FDR	-0.105672	0.02	NEGATIVE_EFFECT_PRODUCT	DIRECTION_CONCORDANT	CONDITIONAL	NO
TIER 2	AMD-CKD	True	7	104158491	105425027	-0.0004883119291701	4.551744122535713e-06	0.0109718453325452	rs7805928	4.53612404506037e-06	0.011494018459042694	LEVEL_C_ATLAS_FDR	-0.107721	0.02	NEGATIVE_EFFECT_PRODUCT	DIRECTION_CONCORDANT	CONDITIONAL	NO
TIER 2	AMD-CKD	True	7	104158491	105425027	-0.0004883119291701	4.551744122535713e-06	0.0109718453325452	rs7780006	3.70000639455163e-06	0.009913051649099431	LEVEL_C_ATLAS_FDR	-0.108011	0.0203	NEGATIVE_EFFECT_PRODUCT	DIRECTION_CONCORDANT	CONDITIONAL	NO
TIER 2	AMD-CKD	True	7	104158491	105425027	-0.0004883119291701	4.551744122535713e-06	0.0109718453325452	rs12155351	3.89644307865519e-06	0.010287681419912	LEVEL_C_ATLAS_FDR	-0.106499	0.0205	NEGATIVE_EFFECT_PRODUCT	DIRECTION_CONCORDANT	CONDITIONAL	NO
TIER 2	AMD-CKD	True	7	104158491	105425027	-0.0004883119291701	4.551744122535713e-06	0.0109718453325452	rs12534381	3.52336602165229e-05	0.04788553774051878	LEVEL_C_ATLAS_FDR	-0.10142	0.0175	NEGATIVE_EFFECT_PRODUCT	DIRECTION_CONCORDANT	CONDITIONAL	NO
TIER 2	AMD-CKD	True	7	104158491	105425027	-0.0004883119291701	4.551744122535713e-06	0.0109718453325452	rs10241415	1.49269184172814e-05	0.026497768615923404	LEVEL_C_ATLAS_FDR	-0.104711	0.0207	NEGATIVE_EFFECT_PRODUCT	DIRECTION_CONCORDANT	CONDITIONAL	NO
TIER 2	AMD-CKD	True	7	104158491	105425027	-0.0004883119291701	4.551744122535713e-06	0.0109718453325452	rs6466057	6.17366010437889e-06	0.014307531896817218	LEVEL_C_ATLAS_FDR	-0.108462	0.0218	NEGATIVE_EFFECT_PRODUCT	DIRECTION_CONCORDANT	CONDITIONAL	NO
TIER 2	AMD-CKD	True	7	104158491	105425027	-0.0004883119291701	4.551744122535713e-06	0.0109718453325452	rs1204056	2.12014292000476e-06	0.006606261805723298	LEVEL_C_ATLAS_FDR	-0.112373	0.023	NEGATIVE_EFFECT_PRODUCT	DIRECTION_CONCORDANT	CONDITIONAL	NO
TIER 2	AMD-CKD	True	7	104158491	105425027	-0.0004883119291701	4.551744122535713e-06	0.0109718453325452	rs1204058	3.57031193300261e-06	0.009664788461636042	LEVEL_C_ATLAS_FDR	-0.111521	0.0222	NEGATIVE_EFFECT_PRODUCT	DIRECTION_CONCORDANT	CONDITIONAL	NO
TIER 2	AMD-CKD	True	7	104158491	105425027	-0.0004883119291701	4.551744122535713e-06	0.0109718453325452	rs10953475	2.36862068646634e-05	0.03658886618660981	LEVEL_C_ATLAS_FDR	-0.103818	0.0178	NEGATIVE_EFFECT_PRODUCT	DIRECTION_CONCORDANT	CONDITIONAL	NO
TIER 2	AMD-CKD	True	7	104158491	105425027	-0.0004883119291701	4.551744122535713e-06	0.0109718453325452	rs1204066	5.2922192343392e-06	0.012855840217421033	LEVEL_C_ATLAS_FDR	-0.111617	0.0216	NEGATIVE_EFFECT_PRODUCT	DIRECTION_CONCORDANT	CONDITIONAL	NO
TIER 2	AMD-CKD	True	7	104158491	105425027	-0.0004883119291701	4.551744122535713e-06	0.0109718453325452	rs2040914	2.69440818616517e-06	0.007891822318250922	LEVEL_C_ATLAS_FDR	-0.11236	0.0227	NEGATIVE_EFFECT_PRODUCT	DIRECTION_CONCORDANT	CONDITIONAL	NO
TIER 2	AMD-CKD	True	7	104158491	105425027	-0.0004883119291701	4.551744122535713e-06	0.0109718453325452	rs1204077	3.27429026427457e-06	0.009075069328430097	LEVEL_C_ATLAS_FDR	-0.110193	0.0228	NEGATIVE_EFFECT_PRODUCT	DIRECTION_CONCORDANT	CONDITIONAL	NO
TIER 2	AMD-CKD	True	7	104158491	105425027	-0.0004883119291701	4.551744122535713e-06	0.0109718453325452	rs12536794	1.85764313258369e-05	0.030935704229648926	LEVEL_C_ATLAS_FDR	-0.104948	0.0182	NEGATIVE_EFFECT_PRODUCT	DIRECTION_CONCORDANT	CONDITIONAL	NO
TIER 2	AMD-CKD	True	7	104158491	105425027	-0.0004883119291701	4.551744122535713e-06	0.0109718453325452	rs12334245	7.03168283724843e-06	0.015612790659568677	LEVEL_C_ATLAS_FDR	0.111114	-0.0211	NEGATIVE_EFFECT_PRODUCT	DIRECTION_CONCORDANT	CONDITIONAL	NO
TIER 2	AMD-CKD	True	7	104158491	105425027	-0.0004883119291701	4.551744122535713e-06	0.0109718453325452	rs7792628	1.92684091292025e-05	0.03173235967630789	LEVEL_C_ATLAS_FDR	-0.105982	0.018	NEGATIVE_EFFECT_PRODUCT	DIRECTION_CONCORDANT	CONDITIONAL	NO
TIER 2	AMD-CKD	True	7	104158491	105425027	-0.0004883119291701	4.551744122535713e-06	0.0109718453325452	rs17270450	1.70663271990637e-05	0.029136393939131942	LEVEL_C_ATLAS_FDR	-0.107828	0.0181	NEGATIVE_EFFECT_PRODUCT	DIRECTION_CONCORDANT	CONDITIONAL	NO
TIER 2	AMD-CKD	True	7	104158491	105425027	-0.0004883119291701	4.551744122535713e-06	0.0109718453325452	rs6466064	5.89689463867317e-06	0.013859804241416697	LEVEL_C_ATLAS_FDR	0.114759	-0.0209	NEGATIVE_EFFECT_PRODUCT	DIRECTION_CONCORDANT	CONDITIONAL	NO
TIER 2	AMD-CKD	True	7	104158491	105425027	-0.0004883119291701	4.551744122535713e-06	0.0109718453325452	rs4730082	9.55137324257754e-06	0.01941580957946157	LEVEL_C_ATLAS_FDR	0.115397	-0.0199	NEGATIVE_EFFECT_PRODUCT	DIRECTION_CONCORDANT	CONDITIONAL	NO
TIER 2	AMD-CKD	True	7	104158491	105425027	-0.0004883119291701	4.551744122535713e-06	0.0109718453325452	rs3801999	5.31329874989086e-06	0.012887618526922663	LEVEL_C_ATLAS_FDR	-0.114248	0.0222	NEGATIVE_EFFECT_PRODUCT	DIRECTION_CONCORDANT	CONDITIONAL	NO
TIER 2	AMD-T2D	True	7	104158491	105425027	0.0005962144578605	2.159171681024379e-05	0.0268116779227324	rs4460308	6.93264988342342e-06	0.015455622044176569	LEVEL_C_ATLAS_FDR	0.0643744	0.0287	POSITIVE_EFFECT_PRODUCT	DIRECTION_CONCORDANT	CONDITIONAL	NO
TIER 2	AMD-T2D	True	7	104158491	105425027	0.0005962144578605	2.159171681024379e-05	0.0268116779227324	rs2470943	2.02567455493637e-05	0.03286343211155664	LEVEL_C_ATLAS_FDR	0.0860219	0.0192	POSITIVE_EFFECT_PRODUCT	DIRECTION_CONCORDANT	CONDITIONAL	NO
TIER 2	AMD-T2D	True	7	104158491	105425027	0.0005962144578605	2.159171681024379e-05	0.0268116779227324	rs7776707	5.91757805840331e-08	0.0003555739790543377	LEVEL_C_ATLAS_FDR	0.115597	0.0231	POSITIVE_EFFECT_PRODUCT	DIRECTION_CONCORDANT	CONDITIONAL	NO
TIER 2	AMD-T2D	True	7	104158491	105425027	0.0005962144578605	2.159171681024379e-05	0.0268116779227324	rs6966728	1.26556438419664e-07	0.0006633930258631979	LEVEL_C_ATLAS_FDR	0.120403	0.0198	POSITIVE_EFFECT_PRODUCT	DIRECTION_CONCORDANT	CONDITIONAL	NO
TIER 2	AMD-T2D	True	7	104158491	105425027	0.0005962144578605	2.159171681024379e-05	0.0268116779227324	rs888086	2.10015504600599e-07	0.0009990399275020686	LEVEL_C_ATLAS_FDR	0.121303	0.0184	POSITIVE_EFFECT_PRODUCT	DIRECTION_CONCORDANT	CONDITIONAL	NO
TIER 2	AMD-T2D	True	7	104158491	105425027	0.0005962144578605	2.159171681024379e-05	0.0268116779227324	rs6976394	2.88958731738281e-07	0.0012945595834595715	LEVEL_C_ATLAS_FDR	0.121253	0.018	POSITIVE_EFFECT_PRODUCT	DIRECTION_CONCORDANT	CONDITIONAL	NO
TIER 2	AMD-T2D	True	7	104158491	105425027	0.0005962144578605	2.159171681024379e-05	0.0268116779227324	rs6980244	2.67300233891941e-07	0.001219564203415609	LEVEL_C_ATLAS_FDR	0.119246	0.0184	POSITIVE_EFFECT_PRODUCT	DIRECTION_CONCORDANT	CONDITIONAL	NO
TIER 2	AMD-T2D	True	7	104158491	105425027	0.0005962144578605	2.159171681024379e-05	0.0268116779227324	rs11978288	2.47658625600469e-07	0.0011462201231495063	LEVEL_C_ATLAS_FDR	0.119269	0.0185	POSITIVE_EFFECT_PRODUCT	DIRECTION_CONCORDANT	CONDITIONAL	NO
TIER 2	AMD-T2D	True	7	104158491	105425027	0.0005962144578605	2.159171681024379e-05	0.0268116779227324	rs6466035	2.32125498132565e-07	0.001086498075111403	LEVEL_C_ATLAS_FDR	0.119056	0.0186	POSITIVE_EFFECT_PRODUCT	DIRECTION_CONCORDANT	CONDITIONAL	NO
TIER 2	AMD-T2D	True	7	104158491	105425027	0.0005962144578605	2.159171681024379e-05	0.0268116779227324	rs6950894	2.46769158064123e-07	0.0011436283039916936	LEVEL_C_ATLAS_FDR	-0.119258	-0.0185	POSITIVE_EFFECT_PRODUCT	DIRECTION_CONCORDANT	CONDITIONAL	NO
TIER 2	AMD-T2D	True	7	104158491	105425027	0.0005962144578605	2.159171681024379e-05	0.0268116779227324	rs2192932	8.03808099906372e-08	0.00045501536866091995	LEVEL_C_ATLAS_FDR	-0.124822	-0.0203	POSITIVE_EFFECT_PRODUCT	DIRECTION_CONCORDANT	CONDITIONAL	NO
TIER 2	AMD-T2D	True	7	104158491	105425027	0.0005962144578605	2.159171681024379e-05	0.0268116779227324	rs10808141	1.37915871573566e-07	0.0007129253622690491	LEVEL_C_ATLAS_FDR	0.123564	0.02	POSITIVE_EFFECT_PRODUCT	DIRECTION_CONCORDANT	CONDITIONAL	NO
TIER 2	AMD-T2D	True	7	104158491	105425027	0.0005962144578605	2.159171681024379e-05	0.0268116779227324	rs2097942	5.04260663739205e-07	0.002059748513117617	LEVEL_C_ATLAS_FDR	0.117295	0.0179	POSITIVE_EFFECT_PRODUCT	DIRECTION_CONCORDANT	CONDITIONAL	NO
TIER 2	AMD-T2D	True	7	104158491	105425027	0.0005962144578605	2.159171681024379e-05	0.0268116779227324	rs7797912	2.60177070035582e-07	0.001193811944645847	LEVEL_C_ATLAS_FDR	0.125222	0.0189	POSITIVE_EFFECT_PRODUCT	DIRECTION_CONCORDANT	CONDITIONAL	NO
TIER 2	AMD-T2D	True	7	104158491	105425027	0.0005962144578605	2.159171681024379e-05	0.0268116779227324	rs6950620	1.38561957857673e-07	0.0007158387495639763	LEVEL_C_ATLAS_FDR	0.125994	0.0205	POSITIVE_EFFECT_PRODUCT	DIRECTION_CONCORDANT	CONDITIONAL	NO
TIER 2	AMD-T2D	True	7	104158491	105425027	0.0005962144578605	2.159171681024379e-05	0.0268116779227324	rs2299304	1.9738757717557e-07	0.0009491284499268477	LEVEL_C_ATLAS_FDR	0.126797	0.0193	POSITIVE_EFFECT_PRODUCT	DIRECTION_CONCORDANT	CONDITIONAL	NO
TIER 2	AMD-T2D	True	7	104158491	105425027	0.0005962144578605	2.159171681024379e-05	0.0268116779227324	rs2299305	1.44070484048538e-06	0.004862353762630725	LEVEL_C_ATLAS_FDR	-0.108807	-0.0179	POSITIVE_EFFECT_PRODUCT	DIRECTION_CONCORDANT	CONDITIONAL	NO
TIER 2	AMD-T2D	True	7	104158491	105425027	0.0005962144578605	2.159171681024379e-05	0.0268116779227324	rs10487150	1.36515632593472e-07	0.0007067396178720794	LEVEL_C_ATLAS_FDR	0.118495	0.0223	POSITIVE_EFFECT_PRODUCT	DIRECTION_CONCORDANT	CONDITIONAL	NO
TIER 2	AMD-T2D	True	7	104158491	105425027	0.0005962144578605	2.159171681024379e-05	0.0268116779227324	rs10238507	3.99639844455944e-07	0.0016913163606732521	LEVEL_C_ATLAS_FDR	0.116126	0.0205	POSITIVE_EFFECT_PRODUCT	DIRECTION_CONCORDANT	CONDITIONAL	NO
TIER 2	AMD-T2D	True	7	104158491	105425027	0.0005962144578605	2.159171681024379e-05	0.0268116779227324	rs10266871	4.99408989785481e-07	0.002043778947547833	LEVEL_C_ATLAS_FDR	0.11541	0.02	POSITIVE_EFFECT_PRODUCT	DIRECTION_CONCORDANT	CONDITIONAL	NO
TIER 2	AMD-T2D	True	7	104158491	105425027	0.0005962144578605	2.159171681024379e-05	0.0268116779227324	rs6943183	3.37296858256642e-07	0.0014671862162355448	LEVEL_C_ATLAS_FDR	0.116336	0.0204	POSITIVE_EFFECT_PRODUCT	DIRECTION_CONCORDANT	CONDITIONAL	NO
TIER 2	AMD-T2D	True	7	104158491	105425027	0.0005962144578605	2.159171681024379e-05	0.0268116779227324	rs2299308	2.65865757473926e-07	0.0012142962302953482	LEVEL_C_ATLAS_FDR	0.109477	0.0216	POSITIVE_EFFECT_PRODUCT	DIRECTION_CONCORDANT	CONDITIONAL	NO
TIER 2	AMD-T2D	True	7	104158491	105425027	0.0005962144578605	2.159171681024379e-05	0.0268116779227324	rs3779210	3.00403425657609e-07	0.0013368605626648108	LEVEL_C_ATLAS_FDR	0.113271	0.021	POSITIVE_EFFECT_PRODUCT	DIRECTION_CONCORDANT	CONDITIONAL	NO
TIER 2	AMD-T2D	True	7	104158491	105425027	0.0005962144578605	2.159171681024379e-05	0.0268116779227324	rs1010340	1.70148983440275e-06	0.005559718028336692	LEVEL_C_ATLAS_FDR	-0.107988	-0.0178	POSITIVE_EFFECT_PRODUCT	DIRECTION_CONCORDANT	CONDITIONAL	NO
TIER 2	AMD-T2D	True	7	104158491	105425027	0.0005962144578605	2.159171681024379e-05	0.0268116779227324	rs6974874	1.62000483646257e-06	0.005344337141400726	LEVEL_C_ATLAS_FDR	-0.11105	-0.0174	POSITIVE_EFFECT_PRODUCT	DIRECTION_CONCORDANT	CONDITIONAL	NO
TIER 2	AMD-T2D	True	7	104158491	105425027	0.0005962144578605	2.159171681024379e-05	0.0268116779227324	rs6949073	1.64483382764753e-06	0.005410656085723827	LEVEL_C_ATLAS_FDR	-0.109521	-0.0176	POSITIVE_EFFECT_PRODUCT	DIRECTION_CONCORDANT	CONDITIONAL	NO
TIER 2	AMD-T2D	True	7	104158491	105425027	0.0005962144578605	2.159171681024379e-05	0.0268116779227324	rs3801285	1.3024274582186e-07	0.0006796371916977862	LEVEL_C_ATLAS_FDR	0.116217	0.0222	POSITIVE_EFFECT_PRODUCT	DIRECTION_CONCORDANT	CONDITIONAL	NO
TIER 2	AMD-T2D	True	7	104158491	105425027	0.0005962144578605	2.159171681024379e-05	0.0268116779227324	rs7796945	2.26884405656578e-06	0.0069523101770719185	LEVEL_C_ATLAS_FDR	-0.109804	-0.0171	POSITIVE_EFFECT_PRODUCT	DIRECTION_CONCORDANT	CONDITIONAL	NO
TIER 2	AMD-T2D	True	7	104158491	105425027	0.0005962144578605	2.159171681024379e-05	0.0268116779227324	rs17640508	1.67340075309972e-06	0.0054834870412318075	LEVEL_C_ATLAS_FDR	-0.108105	-0.0178	POSITIVE_EFFECT_PRODUCT	DIRECTION_CONCORDANT	CONDITIONAL	NO
TIER 2	AMD-T2D	True	7	104158491	105425027	0.0005962144578605	2.159171681024379e-05	0.0268116779227324	rs6972563	1.57188744684484e-06	0.005212847922145241	LEVEL_C_ATLAS_FDR	-0.108648	-0.0178	POSITIVE_EFFECT_PRODUCT	DIRECTION_CONCORDANT	CONDITIONAL	NO
TIER 2	AMD-T2D	True	7	104158491	105425027	0.0005962144578605	2.159171681024379e-05	0.0268116779227324	rs41562	2.39794903865419e-07	0.0011177236209649053	LEVEL_C_ATLAS_FDR	0.11385	0.0214	POSITIVE_EFFECT_PRODUCT	DIRECTION_CONCORDANT	CONDITIONAL	NO
TIER 2	AMD-T2D	True	7	104158491	105425027	0.0005962144578605	2.159171681024379e-05	0.0268116779227324	rs41563	4.38741799126096e-07	0.0018326681051453802	LEVEL_C_ATLAS_FDR	0.118608	0.0197	POSITIVE_EFFECT_PRODUCT	DIRECTION_CONCORDANT	CONDITIONAL	NO
TIER 2	AMD-T2D	True	7	104158491	105425027	0.0005962144578605	2.159171681024379e-05	0.0268116779227324	rs4730073	6.53607411311976e-07	0.002550053025155476	LEVEL_C_ATLAS_FDR	-0.119151	-0.0205	POSITIVE_EFFECT_PRODUCT	DIRECTION_CONCORDANT	CONDITIONAL	NO
TIER 2	AMD-T2D	True	7	104158491	105425027	0.0005962144578605	2.159171681024379e-05	0.0268116779227324	rs12154942	4.18769334340676e-06	0.01084062482493542	LEVEL_C_ATLAS_FDR	-0.107976	-0.0166	POSITIVE_EFFECT_PRODUCT	DIRECTION_CONCORDANT	CONDITIONAL	NO
TIER 2	AMD-T2D	True	7	104158491	105425027	0.0005962144578605	2.159171681024379e-05	0.0268116779227324	rs7794036	1.55998845404767e-06	0.005183291373639581	LEVEL_C_ATLAS_FDR	-0.105935	-0.0183	POSITIVE_EFFECT_PRODUCT	DIRECTION_CONCORDANT	CONDITIONAL	NO
TIER 2	AMD-T2D	True	7	104158491	105425027	0.0005962144578605	2.159171681024379e-05	0.0268116779227324	rs2299319	1.32556095730463e-07	0.0006892221237182038	LEVEL_C_ATLAS_FDR	-0.11529	-0.0225	POSITIVE_EFFECT_PRODUCT	DIRECTION_CONCORDANT	CONDITIONAL	NO
TIER 2	AMD-T2D	True	7	104158491	105425027	0.0005962144578605	2.159171681024379e-05	0.0268116779227324	rs3801282	1.46190303859721e-07	0.0007469110076135211	LEVEL_C_ATLAS_FDR	-0.114497	-0.0225	POSITIVE_EFFECT_PRODUCT	DIRECTION_CONCORDANT	CONDITIONAL	NO
TIER 2	AMD-T2D	True	7	104158491	105425027	0.0005962144578605	2.159171681024379e-05	0.0268116779227324	rs12538590	3.43265352295185e-06	0.009397683221234611	LEVEL_C_ATLAS_FDR	-0.104014	-0.0172	POSITIVE_EFFECT_PRODUCT	DIRECTION_CONCORDANT	CONDITIONAL	NO
TIER 2	AMD-T2D	True	7	104158491	105425027	0.0005962144578605	2.159171681024379e-05	0.0268116779227324	rs6466051	2.58103632662143e-06	0.007654831539186585	LEVEL_C_ATLAS_FDR	-0.105704	-0.0176	POSITIVE_EFFECT_PRODUCT	DIRECTION_CONCORDANT	CONDITIONAL	NO
TIER 2	AMD-T2D	True	7	104158491	105425027	0.0005962144578605	2.159171681024379e-05	0.0268116779227324	rs2079340	2.42699297869549e-06	0.0073116683276004445	LEVEL_C_ATLAS_FDR	-0.106822	-0.0175	POSITIVE_EFFECT_PRODUCT	DIRECTION_CONCORDANT	CONDITIONAL	NO
TIER 2	AMD-T2D	True	7	104158491	105425027	0.0005962144578605	2.159171681024379e-05	0.0268116779227324	rs2079341	2.7322789945208e-06	0.007968946975518643	LEVEL_C_ATLAS_FDR	-0.107688	-0.0172	POSITIVE_EFFECT_PRODUCT	DIRECTION_CONCORDANT	CONDITIONAL	NO
TIER 2	AMD-T2D	True	7	104158491	105425027	0.0005962144578605	2.159171681024379e-05	0.0268116779227324	rs3801279	2.69069913733255e-06	0.0078882986432902	LEVEL_C_ATLAS_FDR	-0.106561	-0.0174	POSITIVE_EFFECT_PRODUCT	DIRECTION_CONCORDANT	CONDITIONAL	NO
TIER 2	AMD-T2D	True	7	104158491	105425027	0.0005962144578605	2.159171681024379e-05	0.0268116779227324	rs3801278	1.04597481257471e-06	0.0037303564900596233	LEVEL_C_ATLAS_FDR	-0.112647	-0.0184	POSITIVE_EFFECT_PRODUCT	DIRECTION_CONCORDANT	CONDITIONAL	NO
TIER 2	AMD-T2D	True	7	104158491	105425027	0.0005962144578605	2.159171681024379e-05	0.0268116779227324	rs917114	1.05251976970773e-06	0.0037498456615092613	LEVEL_C_ATLAS_FDR	-0.112607	-0.0184	POSITIVE_EFFECT_PRODUCT	DIRECTION_CONCORDANT	CONDITIONAL	NO
TIER 2	AMD-T2D	True	7	104158491	105425027	0.0005962144578605	2.159171681024379e-05	0.0268116779227324	rs17640599	2.71288532562919e-06	0.007929131500437515	LEVEL_C_ATLAS_FDR	-0.107268	-0.0173	POSITIVE_EFFECT_PRODUCT	DIRECTION_CONCORDANT	CONDITIONAL	NO
TIER 2	AMD-T2D	True	7	104158491	105425027	0.0005962144578605	2.159171681024379e-05	0.0268116779227324	rs7808226	2.31172429648245e-06	0.0070544538489207085	LEVEL_C_ATLAS_FDR	-0.108097	-0.0174	POSITIVE_EFFECT_PRODUCT	DIRECTION_CONCORDANT	CONDITIONAL	NO
TIER 2	AMD-T2D	True	7	104158491	105425027	0.0005962144578605	2.159171681024379e-05	0.0268116779227324	rs17640644	2.32290620584434e-06	0.007081466503285456	LEVEL_C_ATLAS_FDR	-0.10804	-0.0174	POSITIVE_EFFECT_PRODUCT	DIRECTION_CONCORDANT	CONDITIONAL	NO
TIER 2	AMD-T2D	True	7	104158491	105425027	0.0005962144578605	2.159171681024379e-05	0.0268116779227324	rs4406343	2.67779184463218e-06	0.00786384910847305	LEVEL_C_ATLAS_FDR	-0.108017	-0.0172	POSITIVE_EFFECT_PRODUCT	DIRECTION_CONCORDANT	CONDITIONAL	NO
TIER 2	AMD-T2D	True	7	104158491	105425027	0.0005962144578605	2.159171681024379e-05	0.0268116779227324	rs1468359	2.75029534615851e-06	0.008007667838120196	LEVEL_C_ATLAS_FDR	-0.107189	-0.0173	POSITIVE_EFFECT_PRODUCT	DIRECTION_CONCORDANT	CONDITIONAL	NO
TIER 2	AMD-T2D	True	7	104158491	105425027	0.0005962144578605	2.159171681024379e-05	0.0268116779227324	rs6963624	2.29132701224512e-06	0.007001927516824575	LEVEL_C_ATLAS_FDR	-0.108262	-0.0174	POSITIVE_EFFECT_PRODUCT	DIRECTION_CONCORDANT	CONDITIONAL	NO
TIER 2	AMD-T2D	True	7	104158491	105425027	0.0005962144578605	2.159171681024379e-05	0.0268116779227324	rs6466053	8.20560873751521e-07	0.003068913006945578	LEVEL_C_ATLAS_FDR	-0.113522	-0.0189	POSITIVE_EFFECT_PRODUCT	DIRECTION_CONCORDANT	CONDITIONAL	NO
TIER 2	AMD-T2D	True	7	104158491	105425027	0.0005962144578605	2.159171681024379e-05	0.0268116779227324	rs6954844	2.22812111749566e-06	0.006862612646246155	LEVEL_C_ATLAS_FDR	-0.108523	-0.0174	POSITIVE_EFFECT_PRODUCT	DIRECTION_CONCORDANT	CONDITIONAL	NO
TIER 2	AMD-T2D	True	7	104158491	105425027	0.0005962144578605	2.159171681024379e-05	0.0268116779227324	rs6466056	2.42425307910181e-07	0.0011278640384512263	LEVEL_C_ATLAS_FDR	-0.109309	-0.022	POSITIVE_EFFECT_PRODUCT	DIRECTION_CONCORDANT	CONDITIONAL	NO
TIER 2	AMD-T2D	True	7	104158491	105425027	0.0005962144578605	2.159171681024379e-05	0.0268116779227324	rs2057884	2.7715143120755e-07	0.001255598567742285	LEVEL_C_ATLAS_FDR	-0.107305	-0.0222	POSITIVE_EFFECT_PRODUCT	DIRECTION_CONCORDANT	CONDITIONAL	NO
TIER 2	AMD-T2D	True	7	104158491	105425027	0.0005962144578605	2.159171681024379e-05	0.0268116779227324	rs7790653	2.86545907857938e-06	0.008250701505735142	LEVEL_C_ATLAS_FDR	-0.105672	-0.0175	POSITIVE_EFFECT_PRODUCT	DIRECTION_CONCORDANT	CONDITIONAL	NO
TIER 2	AMD-T2D	True	7	104158491	105425027	0.0005962144578605	2.159171681024379e-05	0.0268116779227324	rs7805928	2.2833133613746e-06	0.0069849016720519306	LEVEL_C_ATLAS_FDR	-0.107721	-0.0175	POSITIVE_EFFECT_PRODUCT	DIRECTION_CONCORDANT	CONDITIONAL	NO
TIER 2	AMD-T2D	True	7	104158491	105425027	0.0005962144578605	2.159171681024379e-05	0.0268116779227324	rs7780006	2.06559071209636e-06	0.006474639412923278	LEVEL_C_ATLAS_FDR	-0.108011	-0.0176	POSITIVE_EFFECT_PRODUCT	DIRECTION_CONCORDANT	CONDITIONAL	NO
TIER 2	AMD-T2D	True	7	104158491	105425027	0.0005962144578605	2.159171681024379e-05	0.0268116779227324	rs12155351	2.45497333075556e-06	0.007374202833618419	LEVEL_C_ATLAS_FDR	-0.106499	-0.0176	POSITIVE_EFFECT_PRODUCT	DIRECTION_CONCORDANT	CONDITIONAL	NO
TIER 2	AMD-T2D	True	7	104158491	105425027	0.0005962144578605	2.159171681024379e-05	0.0268116779227324	rs12534381	9.60938157479851e-06	0.01948502758959536	LEVEL_C_ATLAS_FDR	-0.10142	-0.0164	POSITIVE_EFFECT_PRODUCT	DIRECTION_CONCORDANT	CONDITIONAL	NO
TIER 2	AMD-T2D	True	7	104158491	105425027	0.0005962144578605	2.159171681024379e-05	0.0268116779227324	rs10241415	1.10941082192115e-06	0.003915161772024918	LEVEL_C_ATLAS_FDR	-0.104711	-0.021	POSITIVE_EFFECT_PRODUCT	DIRECTION_CONCORDANT	CONDITIONAL	NO
TIER 2	AMD-T2D	True	7	104158491	105425027	0.0005962144578605	2.159171681024379e-05	0.0268116779227324	rs6466057	1.03497694833184e-06	0.0036991150326917775	LEVEL_C_ATLAS_FDR	-0.108462	-0.0205	POSITIVE_EFFECT_PRODUCT	DIRECTION_CONCORDANT	CONDITIONAL	NO
TIER 2	AMD-T2D	True	7	104158491	105425027	0.0005962144578605	2.159171681024379e-05	0.0268116779227324	rs1204056	1.39666493159797e-06	0.004741379806307044	LEVEL_C_ATLAS_FDR	-0.112373	-0.0193	POSITIVE_EFFECT_PRODUCT	DIRECTION_CONCORDANT	CONDITIONAL	NO
TIER 2	AMD-T2D	True	7	104158491	105425027	0.0005962144578605	2.159171681024379e-05	0.0268116779227324	rs1204058	1.10905667238196e-06	0.003914309919521524	LEVEL_C_ATLAS_FDR	-0.111521	-0.0201	POSITIVE_EFFECT_PRODUCT	DIRECTION_CONCORDANT	CONDITIONAL	NO
TIER 2	AMD-T2D	True	7	104158491	105425027	0.0005962144578605	2.159171681024379e-05	0.0268116779227324	rs10953475	1.04031120096715e-05	0.020578394206386262	LEVEL_C_ATLAS_FDR	-0.103818	-0.0159	POSITIVE_EFFECT_PRODUCT	DIRECTION_CONCORDANT	CONDITIONAL	NO
TIER 2	AMD-T2D	True	7	104158491	105425027	0.0005962144578605	2.159171681024379e-05	0.0268116779227324	rs1204066	1.12959179532702e-06	0.003971442013925427	LEVEL_C_ATLAS_FDR	-0.111617	-0.0202	POSITIVE_EFFECT_PRODUCT	DIRECTION_CONCORDANT	CONDITIONAL	NO
TIER 2	AMD-T2D	True	7	104158491	105425027	0.0005962144578605	2.159171681024379e-05	0.0268116779227324	rs2040914	9.01286732730432e-07	0.003310251938987621	LEVEL_C_ATLAS_FDR	-0.11236	-0.0201	POSITIVE_EFFECT_PRODUCT	DIRECTION_CONCORDANT	CONDITIONAL	NO
TIER 2	AMD-T2D	True	7	104158491	105425027	0.0005962144578605	2.159171681024379e-05	0.0268116779227324	rs1204077	1.10451537635216e-06	0.0039010584016342864	LEVEL_C_ATLAS_FDR	-0.110193	-0.0205	POSITIVE_EFFECT_PRODUCT	DIRECTION_CONCORDANT	CONDITIONAL	NO
TIER 2	AMD-T2D	True	7	104158491	105425027	0.0005962144578605	2.159171681024379e-05	0.0268116779227324	rs12536794	5.55912619985937e-06	0.013291591561556189	LEVEL_C_ATLAS_FDR	-0.104948	-0.0168	POSITIVE_EFFECT_PRODUCT	DIRECTION_CONCORDANT	CONDITIONAL	NO
TIER 2	AMD-T2D	True	7	104158491	105425027	0.0005962144578605	2.159171681024379e-05	0.0268116779227324	rs12334245	1.70170626291187e-06	0.005559718028336692	LEVEL_C_ATLAS_FDR	0.111114	0.0193	POSITIVE_EFFECT_PRODUCT	DIRECTION_CONCORDANT	CONDITIONAL	NO
TIER 2	AMD-T2D	True	7	104158491	105425027	0.0005962144578605	2.159171681024379e-05	0.0268116779227324	rs7792628	5.84956224204253e-06	0.013782801132151691	LEVEL_C_ATLAS_FDR	-0.105982	-0.0166	POSITIVE_EFFECT_PRODUCT	DIRECTION_CONCORDANT	CONDITIONAL	NO
TIER 2	AMD-T2D	True	7	104158491	105425027	0.0005962144578605	2.159171681024379e-05	0.0268116779227324	rs17270450	6.79222771928252e-06	0.015247348105445785	LEVEL_C_ATLAS_FDR	-0.107828	-0.0161	POSITIVE_EFFECT_PRODUCT	DIRECTION_CONCORDANT	CONDITIONAL	NO
TIER 2	AMD-T2D	True	7	104158491	105425027	0.0005962144578605	2.159171681024379e-05	0.0268116779227324	rs6466064	8.3345236635863e-07	0.0031051352550736707	LEVEL_C_ATLAS_FDR	0.114759	0.0202	POSITIVE_EFFECT_PRODUCT	DIRECTION_CONCORDANT	CONDITIONAL	NO
TIER 2	AMD-T2D	True	7	104158491	105425027	0.0005962144578605	2.159171681024379e-05	0.0268116779227324	rs4730082	7.74114748363084e-07	0.002929339999378161	LEVEL_C_ATLAS_FDR	0.115397	0.0202	POSITIVE_EFFECT_PRODUCT	DIRECTION_CONCORDANT	CONDITIONAL	NO
TIER 2	AMD-T2D	True	7	104158491	105425027	0.0005962144578605	2.159171681024379e-05	0.0268116779227324	rs3801999	1.09371129869586e-06	0.0038695927134946373	LEVEL_C_ATLAS_FDR	-0.114248	-0.0198	POSITIVE_EFFECT_PRODUCT	DIRECTION_CONCORDANT	CONDITIONAL	NO
TIER 2	AMD-T2D	True	7	104158491	105425027	0.0005962144578605	2.159171681024379e-05	0.0268116779227324	rs4266584	6.01248724001584e-06	0.014038045959461147	LEVEL_C_ATLAS_FDR	-0.110717	-0.0177	POSITIVE_EFFECT_PRODUCT	DIRECTION_CONCORDANT	CONDITIONAL	NO
TIER 2	AMD-T2D	True	17	3426133	4321755	-0.0006867881247124	1.4787885448332943e-05	0.0233068449962225	rs1076902	4.47666483509893e-06	0.011382407621582493	LEVEL_C_ATLAS_FDR	-0.0987442	0.0549	NEGATIVE_EFFECT_PRODUCT	DIRECTION_CONCORDANT	CONDITIONAL	NO
TIER 2	AMD-T2D	True	17	3426133	4321755	-0.0006867881247124	1.4787885448332943e-05	0.0233068449962225	rs7222628	5.13500767167649e-07	0.0020918298938728094	LEVEL_C_ATLAS_FDR	-0.0482044	0.046	NEGATIVE_EFFECT_PRODUCT	DIRECTION_CONCORDANT	CONDITIONAL	NO
TIER 2	AMD-T2D	True	17	3426133	4321755	-0.0006867881247124	1.4787885448332943e-05	0.0233068449962225	rs6502764	2.9493713901464e-07	0.0013162468897641966	LEVEL_C_ATLAS_FDR	-0.0505572	0.0458	NEGATIVE_EFFECT_PRODUCT	DIRECTION_CONCORDANT	CONDITIONAL	NO
TIER 2	AMD-T2D	True	17	3426133	4321755	-0.0006867881247124	1.4787885448332943e-05	0.0233068449962225	rs8075429	2.52598412547388e-07	0.0011657668130279682	LEVEL_C_ATLAS_FDR	-0.0514487	0.0455	NEGATIVE_EFFECT_PRODUCT	DIRECTION_CONCORDANT	CONDITIONAL	NO
TIER 2	AMD-T2D	True	17	3426133	4321755	-0.0006867881247124	1.4787885448332943e-05	0.0233068449962225	rs1052617	2.69069537073362e-07	0.0012265029593537605	LEVEL_C_ATLAS_FDR	-0.0516967	0.0451	NEGATIVE_EFFECT_PRODUCT	DIRECTION_CONCORDANT	CONDITIONAL	NO
TIER 2	AMD-T2D	True	17	3426133	4321755	-0.0006867881247124	1.4787885448332943e-05	0.0233068449962225	rs2676276	1.41927015669342e-06	0.00480420063401545	LEVEL_C_ATLAS_FDR	-0.0486144	0.0423	NEGATIVE_EFFECT_PRODUCT	DIRECTION_CONCORDANT	CONDITIONAL	NO
TIER 2	AMD-T2D	True	17	3426133	4321755	-0.0006867881247124	1.4787885448332943e-05	0.0233068449962225	rs711178	1.80982570976624e-06	0.005831982904789264	LEVEL_C_ATLAS_FDR	-0.0486671	0.0414	NEGATIVE_EFFECT_PRODUCT	DIRECTION_CONCORDANT	CONDITIONAL	NO
TIER 2	AMD-T2D	True	17	3426133	4321755	-0.0006867881247124	1.4787885448332943e-05	0.0233068449962225	rs2603029	1.27284838976916e-05	0.023726090838662114	LEVEL_C_ATLAS_FDR	-0.0409597	0.0404	NEGATIVE_EFFECT_PRODUCT	DIRECTION_CONCORDANT	CONDITIONAL	NO
TIER 2	AMD-T2D	True	17	3426133	4321755	-0.0006867881247124	1.4787885448332943e-05	0.0233068449962225	rs781831	7.08670424828664e-06	0.015686234122461062	LEVEL_C_ATLAS_FDR	-0.0424862	0.0409	NEGATIVE_EFFECT_PRODUCT	DIRECTION_CONCORDANT	CONDITIONAL	NO
TIER 2	AMD-T2D	True	17	3426133	4321755	-0.0006867881247124	1.4787885448332943e-05	0.0233068449962225	rs781853	2.47450330603684e-07	0.0011455615698872468	LEVEL_C_ATLAS_FDR	-0.0531092	0.043	NEGATIVE_EFFECT_PRODUCT	DIRECTION_CONCORDANT	CONDITIONAL	NO
TIER 2	AMD-T2D	True	17	3426133	4321755	-0.0006867881247124	1.4787885448332943e-05	0.0233068449962225	rs781852	6.54160389414759e-07	0.0025519236426845057	LEVEL_C_ATLAS_FDR	-0.0496877	0.0428	NEGATIVE_EFFECT_PRODUCT	DIRECTION_CONCORDANT	CONDITIONAL	NO
TIER 2	AMD-T2D	True	17	3426133	4321755	-0.0006867881247124	1.4787885448332943e-05	0.0233068449962225	rs781850	4.1877463310703e-07	0.001760065111626439	LEVEL_C_ATLAS_FDR	-0.0519028	0.0425	NEGATIVE_EFFECT_PRODUCT	DIRECTION_CONCORDANT	CONDITIONAL	NO
TIER 2	AMD-T2D	True	17	3426133	4321755	-0.0006867881247124	1.4787885448332943e-05	0.0233068449962225	rs781848	4.92369674754502e-07	0.002020211166630869	LEVEL_C_ATLAS_FDR	-0.0517832	0.0421	NEGATIVE_EFFECT_PRODUCT	DIRECTION_CONCORDANT	CONDITIONAL	NO
TIER 2	AMD-T2D	True	17	3426133	4321755	-0.0006867881247124	1.4787885448332943e-05	0.0233068449962225	rs781845	4.35942223643979e-07	0.001823167944661905	LEVEL_C_ATLAS_FDR	-0.052137	0.0422	NEGATIVE_EFFECT_PRODUCT	DIRECTION_CONCORDANT	CONDITIONAL	NO
TIER 2	AMD-T2D	True	17	3426133	4321755	-0.0006867881247124	1.4787885448332943e-05	0.0233068449962225	rs781839	4.64235488912245e-07	0.0019204387037937338	LEVEL_C_ATLAS_FDR	-0.0518917	0.0422	NEGATIVE_EFFECT_PRODUCT	DIRECTION_CONCORDANT	CONDITIONAL	NO
TIER 2	AMD-T2D	True	17	3426133	4321755	-0.0006867881247124	1.4787885448332943e-05	0.0233068449962225	rs781825	3.77577784755556e-07	0.00161071221344332	LEVEL_C_ATLAS_FDR	-0.0520614	0.0427	NEGATIVE_EFFECT_PRODUCT	DIRECTION_CONCORDANT	CONDITIONAL	NO
TIER 2	AMD-T2D	True	17	3426133	4321755	-0.0006867881247124	1.4787885448332943e-05	0.0233068449962225	rs897026	3.15922265602634e-07	0.001390414307497133	LEVEL_C_ATLAS_FDR	-0.0518651	0.0434	NEGATIVE_EFFECT_PRODUCT	DIRECTION_CONCORDANT	CONDITIONAL	NO
TIER 2	AMD-T2D	True	17	3426133	4321755	-0.0006867881247124	1.4787885448332943e-05	0.0233068449962225	rs8081968	1.09177767030696e-07	0.000588287093934856	LEVEL_C_ATLAS_FDR	-0.0538814	0.0489	NEGATIVE_EFFECT_PRODUCT	DIRECTION_CONCORDANT	CONDITIONAL	NO
TIER 2	AMD-T2D	True	17	3426133	4321755	-0.0006867881247124	1.4787885448332943e-05	0.0233068449962225	rs2727061	2.09885634693398e-07	0.0009985589838602364	LEVEL_C_ATLAS_FDR	0.0537527	-0.0433	NEGATIVE_EFFECT_PRODUCT	DIRECTION_CONCORDANT	CONDITIONAL	NO
TIER 2	AMD-T2D	True	17	3426133	4321755	-0.0006867881247124	1.4787885448332943e-05	0.0233068449962225	rs8068804	3.57191608796275e-08	0.00024235327535857343	LEVEL_B_PAIRWISE_GWAS	-0.056541	0.0504	NEGATIVE_EFFECT_PRODUCT	DIRECTION_CONCORDANT	CONDITIONAL	NO
TIER 2	AMD-T2D	True	17	3426133	4321755	-0.0006867881247124	1.4787885448332943e-05	0.0233068449962225	rs2727060	7.27976460839317e-08	0.0004193378294691384	LEVEL_C_ATLAS_FDR	0.0596236	-0.0422	NEGATIVE_EFFECT_PRODUCT	DIRECTION_CONCORDANT	CONDITIONAL	NO
TIER 2	AMD-T2D	True	17	3426133	4321755	-0.0006867881247124	1.4787885448332943e-05	0.0233068449962225	rs2727074	7.52627038421594e-08	0.00043074956239193225	LEVEL_C_ATLAS_FDR	0.0596245	-0.0421	NEGATIVE_EFFECT_PRODUCT	DIRECTION_CONCORDANT	CONDITIONAL	NO
TIER 2	AMD-T2D	True	17	3426133	4321755	-0.0006867881247124	1.4787885448332943e-05	0.0233068449962225	rs2603025	8.48097923345756e-08	0.00047535794111753886	LEVEL_C_ATLAS_FDR	0.0594512	-0.0419	NEGATIVE_EFFECT_PRODUCT	DIRECTION_CONCORDANT	CONDITIONAL	NO
TIER 2	AMD-T2D	True	17	3426133	4321755	-0.0006867881247124	1.4787885448332943e-05	0.0233068449962225	rs1377806	3.3197005234168e-08	0.00022831867521276968	LEVEL_B_PAIRWISE_GWAS	0.0648584	-0.0417	NEGATIVE_EFFECT_PRODUCT	DIRECTION_CONCORDANT	CONDITIONAL	NO
TIER 2	AMD-T2D	True	17	3426133	4321755	-0.0006867881247124	1.4787885448332943e-05	0.0233068449962225	rs17176322	2.40310613898503e-07	0.0011195786054737562	LEVEL_C_ATLAS_FDR	0.0597145	-0.0396	NEGATIVE_EFFECT_PRODUCT	DIRECTION_CONCORDANT	CONDITIONAL	NO
TIER 2	AMD-T2D	True	17	3426133	4321755	-0.0006867881247124	1.4787885448332943e-05	0.0233068449962225	rs4790581	3.01115618353295e-07	0.001339343132384879	LEVEL_C_ATLAS_FDR	0.063156	-0.0365	NEGATIVE_EFFECT_PRODUCT	DIRECTION_CONCORDANT	CONDITIONAL	NO
TIER 2	AMD-T2D	True	17	3426133	4321755	-0.0006867881247124	1.4787885448332943e-05	0.0233068449962225	rs11651767	1.04711089748386e-07	0.0005681881374354683	LEVEL_C_ATLAS_FDR	0.0591598	-0.0447	NEGATIVE_EFFECT_PRODUCT	DIRECTION_CONCORDANT	CONDITIONAL	NO
TIER 2	AMD-T2D	True	17	3426133	4321755	-0.0006867881247124	1.4787885448332943e-05	0.0233068449962225	rs2278524	1.05735693459507e-08	8.569379518364686e-05	LEVEL_B_PAIRWISE_GWAS	-0.0643844	0.0501	NEGATIVE_EFFECT_PRODUCT	DIRECTION_CONCORDANT	CONDITIONAL	NO
TIER 2	AMD-T2D	True	17	3426133	4321755	-0.0006867881247124	1.4787885448332943e-05	0.0233068449962225	rs9915922	3.23673630919865e-08	0.00022296607818429363	LEVEL_B_PAIRWISE_GWAS	-0.06023	0.0488	NEGATIVE_EFFECT_PRODUCT	DIRECTION_CONCORDANT	CONDITIONAL	NO
TIER 2	AMD-T2D	True	17	3426133	4321755	-0.0006867881247124	1.4787885448332943e-05	0.0233068449962225	rs4790587	5.97660946510054e-07	0.002372035797659416	LEVEL_C_ATLAS_FDR	0.0610683	-0.0383	NEGATIVE_EFFECT_PRODUCT	DIRECTION_CONCORDANT	CONDITIONAL	NO
TIER 2	AMD-T2D	True	17	3426133	4321755	-0.0006867881247124	1.4787885448332943e-05	0.0233068449962225	rs2304586	3.44748304307405e-08	0.00023528899598179576	LEVEL_B_PAIRWISE_GWAS	-0.0619888	0.0484	NEGATIVE_EFFECT_PRODUCT	DIRECTION_CONCORDANT	CONDITIONAL	NO
TIER 2	AMD-T2D	True	17	3426133	4321755	-0.0006867881247124	1.4787885448332943e-05	0.0233068449962225	rs10521130	9.79652914951012e-08	0.0005372952151887088	LEVEL_C_ATLAS_FDR	0.063012	-0.0397	NEGATIVE_EFFECT_PRODUCT	DIRECTION_CONCORDANT	CONDITIONAL	NO
TIER 2	AMD-T2D	True	17	3426133	4321755	-0.0006867881247124	1.4787885448332943e-05	0.0233068449962225	rs4790185	2.48660896820189e-07	0.0011499389098734037	LEVEL_C_ATLAS_FDR	0.0596033	-0.0394	NEGATIVE_EFFECT_PRODUCT	DIRECTION_CONCORDANT	CONDITIONAL	NO
TIER 2	AMD-T2D	True	17	3426133	4321755	-0.0006867881247124	1.4787885448332943e-05	0.0233068449962225	rs4284685	3.45866451949374e-07	0.0014986407610367344	LEVEL_C_ATLAS_FDR	-0.0599939	0.0388	NEGATIVE_EFFECT_PRODUCT	DIRECTION_CONCORDANT	CONDITIONAL	NO
TIER 2	AMD-T2D	True	17	3426133	4321755	-0.0006867881247124	1.4787885448332943e-05	0.0233068449962225	rs1982177	2.86990298571203e-07	0.0012879017451781296	LEVEL_C_ATLAS_FDR	0.0588592	-0.0395	NEGATIVE_EFFECT_PRODUCT	DIRECTION_CONCORDANT	CONDITIONAL	NO
TIER 2	AMD-T2D	True	17	3426133	4321755	-0.0006867881247124	1.4787885448332943e-05	0.0233068449962225	rs12602879	1.79421369773809e-07	0.0008791671433500914	LEVEL_C_ATLAS_FDR	0.062285	-0.0385	NEGATIVE_EFFECT_PRODUCT	DIRECTION_CONCORDANT	CONDITIONAL	NO
TIER 2	AMD-T2D	True	17	3426133	4321755	-0.0006867881247124	1.4787885448332943e-05	0.0233068449962225	rs1821860	1.6161242521275e-07	0.0008072875771776821	LEVEL_C_ATLAS_FDR	-0.0638735	0.0384	NEGATIVE_EFFECT_PRODUCT	DIRECTION_CONCORDANT	CONDITIONAL	NO
TIER 2	AMD-T2D	True	17	3426133	4321755	-0.0006867881247124	1.4787885448332943e-05	0.0233068449962225	rs4790594	8.2016380743497e-08	0.00046238877300447005	LEVEL_C_ATLAS_FDR	0.065104	-0.0388	NEGATIVE_EFFECT_PRODUCT	DIRECTION_CONCORDANT	CONDITIONAL	NO
TIER 2	AMD-T2D	True	17	3426133	4321755	-0.0006867881247124	1.4787885448332943e-05	0.0233068449962225	rs2053254	4.84696383014182e-08	0.0003028736903598173	LEVEL_B_PAIRWISE_GWAS	0.0693577	-0.0385	NEGATIVE_EFFECT_PRODUCT	DIRECTION_CONCORDANT	CONDITIONAL	NO
TIER 2	AMD-T2D	True	17	3426133	4321755	-0.0006867881247124	1.4787885448332943e-05	0.0233068449962225	rs9915670	1.43424992480041e-07	0.0007351631331614691	LEVEL_C_ATLAS_FDR	-0.0634114	0.0384	NEGATIVE_EFFECT_PRODUCT	DIRECTION_CONCORDANT	CONDITIONAL	NO
TIER 2	AMD-T2D	True	17	3426133	4321755	-0.0006867881247124	1.4787885448332943e-05	0.0233068449962225	rs12709336	1.52197563974336e-07	0.0007709569026345188	LEVEL_C_ATLAS_FDR	-0.0630275	0.0385	NEGATIVE_EFFECT_PRODUCT	DIRECTION_CONCORDANT	CONDITIONAL	NO
TIER 2	AMD-T2D	True	17	3426133	4321755	-0.0006867881247124	1.4787885448332943e-05	0.0233068449962225	rs4573968	1.29701119710843e-07	0.0006771162337588194	LEVEL_C_ATLAS_FDR	-0.0631027	0.0386	NEGATIVE_EFFECT_PRODUCT	DIRECTION_CONCORDANT	CONDITIONAL	NO
TIER 2	AMD-T2D	True	17	3426133	4321755	-0.0006867881247124	1.4787885448332943e-05	0.0233068449962225	rs12601993	3.47080450232325e-07	0.0015024006828791114	LEVEL_C_ATLAS_FDR	-0.0602398	0.0381	NEGATIVE_EFFECT_PRODUCT	DIRECTION_CONCORDANT	CONDITIONAL	NO
TIER 2	AMD-T2D	True	17	3426133	4321755	-0.0006867881247124	1.4787885448332943e-05	0.0233068449962225	rs9913077	1.68728708710724e-07	0.000836335805117693	LEVEL_C_ATLAS_FDR	-0.0632456	0.0387	NEGATIVE_EFFECT_PRODUCT	DIRECTION_CONCORDANT	CONDITIONAL	NO
TIER 2	AMD-T2D	True	17	3426133	4321755	-0.0006867881247124	1.4787885448332943e-05	0.0233068449962225	rs7504064	1.31385452638095e-07	0.0006840575807403557	LEVEL_C_ATLAS_FDR	-0.0638586	0.039	NEGATIVE_EFFECT_PRODUCT	DIRECTION_CONCORDANT	CONDITIONAL	NO
TIER 2	AMD-T2D	True	17	3426133	4321755	-0.0006867881247124	1.4787885448332943e-05	0.0233068449962225	rs11078490	1.68328110296987e-07	0.0008347077418404976	LEVEL_C_ATLAS_FDR	-0.0629461	0.0389	NEGATIVE_EFFECT_PRODUCT	DIRECTION_CONCORDANT	CONDITIONAL	NO
TIER 2	AMD-T2D	True	17	3426133	4321755	-0.0006867881247124	1.4787885448332943e-05	0.0233068449962225	rs4790598	7.5340245142328e-06	0.01639718907734633	LEVEL_C_ATLAS_FDR	0.0500085	-0.0366	NEGATIVE_EFFECT_PRODUCT	DIRECTION_CONCORDANT	CONDITIONAL	NO
TIER 2	AMD-T2D	True	17	3426133	4321755	-0.0006867881247124	1.4787885448332943e-05	0.0233068449962225	rs8069769	1.42300326257681e-05	0.02566099883504307	LEVEL_C_ATLAS_FDR	-0.0464353	0.0369	NEGATIVE_EFFECT_PRODUCT	DIRECTION_CONCORDANT	CONDITIONAL	NO
TIER 2	AMD-T2D	True	17	3426133	4321755	-0.0006867881247124	1.4787885448332943e-05	0.0233068449962225	rs2325881	7.34778554232522e-06	0.01609580323225976	LEVEL_C_ATLAS_FDR	0.0490238	-0.0365	NEGATIVE_EFFECT_PRODUCT	DIRECTION_CONCORDANT	CONDITIONAL	NO
TIER 2	AMD-T2D	True	17	3426133	4321755	-0.0006867881247124	1.4787885448332943e-05	0.0233068449962225	rs733622	2.99699898008369e-05	0.04296588139887105	LEVEL_C_ATLAS_FDR	0.0524108	-0.0327	NEGATIVE_EFFECT_PRODUCT	DIRECTION_CONCORDANT	CONDITIONAL	NO
TIER 2	AMD-T2D	True	17	3426133	4321755	-0.0006867881247124	1.4787885448332943e-05	0.0233068449962225	rs9913489	2.28578502140953e-05	0.0357097415655615	LEVEL_C_ATLAS_FDR	0.0535352	-0.0329	NEGATIVE_EFFECT_PRODUCT	DIRECTION_CONCORDANT	CONDITIONAL	NO
TIER 2	AMD-T2D	True	17	3426133	4321755	-0.0006867881247124	1.4787885448332943e-05	0.0233068449962225	rs4508454	3.65146505060657e-07	0.001566651754566461	LEVEL_C_ATLAS_FDR	-0.0638858	0.048	NEGATIVE_EFFECT_PRODUCT	DIRECTION_CONCORDANT	CONDITIONAL	NO
TIER 2	AMD-T2D	True	17	3426133	4321755	-0.0006867881247124	1.4787885448332943e-05	0.0233068449962225	rs1866176	1.26900307054432e-05	0.023678572707520825	LEVEL_C_ATLAS_FDR	0.0562876	-0.0331	NEGATIVE_EFFECT_PRODUCT	DIRECTION_CONCORDANT	CONDITIONAL	NO
TIER 2	AMD-T2D	True	17	3426133	4321755	-0.0006867881247124	1.4787885448332943e-05	0.0233068449962225	rs8072251	1.02697906220837e-05	0.02038903283330018	LEVEL_C_ATLAS_FDR	0.0555397	-0.0342	NEGATIVE_EFFECT_PRODUCT	DIRECTION_CONCORDANT	CONDITIONAL	NO
TIER 2	AMD-T2D	True	17	3426133	4321755	-0.0006867881247124	1.4787885448332943e-05	0.0233068449962225	rs9303185	1.44437114907368e-05	0.025909034281337534	LEVEL_C_ATLAS_FDR	0.0557688	-0.033	NEGATIVE_EFFECT_PRODUCT	DIRECTION_CONCORDANT	CONDITIONAL	NO
TIER 2	AMD-T2D	True	17	3426133	4321755	-0.0006867881247124	1.4787885448332943e-05	0.0233068449962225	rs11868498	2.29791796800912e-05	0.03584766075163827	LEVEL_C_ATLAS_FDR	-0.0508412	0.0337	NEGATIVE_EFFECT_PRODUCT	DIRECTION_CONCORDANT	CONDITIONAL	NO
TIER 2	AMD-T2D	True	17	3426133	4321755	-0.0006867881247124	1.4787885448332943e-05	0.0233068449962225	rs12950048	3.04577666058996e-05	0.04346134733465998	LEVEL_C_ATLAS_FDR	-0.0513082	0.0332	NEGATIVE_EFFECT_PRODUCT	DIRECTION_CONCORDANT	CONDITIONAL	NO
TIER 2	AMD-T2D	True	17	3426133	4321755	-0.0006867881247124	1.4787885448332943e-05	0.0233068449962225	rs7222362	3.40010554953884e-05	0.04675114689787548	LEVEL_C_ATLAS_FDR	-0.0495289	0.034	NEGATIVE_EFFECT_PRODUCT	DIRECTION_CONCORDANT	CONDITIONAL	NO
TIER 2	AMD-T2D	True	17	3426133	4321755	-0.0006867881247124	1.4787885448332943e-05	0.0233068449962225	rs12453940	2.5085748079309e-05	0.03805142725317068	LEVEL_C_ATLAS_FDR	-0.0514168	0.0348	NEGATIVE_EFFECT_PRODUCT	DIRECTION_CONCORDANT	CONDITIONAL	NO
TIER 2	AMD-T2D	True	17	3426133	4321755	-0.0006867881247124	1.4787885448332943e-05	0.0233068449962225	rs6502779	2.91266632477763e-05	0.04212122985256775	LEVEL_C_ATLAS_FDR	-0.051531	0.0332	NEGATIVE_EFFECT_PRODUCT	DIRECTION_CONCORDANT	CONDITIONAL	NO
TIER 2	AMD-T2D	True	17	3426133	4321755	-0.0006867881247124	1.4787885448332943e-05	0.0233068449962225	rs8074770	1.49181530669218e-05	0.0264876927949083	LEVEL_C_ATLAS_FDR	-0.0532455	0.0336	NEGATIVE_EFFECT_PRODUCT	DIRECTION_CONCORDANT	CONDITIONAL	NO
TIER 2	AMD-T2D	True	17	3426133	4321755	-0.0006867881247124	1.4787885448332943e-05	0.0233068449962225	rs6502780	2.7226796345237e-05	0.040221657138774215	LEVEL_C_ATLAS_FDR	-0.0518876	0.0332	NEGATIVE_EFFECT_PRODUCT	DIRECTION_CONCORDANT	CONDITIONAL	NO
TIER 2	AMD-T2D	True	17	3426133	4321755	-0.0006867881247124	1.4787885448332943e-05	0.0233068449962225	rs12937759	2.403965241594e-05	0.03695885847319403	LEVEL_C_ATLAS_FDR	-0.0514931	0.0339	NEGATIVE_EFFECT_PRODUCT	DIRECTION_CONCORDANT	CONDITIONAL	NO
TIER 2	CAT-AD	True	1	206706419	208158787	-0.0002848402193571	3.3583921723340934e-08	0.0002752403888758	rs11587052	4.91544812620638e-07	0.002017065150261798	LEVEL_C_ATLAS_FDR	-0.0335205	0.0305	NEGATIVE_EFFECT_PRODUCT	DIRECTION_CONCORDANT	CONDITIONAL	FINNISH_LD_SENSITIVITY_REQUIRED
TIER 2	CAT-CKD	False	17	17299591	18446092	-0.0001709140077804	6.385665379867472e-07	0.0023788345085109	rs11656665	1.43065165725604e-05	0.02574293271484358	LEVEL_C_ATLAS_FDR	-0.033423	0.0254	NEGATIVE_EFFECT_PRODUCT	DIRECTION_CONCORDANT	CONDITIONAL	FINNISH_LD_SENSITIVITY_REQUIRED
TIER 2	CAT-CKD	False	17	17299591	18446092	-0.0001709140077804	6.385665379867472e-07	0.0023788345085109	rs12953299	4.29326590808843e-06	0.01103655047387466	LEVEL_C_ATLAS_FDR	-0.0313264	0.0277	NEGATIVE_EFFECT_PRODUCT	DIRECTION_CONCORDANT	CONDITIONAL	FINNISH_LD_SENSITIVITY_REQUIRED
TIER 2	CAT-CKD	False	17	17299591	18446092	-0.0001709140077804	6.385665379867472e-07	0.0023788345085109	rs12936927	1.78939505238639e-06	0.005778852193276404	LEVEL_C_ATLAS_FDR	-0.0340341	0.0348	NEGATIVE_EFFECT_PRODUCT	DIRECTION_CONCORDANT	CONDITIONAL	FINNISH_LD_SENSITIVITY_REQUIRED
TIER 2	CAT-CKD	False	17	17299591	18446092	-0.0001709140077804	6.385665379867472e-07	0.0023788345085109	rs8066560	9.83773313562082e-06	0.01982838241393547	LEVEL_C_ATLAS_FDR	-0.0345205	0.0243	NEGATIVE_EFFECT_PRODUCT	DIRECTION_CONCORDANT	CONDITIONAL	FINNISH_LD_SENSITIVITY_REQUIRED
TIER 2	CAT-CKD	False	17	17299591	18446092	-0.0001709140077804	6.385665379867472e-07	0.0023788345085109	rs11657423	9.28332275424017e-06	0.019028721489602437	LEVEL_C_ATLAS_FDR	-0.0346167	0.0243	NEGATIVE_EFFECT_PRODUCT	DIRECTION_CONCORDANT	CONDITIONAL	FINNISH_LD_SENSITIVITY_REQUIRED
TIER 2	CAT-CKD	False	17	17299591	18446092	-0.0001709140077804	6.385665379867472e-07	0.0023788345085109	rs11078399	5.94759881817966e-06	0.013934344094668712	LEVEL_C_ATLAS_FDR	-0.0346105	0.0253	NEGATIVE_EFFECT_PRODUCT	DIRECTION_CONCORDANT	CONDITIONAL	FINNISH_LD_SENSITIVITY_REQUIRED
TIER 2	CAT-CKD	False	17	17299591	18446092	-0.0001709140077804	6.385665379867472e-07	0.0023788345085109	rs4925116	8.48287930631394e-06	0.017797227421303134	LEVEL_C_ATLAS_FDR	-0.034609	0.0245	NEGATIVE_EFFECT_PRODUCT	DIRECTION_CONCORDANT	CONDITIONAL	FINNISH_LD_SENSITIVITY_REQUIRED
TIER 2	CAT-CKD	False	17	17299591	18446092	-0.0001709140077804	6.385665379867472e-07	0.0023788345085109	rs12952723	8.93625269191346e-06	0.018494662939475416	LEVEL_C_ATLAS_FDR	-0.0345855	0.0244	NEGATIVE_EFFECT_PRODUCT	DIRECTION_CONCORDANT	CONDITIONAL	FINNISH_LD_SENSITIVITY_REQUIRED
TIER 2	CAT-CKD	False	17	17299591	18446092	-0.0001709140077804	6.385665379867472e-07	0.0023788345085109	rs9894257	5.68046214118955e-06	0.013489667851438784	LEVEL_C_ATLAS_FDR	-0.034418	0.0256	NEGATIVE_EFFECT_PRODUCT	DIRECTION_CONCORDANT	CONDITIONAL	FINNISH_LD_SENSITIVITY_REQUIRED
TIER 2	CAT-CKD	False	17	17299591	18446092	-0.0001709140077804	6.385665379867472e-07	0.0023788345085109	rs7503747	3.34971814983876e-06	0.009232523273216253	LEVEL_C_ATLAS_FDR	-0.0346673	0.0299	NEGATIVE_EFFECT_PRODUCT	DIRECTION_CONCORDANT	CONDITIONAL	FINNISH_LD_SENSITIVITY_REQUIRED
TIER 2	CAT-CKD	False	17	17299591	18446092	-0.0001709140077804	6.385665379867472e-07	0.0023788345085109	rs9902941	1.0807961872836e-05	0.02113949889612182	LEVEL_C_ATLAS_FDR	-0.0344708	0.0243	NEGATIVE_EFFECT_PRODUCT	DIRECTION_CONCORDANT	CONDITIONAL	FINNISH_LD_SENSITIVITY_REQUIRED
TIER 2	CAT-CKD	False	17	17299591	18446092	-0.0001709140077804	6.385665379867472e-07	0.0023788345085109	rs11657130	6.9907568639652e-06	0.015546225067068575	LEVEL_C_ATLAS_FDR	-0.0346448	0.0249	NEGATIVE_EFFECT_PRODUCT	DIRECTION_CONCORDANT	CONDITIONAL	FINNISH_LD_SENSITIVITY_REQUIRED
TIER 2	CAT-CKD	False	17	17299591	18446092	-0.0001709140077804	6.385665379867472e-07	0.0023788345085109	rs11652144	9.10375863731758e-06	0.018747443182008904	LEVEL_C_ATLAS_FDR	-0.0345158	0.0244	NEGATIVE_EFFECT_PRODUCT	DIRECTION_CONCORDANT	CONDITIONAL	FINNISH_LD_SENSITIVITY_REQUIRED
TIER 2	CAT-CKD	False	17	17299591	18446092	-0.0001709140077804	6.385665379867472e-07	0.0023788345085109	rs1889018	5.61798300226563e-06	0.013389846066177689	LEVEL_C_ATLAS_FDR	-0.0344876	0.0255	NEGATIVE_EFFECT_PRODUCT	DIRECTION_CONCORDANT	CONDITIONAL	FINNISH_LD_SENSITIVITY_REQUIRED
TIER 2	CAT-CKD	False	17	17299591	18446092	-0.0001709140077804	6.385665379867472e-07	0.0023788345085109	rs4925117	4.37111309335423e-06	0.0111795423576578	LEVEL_C_ATLAS_FDR	-0.0345911	0.0279	NEGATIVE_EFFECT_PRODUCT	DIRECTION_CONCORDANT	CONDITIONAL	FINNISH_LD_SENSITIVITY_REQUIRED
TIER 2	CAT-CKD	False	17	17299591	18446092	-0.0001709140077804	6.385665379867472e-07	0.0023788345085109	rs12938501	1.21790024814288e-05	0.023000779570093464	LEVEL_C_ATLAS_FDR	-0.0344249	0.0238	NEGATIVE_EFFECT_PRODUCT	DIRECTION_CONCORDANT	CONDITIONAL	FINNISH_LD_SENSITIVITY_REQUIRED
TIER 2	CAT-CKD	False	17	17299591	18446092	-0.0001709140077804	6.385665379867472e-07	0.0023788345085109	rs12946746	8.28432300762263e-06	0.01751296600526202	LEVEL_C_ATLAS_FDR	-0.0342484	0.0248	NEGATIVE_EFFECT_PRODUCT	DIRECTION_CONCORDANT	CONDITIONAL	FINNISH_LD_SENSITIVITY_REQUIRED
TIER 2	CAT-CKD	False	17	17299591	18446092	-0.0001709140077804	6.385665379867472e-07	0.0023788345085109	rs7359509	8.28632698769965e-06	0.017516135640559403	LEVEL_C_ATLAS_FDR	-0.0342476	0.0248	NEGATIVE_EFFECT_PRODUCT	DIRECTION_CONCORDANT	CONDITIONAL	FINNISH_LD_SENSITIVITY_REQUIRED
TIER 2	CAT-CKD	False	17	17299591	18446092	-0.0001709140077804	6.385665379867472e-07	0.0023788345085109	rs4925119	1.82930826707069e-05	0.030597211225771987	LEVEL_C_ATLAS_FDR	-0.0340592	0.0232	NEGATIVE_EFFECT_PRODUCT	DIRECTION_CONCORDANT	CONDITIONAL	FINNISH_LD_SENSITIVITY_REQUIRED
TIER 2	CAT-CKD	False	17	17299591	18446092	-0.0001709140077804	6.385665379867472e-07	0.0023788345085109	rs9891957	7.79425302473972e-06	0.016791768769189773	LEVEL_C_ATLAS_FDR	-0.0336097	0.0254	NEGATIVE_EFFECT_PRODUCT	DIRECTION_CONCORDANT	CONDITIONAL	FINNISH_LD_SENSITIVITY_REQUIRED
TIER 2	CAT-CKD	False	17	17299591	18446092	-0.0001709140077804	6.385665379867472e-07	0.0023788345085109	rs8078756	7.29580658257321e-06	0.01601934468777786	LEVEL_C_ATLAS_FDR	-0.0339903	0.0266	NEGATIVE_EFFECT_PRODUCT	DIRECTION_CONCORDANT	CONDITIONAL	FINNISH_LD_SENSITIVITY_REQUIRED
TIER 2	CAT-CKD	False	17	17299591	18446092	-0.0001709140077804	6.385665379867472e-07	0.0023788345085109	rs9906673	8.99765497192687e-06	0.018585451513876475	LEVEL_C_ATLAS_FDR	-0.034115	0.0247	NEGATIVE_EFFECT_PRODUCT	DIRECTION_CONCORDANT	CONDITIONAL	FINNISH_LD_SENSITIVITY_REQUIRED
TIER 2	CAT-CKD	False	17	17299591	18446092	-0.0001709140077804	6.385665379867472e-07	0.0023788345085109	rs6502618	6.06222179507379e-06	0.014120923368351608	LEVEL_C_ATLAS_FDR	-0.0341105	0.0256	NEGATIVE_EFFECT_PRODUCT	DIRECTION_CONCORDANT	CONDITIONAL	FINNISH_LD_SENSITIVITY_REQUIRED
TIER 2	CAT-CKD	False	17	17299591	18446092	-0.0001709140077804	6.385665379867472e-07	0.0023788345085109	rs3183702	8.76970758187897e-06	0.018233688145617127	LEVEL_C_ATLAS_FDR	-0.0340602	0.0248	NEGATIVE_EFFECT_PRODUCT	DIRECTION_CONCORDANT	CONDITIONAL	FINNISH_LD_SENSITIVITY_REQUIRED
TIER 2	CAT-CKD	False	17	17299591	18446092	-0.0001709140077804	6.385665379867472e-07	0.0023788345085109	rs2236513	1.10634620481702e-05	0.021477072385415883	LEVEL_C_ATLAS_FDR	-0.0340117	0.0243	NEGATIVE_EFFECT_PRODUCT	DIRECTION_CONCORDANT	CONDITIONAL	FINNISH_LD_SENSITIVITY_REQUIRED
TIER 2	CAT-CKD	False	17	17299591	18446092	-0.0001709140077804	6.385665379867472e-07	0.0023788345085109	rs9915248	6.79484642947182e-06	0.015251254033398722	LEVEL_C_ATLAS_FDR	-0.0341644	0.0253	NEGATIVE_EFFECT_PRODUCT	DIRECTION_CONCORDANT	CONDITIONAL	FINNISH_LD_SENSITIVITY_REQUIRED
TIER 2	CAT-CKD	False	17	17299591	18446092	-0.0001709140077804	6.385665379867472e-07	0.0023788345085109	rs4924822	9.51657601002542e-06	0.019367758760605966	LEVEL_C_ATLAS_FDR	-0.0340798	0.0246	NEGATIVE_EFFECT_PRODUCT	DIRECTION_CONCORDANT	CONDITIONAL	FINNISH_LD_SENSITIVITY_REQUIRED
TIER 2	CAT-CKD	False	17	17299591	18446092	-0.0001709140077804	6.385665379867472e-07	0.0023788345085109	rs3744113	7.87142074791529e-06	0.016914099547463674	LEVEL_C_ATLAS_FDR	-0.0341209	0.025	NEGATIVE_EFFECT_PRODUCT	DIRECTION_CONCORDANT	CONDITIONAL	FINNISH_LD_SENSITIVITY_REQUIRED
TIER 2	CAT-CKD	False	17	17299591	18446092	-0.0001709140077804	6.385665379867472e-07	0.0023788345085109	rs9915776	1.02335176387472e-05	0.020350773605662023	LEVEL_C_ATLAS_FDR	-0.0341284	0.0244	NEGATIVE_EFFECT_PRODUCT	DIRECTION_CONCORDANT	CONDITIONAL	FINNISH_LD_SENSITIVITY_REQUIRED
TIER 2	CAT-CKD	False	17	17299591	18446092	-0.0001709140077804	6.385665379867472e-07	0.0023788345085109	rs3744115	5.99715046538369e-06	0.014010719061829126	LEVEL_C_ATLAS_FDR	-0.0341427	0.0256	NEGATIVE_EFFECT_PRODUCT	DIRECTION_CONCORDANT	CONDITIONAL	FINNISH_LD_SENSITIVITY_REQUIRED
TIER 2	CAT-CKD	False	17	17299591	18446092	-0.0001709140077804	6.385665379867472e-07	0.0023788345085109	rs1052299	6.24380825278754e-06	0.014427717611040624	LEVEL_C_ATLAS_FDR	-0.0341541	0.0255	NEGATIVE_EFFECT_PRODUCT	DIRECTION_CONCORDANT	CONDITIONAL	FINNISH_LD_SENSITIVITY_REQUIRED
TIER 2	CAT-CKD	False	17	17299591	18446092	-0.0001709140077804	6.385665379867472e-07	0.0023788345085109	rs1108648	8.07116786379578e-06	0.017195355382866782	LEVEL_C_ATLAS_FDR	-0.0341885	0.0249	NEGATIVE_EFFECT_PRODUCT	DIRECTION_CONCORDANT	CONDITIONAL	FINNISH_LD_SENSITIVITY_REQUIRED
TIER 2	CAT-CKD	False	17	17299591	18446092	-0.0001709140077804	6.385665379867472e-07	0.0023788345085109	rs7501812	3.68171423152475e-05	0.04939646921906337	LEVEL_C_ATLAS_FDR	-0.0332205	0.0221	NEGATIVE_EFFECT_PRODUCT	DIRECTION_CONCORDANT	CONDITIONAL	FINNISH_LD_SENSITIVITY_REQUIRED
TIER 2	CAT-CKD	False	17	17299591	18446092	-0.0001709140077804	6.385665379867472e-07	0.0023788345085109	rs1108646	3.33772415026501e-05	0.04617696464175996	LEVEL_C_ATLAS_FDR	-0.0309451	0.0266	NEGATIVE_EFFECT_PRODUCT	DIRECTION_CONCORDANT	CONDITIONAL	FINNISH_LD_SENSITIVITY_REQUIRED
TIER 2	CAT-CKD	False	17	17299591	18446092	-0.0001709140077804	6.385665379867472e-07	0.0023788345085109	rs12941550	6.30078294165932e-06	0.014512996817044727	LEVEL_C_ATLAS_FDR	-0.0340316	0.0313	NEGATIVE_EFFECT_PRODUCT	DIRECTION_CONCORDANT	CONDITIONAL	FINNISH_LD_SENSITIVITY_REQUIRED
TIER 2	CAT-CKD	False	17	17299591	18446092	-0.0001709140077804	6.385665379867472e-07	0.0023788345085109	rs4925120	1.76179860119302e-05	0.029820078729197067	LEVEL_C_ATLAS_FDR	-0.0340148	0.0233	NEGATIVE_EFFECT_PRODUCT	DIRECTION_CONCORDANT	CONDITIONAL	FINNISH_LD_SENSITIVITY_REQUIRED
TIER 2	CAT-CKD	False	17	17299591	18446092	-0.0001709140077804	6.385665379867472e-07	0.0023788345085109	rs16960744	1.77850928352444e-05	0.03001218939371812	LEVEL_C_ATLAS_FDR	-0.0342841	0.0231	NEGATIVE_EFFECT_PRODUCT	DIRECTION_CONCORDANT	CONDITIONAL	FINNISH_LD_SENSITIVITY_REQUIRED
TIER 2	CAT-CKD	False	17	17299591	18446092	-0.0001709140077804	6.385665379867472e-07	0.0023788345085109	rs11078400	1.41065221746402e-05	0.025500536889041223	LEVEL_C_ATLAS_FDR	-0.036306	0.0223	NEGATIVE_EFFECT_PRODUCT	DIRECTION_CONCORDANT	CONDITIONAL	FINNISH_LD_SENSITIVITY_REQUIRED
TIER 2	CAT-CKD	False	17	17299591	18446092	-0.0001709140077804	6.385665379867472e-07	0.0023788345085109	rs8079321	1.12450233947383e-05	0.02170822965691446	LEVEL_C_ATLAS_FDR	-0.0364373	0.0227	NEGATIVE_EFFECT_PRODUCT	DIRECTION_CONCORDANT	CONDITIONAL	FINNISH_LD_SENSITIVITY_REQUIRED
TIER 2	CAT-CKD	False	17	17299591	18446092	-0.0001709140077804	6.385665379867472e-07	0.0023788345085109	rs11658309	7.62954998485893e-06	0.016542858372867	LEVEL_C_ATLAS_FDR	-0.0363225	0.0236	NEGATIVE_EFFECT_PRODUCT	DIRECTION_CONCORDANT	CONDITIONAL	FINNISH_LD_SENSITIVITY_REQUIRED
TIER 2	CAT-CKD	False	17	17299591	18446092	-0.0001709140077804	6.385665379867472e-07	0.0023788345085109	rs4924823	9.32661497501383e-06	0.01908874109332751	LEVEL_C_ATLAS_FDR	-0.0363115	0.0244	NEGATIVE_EFFECT_PRODUCT	DIRECTION_CONCORDANT	CONDITIONAL	FINNISH_LD_SENSITIVITY_REQUIRED
TIER 2	CAT-CKD	False	17	17299591	18446092	-0.0001709140077804	6.385665379867472e-07	0.0023788345085109	rs12941039	5.82195711304233e-06	0.013744204459362573	LEVEL_C_ATLAS_FDR	-0.0363429	0.0241	NEGATIVE_EFFECT_PRODUCT	DIRECTION_CONCORDANT	CONDITIONAL	FINNISH_LD_SENSITIVITY_REQUIRED
TIER 2	CAT-CKD	False	17	17299591	18446092	-0.0001709140077804	6.385665379867472e-07	0.0023788345085109	rs9895335	3.9027838206915e-06	0.010303638997380732	LEVEL_C_ATLAS_FDR	-0.0363288	0.0303	NEGATIVE_EFFECT_PRODUCT	DIRECTION_CONCORDANT	CONDITIONAL	FINNISH_LD_SENSITIVITY_REQUIRED
TIER 2	CAT-CKD	False	17	17299591	18446092	-0.0001709140077804	6.385665379867472e-07	0.0023788345085109	rs9895750	1.98333678753456e-06	0.0062698319867440415	LEVEL_C_ATLAS_FDR	-0.0362539	0.0298	NEGATIVE_EFFECT_PRODUCT	DIRECTION_CONCORDANT	CONDITIONAL	FINNISH_LD_SENSITIVITY_REQUIRED
TIER 2	CAT-CKD	False	17	17299591	18446092	-0.0001709140077804	6.385665379867472e-07	0.0023788345085109	rs11657074	5.7109070325415e-06	0.013551768443932365	LEVEL_C_ATLAS_FDR	-0.0362558	0.0242	NEGATIVE_EFFECT_PRODUCT	DIRECTION_CONCORDANT	CONDITIONAL	FINNISH_LD_SENSITIVITY_REQUIRED
TIER 2	CAT-CKD	False	17	17299591	18446092	-0.0001709140077804	6.385665379867472e-07	0.0023788345085109	rs9907246	6.86266964530361e-06	0.015352566743196487	LEVEL_C_ATLAS_FDR	-0.0362671	0.0238	NEGATIVE_EFFECT_PRODUCT	DIRECTION_CONCORDANT	CONDITIONAL	FINNISH_LD_SENSITIVITY_REQUIRED
TIER 2	CAT-CKD	False	17	17299591	18446092	-0.0001709140077804	6.385665379867472e-07	0.0023788345085109	rs9907287	1.05993250794192e-05	0.020834732995185182	LEVEL_C_ATLAS_FDR	-0.0363207	0.0229	NEGATIVE_EFFECT_PRODUCT	DIRECTION_CONCORDANT	CONDITIONAL	FINNISH_LD_SENSITIVITY_REQUIRED
TIER 2	CAT-CKD	False	17	17299591	18446092	-0.0001709140077804	6.385665379867472e-07	0.0023788345085109	rs9908017	8.78825810877678e-06	0.018263506186996018	LEVEL_C_ATLAS_FDR	-0.0363202	0.0233	NEGATIVE_EFFECT_PRODUCT	DIRECTION_CONCORDANT	CONDITIONAL	FINNISH_LD_SENSITIVITY_REQUIRED
TIER 2	CAT-CKD	False	17	17299591	18446092	-0.0001709140077804	6.385665379867472e-07	0.0023788345085109	rs9908299	5.98902837085667e-06	0.013996454059419107	LEVEL_C_ATLAS_FDR	-0.0362532	0.0241	NEGATIVE_EFFECT_PRODUCT	DIRECTION_CONCORDANT	CONDITIONAL	FINNISH_LD_SENSITIVITY_REQUIRED
TIER 2	CAT-CKD	False	17	17299591	18446092	-0.0001709140077804	6.385665379867472e-07	0.0023788345085109	rs8080061	8.76328592370644e-06	0.018223611127772415	LEVEL_C_ATLAS_FDR	-0.0363344	0.0233	NEGATIVE_EFFECT_PRODUCT	DIRECTION_CONCORDANT	CONDITIONAL	FINNISH_LD_SENSITIVITY_REQUIRED
TIER 2	CAT-CKD	False	17	17299591	18446092	-0.0001709140077804	6.385665379867472e-07	0.0023788345085109	rs12936037	5.87436262435898e-06	0.013819660427686283	LEVEL_C_ATLAS_FDR	-0.0364967	0.024	NEGATIVE_EFFECT_PRODUCT	DIRECTION_CONCORDANT	CONDITIONAL	FINNISH_LD_SENSITIVITY_REQUIRED
TIER 2	CAT-CKD	False	17	17299591	18446092	-0.0001709140077804	6.385665379867472e-07	0.0023788345085109	rs7503334	3.57889729912768e-06	0.009681234029188053	LEVEL_C_ATLAS_FDR	-0.0349045	0.0256	NEGATIVE_EFFECT_PRODUCT	DIRECTION_CONCORDANT	CONDITIONAL	FINNISH_LD_SENSITIVITY_REQUIRED
TIER 2	CAT-CKD	False	17	17299591	18446092	-0.0001709140077804	6.385665379867472e-07	0.0023788345085109	rs8065563	4.09635001744217e-06	0.01066861168330187	LEVEL_C_ATLAS_FDR	-0.0349143	0.0253	NEGATIVE_EFFECT_PRODUCT	DIRECTION_CONCORDANT	CONDITIONAL	FINNISH_LD_SENSITIVITY_REQUIRED
TIER 2	CAT-CKD	False	17	17299591	18446092	-0.0001709140077804	6.385665379867472e-07	0.0023788345085109	rs950966	4.37421637223793e-06	0.011185006920909455	LEVEL_C_ATLAS_FDR	-0.0349924	0.0251	NEGATIVE_EFFECT_PRODUCT	DIRECTION_CONCORDANT	CONDITIONAL	FINNISH_LD_SENSITIVITY_REQUIRED
TIER 2	CAT-CKD	False	17	17299591	18446092	-0.0001709140077804	6.385665379867472e-07	0.0023788345085109	rs4925123	3.54415007677824e-06	0.009612623627170129	LEVEL_C_ATLAS_FDR	-0.0352095	0.0254	NEGATIVE_EFFECT_PRODUCT	DIRECTION_CONCORDANT	CONDITIONAL	FINNISH_LD_SENSITIVITY_REQUIRED
TIER 2	CAT-CKD	False	17	17299591	18446092	-0.0001709140077804	6.385665379867472e-07	0.0023788345085109	rs11650649	4.08798511202118e-06	0.010651621112521029	LEVEL_C_ATLAS_FDR	-0.0349231	0.0253	NEGATIVE_EFFECT_PRODUCT	DIRECTION_CONCORDANT	CONDITIONAL	FINNISH_LD_SENSITIVITY_REQUIRED
TIER 2	CAT-CKD	False	17	17299591	18446092	-0.0001709140077804	6.385665379867472e-07	0.0023788345085109	rs11650890	4.01425736008167e-06	0.010509592363680285	LEVEL_C_ATLAS_FDR	-0.0348371	0.0254	NEGATIVE_EFFECT_PRODUCT	DIRECTION_CONCORDANT	CONDITIONAL	FINNISH_LD_SENSITIVITY_REQUIRED
TIER 2	CAT-CKD	False	17	17299591	18446092	-0.0001709140077804	6.385665379867472e-07	0.0023788345085109	rs4925125	6.52246266084993e-06	0.014845304639353083	LEVEL_C_ATLAS_FDR	-0.0348089	0.0244	NEGATIVE_EFFECT_PRODUCT	DIRECTION_CONCORDANT	CONDITIONAL	FINNISH_LD_SENSITIVITY_REQUIRED
TIER 2	CAT-CKD	False	17	17299591	18446092	-0.0001709140077804	6.385665379867472e-07	0.0023788345085109	rs4925126	6.83980950935497e-06	0.015323440582589318	LEVEL_C_ATLAS_FDR	-0.0348043	0.0243	NEGATIVE_EFFECT_PRODUCT	DIRECTION_CONCORDANT	CONDITIONAL	FINNISH_LD_SENSITIVITY_REQUIRED
TIER 2	CAT-CKD	False	17	17299591	18446092	-0.0001709140077804	6.385665379867472e-07	0.0023788345085109	rs2350977	5.22590140733405e-06	0.01274323154038298	LEVEL_C_ATLAS_FDR	-0.0347839	0.0249	NEGATIVE_EFFECT_PRODUCT	DIRECTION_CONCORDANT	CONDITIONAL	FINNISH_LD_SENSITIVITY_REQUIRED
TIER 2	CAT-CKD	False	17	17299591	18446092	-0.0001709140077804	6.385665379867472e-07	0.0023788345085109	rs11078403	6.88411569543954e-06	0.015387940707638992	LEVEL_C_ATLAS_FDR	-0.0347839	0.0243	NEGATIVE_EFFECT_PRODUCT	DIRECTION_CONCORDANT	CONDITIONAL	FINNISH_LD_SENSITIVITY_REQUIRED
TIER 2	CAT-CKD	False	17	17299591	18446092	-0.0001709140077804	6.385665379867472e-07	0.0023788345085109	rs8070128	4.23978314033149e-06	0.010937946003204163	LEVEL_C_ATLAS_FDR	-0.0348118	0.0253	NEGATIVE_EFFECT_PRODUCT	DIRECTION_CONCORDANT	CONDITIONAL	FINNISH_LD_SENSITIVITY_REQUIRED
TIER 2	CAT-CKD	False	17	17299591	18446092	-0.0001709140077804	6.385665379867472e-07	0.0023788345085109	rs8066145	2.90524311991493e-06	0.00833299586717721	LEVEL_C_ATLAS_FDR	0.034762	-0.0301	NEGATIVE_EFFECT_PRODUCT	DIRECTION_CONCORDANT	CONDITIONAL	FINNISH_LD_SENSITIVITY_REQUIRED
TIER 2	CAT-CKD	False	17	17299591	18446092	-0.0001709140077804	6.385665379867472e-07	0.0023788345085109	rs4925129	4.04356220381866e-06	0.010565216558226825	LEVEL_C_ATLAS_FDR	0.0348175	-0.0254	NEGATIVE_EFFECT_PRODUCT	DIRECTION_CONCORDANT	CONDITIONAL	FINNISH_LD_SENSITIVITY_REQUIRED
TIER 2	CAT-CKD	False	17	17299591	18446092	-0.0001709140077804	6.385665379867472e-07	0.0023788345085109	rs4925130	7.83066618635886e-06	0.016842165198486154	LEVEL_C_ATLAS_FDR	0.0350345	-0.0251	NEGATIVE_EFFECT_PRODUCT	DIRECTION_CONCORDANT	CONDITIONAL	FINNISH_LD_SENSITIVITY_REQUIRED
TIER 2	CAT-CKD	False	17	17299591	18446092	-0.0001709140077804	6.385665379867472e-07	0.0023788345085109	rs66531105	6.57067206967051e-06	0.014916339707524748	LEVEL_C_ATLAS_FDR	0.034786	-0.0244	NEGATIVE_EFFECT_PRODUCT	DIRECTION_CONCORDANT	CONDITIONAL	FINNISH_LD_SENSITIVITY_REQUIRED
TIER 2	CAT-CKD	False	17	17299591	18446092	-0.0001709140077804	6.385665379867472e-07	0.0023788345085109	rs8078138	4.23433421119046e-06	0.010929574799319084	LEVEL_C_ATLAS_FDR	0.0348148	-0.0253	NEGATIVE_EFFECT_PRODUCT	DIRECTION_CONCORDANT	CONDITIONAL	FINNISH_LD_SENSITIVITY_REQUIRED
TIER 2	CAT-CKD	False	17	17299591	18446092	-0.0001709140077804	6.385665379867472e-07	0.0023788345085109	rs8078583	4.432182792326e-06	0.011304914520071367	LEVEL_C_ATLAS_FDR	0.0348159	-0.0252	NEGATIVE_EFFECT_PRODUCT	DIRECTION_CONCORDANT	CONDITIONAL	FINNISH_LD_SENSITIVITY_REQUIRED
TIER 2	CAT-CKD	False	17	17299591	18446092	-0.0001709140077804	6.385665379867472e-07	0.0023788345085109	rs8070722	6.91935972027901e-06	0.015440598022268154	LEVEL_C_ATLAS_FDR	0.0347738	-0.0243	NEGATIVE_EFFECT_PRODUCT	DIRECTION_CONCORDANT	CONDITIONAL	FINNISH_LD_SENSITIVITY_REQUIRED
TIER 2	CAT-CKD	False	17	17299591	18446092	-0.0001709140077804	6.385665379867472e-07	0.0023788345085109	rs7222480	4.23386223877179e-06	0.010929169252482026	LEVEL_C_ATLAS_FDR	0.034818	-0.0253	NEGATIVE_EFFECT_PRODUCT	DIRECTION_CONCORDANT	CONDITIONAL	FINNISH_LD_SENSITIVITY_REQUIRED
TIER 2	CAT-CKD	False	17	17299591	18446092	-0.0001709140077804	6.385665379867472e-07	0.0023788345085109	rs9913724	8.24523457202518e-06	0.01745245008732193	LEVEL_C_ATLAS_FDR	0.0347948	-0.0239	NEGATIVE_EFFECT_PRODUCT	DIRECTION_CONCORDANT	CONDITIONAL	FINNISH_LD_SENSITIVITY_REQUIRED
TIER 2	CAT-CKD	False	17	17299591	18446092	-0.0001709140077804	6.385665379867472e-07	0.0023788345085109	rs7207043	7.49870391504164e-06	0.016334655205079086	LEVEL_C_ATLAS_FDR	0.0348126	-0.0241	NEGATIVE_EFFECT_PRODUCT	DIRECTION_CONCORDANT	CONDITIONAL	FINNISH_LD_SENSITIVITY_REQUIRED
TIER 2	CAT-CKD	False	17	17299591	18446092	-0.0001709140077804	6.385665379867472e-07	0.0023788345085109	rs7207395	5.07492088157048e-06	0.012471714944565957	LEVEL_C_ATLAS_FDR	0.0348241	-0.0249	NEGATIVE_EFFECT_PRODUCT	DIRECTION_CONCORDANT	CONDITIONAL	FINNISH_LD_SENSITIVITY_REQUIRED
TIER 2	CAT-CKD	False	17	17299591	18446092	-0.0001709140077804	6.385665379867472e-07	0.0023788345085109	rs7208190	8.59483540813254e-06	0.017959385616249258	LEVEL_C_ATLAS_FDR	0.0348101	-0.0238	NEGATIVE_EFFECT_PRODUCT	DIRECTION_CONCORDANT	CONDITIONAL	FINNISH_LD_SENSITIVITY_REQUIRED
TIER 2	CAT-CKD	False	17	17299591	18446092	-0.0001709140077804	6.385665379867472e-07	0.0023788345085109	rs62064156	5.31368454781125e-06	0.012887618526922663	LEVEL_C_ATLAS_FDR	0.0348243	-0.0248	NEGATIVE_EFFECT_PRODUCT	DIRECTION_CONCORDANT	CONDITIONAL	FINNISH_LD_SENSITIVITY_REQUIRED
TIER 2	CAT-CKD	False	17	17299591	18446092	-0.0001709140077804	6.385665379867472e-07	0.0023788345085109	rs11078405	6.12208314377353e-06	0.014223565153713754	LEVEL_C_ATLAS_FDR	0.0346771	-0.0246	NEGATIVE_EFFECT_PRODUCT	DIRECTION_CONCORDANT	CONDITIONAL	FINNISH_LD_SENSITIVITY_REQUIRED
TIER 2	CAT-CKD	False	17	17299591	18446092	-0.0001709140077804	6.385665379867472e-07	0.0023788345085109	rs9912895	9.00891105015379e-06	0.018599570669361746	LEVEL_C_ATLAS_FDR	0.0348083	-0.0237	NEGATIVE_EFFECT_PRODUCT	DIRECTION_CONCORDANT	CONDITIONAL	FINNISH_LD_SENSITIVITY_REQUIRED
TIER 2	CAT-CKD	False	17	17299591	18446092	-0.0001709140077804	6.385665379867472e-07	0.0023788345085109	rs62064158	1.09655746134505e-05	0.02135581430684963	LEVEL_C_ATLAS_FDR	0.0347826	-0.0233	NEGATIVE_EFFECT_PRODUCT	DIRECTION_CONCORDANT	CONDITIONAL	FINNISH_LD_SENSITIVITY_REQUIRED
TIER 2	CAT-CKD	False	17	17299591	18446092	-0.0001709140077804	6.385665379867472e-07	0.0023788345085109	rs28428991	9.46421674949113e-06	0.019290605677418925	LEVEL_C_ATLAS_FDR	0.0347949	-0.0236	NEGATIVE_EFFECT_PRODUCT	DIRECTION_CONCORDANT	CONDITIONAL	FINNISH_LD_SENSITIVITY_REQUIRED
TIER 2	CAT-CKD	False	17	17299591	18446092	-0.0001709140077804	6.385665379867472e-07	0.0023788345085109	rs12452219	3.8045985596573e-06	0.010122178938059482	LEVEL_C_ATLAS_FDR	0.0348606	-0.0255	NEGATIVE_EFFECT_PRODUCT	DIRECTION_CONCORDANT	CONDITIONAL	FINNISH_LD_SENSITIVITY_REQUIRED
TIER 2	CAT-CKD	False	17	17299591	18446092	-0.0001709140077804	6.385665379867472e-07	0.0023788345085109	rs12452254	5.58180180296993e-06	0.013329238257907546	LEVEL_C_ATLAS_FDR	0.0349582	-0.0246	NEGATIVE_EFFECT_PRODUCT	DIRECTION_CONCORDANT	CONDITIONAL	FINNISH_LD_SENSITIVITY_REQUIRED
TIER 2	CAT-CKD	False	17	17299591	18446092	-0.0001709140077804	6.385665379867472e-07	0.0023788345085109	rs9904163	9.04008645992362e-06	0.018647298134691282	LEVEL_C_ATLAS_FDR	0.0347945	-0.0237	NEGATIVE_EFFECT_PRODUCT	DIRECTION_CONCORDANT	CONDITIONAL	FINNISH_LD_SENSITIVITY_REQUIRED
TIER 2	CAT-CKD	False	17	17299591	18446092	-0.0001709140077804	6.385665379867472e-07	0.0023788345085109	rs8073001	9.79051692491805e-06	0.019757307550759266	LEVEL_C_ATLAS_FDR	0.0348362	-0.0235	NEGATIVE_EFFECT_PRODUCT	DIRECTION_CONCORDANT	CONDITIONAL	FINNISH_LD_SENSITIVITY_REQUIRED
TIER 2	CAT-CKD	False	17	17299591	18446092	-0.0001709140077804	6.385665379867472e-07	0.0023788345085109	rs5002487	5.07475382467408e-06	0.012471714944565957	LEVEL_C_ATLAS_FDR	0.0348242	-0.0249	NEGATIVE_EFFECT_PRODUCT	DIRECTION_CONCORDANT	CONDITIONAL	FINNISH_LD_SENSITIVITY_REQUIRED
TIER 2	CAT-CKD	False	17	17299591	18446092	-0.0001709140077804	6.385665379867472e-07	0.0023788345085109	rs8068820	9.45548703849918e-06	0.019278985068145463	LEVEL_C_ATLAS_FDR	0.034798	-0.0236	NEGATIVE_EFFECT_PRODUCT	DIRECTION_CONCORDANT	CONDITIONAL	FINNISH_LD_SENSITIVITY_REQUIRED
TIER 2	CAT-CKD	False	17	17299591	18446092	-0.0001709140077804	6.385665379867472e-07	0.0023788345085109	rs4077198	9.89382882830259e-06	0.019901001249584268	LEVEL_C_ATLAS_FDR	0.0348008	-0.0235	NEGATIVE_EFFECT_PRODUCT	DIRECTION_CONCORDANT	CONDITIONAL	FINNISH_LD_SENSITIVITY_REQUIRED
TIER 2	CAT-CKD	False	17	17299591	18446092	-0.0001709140077804	6.385665379867472e-07	0.0023788345085109	rs6502622	8.12663599601711e-06	0.017283825635463705	LEVEL_C_ATLAS_FDR	0.0348405	-0.0239	NEGATIVE_EFFECT_PRODUCT	DIRECTION_CONCORDANT	CONDITIONAL	FINNISH_LD_SENSITIVITY_REQUIRED
TIER 2	CAT-CKD	False	17	17299591	18446092	-0.0001709140077804	6.385665379867472e-07	0.0023788345085109	rs11656840	9.49399829841747e-06	0.019328608959482962	LEVEL_C_ATLAS_FDR	0.0349457	-0.0235	NEGATIVE_EFFECT_PRODUCT	DIRECTION_CONCORDANT	CONDITIONAL	FINNISH_LD_SENSITIVITY_REQUIRED
TIER 2	CAT-CKD	False	17	17299591	18446092	-0.0001709140077804	6.385665379867472e-07	0.0023788345085109	rs4341796	5.36625606695007e-06	0.012975191505581391	LEVEL_C_ATLAS_FDR	0.0349433	-0.0247	NEGATIVE_EFFECT_PRODUCT	DIRECTION_CONCORDANT	CONDITIONAL	FINNISH_LD_SENSITIVITY_REQUIRED
TIER 2	CAT-CKD	False	17	17299591	18446092	-0.0001709140077804	6.385665379867472e-07	0.0023788345085109	rs11078406	1.04196202250617e-05	0.02060394066403489	LEVEL_C_ATLAS_FDR	0.0349378	-0.0233	NEGATIVE_EFFECT_PRODUCT	DIRECTION_CONCORDANT	CONDITIONAL	FINNISH_LD_SENSITIVITY_REQUIRED
TIER 2	CAT-CKD	False	17	17299591	18446092	-0.0001709140077804	6.385665379867472e-07	0.0023788345085109	rs11078407	9.9095864619659e-06	0.01992115322600775	LEVEL_C_ATLAS_FDR	0.0347953	-0.0235	NEGATIVE_EFFECT_PRODUCT	DIRECTION_CONCORDANT	CONDITIONAL	FINNISH_LD_SENSITIVITY_REQUIRED
TIER 2	CAT-CKD	False	17	17299591	18446092	-0.0001709140077804	6.385665379867472e-07	0.0023788345085109	rs4244602	5.82875491538627e-06	0.013755249757386222	LEVEL_C_ATLAS_FDR	0.0348235	-0.0246	NEGATIVE_EFFECT_PRODUCT	DIRECTION_CONCORDANT	CONDITIONAL	FINNISH_LD_SENSITIVITY_REQUIRED
TIER 2	CAT-CKD	False	17	17299591	18446092	-0.0001709140077804	6.385665379867472e-07	0.0023788345085109	rs11657773	6.08895094429935e-06	0.014167049095329775	LEVEL_C_ATLAS_FDR	0.0347912	-0.0261	NEGATIVE_EFFECT_PRODUCT	DIRECTION_CONCORDANT	CONDITIONAL	FINNISH_LD_SENSITIVITY_REQUIRED
TIER 2	CAT-CKD	False	17	17299591	18446092	-0.0001709140077804	6.385665379867472e-07	0.0023788345085109	rs4470201	7.11519901663824e-06	0.015734256561447762	LEVEL_C_ATLAS_FDR	0.0349785	-0.0241	NEGATIVE_EFFECT_PRODUCT	DIRECTION_CONCORDANT	CONDITIONAL	FINNISH_LD_SENSITIVITY_REQUIRED
TIER 2	CAT-CKD	False	17	17299591	18446092	-0.0001709140077804	6.385665379867472e-07	0.0023788345085109	rs6502624	1.00683047573644e-05	0.02013063383290057	LEVEL_C_ATLAS_FDR	0.0350631	-0.0233	NEGATIVE_EFFECT_PRODUCT	DIRECTION_CONCORDANT	CONDITIONAL	FINNISH_LD_SENSITIVITY_REQUIRED
TIER 2	CAT-CKD	False	17	17299591	18446092	-0.0001709140077804	6.385665379867472e-07	0.0023788345085109	rs6502626	1.01146493221866e-05	0.020195377188285724	LEVEL_C_ATLAS_FDR	0.0349015	-0.0234	NEGATIVE_EFFECT_PRODUCT	DIRECTION_CONCORDANT	CONDITIONAL	FINNISH_LD_SENSITIVITY_REQUIRED
TIER 2	CAT-CKD	False	17	17299591	18446092	-0.0001709140077804	6.385665379867472e-07	0.0023788345085109	rs6502627	8.19713944785757e-06	0.01738477500969266	LEVEL_C_ATLAS_FDR	0.0349834	-0.0238	NEGATIVE_EFFECT_PRODUCT	DIRECTION_CONCORDANT	CONDITIONAL	FINNISH_LD_SENSITIVITY_REQUIRED
TIER 2	CAT-CKD	False	17	17299591	18446092	-0.0001709140077804	6.385665379867472e-07	0.0023788345085109	rs8065416	1.13977263315581e-05	0.02191273395249183	LEVEL_C_ATLAS_FDR	0.0349608	-0.0231	NEGATIVE_EFFECT_PRODUCT	DIRECTION_CONCORDANT	CONDITIONAL	FINNISH_LD_SENSITIVITY_REQUIRED
TIER 2	CAT-CKD	False	17	17299591	18446092	-0.0001709140077804	6.385665379867472e-07	0.0023788345085109	rs8066982	8.8253523824033e-06	0.018327427399991568	LEVEL_C_ATLAS_FDR	0.0348936	-0.0237	NEGATIVE_EFFECT_PRODUCT	DIRECTION_CONCORDANT	CONDITIONAL	FINNISH_LD_SENSITIVITY_REQUIRED
TIER 2	CAT-CKD	False	17	17299591	18446092	-0.0001709140077804	6.385665379867472e-07	0.0023788345085109	rs4534911	6.33042399664137e-06	0.01456291028713104	LEVEL_C_ATLAS_FDR	0.03502	-0.0243	NEGATIVE_EFFECT_PRODUCT	DIRECTION_CONCORDANT	CONDITIONAL	FINNISH_LD_SENSITIVITY_REQUIRED
TIER 2	CAT-CKD	False	17	17299591	18446092	-0.0001709140077804	6.385665379867472e-07	0.0023788345085109	rs7214536	8.84344790028431e-06	0.018353424930539788	LEVEL_C_ATLAS_FDR	0.0350354	-0.0236	NEGATIVE_EFFECT_PRODUCT	DIRECTION_CONCORDANT	CONDITIONAL	FINNISH_LD_SENSITIVITY_REQUIRED
TIER 2	CAT-CKD	False	17	17299591	18446092	-0.0001709140077804	6.385665379867472e-07	0.0023788345085109	rs8077530	5.94676877017995e-06	0.013934280392384252	LEVEL_C_ATLAS_FDR	0.0348347	-0.0246	NEGATIVE_EFFECT_PRODUCT	DIRECTION_CONCORDANT	CONDITIONAL	FINNISH_LD_SENSITIVITY_REQUIRED
TIER 2	CAT-CKD	False	17	17299591	18446092	-0.0001709140077804	6.385665379867472e-07	0.0023788345085109	rs8076747	8.84421604790325e-06	0.018353424930539788	LEVEL_C_ATLAS_FDR	0.0356302	-0.0244	NEGATIVE_EFFECT_PRODUCT	DIRECTION_CONCORDANT	CONDITIONAL	FINNISH_LD_SENSITIVITY_REQUIRED
TIER 2	CAT-CKD	False	17	17299591	18446092	-0.0001709140077804	6.385665379867472e-07	0.0023788345085109	rs8078105	5.58737536003147e-06	0.013339794685693854	LEVEL_C_ATLAS_FDR	0.0348817	-0.0247	NEGATIVE_EFFECT_PRODUCT	DIRECTION_CONCORDANT	CONDITIONAL	FINNISH_LD_SENSITIVITY_REQUIRED
TIER 2	CAT-CKD	False	17	17299591	18446092	-0.0001709140077804	6.385665379867472e-07	0.0023788345085109	rs4257260	7.40882476699202e-06	0.01619476530409936	LEVEL_C_ATLAS_FDR	0.0350015	-0.024	NEGATIVE_EFFECT_PRODUCT	DIRECTION_CONCORDANT	CONDITIONAL	FINNISH_LD_SENSITIVITY_REQUIRED
TIER 2	CAT-CKD	False	17	17299591	18446092	-0.0001709140077804	6.385665379867472e-07	0.0023788345085109	rs4553680	6.26839204823109e-06	0.014462727844279051	LEVEL_C_ATLAS_FDR	0.0349024	-0.0244	NEGATIVE_EFFECT_PRODUCT	DIRECTION_CONCORDANT	CONDITIONAL	FINNISH_LD_SENSITIVITY_REQUIRED
TIER 2	CAT-CKD	False	17	17299591	18446092	-0.0001709140077804	6.385665379867472e-07	0.0023788345085109	rs8065970	9.58786196712875e-06	0.01946490524581443	LEVEL_C_ATLAS_FDR	0.03477	-0.0236	NEGATIVE_EFFECT_PRODUCT	DIRECTION_CONCORDANT	CONDITIONAL	FINNISH_LD_SENSITIVITY_REQUIRED
TIER 2	CAT-CKD	False	17	17299591	18446092	-0.0001709140077804	6.385665379867472e-07	0.0023788345085109	rs4414547	1.09698766931874e-05	0.0213587068056656	LEVEL_C_ATLAS_FDR	0.0346367	-0.0234	NEGATIVE_EFFECT_PRODUCT	DIRECTION_CONCORDANT	CONDITIONAL	FINNISH_LD_SENSITIVITY_REQUIRED
TIER 2	CAT-CKD	False	17	17299591	18446092	-0.0001709140077804	6.385665379867472e-07	0.0023788345085109	rs8070748	9.44674867039983e-06	0.01926788362373036	LEVEL_C_ATLAS_FDR	0.0348194	-0.0236	NEGATIVE_EFFECT_PRODUCT	DIRECTION_CONCORDANT	CONDITIONAL	FINNISH_LD_SENSITIVITY_REQUIRED
TIER 2	CAT-CKD	False	17	17299591	18446092	-0.0001709140077804	6.385665379867472e-07	0.0023788345085109	rs4616340	9.08813321399955e-06	0.018721557745237566	LEVEL_C_ATLAS_FDR	0.0346504	-0.0238	NEGATIVE_EFFECT_PRODUCT	DIRECTION_CONCORDANT	CONDITIONAL	FINNISH_LD_SENSITIVITY_REQUIRED
TIER 2	CAT-CKD	False	17	17299591	18446092	-0.0001709140077804	6.385665379867472e-07	0.0023788345085109	rs8080823	5.89742774516539e-06	0.013859832029258393	LEVEL_C_ATLAS_FDR	0.0348051	-0.0246	NEGATIVE_EFFECT_PRODUCT	DIRECTION_CONCORDANT	CONDITIONAL	FINNISH_LD_SENSITIVITY_REQUIRED
TIER 2	CAT-CKD	False	17	17299591	18446092	-0.0001709140077804	6.385665379867472e-07	0.0023788345085109	rs12603148	9.60324929251396e-06	0.019482470488250126	LEVEL_C_ATLAS_FDR	0.0347753	-0.0236	NEGATIVE_EFFECT_PRODUCT	DIRECTION_CONCORDANT	CONDITIONAL	FINNISH_LD_SENSITIVITY_REQUIRED
TIER 2	CAT-CKD	False	17	17299591	18446092	-0.0001709140077804	6.385665379867472e-07	0.0023788345085109	rs9905284	7.88446321400825e-06	0.016931698676683492	LEVEL_C_ATLAS_FDR	0.0348142	-0.024	NEGATIVE_EFFECT_PRODUCT	DIRECTION_CONCORDANT	CONDITIONAL	FINNISH_LD_SENSITIVITY_REQUIRED
TIER 2	CAT-CKD	False	17	17299591	18446092	-0.0001709140077804	6.385665379867472e-07	0.0023788345085109	rs10048206	6.36160588011945e-06	0.014609469360404815	LEVEL_C_ATLAS_FDR	0.0348531	-0.0247	NEGATIVE_EFFECT_PRODUCT	DIRECTION_CONCORDANT	CONDITIONAL	FINNISH_LD_SENSITIVITY_REQUIRED
TIER 2	CAT-CKD	False	17	17299591	18446092	-0.0001709140077804	6.385665379867472e-07	0.0023788345085109	rs12600546	9.44436709616418e-06	0.01926485276808214	LEVEL_C_ATLAS_FDR	0.0349705	-0.0235	NEGATIVE_EFFECT_PRODUCT	DIRECTION_CONCORDANT	CONDITIONAL	FINNISH_LD_SENSITIVITY_REQUIRED
TIER 2	CAT-CKD	False	17	17299591	18446092	-0.0001709140077804	6.385665379867472e-07	0.0023788345085109	rs7213225	7.76875183277836e-06	0.01675761717027528	LEVEL_C_ATLAS_FDR	0.0348557	-0.024	NEGATIVE_EFFECT_PRODUCT	DIRECTION_CONCORDANT	CONDITIONAL	FINNISH_LD_SENSITIVITY_REQUIRED
TIER 2	CAT-CKD	False	17	17299591	18446092	-0.0001709140077804	6.385665379867472e-07	0.0023788345085109	rs9908832	6.33633340567452e-06	0.014571676091984804	LEVEL_C_ATLAS_FDR	0.0349178	-0.0244	NEGATIVE_EFFECT_PRODUCT	DIRECTION_CONCORDANT	CONDITIONAL	FINNISH_LD_SENSITIVITY_REQUIRED
TIER 2	CAT-CKD	False	17	17299591	18446092	-0.0001709140077804	6.385665379867472e-07	0.0023788345085109	rs9635698	5.76282047592463e-06	0.013644114509596147	LEVEL_C_ATLAS_FDR	0.0349259	-0.0246	NEGATIVE_EFFECT_PRODUCT	DIRECTION_CONCORDANT	CONDITIONAL	FINNISH_LD_SENSITIVITY_REQUIRED
TIER 2	CAT-CKD	False	17	17299591	18446092	-0.0001709140077804	6.385665379867472e-07	0.0023788345085109	rs4343339	6.50126834197345e-06	0.01481455066638262	LEVEL_C_ATLAS_FDR	0.0349826	-0.0243	NEGATIVE_EFFECT_PRODUCT	DIRECTION_CONCORDANT	CONDITIONAL	FINNISH_LD_SENSITIVITY_REQUIRED
TIER 2	CAT-CKD	False	17	17299591	18446092	-0.0001709140077804	6.385665379867472e-07	0.0023788345085109	rs8068175	2.74879705044054e-05	0.04051265607192115	LEVEL_C_ATLAS_FDR	0.0327787	-0.0239	NEGATIVE_EFFECT_PRODUCT	DIRECTION_CONCORDANT	CONDITIONAL	FINNISH_LD_SENSITIVITY_REQUIRED
TIER 2	CAT-CKD	False	17	17299591	18446092	-0.0001709140077804	6.385665379867472e-07	0.0023788345085109	rs57728924	1.98429435198754e-05	0.0324071809168667	LEVEL_C_ATLAS_FDR	0.0341015	-0.0237	NEGATIVE_EFFECT_PRODUCT	DIRECTION_CONCORDANT	CONDITIONAL	FINNISH_LD_SENSITIVITY_REQUIRED
TIER 2	CAT-CKD	False	17	17299591	18446092	-0.0001709140077804	6.385665379867472e-07	0.0023788345085109	rs59304093	2.31582014771262e-05	0.036034626572563906	LEVEL_C_ATLAS_FDR	0.0345701	-0.023	NEGATIVE_EFFECT_PRODUCT	DIRECTION_CONCORDANT	CONDITIONAL	FINNISH_LD_SENSITIVITY_REQUIRED
TIER 2	CAT-CKD	False	17	17299591	18446092	-0.0001709140077804	6.385665379867472e-07	0.0023788345085109	rs11078408	2.14785584192067e-05	0.03420614747502952	LEVEL_C_ATLAS_FDR	0.0345699	-0.0232	NEGATIVE_EFFECT_PRODUCT	DIRECTION_CONCORDANT	CONDITIONAL	FINNISH_LD_SENSITIVITY_REQUIRED
TIER 2	CAT-CKD	False	17	17299591	18446092	-0.0001709140077804	6.385665379867472e-07	0.0023788345085109	rs11870660	1.34880741731708e-05	0.02470810756897758	LEVEL_C_ATLAS_FDR	0.0345989	-0.0242	NEGATIVE_EFFECT_PRODUCT	DIRECTION_CONCORDANT	CONDITIONAL	FINNISH_LD_SENSITIVITY_REQUIRED
TIER 2	CAT-CKD	False	17	17299591	18446092	-0.0001709140077804	6.385665379867472e-07	0.0023788345085109	rs4471742	2.25702197936299e-05	0.03541339818874763	LEVEL_C_ATLAS_FDR	0.0345482	-0.0231	NEGATIVE_EFFECT_PRODUCT	DIRECTION_CONCORDANT	CONDITIONAL	FINNISH_LD_SENSITIVITY_REQUIRED
TIER 2	CAT-CKD	False	17	17299591	18446092	-0.0001709140077804	6.385665379867472e-07	0.0023788345085109	rs4299203	9.60288525607024e-06	0.019482470488250126	LEVEL_C_ATLAS_FDR	0.0347063	-0.0249	NEGATIVE_EFFECT_PRODUCT	DIRECTION_CONCORDANT	CONDITIONAL	FINNISH_LD_SENSITIVITY_REQUIRED
TIER 2	CAT-CKD	False	17	17299591	18446092	-0.0001709140077804	6.385665379867472e-07	0.0023788345085109	rs4321247	1.51546080956111e-05	0.026798711440836575	LEVEL_C_ATLAS_FDR	0.0336524	-0.0234	NEGATIVE_EFFECT_PRODUCT	DIRECTION_CONCORDANT	CONDITIONAL	FINNISH_LD_SENSITIVITY_REQUIRED
TIER 2	CAT-CKD	False	17	17299591	18446092	-0.0001709140077804	6.385665379867472e-07	0.0023788345085109	rs7219320	1.46462536947771e-05	0.026149628649954255	LEVEL_C_ATLAS_FDR	0.0344672	-0.0241	NEGATIVE_EFFECT_PRODUCT	DIRECTION_CONCORDANT	CONDITIONAL	FINNISH_LD_SENSITIVITY_REQUIRED
TIER 2	CAT-CKD	False	17	17299591	18446092	-0.0001709140077804	6.385665379867472e-07	0.0023788345085109	rs11871231	3.45958877793561e-05	0.04728626316928351	LEVEL_C_ATLAS_FDR	0.0374115	-0.0224	NEGATIVE_EFFECT_PRODUCT	DIRECTION_CONCORDANT	CONDITIONAL	FINNISH_LD_SENSITIVITY_REQUIRED
TIER 2	CAT-CKD	False	17	17299591	18446092	-0.0001709140077804	6.385665379867472e-07	0.0023788345085109	rs11869491	2.99049252670091e-05	0.042909295187227664	LEVEL_C_ATLAS_FDR	0.0376626	-0.0226	NEGATIVE_EFFECT_PRODUCT	DIRECTION_CONCORDANT	CONDITIONAL	FINNISH_LD_SENSITIVITY_REQUIRED
TIER 2	CAT-CKD	False	17	17299591	18446092	-0.0001709140077804	6.385665379867472e-07	0.0023788345085109	rs4459604	2.89232540013209e-05	0.04192838589369951	LEVEL_C_ATLAS_FDR	0.0368235	-0.0214	NEGATIVE_EFFECT_PRODUCT	DIRECTION_CONCORDANT	CONDITIONAL	FINNISH_LD_SENSITIVITY_REQUIRED
TIER 2	CAT-CKD	False	17	17299591	18446092	-0.0001709140077804	6.385665379867472e-07	0.0023788345085109	rs8071238	2.7896733079777e-05	0.04092539789396704	LEVEL_C_ATLAS_FDR	0.0387516	-0.0211	NEGATIVE_EFFECT_PRODUCT	DIRECTION_CONCORDANT	CONDITIONAL	FINNISH_LD_SENSITIVITY_REQUIRED
TIER 2	CAT-CKD	False	17	17299591	18446092	-0.0001709140077804	6.385665379867472e-07	0.0023788345085109	rs62072049	3.17642122421157e-06	0.00888039367773678	LEVEL_C_ATLAS_FDR	0.0357178	-0.0259	NEGATIVE_EFFECT_PRODUCT	DIRECTION_CONCORDANT	CONDITIONAL	FINNISH_LD_SENSITIVITY_REQUIRED
TIER 2	CAT-CKD	False	17	17299591	18446092	-0.0001709140077804	6.385665379867472e-07	0.0023788345085109	rs12948749	4.64342821734326e-06	0.011690815164882946	LEVEL_C_ATLAS_FDR	-0.0355367	0.0252	NEGATIVE_EFFECT_PRODUCT	DIRECTION_CONCORDANT	CONDITIONAL	FINNISH_LD_SENSITIVITY_REQUIRED
TIER 2	CAT-CKD	False	17	17299591	18446092	-0.0001709140077804	6.385665379867472e-07	0.0023788345085109	rs11652894	3.37544552550151e-06	0.009276915197606386	LEVEL_C_ATLAS_FDR	-0.0351762	0.0262	NEGATIVE_EFFECT_PRODUCT	DIRECTION_CONCORDANT	CONDITIONAL	FINNISH_LD_SENSITIVITY_REQUIRED
TIER 2	CAT-CKD	False	17	17299591	18446092	-0.0001709140077804	6.385665379867472e-07	0.0023788345085109	rs2955352	2.83057223758109e-05	0.041328326330005286	LEVEL_C_ATLAS_FDR	-0.0364067	0.0231	NEGATIVE_EFFECT_PRODUCT	DIRECTION_CONCORDANT	CONDITIONAL	FINNISH_LD_SENSITIVITY_REQUIRED
TIER 2	CAT-CKD	False	17	17299591	18446092	-0.0001709140077804	6.385665379867472e-07	0.0023788345085109	rs2955371	5.03751082215763e-06	0.012404096208799443	LEVEL_C_ATLAS_FDR	-0.0355701	0.025	NEGATIVE_EFFECT_PRODUCT	DIRECTION_CONCORDANT	CONDITIONAL	FINNISH_LD_SENSITIVITY_REQUIRED
TIER 2	CAT-STROKE	True	10	12799286	13718384	-0.0002443768914323	1.1711989559365834e-05	0.0205537196823386	rs4750356	2.23671465083332e-06	0.006879943198801271	LEVEL_C_ATLAS_FDR	-0.0289314	0.0254	NEGATIVE_EFFECT_PRODUCT	DIRECTION_CONCORDANT	CONDITIONAL	FINNISH_LD_SENSITIVITY_REQUIRED
TIER 2	CAT-STROKE	True	10	12799286	13718384	-0.0002443768914323	1.1711989559365834e-05	0.0205537196823386	rs1890876	1.23335358703066e-05	0.023196681173340818	LEVEL_C_ATLAS_FDR	-0.0284054	0.0232	NEGATIVE_EFFECT_PRODUCT	DIRECTION_CONCORDANT	CONDITIONAL	FINNISH_LD_SENSITIVITY_REQUIRED
TIER 2	CAT-STROKE	True	10	12799286	13718384	-0.0002443768914323	1.1711989559365834e-05	0.0205537196823386	rs2277222	7.17185850214646e-06	0.015817229308184973	LEVEL_C_ATLAS_FDR	-0.0258608	0.0257	NEGATIVE_EFFECT_PRODUCT	DIRECTION_CONCORDANT	CONDITIONAL	FINNISH_LD_SENSITIVITY_REQUIRED
TIER 2	CAT-STROKE	True	10	12799286	13718384	-0.0002443768914323	1.1711989559365834e-05	0.0205537196823386	rs10906375	1.03558195649655e-05	0.020517583365863852	LEVEL_C_ATLAS_FDR	-0.0258187	0.0249	NEGATIVE_EFFECT_PRODUCT	DIRECTION_CONCORDANT	CONDITIONAL	FINNISH_LD_SENSITIVITY_REQUIRED
TIER 2	CAT-STROKE	True	10	12799286	13718384	-0.0002443768914323	1.1711989559365834e-05	0.0205537196823386	rs10796083	2.3263928870568e-05	0.036144849030243	LEVEL_C_ATLAS_FDR	-0.0305821	0.0201	NEGATIVE_EFFECT_PRODUCT	DIRECTION_CONCORDANT	CONDITIONAL	FINNISH_LD_SENSITIVITY_REQUIRED
TIER 2	CAT-STROKE	True	10	12799286	13718384	-0.0002443768914323	1.1711989559365834e-05	0.0205537196823386	rs4748035	1.27550147188878e-05	0.023767886697313657	LEVEL_C_ATLAS_FDR	-0.030737	0.0212	NEGATIVE_EFFECT_PRODUCT	DIRECTION_CONCORDANT	CONDITIONAL	FINNISH_LD_SENSITIVITY_REQUIRED
TIER 2	CAT-STROKE	True	10	12799286	13718384	-0.0002443768914323	1.1711989559365834e-05	0.0205537196823386	rs4748040	2.85139885405934e-05	0.04152374981964431	LEVEL_C_ATLAS_FDR	-0.0315327	0.0194	NEGATIVE_EFFECT_PRODUCT	DIRECTION_CONCORDANT	CONDITIONAL	FINNISH_LD_SENSITIVITY_REQUIRED
TIER 2	CAT-STROKE	True	10	12799286	13718384	-0.0002443768914323	1.1711989559365834e-05	0.0205537196823386	rs7090963	2.09006920272993e-05	0.03358478232761952	LEVEL_C_ATLAS_FDR	-0.032526	0.0195	NEGATIVE_EFFECT_PRODUCT	DIRECTION_CONCORDANT	CONDITIONAL	FINNISH_LD_SENSITIVITY_REQUIRED
TIER 2	CAT-STROKE	True	10	12799286	13718384	-0.0002443768914323	1.1711989559365834e-05	0.0205537196823386	rs2251555	1.41074963774719e-05	0.025500969930526786	LEVEL_C_ATLAS_FDR	0.0213401	-0.0286	NEGATIVE_EFFECT_PRODUCT	DIRECTION_CONCORDANT	CONDITIONAL	FINNISH_LD_SENSITIVITY_REQUIRED
TIER 2	CAT-STROKE	True	10	12799286	13718384	-0.0002443768914323	1.1711989559365834e-05	0.0205537196823386	rs6602661	2.87551029623481e-05	0.04175612418330517	LEVEL_C_ATLAS_FDR	0.0222309	-0.0256	NEGATIVE_EFFECT_PRODUCT	DIRECTION_CONCORDANT	CONDITIONAL	FINNISH_LD_SENSITIVITY_REQUIRED
TIER 2	CAT-T2D	False	17	46828412	48027295	0.0002228325466513	2.6473137923746302e-05	0.0314731563032679	rs12937175	5.10298543405053e-07	0.0020807386242122643	LEVEL_C_ATLAS_FDR	-0.0200677	-0.0483	POSITIVE_EFFECT_PRODUCT	DIRECTION_CONCORDANT	CONDITIONAL	FINNISH_LD_SENSITIVITY_REQUIRED
TIER 2	CAT-T2D	False	17	46828412	48027295	0.0002228325466513	2.6473137923746302e-05	0.0314731563032679	rs11870567	4.96165077319063e-07	0.002033380322280497	LEVEL_C_ATLAS_FDR	-0.0200677	-0.0484	POSITIVE_EFFECT_PRODUCT	DIRECTION_CONCORDANT	CONDITIONAL	FINNISH_LD_SENSITIVITY_REQUIRED
TIER 2	CAT-T2D	False	17	46828412	48027295	0.0002228325466513	2.6473137923746302e-05	0.0314731563032679	rs11657868	3.99202937296668e-07	0.0016902916567149305	LEVEL_C_ATLAS_FDR	-0.020917	-0.0491	POSITIVE_EFFECT_PRODUCT	DIRECTION_CONCORDANT	CONDITIONAL	FINNISH_LD_SENSITIVITY_REQUIRED
TIER 2	CAT-T2D	False	17	46828412	48027295	0.0002228325466513	2.6473137923746302e-05	0.0314731563032679	rs595767	2.08199366328972e-07	0.0009920319988200293	LEVEL_C_ATLAS_FDR	0.0190005	0.0451	POSITIVE_EFFECT_PRODUCT	DIRECTION_CONCORDANT	CONDITIONAL	FINNISH_LD_SENSITIVITY_REQUIRED
TIER 2	CAT-T2D	False	17	46828412	48027295	0.0002228325466513	2.6473137923746302e-05	0.0314731563032679	rs11650158	1.54106030419223e-06	0.005134653176885027	LEVEL_C_ATLAS_FDR	-0.0248316	-0.0482	POSITIVE_EFFECT_PRODUCT	DIRECTION_CONCORDANT	CONDITIONAL	FINNISH_LD_SENSITIVITY_REQUIRED
TIER 2	CAT-T2D	False	17	46828412	48027295	0.0002228325466513	2.6473137923746302e-05	0.0314731563032679	rs4793990	7.11806236778676e-07	0.0027416779518381514	LEVEL_C_ATLAS_FDR	0.0191717	0.0493	POSITIVE_EFFECT_PRODUCT	DIRECTION_CONCORDANT	CONDITIONAL	FINNISH_LD_SENSITIVITY_REQUIRED
TIER 2	CAT-T2D	False	17	46828412	48027295	0.0002228325466513	2.6473137923746302e-05	0.0314731563032679	rs9909916	7.18333140202657e-06	0.015836495134607817	LEVEL_C_ATLAS_FDR	-0.0175772	-0.0499	POSITIVE_EFFECT_PRODUCT	DIRECTION_CONCORDANT	CONDITIONAL	FINNISH_LD_SENSITIVITY_REQUIRED
TIER 2	CAT-T2D	False	17	46828412	48027295	0.0002228325466513	2.6473137923746302e-05	0.0314731563032679	rs9914918	7.9743642844573e-07	0.0029992817080435508	LEVEL_C_ATLAS_FDR	-0.0188157	-0.0505	POSITIVE_EFFECT_PRODUCT	DIRECTION_CONCORDANT	CONDITIONAL	FINNISH_LD_SENSITIVITY_REQUIRED
TIER 2	CAT-T2D	False	17	46828412	48027295	0.0002228325466513	2.6473137923746302e-05	0.0314731563032679	rs7209449	7.49016056927898e-07	0.0028564730462755316	LEVEL_C_ATLAS_FDR	0.0188695	0.0506	POSITIVE_EFFECT_PRODUCT	DIRECTION_CONCORDANT	CONDITIONAL	FINNISH_LD_SENSITIVITY_REQUIRED
TIER 2	CAT-T2D	False	17	46828412	48027295	0.0002228325466513	2.6473137923746302e-05	0.0314731563032679	rs602051	2.77253030467845e-07	0.0012557310684601479	LEVEL_C_ATLAS_FDR	0.0188238	0.0447	POSITIVE_EFFECT_PRODUCT	DIRECTION_CONCORDANT	CONDITIONAL	FINNISH_LD_SENSITIVITY_REQUIRED
TIER 2	CAT-T2D	False	17	46828412	48027295	0.0002228325466513	2.6473137923746302e-05	0.0314731563032679	rs12950328	2.61101930861243e-07	0.001197264312954886	LEVEL_C_ATLAS_FDR	0.0187721	0.045	POSITIVE_EFFECT_PRODUCT	DIRECTION_CONCORDANT	CONDITIONAL	FINNISH_LD_SENSITIVITY_REQUIRED
TIER 2	CAT-T2D	False	17	46828412	48027295	0.0002228325466513	2.6473137923746302e-05	0.0314731563032679	rs12948439	3.03771009154752e-07	0.001348907115695659	LEVEL_C_ATLAS_FDR	0.018697	0.0447	POSITIVE_EFFECT_PRODUCT	DIRECTION_CONCORDANT	CONDITIONAL	FINNISH_LD_SENSITIVITY_REQUIRED
TIER 2	CAT-T2D	False	17	46828412	48027295	0.0002228325466513	2.6473137923746302e-05	0.0314731563032679	rs1973404	5.95404961797796e-07	0.002365516313473356	LEVEL_C_ATLAS_FDR	-0.0189488	-0.052	POSITIVE_EFFECT_PRODUCT	DIRECTION_CONCORDANT	CONDITIONAL	FINNISH_LD_SENSITIVITY_REQUIRED
TIER 2	CAT-T2D	False	17	46828412	48027295	0.0002228325466513	2.6473137923746302e-05	0.0314731563032679	rs3760451	6.90491763150964e-07	0.0026696525031187643	LEVEL_C_ATLAS_FDR	-0.018987	-0.0506	POSITIVE_EFFECT_PRODUCT	DIRECTION_CONCORDANT	CONDITIONAL	FINNISH_LD_SENSITIVITY_REQUIRED
TIER 2	CAT-T2D	False	17	46828412	48027295	0.0002228325466513	2.6473137923746302e-05	0.0314731563032679	rs1962412	1.15379024917686e-06	0.0040404585180368715	LEVEL_C_ATLAS_FDR	0.017696	0.0521	POSITIVE_EFFECT_PRODUCT	DIRECTION_CONCORDANT	CONDITIONAL	FINNISH_LD_SENSITIVITY_REQUIRED
TIER 2	CAT-T2D	False	17	46828412	48027295	0.0002228325466513	2.6473137923746302e-05	0.0314731563032679	rs1800632	9.50049822174175e-06	0.019339573429605923	LEVEL_C_ATLAS_FDR	-0.0163683	-0.0514	POSITIVE_EFFECT_PRODUCT	DIRECTION_CONCORDANT	CONDITIONAL	FINNISH_LD_SENSITIVITY_REQUIRED
TIER 2	CAT-T2D	False	17	46828412	48027295	0.0002228325466513	2.6473137923746302e-05	0.0314731563032679	rs519537	2.43139933076551e-07	0.0011308053594210837	LEVEL_C_ATLAS_FDR	0.0184494	0.046	POSITIVE_EFFECT_PRODUCT	DIRECTION_CONCORDANT	CONDITIONAL	FINNISH_LD_SENSITIVITY_REQUIRED
TIER 2	CAT-T2D	False	17	46828412	48027295	0.0002228325466513	2.6473137923746302e-05	0.0314731563032679	rs832410	2.43323298164403e-07	0.0011309807653454894	LEVEL_C_ATLAS_FDR	0.0184481	0.046	POSITIVE_EFFECT_PRODUCT	DIRECTION_CONCORDANT	CONDITIONAL	FINNISH_LD_SENSITIVITY_REQUIRED
TIER 2	CAT-T2D	False	17	46828412	48027295	0.0002228325466513	2.6473137923746302e-05	0.0314731563032679	rs318095	2.34878104740521e-07	0.0010970152541454688	LEVEL_C_ATLAS_FDR	0.0184129	0.0462	POSITIVE_EFFECT_PRODUCT	DIRECTION_CONCORDANT	CONDITIONAL	FINNISH_LD_SENSITIVITY_REQUIRED
TIER 2	CAT-T2D	False	17	46828412	48027295	0.0002228325466513	2.6473137923746302e-05	0.0314731563032679	rs318096	2.56528562904204e-07	0.0011792532764994847	LEVEL_C_ATLAS_FDR	0.0184594	0.0458	POSITIVE_EFFECT_PRODUCT	DIRECTION_CONCORDANT	CONDITIONAL	FINNISH_LD_SENSITIVITY_REQUIRED
TIER 2	CAT-T2D	False	17	46828412	48027295	0.0002228325466513	2.6473137923746302e-05	0.0314731563032679	rs2112617	2.00479640128987e-07	0.0009610534901735668	LEVEL_C_ATLAS_FDR	0.0186911	0.046	POSITIVE_EFFECT_PRODUCT	DIRECTION_CONCORDANT	CONDITIONAL	FINNISH_LD_SENSITIVITY_REQUIRED
TIER 2	CAT-T2D	False	17	46828412	48027295	0.0002228325466513	2.6473137923746302e-05	0.0314731563032679	rs2643361	2.71210288466702e-07	0.0012336743657880313	LEVEL_C_ATLAS_FDR	0.0184277	0.0457	POSITIVE_EFFECT_PRODUCT	DIRECTION_CONCORDANT	CONDITIONAL	FINNISH_LD_SENSITIVITY_REQUIRED
TIER 2	CAT-T2D	False	17	46828412	48027295	0.0002228325466513	2.6473137923746302e-05	0.0314731563032679	rs2546491	3.48950562986693e-07	0.0015095545689709545	LEVEL_C_ATLAS_FDR	0.0181406	0.0456	POSITIVE_EFFECT_PRODUCT	DIRECTION_CONCORDANT	CONDITIONAL	FINNISH_LD_SENSITIVITY_REQUIRED
TIER 2	CAT-T2D	False	17	46828412	48027295	0.0002228325466513	2.6473137923746302e-05	0.0314731563032679	rs962272	2.23675423472432e-07	0.001052481130845374	LEVEL_C_ATLAS_FDR	0.0187264	0.0456	POSITIVE_EFFECT_PRODUCT	DIRECTION_CONCORDANT	CONDITIONAL	FINNISH_LD_SENSITIVITY_REQUIRED
TIER 2	CAT-T2D	False	17	46828412	48027295	0.0002228325466513	2.6473137923746302e-05	0.0314731563032679	rs962273	7.50473458679186e-07	0.0028607738363431215	LEVEL_C_ATLAS_FDR	0.0183061	0.052	POSITIVE_EFFECT_PRODUCT	DIRECTION_CONCORDANT	CONDITIONAL	FINNISH_LD_SENSITIVITY_REQUIRED
TIER 2	CAT-T2D	False	17	46828412	48027295	0.0002228325466513	2.6473137923746302e-05	0.0314731563032679	rs903567	2.80031483699428e-07	0.001265423753851717	LEVEL_C_ATLAS_FDR	0.0184659	0.0455	POSITIVE_EFFECT_PRODUCT	DIRECTION_CONCORDANT	CONDITIONAL	FINNISH_LD_SENSITIVITY_REQUIRED
TIER 2	CAT-T2D	False	17	46828412	48027295	0.0002228325466513	2.6473137923746302e-05	0.0314731563032679	rs12940898	8.30444793440239e-07	0.0030972752942715976	LEVEL_C_ATLAS_FDR	-0.0183871	-0.0428	POSITIVE_EFFECT_PRODUCT	DIRECTION_CONCORDANT	CONDITIONAL	FINNISH_LD_SENSITIVITY_REQUIRED
TIER 2	CAT-T2D	False	17	46828412	48027295	0.0002228325466513	2.6473137923746302e-05	0.0314731563032679	rs67174000	6.24107411971731e-07	0.0024562161854545903	LEVEL_C_ATLAS_FDR	-0.0184565	-0.0523	POSITIVE_EFFECT_PRODUCT	DIRECTION_CONCORDANT	CONDITIONAL	FINNISH_LD_SENSITIVITY_REQUIRED
TIER 2	CAT-T2D	False	17	46828412	48027295	0.0002228325466513	2.6473137923746302e-05	0.0314731563032679	rs4294857	2.71144810015846e-07	0.001233538167398139	LEVEL_C_ATLAS_FDR	0.0184674	0.0456	POSITIVE_EFFECT_PRODUCT	DIRECTION_CONCORDANT	CONDITIONAL	FINNISH_LD_SENSITIVITY_REQUIRED
TIER 2	CAT-T2D	False	17	46828412	48027295	0.0002228325466513	2.6473137923746302e-05	0.0314731563032679	rs28635466	7.13669585681264e-07	0.002747026136905521	LEVEL_C_ATLAS_FDR	-0.0183054	-0.0522	POSITIVE_EFFECT_PRODUCT	DIRECTION_CONCORDANT	CONDITIONAL	FINNISH_LD_SENSITIVITY_REQUIRED
TIER 2	CAT-T2D	False	17	46828412	48027295	0.0002228325466513	2.6473137923746302e-05	0.0314731563032679	rs34899772	2.76346415740761e-07	0.0012527690706390113	LEVEL_C_ATLAS_FDR	0.0184444	0.0456	POSITIVE_EFFECT_PRODUCT	DIRECTION_CONCORDANT	CONDITIONAL	FINNISH_LD_SENSITIVITY_REQUIRED
TIER 2	CAT-T2D	False	17	46828412	48027295	0.0002228325466513	2.6473137923746302e-05	0.0314731563032679	rs56236620	9.52147606061932e-07	0.003462977603599072	LEVEL_C_ATLAS_FDR	0.0185441	0.0453	POSITIVE_EFFECT_PRODUCT	DIRECTION_CONCORDANT	CONDITIONAL	FINNISH_LD_SENSITIVITY_REQUIRED
TIER 2	CAT-T2D	False	17	46828412	48027295	0.0002228325466513	2.6473137923746302e-05	0.0314731563032679	rs61576918	2.43394744311684e-07	0.0011310099561639766	LEVEL_C_ATLAS_FDR	0.0186076	0.0456	POSITIVE_EFFECT_PRODUCT	DIRECTION_CONCORDANT	CONDITIONAL	FINNISH_LD_SENSITIVITY_REQUIRED
TIER 2	CAT-T2D	False	17	46828412	48027295	0.0002228325466513	2.6473137923746302e-05	0.0314731563032679	rs11657238	7.54228356871581e-07	0.002872563686450058	LEVEL_C_ATLAS_FDR	0.0185119	0.0428	POSITIVE_EFFECT_PRODUCT	DIRECTION_CONCORDANT	CONDITIONAL	FINNISH_LD_SENSITIVITY_REQUIRED
TIER 2	CAT-T2D	False	17	46828412	48027295	0.0002228325466513	2.6473137923746302e-05	0.0314731563032679	rs28528789	7.98265512401466e-07	0.0030017495172531597	LEVEL_C_ATLAS_FDR	-0.0187231	-0.0428	POSITIVE_EFFECT_PRODUCT	DIRECTION_CONCORDANT	CONDITIONAL	FINNISH_LD_SENSITIVITY_REQUIRED
TIER 2	CAT-T2D	False	17	46828412	48027295	0.0002228325466513	2.6473137923746302e-05	0.0314731563032679	rs62075824	2.18966183634803e-07	0.0010339664808340983	LEVEL_C_ATLAS_FDR	0.0187861	0.0455	POSITIVE_EFFECT_PRODUCT	DIRECTION_CONCORDANT	CONDITIONAL	FINNISH_LD_SENSITIVITY_REQUIRED
TIER 2	CAT-T2D	False	17	46828412	48027295	0.0002228325466513	2.6473137923746302e-05	0.0314731563032679	rs999474	5.85809536016523e-07	0.002336847640885596	LEVEL_C_ATLAS_FDR	-0.0190296	-0.0431	POSITIVE_EFFECT_PRODUCT	DIRECTION_CONCORDANT	CONDITIONAL	FINNISH_LD_SENSITIVITY_REQUIRED
TIER 2	CAT-T2D	False	17	46828412	48027295	0.0002228325466513	2.6473137923746302e-05	0.0314731563032679	rs999475	5.4698117256011e-07	0.0022072360125122157	LEVEL_C_ATLAS_FDR	-0.0197338	-0.0507	POSITIVE_EFFECT_PRODUCT	DIRECTION_CONCORDANT	CONDITIONAL	FINNISH_LD_SENSITIVITY_REQUIRED
TIER 2	CAT-T2D	False	17	46828412	48027295	0.0002228325466513	2.6473137923746302e-05	0.0314731563032679	rs46521	1.61387918964759e-07	0.0008066304364546219	LEVEL_C_ATLAS_FDR	0.0190599	0.0458	POSITIVE_EFFECT_PRODUCT	DIRECTION_CONCORDANT	CONDITIONAL	FINNISH_LD_SENSITIVITY_REQUIRED
TIER 2	CAT-T2D	False	17	46828412	48027295	0.0002228325466513	2.6473137923746302e-05	0.0314731563032679	rs46522	1.59494179339651e-07	0.0007999297019227634	LEVEL_C_ATLAS_FDR	0.0190744	0.0458	POSITIVE_EFFECT_PRODUCT	DIRECTION_CONCORDANT	CONDITIONAL	FINNISH_LD_SENSITIVITY_REQUIRED
TIER 2	CAT-T2D	False	17	46828412	48027295	0.0002228325466513	2.6473137923746302e-05	0.0314731563032679	rs9894220	5.73987412785113e-07	0.002297518055860627	LEVEL_C_ATLAS_FDR	-0.0190585	-0.0431	POSITIVE_EFFECT_PRODUCT	DIRECTION_CONCORDANT	CONDITIONAL	FINNISH_LD_SENSITIVITY_REQUIRED
TIER 2	CAT-T2D	False	17	46828412	48027295	0.0002228325466513	2.6473137923746302e-05	0.0314731563032679	rs318093	1.54705230755158e-07	0.0007805350202882115	LEVEL_C_ATLAS_FDR	0.0191153	0.0458	POSITIVE_EFFECT_PRODUCT	DIRECTION_CONCORDANT	CONDITIONAL	FINNISH_LD_SENSITIVITY_REQUIRED
TIER 2	CAT-T2D	False	17	46828412	48027295	0.0002228325466513	2.6473137923746302e-05	0.0314731563032679	rs318092	1.59749146521203e-07	0.0008001679379947267	LEVEL_C_ATLAS_FDR	0.0191153	0.0457	POSITIVE_EFFECT_PRODUCT	DIRECTION_CONCORDANT	CONDITIONAL	FINNISH_LD_SENSITIVITY_REQUIRED
TIER 2	CAT-T2D	False	17	46828412	48027295	0.0002228325466513	2.6473137923746302e-05	0.0314731563032679	rs170319	1.63258877001546e-07	0.0008137553859533394	LEVEL_C_ATLAS_FDR	0.0190886	0.0457	POSITIVE_EFFECT_PRODUCT	DIRECTION_CONCORDANT	CONDITIONAL	FINNISH_LD_SENSITIVITY_REQUIRED
TIER 2	CAT-T2D	False	17	46828412	48027295	0.0002228325466513	2.6473137923746302e-05	0.0314731563032679	rs318090	1.59749146521203e-07	0.0008001679379947267	LEVEL_C_ATLAS_FDR	0.0191153	0.0457	POSITIVE_EFFECT_PRODUCT	DIRECTION_CONCORDANT	CONDITIONAL	FINNISH_LD_SENSITIVITY_REQUIRED
TIER 2	CAT-T2D	False	17	46828412	48027295	0.0002228325466513	2.6473137923746302e-05	0.0314731563032679	rs4378658	1.59873526598321e-07	0.0008005599038847133	LEVEL_C_ATLAS_FDR	0.0191147	0.0457	POSITIVE_EFFECT_PRODUCT	DIRECTION_CONCORDANT	CONDITIONAL	FINNISH_LD_SENSITIVITY_REQUIRED
TIER 2	CAT-T2D	False	17	46828412	48027295	0.0002228325466513	2.6473137923746302e-05	0.0314731563032679	rs4597361	1.8318608613759e-07	0.000893829031970458	LEVEL_C_ATLAS_FDR	0.0189443	0.0457	POSITIVE_EFFECT_PRODUCT	DIRECTION_CONCORDANT	CONDITIONAL	FINNISH_LD_SENSITIVITY_REQUIRED
TIER 2	CAT-T2D	False	17	46828412	48027295	0.0002228325466513	2.6473137923746302e-05	0.0314731563032679	rs12603261	1.59749146521203e-07	0.0008001679379947267	LEVEL_C_ATLAS_FDR	0.0191153	0.0457	POSITIVE_EFFECT_PRODUCT	DIRECTION_CONCORDANT	CONDITIONAL	FINNISH_LD_SENSITIVITY_REQUIRED
TIER 2	CAT-T2D	False	17	46828412	48027295	0.0002228325466513	2.6473137923746302e-05	0.0314731563032679	rs12453394	1.59749146521203e-07	0.0008001679379947267	LEVEL_C_ATLAS_FDR	0.0191153	0.0457	POSITIVE_EFFECT_PRODUCT	DIRECTION_CONCORDANT	CONDITIONAL	FINNISH_LD_SENSITIVITY_REQUIRED
TIER 2	CAT-T2D	False	17	46828412	48027295	0.0002228325466513	2.6473137923746302e-05	0.0314731563032679	rs12451879	1.56802522327056e-07	0.0007897390433908852	LEVEL_C_ATLAS_FDR	0.0190983	0.0458	POSITIVE_EFFECT_PRODUCT	DIRECTION_CONCORDANT	CONDITIONAL	FINNISH_LD_SENSITIVITY_REQUIRED
TIER 2	CAT-T2D	False	17	46828412	48027295	0.0002228325466513	2.6473137923746302e-05	0.0314731563032679	rs9894239	5.92191307216171e-07	0.002355714488875812	LEVEL_C_ATLAS_FDR	-0.0190585	-0.043	POSITIVE_EFFECT_PRODUCT	DIRECTION_CONCORDANT	CONDITIONAL	FINNISH_LD_SENSITIVITY_REQUIRED
TIER 2	CAT-T2D	False	17	46828412	48027295	0.0002228325466513	2.6473137923746302e-05	0.0314731563032679	rs12601072	1.46585950440338e-07	0.0007483788826064129	LEVEL_C_ATLAS_FDR	0.0191863	0.0458	POSITIVE_EFFECT_PRODUCT	DIRECTION_CONCORDANT	CONDITIONAL	FINNISH_LD_SENSITIVITY_REQUIRED
TIER 2	CAT-T2D	False	17	46828412	48027295	0.0002228325466513	2.6473137923746302e-05	0.0314731563032679	rs28409394	1.54705230755158e-07	0.0007805350202882115	LEVEL_C_ATLAS_FDR	0.0191153	0.0458	POSITIVE_EFFECT_PRODUCT	DIRECTION_CONCORDANT	CONDITIONAL	FINNISH_LD_SENSITIVITY_REQUIRED
TIER 2	CAT-T2D	False	17	46828412	48027295	0.0002228325466513	2.6473137923746302e-05	0.0314731563032679	rs58838744	1.54705230755158e-07	0.0007805350202882115	LEVEL_C_ATLAS_FDR	0.0191153	0.0458	POSITIVE_EFFECT_PRODUCT	DIRECTION_CONCORDANT	CONDITIONAL	FINNISH_LD_SENSITIVITY_REQUIRED
TIER 2	CAT-T2D	False	17	46828412	48027295	0.0002228325466513	2.6473137923746302e-05	0.0314731563032679	rs60540186	1.54705230755158e-07	0.0007805350202882115	LEVEL_C_ATLAS_FDR	0.0191153	0.0458	POSITIVE_EFFECT_PRODUCT	DIRECTION_CONCORDANT	CONDITIONAL	FINNISH_LD_SENSITIVITY_REQUIRED
TIER 2	CAT-T2D	False	17	46828412	48027295	0.0002228325466513	2.6473137923746302e-05	0.0314731563032679	rs55771415	1.59749146521203e-07	0.0008001679379947267	LEVEL_C_ATLAS_FDR	0.0191153	0.0457	POSITIVE_EFFECT_PRODUCT	DIRECTION_CONCORDANT	CONDITIONAL	FINNISH_LD_SENSITIVITY_REQUIRED
TIER 2	CAT-T2D	False	17	46828412	48027295	0.0002228325466513	2.6473137923746302e-05	0.0314731563032679	rs2088139	1.49821162762696e-07	0.000761761631197484	LEVEL_C_ATLAS_FDR	0.0191153	0.0459	POSITIVE_EFFECT_PRODUCT	DIRECTION_CONCORDANT	CONDITIONAL	FINNISH_LD_SENSITIVITY_REQUIRED
TIER 2	CAT-T2D	False	17	46828412	48027295	0.0002228325466513	2.6473137923746302e-05	0.0314731563032679	rs1058018	5.30175337491615e-07	0.00214916327708821	LEVEL_C_ATLAS_FDR	0.0193156	0.0428	POSITIVE_EFFECT_PRODUCT	DIRECTION_CONCORDANT	CONDITIONAL	FINNISH_LD_SENSITIVITY_REQUIRED
TIER 2	CAT-T2D	False	17	46828412	48027295	0.0002228325466513	2.6473137923746302e-05	0.0314731563032679	rs4793991	1.48004318141138e-07	0.0007538489945711618	LEVEL_C_ATLAS_FDR	0.0191314	0.0459	POSITIVE_EFFECT_PRODUCT	DIRECTION_CONCORDANT	CONDITIONAL	FINNISH_LD_SENSITIVITY_REQUIRED
TIER 2	CAT-T2D	False	17	46828412	48027295	0.0002228325466513	2.6473137923746302e-05	0.0314731563032679	rs62075844	1.52527876870756e-07	0.0007716807015687383	LEVEL_C_ATLAS_FDR	0.019134	0.0458	POSITIVE_EFFECT_PRODUCT	DIRECTION_CONCORDANT	CONDITIONAL	FINNISH_LD_SENSITIVITY_REQUIRED
TIER 2	CAT-T2D	False	17	46828412	48027295	0.0002228325466513	2.6473137923746302e-05	0.0314731563032679	rs62075845	1.52527876870756e-07	0.0007716807015687383	LEVEL_C_ATLAS_FDR	0.019134	0.0458	POSITIVE_EFFECT_PRODUCT	DIRECTION_CONCORDANT	CONDITIONAL	FINNISH_LD_SENSITIVITY_REQUIRED
TIER 2	CAT-T2D	False	17	46828412	48027295	0.0002228325466513	2.6473137923746302e-05	0.0314731563032679	rs28579683	5.08284936245776e-07	0.0020735024313483087	LEVEL_C_ATLAS_FDR	-0.0199199	-0.0505	POSITIVE_EFFECT_PRODUCT	DIRECTION_CONCORDANT	CONDITIONAL	FINNISH_LD_SENSITIVITY_REQUIRED
TIER 2	CAT-T2D	False	17	46828412	48027295	0.0002228325466513	2.6473137923746302e-05	0.0314731563032679	rs62075846	1.54441099048908e-07	0.0007796705675461391	LEVEL_C_ATLAS_FDR	0.0191632	0.0457	POSITIVE_EFFECT_PRODUCT	DIRECTION_CONCORDANT	CONDITIONAL	FINNISH_LD_SENSITIVITY_REQUIRED
TIER 2	CAT-T2D	False	17	46828412	48027295	0.0002228325466513	2.6473137923746302e-05	0.0314731563032679	rs35929648	6.39858801766689e-06	0.014669165979690622	LEVEL_C_ATLAS_FDR	0.0157179	0.0498	POSITIVE_EFFECT_PRODUCT	DIRECTION_CONCORDANT	CONDITIONAL	FINNISH_LD_SENSITIVITY_REQUIRED
TIER 2	CAT-T2D	False	17	46828412	48027295	0.0002228325466513	2.6473137923746302e-05	0.0314731563032679	rs11079842	5.9471305603206e-07	0.0023635789796445884	LEVEL_C_ATLAS_FDR	-0.0196515	-0.0506	POSITIVE_EFFECT_PRODUCT	DIRECTION_CONCORDANT	CONDITIONAL	FINNISH_LD_SENSITIVITY_REQUIRED
TIER 2	CAT-T2D	False	17	46828412	48027295	0.0002228325466513	2.6473137923746302e-05	0.0314731563032679	rs957557	1.9999325417986e-07	0.0009592517674646995	LEVEL_C_ATLAS_FDR	0.0186984	0.046	POSITIVE_EFFECT_PRODUCT	DIRECTION_CONCORDANT	CONDITIONAL	FINNISH_LD_SENSITIVITY_REQUIRED
TIER 2	CAT-T2D	False	17	46828412	48027295	0.0002228325466513	2.6473137923746302e-05	0.0314731563032679	rs7212779	5.7785120788786e-07	0.002311118269551354	LEVEL_C_ATLAS_FDR	-0.0196934	-0.0506	POSITIVE_EFFECT_PRODUCT	DIRECTION_CONCORDANT	CONDITIONAL	FINNISH_LD_SENSITIVITY_REQUIRED
TIER 2	CAT-T2D	False	17	46828412	48027295	0.0002228325466513	2.6473137923746302e-05	0.0314731563032679	rs15563	3.27149514437806e-07	0.0014294957819376553	LEVEL_C_ATLAS_FDR	0.0182247	0.0456	POSITIVE_EFFECT_PRODUCT	DIRECTION_CONCORDANT	CONDITIONAL	FINNISH_LD_SENSITIVITY_REQUIRED
TIER 2	CAT-T2D	False	17	46828412	48027295	0.0002228325466513	2.6473137923746302e-05	0.0314731563032679	rs1057897	1.4266634295975e-07	0.0007326809774005892	LEVEL_C_ATLAS_FDR	0.0191792	0.0459	POSITIVE_EFFECT_PRODUCT	DIRECTION_CONCORDANT	CONDITIONAL	FINNISH_LD_SENSITIVITY_REQUIRED
TIER 2	CAT-T2D	False	17	46828412	48027295	0.0002228325466513	2.6473137923746302e-05	0.0314731563032679	rs1057902	1.12333714061559e-07	0.0006022075263406581	LEVEL_C_ATLAS_FDR	0.019363	0.0462	POSITIVE_EFFECT_PRODUCT	DIRECTION_CONCORDANT	CONDITIONAL	FINNISH_LD_SENSITIVITY_REQUIRED
TIER 2	CAT-T2D	False	17	46828412	48027295	0.0002228325466513	2.6473137923746302e-05	0.0314731563032679	rs12601672	1.56848207137689e-07	0.0007898545313083549	LEVEL_C_ATLAS_FDR	0.0191401	0.0457	POSITIVE_EFFECT_PRODUCT	DIRECTION_CONCORDANT	CONDITIONAL	FINNISH_LD_SENSITIVITY_REQUIRED
TIER 2	CAT-T2D	False	17	46828412	48027295	0.0002228325466513	2.6473137923746302e-05	0.0314731563032679	rs17635252	1.52527876870756e-07	0.0007716807015687383	LEVEL_C_ATLAS_FDR	0.019134	0.0458	POSITIVE_EFFECT_PRODUCT	DIRECTION_CONCORDANT	CONDITIONAL	FINNISH_LD_SENSITIVITY_REQUIRED
TIER 2	CAT-T2D	False	17	46828412	48027295	0.0002228325466513	2.6473137923746302e-05	0.0314731563032679	rs2270576	4.77315831069611e-07	0.0019668141054220907	LEVEL_C_ATLAS_FDR	-0.0197016	-0.0513	POSITIVE_EFFECT_PRODUCT	DIRECTION_CONCORDANT	CONDITIONAL	FINNISH_LD_SENSITIVITY_REQUIRED
TIER 2	CAT-T2D	False	17	46828412	48027295	0.0002228325466513	2.6473137923746302e-05	0.0314731563032679	rs4793992	1.57493322950374e-07	0.0007922986012004645	LEVEL_C_ATLAS_FDR	0.0191341	0.0457	POSITIVE_EFFECT_PRODUCT	DIRECTION_CONCORDANT	CONDITIONAL	FINNISH_LD_SENSITIVITY_REQUIRED
TIER 2	CAT-T2D	False	17	46828412	48027295	0.0002228325466513	2.6473137923746302e-05	0.0314731563032679	rs4793993	5.683758155989e-07	0.0022792616133111222	LEVEL_C_ATLAS_FDR	-0.0197164	-0.0506	POSITIVE_EFFECT_PRODUCT	DIRECTION_CONCORDANT	CONDITIONAL	FINNISH_LD_SENSITIVITY_REQUIRED
TIER 2	CAT-T2D	False	17	46828412	48027295	0.0002228325466513	2.6473137923746302e-05	0.0314731563032679	rs4399576	1.57493322950374e-07	0.0007922986012004645	LEVEL_C_ATLAS_FDR	0.0191341	0.0457	POSITIVE_EFFECT_PRODUCT	DIRECTION_CONCORDANT	CONDITIONAL	FINNISH_LD_SENSITIVITY_REQUIRED
TIER 2	CAT-T2D	False	17	46828412	48027295	0.0002228325466513	2.6473137923746302e-05	0.0314731563032679	rs9889674	7.12198834112426e-06	0.015744255140278284	LEVEL_C_ATLAS_FDR	-0.0170194	-0.0507	POSITIVE_EFFECT_PRODUCT	DIRECTION_CONCORDANT	CONDITIONAL	FINNISH_LD_SENSITIVITY_REQUIRED
TIER 2	CAT-T2D	False	17	46828412	48027295	0.0002228325466513	2.6473137923746302e-05	0.0314731563032679	rs12602179	1.57493322950374e-07	0.0007922986012004645	LEVEL_C_ATLAS_FDR	0.0191341	0.0457	POSITIVE_EFFECT_PRODUCT	DIRECTION_CONCORDANT	CONDITIONAL	FINNISH_LD_SENSITIVITY_REQUIRED
TIER 2	CAT-T2D	False	17	46828412	48027295	0.0002228325466513	2.6473137923746302e-05	0.0314731563032679	rs9904730	7.14417929016673e-06	0.0157723890875463	LEVEL_C_ATLAS_FDR	-0.0170146	-0.0507	POSITIVE_EFFECT_PRODUCT	DIRECTION_CONCORDANT	CONDITIONAL	FINNISH_LD_SENSITIVITY_REQUIRED
TIER 2	CAT-T2D	False	17	46828412	48027295	0.0002228325466513	2.6473137923746302e-05	0.0314731563032679	rs57901004	1.47963693544628e-07	0.0007537526782151879	LEVEL_C_ATLAS_FDR	0.0192165	0.0457	POSITIVE_EFFECT_PRODUCT	DIRECTION_CONCORDANT	CONDITIONAL	FINNISH_LD_SENSITIVITY_REQUIRED
TIER 2	CAT-T2D	False	17	46828412	48027295	0.0002228325466513	2.6473137923746302e-05	0.0314731563032679	rs62075850	1.87471929031215e-07	0.0009107723735570483	LEVEL_C_ATLAS_FDR	0.0190806	0.0453	POSITIVE_EFFECT_PRODUCT	DIRECTION_CONCORDANT	CONDITIONAL	FINNISH_LD_SENSITIVITY_REQUIRED
TIER 2	CAT-T2D	False	17	46828412	48027295	0.0002228325466513	2.6473137923746302e-05	0.0314731563032679	rs1994970	1.52516153890296e-07	0.0007716807015687383	LEVEL_C_ATLAS_FDR	0.0191341	0.0458	POSITIVE_EFFECT_PRODUCT	DIRECTION_CONCORDANT	CONDITIONAL	FINNISH_LD_SENSITIVITY_REQUIRED
TIER 2	CAT-T2D	False	17	46828412	48027295	0.0002228325466513	2.6473137923746302e-05	0.0314731563032679	rs62075852	2.5246893857858e-07	0.0011654555555387842	LEVEL_C_ATLAS_FDR	0.0184854	0.0458	POSITIVE_EFFECT_PRODUCT	DIRECTION_CONCORDANT	CONDITIONAL	FINNISH_LD_SENSITIVITY_REQUIRED
TIER 2	CAT-T2D	False	17	46828412	48027295	0.0002228325466513	2.6473137923746302e-05	0.0314731563032679	rs12601858	1.62780555629455e-07	0.0008119541833195474	LEVEL_C_ATLAS_FDR	0.0190597	0.0458	POSITIVE_EFFECT_PRODUCT	DIRECTION_CONCORDANT	CONDITIONAL	FINNISH_LD_SENSITIVITY_REQUIRED
TIER 2	CAT-T2D	False	17	46828412	48027295	0.0002228325466513	2.6473137923746302e-05	0.0314731563032679	rs55724082	1.15496687588901e-07	0.000616118934776841	LEVEL_C_ATLAS_FDR	0.0194589	0.0459	POSITIVE_EFFECT_PRODUCT	DIRECTION_CONCORDANT	CONDITIONAL	FINNISH_LD_SENSITIVITY_REQUIRED
TIER 2	CAT-T2D	False	17	46828412	48027295	0.0002228325466513	2.6473137923746302e-05	0.0314731563032679	rs8182364	4.88597604742638e-07	0.002006631746587152	LEVEL_C_ATLAS_FDR	0.0191345	0.0435	POSITIVE_EFFECT_PRODUCT	DIRECTION_CONCORDANT	CONDITIONAL	FINNISH_LD_SENSITIVITY_REQUIRED
TIER 2	CAT-T2D	False	17	46828412	48027295	0.0002228325466513	2.6473137923746302e-05	0.0314731563032679	rs9911030	7.34733738560583e-07	0.002816337869938207	LEVEL_C_ATLAS_FDR	-0.019659	-0.0498	POSITIVE_EFFECT_PRODUCT	DIRECTION_CONCORDANT	CONDITIONAL	FINNISH_LD_SENSITIVITY_REQUIRED
TIER 2	CAT-T2D	False	17	46828412	48027295	0.0002228325466513	2.6473137923746302e-05	0.0314731563032679	rs4793995	1.47768507440186e-07	0.0007530373717638787	LEVEL_C_ATLAS_FDR	0.0191336	0.0459	POSITIVE_EFFECT_PRODUCT	DIRECTION_CONCORDANT	CONDITIONAL	FINNISH_LD_SENSITIVITY_REQUIRED
TIER 2	CAT-T2D	False	17	46828412	48027295	0.0002228325466513	2.6473137923746302e-05	0.0314731563032679	rs4793996	1.43834571265775e-07	0.0007370448644918685	LEVEL_C_ATLAS_FDR	0.019169	0.0459	POSITIVE_EFFECT_PRODUCT	DIRECTION_CONCORDANT	CONDITIONAL	FINNISH_LD_SENSITIVITY_REQUIRED
TIER 2	CAT-T2D	False	17	46828412	48027295	0.0002228325466513	2.6473137923746302e-05	0.0314731563032679	rs4793997	1.51226383987929e-07	0.0007667724610237014	LEVEL_C_ATLAS_FDR	0.0191052	0.0459	POSITIVE_EFFECT_PRODUCT	DIRECTION_CONCORDANT	CONDITIONAL	FINNISH_LD_SENSITIVITY_REQUIRED
TIER 2	CAT-T2D	False	17	46828412	48027295	0.0002228325466513	2.6473137923746302e-05	0.0314731563032679	rs4793998	1.47728893331413e-07	0.0007530373717638787	LEVEL_C_ATLAS_FDR	0.019134	0.0459	POSITIVE_EFFECT_PRODUCT	DIRECTION_CONCORDANT	CONDITIONAL	FINNISH_LD_SENSITIVITY_REQUIRED
TIER 2	CAT-T2D	False	17	46828412	48027295	0.0002228325466513	2.6473137923746302e-05	0.0314731563032679	rs12603612	1.70963387327706e-07	0.0008448118521742051	LEVEL_C_ATLAS_FDR	0.0191112	0.0455	POSITIVE_EFFECT_PRODUCT	DIRECTION_CONCORDANT	CONDITIONAL	FINNISH_LD_SENSITIVITY_REQUIRED
TIER 2	CAT-T2D	False	17	46828412	48027295	0.0002228325466513	2.6473137923746302e-05	0.0314731563032679	rs2270574	1.47779888843678e-07	0.0007530373717638787	LEVEL_C_ATLAS_FDR	0.0191335	0.0459	POSITIVE_EFFECT_PRODUCT	DIRECTION_CONCORDANT	CONDITIONAL	FINNISH_LD_SENSITIVITY_REQUIRED
TIER 2	CAT-T2D	False	17	46828412	48027295	0.0002228325466513	2.6473137923746302e-05	0.0314731563032679	rs2898705	1.43110982369447e-07	0.0007338786991091156	LEVEL_C_ATLAS_FDR	0.0191335	0.046	POSITIVE_EFFECT_PRODUCT	DIRECTION_CONCORDANT	CONDITIONAL	FINNISH_LD_SENSITIVITY_REQUIRED
TIER 2	CAT-T2D	False	17	46828412	48027295	0.0002228325466513	2.6473137923746302e-05	0.0314731563032679	rs4794002	6.57538563293046e-07	0.0025630857627518214	LEVEL_C_ATLAS_FDR	-0.0196602	-0.0502	POSITIVE_EFFECT_PRODUCT	DIRECTION_CONCORDANT	CONDITIONAL	FINNISH_LD_SENSITIVITY_REQUIRED
TIER 2	CAT-T2D	False	17	46828412	48027295	0.0002228325466513	2.6473137923746302e-05	0.0314731563032679	rs61632152	5.96810591022083e-07	0.0023692026309628175	LEVEL_C_ATLAS_FDR	-0.019648	-0.0506	POSITIVE_EFFECT_PRODUCT	DIRECTION_CONCORDANT	CONDITIONAL	FINNISH_LD_SENSITIVITY_REQUIRED
TIER 2	CAT-T2D	False	17	46828412	48027295	0.0002228325466513	2.6473137923746302e-05	0.0314731563032679	rs58591767	1.61341968899675e-07	0.0008066304364546219	LEVEL_C_ATLAS_FDR	0.0193264	0.0451	POSITIVE_EFFECT_PRODUCT	DIRECTION_CONCORDANT	CONDITIONAL	FINNISH_LD_SENSITIVITY_REQUIRED
TIER 2	CAT-T2D	False	17	46828412	48027295	0.0002228325466513	2.6473137923746302e-05	0.0314731563032679	rs62078369	1.56196198345945e-07	0.0007871421244686622	LEVEL_C_ATLAS_FDR	0.0193263	0.0452	POSITIVE_EFFECT_PRODUCT	DIRECTION_CONCORDANT	CONDITIONAL	FINNISH_LD_SENSITIVITY_REQUIRED
TIER 2	CAT-T2D	False	17	46828412	48027295	0.0002228325466513	2.6473137923746302e-05	0.0314731563032679	rs11869991	4.77166400845138e-07	0.0019664317995429863	LEVEL_C_ATLAS_FDR	-0.0197021	-0.0513	POSITIVE_EFFECT_PRODUCT	DIRECTION_CONCORDANT	CONDITIONAL	FINNISH_LD_SENSITIVITY_REQUIRED
TIER 2	CAT-T2D	False	17	46828412	48027295	0.0002228325466513	2.6473137923746302e-05	0.0314731563032679	rs11079844	1.5040176884048e-07	0.0007636065210455518	LEVEL_C_ATLAS_FDR	0.0194278	0.0451	POSITIVE_EFFECT_PRODUCT	DIRECTION_CONCORDANT	CONDITIONAL	FINNISH_LD_SENSITIVITY_REQUIRED
TIER 2	CAT-T2D	False	17	46828412	48027295	0.0002228325466513	2.6473137923746302e-05	0.0314731563032679	rs12943523	7.43640752941725e-07	0.0028406549740645167	LEVEL_C_ATLAS_FDR	-0.0194832	-0.0502	POSITIVE_EFFECT_PRODUCT	DIRECTION_CONCORDANT	CONDITIONAL	FINNISH_LD_SENSITIVITY_REQUIRED
TIER 2	CAT-T2D	False	17	46828412	48027295	0.0002228325466513	2.6473137923746302e-05	0.0314731563032679	rs62078372	1.767139579294e-07	0.000868229467318064	LEVEL_C_ATLAS_FDR	0.0192531	0.045	POSITIVE_EFFECT_PRODUCT	DIRECTION_CONCORDANT	CONDITIONAL	FINNISH_LD_SENSITIVITY_REQUIRED
TIER 2	CAT-T2D	False	17	46828412	48027295	0.0002228325466513	2.6473137923746302e-05	0.0314731563032679	rs4794003	1.82116777140207e-07	0.0008896119060780489	LEVEL_C_ATLAS_FDR	0.0192517	0.0449	POSITIVE_EFFECT_PRODUCT	DIRECTION_CONCORDANT	CONDITIONAL	FINNISH_LD_SENSITIVITY_REQUIRED
TIER 2	CAT-T2D	False	17	46828412	48027295	0.0002228325466513	2.6473137923746302e-05	0.0314731563032679	rs12602746	1.53595045123848e-07	0.0007762877858831238	LEVEL_C_ATLAS_FDR	0.0194473	0.045	POSITIVE_EFFECT_PRODUCT	DIRECTION_CONCORDANT	CONDITIONAL	FINNISH_LD_SENSITIVITY_REQUIRED
TIER 2	CAT-T2D	False	17	46828412	48027295	0.0002228325466513	2.6473137923746302e-05	0.0314731563032679	rs9904288	6.7809077671109e-07	0.0026287336276076875	LEVEL_C_ATLAS_FDR	-0.0195254	-0.0504	POSITIVE_EFFECT_PRODUCT	DIRECTION_CONCORDANT	CONDITIONAL	FINNISH_LD_SENSITIVITY_REQUIRED
TIER 2	CAT-T2D	False	17	46828412	48027295	0.0002228325466513	2.6473137923746302e-05	0.0314731563032679	rs60350258	1.75025232480967e-07	0.0008620066206311935	LEVEL_C_ATLAS_FDR	0.0192626	0.045	POSITIVE_EFFECT_PRODUCT	DIRECTION_CONCORDANT	CONDITIONAL	FINNISH_LD_SENSITIVITY_REQUIRED
TIER 2	CAT-T2D	False	17	46828412	48027295	0.0002228325466513	2.6473137923746302e-05	0.0314731563032679	rs71379317	8.08853732874166e-07	0.0030330220248453344	LEVEL_C_ATLAS_FDR	-0.0194395	-0.05	POSITIVE_EFFECT_PRODUCT	DIRECTION_CONCORDANT	CONDITIONAL	FINNISH_LD_SENSITIVITY_REQUIRED
TIER 2	CAT-T2D	False	17	46828412	48027295	0.0002228325466513	2.6473137923746302e-05	0.0314731563032679	rs12603969	1.8658451724954e-07	0.0009077316105217643	LEVEL_C_ATLAS_FDR	0.019312	0.0447	POSITIVE_EFFECT_PRODUCT	DIRECTION_CONCORDANT	CONDITIONAL	FINNISH_LD_SENSITIVITY_REQUIRED
TIER 2	CAT-T2D	False	17	46828412	48027295	0.0002228325466513	2.6473137923746302e-05	0.0314731563032679	rs12601955	1.86668687087789e-07	0.0009078866076657499	LEVEL_C_ATLAS_FDR	0.0193114	0.0447	POSITIVE_EFFECT_PRODUCT	DIRECTION_CONCORDANT	CONDITIONAL	FINNISH_LD_SENSITIVITY_REQUIRED
TIER 2	CAT-T2D	False	17	46828412	48027295	0.0002228325466513	2.6473137923746302e-05	0.0314731563032679	rs62078375	1.79026306721129e-07	0.0008774790645166037	LEVEL_C_ATLAS_FDR	0.0192431	0.045	POSITIVE_EFFECT_PRODUCT	DIRECTION_CONCORDANT	CONDITIONAL	FINNISH_LD_SENSITIVITY_REQUIRED
TIER 2	CAT-T2D	False	17	46828412	48027295	0.0002228325466513	2.6473137923746302e-05	0.0314731563032679	rs4793605	1.6431429063598e-07	0.0008181936171297926	LEVEL_C_ATLAS_FDR	0.0193526	0.045	POSITIVE_EFFECT_PRODUCT	DIRECTION_CONCORDANT	CONDITIONAL	FINNISH_LD_SENSITIVITY_REQUIRED
TIER 2	CAT-T2D	False	17	46828412	48027295	0.0002228325466513	2.6473137923746302e-05	0.0314731563032679	rs55936433	6.69298659689367e-07	0.0026008043625334342	LEVEL_C_ATLAS_FDR	-0.0193186	-0.0511	POSITIVE_EFFECT_PRODUCT	DIRECTION_CONCORDANT	CONDITIONAL	FINNISH_LD_SENSITIVITY_REQUIRED
TIER 2	CAT-T2D	False	17	46828412	48027295	0.0002228325466513	2.6473137923746302e-05	0.0314731563032679	rs4794004	2.17056444148237e-06	0.0067283419397344	LEVEL_C_ATLAS_FDR	-0.0167096	-0.0431	POSITIVE_EFFECT_PRODUCT	DIRECTION_CONCORDANT	CONDITIONAL	FINNISH_LD_SENSITIVITY_REQUIRED
TIER 2	CAT-T2D	False	17	46828412	48027295	0.0002228325466513	2.6473137923746302e-05	0.0314731563032679	rs2291725	1.69033817464808e-07	0.0008370550340096728	LEVEL_C_ATLAS_FDR	0.0193962	0.0448	POSITIVE_EFFECT_PRODUCT	DIRECTION_CONCORDANT	CONDITIONAL	FINNISH_LD_SENSITIVITY_REQUIRED
TIER 2	CAT-T2D	False	17	46828412	48027295	0.0002228325466513	2.6473137923746302e-05	0.0314731563032679	rs2291726	2.86247233629834e-06	0.008244380148190985	LEVEL_C_ATLAS_FDR	-0.0164103	-0.0429	POSITIVE_EFFECT_PRODUCT	DIRECTION_CONCORDANT	CONDITIONAL	FINNISH_LD_SENSITIVITY_REQUIRED
TIER 2	CAT-T2D	False	17	46828412	48027295	0.0002228325466513	2.6473137923746302e-05	0.0314731563032679	rs1965983	2.01209791280309e-06	0.006339020790656686	LEVEL_C_ATLAS_FDR	-0.0168132	-0.0431	POSITIVE_EFFECT_PRODUCT	DIRECTION_CONCORDANT	CONDITIONAL	FINNISH_LD_SENSITIVITY_REQUIRED
TIER 2	CAT-T2D	False	17	46828412	48027295	0.0002228325466513	2.6473137923746302e-05	0.0314731563032679	rs1973407	8.32411034605882e-06	0.017566415872726605	LEVEL_C_ATLAS_FDR	-0.0156649	-0.0536	POSITIVE_EFFECT_PRODUCT	DIRECTION_CONCORDANT	CONDITIONAL	FINNISH_LD_SENSITIVITY_REQUIRED
TIER 2	CAT-T2D	False	17	46828412	48027295	0.0002228325466513	2.6473137923746302e-05	0.0314731563032679	rs1973408	2.59168838261867e-06	0.007676584970064934	LEVEL_C_ATLAS_FDR	-0.0165051	-0.043	POSITIVE_EFFECT_PRODUCT	DIRECTION_CONCORDANT	CONDITIONAL	FINNISH_LD_SENSITIVITY_REQUIRED
TIER 2	CAT-T2D	False	17	46828412	48027295	0.0002228325466513	2.6473137923746302e-05	0.0314731563032679	rs6504588	2.69594636407251e-06	0.00789378917098189	LEVEL_C_ATLAS_FDR	-0.0168914	-0.0445	POSITIVE_EFFECT_PRODUCT	DIRECTION_CONCORDANT	CONDITIONAL	FINNISH_LD_SENSITIVITY_REQUIRED
TIER 2	CAT-T2D	False	17	46828412	48027295	0.0002228325466513	2.6473137923746302e-05	0.0314731563032679	rs4794006	2.55064409625392e-06	0.007589335031146991	LEVEL_C_ATLAS_FDR	0.0165255	0.043	POSITIVE_EFFECT_PRODUCT	DIRECTION_CONCORDANT	CONDITIONAL	FINNISH_LD_SENSITIVITY_REQUIRED
TIER 2	CAT-T2D	False	17	46828412	48027295	0.0002228325466513	2.6473137923746302e-05	0.0314731563032679	rs7221126	1.01651589407313e-05	0.020265015101821892	LEVEL_C_ATLAS_FDR	-0.0156409	-0.0527	POSITIVE_EFFECT_PRODUCT	DIRECTION_CONCORDANT	CONDITIONAL	FINNISH_LD_SENSITIVITY_REQUIRED
TIER 2	CAT-T2D	False	17	46828412	48027295	0.0002228325466513	2.6473137923746302e-05	0.0314731563032679	rs11079848	2.08162173315213e-06	0.006516650503983574	LEVEL_C_ATLAS_FDR	-0.0166137	-0.0435	POSITIVE_EFFECT_PRODUCT	DIRECTION_CONCORDANT	CONDITIONAL	FINNISH_LD_SENSITIVITY_REQUIRED
TIER 2	CAT-T2D	False	17	46828412	48027295	0.0002228325466513	2.6473137923746302e-05	0.0314731563032679	rs62078384	1.69399073321812e-07	0.00083822225742387	LEVEL_C_ATLAS_FDR	0.0192704	0.0451	POSITIVE_EFFECT_PRODUCT	DIRECTION_CONCORDANT	CONDITIONAL	FINNISH_LD_SENSITIVITY_REQUIRED
TIER 2	CAT-T2D	False	17	46828412	48027295	0.0002228325466513	2.6473137923746302e-05	0.0314731563032679	rs62078385	1.88181059970334e-07	0.0009127085525651969	LEVEL_C_ATLAS_FDR	0.0190975	0.0452	POSITIVE_EFFECT_PRODUCT	DIRECTION_CONCORDANT	CONDITIONAL	FINNISH_LD_SENSITIVITY_REQUIRED
TIER 2	CAT-T2D	False	17	46828412	48027295	0.0002228325466513	2.6473137923746302e-05	0.0314731563032679	rs9910001	2.02877380128771e-06	0.006380554448044161	LEVEL_C_ATLAS_FDR	-0.016602	-0.0443	POSITIVE_EFFECT_PRODUCT	DIRECTION_CONCORDANT	CONDITIONAL	FINNISH_LD_SENSITIVITY_REQUIRED
TIER 2	CAT-T2D	False	17	46828412	48027295	0.0002228325466513	2.6473137923746302e-05	0.0314731563032679	rs9901810	1.9733843267919e-06	0.006245397232199589	LEVEL_C_ATLAS_FDR	-0.016602	-0.0444	POSITIVE_EFFECT_PRODUCT	DIRECTION_CONCORDANT	CONDITIONAL	FINNISH_LD_SENSITIVITY_REQUIRED
TIER 2	CAT-T2D	False	17	46828412	48027295	0.0002228325466513	2.6473137923746302e-05	0.0314731563032679	rs9903470	1.82191240762164e-06	0.005863854393323175	LEVEL_C_ATLAS_FDR	-0.0166024	-0.044	POSITIVE_EFFECT_PRODUCT	DIRECTION_CONCORDANT	CONDITIONAL	FINNISH_LD_SENSITIVITY_REQUIRED
TIER 2	CAT-T2D	False	17	46828412	48027295	0.0002228325466513	2.6473137923746302e-05	0.0314731563032679	rs8078510	8.2254266111497e-06	0.01742597140887209	LEVEL_C_ATLAS_FDR	-0.0155113	-0.0542	POSITIVE_EFFECT_PRODUCT	DIRECTION_CONCORDANT	CONDITIONAL	FINNISH_LD_SENSITIVITY_REQUIRED
TIER 2	CAT-T2D	False	17	46828412	48027295	0.0002228325466513	2.6473137923746302e-05	0.0314731563032679	rs937301	2.25048008265974e-06	0.006911872277768516	LEVEL_C_ATLAS_FDR	-0.0162536	-0.0442	POSITIVE_EFFECT_PRODUCT	DIRECTION_CONCORDANT	CONDITIONAL	FINNISH_LD_SENSITIVITY_REQUIRED
TIER 2	CAT-T2D	False	17	46828412	48027295	0.0002228325466513	2.6473137923746302e-05	0.0314731563032679	rs3848460	1.72060749097006e-06	0.005609053734210694	LEVEL_C_ATLAS_FDR	-0.0165921	-0.0443	POSITIVE_EFFECT_PRODUCT	DIRECTION_CONCORDANT	CONDITIONAL	FINNISH_LD_SENSITIVITY_REQUIRED
TIER 2	CAT-T2D	False	17	46828412	48027295	0.0002228325466513	2.6473137923746302e-05	0.0314731563032679	rs3809770	6.01947399422647e-06	0.01404774447811584	LEVEL_C_ATLAS_FDR	-0.0166842	-0.0409	POSITIVE_EFFECT_PRODUCT	DIRECTION_CONCORDANT	CONDITIONAL	FINNISH_LD_SENSITIVITY_REQUIRED
TIER 2	CAT-T2D	False	17	46828412	48027295	0.0002228325466513	2.6473137923746302e-05	0.0314731563032679	rs3895874	2.90654258104551e-06	0.00833534554563013	LEVEL_C_ATLAS_FDR	0.0167016	0.0429	POSITIVE_EFFECT_PRODUCT	DIRECTION_CONCORDANT	CONDITIONAL	FINNISH_LD_SENSITIVITY_REQUIRED
TIER 2	CAT-T2D	False	17	46828412	48027295	0.0002228325466513	2.6473137923746302e-05	0.0314731563032679	rs11652684	3.45250761526637e-05	0.04721888193964825	LEVEL_C_ATLAS_FDR	-0.0177118	-0.0501	POSITIVE_EFFECT_PRODUCT	DIRECTION_CONCORDANT	CONDITIONAL	FINNISH_LD_SENSITIVITY_REQUIRED
TIER 2	CAT-T2D	False	2	43309247	44048346	-0.0001797901249829	3.087087690712068e-05	0.0341899133486484	rs145418254	1.29883757984873e-08	0.00010209432795535516	LEVEL_B_PAIRWISE_GWAS	0.103019	-0.1533	NEGATIVE_EFFECT_PRODUCT	DIRECTION_CONCORDANT	CONDITIONAL	FINNISH_LD_SENSITIVITY_REQUIRED
TIER 2	POAG-CAD	False	7	1493090	2479029	-0.0002053348962016	1.6779419799470227e-05	0.0237098987773341	rs10950371	9.40060641955213e-06	0.01919476425006718	LEVEL_C_ATLAS_FDR	-0.0442	0.02588706	NEGATIVE_EFFECT_PRODUCT	DIRECTION_CONCORDANT	CONDITIONAL	NO
TIER 2	POAG-CAD	False	7	1493090	2479029	-0.0002053348962016	1.6779419799470227e-05	0.0237098987773341	rs13238613	1.40334424965684e-05	0.025417491153528385	LEVEL_C_ATLAS_FDR	-0.0423	0.02582696	NEGATIVE_EFFECT_PRODUCT	DIRECTION_CONCORDANT	CONDITIONAL	NO
TIER 2	POAG-CAD	False	7	1493090	2479029	-0.0002053348962016	1.6779419799470227e-05	0.0237098987773341	rs7803164	2.47158188949649e-05	0.03766807129755346	LEVEL_C_ATLAS_FDR	0.0398	-0.02633977	NEGATIVE_EFFECT_PRODUCT	DIRECTION_CONCORDANT	CONDITIONAL	NO
TIER 2	POAG-CAD	False	7	1493090	2479029	-0.0002053348962016	1.6779419799470227e-05	0.0237098987773341	rs7789703	5.72650705906397e-06	0.013577648372683236	LEVEL_C_ATLAS_FDR	-0.0462	0.02759622	NEGATIVE_EFFECT_PRODUCT	DIRECTION_CONCORDANT	CONDITIONAL	NO
TIER 2	POAG-CAD	False	7	1493090	2479029	-0.0002053348962016	1.6779419799470227e-05	0.0237098987773341	rs11765458	2.4693531058301e-05	0.037647945805119626	LEVEL_C_ATLAS_FDR	-0.0372	0.03201921	NEGATIVE_EFFECT_PRODUCT	DIRECTION_CONCORDANT	CONDITIONAL	NO
TIER 2	POAG-CAD	False	7	1493090	2479029	-0.0002053348962016	1.6779419799470227e-05	0.0237098987773341	rs11765459	2.5906133307633e-05	0.038898080452895195	LEVEL_C_ATLAS_FDR	-0.0368	0.0322008	NEGATIVE_EFFECT_PRODUCT	DIRECTION_CONCORDANT	CONDITIONAL	NO
TIER 2	POAG-CAD	False	7	1493090	2479029	-0.0002053348962016	1.6779419799470227e-05	0.0237098987773341	rs11764337	1.09829966414978e-06	0.003882660562060216	LEVEL_C_ATLAS_FDR	0.0488	-0.03383851	NEGATIVE_EFFECT_PRODUCT	DIRECTION_CONCORDANT	CONDITIONAL	NO
TIER 2	POAG-CAD	False	7	1493090	2479029	-0.0002053348962016	1.6779419799470227e-05	0.0237098987773341	rs4719331	3.75296919017117e-07	0.0016037039105751588	LEVEL_C_ATLAS_FDR	-0.058	0.03143075	NEGATIVE_EFFECT_PRODUCT	DIRECTION_CONCORDANT	CONDITIONAL	NO
TIER 2	POAG-CAD	False	7	1493090	2479029	-0.0002053348962016	1.6779419799470227e-05	0.0237098987773341	rs7788921	1.38137896089309e-07	0.0007138604518582228	LEVEL_C_ATLAS_FDR	0.0592	-0.0337603	NEGATIVE_EFFECT_PRODUCT	DIRECTION_CONCORDANT	CONDITIONAL	NO
TIER 2	POAG-CAD	False	7	1493090	2479029	-0.0002053348962016	1.6779419799470227e-05	0.0237098987773341	rs10278591	1.04601846634954e-07	0.0005677148268236588	LEVEL_C_ATLAS_FDR	0.0603	-0.03327771	NEGATIVE_EFFECT_PRODUCT	DIRECTION_CONCORDANT	CONDITIONAL	NO
TIER 2	POAG-CAD	False	7	1493090	2479029	-0.0002053348962016	1.6779419799470227e-05	0.0237098987773341	rs6951956	2.31862918598384e-06	0.007069262313623057	LEVEL_C_ATLAS_FDR	0.0524	-0.02721275	NEGATIVE_EFFECT_PRODUCT	DIRECTION_CONCORDANT	CONDITIONAL	NO
TIER 2	POAG-CAD	False	7	1493090	2479029	-0.0002053348962016	1.6779419799470227e-05	0.0237098987773341	rs10267593	1.13823806207812e-06	0.003997387048410039	LEVEL_C_ATLAS_FDR	0.056	-0.03171919	NEGATIVE_EFFECT_PRODUCT	DIRECTION_CONCORDANT	CONDITIONAL	NO
TIER 2	POAG-CAD	False	7	1493090	2479029	-0.0002053348962016	1.6779419799470227e-05	0.0237098987773341	rs4332037	3.8610751323085e-06	0.010224798822400245	LEVEL_C_ATLAS_FDR	0.0529	-0.02933494	NEGATIVE_EFFECT_PRODUCT	DIRECTION_CONCORDANT	CONDITIONAL	NO
TIER 2	POAG-CAD	False	7	1493090	2479029	-0.0002053348962016	1.6779419799470227e-05	0.0237098987773341	rs10268609	1.03440519712976e-05	0.02050532682444939	LEVEL_C_ATLAS_FDR	-0.0465	0.03149274	NEGATIVE_EFFECT_PRODUCT	DIRECTION_CONCORDANT	CONDITIONAL	NO
TIER 2	POAG-CAD	False	7	1493090	2479029	-0.0002053348962016	1.6779419799470227e-05	0.0237098987773341	rs12699476	2.46074805256911e-05	0.03756067821704013	LEVEL_C_ATLAS_FDR	0.0481	-0.02266893	NEGATIVE_EFFECT_PRODUCT	DIRECTION_CONCORDANT	CONDITIONAL	NO
TIER 2	POAG-CAD	False	7	1493090	2479029	-0.0002053348962016	1.6779419799470227e-05	0.0237098987773341	rs11773627	5.34910738880149e-06	0.012944643548094563	LEVEL_C_ATLAS_FDR	-0.0542	0.02587591	NEGATIVE_EFFECT_PRODUCT	DIRECTION_CONCORDANT	CONDITIONAL	NO
TIER 2	POAG-CAD	False	7	1493090	2479029	-0.0002053348962016	1.6779419799470227e-05	0.0237098987773341	rs11764590	1.24552341878411e-06	0.004310921355440694	LEVEL_C_ATLAS_FDR	0.0551	-0.02950034	NEGATIVE_EFFECT_PRODUCT	DIRECTION_CONCORDANT	CONDITIONAL	NO
TIER 2	POAG-CAD	False	7	1493090	2479029	-0.0002053348962016	1.6779419799470227e-05	0.0237098987773341	rs3996325	9.98040052578073e-07	0.0035959791261069214	LEVEL_C_ATLAS_FDR	-0.0654	0.02067418	NEGATIVE_EFFECT_PRODUCT	DIRECTION_CONCORDANT	CONDITIONAL	NO
TIER 2	POAG-CAD	False	7	1493090	2479029	-0.0002053348962016	1.6779419799470227e-05	0.0237098987773341	rs4721321	4.69673434502352e-07	0.0019396365322384708	LEVEL_C_ATLAS_FDR	-0.0703	0.02015565	NEGATIVE_EFFECT_PRODUCT	DIRECTION_CONCORDANT	CONDITIONAL	NO
TIER 2	POAG-CAD	False	7	1493090	2479029	-0.0002053348962016	1.6779419799470227e-05	0.0237098987773341	rs1533827	1.25543385181453e-06	0.00434175931177593	LEVEL_C_ATLAS_FDR	0.057	-0.02728766	NEGATIVE_EFFECT_PRODUCT	DIRECTION_CONCORDANT	CONDITIONAL	NO
TIER 2	POAG-CAD	False	7	1493090	2479029	-0.0002053348962016	1.6779419799470227e-05	0.0237098987773341	rs1533829	6.69611955457991e-07	0.002601092953874589	LEVEL_C_ATLAS_FDR	-0.0638	0.02182598	NEGATIVE_EFFECT_PRODUCT	DIRECTION_CONCORDANT	CONDITIONAL	NO
TIER 2	POAG-CAD	False	7	1493090	2479029	-0.0002053348962016	1.6779419799470227e-05	0.0237098987773341	rs10276536	7.75085332620318e-07	0.002932373453948268	LEVEL_C_ATLAS_FDR	0.064	-0.02127967	NEGATIVE_EFFECT_PRODUCT	DIRECTION_CONCORDANT	CONDITIONAL	NO
TIER 2	POAG-CAD	False	7	1493090	2479029	-0.0002053348962016	1.6779419799470227e-05	0.0237098987773341	rs6461115	5.13963222108915e-07	0.0020934680968112103	LEVEL_C_ATLAS_FDR	-0.0629	0.02399189	NEGATIVE_EFFECT_PRODUCT	DIRECTION_CONCORDANT	CONDITIONAL	NO
TIER 2	POAG-CAD	False	7	1493090	2479029	-0.0002053348962016	1.6779419799470227e-05	0.0237098987773341	rs3823624	1.16095436814948e-06	0.004061549596560857	LEVEL_C_ATLAS_FDR	-0.0626	0.02589218	NEGATIVE_EFFECT_PRODUCT	DIRECTION_CONCORDANT	CONDITIONAL	NO
TIER 2	POAG-CAD	False	10	99554895	100240681	-0.0001791143295676	1.916219489571908e-05	0.0261742807478925	rs1867073	7.69932711768482e-06	0.01666085046528469	LEVEL_C_ATLAS_FDR	0.0387	-0.02688934	NEGATIVE_EFFECT_PRODUCT	DIRECTION_CONCORDANT	CONDITIONAL	NO
TIER 2	POAG-CAD	False	10	99554895	100240681	-0.0001791143295676	1.916219489571908e-05	0.0261742807478925	rs1413618	3.18437831015804e-06	0.00889332785028559	LEVEL_C_ATLAS_FDR	0.034	-0.02839383	NEGATIVE_EFFECT_PRODUCT	DIRECTION_CONCORDANT	CONDITIONAL	NO
TIER 2	POAG-CAD	False	10	99554895	100240681	-0.0001791143295676	1.916219489571908e-05	0.0261742807478925	rs928579	7.47852980698349e-06	0.016305042156249557	LEVEL_C_ATLAS_FDR	0.0339	-0.02726268	NEGATIVE_EFFECT_PRODUCT	DIRECTION_CONCORDANT	CONDITIONAL	NO
TIER 2	POAG-CAD	False	10	99554895	100240681	-0.0001791143295676	1.916219489571908e-05	0.0261742807478925	rs2095365	1.85703164536047e-06	0.005954250686877188	LEVEL_C_ATLAS_FDR	0.0447	-0.02524122	NEGATIVE_EFFECT_PRODUCT	DIRECTION_CONCORDANT	CONDITIONAL	NO
TIER 2	POAG-CAD	False	10	99554895	100240681	-0.0001791143295676	1.916219489571908e-05	0.0261742807478925	rs10883050	1.42987528105978e-06	0.0048314412609813725	LEVEL_C_ATLAS_FDR	0.0448	-0.02570668	NEGATIVE_EFFECT_PRODUCT	DIRECTION_CONCORDANT	CONDITIONAL	NO
TIER 2	POAG-CAD	False	10	99554895	100240681	-0.0001791143295676	1.916219489571908e-05	0.0261742807478925	rs10786401	6.72116989395273e-06	0.015135799021878771	LEVEL_C_ATLAS_FDR	-0.0309	0.02899282	NEGATIVE_EFFECT_PRODUCT	DIRECTION_CONCORDANT	CONDITIONAL	NO
TIER 2	POAG-CAD	False	10	99554895	100240681	-0.0001791143295676	1.916219489571908e-05	0.0261742807478925	rs11189513	2.26438667626059e-06	0.006943524905725089	LEVEL_C_ATLAS_FDR	-0.0441	0.02513155	NEGATIVE_EFFECT_PRODUCT	DIRECTION_CONCORDANT	CONDITIONAL	NO
TIER 2	POAG-CAD	False	10	99554895	100240681	-0.0001791143295676	1.916219489571908e-05	0.0261742807478925	rs10748721	7.32175407702588e-06	0.016059048509319027	LEVEL_C_ATLAS_FDR	0.0308	-0.02886247	NEGATIVE_EFFECT_PRODUCT	DIRECTION_CONCORDANT	CONDITIONAL	NO
TIER 2	POAG-CAD	False	10	99554895	100240681	-0.0001791143295676	1.916219489571908e-05	0.0261742807478925	rs7899632	1.40798864157117e-05	0.025470957732786854	LEVEL_C_ATLAS_FDR	-0.0306	0.02796238	NEGATIVE_EFFECT_PRODUCT	DIRECTION_CONCORDANT	CONDITIONAL	NO
TIER 2	POAG-CAD	False	10	99554895	100240681	-0.0001791143295676	1.916219489571908e-05	0.0261742807478925	rs3750595	8.05271128171644e-06	0.01717560142964231	LEVEL_C_ATLAS_FDR	0.0304	-0.02894858	NEGATIVE_EFFECT_PRODUCT	DIRECTION_CONCORDANT	CONDITIONAL	NO
TIER 2	POAG-CAD	False	10	99554895	100240681	-0.0001791143295676	1.916219489571908e-05	0.0261742807478925	rs10786405	6.15479978391117e-06	0.01427812197019249	LEVEL_C_ATLAS_FDR	0.0311	-0.02899364	NEGATIVE_EFFECT_PRODUCT	DIRECTION_CONCORDANT	CONDITIONAL	NO
TIER 2	POAG-CAD	False	10	99554895	100240681	-0.0001791143295676	1.916219489571908e-05	0.0261742807478925	rs1983865	1.25777715562761e-05	0.023526221120896248	LEVEL_C_ATLAS_FDR	0.03	-0.02822594	NEGATIVE_EFFECT_PRODUCT	DIRECTION_CONCORDANT	CONDITIONAL	NO
TIER 2	POAG-CAD	False	10	99554895	100240681	-0.0001791143295676	1.916219489571908e-05	0.0261742807478925	rs1983864	9.66448532764993e-06	0.019570482637552976	LEVEL_C_ATLAS_FDR	-0.0376	0.0251945	NEGATIVE_EFFECT_PRODUCT	DIRECTION_CONCORDANT	CONDITIONAL	NO
TIER 2	POAG-CAD	False	10	99554895	100240681	-0.0001791143295676	1.916219489571908e-05	0.0261742807478925	rs10736126	3.03128787249549e-05	0.04330801083246222	LEVEL_C_ATLAS_FDR	-0.0288	0.02703329	NEGATIVE_EFFECT_PRODUCT	DIRECTION_CONCORDANT	CONDITIONAL	NO
TIER 2	POAG-CKD	True	4	142808503	145021868	-0.0003252435019551	5.106285200692275e-05	0.0472529339623195	rs6819498	3.14297459507592e-05	0.044395654601293695	LEVEL_C_ATLAS_FDR	0.0436	-0.0321	NEGATIVE_EFFECT_PRODUCT	DIRECTION_CONCORDANT	CONDITIONAL	NO
TIER 2	POAG-CKD	True	4	142808503	145021868	-0.0003252435019551	5.106285200692275e-05	0.0472529339623195	rs13435565	3.1921465274202e-05	0.044846848452841724	LEVEL_C_ATLAS_FDR	0.0433	-0.0326	NEGATIVE_EFFECT_PRODUCT	DIRECTION_CONCORDANT	CONDITIONAL	NO
TIER 2	POAG-CKD	True	4	142808503	145021868	-0.0003252435019551	5.106285200692275e-05	0.0472529339623195	rs11100760	2.71547973403624e-05	0.04014604839304349	LEVEL_C_ATLAS_FDR	0.0469	-0.0306	NEGATIVE_EFFECT_PRODUCT	DIRECTION_CONCORDANT	CONDITIONAL	NO
TIER 2	POAG-CKD	True	4	142808503	145021868	-0.0003252435019551	5.106285200692275e-05	0.0472529339623195	rs7682068	1.24019161405382e-05	0.023291215867978967	LEVEL_C_ATLAS_FDR	-0.0536	0.0279	NEGATIVE_EFFECT_PRODUCT	DIRECTION_CONCORDANT	CONDITIONAL	NO
TIER 2	POAG-CKD	True	4	142808503	145021868	-0.0003252435019551	5.106285200692275e-05	0.0472529339623195	rs11100771	2.1385870383029e-05	0.03413056696234971	LEVEL_C_ATLAS_FDR	0.0547	-0.0246	NEGATIVE_EFFECT_PRODUCT	DIRECTION_CONCORDANT	CONDITIONAL	NO
TIER 2	POAG-CKD	True	4	142808503	145021868	-0.0003252435019551	5.106285200692275e-05	0.0472529339623195	rs7684847	1.74229711341893e-05	0.029574427834388142	LEVEL_C_ATLAS_FDR	0.0547	-0.0251	NEGATIVE_EFFECT_PRODUCT	DIRECTION_CONCORDANT	CONDITIONAL	NO
TIER 2	POAG-CKD	True	4	142808503	145021868	-0.0003252435019551	5.106285200692275e-05	0.0472529339623195	rs7666785	1.21845011086354e-05	0.023005534995497477	LEVEL_C_ATLAS_FDR	-0.0544	0.0264	NEGATIVE_EFFECT_PRODUCT	DIRECTION_CONCORDANT	CONDITIONAL	NO
TIER 2	POAG-CKD	True	4	142808503	145021868	-0.0003252435019551	5.106285200692275e-05	0.0472529339623195	rs4337690	1.74229711341893e-05	0.029574427834388142	LEVEL_C_ATLAS_FDR	0.0547	-0.0251	NEGATIVE_EFFECT_PRODUCT	DIRECTION_CONCORDANT	CONDITIONAL	NO
TIER 2	POAG-CKD	True	4	142808503	145021868	-0.0003252435019551	5.106285200692275e-05	0.0472529339623195	rs7670439	1.21803105047428e-05	0.023000779570093464	LEVEL_C_ATLAS_FDR	-0.0564	0.025	NEGATIVE_EFFECT_PRODUCT	DIRECTION_CONCORDANT	CONDITIONAL	NO
TIER 2	POAG-CKD	True	4	142808503	145021868	-0.0003252435019551	5.106285200692275e-05	0.0472529339623195	rs4132266	1.8429424053811e-05	0.03077187768584228	LEVEL_C_ATLAS_FDR	0.0567	-0.0239	NEGATIVE_EFFECT_PRODUCT	DIRECTION_CONCORDANT	CONDITIONAL	NO
TIER 2	POAG-CKD	True	4	142808503	145021868	-0.0003252435019551	5.106285200692275e-05	0.0472529339623195	rs11100780	6.40633799129661e-06	0.014680077403096169	LEVEL_C_ATLAS_FDR	0.056	-0.0267	NEGATIVE_EFFECT_PRODUCT	DIRECTION_CONCORDANT	CONDITIONAL	NO
TIER 2	POAG-CKD	True	4	142808503	145021868	-0.0003252435019551	5.106285200692275e-05	0.0472529339623195	rs4234886	9.47463901757753e-06	0.019306180762423828	LEVEL_C_ATLAS_FDR	0.0566	-0.0255	NEGATIVE_EFFECT_PRODUCT	DIRECTION_CONCORDANT	CONDITIONAL	NO
TIER 2	POAG-CKD	True	4	142808503	145021868	-0.0003252435019551	5.106285200692275e-05	0.0472529339623195	rs11725565	1.23422048314573e-05	0.023205441559921842	LEVEL_C_ATLAS_FDR	-0.055	0.0258	NEGATIVE_EFFECT_PRODUCT	DIRECTION_CONCORDANT	CONDITIONAL	NO
TIER 2	POAG-CKD	True	4	142808503	145021868	-0.0003252435019551	5.106285200692275e-05	0.0472529339623195	rs11724872	1.28284319698539e-05	0.023870356125613463	LEVEL_C_ATLAS_FDR	0.0548	-0.0258	NEGATIVE_EFFECT_PRODUCT	DIRECTION_CONCORDANT	CONDITIONAL	NO
TIER 2	POAG-T2D	False	9	125545194	126926376	-0.0003856203292119	2.083530654552527e-05	0.0266809122382042	rs755407	1.98059502873633e-05	0.032361990461592334	LEVEL_C_ATLAS_FDR	-0.0491	0.0271	NEGATIVE_EFFECT_PRODUCT	DIRECTION_CONCORDANT	CONDITIONAL	NO
TIER 2	POAG-T2D	False	9	125545194	126926376	-0.0003856203292119	2.083530654552527e-05	0.0266809122382042	rs7026921	3.67787093609583e-05	0.04936535361327601	LEVEL_C_ATLAS_FDR	0.0479	-0.0259	NEGATIVE_EFFECT_PRODUCT	DIRECTION_CONCORDANT	CONDITIONAL	NO
TIER 2	POAG-T2D	False	9	125545194	126926376	-0.0003856203292119	2.083530654552527e-05	0.0266809122382042	rs1888027	3.03248308608801e-05	0.0433179551479131	LEVEL_C_ATLAS_FDR	-0.0481	0.0265	NEGATIVE_EFFECT_PRODUCT	DIRECTION_CONCORDANT	CONDITIONAL	NO
TIER 2	POAG-T2D	False	9	125545194	126926376	-0.0003856203292119	2.083530654552527e-05	0.0266809122382042	rs6478623	3.87656264660713e-06	0.010250064479144765	LEVEL_C_ATLAS_FDR	0.0535	-0.0291	NEGATIVE_EFFECT_PRODUCT	DIRECTION_CONCORDANT	CONDITIONAL	NO
TIER 2	POAG-T2D	False	9	125545194	126926376	-0.0003856203292119	2.083530654552527e-05	0.0266809122382042	rs10818834	2.83581137824422e-06	0.008190017678255626	LEVEL_C_ATLAS_FDR	0.0557	-0.0289	NEGATIVE_EFFECT_PRODUCT	DIRECTION_CONCORDANT	CONDITIONAL	NO
TIER 2	POAG-T2D	False	9	125545194	126926376	-0.0003856203292119	2.083530654552527e-05	0.0266809122382042	rs10986093	1.03890504961937e-05	0.020563469382022286	LEVEL_C_ATLAS_FDR	0.0427	-0.032	NEGATIVE_EFFECT_PRODUCT	DIRECTION_CONCORDANT	CONDITIONAL	NO
TIER 2	POAG-T2D	False	9	125545194	126926376	-0.0003856203292119	2.083530654552527e-05	0.0266809122382042	rs7868740	1.02044679684858e-05	0.020317333676544858	LEVEL_C_ATLAS_FDR	0.0439	-0.0314	NEGATIVE_EFFECT_PRODUCT	DIRECTION_CONCORDANT	CONDITIONAL	NO
TIER 2	POAG-T2D	False	9	125545194	126926376	-0.0003856203292119	2.083530654552527e-05	0.0266809122382042	rs10818864	1.10878318890358e-05	0.021507016121835566	LEVEL_C_ATLAS_FDR	0.0437	-0.0313	NEGATIVE_EFFECT_PRODUCT	DIRECTION_CONCORDANT	CONDITIONAL	NO
TIER 2	POAG-T2D	False	9	125545194	126926376	-0.0003856203292119	2.083530654552527e-05	0.0266809122382042	rs7850520	7.48363529560014e-06	0.01631391370589622	LEVEL_C_ATLAS_FDR	0.0446	-0.0318	NEGATIVE_EFFECT_PRODUCT	DIRECTION_CONCORDANT	CONDITIONAL	NO
TIER 2	POAG-T2D	False	16	60291	596605	-0.000228479108544	1.2539484407693568e-05	0.0205537196823386	rs3213508	3.67797290903488e-05	0.04936535361327601	LEVEL_C_ATLAS_FDR	0.0342	-0.0619	NEGATIVE_EFFECT_PRODUCT	DIRECTION_CONCORDANT	CONDITIONAL	NO
TIER 2	POAG-T2D	False	16	60291	596605	-0.000228479108544	1.2539484407693568e-05	0.0205537196823386	rs2239739	2.41095225145935e-05	0.037036614431948806	LEVEL_C_ATLAS_FDR	-0.0332	0.0556	NEGATIVE_EFFECT_PRODUCT	DIRECTION_CONCORDANT	CONDITIONAL	NO
TIER 2	POAG-T2D	False	16	60291	596605	-0.000228479108544	1.2539484407693568e-05	0.0205537196823386	rs10903013	1.54377449441488e-05	0.027153296651980248	LEVEL_C_ATLAS_FDR	-0.0342	0.0564	NEGATIVE_EFFECT_PRODUCT	DIRECTION_CONCORDANT	CONDITIONAL	NO
TIER 2	POAG-T2D	False	16	60291	596605	-0.000228479108544	1.2539484407693568e-05	0.0205537196823386	rs11248925	2.27118362313309e-05	0.03556005209128299	LEVEL_C_ATLAS_FDR	-0.0363	0.0616	NEGATIVE_EFFECT_PRODUCT	DIRECTION_CONCORDANT	CONDITIONAL	NO
TIER 2	POAG-T2D	False	16	60291	596605	-0.000228479108544	1.2539484407693568e-05	0.0205537196823386	rs2239738	1.56139188698125e-05	0.027381307728483135	LEVEL_C_ATLAS_FDR	0.0373	-0.0622	NEGATIVE_EFFECT_PRODUCT	DIRECTION_CONCORDANT	CONDITIONAL	NO
TIER 2	AMD-PD	False	7	104158491	105425027	-0.0004907398412209	1.097544673549841e-05	0.0204432661966933	rs7776707	5.07624063252381e-06	0.012471714944565957	LEVEL_C_ATLAS_FDR	0.115597	-0.0482	NEGATIVE_EFFECT_PRODUCT	DIRECTION_CONCORDANT	CONDITIONAL	NO
TIER 2	AMD-PD	False	7	104158491	105425027	-0.0004907398412209	1.097544673549841e-05	0.0204432661966933	rs6966728	3.83187194999868e-06	0.010167600383277334	LEVEL_C_ATLAS_FDR	0.120403	-0.0438	NEGATIVE_EFFECT_PRODUCT	DIRECTION_CONCORDANT	CONDITIONAL	NO
TIER 2	AMD-PD	False	7	104158491	105425027	-0.0004907398412209	1.097544673549841e-05	0.0204432661966933	rs888086	2.59895351456182e-06	0.007690885278397397	LEVEL_C_ATLAS_FDR	0.121303	-0.0479	NEGATIVE_EFFECT_PRODUCT	DIRECTION_CONCORDANT	CONDITIONAL	NO
TIER 2	AMD-PD	False	7	104158491	105425027	-0.0004907398412209	1.097544673549841e-05	0.0204432661966933	rs6976394	5.83010861654087e-07	0.0023277312853042013	LEVEL_C_ATLAS_FDR	0.121253	-0.0498	NEGATIVE_EFFECT_PRODUCT	DIRECTION_CONCORDANT	CONDITIONAL	NO
TIER 2	AMD-PD	False	7	104158491	105425027	-0.0004907398412209	1.097544673549841e-05	0.0204432661966933	rs6980244	7.08190583588515e-07	0.0027292657097354412	LEVEL_C_ATLAS_FDR	0.119246	-0.0499	NEGATIVE_EFFECT_PRODUCT	DIRECTION_CONCORDANT	CONDITIONAL	NO
TIER 2	AMD-PD	False	7	104158491	105425027	-0.0004907398412209	1.097544673549841e-05	0.0204432661966933	rs11978288	5.87674718882425e-07	0.0023428489937673365	LEVEL_C_ATLAS_FDR	0.119269	-0.0506	NEGATIVE_EFFECT_PRODUCT	DIRECTION_CONCORDANT	CONDITIONAL	NO
TIER 2	AMD-PD	False	7	104158491	105425027	-0.0004907398412209	1.097544673549841e-05	0.0204432661966933	rs6466035	6.61610071282268e-07	0.0025760636752538884	LEVEL_C_ATLAS_FDR	0.119056	-0.0502	NEGATIVE_EFFECT_PRODUCT	DIRECTION_CONCORDANT	CONDITIONAL	NO
TIER 2	AMD-PD	False	7	104158491	105425027	-0.0004907398412209	1.097544673549841e-05	0.0204432661966933	rs6950894	5.70210825231464e-07	0.002285056671546379	LEVEL_C_ATLAS_FDR	-0.119258	0.0507	NEGATIVE_EFFECT_PRODUCT	DIRECTION_CONCORDANT	CONDITIONAL	NO
TIER 2	AMD-PD	False	7	104158491	105425027	-0.0004907398412209	1.097544673549841e-05	0.0204432661966933	rs2192932	1.19233262913199e-06	0.004154576164757115	LEVEL_C_ATLAS_FDR	-0.124822	0.049	NEGATIVE_EFFECT_PRODUCT	DIRECTION_CONCORDANT	CONDITIONAL	NO
TIER 2	AMD-PD	False	7	104158491	105425027	-0.0004907398412209	1.097544673549841e-05	0.0204432661966933	rs10808141	3.31152169458637e-07	0.0014438956708941956	LEVEL_C_ATLAS_FDR	0.123564	-0.0596	NEGATIVE_EFFECT_PRODUCT	DIRECTION_CONCORDANT	CONDITIONAL	NO
TIER 2	AMD-PD	False	7	104158491	105425027	-0.0004907398412209	1.097544673549841e-05	0.0204432661966933	rs2097942	3.2712112678881e-07	0.0014294957819376553	LEVEL_C_ATLAS_FDR	0.117295	-0.054	NEGATIVE_EFFECT_PRODUCT	DIRECTION_CONCORDANT	CONDITIONAL	NO
TIER 2	AMD-PD	False	7	104158491	105425027	-0.0004907398412209	1.097544673549841e-05	0.0204432661966933	rs7797912	1.55059659332574e-06	0.005157021899603211	LEVEL_C_ATLAS_FDR	0.125222	-0.0486	NEGATIVE_EFFECT_PRODUCT	DIRECTION_CONCORDANT	CONDITIONAL	NO
TIER 2	AMD-PD	False	7	104158491	105425027	-0.0004907398412209	1.097544673549841e-05	0.0204432661966933	rs6950620	2.73739259540192e-06	0.007979470910668663	LEVEL_C_ATLAS_FDR	0.125994	-0.0461	NEGATIVE_EFFECT_PRODUCT	DIRECTION_CONCORDANT	CONDITIONAL	NO
TIER 2	AMD-PD	False	7	104158491	105425027	-0.0004907398412209	1.097544673549841e-05	0.0204432661966933	rs2299304	5.59556131616828e-07	0.0022493505889541777	LEVEL_C_ATLAS_FDR	0.126797	-0.0559	NEGATIVE_EFFECT_PRODUCT	DIRECTION_CONCORDANT	CONDITIONAL	NO
TIER 2	AMD-PD	False	7	104158491	105425027	-0.0004907398412209	1.097544673549841e-05	0.0204432661966933	rs2299305	8.37298615949467e-06	0.017635955714841414	LEVEL_C_ATLAS_FDR	-0.108807	0.0451	NEGATIVE_EFFECT_PRODUCT	DIRECTION_CONCORDANT	CONDITIONAL	NO
TIER 2	AMD-PD	False	7	104158491	105425027	-0.0004907398412209	1.097544673549841e-05	0.0204432661966933	rs1010340	1.10399796660716e-05	0.021443479268919416	LEVEL_C_ATLAS_FDR	-0.107988	0.0441	NEGATIVE_EFFECT_PRODUCT	DIRECTION_CONCORDANT	CONDITIONAL	NO
TIER 2	AMD-PD	False	7	104158491	105425027	-0.0004907398412209	1.097544673549841e-05	0.0204432661966933	rs6974874	2.22580899209904e-05	0.03505517472223606	LEVEL_C_ATLAS_FDR	-0.11105	0.0403	NEGATIVE_EFFECT_PRODUCT	DIRECTION_CONCORDANT	CONDITIONAL	NO
TIER 2	AMD-PD	False	7	104158491	105425027	-0.0004907398412209	1.097544673549841e-05	0.0204432661966933	rs6949073	9.97426618064189e-06	0.02001011354201441	LEVEL_C_ATLAS_FDR	-0.109521	0.0439	NEGATIVE_EFFECT_PRODUCT	DIRECTION_CONCORDANT	CONDITIONAL	NO
TIER 2	AMD-PD	False	7	104158491	105425027	-0.0004907398412209	1.097544673549841e-05	0.0204432661966933	rs7796945	9.45346126929561e-06	0.019278702910329938	LEVEL_C_ATLAS_FDR	-0.109804	0.044	NEGATIVE_EFFECT_PRODUCT	DIRECTION_CONCORDANT	CONDITIONAL	NO
TIER 2	AMD-PD	False	7	104158491	105425027	-0.0004907398412209	1.097544673549841e-05	0.0204432661966933	rs17640508	1.32103548043431e-05	0.024340358386886234	LEVEL_C_ATLAS_FDR	-0.108105	0.0433	NEGATIVE_EFFECT_PRODUCT	DIRECTION_CONCORDANT	CONDITIONAL	NO
TIER 2	AMD-PD	False	7	104158491	105425027	-0.0004907398412209	1.097544673549841e-05	0.0204432661966933	rs6972563	1.03144824869893e-05	0.020458741412156995	LEVEL_C_ATLAS_FDR	-0.108648	0.0441	NEGATIVE_EFFECT_PRODUCT	DIRECTION_CONCORDANT	CONDITIONAL	NO
TIER 2	AMD-PD	False	7	104158491	105425027	-0.0004907398412209	1.097544673549841e-05	0.0204432661966933	rs12154942	2.03789590018817e-06	0.006406341511227867	LEVEL_C_ATLAS_FDR	-0.107976	0.0516	NEGATIVE_EFFECT_PRODUCT	DIRECTION_CONCORDANT	CONDITIONAL	NO
TIER 2	AMD-PD	False	7	104158491	105425027	-0.0004907398412209	1.097544673549841e-05	0.0204432661966933	rs7794036	3.24486356564776e-06	0.009016406399840627	LEVEL_C_ATLAS_FDR	-0.105935	0.0502	NEGATIVE_EFFECT_PRODUCT	DIRECTION_CONCORDANT	CONDITIONAL	NO
TIER 2	AMD-PD	False	7	104158491	105425027	-0.0004907398412209	1.097544673549841e-05	0.0204432661966933	rs12538590	5.51493464091733e-06	0.0132141046949259	LEVEL_C_ATLAS_FDR	-0.104014	0.0481	NEGATIVE_EFFECT_PRODUCT	DIRECTION_CONCORDANT	CONDITIONAL	NO
TIER 2	AMD-PD	False	7	104158491	105425027	-0.0004907398412209	1.097544673549841e-05	0.0204432661966933	rs6466051	5.71843994169509e-06	0.013564037835595556	LEVEL_C_ATLAS_FDR	-0.105704	0.0479	NEGATIVE_EFFECT_PRODUCT	DIRECTION_CONCORDANT	CONDITIONAL	NO
TIER 2	AMD-PD	False	7	104158491	105425027	-0.0004907398412209	1.097544673549841e-05	0.0204432661966933	rs2079340	5.05788715629948e-06	0.012441913498105877	LEVEL_C_ATLAS_FDR	-0.106822	0.0479	NEGATIVE_EFFECT_PRODUCT	DIRECTION_CONCORDANT	CONDITIONAL	NO
TIER 2	AMD-PD	False	7	104158491	105425027	-0.0004907398412209	1.097544673549841e-05	0.0204432661966933	rs2079341	3.74061065583029e-06	0.009991761442057842	LEVEL_C_ATLAS_FDR	-0.107688	0.0488	NEGATIVE_EFFECT_PRODUCT	DIRECTION_CONCORDANT	CONDITIONAL	NO
TIER 2	AMD-PD	False	7	104158491	105425027	-0.0004907398412209	1.097544673549841e-05	0.0204432661966933	rs3801279	4.42267927563095e-06	0.011288139597147187	LEVEL_C_ATLAS_FDR	-0.106561	0.0486	NEGATIVE_EFFECT_PRODUCT	DIRECTION_CONCORDANT	CONDITIONAL	NO
TIER 2	AMD-PD	False	7	104158491	105425027	-0.0004907398412209	1.097544673549841e-05	0.0204432661966933	rs17640599	3.61283808803661e-06	0.009756320010047304	LEVEL_C_ATLAS_FDR	-0.107268	0.0492	NEGATIVE_EFFECT_PRODUCT	DIRECTION_CONCORDANT	CONDITIONAL	NO
TIER 2	AMD-PD	False	7	104158491	105425027	-0.0004907398412209	1.097544673549841e-05	0.0204432661966933	rs7808226	3.02100023617592e-06	0.008568023679554436	LEVEL_C_ATLAS_FDR	-0.108097	0.0498	NEGATIVE_EFFECT_PRODUCT	DIRECTION_CONCORDANT	CONDITIONAL	NO
TIER 2	AMD-PD	False	7	104158491	105425027	-0.0004907398412209	1.097544673549841e-05	0.0204432661966933	rs17640644	2.50618296345955e-06	0.007490109183183392	LEVEL_C_ATLAS_FDR	-0.10804	0.0506	NEGATIVE_EFFECT_PRODUCT	DIRECTION_CONCORDANT	CONDITIONAL	NO
TIER 2	AMD-PD	False	7	104158491	105425027	-0.0004907398412209	1.097544673549841e-05	0.0204432661966933	rs4406343	2.90097041887653e-06	0.008323491757731425	LEVEL_C_ATLAS_FDR	-0.108017	0.05	NEGATIVE_EFFECT_PRODUCT	DIRECTION_CONCORDANT	CONDITIONAL	NO
TIER 2	AMD-PD	False	7	104158491	105425027	-0.0004907398412209	1.097544673549841e-05	0.0204432661966933	rs1468359	3.68141828238152e-06	0.009885430890956374	LEVEL_C_ATLAS_FDR	-0.107189	0.0494	NEGATIVE_EFFECT_PRODUCT	DIRECTION_CONCORDANT	CONDITIONAL	NO
TIER 2	AMD-PD	False	7	104158491	105425027	-0.0004907398412209	1.097544673549841e-05	0.0204432661966933	rs6963624	3.06747819693778e-06	0.008661273268452705	LEVEL_C_ATLAS_FDR	-0.108262	0.0497	NEGATIVE_EFFECT_PRODUCT	DIRECTION_CONCORDANT	CONDITIONAL	NO
TIER 2	AMD-PD	False	7	104158491	105425027	-0.0004907398412209	1.097544673549841e-05	0.0204432661966933	rs6954844	3.13141478142423e-06	0.00879138773396185	LEVEL_C_ATLAS_FDR	-0.108523	0.0495	NEGATIVE_EFFECT_PRODUCT	DIRECTION_CONCORDANT	CONDITIONAL	NO
TIER 2	AMD-PD	False	7	104158491	105425027	-0.0004907398412209	1.097544673549841e-05	0.0204432661966933	rs7790653	4.38074735154815e-06	0.011199231869181361	LEVEL_C_ATLAS_FDR	-0.105672	0.0494	NEGATIVE_EFFECT_PRODUCT	DIRECTION_CONCORDANT	CONDITIONAL	NO
TIER 2	AMD-PD	False	7	104158491	105425027	-0.0004907398412209	1.097544673549841e-05	0.0204432661966933	rs7805928	2.51745272714439e-06	0.007514408268897327	LEVEL_C_ATLAS_FDR	-0.107721	0.0508	NEGATIVE_EFFECT_PRODUCT	DIRECTION_CONCORDANT	CONDITIONAL	NO
TIER 2	AMD-PD	False	7	104158491	105425027	-0.0004907398412209	1.097544673549841e-05	0.0204432661966933	rs7780006	2.75178194766524e-06	0.008010652333583003	LEVEL_C_ATLAS_FDR	-0.108011	0.0503	NEGATIVE_EFFECT_PRODUCT	DIRECTION_CONCORDANT	CONDITIONAL	NO
TIER 2	AMD-PD	False	7	104158491	105425027	-0.0004907398412209	1.097544673549841e-05	0.0204432661966933	rs12155351	3.49894300205931e-06	0.009519103833279264	LEVEL_C_ATLAS_FDR	-0.106499	0.05	NEGATIVE_EFFECT_PRODUCT	DIRECTION_CONCORDANT	CONDITIONAL	NO
TIER 2	AMD-PD	False	7	104158491	105425027	-0.0004907398412209	1.097544673549841e-05	0.0204432661966933	rs12534381	2.76993908623209e-05	0.04071534342570658	LEVEL_C_ATLAS_FDR	-0.10142	0.0435	NEGATIVE_EFFECT_PRODUCT	DIRECTION_CONCORDANT	CONDITIONAL	NO
TIER 2	AMD-PD	False	7	104158491	105425027	-0.0004907398412209	1.097544673549841e-05	0.0204432661966933	rs10953475	2.63701151790134e-05	0.03938084409658259	LEVEL_C_ATLAS_FDR	-0.103818	0.0427	NEGATIVE_EFFECT_PRODUCT	DIRECTION_CONCORDANT	CONDITIONAL	NO
TIER 2	AMD-PD	False	7	104158491	105425027	-0.0004907398412209	1.097544673549841e-05	0.0204432661966933	rs12536794	1.32896784891681e-05	0.02443364828674483	LEVEL_C_ATLAS_FDR	-0.104948	0.0456	NEGATIVE_EFFECT_PRODUCT	DIRECTION_CONCORDANT	CONDITIONAL	NO
TIER 2	AMD-PD	False	7	104158491	105425027	-0.0004907398412209	1.097544673549841e-05	0.0204432661966933	rs7792628	1.58497366333852e-05	0.02766196826918037	LEVEL_C_ATLAS_FDR	-0.105982	0.0447	NEGATIVE_EFFECT_PRODUCT	DIRECTION_CONCORDANT	CONDITIONAL	NO
TIER 2	AMD-PD	False	7	104158491	105425027	-0.0004907398412209	1.097544673549841e-05	0.0204432661966933	rs17270450	1.45525940416017e-05	0.026041098071115043	LEVEL_C_ATLAS_FDR	-0.107828	0.0443	NEGATIVE_EFFECT_PRODUCT	DIRECTION_CONCORDANT	CONDITIONAL	NO
TIER 2	AMD-T2D	True	2	43309247	44048346	-0.0006783499484874	2.764980298983956e-05	0.0314731563032679	rs1549723	3.81016768163225e-08	0.0002526931900168848	LEVEL_B_PAIRWISE_GWAS	0.0699072	-0.0581	NEGATIVE_EFFECT_PRODUCT	DIRECTION_CONCORDANT	CONDITIONAL	NO
TIER 2	AMD-T2D	True	2	43309247	44048346	-0.0006783499484874	2.764980298983956e-05	0.0314731563032679	rs6732337	5.37727828899311e-08	0.0003292546291672764	LEVEL_C_ATLAS_FDR	0.0691878	-0.0574	NEGATIVE_EFFECT_PRODUCT	DIRECTION_CONCORDANT	CONDITIONAL	NO
TIER 2	AMD-T2D	True	2	43309247	44048346	-0.0006783499484874	2.764980298983956e-05	0.0314731563032679	rs6727631	8.11279878711918e-08	0.000458273401477054	LEVEL_C_ATLAS_FDR	0.0688553	-0.0563	NEGATIVE_EFFECT_PRODUCT	DIRECTION_CONCORDANT	CONDITIONAL	NO
TIER 2	AMD-T2D	True	2	43309247	44048346	-0.0006783499484874	2.764980298983956e-05	0.0314731563032679	rs6755601	3.97519369040562e-07	0.0016837793157105307	LEVEL_C_ATLAS_FDR	0.059444	-0.0562	NEGATIVE_EFFECT_PRODUCT	DIRECTION_CONCORDANT	CONDITIONAL	NO
TIER 2	AMD-T2D	True	2	43309247	44048346	-0.0006783499484874	2.764980298983956e-05	0.0314731563032679	rs6756625	4.67196476547845e-07	0.0019310766928078023	LEVEL_C_ATLAS_FDR	0.0593319	-0.0555	NEGATIVE_EFFECT_PRODUCT	DIRECTION_CONCORDANT	CONDITIONAL	NO
TIER 2	AMD-T2D	True	2	43309247	44048346	-0.0006783499484874	2.764980298983956e-05	0.0314731563032679	rs1322	1.04901108444393e-07	0.0005690413168283799	LEVEL_C_ATLAS_FDR	0.0585989	-0.0734	NEGATIVE_EFFECT_PRODUCT	DIRECTION_CONCORDANT	CONDITIONAL	NO
TIER 2	AMD-T2D	True	2	43309247	44048346	-0.0006783499484874	2.764980298983956e-05	0.0314731563032679	rs6727824	7.17024215881062e-08	0.0004143353854886266	LEVEL_C_ATLAS_FDR	0.0602256	-0.073	NEGATIVE_EFFECT_PRODUCT	DIRECTION_CONCORDANT	CONDITIONAL	NO
TIER 2	AMD-T2D	True	2	43309247	44048346	-0.0006783499484874	2.764980298983956e-05	0.0314731563032679	rs10211126	3.95288642931656e-07	0.0016759666795769137	LEVEL_C_ATLAS_FDR	0.0585381	-0.0558	NEGATIVE_EFFECT_PRODUCT	DIRECTION_CONCORDANT	CONDITIONAL	NO
TIER 2	AMD-T2D	True	2	43309247	44048346	-0.0006783499484874	2.764980298983956e-05	0.0314731563032679	rs9309098	6.81826568234868e-07	0.0026417408819390553	LEVEL_C_ATLAS_FDR	0.0574902	-0.0554	NEGATIVE_EFFECT_PRODUCT	DIRECTION_CONCORDANT	CONDITIONAL	NO
TIER 2	AMD-T2D	True	2	43309247	44048346	-0.0006783499484874	2.764980298983956e-05	0.0314731563032679	rs6744746	7.58809883989009e-07	0.0028849687340712807	LEVEL_C_ATLAS_FDR	0.0571645	-0.0553	NEGATIVE_EFFECT_PRODUCT	DIRECTION_CONCORDANT	CONDITIONAL	NO
TIER 2	AMD-T2D	True	2	43309247	44048346	-0.0006783499484874	2.764980298983956e-05	0.0314731563032679	rs6710656	5.70215897515775e-07	0.002285056671546379	LEVEL_C_ATLAS_FDR	0.0578341	-0.0558	NEGATIVE_EFFECT_PRODUCT	DIRECTION_CONCORDANT	CONDITIONAL	NO
TIER 2	AMD-T2D	True	2	43309247	44048346	-0.0006783499484874	2.764980298983956e-05	0.0314731563032679	rs10172375	6.76936022620763e-07	0.002625429880297324	LEVEL_C_ATLAS_FDR	0.0571359	-0.055	NEGATIVE_EFFECT_PRODUCT	DIRECTION_CONCORDANT	CONDITIONAL	NO
TIER 2	AMD-T2D	True	2	43309247	44048346	-0.0006783499484874	2.764980298983956e-05	0.0314731563032679	rs11684601	1.09267736204765e-06	0.003867117089873569	LEVEL_C_ATLAS_FDR	0.0561569	-0.0548	NEGATIVE_EFFECT_PRODUCT	DIRECTION_CONCORDANT	CONDITIONAL	NO
TIER 2	AMD-T2D	True	2	43309247	44048346	-0.0006783499484874	2.764980298983956e-05	0.0314731563032679	rs6544646	6.33879521527268e-06	0.014575406234684672	LEVEL_C_ATLAS_FDR	0.049111	-0.0354	NEGATIVE_EFFECT_PRODUCT	DIRECTION_CONCORDANT	CONDITIONAL	NO
TIER 2	AMD-T2D	True	2	43309247	44048346	-0.0006783499484874	2.764980298983956e-05	0.0314731563032679	rs7557989	1.89381115065032e-05	0.031351295756764645	LEVEL_C_ATLAS_FDR	0.0393706	-0.0436	NEGATIVE_EFFECT_PRODUCT	DIRECTION_CONCORDANT	CONDITIONAL	NO
TIER 2	AMD-T2D	True	2	43309247	44048346	-0.0006783499484874	2.764980298983956e-05	0.0314731563032679	rs6544658	1.61168358780008e-05	0.027981929049120037	LEVEL_C_ATLAS_FDR	0.0389886	-0.0423	NEGATIVE_EFFECT_PRODUCT	DIRECTION_CONCORDANT	CONDITIONAL	NO
TIER 2	AMD-T2D	True	2	43309247	44048346	-0.0006783499484874	2.764980298983956e-05	0.0314731563032679	rs11904510	3.17213619725088e-05	0.04464048785760504	LEVEL_C_ATLAS_FDR	0.0422936	-0.04	NEGATIVE_EFFECT_PRODUCT	DIRECTION_CONCORDANT	CONDITIONAL	NO
TIER 2	AMD-T2D	True	2	43309247	44048346	-0.0006783499484874	2.764980298983956e-05	0.0314731563032679	rs10211106	3.54811213287073e-05	0.04813044266291	LEVEL_C_ATLAS_FDR	0.0415413	-0.0402	NEGATIVE_EFFECT_PRODUCT	DIRECTION_CONCORDANT	CONDITIONAL	NO
TIER 2	AMD-T2D	True	2	43309247	44048346	-0.0006783499484874	2.764980298983956e-05	0.0314731563032679	rs10495903	4.15735836419173e-06	0.010783611036713355	LEVEL_C_ATLAS_FDR	0.0462875	-0.0839	NEGATIVE_EFFECT_PRODUCT	DIRECTION_CONCORDANT	CONDITIONAL	NO
TIER 2	AMD-T2D	True	2	43309247	44048346	-0.0006783499484874	2.764980298983956e-05	0.0314731563032679	rs17031088	3.32593893459929e-06	0.009183772528233089	LEVEL_C_ATLAS_FDR	0.0476042	-0.0832	NEGATIVE_EFFECT_PRODUCT	DIRECTION_CONCORDANT	CONDITIONAL	NO
TIER 2	AMD-T2D	True	2	43309247	44048346	-0.0006783499484874	2.764980298983956e-05	0.0314731563032679	rs17031092	3.42264737694336e-06	0.009378425581280023	LEVEL_C_ATLAS_FDR	0.047139	-0.0837	NEGATIVE_EFFECT_PRODUCT	DIRECTION_CONCORDANT	CONDITIONAL	NO
TIER 2	AMD-T2D	True	2	43309247	44048346	-0.0006783499484874	2.764980298983956e-05	0.0314731563032679	rs12474030	4.29624967639616e-06	0.011041208479387067	LEVEL_C_ATLAS_FDR	0.0467203	-0.083	NEGATIVE_EFFECT_PRODUCT	DIRECTION_CONCORDANT	CONDITIONAL	NO
TIER 2	AMD-T2D	True	2	43309247	44048346	-0.0006783499484874	2.764980298983956e-05	0.0314731563032679	rs17031095	2.85306060476153e-06	0.00822341379905824	LEVEL_C_ATLAS_FDR	0.0491615	-0.0817	NEGATIVE_EFFECT_PRODUCT	DIRECTION_CONCORDANT	CONDITIONAL	NO
TIER 2	AMD-T2D	True	2	43309247	44048346	-0.0006783499484874	2.764980298983956e-05	0.0314731563032679	rs12467420	3.51670062398671e-06	0.009553936212165375	LEVEL_C_ATLAS_FDR	0.049334	-0.0801	NEGATIVE_EFFECT_PRODUCT	DIRECTION_CONCORDANT	CONDITIONAL	NO
TIER 2	AMD-T2D	True	2	43309247	44048346	-0.0006783499484874	2.764980298983956e-05	0.0314731563032679	rs12469695	4.82750739253361e-06	0.012032093706281277	LEVEL_C_ATLAS_FDR	0.0478928	-0.0803	NEGATIVE_EFFECT_PRODUCT	DIRECTION_CONCORDANT	CONDITIONAL	NO
TIER 2	AMD-T2D	True	2	43309247	44048346	-0.0006783499484874	2.764980298983956e-05	0.0314731563032679	rs6726404	1.03990765341709e-05	0.020576392154964214	LEVEL_C_ATLAS_FDR	0.0445818	-0.0802	NEGATIVE_EFFECT_PRODUCT	DIRECTION_CONCORDANT	CONDITIONAL	NO
TIER 2	AMD-T2D	True	2	43309247	44048346	-0.0006783499484874	2.764980298983956e-05	0.0314731563032679	rs4339008	9.90295750329934e-06	0.019910133238079677	LEVEL_C_ATLAS_FDR	0.0446222	-0.0805	NEGATIVE_EFFECT_PRODUCT	DIRECTION_CONCORDANT	CONDITIONAL	NO
TIER 2	AMD-T2D	True	2	43309247	44048346	-0.0006783499484874	2.764980298983956e-05	0.0314731563032679	rs7576643	9.86797343972015e-06	0.019868566947542934	LEVEL_C_ATLAS_FDR	0.0440251	-0.0825	NEGATIVE_EFFECT_PRODUCT	DIRECTION_CONCORDANT	CONDITIONAL	NO
TIER 2	AMD-T2D	True	2	43309247	44048346	-0.0006783499484874	2.764980298983956e-05	0.0314731563032679	rs6725688	2.33759174098463e-05	0.036266100779998756	LEVEL_C_ATLAS_FDR	0.041072	-0.0812	NEGATIVE_EFFECT_PRODUCT	DIRECTION_CONCORDANT	CONDITIONAL	NO
TIER 2	AMD-T2D	True	2	43309247	44048346	-0.0006783499484874	2.764980298983956e-05	0.0314731563032679	rs11904361	6.27213939218315e-06	0.014464459470797188	LEVEL_C_ATLAS_FDR	0.0457414	-0.0775	NEGATIVE_EFFECT_PRODUCT	DIRECTION_CONCORDANT	CONDITIONAL	NO
TIER 2	CAT-AD	True	2	202830132	204814896	0.0001276638548397	5.304394949159796e-05	0.0472529339623195	rs72932707	1.87812959785766e-06	0.006009019859679808	LEVEL_C_ATLAS_FDR	-0.0315288	-0.0596	POSITIVE_EFFECT_PRODUCT	DIRECTION_CONCORDANT	CONDITIONAL	FINNISH_LD_SENSITIVITY_REQUIRED
TIER 2	CAT-AD	True	2	202830132	204814896	0.0001276638548397	5.304394949159796e-05	0.0472529339623195	rs72932709	1.76197414662369e-06	0.005708151461757529	LEVEL_C_ATLAS_FDR	-0.0314259	-0.0601	POSITIVE_EFFECT_PRODUCT	DIRECTION_CONCORDANT	CONDITIONAL	FINNISH_LD_SENSITIVITY_REQUIRED
TIER 2	CAT-AD	True	2	202830132	204814896	0.0001276638548397	5.304394949159796e-05	0.0472529339623195	rs72932716	1.83609328834931e-06	0.005898011479994594	LEVEL_C_ATLAS_FDR	-0.0314276	-0.0599	POSITIVE_EFFECT_PRODUCT	DIRECTION_CONCORDANT	CONDITIONAL	FINNISH_LD_SENSITIVITY_REQUIRED
TIER 2	CAT-AD	True	2	202830132	204814896	0.0001276638548397	5.304394949159796e-05	0.0472529339623195	rs56193304	2.49469398187375e-06	0.007467022429234381	LEVEL_C_ATLAS_FDR	-0.0316103	-0.059	POSITIVE_EFFECT_PRODUCT	DIRECTION_CONCORDANT	CONDITIONAL	FINNISH_LD_SENSITIVITY_REQUIRED
TIER 2	CAT-AD	True	2	202830132	204814896	0.0001276638548397	5.304394949159796e-05	0.0472529339623195	rs11675462	3.23411862261908e-05	0.045224889198039006	LEVEL_C_ATLAS_FDR	0.0227984	0.0377	POSITIVE_EFFECT_PRODUCT	DIRECTION_CONCORDANT	CONDITIONAL	FINNISH_LD_SENSITIVITY_REQUIRED
TIER 2	CAT-AD	True	2	202830132	204814896	0.0001276638548397	5.304394949159796e-05	0.0472529339623195	rs72932722	2.30084183747441e-06	0.007026757206272491	LEVEL_C_ATLAS_FDR	-0.0310423	-0.0597	POSITIVE_EFFECT_PRODUCT	DIRECTION_CONCORDANT	CONDITIONAL	FINNISH_LD_SENSITIVITY_REQUIRED
TIER 2	CAT-AD	True	2	202830132	204814896	0.0001276638548397	5.304394949159796e-05	0.0472529339623195	rs72932723	2.64571915002892e-06	0.007795959143273133	LEVEL_C_ATLAS_FDR	-0.0307457	-0.0596	POSITIVE_EFFECT_PRODUCT	DIRECTION_CONCORDANT	CONDITIONAL	FINNISH_LD_SENSITIVITY_REQUIRED
TIER 2	CAT-AD	True	2	202830132	204814896	0.0001276638548397	5.304394949159796e-05	0.0472529339623195	rs72932725	2.83669474236689e-06	0.00819052450023605	LEVEL_C_ATLAS_FDR	-0.0308109	-0.0601	POSITIVE_EFFECT_PRODUCT	DIRECTION_CONCORDANT	CONDITIONAL	FINNISH_LD_SENSITIVITY_REQUIRED
TIER 2	CAT-AD	True	2	202830132	204814896	0.0001276638548397	5.304394949159796e-05	0.0472529339623195	rs72932731	3.39066341224642e-06	0.009310630298569766	LEVEL_C_ATLAS_FDR	-0.0308185	-0.0592	POSITIVE_EFFECT_PRODUCT	DIRECTION_CONCORDANT	CONDITIONAL	FINNISH_LD_SENSITIVITY_REQUIRED
TIER 2	CAT-AD	True	2	202830132	204814896	0.0001276638548397	5.304394949159796e-05	0.0472529339623195	rs72932737	3.01313368244236e-06	0.008551302460330286	LEVEL_C_ATLAS_FDR	-0.0310206	-0.0594	POSITIVE_EFFECT_PRODUCT	DIRECTION_CONCORDANT	CONDITIONAL	FINNISH_LD_SENSITIVITY_REQUIRED
TIER 2	CAT-AD	True	2	202830132	204814896	0.0001276638548397	5.304394949159796e-05	0.0472529339623195	rs6732078	3.28646900552886e-06	0.009104462333067847	LEVEL_C_ATLAS_FDR	-0.0308491	-0.0593	POSITIVE_EFFECT_PRODUCT	DIRECTION_CONCORDANT	CONDITIONAL	FINNISH_LD_SENSITIVITY_REQUIRED
TIER 2	CAT-AD	True	2	202830132	204814896	0.0001276638548397	5.304394949159796e-05	0.0472529339623195	rs6435168	3.35334793564297e-06	0.009236916599129308	LEVEL_C_ATLAS_FDR	-0.0308492	-0.0592	POSITIVE_EFFECT_PRODUCT	DIRECTION_CONCORDANT	CONDITIONAL	FINNISH_LD_SENSITIVITY_REQUIRED
TIER 2	CAT-AD	True	2	202830132	204814896	0.0001276638548397	5.304394949159796e-05	0.0472529339623195	rs6705330	4.7864683147016e-06	0.011956753438100699	LEVEL_C_ATLAS_FDR	-0.0299342	-0.0591	POSITIVE_EFFECT_PRODUCT	DIRECTION_CONCORDANT	CONDITIONAL	FINNISH_LD_SENSITIVITY_REQUIRED
TIER 2	CAT-AD	True	2	202830132	204814896	0.0001276638548397	5.304394949159796e-05	0.0472529339623195	rs72932745	3.46165305076672e-06	0.009444091367132862	LEVEL_C_ATLAS_FDR	-0.0308168	-0.0591	POSITIVE_EFFECT_PRODUCT	DIRECTION_CONCORDANT	CONDITIONAL	FINNISH_LD_SENSITIVITY_REQUIRED
TIER 2	CAT-AD	True	2	202830132	204814896	0.0001276638548397	5.304394949159796e-05	0.0472529339623195	rs72932746	3.54195415002409e-06	0.009609006307274296	LEVEL_C_ATLAS_FDR	-0.0308099	-0.059	POSITIVE_EFFECT_PRODUCT	DIRECTION_CONCORDANT	CONDITIONAL	FINNISH_LD_SENSITIVITY_REQUIRED
TIER 2	CAT-AD	True	2	202830132	204814896	0.0001276638548397	5.304394949159796e-05	0.0472529339623195	rs78128841	3.24717041495936e-06	0.009019348027867741	LEVEL_C_ATLAS_FDR	-0.031039	-0.059	POSITIVE_EFFECT_PRODUCT	DIRECTION_CONCORDANT	CONDITIONAL	FINNISH_LD_SENSITIVITY_REQUIRED
TIER 2	CAT-AD	True	2	202830132	204814896	0.0001276638548397	5.304394949159796e-05	0.0472529339623195	rs72932752	3.35344095495154e-06	0.009236916599129308	LEVEL_C_ATLAS_FDR	-0.0306912	-0.0595	POSITIVE_EFFECT_PRODUCT	DIRECTION_CONCORDANT	CONDITIONAL	FINNISH_LD_SENSITIVITY_REQUIRED
TIER 2	CAT-AD	True	2	202830132	204814896	0.0001276638548397	5.304394949159796e-05	0.0472529339623195	rs72932753	3.81127555355868e-06	0.010134505775039116	LEVEL_C_ATLAS_FDR	-0.0306185	-0.059	POSITIVE_EFFECT_PRODUCT	DIRECTION_CONCORDANT	CONDITIONAL	FINNISH_LD_SENSITIVITY_REQUIRED
TIER 2	CAT-AD	True	2	202830132	204814896	0.0001276638548397	5.304394949159796e-05	0.0472529339623195	rs144505847	3.75925516997265e-06	0.010027674067971948	LEVEL_C_ATLAS_FDR	-0.0305504	-0.0593	POSITIVE_EFFECT_PRODUCT	DIRECTION_CONCORDANT	CONDITIONAL	FINNISH_LD_SENSITIVITY_REQUIRED
TIER 2	CAT-AD	True	2	202830132	204814896	0.0001276638548397	5.304394949159796e-05	0.0472529339623195	rs80087860	2.94110269487855e-06	0.00840870327920324	LEVEL_C_ATLAS_FDR	-0.0311724	-0.0593	POSITIVE_EFFECT_PRODUCT	DIRECTION_CONCORDANT	CONDITIONAL	FINNISH_LD_SENSITIVITY_REQUIRED
TIER 2	CAT-AD	True	2	202830132	204814896	0.0001276638548397	5.304394949159796e-05	0.0472529339623195	rs74675536	2.35909394097829e-06	0.007157429570376746	LEVEL_C_ATLAS_FDR	-0.0311671	-0.0614	POSITIVE_EFFECT_PRODUCT	DIRECTION_CONCORDANT	CONDITIONAL	FINNISH_LD_SENSITIVITY_REQUIRED
TIER 2	CAT-AD	True	2	202830132	204814896	0.0001276638548397	5.304394949159796e-05	0.0472529339623195	rs72932759	3.35383266222296e-06	0.009237262541137353	LEVEL_C_ATLAS_FDR	-0.0306909	-0.0595	POSITIVE_EFFECT_PRODUCT	DIRECTION_CONCORDANT	CONDITIONAL	FINNISH_LD_SENSITIVITY_REQUIRED
TIER 2	CAT-AD	True	2	202830132	204814896	0.0001276638548397	5.304394949159796e-05	0.0472529339623195	rs115400054	4.26835463275917e-06	0.010991233563243911	LEVEL_C_ATLAS_FDR	-0.0306225	-0.0595	POSITIVE_EFFECT_PRODUCT	DIRECTION_CONCORDANT	CONDITIONAL	FINNISH_LD_SENSITIVITY_REQUIRED
TIER 2	CAT-AD	True	2	202830132	204814896	0.0001276638548397	5.304394949159796e-05	0.0472529339623195	rs72932765	3.28676728122617e-06	0.009104562021280769	LEVEL_C_ATLAS_FDR	-0.0306912	-0.0596	POSITIVE_EFFECT_PRODUCT	DIRECTION_CONCORDANT	CONDITIONAL	FINNISH_LD_SENSITIVITY_REQUIRED
TIER 2	CAT-AD	True	2	202830132	204814896	0.0001276638548397	5.304394949159796e-05	0.0472529339623195	rs72932767	3.46353014736629e-06	0.0094462124948843	LEVEL_C_ATLAS_FDR	-0.0306595	-0.0594	POSITIVE_EFFECT_PRODUCT	DIRECTION_CONCORDANT	CONDITIONAL	FINNISH_LD_SENSITIVITY_REQUIRED
TIER 2	CAT-AD	True	2	202830132	204814896	0.0001276638548397	5.304394949159796e-05	0.0472529339623195	rs72932770	3.45519338723914e-06	0.009433350832079229	LEVEL_C_ATLAS_FDR	-0.0306657	-0.0594	POSITIVE_EFFECT_PRODUCT	DIRECTION_CONCORDANT	CONDITIONAL	FINNISH_LD_SENSITIVITY_REQUIRED
TIER 2	CAT-AD	True	2	202830132	204814896	0.0001276638548397	5.304394949159796e-05	0.0472529339623195	rs79633844	2.85264311032007e-06	0.00822289324380707	LEVEL_C_ATLAS_FDR	-0.030636	-0.0604	POSITIVE_EFFECT_PRODUCT	DIRECTION_CONCORDANT	CONDITIONAL	FINNISH_LD_SENSITIVITY_REQUIRED
TIER 2	CAT-AD	True	2	202830132	204814896	0.0001276638548397	5.304394949159796e-05	0.0472529339623195	rs75141346	3.07265086113677e-06	0.008669180086638851	LEVEL_C_ATLAS_FDR	-0.0305995	-0.0601	POSITIVE_EFFECT_PRODUCT	DIRECTION_CONCORDANT	CONDITIONAL	FINNISH_LD_SENSITIVITY_REQUIRED
TIER 2	CAT-AD	True	2	202830132	204814896	0.0001276638548397	5.304394949159796e-05	0.0472529339623195	rs72932774	3.08248760425147e-06	0.008690576075580355	LEVEL_C_ATLAS_FDR	-0.0305845	-0.0601	POSITIVE_EFFECT_PRODUCT	DIRECTION_CONCORDANT	CONDITIONAL	FINNISH_LD_SENSITIVITY_REQUIRED
TIER 2	CAT-AD	True	2	202830132	204814896	0.0001276638548397	5.304394949159796e-05	0.0472529339623195	rs72932777	3.09760983658694e-06	0.00872541515655405	LEVEL_C_ATLAS_FDR	-0.0305284	-0.0602	POSITIVE_EFFECT_PRODUCT	DIRECTION_CONCORDANT	CONDITIONAL	FINNISH_LD_SENSITIVITY_REQUIRED
TIER 2	CAT-AD	True	2	202830132	204814896	0.0001276638548397	5.304394949159796e-05	0.0472529339623195	rs115628302	3.07700986786273e-06	0.00867874596646421	LEVEL_C_ATLAS_FDR	-0.0305456	-0.0602	POSITIVE_EFFECT_PRODUCT	DIRECTION_CONCORDANT	CONDITIONAL	FINNISH_LD_SENSITIVITY_REQUIRED
TIER 2	CAT-AD	True	2	202830132	204814896	0.0001276638548397	5.304394949159796e-05	0.0472529339623195	rs75166090	3.17041216723778e-06	0.00886859403206213	LEVEL_C_ATLAS_FDR	-0.0304697	-0.0602	POSITIVE_EFFECT_PRODUCT	DIRECTION_CONCORDANT	CONDITIONAL	FINNISH_LD_SENSITIVITY_REQUIRED
TIER 2	CAT-AD	True	2	202830132	204814896	0.0001276638548397	5.304394949159796e-05	0.0472529339623195	rs143805266	3.14656707589226e-06	0.008820380332096731	LEVEL_C_ATLAS_FDR	-0.0304383	-0.0603	POSITIVE_EFFECT_PRODUCT	DIRECTION_CONCORDANT	CONDITIONAL	FINNISH_LD_SENSITIVITY_REQUIRED
TIER 2	CAT-AD	True	2	202830132	204814896	0.0001276638548397	5.304394949159796e-05	0.0472529339623195	rs114520702	2.69740963178415e-06	0.007895745094816492	LEVEL_C_ATLAS_FDR	-0.0310157	-0.0599	POSITIVE_EFFECT_PRODUCT	DIRECTION_CONCORDANT	CONDITIONAL	FINNISH_LD_SENSITIVITY_REQUIRED
TIER 2	CAT-AD	True	2	202830132	204814896	0.0001276638548397	5.304394949159796e-05	0.0472529339623195	rs72932781	3.06822549750854e-06	0.008661622538139655	LEVEL_C_ATLAS_FDR	-0.0303004	-0.0607	POSITIVE_EFFECT_PRODUCT	DIRECTION_CONCORDANT	CONDITIONAL	FINNISH_LD_SENSITIVITY_REQUIRED
TIER 2	CAT-AD	True	2	202830132	204814896	0.0001276638548397	5.304394949159796e-05	0.0472529339623195	rs75324925	3.14186587190445e-06	0.008812888324712905	LEVEL_C_ATLAS_FDR	-0.0302906	-0.0606	POSITIVE_EFFECT_PRODUCT	DIRECTION_CONCORDANT	CONDITIONAL	FINNISH_LD_SENSITIVITY_REQUIRED
TIER 2	CAT-AD	True	2	202830132	204814896	0.0001276638548397	5.304394949159796e-05	0.0472529339623195	rs72932784	3.21838077429744e-06	0.008967366756273668	LEVEL_C_ATLAS_FDR	-0.0302799	-0.0605	POSITIVE_EFFECT_PRODUCT	DIRECTION_CONCORDANT	CONDITIONAL	FINNISH_LD_SENSITIVITY_REQUIRED
TIER 2	CAT-AD	True	2	202830132	204814896	0.0001276638548397	5.304394949159796e-05	0.0472529339623195	rs72932786	3.23347389708627e-06	0.008996271409224238	LEVEL_C_ATLAS_FDR	-0.0302707	-0.0605	POSITIVE_EFFECT_PRODUCT	DIRECTION_CONCORDANT	CONDITIONAL	FINNISH_LD_SENSITIVITY_REQUIRED
TIER 2	CAT-AD	True	2	202830132	204814896	0.0001276638548397	5.304394949159796e-05	0.0472529339623195	rs72932789	3.34246773021617e-06	0.009219127830041614	LEVEL_C_ATLAS_FDR	-0.0301841	-0.0605	POSITIVE_EFFECT_PRODUCT	DIRECTION_CONCORDANT	CONDITIONAL	FINNISH_LD_SENSITIVITY_REQUIRED
TIER 2	CAT-AD	True	2	202830132	204814896	0.0001276638548397	5.304394949159796e-05	0.0472529339623195	rs72932791	3.39648412267619e-06	0.00932221723474219	LEVEL_C_ATLAS_FDR	-0.030193	-0.0604	POSITIVE_EFFECT_PRODUCT	DIRECTION_CONCORDANT	CONDITIONAL	FINNISH_LD_SENSITIVITY_REQUIRED
TIER 2	CAT-AD	True	2	202830132	204814896	0.0001276638548397	5.304394949159796e-05	0.0472529339623195	rs72932793	3.40549264166283e-06	0.009341005555720039	LEVEL_C_ATLAS_FDR	-0.0301863	-0.0604	POSITIVE_EFFECT_PRODUCT	DIRECTION_CONCORDANT	CONDITIONAL	FINNISH_LD_SENSITIVITY_REQUIRED
TIER 2	CAT-AD	True	2	202830132	204814896	0.0001276638548397	5.304394949159796e-05	0.0472529339623195	rs72934704	3.81378624584282e-06	0.010137299086811949	LEVEL_C_ATLAS_FDR	-0.0299969	-0.0602	POSITIVE_EFFECT_PRODUCT	DIRECTION_CONCORDANT	CONDITIONAL	FINNISH_LD_SENSITIVITY_REQUIRED
TIER 2	CAT-AD	True	2	202830132	204814896	0.0001276638548397	5.304394949159796e-05	0.0472529339623195	rs72934706	4.21589510101559e-06	0.010895753787085285	LEVEL_C_ATLAS_FDR	-0.0296693	-0.0602	POSITIVE_EFFECT_PRODUCT	DIRECTION_CONCORDANT	CONDITIONAL	FINNISH_LD_SENSITIVITY_REQUIRED
TIER 2	CAT-AD	True	2	202830132	204814896	0.0001276638548397	5.304394949159796e-05	0.0472529339623195	rs72934707	3.94022391673927e-06	0.01037643993397943	LEVEL_C_ATLAS_FDR	-0.0299634	-0.0601	POSITIVE_EFFECT_PRODUCT	DIRECTION_CONCORDANT	CONDITIONAL	FINNISH_LD_SENSITIVITY_REQUIRED
TIER 2	CAT-AD	True	2	202830132	204814896	0.0001276638548397	5.304394949159796e-05	0.0472529339623195	rs934287	2.54367922488294e-05	0.03842105216293993	LEVEL_C_ATLAS_FDR	0.0248357	0.0476	POSITIVE_EFFECT_PRODUCT	DIRECTION_CONCORDANT	CONDITIONAL	FINNISH_LD_SENSITIVITY_REQUIRED
TIER 2	CAT-AD	True	2	202830132	204814896	0.0001276638548397	5.304394949159796e-05	0.0472529339623195	rs72934715	3.91445348589119e-06	0.010323455356966667	LEVEL_C_ATLAS_FDR	-0.0299295	-0.0602	POSITIVE_EFFECT_PRODUCT	DIRECTION_CONCORDANT	CONDITIONAL	FINNISH_LD_SENSITIVITY_REQUIRED
TIER 2	CAT-AD	True	2	202830132	204814896	0.0001276638548397	5.304394949159796e-05	0.0472529339623195	rs140154196	4.01039988233406e-06	0.01050624766445401	LEVEL_C_ATLAS_FDR	-0.0299175	-0.0601	POSITIVE_EFFECT_PRODUCT	DIRECTION_CONCORDANT	CONDITIONAL	FINNISH_LD_SENSITIVITY_REQUIRED
TIER 2	CAT-AD	True	2	202830132	204814896	0.0001276638548397	5.304394949159796e-05	0.0472529339623195	rs114372659	3.93369542624455e-06	0.010364751768057632	LEVEL_C_ATLAS_FDR	-0.0299168	-0.0602	POSITIVE_EFFECT_PRODUCT	DIRECTION_CONCORDANT	CONDITIONAL	FINNISH_LD_SENSITIVITY_REQUIRED
TIER 2	CAT-AD	True	2	202830132	204814896	0.0001276638548397	5.304394949159796e-05	0.0472529339623195	rs146900385	3.71465428156348e-06	0.009941553598051652	LEVEL_C_ATLAS_FDR	-0.0299131	-0.0605	POSITIVE_EFFECT_PRODUCT	DIRECTION_CONCORDANT	CONDITIONAL	FINNISH_LD_SENSITIVITY_REQUIRED
TIER 2	CAT-AD	True	2	202830132	204814896	0.0001276638548397	5.304394949159796e-05	0.0472529339623195	rs114155121	3.7036304618213e-06	0.00992122971809543	LEVEL_C_ATLAS_FDR	-0.0300983	-0.0602	POSITIVE_EFFECT_PRODUCT	DIRECTION_CONCORDANT	CONDITIONAL	FINNISH_LD_SENSITIVITY_REQUIRED
TIER 2	CAT-AD	True	2	202830132	204814896	0.0001276638548397	5.304394949159796e-05	0.0472529339623195	rs143385727	3.57385137691791e-06	0.009673615295130686	LEVEL_C_ATLAS_FDR	-0.0301102	-0.0603	POSITIVE_EFFECT_PRODUCT	DIRECTION_CONCORDANT	CONDITIONAL	FINNISH_LD_SENSITIVITY_REQUIRED
TIER 2	CAT-AD	True	2	202830132	204814896	0.0001276638548397	5.304394949159796e-05	0.0472529339623195	rs148442156	3.25450350653046e-06	0.009035378417149431	LEVEL_C_ATLAS_FDR	-0.0299104	-0.0622	POSITIVE_EFFECT_PRODUCT	DIRECTION_CONCORDANT	CONDITIONAL	FINNISH_LD_SENSITIVITY_REQUIRED
TIER 2	CAT-AD	True	2	202830132	204814896	0.0001276638548397	5.304394949159796e-05	0.0472529339623195	rs12693975	2.42688063385579e-05	0.03719912690571822	LEVEL_C_ATLAS_FDR	0.0246841	0.0481	POSITIVE_EFFECT_PRODUCT	DIRECTION_CONCORDANT	CONDITIONAL	FINNISH_LD_SENSITIVITY_REQUIRED
TIER 2	CAT-AD	True	2	202830132	204814896	0.0001276638548397	5.304394949159796e-05	0.0472529339623195	rs115396314	3.95318818483728e-06	0.010402688689474906	LEVEL_C_ATLAS_FDR	-0.029904	-0.0602	POSITIVE_EFFECT_PRODUCT	DIRECTION_CONCORDANT	CONDITIONAL	FINNISH_LD_SENSITIVITY_REQUIRED
TIER 2	CAT-AD	True	2	202830132	204814896	0.0001276638548397	5.304394949159796e-05	0.0472529339623195	rs115130739	3.97581947640732e-06	0.010440522144094992	LEVEL_C_ATLAS_FDR	-0.029889	-0.0602	POSITIVE_EFFECT_PRODUCT	DIRECTION_CONCORDANT	CONDITIONAL	FINNISH_LD_SENSITIVITY_REQUIRED
TIER 2	CAT-AD	True	2	202830132	204814896	0.0001276638548397	5.304394949159796e-05	0.0472529339623195	rs115827549	4.05550793759998e-06	0.01058606998462607	LEVEL_C_ATLAS_FDR	-0.0298883	-0.0601	POSITIVE_EFFECT_PRODUCT	DIRECTION_CONCORDANT	CONDITIONAL	FINNISH_LD_SENSITIVITY_REQUIRED
TIER 2	CAT-AD	True	2	202830132	204814896	0.0001276638548397	5.304394949159796e-05	0.0472529339623195	rs145643482	4.05614633140956e-06	0.010586783418652247	LEVEL_C_ATLAS_FDR	-0.0298879	-0.0601	POSITIVE_EFFECT_PRODUCT	DIRECTION_CONCORDANT	CONDITIONAL	FINNISH_LD_SENSITIVITY_REQUIRED
TIER 2	CAT-AD	True	2	202830132	204814896	0.0001276638548397	5.304394949159796e-05	0.0472529339623195	rs72934725	4.05742342080228e-06	0.010588681176315225	LEVEL_C_ATLAS_FDR	-0.0298871	-0.0601	POSITIVE_EFFECT_PRODUCT	DIRECTION_CONCORDANT	CONDITIONAL	FINNISH_LD_SENSITIVITY_REQUIRED
TIER 2	CAT-AD	True	2	202830132	204814896	0.0001276638548397	5.304394949159796e-05	0.0472529339623195	rs150559122	4.06301542074868e-06	0.010600086894275856	LEVEL_C_ATLAS_FDR	-0.0298836	-0.0601	POSITIVE_EFFECT_PRODUCT	DIRECTION_CONCORDANT	CONDITIONAL	FINNISH_LD_SENSITIVITY_REQUIRED
TIER 2	CAT-AD	True	2	202830132	204814896	0.0001276638548397	5.304394949159796e-05	0.0472529339623195	rs186399184	3.8419008907607e-06	0.01018961310624761	LEVEL_C_ATLAS_FDR	-0.0298815	-0.0619	POSITIVE_EFFECT_PRODUCT	DIRECTION_CONCORDANT	CONDITIONAL	FINNISH_LD_SENSITIVITY_REQUIRED
TIER 2	CAT-AD	True	2	202830132	204814896	0.0001276638548397	5.304394949159796e-05	0.0472529339623195	rs144997119	8.05150375520138e-06	0.017175599231404173	LEVEL_C_ATLAS_FDR	-0.0281585	-0.0596	POSITIVE_EFFECT_PRODUCT	DIRECTION_CONCORDANT	CONDITIONAL	FINNISH_LD_SENSITIVITY_REQUIRED
TIER 2	CAT-AD	True	2	202830132	204814896	0.0001276638548397	5.304394949159796e-05	0.0472529339623195	rs7608755	4.35133623639796e-06	0.011141517831146882	LEVEL_C_ATLAS_FDR	-0.0296421	-0.0601	POSITIVE_EFFECT_PRODUCT	DIRECTION_CONCORDANT	CONDITIONAL	FINNISH_LD_SENSITIVITY_REQUIRED
TIER 2	CAT-AD	True	2	202830132	204814896	0.0001276638548397	5.304394949159796e-05	0.0472529339623195	rs4510208	3.92144629672001e-06	0.010336400010028914	LEVEL_C_ATLAS_FDR	-0.0297004	-0.0605	POSITIVE_EFFECT_PRODUCT	DIRECTION_CONCORDANT	CONDITIONAL	FINNISH_LD_SENSITIVITY_REQUIRED
TIER 2	CAT-AD	True	2	202830132	204814896	0.0001276638548397	5.304394949159796e-05	0.0472529339623195	rs72934729	2.46357948408216e-06	0.007391738449589142	LEVEL_C_ATLAS_FDR	-0.0310188	-0.0607	POSITIVE_EFFECT_PRODUCT	DIRECTION_CONCORDANT	CONDITIONAL	FINNISH_LD_SENSITIVITY_REQUIRED
TIER 2	CAT-AD	True	2	202830132	204814896	0.0001276638548397	5.304394949159796e-05	0.0472529339623195	rs6723704	2.72354376960259e-06	0.007952473662008061	LEVEL_C_ATLAS_FDR	-0.0310204	-0.0602	POSITIVE_EFFECT_PRODUCT	DIRECTION_CONCORDANT	CONDITIONAL	FINNISH_LD_SENSITIVITY_REQUIRED
TIER 2	CAT-AD	True	2	202830132	204814896	0.0001276638548397	5.304394949159796e-05	0.0472529339623195	rs72934734	2.3682499565725e-06	0.00717956092092208	LEVEL_C_ATLAS_FDR	-0.0310165	-0.0609	POSITIVE_EFFECT_PRODUCT	DIRECTION_CONCORDANT	CONDITIONAL	FINNISH_LD_SENSITIVITY_REQUIRED
TIER 2	CAT-AD	True	2	202830132	204814896	0.0001276638548397	5.304394949159796e-05	0.0472529339623195	rs72934735	2.30986377018333e-06	0.007051208248352618	LEVEL_C_ATLAS_FDR	-0.0310312	-0.061	POSITIVE_EFFECT_PRODUCT	DIRECTION_CONCORDANT	CONDITIONAL	FINNISH_LD_SENSITIVITY_REQUIRED
TIER 2	CAT-AD	True	2	202830132	204814896	0.0001276638548397	5.304394949159796e-05	0.0472529339623195	rs146973310	2.36890710118203e-06	0.007180278417532961	LEVEL_C_ATLAS_FDR	-0.0310158	-0.0609	POSITIVE_EFFECT_PRODUCT	DIRECTION_CONCORDANT	CONDITIONAL	FINNISH_LD_SENSITIVITY_REQUIRED
TIER 2	CAT-AD	True	2	202830132	204814896	0.0001276638548397	5.304394949159796e-05	0.0472529339623195	rs72934737	2.41179706018437e-06	0.007278522549714272	LEVEL_C_ATLAS_FDR	-0.0310212	-0.0608	POSITIVE_EFFECT_PRODUCT	DIRECTION_CONCORDANT	CONDITIONAL	FINNISH_LD_SENSITIVITY_REQUIRED
TIER 2	CAT-AD	True	2	202830132	204814896	0.0001276638548397	5.304394949159796e-05	0.0472529339623195	rs72934738	2.45959235956207e-06	0.007385520957529521	LEVEL_C_ATLAS_FDR	-0.0310229	-0.0607	POSITIVE_EFFECT_PRODUCT	DIRECTION_CONCORDANT	CONDITIONAL	FINNISH_LD_SENSITIVITY_REQUIRED
TIER 2	CAT-AD	True	2	202830132	204814896	0.0001276638548397	5.304394949159796e-05	0.0472529339623195	rs115953525	2.26885398183571e-06	0.0069523101770719185	LEVEL_C_ATLAS_FDR	-0.0310228	-0.0611	POSITIVE_EFFECT_PRODUCT	DIRECTION_CONCORDANT	CONDITIONAL	FINNISH_LD_SENSITIVITY_REQUIRED
TIER 2	CAT-AD	True	2	202830132	204814896	0.0001276638548397	5.304394949159796e-05	0.0472529339623195	rs72934745	2.26885398183571e-06	0.0069523101770719185	LEVEL_C_ATLAS_FDR	-0.0310228	-0.0611	POSITIVE_EFFECT_PRODUCT	DIRECTION_CONCORDANT	CONDITIONAL	FINNISH_LD_SENSITIVITY_REQUIRED
TIER 2	CAT-AD	True	2	202830132	204814896	0.0001276638548397	5.304394949159796e-05	0.0472529339623195	rs148513392	3.05230728101957e-06	0.008632833246747974	LEVEL_C_ATLAS_FDR	-0.031027	-0.0607	POSITIVE_EFFECT_PRODUCT	DIRECTION_CONCORDANT	CONDITIONAL	FINNISH_LD_SENSITIVITY_REQUIRED
TIER 2	CAT-AD	True	2	202830132	204814896	0.0001276638548397	5.304394949159796e-05	0.0472529339623195	rs6722332	2.29143511784845e-06	0.007001927516824575	LEVEL_C_ATLAS_FDR	-0.031089	-0.0609	POSITIVE_EFFECT_PRODUCT	DIRECTION_CONCORDANT	CONDITIONAL	FINNISH_LD_SENSITIVITY_REQUIRED
TIER 2	CAT-AD	True	2	202830132	204814896	0.0001276638548397	5.304394949159796e-05	0.0472529339623195	rs6725887	1.86338214002835e-06	0.005971303025894897	LEVEL_C_ATLAS_FDR	-0.031447	-0.0612	POSITIVE_EFFECT_PRODUCT	DIRECTION_CONCORDANT	CONDITIONAL	FINNISH_LD_SENSITIVITY_REQUIRED
TIER 2	CAT-AD	True	2	202830132	204814896	0.0001276638548397	5.304394949159796e-05	0.0472529339623195	rs72934749	2.78304720794971e-06	0.008083946361607813	LEVEL_C_ATLAS_FDR	-0.0310165	-0.0601	POSITIVE_EFFECT_PRODUCT	DIRECTION_CONCORDANT	CONDITIONAL	FINNISH_LD_SENSITIVITY_REQUIRED
TIER 2	CAT-AD	True	2	202830132	204814896	0.0001276638548397	5.304394949159796e-05	0.0472529339623195	rs72934751	2.59474913164884e-06	0.007682373170765823	LEVEL_C_ATLAS_FDR	-0.0310257	-0.0604	POSITIVE_EFFECT_PRODUCT	DIRECTION_CONCORDANT	CONDITIONAL	FINNISH_LD_SENSITIVITY_REQUIRED
TIER 2	CAT-AD	True	2	202830132	204814896	0.0001276638548397	5.304394949159796e-05	0.0472529339623195	rs143035655	2.27492951216815e-06	0.006965393106448718	LEVEL_C_ATLAS_FDR	-0.0313158	-0.0606	POSITIVE_EFFECT_PRODUCT	DIRECTION_CONCORDANT	CONDITIONAL	FINNISH_LD_SENSITIVITY_REQUIRED
TIER 2	CAT-AD	True	2	202830132	204814896	0.0001276638548397	5.304394949159796e-05	0.0472529339623195	rs6738618	2.57321429209267e-06	0.00763881230223005	LEVEL_C_ATLAS_FDR	-0.0310105	-0.0605	POSITIVE_EFFECT_PRODUCT	DIRECTION_CONCORDANT	CONDITIONAL	FINNISH_LD_SENSITIVITY_REQUIRED
TIER 2	CAT-AD	True	2	202830132	204814896	0.0001276638548397	5.304394949159796e-05	0.0472529339623195	rs72934753	2.53429836480194e-06	0.007550954291474236	LEVEL_C_ATLAS_FDR	-0.0310492	-0.0605	POSITIVE_EFFECT_PRODUCT	DIRECTION_CONCORDANT	CONDITIONAL	FINNISH_LD_SENSITIVITY_REQUIRED
TIER 2	CAT-AD	True	2	202830132	204814896	0.0001276638548397	5.304394949159796e-05	0.0472529339623195	rs77268589	2.56306790413684e-06	0.00761390106253788	LEVEL_C_ATLAS_FDR	-0.0310208	-0.0605	POSITIVE_EFFECT_PRODUCT	DIRECTION_CONCORDANT	CONDITIONAL	FINNISH_LD_SENSITIVITY_REQUIRED
TIER 2	CAT-AD	True	2	202830132	204814896	0.0001276638548397	5.304394949159796e-05	0.0472529339623195	rs6435169	2.59298052684395e-06	0.007678446662832881	LEVEL_C_ATLAS_FDR	-0.0309916	-0.0605	POSITIVE_EFFECT_PRODUCT	DIRECTION_CONCORDANT	CONDITIONAL	FINNISH_LD_SENSITIVITY_REQUIRED
TIER 2	CAT-AD	True	2	202830132	204814896	0.0001276638548397	5.304394949159796e-05	0.0472529339623195	rs7582720	2.68279065051422e-06	0.007874978430435614	LEVEL_C_ATLAS_FDR	-0.0309555	-0.0604	POSITIVE_EFFECT_PRODUCT	DIRECTION_CONCORDANT	CONDITIONAL	FINNISH_LD_SENSITIVITY_REQUIRED
TIER 2	CAT-AD	True	2	202830132	204814896	0.0001276638548397	5.304394949159796e-05	0.0472529339623195	rs72934762	2.24823789133632e-06	0.006907430538125985	LEVEL_C_ATLAS_FDR	-0.0313046	-0.0606	POSITIVE_EFFECT_PRODUCT	DIRECTION_CONCORDANT	CONDITIONAL	FINNISH_LD_SENSITIVITY_REQUIRED
TIER 2	CAT-AD	True	2	202830132	204814896	0.0001276638548397	5.304394949159796e-05	0.0472529339623195	rs7560547	2.46163373780258e-06	0.007387816182772511	LEVEL_C_ATLAS_FDR	-0.0310208	-0.0607	POSITIVE_EFFECT_PRODUCT	DIRECTION_CONCORDANT	CONDITIONAL	FINNISH_LD_SENSITIVITY_REQUIRED
TIER 2	CAT-AD	True	2	202830132	204814896	0.0001276638548397	5.304394949159796e-05	0.0472529339623195	rs72934763	2.69227388055453e-06	0.007890194522487173	LEVEL_C_ATLAS_FDR	-0.0308428	-0.0606	POSITIVE_EFFECT_PRODUCT	DIRECTION_CONCORDANT	CONDITIONAL	FINNISH_LD_SENSITIVITY_REQUIRED
TIER 2	CAT-AD	True	2	202830132	204814896	0.0001276638548397	5.304394949159796e-05	0.0472529339623195	rs72934764	2.45277107243021e-06	0.007370799924965165	LEVEL_C_ATLAS_FDR	-0.0310806	-0.0606	POSITIVE_EFFECT_PRODUCT	DIRECTION_CONCORDANT	CONDITIONAL	FINNISH_LD_SENSITIVITY_REQUIRED
TIER 2	CAT-AD	True	2	202830132	204814896	0.0001276638548397	5.304394949159796e-05	0.0472529339623195	rs72934765	2.46163373780258e-06	0.007387816182772511	LEVEL_C_ATLAS_FDR	-0.0310208	-0.0607	POSITIVE_EFFECT_PRODUCT	DIRECTION_CONCORDANT	CONDITIONAL	FINNISH_LD_SENSITIVITY_REQUIRED
TIER 2	CAT-AD	True	2	202830132	204814896	0.0001276638548397	5.304394949159796e-05	0.0472529339623195	rs150788469	2.46250913321629e-06	0.0073891656664442735	LEVEL_C_ATLAS_FDR	-0.0310199	-0.0607	POSITIVE_EFFECT_PRODUCT	DIRECTION_CONCORDANT	CONDITIONAL	FINNISH_LD_SENSITIVITY_REQUIRED
TIER 2	CAT-AD	True	2	202830132	204814896	0.0001276638548397	5.304394949159796e-05	0.0472529339623195	rs77931721	2.46250913321629e-06	0.0073891656664442735	LEVEL_C_ATLAS_FDR	-0.0310199	-0.0607	POSITIVE_EFFECT_PRODUCT	DIRECTION_CONCORDANT	CONDITIONAL	FINNISH_LD_SENSITIVITY_REQUIRED
TIER 2	CAT-AD	True	2	202830132	204814896	0.0001276638548397	5.304394949159796e-05	0.0472529339623195	rs35212307	2.61684754577713e-06	0.007726837200502806	LEVEL_C_ATLAS_FDR	-0.0308586	-0.0607	POSITIVE_EFFECT_PRODUCT	DIRECTION_CONCORDANT	CONDITIONAL	FINNISH_LD_SENSITIVITY_REQUIRED
TIER 2	CAT-AD	True	2	202830132	204814896	0.0001276638548397	5.304394949159796e-05	0.0472529339623195	rs72934767	2.46702078714233e-06	0.007398226832739979	LEVEL_C_ATLAS_FDR	-0.031015	-0.0607	POSITIVE_EFFECT_PRODUCT	DIRECTION_CONCORDANT	CONDITIONAL	FINNISH_LD_SENSITIVITY_REQUIRED
TIER 2	CAT-AD	True	2	202830132	204814896	0.0001276638548397	5.304394949159796e-05	0.0472529339623195	rs142603618	2.38621584776261e-06	0.007219524021434499	LEVEL_C_ATLAS_FDR	-0.0311001	-0.0607	POSITIVE_EFFECT_PRODUCT	DIRECTION_CONCORDANT	CONDITIONAL	FINNISH_LD_SENSITIVITY_REQUIRED
TIER 2	CAT-AD	True	2	202830132	204814896	0.0001276638548397	5.304394949159796e-05	0.0472529339623195	rs114395475	2.66342861893103e-06	0.007836555528626889	LEVEL_C_ATLAS_FDR	-0.0308717	-0.0606	POSITIVE_EFFECT_PRODUCT	DIRECTION_CONCORDANT	CONDITIONAL	FINNISH_LD_SENSITIVITY_REQUIRED
TIER 2	CAT-AD	True	2	202830132	204814896	0.0001276638548397	5.304394949159796e-05	0.0472529339623195	rs72936830	2.57419386570662e-06	0.0076410667788158896	LEVEL_C_ATLAS_FDR	-0.0310098	-0.0605	POSITIVE_EFFECT_PRODUCT	DIRECTION_CONCORDANT	CONDITIONAL	FINNISH_LD_SENSITIVITY_REQUIRED
TIER 2	CAT-AD	True	2	202830132	204814896	0.0001276638548397	5.304394949159796e-05	0.0472529339623195	rs72936834	2.51630054095153e-06	0.007511615017384335	LEVEL_C_ATLAS_FDR	-0.0310163	-0.0606	POSITIVE_EFFECT_PRODUCT	DIRECTION_CONCORDANT	CONDITIONAL	FINNISH_LD_SENSITIVITY_REQUIRED
TIER 2	CAT-AD	True	2	202830132	204814896	0.0001276638548397	5.304394949159796e-05	0.0472529339623195	rs72936838	2.38672341125877e-06	0.007219801088252497	LEVEL_C_ATLAS_FDR	-0.0311474	-0.0606	POSITIVE_EFFECT_PRODUCT	DIRECTION_CONCORDANT	CONDITIONAL	FINNISH_LD_SENSITIVITY_REQUIRED
TIER 2	CAT-AD	True	2	202830132	204814896	0.0001276638548397	5.304394949159796e-05	0.0472529339623195	rs72936839	2.36931404891373e-06	0.007180278417532961	LEVEL_C_ATLAS_FDR	-0.0310151	-0.0609	POSITIVE_EFFECT_PRODUCT	DIRECTION_CONCORDANT	CONDITIONAL	FINNISH_LD_SENSITIVITY_REQUIRED
TIER 2	CAT-AD	True	2	202830132	204814896	0.0001276638548397	5.304394949159796e-05	0.0472529339623195	rs72936842	2.37142777544934e-06	0.0071860567461679405	LEVEL_C_ATLAS_FDR	-0.0311637	-0.0606	POSITIVE_EFFECT_PRODUCT	DIRECTION_CONCORDANT	CONDITIONAL	FINNISH_LD_SENSITIVITY_REQUIRED
TIER 2	CAT-AD	True	2	202830132	204814896	0.0001276638548397	5.304394949159796e-05	0.0472529339623195	rs72936847	2.61626867929876e-06	0.00772631640719245	LEVEL_C_ATLAS_FDR	-0.0310199	-0.0604	POSITIVE_EFFECT_PRODUCT	DIRECTION_CONCORDANT	CONDITIONAL	FINNISH_LD_SENSITIVITY_REQUIRED
TIER 2	CAT-AD	True	2	202830132	204814896	0.0001276638548397	5.304394949159796e-05	0.0472529339623195	rs72936852	2.49774396432294e-06	0.007474220245096257	LEVEL_C_ATLAS_FDR	-0.0310348	-0.0606	POSITIVE_EFFECT_PRODUCT	DIRECTION_CONCORDANT	CONDITIONAL	FINNISH_LD_SENSITIVITY_REQUIRED
TIER 2	CAT-AD	True	2	202830132	204814896	0.0001276638548397	5.304394949159796e-05	0.0472529339623195	rs72936856	2.4132926736551e-06	0.007280918554379082	LEVEL_C_ATLAS_FDR	-0.0310199	-0.0608	POSITIVE_EFFECT_PRODUCT	DIRECTION_CONCORDANT	CONDITIONAL	FINNISH_LD_SENSITIVITY_REQUIRED
TIER 2	CAT-AD	True	2	202830132	204814896	0.0001276638548397	5.304394949159796e-05	0.0472529339623195	rs149163995	2.06696430971597e-06	0.006477625482769423	LEVEL_C_ATLAS_FDR	-0.0308775	-0.0629	POSITIVE_EFFECT_PRODUCT	DIRECTION_CONCORDANT	CONDITIONAL	FINNISH_LD_SENSITIVITY_REQUIRED
TIER 2	CAT-AD	True	2	202830132	204814896	0.0001276638548397	5.304394949159796e-05	0.0472529339623195	rs6719001	3.02135459086828e-06	0.00856832860019805	LEVEL_C_ATLAS_FDR	-0.0305476	-0.0607	POSITIVE_EFFECT_PRODUCT	DIRECTION_CONCORDANT	CONDITIONAL	FINNISH_LD_SENSITIVITY_REQUIRED
TIER 2	CAT-AD	True	2	202830132	204814896	0.0001276638548397	5.304394949159796e-05	0.0472529339623195	rs7591653	2.4132926736551e-06	0.007280918554379082	LEVEL_C_ATLAS_FDR	-0.0310199	-0.0608	POSITIVE_EFFECT_PRODUCT	DIRECTION_CONCORDANT	CONDITIONAL	FINNISH_LD_SENSITIVITY_REQUIRED
TIER 2	CAT-AD	True	2	202830132	204814896	0.0001276638548397	5.304394949159796e-05	0.0472529339623195	rs7603972	2.36506070569087e-06	0.007172398063732916	LEVEL_C_ATLAS_FDR	-0.0310199	-0.0609	POSITIVE_EFFECT_PRODUCT	DIRECTION_CONCORDANT	CONDITIONAL	FINNISH_LD_SENSITIVITY_REQUIRED
TIER 2	CAT-AD	True	2	202830132	204814896	0.0001276638548397	5.304394949159796e-05	0.0472529339623195	rs9749722	2.11705430815418e-06	0.006600545757207783	LEVEL_C_ATLAS_FDR	-0.0313994	-0.0608	POSITIVE_EFFECT_PRODUCT	DIRECTION_CONCORDANT	CONDITIONAL	FINNISH_LD_SENSITIVITY_REQUIRED
TIER 2	CAT-AD	True	2	202830132	204814896	0.0001276638548397	5.304394949159796e-05	0.0472529339623195	rs4673240	2.95321816061171e-06	0.00843435996485378	LEVEL_C_ATLAS_FDR	0.0310199	0.0598	POSITIVE_EFFECT_PRODUCT	DIRECTION_CONCORDANT	CONDITIONAL	FINNISH_LD_SENSITIVITY_REQUIRED
TIER 2	CAT-AD	True	2	202830132	204814896	0.0001276638548397	5.304394949159796e-05	0.0472529339623195	rs72936860	2.72407741682211e-06	0.007952678483868323	LEVEL_C_ATLAS_FDR	-0.0310199	-0.0602	POSITIVE_EFFECT_PRODUCT	DIRECTION_CONCORDANT	CONDITIONAL	FINNISH_LD_SENSITIVITY_REQUIRED
TIER 2	CAT-AD	True	2	202830132	204814896	0.0001276638548397	5.304394949159796e-05	0.0472529339623195	rs72936862	3.09269125072555e-06	0.008714389034584387	LEVEL_C_ATLAS_FDR	-0.0306926	-0.0602	POSITIVE_EFFECT_PRODUCT	DIRECTION_CONCORDANT	CONDITIONAL	FINNISH_LD_SENSITIVITY_REQUIRED
TIER 2	CAT-AD	True	2	202830132	204814896	0.0001276638548397	5.304394949159796e-05	0.0472529339623195	rs72936866	3.15859434245075e-06	0.008845515659739438	LEVEL_C_ATLAS_FDR	-0.0306911	-0.0601	POSITIVE_EFFECT_PRODUCT	DIRECTION_CONCORDANT	CONDITIONAL	FINNISH_LD_SENSITIVITY_REQUIRED
TIER 2	CAT-AD	True	2	202830132	204814896	0.0001276638548397	5.304394949159796e-05	0.0472529339623195	rs114527590	3.05575476567375e-06	0.008638987732427567	LEVEL_C_ATLAS_FDR	-0.0307222	-0.0602	POSITIVE_EFFECT_PRODUCT	DIRECTION_CONCORDANT	CONDITIONAL	FINNISH_LD_SENSITIVITY_REQUIRED
TIER 2	CAT-AD	True	2	202830132	204814896	0.0001276638548397	5.304394949159796e-05	0.0472529339623195	rs72936869	3.11749155635571e-06	0.008762929726033385	LEVEL_C_ATLAS_FDR	-0.0307222	-0.0601	POSITIVE_EFFECT_PRODUCT	DIRECTION_CONCORDANT	CONDITIONAL	FINNISH_LD_SENSITIVITY_REQUIRED
TIER 2	CAT-AD	True	2	202830132	204814896	0.0001276638548397	5.304394949159796e-05	0.0472529339623195	rs72936870	3.70206518210708e-06	0.009917802050898017	LEVEL_C_ATLAS_FDR	-0.0301805	-0.0603	POSITIVE_EFFECT_PRODUCT	DIRECTION_CONCORDANT	CONDITIONAL	FINNISH_LD_SENSITIVITY_REQUIRED
TIER 2	CAT-AD	True	2	202830132	204814896	0.0001276638548397	5.304394949159796e-05	0.0472529339623195	rs72936872	3.05575476567375e-06	0.008638987732427567	LEVEL_C_ATLAS_FDR	-0.0307222	-0.0602	POSITIVE_EFFECT_PRODUCT	DIRECTION_CONCORDANT	CONDITIONAL	FINNISH_LD_SENSITIVITY_REQUIRED
TIER 2	CAT-AD	True	2	202830132	204814896	0.0001276638548397	5.304394949159796e-05	0.0472529339623195	rs72936873	3.04293285600791e-06	0.008614040144035095	LEVEL_C_ATLAS_FDR	-0.0307838	-0.0601	POSITIVE_EFFECT_PRODUCT	DIRECTION_CONCORDANT	CONDITIONAL	FINNISH_LD_SENSITIVITY_REQUIRED
TIER 2	CAT-AD	True	2	202830132	204814896	0.0001276638548397	5.304394949159796e-05	0.0472529339623195	rs72936875	3.00065554745033e-06	0.008530535885651879	LEVEL_C_ATLAS_FDR	-0.0307176	-0.0603	POSITIVE_EFFECT_PRODUCT	DIRECTION_CONCORDANT	CONDITIONAL	FINNISH_LD_SENSITIVITY_REQUIRED
TIER 2	CAT-AD	True	2	202830132	204814896	0.0001276638548397	5.304394949159796e-05	0.0472529339623195	rs72936879	3.17827160254155e-06	0.008884501571627469	LEVEL_C_ATLAS_FDR	-0.0306747	-0.0601	POSITIVE_EFFECT_PRODUCT	DIRECTION_CONCORDANT	CONDITIONAL	FINNISH_LD_SENSITIVITY_REQUIRED
TIER 2	CAT-AD	True	2	202830132	204814896	0.0001276638548397	5.304394949159796e-05	0.0472529339623195	rs72936881	3.05575476567375e-06	0.008638987732427567	LEVEL_C_ATLAS_FDR	-0.0307222	-0.0602	POSITIVE_EFFECT_PRODUCT	DIRECTION_CONCORDANT	CONDITIONAL	FINNISH_LD_SENSITIVITY_REQUIRED
TIER 2	CAT-AD	True	2	202830132	204814896	0.0001276638548397	5.304394949159796e-05	0.0472529339623195	rs72936882	2.99524164410855e-06	0.008519331153460846	LEVEL_C_ATLAS_FDR	-0.0307222	-0.0603	POSITIVE_EFFECT_PRODUCT	DIRECTION_CONCORDANT	CONDITIONAL	FINNISH_LD_SENSITIVITY_REQUIRED
TIER 2	CAT-AD	True	2	202830132	204814896	0.0001276638548397	5.304394949159796e-05	0.0472529339623195	rs114393235	2.93592791343629e-06	0.008398107722217949	LEVEL_C_ATLAS_FDR	-0.0307222	-0.0604	POSITIVE_EFFECT_PRODUCT	DIRECTION_CONCORDANT	CONDITIONAL	FINNISH_LD_SENSITIVITY_REQUIRED
TIER 2	CAT-AD	True	2	202830132	204814896	0.0001276638548397	5.304394949159796e-05	0.0472529339623195	rs72926769	2.86711510395357e-06	0.008252958610618187	LEVEL_C_ATLAS_FDR	-0.0308808	-0.0602	POSITIVE_EFFECT_PRODUCT	DIRECTION_CONCORDANT	CONDITIONAL	FINNISH_LD_SENSITIVITY_REQUIRED
TIER 2	CAT-AD	True	2	202830132	204814896	0.0001276638548397	5.304394949159796e-05	0.0472529339623195	rs72926771	3.55061421361554e-06	0.009623474755704043	LEVEL_C_ATLAS_FDR	-0.0303503	-0.0601	POSITIVE_EFFECT_PRODUCT	DIRECTION_CONCORDANT	CONDITIONAL	FINNISH_LD_SENSITIVITY_REQUIRED
TIER 2	CAT-AD	True	2	202830132	204814896	0.0001276638548397	5.304394949159796e-05	0.0472529339623195	rs72926772	3.21495915228114e-06	0.008960945315057436	LEVEL_C_ATLAS_FDR	-0.0307954	-0.0598	POSITIVE_EFFECT_PRODUCT	DIRECTION_CONCORDANT	CONDITIONAL	FINNISH_LD_SENSITIVITY_REQUIRED
TIER 2	CAT-AD	True	2	202830132	204814896	0.0001276638548397	5.304394949159796e-05	0.0472529339623195	rs77230711	3.24473572813842e-06	0.009016406399840627	LEVEL_C_ATLAS_FDR	-0.0307222	-0.0599	POSITIVE_EFFECT_PRODUCT	DIRECTION_CONCORDANT	CONDITIONAL	FINNISH_LD_SENSITIVITY_REQUIRED
TIER 2	CAT-AD	True	2	202830132	204814896	0.0001276638548397	5.304394949159796e-05	0.0472529339623195	rs75869289	3.52958084871768e-06	0.00958442755441681	LEVEL_C_ATLAS_FDR	-0.0306076	-0.0597	POSITIVE_EFFECT_PRODUCT	DIRECTION_CONCORDANT	CONDITIONAL	FINNISH_LD_SENSITIVITY_REQUIRED
TIER 2	CAT-AD	True	2	202830132	204814896	0.0001276638548397	5.304394949159796e-05	0.0472529339623195	rs140244541	3.72346376736242e-06	0.009958987699160043	LEVEL_C_ATLAS_FDR	-0.0316491	-0.0497	POSITIVE_EFFECT_PRODUCT	DIRECTION_CONCORDANT	CONDITIONAL	FINNISH_LD_SENSITIVITY_REQUIRED
TIER 2	CAT-AD	True	2	202830132	204814896	0.0001276638548397	5.304394949159796e-05	0.0472529339623195	rs72926781	3.39403942017674e-06	0.009318426367570297	LEVEL_C_ATLAS_FDR	-0.0306058	-0.0599	POSITIVE_EFFECT_PRODUCT	DIRECTION_CONCORDANT	CONDITIONAL	FINNISH_LD_SENSITIVITY_REQUIRED
TIER 2	CAT-AD	True	2	202830132	204814896	0.0001276638548397	5.304394949159796e-05	0.0472529339623195	rs72926782	3.46208761602053e-06	0.009444091367132862	LEVEL_C_ATLAS_FDR	-0.030606	-0.0598	POSITIVE_EFFECT_PRODUCT	DIRECTION_CONCORDANT	CONDITIONAL	FINNISH_LD_SENSITIVITY_REQUIRED
TIER 2	CAT-AD	True	2	202830132	204814896	0.0001276638548397	5.304394949159796e-05	0.0472529339623195	rs114604411	2.97851865142273e-06	0.00848771507265391	LEVEL_C_ATLAS_FDR	-0.0308467	-0.0601	POSITIVE_EFFECT_PRODUCT	DIRECTION_CONCORDANT	CONDITIONAL	FINNISH_LD_SENSITIVITY_REQUIRED
TIER 2	CAT-AD	True	2	202830132	204814896	0.0001276638548397	5.304394949159796e-05	0.0472529339623195	rs72926786	3.11387809123376e-06	0.008754190466021425	LEVEL_C_ATLAS_FDR	-0.0308801	-0.0598	POSITIVE_EFFECT_PRODUCT	DIRECTION_CONCORDANT	CONDITIONAL	FINNISH_LD_SENSITIVITY_REQUIRED
TIER 2	CAT-AD	True	2	202830132	204814896	0.0001276638548397	5.304394949159796e-05	0.0472529339623195	rs114702158	2.9576905000305e-06	0.008441576508727735	LEVEL_C_ATLAS_FDR	-0.0309105	-0.06	POSITIVE_EFFECT_PRODUCT	DIRECTION_CONCORDANT	CONDITIONAL	FINNISH_LD_SENSITIVITY_REQUIRED
TIER 2	CAT-AD	True	2	202830132	204814896	0.0001276638548397	5.304394949159796e-05	0.0472529339623195	rs114110842	2.90007071417867e-06	0.008321598165584268	LEVEL_C_ATLAS_FDR	-0.0306509	-0.0606	POSITIVE_EFFECT_PRODUCT	DIRECTION_CONCORDANT	CONDITIONAL	FINNISH_LD_SENSITIVITY_REQUIRED
TIER 2	CAT-AD	True	2	202830132	204814896	0.0001276638548397	5.304394949159796e-05	0.0472529339623195	rs114079739	2.9576905000305e-06	0.008441576508727735	LEVEL_C_ATLAS_FDR	-0.0309105	-0.06	POSITIVE_EFFECT_PRODUCT	DIRECTION_CONCORDANT	CONDITIONAL	FINNISH_LD_SENSITIVITY_REQUIRED
TIER 2	CAT-AD	True	2	202830132	204814896	0.0001276638548397	5.304394949159796e-05	0.0472529339623195	rs72926793	2.9576905000305e-06	0.008441576508727735	LEVEL_C_ATLAS_FDR	-0.0309105	-0.06	POSITIVE_EFFECT_PRODUCT	DIRECTION_CONCORDANT	CONDITIONAL	FINNISH_LD_SENSITIVITY_REQUIRED
TIER 2	CAT-AD	True	2	202830132	204814896	0.0001276638548397	5.304394949159796e-05	0.0472529339623195	rs72926794	3.16051999767071e-06	0.008849480467941147	LEVEL_C_ATLAS_FDR	-0.0307214	-0.06	POSITIVE_EFFECT_PRODUCT	DIRECTION_CONCORDANT	CONDITIONAL	FINNISH_LD_SENSITIVITY_REQUIRED
TIER 2	CAT-AD	True	2	202830132	204814896	0.0001276638548397	5.304394949159796e-05	0.0472529339623195	rs72926796	3.03651755677955e-06	0.008600789418979557	LEVEL_C_ATLAS_FDR	-0.0307214	-0.0602	POSITIVE_EFFECT_PRODUCT	DIRECTION_CONCORDANT	CONDITIONAL	FINNISH_LD_SENSITIVITY_REQUIRED
TIER 2	CAT-AD	True	2	202830132	204814896	0.0001276638548397	5.304394949159796e-05	0.0472529339623195	rs72926799	2.60562113110944e-06	0.007706017601963621	LEVEL_C_ATLAS_FDR	-0.0311248	-0.0602	POSITIVE_EFFECT_PRODUCT	DIRECTION_CONCORDANT	CONDITIONAL	FINNISH_LD_SENSITIVITY_REQUIRED
TIER 2	CAT-AD	True	2	202830132	204814896	0.0001276638548397	5.304394949159796e-05	0.0472529339623195	rs72926800	2.84102462004656e-06	0.008197571316672626	LEVEL_C_ATLAS_FDR	-0.0309105	-0.0602	POSITIVE_EFFECT_PRODUCT	DIRECTION_CONCORDANT	CONDITIONAL	FINNISH_LD_SENSITIVITY_REQUIRED
TIER 2	CAT-AD	True	2	202830132	204814896	0.0001276638548397	5.304394949159796e-05	0.0472529339623195	rs115194657	2.84102462004656e-06	0.008197571316672626	LEVEL_C_ATLAS_FDR	-0.0309105	-0.0602	POSITIVE_EFFECT_PRODUCT	DIRECTION_CONCORDANT	CONDITIONAL	FINNISH_LD_SENSITIVITY_REQUIRED
TIER 2	CAT-AD	True	2	202830132	204814896	0.0001276638548397	5.304394949159796e-05	0.0472529339623195	rs72926802	2.87908388151373e-06	0.008278486121073942	LEVEL_C_ATLAS_FDR	-0.0309776	-0.06	POSITIVE_EFFECT_PRODUCT	DIRECTION_CONCORDANT	CONDITIONAL	FINNISH_LD_SENSITIVITY_REQUIRED
TIER 2	CAT-AD	True	2	202830132	204814896	0.0001276638548397	5.304394949159796e-05	0.0472529339623195	rs79642273	2.89503004435699e-06	0.008311256538796323	LEVEL_C_ATLAS_FDR	-0.0309138	-0.0601	POSITIVE_EFFECT_PRODUCT	DIRECTION_CONCORDANT	CONDITIONAL	FINNISH_LD_SENSITIVITY_REQUIRED
TIER 2	CAT-AD	True	2	202830132	204814896	0.0001276638548397	5.304394949159796e-05	0.0472529339623195	rs72928605	4.11190747048098e-06	0.010698694407875327	LEVEL_C_ATLAS_FDR	-0.030686	-0.0598	POSITIVE_EFFECT_PRODUCT	DIRECTION_CONCORDANT	CONDITIONAL	FINNISH_LD_SENSITIVITY_REQUIRED
TIER 2	CAT-AD	True	2	202830132	204814896	0.0001276638548397	5.304394949159796e-05	0.0472529339623195	rs149268645	3.87658518564499e-06	0.010250064479144765	LEVEL_C_ATLAS_FDR	-0.030686	-0.0601	POSITIVE_EFFECT_PRODUCT	DIRECTION_CONCORDANT	CONDITIONAL	FINNISH_LD_SENSITIVITY_REQUIRED
TIER 2	CAT-AD	True	2	202830132	204814896	0.0001276638548397	5.304394949159796e-05	0.0472529339623195	rs141002954	2.8960072699586e-06	0.008313033358306826	LEVEL_C_ATLAS_FDR	-0.0309334	-0.0601	POSITIVE_EFFECT_PRODUCT	DIRECTION_CONCORDANT	CONDITIONAL	FINNISH_LD_SENSITIVITY_REQUIRED
TIER 2	CAT-AD	True	2	202830132	204814896	0.0001276638548397	5.304394949159796e-05	0.0472529339623195	rs1541853	3.23552946523357e-06	0.0089991875896373	LEVEL_C_ATLAS_FDR	-0.0309374	-0.0595	POSITIVE_EFFECT_PRODUCT	DIRECTION_CONCORDANT	CONDITIONAL	FINNISH_LD_SENSITIVITY_REQUIRED
TIER 2	CAT-AD	True	2	202830132	204814896	0.0001276638548397	5.304394949159796e-05	0.0472529339623195	rs72928609	2.8937844091761e-06	0.008309054901220978	LEVEL_C_ATLAS_FDR	-0.0309149	-0.0601	POSITIVE_EFFECT_PRODUCT	DIRECTION_CONCORDANT	CONDITIONAL	FINNISH_LD_SENSITIVITY_REQUIRED
TIER 2	CAT-AD	True	2	202830132	204814896	0.0001276638548397	5.304394949159796e-05	0.0472529339623195	rs72928610	2.84513780424509e-06	0.00820602896045393	LEVEL_C_ATLAS_FDR	-0.0309585	-0.0601	POSITIVE_EFFECT_PRODUCT	DIRECTION_CONCORDANT	CONDITIONAL	FINNISH_LD_SENSITIVITY_REQUIRED
TIER 2	CAT-AD	True	2	202830132	204814896	0.0001276638548397	5.304394949159796e-05	0.0472529339623195	rs143450835	2.89877017080419e-06	0.008318594838606436	LEVEL_C_ATLAS_FDR	-0.0309105	-0.0601	POSITIVE_EFFECT_PRODUCT	DIRECTION_CONCORDANT	CONDITIONAL	FINNISH_LD_SENSITIVITY_REQUIRED
TIER 2	CAT-AD	True	2	202830132	204814896	0.0001276638548397	5.304394949159796e-05	0.0472529339623195	rs72928620	2.84102462004656e-06	0.008197571316672626	LEVEL_C_ATLAS_FDR	-0.0309105	-0.0602	POSITIVE_EFFECT_PRODUCT	DIRECTION_CONCORDANT	CONDITIONAL	FINNISH_LD_SENSITIVITY_REQUIRED
TIER 2	CAT-AD	True	2	202830132	204814896	0.0001276638548397	5.304394949159796e-05	0.0472529339623195	rs72932553	2.67460450772634e-06	0.007856185005300451	LEVEL_C_ATLAS_FDR	-0.0309105	-0.0605	POSITIVE_EFFECT_PRODUCT	DIRECTION_CONCORDANT	CONDITIONAL	FINNISH_LD_SENSITIVITY_REQUIRED
TIER 2	CAT-AD	True	2	202830132	204814896	0.0001276638548397	5.304394949159796e-05	0.0472529339623195	rs7579667	2.79985891917351e-06	0.008115218073249787	LEVEL_C_ATLAS_FDR	-0.0308458	-0.0604	POSITIVE_EFFECT_PRODUCT	DIRECTION_CONCORDANT	CONDITIONAL	FINNISH_LD_SENSITIVITY_REQUIRED
TIER 2	CAT-AD	True	2	202830132	204814896	0.0001276638548397	5.304394949159796e-05	0.0472529339623195	rs72932554	2.96897036081945e-06	0.008467504444809388	LEVEL_C_ATLAS_FDR	-0.0307973	-0.0602	POSITIVE_EFFECT_PRODUCT	DIRECTION_CONCORDANT	CONDITIONAL	FINNISH_LD_SENSITIVITY_REQUIRED
TIER 2	CAT-AD	True	2	202830132	204814896	0.0001276638548397	5.304394949159796e-05	0.0472529339623195	rs72932556	2.84102462004656e-06	0.008197571316672626	LEVEL_C_ATLAS_FDR	-0.0309105	-0.0602	POSITIVE_EFFECT_PRODUCT	DIRECTION_CONCORDANT	CONDITIONAL	FINNISH_LD_SENSITIVITY_REQUIRED
TIER 2	CAT-AD	True	2	202830132	204814896	0.0001276638548397	5.304394949159796e-05	0.0472529339623195	rs72932559	2.83613014219499e-06	0.008190256847945863	LEVEL_C_ATLAS_FDR	-0.0309149	-0.0602	POSITIVE_EFFECT_PRODUCT	DIRECTION_CONCORDANT	CONDITIONAL	FINNISH_LD_SENSITIVITY_REQUIRED
TIER 2	CAT-AD	True	2	202830132	204814896	0.0001276638548397	5.304394949159796e-05	0.0472529339623195	rs72932560	2.95191988585584e-06	0.008432733577004577	LEVEL_C_ATLAS_FDR	-0.0309155	-0.06	POSITIVE_EFFECT_PRODUCT	DIRECTION_CONCORDANT	CONDITIONAL	FINNISH_LD_SENSITIVITY_REQUIRED
TIER 2	CAT-AD	True	2	202830132	204814896	0.0001276638548397	5.304394949159796e-05	0.0472529339623195	rs72932561	2.89491678262241e-06	0.008311256538796323	LEVEL_C_ATLAS_FDR	-0.0309139	-0.0601	POSITIVE_EFFECT_PRODUCT	DIRECTION_CONCORDANT	CONDITIONAL	FINNISH_LD_SENSITIVITY_REQUIRED
TIER 2	CAT-AD	True	2	202830132	204814896	0.0001276638548397	5.304394949159796e-05	0.0472529339623195	rs72932566	3.00610164221663e-06	0.008541121907974496	LEVEL_C_ATLAS_FDR	-0.030921	-0.0599	POSITIVE_EFFECT_PRODUCT	DIRECTION_CONCORDANT	CONDITIONAL	FINNISH_LD_SENSITIVITY_REQUIRED
TIER 2	CAT-AD	True	2	202830132	204814896	0.0001276638548397	5.304394949159796e-05	0.0472529339623195	rs72932572	2.95476425384659e-06	0.008436693142320446	LEVEL_C_ATLAS_FDR	-0.0309133	-0.06	POSITIVE_EFFECT_PRODUCT	DIRECTION_CONCORDANT	CONDITIONAL	FINNISH_LD_SENSITIVITY_REQUIRED
TIER 2	CAT-AD	True	2	202830132	204814896	0.0001276638548397	5.304394949159796e-05	0.0472529339623195	rs72932573	3.21347849089778e-06	0.00895876426076554	LEVEL_C_ATLAS_FDR	-0.0306934	-0.06	POSITIVE_EFFECT_PRODUCT	DIRECTION_CONCORDANT	CONDITIONAL	FINNISH_LD_SENSITIVITY_REQUIRED
TIER 2	CAT-AD	True	2	202830132	204814896	0.0001276638548397	5.304394949159796e-05	0.0472529339623195	rs148707292	2.88458713695793e-06	0.008289503417798993	LEVEL_C_ATLAS_FDR	-0.0309241	-0.0601	POSITIVE_EFFECT_PRODUCT	DIRECTION_CONCORDANT	CONDITIONAL	FINNISH_LD_SENSITIVITY_REQUIRED
TIER 2	CAT-AD	True	2	202830132	204814896	0.0001276638548397	5.304394949159796e-05	0.0472529339623195	rs145299755	2.94527356709924e-06	0.008417903721530211	LEVEL_C_ATLAS_FDR	-0.0309226	-0.06	POSITIVE_EFFECT_PRODUCT	DIRECTION_CONCORDANT	CONDITIONAL	FINNISH_LD_SENSITIVITY_REQUIRED
TIER 2	CAT-AD	True	2	202830132	204814896	0.0001276638548397	5.304394949159796e-05	0.0472529339623195	rs140750546	4.11609024085731e-07	0.0017347799071054603	LEVEL_C_ATLAS_FDR	-0.0378571	-0.0606	POSITIVE_EFFECT_PRODUCT	DIRECTION_CONCORDANT	CONDITIONAL	FINNISH_LD_SENSITIVITY_REQUIRED
TIER 2	CAT-AD	True	2	202830132	204814896	0.0001276638548397	5.304394949159796e-05	0.0472529339623195	rs76461893	2.97727729606213e-06	0.008487011941250771	LEVEL_C_ATLAS_FDR	-0.0309021	-0.06	POSITIVE_EFFECT_PRODUCT	DIRECTION_CONCORDANT	CONDITIONAL	FINNISH_LD_SENSITIVITY_REQUIRED
TIER 2	CAT-AD	True	2	202830132	204814896	0.0001276638548397	5.304394949159796e-05	0.0472529339623195	rs72932574	2.93042992101883e-06	0.008388602388892432	LEVEL_C_ATLAS_FDR	-0.0309366	-0.06	POSITIVE_EFFECT_PRODUCT	DIRECTION_CONCORDANT	CONDITIONAL	FINNISH_LD_SENSITIVITY_REQUIRED
TIER 2	CAT-AD	True	2	202830132	204814896	0.0001276638548397	5.304394949159796e-05	0.0472529339623195	rs72932575	2.86965034585256e-06	0.008256832761234161	LEVEL_C_ATLAS_FDR	-0.0309387	-0.0601	POSITIVE_EFFECT_PRODUCT	DIRECTION_CONCORDANT	CONDITIONAL	FINNISH_LD_SENSITIVITY_REQUIRED
TIER 2	CAT-AD	True	2	202830132	204814896	0.0001276638548397	5.304394949159796e-05	0.0472529339623195	rs72932583	2.94698374449954e-06	0.008420018425879472	LEVEL_C_ATLAS_FDR	-0.0309738	-0.0599	POSITIVE_EFFECT_PRODUCT	DIRECTION_CONCORDANT	CONDITIONAL	FINNISH_LD_SENSITIVITY_REQUIRED
TIER 2	CAT-AD	True	2	202830132	204814896	0.0001276638548397	5.304394949159796e-05	0.0472529339623195	rs6728861	3.02063042092402e-06	0.008567674856959195	LEVEL_C_ATLAS_FDR	-0.0308611	-0.06	POSITIVE_EFFECT_PRODUCT	DIRECTION_CONCORDANT	CONDITIONAL	FINNISH_LD_SENSITIVITY_REQUIRED
TIER 2	CAT-AD	True	2	202830132	204814896	0.0001276638548397	5.304394949159796e-05	0.0472529339623195	rs148812085	2.61334570936917e-06	0.007721291298921114	LEVEL_C_ATLAS_FDR	-0.0309712	-0.0605	POSITIVE_EFFECT_PRODUCT	DIRECTION_CONCORDANT	CONDITIONAL	FINNISH_LD_SENSITIVITY_REQUIRED
TIER 2	CAT-AD	True	2	202830132	204814896	0.0001276638548397	5.304394949159796e-05	0.0472529339623195	rs4675310	2.08512434324001e-06	0.006525261659281183	LEVEL_C_ATLAS_FDR	0.0314063	0.0608	POSITIVE_EFFECT_PRODUCT	DIRECTION_CONCORDANT	CONDITIONAL	FINNISH_LD_SENSITIVITY_REQUIRED
TIER 2	CAT-AD	True	2	202830132	204814896	0.0001276638548397	5.304394949159796e-05	0.0472529339623195	rs2351524	2.25338208805133e-06	0.006918948607897656	LEVEL_C_ATLAS_FDR	0.0311473	0.0609	POSITIVE_EFFECT_PRODUCT	DIRECTION_CONCORDANT	CONDITIONAL	FINNISH_LD_SENSITIVITY_REQUIRED
TIER 2	CAT-AD	True	2	202830132	204814896	0.0001276638548397	5.304394949159796e-05	0.0472529339623195	rs72932590	2.4997237319654e-06	0.007478208245106304	LEVEL_C_ATLAS_FDR	-0.0309814	-0.0607	POSITIVE_EFFECT_PRODUCT	DIRECTION_CONCORDANT	CONDITIONAL	FINNISH_LD_SENSITIVITY_REQUIRED
TIER 2	CAT-AD	True	2	202830132	204814896	0.0001276638548397	5.304394949159796e-05	0.0472529339623195	rs145538381	2.70221418261106e-06	0.00790414066180868	LEVEL_C_ATLAS_FDR	-0.0309046	-0.0605	POSITIVE_EFFECT_PRODUCT	DIRECTION_CONCORDANT	CONDITIONAL	FINNISH_LD_SENSITIVITY_REQUIRED
TIER 2	CAT-AD	True	2	202830132	204814896	0.0001276638548397	5.304394949159796e-05	0.0472529339623195	rs115654617	2.68437557102039e-06	0.007877851603913272	LEVEL_C_ATLAS_FDR	-0.030859	-0.0606	POSITIVE_EFFECT_PRODUCT	DIRECTION_CONCORDANT	CONDITIONAL	FINNISH_LD_SENSITIVITY_REQUIRED
TIER 2	CAT-AD	True	2	202830132	204814896	0.0001276638548397	5.304394949159796e-05	0.0472529339623195	rs140168762	2.77607660751358e-06	0.008067843877488505	LEVEL_C_ATLAS_FDR	-0.0307725	-0.0606	POSITIVE_EFFECT_PRODUCT	DIRECTION_CONCORDANT	CONDITIONAL	FINNISH_LD_SENSITIVITY_REQUIRED
TIER 2	CAT-AD	True	2	202830132	204814896	0.0001276638548397	5.304394949159796e-05	0.0472529339623195	rs72934505	2.66384517348265e-06	0.007836555528626889	LEVEL_C_ATLAS_FDR	-0.0307187	-0.0609	POSITIVE_EFFECT_PRODUCT	DIRECTION_CONCORDANT	CONDITIONAL	FINNISH_LD_SENSITIVITY_REQUIRED
TIER 2	CAT-AD	True	2	202830132	204814896	0.0001276638548397	5.304394949159796e-05	0.0472529339623195	rs72934510	2.85785727261816e-06	0.008234203857421015	LEVEL_C_ATLAS_FDR	-0.0306973	-0.0606	POSITIVE_EFFECT_PRODUCT	DIRECTION_CONCORDANT	CONDITIONAL	FINNISH_LD_SENSITIVITY_REQUIRED
TIER 2	CAT-AD	True	2	202830132	204814896	0.0001276638548397	5.304394949159796e-05	0.0472529339623195	rs72934512	2.80084414355032e-06	0.008117395879961515	LEVEL_C_ATLAS_FDR	-0.030698	-0.0607	POSITIVE_EFFECT_PRODUCT	DIRECTION_CONCORDANT	CONDITIONAL	FINNISH_LD_SENSITIVITY_REQUIRED
TIER 2	CAT-AD	True	2	202830132	204814896	0.0001276638548397	5.304394949159796e-05	0.0472529339623195	rs72934513	2.82905991817351e-06	0.008175467634938866	LEVEL_C_ATLAS_FDR	-0.0306692	-0.0607	POSITIVE_EFFECT_PRODUCT	DIRECTION_CONCORDANT	CONDITIONAL	FINNISH_LD_SENSITIVITY_REQUIRED
TIER 2	CAT-AD	True	2	202830132	204814896	0.0001276638548397	5.304394949159796e-05	0.0472529339623195	rs78907692	2.85590101440739e-06	0.008229550707139377	LEVEL_C_ATLAS_FDR	-0.0306993	-0.0606	POSITIVE_EFFECT_PRODUCT	DIRECTION_CONCORDANT	CONDITIONAL	FINNISH_LD_SENSITIVITY_REQUIRED
TIER 2	CAT-AD	True	2	202830132	204814896	0.0001276638548397	5.304394949159796e-05	0.0472529339623195	rs72934514	3.89094946639631e-06	0.010279431846328558	LEVEL_C_ATLAS_FDR	-0.0305332	-0.0604	POSITIVE_EFFECT_PRODUCT	DIRECTION_CONCORDANT	CONDITIONAL	FINNISH_LD_SENSITIVITY_REQUIRED
TIER 2	CAT-AD	True	2	202830132	204814896	0.0001276638548397	5.304394949159796e-05	0.0472529339623195	rs72934519	3.01039666579253e-06	0.008547727926577006	LEVEL_C_ATLAS_FDR	-0.0308073	-0.0601	POSITIVE_EFFECT_PRODUCT	DIRECTION_CONCORDANT	CONDITIONAL	FINNISH_LD_SENSITIVITY_REQUIRED
TIER 2	CAT-AD	True	2	202830132	204814896	0.0001276638548397	5.304394949159796e-05	0.0472529339623195	rs115810193	3.00933659027788e-06	0.008546779426079235	LEVEL_C_ATLAS_FDR	-0.0308082	-0.0601	POSITIVE_EFFECT_PRODUCT	DIRECTION_CONCORDANT	CONDITIONAL	FINNISH_LD_SENSITIVITY_REQUIRED
TIER 2	CAT-AD	True	2	202830132	204814896	0.0001276638548397	5.304394949159796e-05	0.0472529339623195	rs147932234	3.46285834582999e-06	0.009445362737035478	LEVEL_C_ATLAS_FDR	-0.0306053	-0.0613	POSITIVE_EFFECT_PRODUCT	DIRECTION_CONCORDANT	CONDITIONAL	FINNISH_LD_SENSITIVITY_REQUIRED
TIER 2	CAT-AD	True	2	202830132	204814896	0.0001276638548397	5.304394949159796e-05	0.0472529339623195	rs142013255	2.59770918838106e-06	0.007688513953230737	LEVEL_C_ATLAS_FDR	-0.0308248	-0.0608	POSITIVE_EFFECT_PRODUCT	DIRECTION_CONCORDANT	CONDITIONAL	FINNISH_LD_SENSITIVITY_REQUIRED
TIER 2	CAT-AD	True	2	202830132	204814896	0.0001276638548397	5.304394949159796e-05	0.0472529339623195	rs72934535	2.7142426015679e-06	0.007930636705039905	LEVEL_C_ATLAS_FDR	-0.0363097	-0.0602	POSITIVE_EFFECT_PRODUCT	DIRECTION_CONCORDANT	CONDITIONAL	FINNISH_LD_SENSITIVITY_REQUIRED
TIER 2	CAT-AD	True	2	202830132	204814896	0.0001276638548397	5.304394949159796e-05	0.0472529339623195	rs72934537	2.75869843462129e-06	0.008028177088602458	LEVEL_C_ATLAS_FDR	-0.030825	-0.0605	POSITIVE_EFFECT_PRODUCT	DIRECTION_CONCORDANT	CONDITIONAL	FINNISH_LD_SENSITIVITY_REQUIRED
TIER 2	CAT-AD	True	2	202830132	204814896	0.0001276638548397	5.304394949159796e-05	0.0472529339623195	rs72934545	2.54478453488339e-06	0.007574497269797087	LEVEL_C_ATLAS_FDR	-0.0308261	-0.0609	POSITIVE_EFFECT_PRODUCT	DIRECTION_CONCORDANT	CONDITIONAL	FINNISH_LD_SENSITIVITY_REQUIRED
TIER 2	CAT-AD	True	2	202830132	204814896	0.0001276638548397	5.304394949159796e-05	0.0472529339623195	rs72934546	2.93488317879014e-06	0.008397195243791377	LEVEL_C_ATLAS_FDR	-0.0308212	-0.0602	POSITIVE_EFFECT_PRODUCT	DIRECTION_CONCORDANT	CONDITIONAL	FINNISH_LD_SENSITIVITY_REQUIRED
TIER 2	CAT-AD	True	2	202830132	204814896	0.0001276638548397	5.304394949159796e-05	0.0472529339623195	rs72934550	2.8114555866464e-06	0.00813863661422496	LEVEL_C_ATLAS_FDR	-0.0308276	-0.0604	POSITIVE_EFFECT_PRODUCT	DIRECTION_CONCORDANT	CONDITIONAL	FINNISH_LD_SENSITIVITY_REQUIRED
TIER 2	CAT-AD	True	2	202830132	204814896	0.0001276638548397	5.304394949159796e-05	0.0472529339623195	rs72934556	4.3469154627824e-06	0.011132419070518075	LEVEL_C_ATLAS_FDR	-0.0306362	-0.0596	POSITIVE_EFFECT_PRODUCT	DIRECTION_CONCORDANT	CONDITIONAL	FINNISH_LD_SENSITIVITY_REQUIRED
TIER 2	CAT-AD	True	2	202830132	204814896	0.0001276638548397	5.304394949159796e-05	0.0472529339623195	rs72934563	3.06047194992977e-06	0.008645359044798942	LEVEL_C_ATLAS_FDR	-0.0308676	-0.0599	POSITIVE_EFFECT_PRODUCT	DIRECTION_CONCORDANT	CONDITIONAL	FINNISH_LD_SENSITIVITY_REQUIRED
TIER 2	CAT-AD	True	2	202830132	204814896	0.0001276638548397	5.304394949159796e-05	0.0472529339623195	rs72934573	3.12309530287802e-06	0.008775128276876295	LEVEL_C_ATLAS_FDR	-0.0308672	-0.0598	POSITIVE_EFFECT_PRODUCT	DIRECTION_CONCORDANT	CONDITIONAL	FINNISH_LD_SENSITIVITY_REQUIRED
TIER 2	CAT-AD	True	2	202830132	204814896	0.0001276638548397	5.304394949159796e-05	0.0472529339623195	rs72934583	2.88692774676043e-06	0.008293159246465015	LEVEL_C_ATLAS_FDR	-0.0308627	-0.0602	POSITIVE_EFFECT_PRODUCT	DIRECTION_CONCORDANT	CONDITIONAL	FINNISH_LD_SENSITIVITY_REQUIRED
TIER 2	CAT-AD	True	2	202830132	204814896	0.0001276638548397	5.304394949159796e-05	0.0472529339623195	rs140201293	3.96385771925986e-06	0.01042128486996907	LEVEL_C_ATLAS_FDR	-0.0305699	-0.0602	POSITIVE_EFFECT_PRODUCT	DIRECTION_CONCORDANT	CONDITIONAL	FINNISH_LD_SENSITIVITY_REQUIRED
TIER 2	CAT-AD	True	2	202830132	204814896	0.0001276638548397	5.304394949159796e-05	0.0472529339623195	rs72934589	3.33741651893236e-06	0.009212515914954937	LEVEL_C_ATLAS_FDR	-0.0307995	-0.0596	POSITIVE_EFFECT_PRODUCT	DIRECTION_CONCORDANT	CONDITIONAL	FINNISH_LD_SENSITIVITY_REQUIRED
TIER 2	CAT-AD	True	2	202830132	204814896	0.0001276638548397	5.304394949159796e-05	0.0472529339623195	rs72934591	3.79595473015742e-06	0.010103828435164972	LEVEL_C_ATLAS_FDR	-0.0306874	-0.0592	POSITIVE_EFFECT_PRODUCT	DIRECTION_CONCORDANT	CONDITIONAL	FINNISH_LD_SENSITIVITY_REQUIRED
TIER 2	CAT-AD	True	2	202830132	204814896	0.0001276638548397	5.304394949159796e-05	0.0472529339623195	rs146099848	4.19444201054559e-06	0.010854856926838685	LEVEL_C_ATLAS_FDR	-0.0311856	-0.0583	POSITIVE_EFFECT_PRODUCT	DIRECTION_CONCORDANT	CONDITIONAL	FINNISH_LD_SENSITIVITY_REQUIRED
TIER 2	CAT-AD	True	2	202830132	204814896	0.0001276638548397	5.304394949159796e-05	0.0472529339623195	rs72934601	4.27967423561371e-06	0.01101139656405422	LEVEL_C_ATLAS_FDR	-0.0311856	-0.0582	POSITIVE_EFFECT_PRODUCT	DIRECTION_CONCORDANT	CONDITIONAL	FINNISH_LD_SENSITIVITY_REQUIRED
TIER 2	CAT-AD	True	2	202830132	204814896	0.0001276638548397	5.304394949159796e-05	0.0472529339623195	rs72936304	3.94880445601483e-06	0.010395093268666172	LEVEL_C_ATLAS_FDR	-0.0311856	-0.0586	POSITIVE_EFFECT_PRODUCT	DIRECTION_CONCORDANT	CONDITIONAL	FINNISH_LD_SENSITIVITY_REQUIRED
TIER 2	CAT-AD	True	2	202830132	204814896	0.0001276638548397	5.304394949159796e-05	0.0472529339623195	rs72936309	4.60050451365413e-06	0.011614758464222125	LEVEL_C_ATLAS_FDR	-0.0309561	-0.0583	POSITIVE_EFFECT_PRODUCT	DIRECTION_CONCORDANT	CONDITIONAL	FINNISH_LD_SENSITIVITY_REQUIRED
TIER 2	CAT-AD	True	2	202830132	204814896	0.0001276638548397	5.304394949159796e-05	0.0472529339623195	rs10932008	2.37475608399112e-06	0.007193630444336349	LEVEL_C_ATLAS_FDR	0.0241752	0.0547	POSITIVE_EFFECT_PRODUCT	DIRECTION_CONCORDANT	CONDITIONAL	FINNISH_LD_SENSITIVITY_REQUIRED
TIER 2	CAT-AD	True	2	202830132	204814896	0.0001276638548397	5.304394949159796e-05	0.0472529339623195	rs72936323	8.30262910039728e-06	0.01753564571546966	LEVEL_C_ATLAS_FDR	-0.0293818	-0.0581	POSITIVE_EFFECT_PRODUCT	DIRECTION_CONCORDANT	CONDITIONAL	FINNISH_LD_SENSITIVITY_REQUIRED
TIER 2	CAT-AD	True	2	202830132	204814896	0.0001276638548397	5.304394949159796e-05	0.0472529339623195	rs72936326	9.0018295843557e-06	0.018591585171414373	LEVEL_C_ATLAS_FDR	-0.0291318	-0.0582	POSITIVE_EFFECT_PRODUCT	DIRECTION_CONCORDANT	CONDITIONAL	FINNISH_LD_SENSITIVITY_REQUIRED
TIER 2	CAT-AD	True	2	202830132	204814896	0.0001276638548397	5.304394949159796e-05	0.0472529339623195	rs72936332	8.14239166601328e-06	0.01730355235849066	LEVEL_C_ATLAS_FDR	-0.0292988	-0.0584	POSITIVE_EFFECT_PRODUCT	DIRECTION_CONCORDANT	CONDITIONAL	FINNISH_LD_SENSITIVITY_REQUIRED
TIER 2	CAT-AD	True	2	202830132	204814896	0.0001276638548397	5.304394949159796e-05	0.0472529339623195	rs72936348	8.1442380777271e-06	0.017306416670075757	LEVEL_C_ATLAS_FDR	-0.0292982	-0.0584	POSITIVE_EFFECT_PRODUCT	DIRECTION_CONCORDANT	CONDITIONAL	FINNISH_LD_SENSITIVITY_REQUIRED
TIER 2	CAT-AD	True	2	202830132	204814896	0.0001276638548397	5.304394949159796e-05	0.0472529339623195	rs72936353	7.79726419020767e-06	0.016795300291788693	LEVEL_C_ATLAS_FDR	-0.0294995	-0.0582	POSITIVE_EFFECT_PRODUCT	DIRECTION_CONCORDANT	CONDITIONAL	FINNISH_LD_SENSITIVITY_REQUIRED
TIER 2	CAT-AD	True	2	202830132	204814896	0.0001276638548397	5.304394949159796e-05	0.0472529339623195	rs116219813	9.16040453862884e-06	0.01884035757272906	LEVEL_C_ATLAS_FDR	-0.0295288	-0.0573	POSITIVE_EFFECT_PRODUCT	DIRECTION_CONCORDANT	CONDITIONAL	FINNISH_LD_SENSITIVITY_REQUIRED
TIER 2	CAT-AD	True	2	202830132	204814896	0.0001276638548397	5.304394949159796e-05	0.0472529339623195	rs72938351	1.26338230476453e-05	0.02360414580696793	LEVEL_C_ATLAS_FDR	-0.0319342	-0.0595	POSITIVE_EFFECT_PRODUCT	DIRECTION_CONCORDANT	CONDITIONAL	FINNISH_LD_SENSITIVITY_REQUIRED
TIER 2	CAT-AD	True	2	202830132	204814896	0.0001276638548397	5.304394949159796e-05	0.0472529339623195	rs114863726	2.53088465789485e-05	0.0382900413441159	LEVEL_C_ATLAS_FDR	-0.0267914	-0.0576	POSITIVE_EFFECT_PRODUCT	DIRECTION_CONCORDANT	CONDITIONAL	FINNISH_LD_SENSITIVITY_REQUIRED
TIER 2	CAT-AD	True	2	202830132	204814896	0.0001276638548397	5.304394949159796e-05	0.0472529339623195	rs116426890	2.3975734737573e-05	0.036888448093224786	LEVEL_C_ATLAS_FDR	-0.0265156	-0.0586	POSITIVE_EFFECT_PRODUCT	DIRECTION_CONCORDANT	CONDITIONAL	FINNISH_LD_SENSITIVITY_REQUIRED
TIER 2	CAT-AD	True	1	206706419	208158787	-0.0002848402193571	3.3583921723340934e-08	0.0002752403888758	rs10864091	2.63745289455027e-05	0.039381624764463816	LEVEL_C_ATLAS_FDR	0.0270086	-0.0292	NEGATIVE_EFFECT_PRODUCT	DIRECTION_CONCORDANT	CONDITIONAL	FINNISH_LD_SENSITIVITY_REQUIRED
TIER 2	CAT-AD	True	1	206706419	208158787	-0.0002848402193571	3.3583921723340934e-08	0.0002752403888758	rs10157327	1.11751301722232e-06	0.003940149530712436	LEVEL_C_ATLAS_FDR	-0.0332049	0.0283	NEGATIVE_EFFECT_PRODUCT	DIRECTION_CONCORDANT	CONDITIONAL	FINNISH_LD_SENSITIVITY_REQUIRED
TIER 2	CAT-AD	True	1	206706419	208158787	-0.0002848402193571	3.3583921723340934e-08	0.0002752403888758	rs7546693	9.57046443181265e-07	0.003474969162509346	LEVEL_C_ATLAS_FDR	-0.033479	0.0284	NEGATIVE_EFFECT_PRODUCT	DIRECTION_CONCORDANT	CONDITIONAL	FINNISH_LD_SENSITIVITY_REQUIRED
TIER 2	CAT-AD	True	1	206706419	208158787	-0.0002848402193571	3.3583921723340934e-08	0.0002752403888758	rs4844578	5.9863238937218e-07	0.002374805201787513	LEVEL_C_ATLAS_FDR	-0.0332556	0.0303	NEGATIVE_EFFECT_PRODUCT	DIRECTION_CONCORDANT	CONDITIONAL	FINNISH_LD_SENSITIVITY_REQUIRED
TIER 2	CAT-AD	True	1	206706419	208158787	-0.0002848402193571	3.3583921723340934e-08	0.0002752403888758	rs6659629	5.37127156608902e-07	0.0021728123312373194	LEVEL_C_ATLAS_FDR	-0.0334146	0.0304	NEGATIVE_EFFECT_PRODUCT	DIRECTION_CONCORDANT	CONDITIONAL	FINNISH_LD_SENSITIVITY_REQUIRED
TIER 2	CAT-AD	True	1	206706419	208158787	-0.0002848402193571	3.3583921723340934e-08	0.0002752403888758	rs7411168	8.9467470541834e-07	0.003290842046558331	LEVEL_C_ATLAS_FDR	-0.0334157	0.0286	NEGATIVE_EFFECT_PRODUCT	DIRECTION_CONCORDANT	CONDITIONAL	FINNISH_LD_SENSITIVITY_REQUIRED
TIER 2	CAT-AD	True	1	206706419	208158787	-0.0002848402193571	3.3583921723340934e-08	0.0002752403888758	rs7543002	1.92504202411808e-05	0.03171253074292224	LEVEL_C_ATLAS_FDR	-0.0304468	0.0253	NEGATIVE_EFFECT_PRODUCT	DIRECTION_CONCORDANT	CONDITIONAL	FINNISH_LD_SENSITIVITY_REQUIRED
TIER 2	CAT-AD	True	1	206706419	208158787	-0.0002848402193571	3.3583921723340934e-08	0.0002752403888758	rs55957981	9.469024098638e-07	0.003446428498779452	LEVEL_C_ATLAS_FDR	-0.0335067	0.0284	NEGATIVE_EFFECT_PRODUCT	DIRECTION_CONCORDANT	CONDITIONAL	FINNISH_LD_SENSITIVITY_REQUIRED
TIER 2	CAT-AD	True	1	206706419	208158787	-0.0002848402193571	3.3583921723340934e-08	0.0002752403888758	rs7554219	1.97436886081297e-05	0.03229174738861633	LEVEL_C_ATLAS_FDR	-0.030492	0.0252	NEGATIVE_EFFECT_PRODUCT	DIRECTION_CONCORDANT	CONDITIONAL	FINNISH_LD_SENSITIVITY_REQUIRED
TIER 2	CAT-AD	True	1	206706419	208158787	-0.0002848402193571	3.3583921723340934e-08	0.0002752403888758	rs10864133	9.27595637952794e-07	0.003390020824967725	LEVEL_C_ATLAS_FDR	-0.0335596	0.0284	NEGATIVE_EFFECT_PRODUCT	DIRECTION_CONCORDANT	CONDITIONAL	FINNISH_LD_SENSITIVITY_REQUIRED
TIER 2	CAT-AD	True	1	206706419	208158787	-0.0002848402193571	3.3583921723340934e-08	0.0002752403888758	rs7520270	9.55872792022258e-07	0.0034721605034897284	LEVEL_C_ATLAS_FDR	-0.0333603	0.0285	NEGATIVE_EFFECT_PRODUCT	DIRECTION_CONCORDANT	CONDITIONAL	FINNISH_LD_SENSITIVITY_REQUIRED
TIER 2	CAT-AD	True	1	206706419	208158787	-0.0002848402193571	3.3583921723340934e-08	0.0002752403888758	rs11487877	1.12077066668581e-05	0.02166138678603294	LEVEL_C_ATLAS_FDR	-0.0305048	0.0272	NEGATIVE_EFFECT_PRODUCT	DIRECTION_CONCORDANT	CONDITIONAL	FINNISH_LD_SENSITIVITY_REQUIRED
TIER 2	CAT-AD	True	1	206706419	208158787	-0.0002848402193571	3.3583921723340934e-08	0.0002752403888758	rs7516060	1.00182650537586e-06	0.0036062529398889574	LEVEL_C_ATLAS_FDR	-0.0333586	0.0284	NEGATIVE_EFFECT_PRODUCT	DIRECTION_CONCORDANT	CONDITIONAL	FINNISH_LD_SENSITIVITY_REQUIRED
TIER 2	CAT-AD	True	1	206706419	208158787	-0.0002848402193571	3.3583921723340934e-08	0.0002752403888758	rs200114063	4.86190775033034e-07	0.0019984021765483795	LEVEL_C_ATLAS_FDR	-0.0335474	0.0305	NEGATIVE_EFFECT_PRODUCT	DIRECTION_CONCORDANT	CONDITIONAL	FINNISH_LD_SENSITIVITY_REQUIRED
TIER 2	CAT-AD	True	1	206706419	208158787	-0.0002848402193571	3.3583921723340934e-08	0.0002752403888758	rs1346720	1.82865286135366e-05	0.030591743783943495	LEVEL_C_ATLAS_FDR	-0.0308407	0.0251	NEGATIVE_EFFECT_PRODUCT	DIRECTION_CONCORDANT	CONDITIONAL	FINNISH_LD_SENSITIVITY_REQUIRED
TIER 2	CAT-AD	True	1	206706419	208158787	-0.0002848402193571	3.3583921723340934e-08	0.0002752403888758	rs6540876	9.75742591295252e-07	0.0035306661318975333	LEVEL_C_ATLAS_FDR	-0.0334315	0.0284	NEGATIVE_EFFECT_PRODUCT	DIRECTION_CONCORDANT	CONDITIONAL	FINNISH_LD_SENSITIVITY_REQUIRED
TIER 2	CAT-AD	True	1	206706419	208158787	-0.0002848402193571	3.3583921723340934e-08	0.0002752403888758	rs6703809	8.51674620368815e-07	0.003160959388398815	LEVEL_C_ATLAS_FDR	-0.0335538	0.0286	NEGATIVE_EFFECT_PRODUCT	DIRECTION_CONCORDANT	CONDITIONAL	FINNISH_LD_SENSITIVITY_REQUIRED
TIER 2	CAT-AD	True	1	206706419	208158787	-0.0002848402193571	3.3583921723340934e-08	0.0002752403888758	rs6700746	1.03897851359646e-06	0.0037111243377744587	LEVEL_C_ATLAS_FDR	-0.0333974	0.0283	NEGATIVE_EFFECT_PRODUCT	DIRECTION_CONCORDANT	CONDITIONAL	FINNISH_LD_SENSITIVITY_REQUIRED
TIER 2	CAT-AD	True	1	206706419	208158787	-0.0002848402193571	3.3583921723340934e-08	0.0002752403888758	rs6700846	1.89506512759934e-05	0.03136457569705312	LEVEL_C_ATLAS_FDR	-0.0305077	0.0253	NEGATIVE_EFFECT_PRODUCT	DIRECTION_CONCORDANT	CONDITIONAL	FINNISH_LD_SENSITIVITY_REQUIRED
TIER 2	CAT-AD	True	1	206706419	208158787	-0.0002848402193571	3.3583921723340934e-08	0.0002752403888758	rs10864144	1.10862754035473e-06	0.003913193223309042	LEVEL_C_ATLAS_FDR	-0.0333476	0.0282	NEGATIVE_EFFECT_PRODUCT	DIRECTION_CONCORDANT	CONDITIONAL	FINNISH_LD_SENSITIVITY_REQUIRED
TIER 2	CAT-AD	True	1	206706419	208158787	-0.0002848402193571	3.3583921723340934e-08	0.0002752403888758	rs60673767	1.10336371486606e-06	0.0038973873865738636	LEVEL_C_ATLAS_FDR	-0.0333615	0.0282	NEGATIVE_EFFECT_PRODUCT	DIRECTION_CONCORDANT	CONDITIONAL	FINNISH_LD_SENSITIVITY_REQUIRED
TIER 2	CAT-AD	True	1	206706419	208158787	-0.0002848402193571	3.3583921723340934e-08	0.0002752403888758	rs1019829	1.11398885393004e-06	0.003928921199452139	LEVEL_C_ATLAS_FDR	-0.0334562	0.0281	NEGATIVE_EFFECT_PRODUCT	DIRECTION_CONCORDANT	CONDITIONAL	FINNISH_LD_SENSITIVITY_REQUIRED
TIER 2	CAT-AD	True	1	206706419	208158787	-0.0002848402193571	3.3583921723340934e-08	0.0002752403888758	rs11578311	5.91427857456144e-07	0.002353486643809355	LEVEL_C_ATLAS_FDR	-0.0333937	0.0302	NEGATIVE_EFFECT_PRODUCT	DIRECTION_CONCORDANT	CONDITIONAL	FINNISH_LD_SENSITIVITY_REQUIRED
TIER 2	CAT-AD	True	1	206706419	208158787	-0.0002848402193571	3.3583921723340934e-08	0.0002752403888758	rs11120492	9.42426104032236e-07	0.0034333761991636597	LEVEL_C_ATLAS_FDR	-0.0333937	0.0285	NEGATIVE_EFFECT_PRODUCT	DIRECTION_CONCORDANT	CONDITIONAL	FINNISH_LD_SENSITIVITY_REQUIRED
TIER 2	CAT-AD	True	1	206706419	208158787	-0.0002848402193571	3.3583921723340934e-08	0.0002752403888758	rs7513914	9.87120502829957e-07	0.003562681793266615	LEVEL_C_ATLAS_FDR	-0.0333937	0.0284	NEGATIVE_EFFECT_PRODUCT	DIRECTION_CONCORDANT	CONDITIONAL	FINNISH_LD_SENSITIVITY_REQUIRED
TIER 2	CAT-AD	True	1	206706419	208158787	-0.0002848402193571	3.3583921723340934e-08	0.0002752403888758	rs1896956	1.03393625597979e-06	0.003696537336589623	LEVEL_C_ATLAS_FDR	-0.0333937	0.0283	NEGATIVE_EFFECT_PRODUCT	DIRECTION_CONCORDANT	CONDITIONAL	FINNISH_LD_SENSITIVITY_REQUIRED
TIER 2	CAT-AD	True	1	206706419	208158787	-0.0002848402193571	3.3583921723340934e-08	0.0002752403888758	rs7522701	5.69871452241693e-06	0.013527459898305522	LEVEL_C_ATLAS_FDR	-0.0356801	0.0249	NEGATIVE_EFFECT_PRODUCT	DIRECTION_CONCORDANT	CONDITIONAL	FINNISH_LD_SENSITIVITY_REQUIRED
TIER 2	CAT-AD	True	1	206706419	208158787	-0.0002848402193571	3.3583921723340934e-08	0.0002752403888758	rs10864156	5.96609381241774e-06	0.013965421452837386	LEVEL_C_ATLAS_FDR	-0.0356802	0.0248	NEGATIVE_EFFECT_PRODUCT	DIRECTION_CONCORDANT	CONDITIONAL	FINNISH_LD_SENSITIVITY_REQUIRED
TIER 2	CAT-AD	True	1	206706419	208158787	-0.0002848402193571	3.3583921723340934e-08	0.0002752403888758	rs6664815	6.53953646272466e-06	0.01486856629822583	LEVEL_C_ATLAS_FDR	-0.0356802	0.0246	NEGATIVE_EFFECT_PRODUCT	DIRECTION_CONCORDANT	CONDITIONAL	FINNISH_LD_SENSITIVITY_REQUIRED
TIER 2	CAT-AD	True	1	206706419	208158787	-0.0002848402193571	3.3583921723340934e-08	0.0002752403888758	rs1864370	6.27999206109999e-06	0.01447777546728759	LEVEL_C_ATLAS_FDR	-0.0355099	0.0248	NEGATIVE_EFFECT_PRODUCT	DIRECTION_CONCORDANT	CONDITIONAL	FINNISH_LD_SENSITIVITY_REQUIRED
TIER 2	CAT-AD	True	1	206706419	208158787	-0.0002848402193571	3.3583921723340934e-08	0.0002752403888758	rs1429906	6.28079351605403e-06	0.014477856352836136	LEVEL_C_ATLAS_FDR	-0.0355095	0.0248	NEGATIVE_EFFECT_PRODUCT	DIRECTION_CONCORDANT	CONDITIONAL	FINNISH_LD_SENSITIVITY_REQUIRED
TIER 2	CAT-AD	True	1	206706419	208158787	-0.0002848402193571	3.3583921723340934e-08	0.0002752403888758	rs6540888	6.43188008040608e-06	0.014715859344079214	LEVEL_C_ATLAS_FDR	-0.0354404	0.0248	NEGATIVE_EFFECT_PRODUCT	DIRECTION_CONCORDANT	CONDITIONAL	FINNISH_LD_SENSITIVITY_REQUIRED
TIER 2	CAT-AD	True	1	206706419	208158787	-0.0002848402193571	3.3583921723340934e-08	0.0002752403888758	rs6540889	5.22416356380147e-06	0.012739888821199469	LEVEL_C_ATLAS_FDR	-0.0356593	0.0251	NEGATIVE_EFFECT_PRODUCT	DIRECTION_CONCORDANT	CONDITIONAL	FINNISH_LD_SENSITIVITY_REQUIRED
TIER 2	CAT-AD	True	1	206706419	208158787	-0.0002848402193571	3.3583921723340934e-08	0.0002752403888758	rs10864167	7.89158630911761e-06	0.016938511271347496	LEVEL_C_ATLAS_FDR	-0.0355099	0.0243	NEGATIVE_EFFECT_PRODUCT	DIRECTION_CONCORDANT	CONDITIONAL	FINNISH_LD_SENSITIVITY_REQUIRED
TIER 2	CAT-AD	True	1	206706419	208158787	-0.0002848402193571	3.3583921723340934e-08	0.0002752403888758	rs877049	7.20243678545749e-06	0.01586048316665721	LEVEL_C_ATLAS_FDR	-0.0355099	0.0245	NEGATIVE_EFFECT_PRODUCT	DIRECTION_CONCORDANT	CONDITIONAL	FINNISH_LD_SENSITIVITY_REQUIRED
TIER 2	CAT-AD	True	1	206706419	208158787	-0.0002848402193571	3.3583921723340934e-08	0.0002752403888758	rs7543250	5.64329316984151e-06	0.013433567202744127	LEVEL_C_ATLAS_FDR	-0.0357057	0.0249	NEGATIVE_EFFECT_PRODUCT	DIRECTION_CONCORDANT	CONDITIONAL	FINNISH_LD_SENSITIVITY_REQUIRED
TIER 2	CAT-AD	True	1	206706419	208158787	-0.0002848402193571	3.3583921723340934e-08	0.0002752403888758	rs4844587	6.27032031165076e-06	0.014464459470797188	LEVEL_C_ATLAS_FDR	-0.0355146	0.0248	NEGATIVE_EFFECT_PRODUCT	DIRECTION_CONCORDANT	CONDITIONAL	FINNISH_LD_SENSITIVITY_REQUIRED
TIER 2	CAT-AD	True	1	206706419	208158787	-0.0002848402193571	3.3583921723340934e-08	0.0002752403888758	rs10864175	5.99030253063099e-06	0.013997198885200244	LEVEL_C_ATLAS_FDR	-0.0355146	0.0249	NEGATIVE_EFFECT_PRODUCT	DIRECTION_CONCORDANT	CONDITIONAL	FINNISH_LD_SENSITIVITY_REQUIRED
TIER 2	CAT-AD	True	1	206706419	208158787	-0.0002848402193571	3.3583921723340934e-08	0.0002752403888758	rs7514736	6.87027922646234e-06	0.015363995061548084	LEVEL_C_ATLAS_FDR	-0.0355146	0.0246	NEGATIVE_EFFECT_PRODUCT	DIRECTION_CONCORDANT	CONDITIONAL	FINNISH_LD_SENSITIVITY_REQUIRED
TIER 2	CAT-AD	True	1	206706419	208158787	-0.0002848402193571	3.3583921723340934e-08	0.0002752403888758	rs1579484	7.75701606621512e-06	0.016738950751709784	LEVEL_C_ATLAS_FDR	-0.0354297	0.0244	NEGATIVE_EFFECT_PRODUCT	DIRECTION_CONCORDANT	CONDITIONAL	FINNISH_LD_SENSITIVITY_REQUIRED
TIER 2	CAT-AD	True	1	206706419	208158787	-0.0002848402193571	3.3583921723340934e-08	0.0002752403888758	rs4611012	7.41331313379252e-06	0.016201515573444143	LEVEL_C_ATLAS_FDR	-0.0354289	0.0245	NEGATIVE_EFFECT_PRODUCT	DIRECTION_CONCORDANT	CONDITIONAL	FINNISH_LD_SENSITIVITY_REQUIRED
TIER 2	CAT-AD	True	1	206706419	208158787	-0.0002848402193571	3.3583921723340934e-08	0.0002752403888758	rs6540896	7.15805519137243e-06	0.015794815062878498	LEVEL_C_ATLAS_FDR	-0.0353944	0.0246	NEGATIVE_EFFECT_PRODUCT	DIRECTION_CONCORDANT	CONDITIONAL	FINNISH_LD_SENSITIVITY_REQUIRED
TIER 2	CAT-AD	True	1	206706419	208158787	-0.0002848402193571	3.3583921723340934e-08	0.0002752403888758	rs11120586	7.78185753325576e-06	0.016775647311494463	LEVEL_C_ATLAS_FDR	-0.0354196	0.0244	NEGATIVE_EFFECT_PRODUCT	DIRECTION_CONCORDANT	CONDITIONAL	FINNISH_LD_SENSITIVITY_REQUIRED
TIER 2	CAT-AD	True	1	206706419	208158787	-0.0002848402193571	3.3583921723340934e-08	0.0002752403888758	rs1367067	1.0378352433733e-05	0.020551669499720465	LEVEL_C_ATLAS_FDR	0.0324775	-0.0294	NEGATIVE_EFFECT_PRODUCT	DIRECTION_CONCORDANT	CONDITIONAL	FINNISH_LD_SENSITIVITY_REQUIRED
TIER 2	CAT-AD	True	1	206706419	208158787	-0.0002848402193571	3.3583921723340934e-08	0.0002752403888758	rs6703857	6.30196018294879e-06	0.014514745277328829	LEVEL_C_ATLAS_FDR	-0.0356568	0.0247	NEGATIVE_EFFECT_PRODUCT	DIRECTION_CONCORDANT	CONDITIONAL	FINNISH_LD_SENSITIVITY_REQUIRED
TIER 2	CAT-AD	True	1	206706419	208158787	-0.0002848402193571	3.3583921723340934e-08	0.0002752403888758	rs6703860	6.72256182995559e-06	0.01513612069959547	LEVEL_C_ATLAS_FDR	-0.0354506	0.0247	NEGATIVE_EFFECT_PRODUCT	DIRECTION_CONCORDANT	CONDITIONAL	FINNISH_LD_SENSITIVITY_REQUIRED
TIER 2	CAT-AD	True	1	206706419	208158787	-0.0002848402193571	3.3583921723340934e-08	0.0002752403888758	rs10864178	5.81647666996496e-06	0.013736547146476803	LEVEL_C_ATLAS_FDR	-0.0354793	0.025	NEGATIVE_EFFECT_PRODUCT	DIRECTION_CONCORDANT	CONDITIONAL	FINNISH_LD_SENSITIVITY_REQUIRED
TIER 2	CAT-AD	True	1	206706419	208158787	-0.0002848402193571	3.3583921723340934e-08	0.0002752403888758	rs10864180	6.67008087914316e-06	0.015060809196138043	LEVEL_C_ATLAS_FDR	-0.0354792	0.0247	NEGATIVE_EFFECT_PRODUCT	DIRECTION_CONCORDANT	CONDITIONAL	FINNISH_LD_SENSITIVITY_REQUIRED
TIER 2	CAT-AD	True	1	206706419	208158787	-0.0002848402193571	3.3583921723340934e-08	0.0002752403888758	rs12021745	7.40394441162213e-06	0.01618919481052764	LEVEL_C_ATLAS_FDR	0.0330364	-0.0298	NEGATIVE_EFFECT_PRODUCT	DIRECTION_CONCORDANT	CONDITIONAL	FINNISH_LD_SENSITIVITY_REQUIRED
TIER 2	CAT-AD	True	1	206706419	208158787	-0.0002848402193571	3.3583921723340934e-08	0.0002752403888758	rs11120688	8.0385079847888e-06	0.01715935606128263	LEVEL_C_ATLAS_FDR	0.0330142	-0.0296	NEGATIVE_EFFECT_PRODUCT	DIRECTION_CONCORDANT	CONDITIONAL	FINNISH_LD_SENSITIVITY_REQUIRED
TIER 2	CAT-AD	True	1	206706419	208158787	-0.0002848402193571	3.3583921723340934e-08	0.0002752403888758	rs10127904	8.67420403575824e-06	0.018092556996227204	LEVEL_C_ATLAS_FDR	0.0244339	-0.0373	NEGATIVE_EFFECT_PRODUCT	DIRECTION_CONCORDANT	CONDITIONAL	FINNISH_LD_SENSITIVITY_REQUIRED
TIER 2	CAT-AD	True	1	206706419	208158787	-0.0002848402193571	3.3583921723340934e-08	0.0002752403888758	rs34386700	8.05350255053827e-06	0.01717560142964231	LEVEL_C_ATLAS_FDR	0.0245846	-0.0373	NEGATIVE_EFFECT_PRODUCT	DIRECTION_CONCORDANT	CONDITIONAL	FINNISH_LD_SENSITIVITY_REQUIRED
TIER 2	CAT-AD	True	1	206706419	208158787	-0.0002848402193571	3.3583921723340934e-08	0.0002752403888758	rs10158414	8.35596210761719e-06	0.017612383325772116	LEVEL_C_ATLAS_FDR	0.0245686	-0.0372	NEGATIVE_EFFECT_PRODUCT	DIRECTION_CONCORDANT	CONDITIONAL	FINNISH_LD_SENSITIVITY_REQUIRED
TIER 2	CAT-AD	True	1	206706419	208158787	-0.0002848402193571	3.3583921723340934e-08	0.0002752403888758	rs34070762	8.62094364933993e-06	0.01800526926528389	LEVEL_C_ATLAS_FDR	0.024565	-0.0371	NEGATIVE_EFFECT_PRODUCT	DIRECTION_CONCORDANT	CONDITIONAL	FINNISH_LD_SENSITIVITY_REQUIRED
TIER 2	CAT-AD	True	1	206706419	208158787	-0.0002848402193571	3.3583921723340934e-08	0.0002752403888758	rs17259038	1.04102365156777e-05	0.020588967307863002	LEVEL_C_ATLAS_FDR	0.0244645	-0.0362	NEGATIVE_EFFECT_PRODUCT	DIRECTION_CONCORDANT	CONDITIONAL	FINNISH_LD_SENSITIVITY_REQUIRED
TIER 2	CAT-AD	True	1	206706419	208158787	-0.0002848402193571	3.3583921723340934e-08	0.0002752403888758	rs12744104	1.25694849150949e-05	0.023518657485969496	LEVEL_C_ATLAS_FDR	0.0266275	-0.0359	NEGATIVE_EFFECT_PRODUCT	DIRECTION_CONCORDANT	CONDITIONAL	FINNISH_LD_SENSITIVITY_REQUIRED
TIER 2	CAT-AD	True	1	206706419	208158787	-0.0002848402193571	3.3583921723340934e-08	0.0002752403888758	rs12745818	1.37173977586677e-05	0.025018607656050577	LEVEL_C_ATLAS_FDR	0.0265569	-0.0357	NEGATIVE_EFFECT_PRODUCT	DIRECTION_CONCORDANT	CONDITIONAL	FINNISH_LD_SENSITIVITY_REQUIRED
TIER 2	CAT-AD	True	1	206706419	208158787	-0.0002848402193571	3.3583921723340934e-08	0.0002752403888758	rs35728110	6.26083764574041e-07	0.0024625982216917486	LEVEL_C_ATLAS_FDR	0.0357978	-0.0362	NEGATIVE_EFFECT_PRODUCT	DIRECTION_CONCORDANT	CONDITIONAL	FINNISH_LD_SENSITIVITY_REQUIRED
TIER 2	CAT-AD	True	1	206706419	208158787	-0.0002848402193571	3.3583921723340934e-08	0.0002752403888758	rs2025371	4.10301443122792e-06	0.010680359176632657	LEVEL_C_ATLAS_FDR	0.0339919	-0.0333	NEGATIVE_EFFECT_PRODUCT	DIRECTION_CONCORDANT	CONDITIONAL	FINNISH_LD_SENSITIVITY_REQUIRED
TIER 2	CAT-AD	True	1	206706419	208158787	-0.0002848402193571	3.3583921723340934e-08	0.0002752403888758	rs80209102	1.56387316676712e-06	0.005192719528159324	LEVEL_C_ATLAS_FDR	0.0357978	-0.0345	NEGATIVE_EFFECT_PRODUCT	DIRECTION_CONCORDANT	CONDITIONAL	FINNISH_LD_SENSITIVITY_REQUIRED
TIER 2	CAT-AD	True	1	206706419	208158787	-0.0002848402193571	3.3583921723340934e-08	0.0002752403888758	rs2147021	7.92679850599893e-07	0.0029846254473748675	LEVEL_C_ATLAS_FDR	0.0352914	-0.0361	NEGATIVE_EFFECT_PRODUCT	DIRECTION_CONCORDANT	CONDITIONAL	FINNISH_LD_SENSITIVITY_REQUIRED
TIER 2	CAT-AD	True	1	206706419	208158787	-0.0002848402193571	3.3583921723340934e-08	0.0002752403888758	rs34509370	6.58240901871778e-07	0.0025655353784571062	LEVEL_C_ATLAS_FDR	0.0354926	-0.0364	NEGATIVE_EFFECT_PRODUCT	DIRECTION_CONCORDANT	CONDITIONAL	FINNISH_LD_SENSITIVITY_REQUIRED
TIER 2	CAT-AD	True	1	206706419	208158787	-0.0002848402193571	3.3583921723340934e-08	0.0002752403888758	rs7527798	6.84468932001733e-07	0.0026493172936093694	LEVEL_C_ATLAS_FDR	0.0355587	-0.0363	NEGATIVE_EFFECT_PRODUCT	DIRECTION_CONCORDANT	CONDITIONAL	FINNISH_LD_SENSITIVITY_REQUIRED
TIER 2	CAT-AD	True	1	206706419	208158787	-0.0002848402193571	3.3583921723340934e-08	0.0002752403888758	rs12729569	7.89537865393578e-07	0.0029747311802920656	LEVEL_C_ATLAS_FDR	0.0353923	-0.0361	NEGATIVE_EFFECT_PRODUCT	DIRECTION_CONCORDANT	CONDITIONAL	FINNISH_LD_SENSITIVITY_REQUIRED
TIER 2	CAT-AD	True	1	206706419	208158787	-0.0002848402193571	3.3583921723340934e-08	0.0002752403888758	rs12748243	7.92221407742715e-07	0.0029832228976195666	LEVEL_C_ATLAS_FDR	0.0353834	-0.0361	NEGATIVE_EFFECT_PRODUCT	DIRECTION_CONCORDANT	CONDITIONAL	FINNISH_LD_SENSITIVITY_REQUIRED
TIER 2	CAT-AD	True	1	206706419	208158787	-0.0002848402193571	3.3583921723340934e-08	0.0002752403888758	rs11118410	9.5985874168354e-07	0.003483722798438056	LEVEL_C_ATLAS_FDR	0.0311195	-0.0314	NEGATIVE_EFFECT_PRODUCT	DIRECTION_CONCORDANT	CONDITIONAL	FINNISH_LD_SENSITIVITY_REQUIRED
TIER 2	CAT-AD	True	1	206706419	208158787	-0.0002848402193571	3.3583921723340934e-08	0.0002752403888758	rs1830762	1.92392333317098e-05	0.03169861489858448	LEVEL_C_ATLAS_FDR	0.0286344	-0.0297	NEGATIVE_EFFECT_PRODUCT	DIRECTION_CONCORDANT	CONDITIONAL	FINNISH_LD_SENSITIVITY_REQUIRED
TIER 2	CAT-AD	True	1	206706419	208158787	-0.0002848402193571	3.3583921723340934e-08	0.0002752403888758	rs17049196	1.91484625583925e-05	0.03160005758269006	LEVEL_C_ATLAS_FDR	0.0286487	-0.0297	NEGATIVE_EFFECT_PRODUCT	DIRECTION_CONCORDANT	CONDITIONAL	FINNISH_LD_SENSITIVITY_REQUIRED
TIER 2	CAT-AD	True	1	206706419	208158787	-0.0002848402193571	3.3583921723340934e-08	0.0002752403888758	rs12073783	1.17832792007932e-06	0.004111556146974835	LEVEL_C_ATLAS_FDR	0.0305199	-0.0315	NEGATIVE_EFFECT_PRODUCT	DIRECTION_CONCORDANT	CONDITIONAL	FINNISH_LD_SENSITIVITY_REQUIRED
TIER 2	CAT-AD	True	1	206706419	208158787	-0.0002848402193571	3.3583921723340934e-08	0.0002752403888758	rs4306131	8.5718015660885e-07	0.003178525479482832	LEVEL_C_ATLAS_FDR	0.0312878	-0.0315	NEGATIVE_EFFECT_PRODUCT	DIRECTION_CONCORDANT	CONDITIONAL	FINNISH_LD_SENSITIVITY_REQUIRED
TIER 2	CAT-AD	True	1	206706419	208158787	-0.0002848402193571	3.3583921723340934e-08	0.0002752403888758	rs34168498	5.32060608701475e-07	0.0021552236823505384	LEVEL_C_ATLAS_FDR	0.0354788	-0.0376	NEGATIVE_EFFECT_PRODUCT	DIRECTION_CONCORDANT	CONDITIONAL	FINNISH_LD_SENSITIVITY_REQUIRED
TIER 2	CAT-AD	True	1	206706419	208158787	-0.0002848402193571	3.3583921723340934e-08	0.0002752403888758	rs11118425	7.36295753443856e-07	0.0028206681778649243	LEVEL_C_ATLAS_FDR	0.0385364	-0.0275	NEGATIVE_EFFECT_PRODUCT	DIRECTION_CONCORDANT	CONDITIONAL	FINNISH_LD_SENSITIVITY_REQUIRED
TIER 2	CAT-AD	True	1	206706419	208158787	-0.0002848402193571	3.3583921723340934e-08	0.0002752403888758	rs1977265	3.42491631222524e-06	0.009383901954014019	LEVEL_C_ATLAS_FDR	0.0276938	-0.0287	NEGATIVE_EFFECT_PRODUCT	DIRECTION_CONCORDANT	CONDITIONAL	FINNISH_LD_SENSITIVITY_REQUIRED
TIER 2	CAT-AD	True	1	206706419	208158787	-0.0002848402193571	3.3583921723340934e-08	0.0002752403888758	rs1977266	3.03987323714062e-06	0.008608889262149066	LEVEL_C_ATLAS_FDR	0.0276809	-0.029	NEGATIVE_EFFECT_PRODUCT	DIRECTION_CONCORDANT	CONDITIONAL	FINNISH_LD_SENSITIVITY_REQUIRED
TIER 2	CAT-AD	True	1	206706419	208158787	-0.0002848402193571	3.3583921723340934e-08	0.0002752403888758	rs1977267	2.46388484009789e-06	0.00739201569131258	LEVEL_C_ATLAS_FDR	0.0276846	-0.0295	NEGATIVE_EFFECT_PRODUCT	DIRECTION_CONCORDANT	CONDITIONAL	FINNISH_LD_SENSITIVITY_REQUIRED
TIER 2	CAT-AD	True	1	206706419	208158787	-0.0002848402193571	3.3583921723340934e-08	0.0002752403888758	rs34626131	2.68984819371112e-09	2.7863083493360047e-05	LEVEL_A_ATLAS_STRINGENT	0.0396022	-0.0438	NEGATIVE_EFFECT_PRODUCT	DIRECTION_CONCORDANT	CONDITIONAL	FINNISH_LD_SENSITIVITY_REQUIRED
TIER 2	CAT-AD	True	1	206706419	208158787	-0.0002848402193571	3.3583921723340934e-08	0.0002752403888758	rs1977268	2.12608991853987e-06	0.006619444517088593	LEVEL_C_ATLAS_FDR	0.0277393	-0.0298	NEGATIVE_EFFECT_PRODUCT	DIRECTION_CONCORDANT	CONDITIONAL	FINNISH_LD_SENSITIVITY_REQUIRED
TIER 2	CAT-AD	True	1	206706419	208158787	-0.0002848402193571	3.3583921723340934e-08	0.0002752403888758	rs1570565	2.0018855254908e-06	0.006315835413334728	LEVEL_C_ATLAS_FDR	0.0276815	-0.03	NEGATIVE_EFFECT_PRODUCT	DIRECTION_CONCORDANT	CONDITIONAL	FINNISH_LD_SENSITIVITY_REQUIRED
TIER 2	CAT-AD	True	1	206706419	208158787	-0.0002848402193571	3.3583921723340934e-08	0.0002752403888758	rs35438924	7.44032430569299e-06	0.016241119069338835	LEVEL_C_ATLAS_FDR	0.0276747	-0.0275	NEGATIVE_EFFECT_PRODUCT	DIRECTION_CONCORDANT	CONDITIONAL	FINNISH_LD_SENSITIVITY_REQUIRED
TIER 2	CAT-AD	True	1	206706419	208158787	-0.0002848402193571	3.3583921723340934e-08	0.0002752403888758	rs34277355	6.85664265790108e-06	0.01534332745756152	LEVEL_C_ATLAS_FDR	0.027676	-0.0277	NEGATIVE_EFFECT_PRODUCT	DIRECTION_CONCORDANT	CONDITIONAL	FINNISH_LD_SENSITIVITY_REQUIRED
TIER 2	CAT-AD	True	1	206706419	208158787	-0.0002848402193571	3.3583921723340934e-08	0.0002752403888758	rs6683902	2.01032971336197e-06	0.006334600024508701	LEVEL_C_ATLAS_FDR	0.0276693	-0.03	NEGATIVE_EFFECT_PRODUCT	DIRECTION_CONCORDANT	CONDITIONAL	FINNISH_LD_SENSITIVITY_REQUIRED
TIER 2	CAT-AD	True	1	206706419	208158787	-0.0002848402193571	3.3583921723340934e-08	0.0002752403888758	rs4147106	5.57916976720711e-06	0.013325074585144817	LEVEL_C_ATLAS_FDR	0.027678	-0.0282	NEGATIVE_EFFECT_PRODUCT	DIRECTION_CONCORDANT	CONDITIONAL	FINNISH_LD_SENSITIVITY_REQUIRED
TIER 2	CAT-AD	True	1	206706419	208158787	-0.0002848402193571	3.3583921723340934e-08	0.0002752403888758	rs4147105	5.81171533888822e-06	0.01373084497055575	LEVEL_C_ATLAS_FDR	0.0276774	-0.0281	NEGATIVE_EFFECT_PRODUCT	DIRECTION_CONCORDANT	CONDITIONAL	FINNISH_LD_SENSITIVITY_REQUIRED
TIER 2	CAT-AD	True	1	206706419	208158787	-0.0002848402193571	3.3583921723340934e-08	0.0002752403888758	rs4147104	6.05013201790707e-06	0.014099990605833999	LEVEL_C_ATLAS_FDR	0.0276783	-0.028	NEGATIVE_EFFECT_PRODUCT	DIRECTION_CONCORDANT	CONDITIONAL	FINNISH_LD_SENSITIVITY_REQUIRED
TIER 2	CAT-AD	True	1	206706419	208158787	-0.0002848402193571	3.3583921723340934e-08	0.0002752403888758	rs6540439	7.90406944265282e-08	0.00044859982939217483	LEVEL_C_ATLAS_FDR	0.0324076	-0.0403	NEGATIVE_EFFECT_PRODUCT	DIRECTION_CONCORDANT	CONDITIONAL	FINNISH_LD_SENSITIVITY_REQUIRED
TIER 2	CAT-AD	True	1	206706419	208158787	-0.0002848402193571	3.3583921723340934e-08	0.0002752403888758	rs7543097	1.60775161731166e-06	0.0053109807178940505	LEVEL_C_ATLAS_FDR	0.0277008	-0.0305	NEGATIVE_EFFECT_PRODUCT	DIRECTION_CONCORDANT	CONDITIONAL	FINNISH_LD_SENSITIVITY_REQUIRED
TIER 2	CAT-AD	True	1	206706419	208158787	-0.0002848402193571	3.3583921723340934e-08	0.0002752403888758	rs3927459	4.27250450344549e-06	0.010997509050658683	LEVEL_C_ATLAS_FDR	0.0274423	-0.0284	NEGATIVE_EFFECT_PRODUCT	DIRECTION_CONCORDANT	CONDITIONAL	FINNISH_LD_SENSITIVITY_REQUIRED
TIER 2	CAT-AD	True	1	206706419	208158787	-0.0002848402193571	3.3583921723340934e-08	0.0002752403888758	rs10779386	1.72988118621176e-05	0.029427645112424405	LEVEL_C_ATLAS_FDR	0.0314838	-0.0222	NEGATIVE_EFFECT_PRODUCT	DIRECTION_CONCORDANT	CONDITIONAL	FINNISH_LD_SENSITIVITY_REQUIRED
TIER 2	CAT-AD	True	1	206706419	208158787	-0.0002848402193571	3.3583921723340934e-08	0.0002752403888758	rs10779387	1.89874923272753e-05	0.03141207041591425	LEVEL_C_ATLAS_FDR	0.0314835	-0.022	NEGATIVE_EFFECT_PRODUCT	DIRECTION_CONCORDANT	CONDITIONAL	FINNISH_LD_SENSITIVITY_REQUIRED
TIER 2	CAT-AD	True	1	206706419	208158787	-0.0002848402193571	3.3583921723340934e-08	0.0002752403888758	rs12132968	6.49063217487162e-06	0.014801001898696788	LEVEL_C_ATLAS_FDR	0.0272095	-0.0276	NEGATIVE_EFFECT_PRODUCT	DIRECTION_CONCORDANT	CONDITIONAL	FINNISH_LD_SENSITIVITY_REQUIRED
TIER 2	CAT-AD	True	1	206706419	208158787	-0.0002848402193571	3.3583921723340934e-08	0.0002752403888758	rs10863505	9.82244681942064e-06	0.019804471884984676	LEVEL_C_ATLAS_FDR	0.0262057	-0.0276	NEGATIVE_EFFECT_PRODUCT	DIRECTION_CONCORDANT	CONDITIONAL	FINNISH_LD_SENSITIVITY_REQUIRED
TIER 2	CAT-AD	True	1	206706419	208158787	-0.0002848402193571	3.3583921723340934e-08	0.0002752403888758	rs4081159	9.63569372697634e-06	0.01953230970567097	LEVEL_C_ATLAS_FDR	0.0262497	-0.0276	NEGATIVE_EFFECT_PRODUCT	DIRECTION_CONCORDANT	CONDITIONAL	FINNISH_LD_SENSITIVITY_REQUIRED
TIER 2	CAT-AD	True	1	206706419	208158787	-0.0002848402193571	3.3583921723340934e-08	0.0002752403888758	rs1819221	3.0317151809401e-05	0.04331233309436463	LEVEL_C_ATLAS_FDR	0.0226143	-0.0284	NEGATIVE_EFFECT_PRODUCT	DIRECTION_CONCORDANT	CONDITIONAL	FINNISH_LD_SENSITIVITY_REQUIRED
TIER 2	CAT-AD	True	1	206706419	208158787	-0.0002848402193571	3.3583921723340934e-08	0.0002752403888758	rs1359147	8.23118038071264e-06	0.017435664312959138	LEVEL_C_ATLAS_FDR	0.026435	-0.0278	NEGATIVE_EFFECT_PRODUCT	DIRECTION_CONCORDANT	CONDITIONAL	FINNISH_LD_SENSITIVITY_REQUIRED
TIER 2	CAT-AD	True	1	206706419	208158787	-0.0002848402193571	3.3583921723340934e-08	0.0002752403888758	rs1998538	7.98555599214233e-06	0.017083211635043935	LEVEL_C_ATLAS_FDR	0.0264101	-0.0279	NEGATIVE_EFFECT_PRODUCT	DIRECTION_CONCORDANT	CONDITIONAL	FINNISH_LD_SENSITIVITY_REQUIRED
TIER 2	CAT-AD	True	1	206706419	208158787	-0.0002848402193571	3.3583921723340934e-08	0.0002752403888758	rs1998539	8.06241644143176e-06	0.01718620415993497	LEVEL_C_ATLAS_FDR	0.026483	-0.0278	NEGATIVE_EFFECT_PRODUCT	DIRECTION_CONCORDANT	CONDITIONAL	FINNISH_LD_SENSITIVITY_REQUIRED
TIER 2	CAT-AD	True	1	206706419	208158787	-0.0002848402193571	3.3583921723340934e-08	0.0002752403888758	rs2104303	9.60011387258207e-06	0.019479889316935596	LEVEL_C_ATLAS_FDR	0.026272	-0.0276	NEGATIVE_EFFECT_PRODUCT	DIRECTION_CONCORDANT	CONDITIONAL	FINNISH_LD_SENSITIVITY_REQUIRED
TIER 2	CAT-AD	True	1	206706419	208158787	-0.0002848402193571	3.3583921723340934e-08	0.0002752403888758	rs12733108	7.98866800804566e-06	0.01708776283831689	LEVEL_C_ATLAS_FDR	0.0265055	-0.0278	NEGATIVE_EFFECT_PRODUCT	DIRECTION_CONCORDANT	CONDITIONAL	FINNISH_LD_SENSITIVITY_REQUIRED
TIER 2	CAT-AD	True	1	206706419	208158787	-0.0002848402193571	3.3583921723340934e-08	0.0002752403888758	rs34355011	8.29247187437101e-06	0.017523794543538078	LEVEL_C_ATLAS_FDR	0.0265121	-0.0277	NEGATIVE_EFFECT_PRODUCT	DIRECTION_CONCORDANT	CONDITIONAL	FINNISH_LD_SENSITIVITY_REQUIRED
TIER 2	CAT-AD	True	1	206706419	208158787	-0.0002848402193571	3.3583921723340934e-08	0.0002752403888758	rs11118451	8.32531285103097e-06	0.017567521506983607	LEVEL_C_ATLAS_FDR	0.0265028	-0.0277	NEGATIVE_EFFECT_PRODUCT	DIRECTION_CONCORDANT	CONDITIONAL	FINNISH_LD_SENSITIVITY_REQUIRED
TIER 2	CAT-AD	True	1	206706419	208158787	-0.0002848402193571	3.3583921723340934e-08	0.0002752403888758	rs2025374	7.99618381252474e-06	0.0170964645309812	LEVEL_C_ATLAS_FDR	0.0265039	-0.0278	NEGATIVE_EFFECT_PRODUCT	DIRECTION_CONCORDANT	CONDITIONAL	FINNISH_LD_SENSITIVITY_REQUIRED
TIER 2	CAT-AD	True	1	206706419	208158787	-0.0002848402193571	3.3583921723340934e-08	0.0002752403888758	rs11118453	8.39819970104135e-06	0.017676191788129895	LEVEL_C_ATLAS_FDR	0.0265742	-0.0276	NEGATIVE_EFFECT_PRODUCT	DIRECTION_CONCORDANT	CONDITIONAL	FINNISH_LD_SENSITIVITY_REQUIRED
TIER 2	CAT-AD	True	1	206706419	208158787	-0.0002848402193571	3.3583921723340934e-08	0.0002752403888758	rs6677310	9.59460565342306e-07	0.0034826417931768544	LEVEL_C_ATLAS_FDR	-0.026149	0.0397	NEGATIVE_EFFECT_PRODUCT	DIRECTION_CONCORDANT	CONDITIONAL	FINNISH_LD_SENSITIVITY_REQUIRED
TIER 2	CAT-AD	True	1	206706419	208158787	-0.0002848402193571	3.3583921723340934e-08	0.0002752403888758	rs2796255	8.98960651973012e-07	0.0033045058633113414	LEVEL_C_ATLAS_FDR	-0.0261534	0.0399	NEGATIVE_EFFECT_PRODUCT	DIRECTION_CONCORDANT	CONDITIONAL	FINNISH_LD_SENSITIVITY_REQUIRED
TIER 2	CAT-AD	True	1	206706419	208158787	-0.0002848402193571	3.3583921723340934e-08	0.0002752403888758	rs7553211	2.36372159054584e-05	0.03654408751098507	LEVEL_C_ATLAS_FDR	0.0228652	-0.0288	NEGATIVE_EFFECT_PRODUCT	DIRECTION_CONCORDANT	CONDITIONAL	FINNISH_LD_SENSITIVITY_REQUIRED
TIER 2	CAT-AD	True	1	206706419	208158787	-0.0002848402193571	3.3583921723340934e-08	0.0002752403888758	rs2796261	9.48660234977153e-06	0.019320350671095693	LEVEL_C_ATLAS_FDR	-0.0265703	0.0273	NEGATIVE_EFFECT_PRODUCT	DIRECTION_CONCORDANT	CONDITIONAL	FINNISH_LD_SENSITIVITY_REQUIRED
TIER 2	CAT-AD	True	1	206706419	208158787	-0.0002848402193571	3.3583921723340934e-08	0.0002752403888758	rs3860294	9.26181865755628e-09	7.656428522224856e-05	LEVEL_B_PAIRWISE_GWAS	0.0390753	-0.0406	NEGATIVE_EFFECT_PRODUCT	DIRECTION_CONCORDANT	CONDITIONAL	FINNISH_LD_SENSITIVITY_REQUIRED
TIER 2	CAT-AD	True	1	206706419	208158787	-0.0002848402193571	3.3583921723340934e-08	0.0002752403888758	rs2796280	9.48871147524859e-06	0.019321245272513672	LEVEL_C_ATLAS_FDR	-0.0265703	0.0273	NEGATIVE_EFFECT_PRODUCT	DIRECTION_CONCORDANT	CONDITIONAL	FINNISH_LD_SENSITIVITY_REQUIRED
TIER 2	CAT-AD	True	1	206706419	208158787	-0.0002848402193571	3.3583921723340934e-08	0.0002752403888758	rs2761420	1.3071315750654e-05	0.024182035850168603	LEVEL_C_ATLAS_FDR	-0.0265697	0.0265	NEGATIVE_EFFECT_PRODUCT	DIRECTION_CONCORDANT	CONDITIONAL	FINNISH_LD_SENSITIVITY_REQUIRED
TIER 2	CAT-AD	True	1	206706419	208158787	-0.0002848402193571	3.3583921723340934e-08	0.0002752403888758	rs2761421	8.94489502258751e-07	0.003290509503772475	LEVEL_C_ATLAS_FDR	-0.0261564	0.0399	NEGATIVE_EFFECT_PRODUCT	DIRECTION_CONCORDANT	CONDITIONAL	FINNISH_LD_SENSITIVITY_REQUIRED
TIER 2	CAT-AD	True	1	206706419	208158787	-0.0002848402193571	3.3583921723340934e-08	0.0002752403888758	rs3849267	3.02500865032051e-05	0.043242078447249456	LEVEL_C_ATLAS_FDR	0.0228585	-0.0281	NEGATIVE_EFFECT_PRODUCT	DIRECTION_CONCORDANT	CONDITIONAL	FINNISH_LD_SENSITIVITY_REQUIRED
TIER 2	CAT-AD	True	1	206706419	208158787	-0.0002848402193571	3.3583921723340934e-08	0.0002752403888758	rs3849268	3.13268664514219e-05	0.04429363197125685	LEVEL_C_ATLAS_FDR	0.0227769	-0.0281	NEGATIVE_EFFECT_PRODUCT	DIRECTION_CONCORDANT	CONDITIONAL	FINNISH_LD_SENSITIVITY_REQUIRED
TIER 2	CAT-AD	True	1	206706419	208158787	-0.0002848402193571	3.3583921723340934e-08	0.0002752403888758	rs2796257	1.10800587511431e-05	0.02149847015270089	LEVEL_C_ATLAS_FDR	-0.0264854	0.027	NEGATIVE_EFFECT_PRODUCT	DIRECTION_CONCORDANT	CONDITIONAL	FINNISH_LD_SENSITIVITY_REQUIRED
TIER 2	CAT-AD	True	1	206706419	208158787	-0.0002848402193571	3.3583921723340934e-08	0.0002752403888758	rs2985104	1.04647921581045e-05	0.02066272378244069	LEVEL_C_ATLAS_FDR	-0.0265311	0.0271	NEGATIVE_EFFECT_PRODUCT	DIRECTION_CONCORDANT	CONDITIONAL	FINNISH_LD_SENSITIVITY_REQUIRED
TIER 2	CAT-AD	True	1	206706419	208158787	-0.0002848402193571	3.3583921723340934e-08	0.0002752403888758	rs2985105	2.14569352171976e-05	0.034193674242542334	LEVEL_C_ATLAS_FDR	-0.026549	0.0259	NEGATIVE_EFFECT_PRODUCT	DIRECTION_CONCORDANT	CONDITIONAL	FINNISH_LD_SENSITIVITY_REQUIRED
TIER 2	CAT-AD	True	1	206706419	208158787	-0.0002848402193571	3.3583921723340934e-08	0.0002752403888758	rs2985106	2.11919046418743e-05	0.03392789862712052	LEVEL_C_ATLAS_FDR	-0.0265822	0.0259	NEGATIVE_EFFECT_PRODUCT	DIRECTION_CONCORDANT	CONDITIONAL	FINNISH_LD_SENSITIVITY_REQUIRED
TIER 2	CAT-AD	True	1	206706419	208158787	-0.0002848402193571	3.3583921723340934e-08	0.0002752403888758	rs2761424	9.5539639410723e-07	0.003471390243610921	LEVEL_C_ATLAS_FDR	-0.0260915	0.0398	NEGATIVE_EFFECT_PRODUCT	DIRECTION_CONCORDANT	CONDITIONAL	FINNISH_LD_SENSITIVITY_REQUIRED
TIER 2	CAT-AD	True	1	206706419	208158787	-0.0002848402193571	3.3583921723340934e-08	0.0002752403888758	rs2761425	9.17873087267525e-06	0.01887048778240452	LEVEL_C_ATLAS_FDR	-0.0265577	0.0274	NEGATIVE_EFFECT_PRODUCT	DIRECTION_CONCORDANT	CONDITIONAL	FINNISH_LD_SENSITIVITY_REQUIRED
TIER 2	CAT-AD	True	1	206706419	208158787	-0.0002848402193571	3.3583921723340934e-08	0.0002752403888758	rs11118475	3.19621326355377e-05	0.04488106114710613	LEVEL_C_ATLAS_FDR	0.0226481	-0.0282	NEGATIVE_EFFECT_PRODUCT	DIRECTION_CONCORDANT	CONDITIONAL	FINNISH_LD_SENSITIVITY_REQUIRED
TIER 2	CAT-AD	True	1	206706419	208158787	-0.0002848402193571	3.3583921723340934e-08	0.0002752403888758	rs2025375	8.92994089658644e-06	0.018483804036987236	LEVEL_C_ATLAS_FDR	-0.0268293	0.0272	NEGATIVE_EFFECT_PRODUCT	DIRECTION_CONCORDANT	CONDITIONAL	FINNISH_LD_SENSITIVITY_REQUIRED
TIER 2	CAT-AD	True	1	206706419	208158787	-0.0002848402193571	3.3583921723340934e-08	0.0002752403888758	rs7518047	8.90372880135614e-06	0.01844164493222261	LEVEL_C_ATLAS_FDR	-0.0267376	0.0273	NEGATIVE_EFFECT_PRODUCT	DIRECTION_CONCORDANT	CONDITIONAL	FINNISH_LD_SENSITIVITY_REQUIRED
TIER 2	CAT-AD	True	1	206706419	208158787	-0.0002848402193571	3.3583921723340934e-08	0.0002752403888758	rs2488248	9.27171314749519e-06	0.019012103507505686	LEVEL_C_ATLAS_FDR	-0.0267371	0.0272	NEGATIVE_EFFECT_PRODUCT	DIRECTION_CONCORDANT	CONDITIONAL	FINNISH_LD_SENSITIVITY_REQUIRED
TIER 2	CAT-AD	True	1	206706419	208158787	-0.0002848402193571	3.3583921723340934e-08	0.0002752403888758	rs4844617	1.09023252200615e-06	0.0038608263490298705	LEVEL_C_ATLAS_FDR	-0.0263871	0.039	NEGATIVE_EFFECT_PRODUCT	DIRECTION_CONCORDANT	CONDITIONAL	FINNISH_LD_SENSITIVITY_REQUIRED
TIER 2	CAT-AD	True	1	206706419	208158787	-0.0002848402193571	3.3583921723340934e-08	0.0002752403888758	rs2761426	1.80235797203713e-05	0.03029387081567372	LEVEL_C_ATLAS_FDR	-0.0267114	0.0262	NEGATIVE_EFFECT_PRODUCT	DIRECTION_CONCORDANT	CONDITIONAL	FINNISH_LD_SENSITIVITY_REQUIRED
TIER 2	CAT-AD	True	1	206706419	208158787	-0.0002848402193571	3.3583921723340934e-08	0.0002752403888758	rs11118491	2.56331844696976e-05	0.038609389237064154	LEVEL_C_ATLAS_FDR	0.0230064	-0.0284	NEGATIVE_EFFECT_PRODUCT	DIRECTION_CONCORDANT	CONDITIONAL	FINNISH_LD_SENSITIVITY_REQUIRED
TIER 2	CAT-AD	True	1	206706419	208158787	-0.0002848402193571	3.3583921723340934e-08	0.0002752403888758	rs2796239	8.58685919676682e-06	0.017948121035284762	LEVEL_C_ATLAS_FDR	-0.0267311	0.0274	NEGATIVE_EFFECT_PRODUCT	DIRECTION_CONCORDANT	CONDITIONAL	FINNISH_LD_SENSITIVITY_REQUIRED
TIER 2	CAT-AD	True	1	206706419	208158787	-0.0002848402193571	3.3583921723340934e-08	0.0002752403888758	rs2796250	5.20265405850865e-06	0.01270081905001185	LEVEL_C_ATLAS_FDR	-0.0270622	0.0283	NEGATIVE_EFFECT_PRODUCT	DIRECTION_CONCORDANT	CONDITIONAL	FINNISH_LD_SENSITIVITY_REQUIRED
TIER 2	CAT-AD	True	1	206706419	208158787	-0.0002848402193571	3.3583921723340934e-08	0.0002752403888758	rs7535160	2.41740716943987e-05	0.037103069850467484	LEVEL_C_ATLAS_FDR	-0.0265831	0.0256	NEGATIVE_EFFECT_PRODUCT	DIRECTION_CONCORDANT	CONDITIONAL	FINNISH_LD_SENSITIVITY_REQUIRED
TIER 2	CAT-AD	True	1	206706419	208158787	-0.0002848402193571	3.3583921723340934e-08	0.0002752403888758	rs2796269	1.66234605917575e-05	0.028570010918902138	LEVEL_C_ATLAS_FDR	0.027801	-0.0285	NEGATIVE_EFFECT_PRODUCT	DIRECTION_CONCORDANT	CONDITIONAL	FINNISH_LD_SENSITIVITY_REQUIRED
TIER 2	CAT-AD	True	1	206706419	208158787	-0.0002848402193571	3.3583921723340934e-08	0.0002752403888758	rs2796249	1.85717463012944e-05	0.030933287419671045	LEVEL_C_ATLAS_FDR	0.0276536	-0.029	NEGATIVE_EFFECT_PRODUCT	DIRECTION_CONCORDANT	CONDITIONAL	FINNISH_LD_SENSITIVITY_REQUIRED
TIER 2	CAT-AD	True	1	206706419	208158787	-0.0002848402193571	3.3583921723340934e-08	0.0002752403888758	rs2745964	8.60104886033182e-07	0.003187350587748551	LEVEL_C_ATLAS_FDR	0.034226	-0.0329	NEGATIVE_EFFECT_PRODUCT	DIRECTION_CONCORDANT	CONDITIONAL	FINNISH_LD_SENSITIVITY_REQUIRED
TIER 2	CAT-AD	True	1	206706419	208158787	-0.0002848402193571	3.3583921723340934e-08	0.0002752403888758	rs2724376	1.49428049337978e-06	0.00501392075639719	LEVEL_C_ATLAS_FDR	0.0330307	-0.0322	NEGATIVE_EFFECT_PRODUCT	DIRECTION_CONCORDANT	CONDITIONAL	FINNISH_LD_SENSITIVITY_REQUIRED
TIER 2	CAT-AD	True	1	206706419	208158787	-0.0002848402193571	3.3583921723340934e-08	0.0002752403888758	rs2745948	1.49074500004392e-06	0.005004341307555438	LEVEL_C_ATLAS_FDR	0.0329197	-0.0323	NEGATIVE_EFFECT_PRODUCT	DIRECTION_CONCORDANT	CONDITIONAL	FINNISH_LD_SENSITIVITY_REQUIRED
TIER 2	CAT-AD	True	1	206706419	208158787	-0.0002848402193571	3.3583921723340934e-08	0.0002752403888758	rs2466574	3.0719015348243e-06	0.00866908150214325	LEVEL_C_ATLAS_FDR	0.0328986	-0.0317	NEGATIVE_EFFECT_PRODUCT	DIRECTION_CONCORDANT	CONDITIONAL	FINNISH_LD_SENSITIVITY_REQUIRED
TIER 2	CAT-AD	True	1	206706419	208158787	-0.0002848402193571	3.3583921723340934e-08	0.0002752403888758	rs2745949	2.30111667825315e-06	0.007026935114169303	LEVEL_C_ATLAS_FDR	0.0337218	-0.0317	NEGATIVE_EFFECT_PRODUCT	DIRECTION_CONCORDANT	CONDITIONAL	FINNISH_LD_SENSITIVITY_REQUIRED
TIER 2	CAT-AD	True	1	206706419	208158787	-0.0002848402193571	3.3583921723340934e-08	0.0002752403888758	rs2785644	5.09498600891584e-06	0.01250127980955255	LEVEL_C_ATLAS_FDR	0.0333398	-0.03	NEGATIVE_EFFECT_PRODUCT	DIRECTION_CONCORDANT	CONDITIONAL	FINNISH_LD_SENSITIVITY_REQUIRED
TIER 2	CAT-AD	True	1	206706419	208158787	-0.0002848402193571	3.3583921723340934e-08	0.0002752403888758	rs2179634	2.74363327684573e-06	0.007992293071614033	LEVEL_C_ATLAS_FDR	0.036621	-0.0266	NEGATIVE_EFFECT_PRODUCT	DIRECTION_CONCORDANT	CONDITIONAL	FINNISH_LD_SENSITIVITY_REQUIRED
TIER 2	CAT-AD	True	1	206706419	208158787	-0.0002848402193571	3.3583921723340934e-08	0.0002752403888758	rs2745955	9.53675775088005e-07	0.003467808881983994	LEVEL_C_ATLAS_FDR	0.0381237	-0.0281	NEGATIVE_EFFECT_PRODUCT	DIRECTION_CONCORDANT	CONDITIONAL	FINNISH_LD_SENSITIVITY_REQUIRED
TIER 2	CAT-AD	True	1	206706419	208158787	-0.0002848402193571	3.3583921723340934e-08	0.0002752403888758	rs2724367	1.27754489258703e-06	0.004404186109626939	LEVEL_C_ATLAS_FDR	0.0375391	-0.0279	NEGATIVE_EFFECT_PRODUCT	DIRECTION_CONCORDANT	CONDITIONAL	FINNISH_LD_SENSITIVITY_REQUIRED
TIER 2	CAT-AD	True	1	206706419	208158787	-0.0002848402193571	3.3583921723340934e-08	0.0002752403888758	rs2488250	3.20243040880559e-05	0.04493745838687608	LEVEL_C_ATLAS_FDR	0.0319541	-0.0218	NEGATIVE_EFFECT_PRODUCT	DIRECTION_CONCORDANT	CONDITIONAL	FINNISH_LD_SENSITIVITY_REQUIRED
TIER 2	CAT-AD	True	1	206706419	208158787	-0.0002848402193571	3.3583921723340934e-08	0.0002752403888758	rs2785646	1.39374586341885e-05	0.0253042955762606	LEVEL_C_ATLAS_FDR	0.0369961	-0.0222	NEGATIVE_EFFECT_PRODUCT	DIRECTION_CONCORDANT	CONDITIONAL	FINNISH_LD_SENSITIVITY_REQUIRED
TIER 2	CAT-AD	True	1	206706419	208158787	-0.0002848402193571	3.3583921723340934e-08	0.0002752403888758	rs2724379	1.60702035596798e-05	0.027923312840853136	LEVEL_C_ATLAS_FDR	0.0369963	-0.0219	NEGATIVE_EFFECT_PRODUCT	DIRECTION_CONCORDANT	CONDITIONAL	FINNISH_LD_SENSITIVITY_REQUIRED
TIER 2	CAT-AD	True	1	206706419	208158787	-0.0002848402193571	3.3583921723340934e-08	0.0002752403888758	rs2785647	2.26180306943596e-05	0.035473913555962265	LEVEL_C_ATLAS_FDR	0.0375037	-0.0209	NEGATIVE_EFFECT_PRODUCT	DIRECTION_CONCORDANT	CONDITIONAL	FINNISH_LD_SENSITIVITY_REQUIRED
TIER 2	CAT-AD	True	1	206706419	208158787	-0.0002848402193571	3.3583921723340934e-08	0.0002752403888758	rs11118935	1.12516052427607e-05	0.021717209780844952	LEVEL_C_ATLAS_FDR	0.0357731	-0.0223	NEGATIVE_EFFECT_PRODUCT	DIRECTION_CONCORDANT	CONDITIONAL	FINNISH_LD_SENSITIVITY_REQUIRED
TIER 2	CAT-AD	True	1	206706419	208158787	-0.0002848402193571	3.3583921723340934e-08	0.0002752403888758	rs558872	6.69593136334957e-07	0.002601092953874589	LEVEL_C_ATLAS_FDR	-0.0344982	0.0278	NEGATIVE_EFFECT_PRODUCT	DIRECTION_CONCORDANT	CONDITIONAL	FINNISH_LD_SENSITIVITY_REQUIRED
TIER 2	CAT-AD	True	1	206706419	208158787	-0.0002848402193571	3.3583921723340934e-08	0.0002752403888758	rs560752	5.70461814391894e-07	0.0022857782616622245	LEVEL_C_ATLAS_FDR	-0.0342951	0.0283	NEGATIVE_EFFECT_PRODUCT	DIRECTION_CONCORDANT	CONDITIONAL	FINNISH_LD_SENSITIVITY_REQUIRED
TIER 2	CAT-AD	True	1	206706419	208158787	-0.0002848402193571	3.3583921723340934e-08	0.0002752403888758	rs506275	1.07595688529317e-06	0.003818062595727192	LEVEL_C_ATLAS_FDR	-0.0342202	0.027	NEGATIVE_EFFECT_PRODUCT	DIRECTION_CONCORDANT	CONDITIONAL	FINNISH_LD_SENSITIVITY_REQUIRED
TIER 2	CAT-AD	True	1	206706419	208158787	-0.0002848402193571	3.3583921723340934e-08	0.0002752403888758	rs681461	9.4868528053375e-07	0.0034507466265914543	LEVEL_C_ATLAS_FDR	-0.0344166	0.0271	NEGATIVE_EFFECT_PRODUCT	DIRECTION_CONCORDANT	CONDITIONAL	FINNISH_LD_SENSITIVITY_REQUIRED
TIER 2	CAT-AD	True	1	206706419	208158787	-0.0002848402193571	3.3583921723340934e-08	0.0002752403888758	rs12095883	6.68269365647877e-06	0.015077519055236886	LEVEL_C_ATLAS_FDR	0.0374796	-0.0238	NEGATIVE_EFFECT_PRODUCT	DIRECTION_CONCORDANT	CONDITIONAL	FINNISH_LD_SENSITIVITY_REQUIRED
TIER 2	CAT-AD	True	1	206706419	208158787	-0.0002848402193571	3.3583921723340934e-08	0.0002752403888758	rs1028400	5.98194760940567e-07	0.002373611647297855	LEVEL_C_ATLAS_FDR	-0.0341711	0.0283	NEGATIVE_EFFECT_PRODUCT	DIRECTION_CONCORDANT	CONDITIONAL	FINNISH_LD_SENSITIVITY_REQUIRED
TIER 2	CAT-AD	True	1	206706419	208158787	-0.0002848402193571	3.3583921723340934e-08	0.0002752403888758	rs11118957	7.78669134843189e-06	0.016783983043504588	LEVEL_C_ATLAS_FDR	0.0374275	-0.0235	NEGATIVE_EFFECT_PRODUCT	DIRECTION_CONCORDANT	CONDITIONAL	FINNISH_LD_SENSITIVITY_REQUIRED
TIER 2	CAT-AD	True	1	206706419	208158787	-0.0002848402193571	3.3583921723340934e-08	0.0002752403888758	rs1212304	6.39415935874584e-07	0.00250368996995308	LEVEL_C_ATLAS_FDR	-0.0344835	0.0279	NEGATIVE_EFFECT_PRODUCT	DIRECTION_CONCORDANT	CONDITIONAL	FINNISH_LD_SENSITIVITY_REQUIRED
TIER 2	CAT-AD	True	1	206706419	208158787	-0.0002848402193571	3.3583921723340934e-08	0.0002752403888758	rs1932827	7.39565723630744e-07	0.002830383745390342	LEVEL_C_ATLAS_FDR	-0.034485	0.0276	NEGATIVE_EFFECT_PRODUCT	DIRECTION_CONCORDANT	CONDITIONAL	FINNISH_LD_SENSITIVITY_REQUIRED
TIER 2	CAT-AD	True	1	206706419	208158787	-0.0002848402193571	3.3583921723340934e-08	0.0002752403888758	rs12063025	1.77466693505358e-05	0.029964960421814277	LEVEL_C_ATLAS_FDR	0.0358429	-0.0213	NEGATIVE_EFFECT_PRODUCT	DIRECTION_CONCORDANT	CONDITIONAL	FINNISH_LD_SENSITIVITY_REQUIRED
TIER 2	CAT-AD	True	1	206706419	208158787	-0.0002848402193571	3.3583921723340934e-08	0.0002752403888758	rs11579110	1.16925460049845e-05	0.022300445186320687	LEVEL_C_ATLAS_FDR	0.0339026	-0.0228	NEGATIVE_EFFECT_PRODUCT	DIRECTION_CONCORDANT	CONDITIONAL	FINNISH_LD_SENSITIVITY_REQUIRED
TIER 2	CAT-AD	True	1	206706419	208158787	-0.0002848402193571	3.3583921723340934e-08	0.0002752403888758	rs11578698	1.11170251673007e-05	0.021545784697368234	LEVEL_C_ATLAS_FDR	0.0339146	-0.0229	NEGATIVE_EFFECT_PRODUCT	DIRECTION_CONCORDANT	CONDITIONAL	FINNISH_LD_SENSITIVITY_REQUIRED
TIER 2	CAT-AD	True	1	206706419	208158787	-0.0002848402193571	3.3583921723340934e-08	0.0002752403888758	rs12748911	1.0605216712566e-05	0.020841593078226257	LEVEL_C_ATLAS_FDR	0.033915	-0.023	NEGATIVE_EFFECT_PRODUCT	DIRECTION_CONCORDANT	CONDITIONAL	FINNISH_LD_SENSITIVITY_REQUIRED
TIER 2	CAT-AD	True	1	206706419	208158787	-0.0002848402193571	3.3583921723340934e-08	0.0002752403888758	rs11580436	1.01254086369742e-05	0.02021337166335535	LEVEL_C_ATLAS_FDR	0.0339128	-0.0231	NEGATIVE_EFFECT_PRODUCT	DIRECTION_CONCORDANT	CONDITIONAL	FINNISH_LD_SENSITIVITY_REQUIRED
TIER 2	CAT-AD	True	1	206706419	208158787	-0.0002848402193571	3.3583921723340934e-08	0.0002752403888758	rs11580454	1.11156138727174e-05	0.02154457588939355	LEVEL_C_ATLAS_FDR	0.033915	-0.0229	NEGATIVE_EFFECT_PRODUCT	DIRECTION_CONCORDANT	CONDITIONAL	FINNISH_LD_SENSITIVITY_REQUIRED
TIER 2	CAT-AD	True	1	206706419	208158787	-0.0002848402193571	3.3583921723340934e-08	0.0002752403888758	rs11578744	9.2097963009579e-06	0.01891356331412197	LEVEL_C_ATLAS_FDR	0.0339152	-0.0233	NEGATIVE_EFFECT_PRODUCT	DIRECTION_CONCORDANT	CONDITIONAL	FINNISH_LD_SENSITIVITY_REQUIRED
TIER 2	CAT-AD	True	1	206706419	208158787	-0.0002848402193571	3.3583921723340934e-08	0.0002752403888758	rs12729571	1.24376105785445e-05	0.023340571842397188	LEVEL_C_ATLAS_FDR	0.0337146	-0.0228	NEGATIVE_EFFECT_PRODUCT	DIRECTION_CONCORDANT	CONDITIONAL	FINNISH_LD_SENSITIVITY_REQUIRED
TIER 2	CAT-AD	True	1	206706419	208158787	-0.0002848402193571	3.3583921723340934e-08	0.0002752403888758	rs75304322	9.22178248154798e-06	0.01893320577734779	LEVEL_C_ATLAS_FDR	0.0339104	-0.0233	NEGATIVE_EFFECT_PRODUCT	DIRECTION_CONCORDANT	CONDITIONAL	FINNISH_LD_SENSITIVITY_REQUIRED
TIER 2	CAT-AD	True	1	206706419	208158787	-0.0002848402193571	3.3583921723340934e-08	0.0002752403888758	rs1932824	6.93655805998528e-06	0.015460363083636753	LEVEL_C_ATLAS_FDR	0.0349926	-0.0246	NEGATIVE_EFFECT_PRODUCT	DIRECTION_CONCORDANT	CONDITIONAL	FINNISH_LD_SENSITIVITY_REQUIRED
TIER 2	CAT-AD	True	1	206706419	208158787	-0.0002848402193571	3.3583921723340934e-08	0.0002752403888758	rs11580286	9.93185969757263e-06	0.019949753749018754	LEVEL_C_ATLAS_FDR	0.0350047	-0.0238	NEGATIVE_EFFECT_PRODUCT	DIRECTION_CONCORDANT	CONDITIONAL	FINNISH_LD_SENSITIVITY_REQUIRED
TIER 2	CAT-AD	True	1	206706419	208158787	-0.0002848402193571	3.3583921723340934e-08	0.0002752403888758	rs7517152	1.04256144045458e-05	0.020609986777368576	LEVEL_C_ATLAS_FDR	0.0349914	-0.0237	NEGATIVE_EFFECT_PRODUCT	DIRECTION_CONCORDANT	CONDITIONAL	FINNISH_LD_SENSITIVITY_REQUIRED
TIER 2	CAT-AD	True	1	206706419	208158787	-0.0002848402193571	3.3583921723340934e-08	0.0002752403888758	rs1074328	9.98212153588259e-06	0.020019256314231435	LEVEL_C_ATLAS_FDR	0.0349841	-0.0238	NEGATIVE_EFFECT_PRODUCT	DIRECTION_CONCORDANT	CONDITIONAL	FINNISH_LD_SENSITIVITY_REQUIRED
TIER 2	CAT-AD	True	1	206706419	208158787	-0.0002848402193571	3.3583921723340934e-08	0.0002752403888758	rs1074327	9.9886896658079e-06	0.020026821412687888	LEVEL_C_ATLAS_FDR	0.0348357	-0.0239	NEGATIVE_EFFECT_PRODUCT	DIRECTION_CONCORDANT	CONDITIONAL	FINNISH_LD_SENSITIVITY_REQUIRED
TIER 2	CAT-AD	True	1	206706419	208158787	-0.0002848402193571	3.3583921723340934e-08	0.0002752403888758	rs11118960	1.04491482825665e-05	0.020644791696556544	LEVEL_C_ATLAS_FDR	0.0349839	-0.0237	NEGATIVE_EFFECT_PRODUCT	DIRECTION_CONCORDANT	CONDITIONAL	FINNISH_LD_SENSITIVITY_REQUIRED
TIER 2	CAT-AD	True	1	206706419	208158787	-0.0002848402193571	3.3583921723340934e-08	0.0002752403888758	rs13374460	9.9826095372301e-06	0.020019256314231435	LEVEL_C_ATLAS_FDR	0.0349839	-0.0238	NEGATIVE_EFFECT_PRODUCT	DIRECTION_CONCORDANT	CONDITIONAL	FINNISH_LD_SENSITIVITY_REQUIRED
TIER 2	CAT-AD	True	1	206706419	208158787	-0.0002848402193571	3.3583921723340934e-08	0.0002752403888758	rs11579772	9.81330519653346e-06	0.019792938218320146	LEVEL_C_ATLAS_FDR	0.0350413	-0.0238	NEGATIVE_EFFECT_PRODUCT	DIRECTION_CONCORDANT	CONDITIONAL	FINNISH_LD_SENSITIVITY_REQUIRED
TIER 2	CAT-AD	True	1	206706419	208158787	-0.0002848402193571	3.3583921723340934e-08	0.0002752403888758	rs11578041	9.986510422536e-06	0.020024765402801754	LEVEL_C_ATLAS_FDR	0.0349826	-0.0238	NEGATIVE_EFFECT_PRODUCT	DIRECTION_CONCORDANT	CONDITIONAL	FINNISH_LD_SENSITIVITY_REQUIRED
TIER 2	CAT-AD	True	1	206706419	208158787	-0.0002848402193571	3.3583921723340934e-08	0.0002752403888758	rs2745967	9.71751634967685e-07	0.003518792754068564	LEVEL_C_ATLAS_FDR	-0.0352493	0.028	NEGATIVE_EFFECT_PRODUCT	DIRECTION_CONCORDANT	CONDITIONAL	FINNISH_LD_SENSITIVITY_REQUIRED
TIER 2	CAT-AD	True	1	206706419	208158787	-0.0002848402193571	3.3583921723340934e-08	0.0002752403888758	rs11578506	9.54066472762151e-06	0.019404268685950705	LEVEL_C_ATLAS_FDR	0.0349826	-0.0239	NEGATIVE_EFFECT_PRODUCT	DIRECTION_CONCORDANT	CONDITIONAL	FINNISH_LD_SENSITIVITY_REQUIRED
TIER 2	CAT-AD	True	1	206706419	208158787	-0.0002848402193571	3.3583921723340934e-08	0.0002752403888758	rs11579848	7.77931309702451e-06	0.0167732872422345	LEVEL_C_ATLAS_FDR	0.0349063	-0.0244	NEGATIVE_EFFECT_PRODUCT	DIRECTION_CONCORDANT	CONDITIONAL	FINNISH_LD_SENSITIVITY_REQUIRED
TIER 2	CAT-AD	True	1	206706419	208158787	-0.0002848402193571	3.3583921723340934e-08	0.0002752403888758	rs11578508	1.49746731446411e-05	0.02655756273045169	LEVEL_C_ATLAS_FDR	0.0332212	-0.024	NEGATIVE_EFFECT_PRODUCT	DIRECTION_CONCORDANT	CONDITIONAL	FINNISH_LD_SENSITIVITY_REQUIRED
TIER 2	CAT-AD	True	1	206706419	208158787	-0.0002848402193571	3.3583921723340934e-08	0.0002752403888758	rs35149591	9.98478111247467e-06	0.020022454454232383	LEVEL_C_ATLAS_FDR	0.0349832	-0.0238	NEGATIVE_EFFECT_PRODUCT	DIRECTION_CONCORDANT	CONDITIONAL	FINNISH_LD_SENSITIVITY_REQUIRED
TIER 2	CAT-AD	True	1	206706419	208158787	-0.0002848402193571	3.3583921723340934e-08	0.0002752403888758	rs35100559	7.2517221518186e-06	0.015943727819254693	LEVEL_C_ATLAS_FDR	0.0349837	-0.0245	NEGATIVE_EFFECT_PRODUCT	DIRECTION_CONCORDANT	CONDITIONAL	FINNISH_LD_SENSITIVITY_REQUIRED
TIER 2	CAT-AD	True	1	206706419	208158787	-0.0002848402193571	3.3583921723340934e-08	0.0002752403888758	rs35356517	1.04539995076214e-05	0.020648460958956623	LEVEL_C_ATLAS_FDR	0.0349824	-0.0237	NEGATIVE_EFFECT_PRODUCT	DIRECTION_CONCORDANT	CONDITIONAL	FINNISH_LD_SENSITIVITY_REQUIRED
TIER 2	CAT-AD	True	1	206706419	208158787	-0.0002848402193571	3.3583921723340934e-08	0.0002752403888758	rs35935287	1.04539995076214e-05	0.020648460958956623	LEVEL_C_ATLAS_FDR	0.0349824	-0.0237	NEGATIVE_EFFECT_PRODUCT	DIRECTION_CONCORDANT	CONDITIONAL	FINNISH_LD_SENSITIVITY_REQUIRED
TIER 2	CAT-AD	True	1	206706419	208158787	-0.0002848402193571	3.3583921723340934e-08	0.0002752403888758	rs12065224	1.05478067075622e-05	0.020764036743586456	LEVEL_C_ATLAS_FDR	0.034954	-0.0237	NEGATIVE_EFFECT_PRODUCT	DIRECTION_CONCORDANT	CONDITIONAL	FINNISH_LD_SENSITIVITY_REQUIRED
TIER 2	CAT-AD	True	1	206706419	208158787	-0.0002848402193571	3.3583921723340934e-08	0.0002752403888758	rs12079386	1.4399431510867e-05	0.02584830579604054	LEVEL_C_ATLAS_FDR	0.0331952	-0.0241	NEGATIVE_EFFECT_PRODUCT	DIRECTION_CONCORDANT	CONDITIONAL	FINNISH_LD_SENSITIVITY_REQUIRED
TIER 2	CAT-AD	True	1	206706419	208158787	-0.0002848402193571	3.3583921723340934e-08	0.0002752403888758	rs12066493	1.43957852213938e-05	0.025844433425720934	LEVEL_C_ATLAS_FDR	0.033196	-0.0241	NEGATIVE_EFFECT_PRODUCT	DIRECTION_CONCORDANT	CONDITIONAL	FINNISH_LD_SENSITIVITY_REQUIRED
TIER 2	CAT-AD	True	1	206706419	208158787	-0.0002848402193571	3.3583921723340934e-08	0.0002752403888758	rs12066542	1.64167287867998e-05	0.02833959115585058	LEVEL_C_ATLAS_FDR	0.0354281	-0.023	NEGATIVE_EFFECT_PRODUCT	DIRECTION_CONCORDANT	CONDITIONAL	FINNISH_LD_SENSITIVITY_REQUIRED
TIER 2	CAT-AD	True	1	206706419	208158787	-0.0002848402193571	3.3583921723340934e-08	0.0002752403888758	rs13374332	1.10861794108507e-05	0.021505537583039486	LEVEL_C_ATLAS_FDR	0.0331949	-0.0247	NEGATIVE_EFFECT_PRODUCT	DIRECTION_CONCORDANT	CONDITIONAL	FINNISH_LD_SENSITIVITY_REQUIRED
TIER 2	CAT-AD	True	1	206706419	208158787	-0.0002848402193571	3.3583921723340934e-08	0.0002752403888758	rs11579530	1.37828712666779e-05	0.025098212508896774	LEVEL_C_ATLAS_FDR	0.0331957	-0.0242	NEGATIVE_EFFECT_PRODUCT	DIRECTION_CONCORDANT	CONDITIONAL	FINNISH_LD_SENSITIVITY_REQUIRED
TIER 2	CAT-AD	True	1	206706419	208158787	-0.0002848402193571	3.3583921723340934e-08	0.0002752403888758	rs11579568	1.15416469501314e-05	0.02210404582149079	LEVEL_C_ATLAS_FDR	0.0355154	-0.024	NEGATIVE_EFFECT_PRODUCT	DIRECTION_CONCORDANT	CONDITIONAL	FINNISH_LD_SENSITIVITY_REQUIRED
TIER 2	CAT-AD	True	1	206706419	208158787	-0.0002848402193571	3.3583921723340934e-08	0.0002752403888758	rs11579168	1.79747063143182e-05	0.030241011112441537	LEVEL_C_ATLAS_FDR	0.0354267	-0.0228	NEGATIVE_EFFECT_PRODUCT	DIRECTION_CONCORDANT	CONDITIONAL	FINNISH_LD_SENSITIVITY_REQUIRED
TIER 2	CAT-AD	True	1	206706419	208158787	-0.0002848402193571	3.3583921723340934e-08	0.0002752403888758	rs11584869	1.50407409176747e-05	0.02664674252789696	LEVEL_C_ATLAS_FDR	0.0331953	-0.024	NEGATIVE_EFFECT_PRODUCT	DIRECTION_CONCORDANT	CONDITIONAL	FINNISH_LD_SENSITIVITY_REQUIRED
TIER 2	CAT-AD	True	1	206706419	208158787	-0.0002848402193571	3.3583921723340934e-08	0.0002752403888758	rs7519609	1.50447280979099e-05	0.0266510858962647	LEVEL_C_ATLAS_FDR	0.0331945	-0.024	NEGATIVE_EFFECT_PRODUCT	DIRECTION_CONCORDANT	CONDITIONAL	FINNISH_LD_SENSITIVITY_REQUIRED
TIER 2	CAT-AD	True	1	206706419	208158787	-0.0002848402193571	3.3583921723340934e-08	0.0002752403888758	rs7552993	1.57379673941252e-05	0.027525144346389186	LEVEL_C_ATLAS_FDR	0.0331906	-0.0239	NEGATIVE_EFFECT_PRODUCT	DIRECTION_CONCORDANT	CONDITIONAL	FINNISH_LD_SENSITIVITY_REQUIRED
TIER 2	CAT-AD	True	1	206706419	208158787	-0.0002848402193571	3.3583921723340934e-08	0.0002752403888758	rs7522233	1.50576253800462e-05	0.026671210627853662	LEVEL_C_ATLAS_FDR	0.0331928	-0.024	NEGATIVE_EFFECT_PRODUCT	DIRECTION_CONCORDANT	CONDITIONAL	FINNISH_LD_SENSITIVITY_REQUIRED
TIER 2	CAT-AD	True	1	206706419	208158787	-0.0002848402193571	3.3583921723340934e-08	0.0002752403888758	rs7519724	2.02481555196507e-05	0.03285570361776061	LEVEL_C_ATLAS_FDR	0.035425	-0.0228	NEGATIVE_EFFECT_PRODUCT	DIRECTION_CONCORDANT	CONDITIONAL	FINNISH_LD_SENSITIVITY_REQUIRED
TIER 2	CAT-AD	True	1	206706419	208158787	-0.0002848402193571	3.3583921723340934e-08	0.0002752403888758	rs11579609	1.73109696603035e-05	0.0294396705851589	LEVEL_C_ATLAS_FDR	0.0331655	-0.0237	NEGATIVE_EFFECT_PRODUCT	DIRECTION_CONCORDANT	CONDITIONAL	FINNISH_LD_SENSITIVITY_REQUIRED
TIER 2	CAT-AD	True	1	206706419	208158787	-0.0002848402193571	3.3583921723340934e-08	0.0002752403888758	rs11581407	1.58628636889109e-05	0.027680821539257678	LEVEL_C_ATLAS_FDR	0.0331664	-0.0239	NEGATIVE_EFFECT_PRODUCT	DIRECTION_CONCORDANT	CONDITIONAL	FINNISH_LD_SENSITIVITY_REQUIRED
TIER 2	CAT-AD	True	1	206706419	208158787	-0.0002848402193571	3.3583921723340934e-08	0.0002752403888758	rs34461385	1.84939775147007e-05	0.030845537445758513	LEVEL_C_ATLAS_FDR	0.033093	-0.0236	NEGATIVE_EFFECT_PRODUCT	DIRECTION_CONCORDANT	CONDITIONAL	FINNISH_LD_SENSITIVITY_REQUIRED
TIER 2	CAT-AD	True	1	206706419	208158787	-0.0002848402193571	3.3583921723340934e-08	0.0002752403888758	rs35649338	2.08183606606067e-05	0.03350522099728018	LEVEL_C_ATLAS_FDR	0.0353898	-0.0225	NEGATIVE_EFFECT_PRODUCT	DIRECTION_CONCORDANT	CONDITIONAL	FINNISH_LD_SENSITIVITY_REQUIRED
TIER 2	CAT-AD	True	1	206706419	208158787	-0.0002848402193571	3.3583921723340934e-08	0.0002752403888758	rs35899323	1.2118401423758e-05	0.022918724323169604	LEVEL_C_ATLAS_FDR	0.0331913	-0.0245	NEGATIVE_EFFECT_PRODUCT	DIRECTION_CONCORDANT	CONDITIONAL	FINNISH_LD_SENSITIVITY_REQUIRED
TIER 2	CAT-AD	True	1	206706419	208158787	-0.0002848402193571	3.3583921723340934e-08	0.0002752403888758	rs2745969	1.22384995071875e-06	0.004246916668895754	LEVEL_C_ATLAS_FDR	-0.0335001	0.0288	NEGATIVE_EFFECT_PRODUCT	DIRECTION_CONCORDANT	CONDITIONAL	FINNISH_LD_SENSITIVITY_REQUIRED
TIER 2	CAT-AD	True	1	206706419	208158787	-0.0002848402193571	3.3583921723340934e-08	0.0002752403888758	rs11580769	1.69544402941524e-05	0.029009581374316987	LEVEL_C_ATLAS_FDR	0.0330992	-0.0238	NEGATIVE_EFFECT_PRODUCT	DIRECTION_CONCORDANT	CONDITIONAL	FINNISH_LD_SENSITIVITY_REQUIRED
TIER 2	CAT-AD	True	1	206706419	208158787	-0.0002848402193571	3.3583921723340934e-08	0.0002752403888758	rs11118962	1.68478568363946e-05	0.02885993312063024	LEVEL_C_ATLAS_FDR	0.0331264	-0.0238	NEGATIVE_EFFECT_PRODUCT	DIRECTION_CONCORDANT	CONDITIONAL	FINNISH_LD_SENSITIVITY_REQUIRED
TIER 2	CAT-AD	True	1	206706419	208158787	-0.0002848402193571	3.3583921723340934e-08	0.0002752403888758	rs11583119	1.36547829484935e-05	0.024934540199594405	LEVEL_C_ATLAS_FDR	0.0331004	-0.0243	NEGATIVE_EFFECT_PRODUCT	DIRECTION_CONCORDANT	CONDITIONAL	FINNISH_LD_SENSITIVITY_REQUIRED
TIER 2	CAT-AD	True	1	206706419	208158787	-0.0002848402193571	3.3583921723340934e-08	0.0002752403888758	rs11581797	1.69732144709814e-05	0.029038841779264978	LEVEL_C_ATLAS_FDR	0.0330998	-0.0238	NEGATIVE_EFFECT_PRODUCT	DIRECTION_CONCORDANT	CONDITIONAL	FINNISH_LD_SENSITIVITY_REQUIRED
TIER 2	CAT-AD	True	1	206706419	208158787	-0.0002848402193571	3.3583921723340934e-08	0.0002752403888758	rs75391399	8.84698623581034e-06	0.018356743202171334	LEVEL_C_ATLAS_FDR	0.0327926	-0.0262	NEGATIVE_EFFECT_PRODUCT	DIRECTION_CONCORDANT	CONDITIONAL	FINNISH_LD_SENSITIVITY_REQUIRED
TIER 2	CAT-AD	True	1	206706419	208158787	-0.0002848402193571	3.3583921723340934e-08	0.0002752403888758	rs507920	9.79227394579614e-07	0.003541060905877655	LEVEL_C_ATLAS_FDR	-0.0335072	0.0293	NEGATIVE_EFFECT_PRODUCT	DIRECTION_CONCORDANT	CONDITIONAL	FINNISH_LD_SENSITIVITY_REQUIRED
TIER 2	CAT-AD	True	1	206706419	208158787	-0.0002848402193571	3.3583921723340934e-08	0.0002752403888758	rs650470	1.28501521686029e-06	0.004423788313302436	LEVEL_C_ATLAS_FDR	-0.0335025	0.0287	NEGATIVE_EFFECT_PRODUCT	DIRECTION_CONCORDANT	CONDITIONAL	FINNISH_LD_SENSITIVITY_REQUIRED
TIER 2	CAT-AD	True	1	206706419	208158787	-0.0002848402193571	3.3583921723340934e-08	0.0002752403888758	rs12753391	1.34772586050163e-05	0.02469090112475378	LEVEL_C_ATLAS_FDR	0.0352978	-0.0238	NEGATIVE_EFFECT_PRODUCT	DIRECTION_CONCORDANT	CONDITIONAL	FINNISH_LD_SENSITIVITY_REQUIRED
TIER 2	CAT-AD	True	1	206706419	208158787	-0.0002848402193571	3.3583921723340934e-08	0.0002752403888758	rs2745938	1.96204803745775e-06	0.006216888636570518	LEVEL_C_ATLAS_FDR	-0.0354672	0.027	NEGATIVE_EFFECT_PRODUCT	DIRECTION_CONCORDANT	CONDITIONAL	FINNISH_LD_SENSITIVITY_REQUIRED
TIER 2	CAT-AD	True	1	206706419	208158787	-0.0002848402193571	3.3583921723340934e-08	0.0002752403888758	rs11118964	1.94758846211905e-05	0.03196562420454111	LEVEL_C_ATLAS_FDR	0.035277	-0.023	NEGATIVE_EFFECT_PRODUCT	DIRECTION_CONCORDANT	CONDITIONAL	FINNISH_LD_SENSITIVITY_REQUIRED
TIER 2	CAT-AD	True	1	206706419	208158787	-0.0002848402193571	3.3583921723340934e-08	0.0002752403888758	rs2745939	2.21417108239769e-06	0.006828147965900814	LEVEL_C_ATLAS_FDR	-0.0335972	0.0278	NEGATIVE_EFFECT_PRODUCT	DIRECTION_CONCORDANT	CONDITIONAL	FINNISH_LD_SENSITIVITY_REQUIRED
TIER 2	CAT-AD	True	1	206706419	208158787	-0.0002848402193571	3.3583921723340934e-08	0.0002752403888758	rs11584265	2.64116464411916e-05	0.03941161732121592	LEVEL_C_ATLAS_FDR	0.0283931	-0.0301	NEGATIVE_EFFECT_PRODUCT	DIRECTION_CONCORDANT	CONDITIONAL	FINNISH_LD_SENSITIVITY_REQUIRED
TIER 2	CAT-AD	True	1	206706419	208158787	-0.0002848402193571	3.3583921723340934e-08	0.0002752403888758	rs1210226	8.81175761607113e-06	0.018303575584629632	LEVEL_C_ATLAS_FDR	-0.0236673	0.0353	NEGATIVE_EFFECT_PRODUCT	DIRECTION_CONCORDANT	CONDITIONAL	FINNISH_LD_SENSITIVITY_REQUIRED
TIER 2	CAT-AD	True	1	206706419	208158787	-0.0002848402193571	3.3583921723340934e-08	0.0002752403888758	rs1204684	7.06358855042783e-06	0.015663998310828816	LEVEL_C_ATLAS_FDR	-0.0236574	0.0356	NEGATIVE_EFFECT_PRODUCT	DIRECTION_CONCORDANT	CONDITIONAL	FINNISH_LD_SENSITIVITY_REQUIRED
TIER 2	CAT-AD	True	1	206706419	208158787	-0.0002848402193571	3.3583921723340934e-08	0.0002752403888758	rs643930	4.97275052025692e-06	0.012302024936992017	LEVEL_C_ATLAS_FDR	-0.024581	0.0353	NEGATIVE_EFFECT_PRODUCT	DIRECTION_CONCORDANT	CONDITIONAL	FINNISH_LD_SENSITIVITY_REQUIRED
TIER 2	CAT-AD	True	1	206706419	208158787	-0.0002848402193571	3.3583921723340934e-08	0.0002752403888758	rs475774	1.38665421278624e-05	0.025216428903685705	LEVEL_C_ATLAS_FDR	0.0290951	-0.0314	NEGATIVE_EFFECT_PRODUCT	DIRECTION_CONCORDANT	CONDITIONAL	FINNISH_LD_SENSITIVITY_REQUIRED
TIER 2	CAT-AD	True	11	59620206	61870732	-0.0002600201408	2.4277467720154066e-06	0.0062177629514779	rs74728516	1.11482092375403e-05	0.021575069494698437	LEVEL_C_ATLAS_FDR	-0.0454938	0.0711	NEGATIVE_EFFECT_PRODUCT	DIRECTION_CONCORDANT	CONDITIONAL	FINNISH_LD_SENSITIVITY_REQUIRED
TIER 2	CAT-AD	True	11	59620206	61870732	-0.0002600201408	2.4277467720154066e-06	0.0062177629514779	rs7109274	2.66948518423202e-05	0.03969939513798289	LEVEL_C_ATLAS_FDR	-0.0437152	0.0669	NEGATIVE_EFFECT_PRODUCT	DIRECTION_CONCORDANT	CONDITIONAL	FINNISH_LD_SENSITIVITY_REQUIRED
TIER 2	CAT-AD	True	11	59620206	61870732	-0.0002600201408	2.4277467720154066e-06	0.0062177629514779	rs76834192	1.00215912958848e-05	0.020064972630731915	LEVEL_C_ATLAS_FDR	-0.0378621	0.074	NEGATIVE_EFFECT_PRODUCT	DIRECTION_CONCORDANT	CONDITIONAL	FINNISH_LD_SENSITIVITY_REQUIRED
TIER 2	CAT-AD	True	11	59620206	61870732	-0.0002600201408	2.4277467720154066e-06	0.0062177629514779	rs141802649	1.4071321967176e-05	0.02545818753554932	LEVEL_C_ATLAS_FDR	-0.0375101	0.0729	NEGATIVE_EFFECT_PRODUCT	DIRECTION_CONCORDANT	CONDITIONAL	FINNISH_LD_SENSITIVITY_REQUIRED
TIER 2	CAT-AD	True	11	59620206	61870732	-0.0002600201408	2.4277467720154066e-06	0.0062177629514779	rs1286171	3.6540069708308e-10	5.419470821583353e-06	LEVEL_A_ATLAS_STRINGENT	0.0294002	-0.0626	NEGATIVE_EFFECT_PRODUCT	DIRECTION_CONCORDANT	CONDITIONAL	FINNISH_LD_SENSITIVITY_REQUIRED
TIER 2	CAT-AD	True	11	59620206	61870732	-0.0002600201408	2.4277467720154066e-06	0.0062177629514779	rs1151065	2.24646033554722e-10	3.562037252139517e-06	LEVEL_A_ATLAS_STRINGENT	0.0299866	-0.0628	NEGATIVE_EFFECT_PRODUCT	DIRECTION_CONCORDANT	CONDITIONAL	FINNISH_LD_SENSITIVITY_REQUIRED
TIER 2	CAT-AD	True	11	59620206	61870732	-0.0002600201408	2.4277467720154066e-06	0.0062177629514779	rs1286169	3.91336807134873e-10	5.736471403241699e-06	LEVEL_A_ATLAS_STRINGENT	0.0293976	-0.0624	NEGATIVE_EFFECT_PRODUCT	DIRECTION_CONCORDANT	CONDITIONAL	FINNISH_LD_SENSITIVITY_REQUIRED
TIER 2	CAT-AD	True	11	59620206	61870732	-0.0002600201408	2.4277467720154066e-06	0.0062177629514779	rs579721	2.70377959562844e-10	4.191727350355398e-06	LEVEL_A_ATLAS_STRINGENT	0.0294503	-0.0634	NEGATIVE_EFFECT_PRODUCT	DIRECTION_CONCORDANT	CONDITIONAL	FINNISH_LD_SENSITIVITY_REQUIRED
TIER 2	CAT-AD	True	11	59620206	61870732	-0.0002600201408	2.4277467720154066e-06	0.0062177629514779	rs1296390	2.58367789961705e-10	4.030734463524744e-06	LEVEL_A_ATLAS_STRINGENT	0.0297614	-0.0629	NEGATIVE_EFFECT_PRODUCT	DIRECTION_CONCORDANT	CONDITIONAL	FINNISH_LD_SENSITIVITY_REQUIRED
TIER 2	CAT-AD	True	11	59620206	61870732	-0.0002600201408	2.4277467720154066e-06	0.0062177629514779	rs3016834	3.22792886391322e-10	4.880090828997432e-06	LEVEL_A_ATLAS_STRINGENT	0.0294373	-0.0629	NEGATIVE_EFFECT_PRODUCT	DIRECTION_CONCORDANT	CONDITIONAL	FINNISH_LD_SENSITIVITY_REQUIRED
TIER 2	CAT-AD	True	11	59620206	61870732	-0.0002600201408	2.4277467720154066e-06	0.0062177629514779	rs3016835	2.99989677909352e-10	4.593361492160274e-06	LEVEL_A_ATLAS_STRINGENT	0.0294454	-0.0631	NEGATIVE_EFFECT_PRODUCT	DIRECTION_CONCORDANT	CONDITIONAL	FINNISH_LD_SENSITIVITY_REQUIRED
TIER 2	CAT-AD	True	11	59620206	61870732	-0.0002600201408	2.4277467720154066e-06	0.0062177629514779	rs528823	3.59038586705421e-10	5.339690777201464e-06	LEVEL_A_ATLAS_STRINGENT	0.0293352	-0.0628	NEGATIVE_EFFECT_PRODUCT	DIRECTION_CONCORDANT	CONDITIONAL	FINNISH_LD_SENSITIVITY_REQUIRED
TIER 2	CAT-AD	True	11	59620206	61870732	-0.0002600201408	2.4277467720154066e-06	0.0062177629514779	rs474951	4.12637099988704e-10	5.965570001303414e-06	LEVEL_A_ATLAS_STRINGENT	0.0293701	-0.0623	NEGATIVE_EFFECT_PRODUCT	DIRECTION_CONCORDANT	CONDITIONAL	FINNISH_LD_SENSITIVITY_REQUIRED
TIER 2	CAT-AD	True	11	59620206	61870732	-0.0002600201408	2.4277467720154066e-06	0.0062177629514779	rs536531	2.22017079151697e-10	3.5254297156091692e-06	LEVEL_A_ATLAS_STRINGENT	0.029444	-0.064	NEGATIVE_EFFECT_PRODUCT	DIRECTION_CONCORDANT	CONDITIONAL	FINNISH_LD_SENSITIVITY_REQUIRED
TIER 2	CAT-AD	True	11	59620206	61870732	-0.0002600201408	2.4277467720154066e-06	0.0062177629514779	rs539360	3.31955943584771e-10	5.001195225307171e-06	LEVEL_A_ATLAS_STRINGENT	0.0294446	-0.0628	NEGATIVE_EFFECT_PRODUCT	DIRECTION_CONCORDANT	CONDITIONAL	FINNISH_LD_SENSITIVITY_REQUIRED
TIER 2	CAT-AD	True	11	59620206	61870732	-0.0002600201408	2.4277467720154066e-06	0.0062177629514779	rs560238	2.51546755771699e-10	3.942038156267928e-06	LEVEL_A_ATLAS_STRINGENT	0.029414	-0.0651	NEGATIVE_EFFECT_PRODUCT	DIRECTION_CONCORDANT	CONDITIONAL	FINNISH_LD_SENSITIVITY_REQUIRED
TIER 2	CAT-AD	True	11	59620206	61870732	-0.0002600201408	2.4277467720154066e-06	0.0062177629514779	rs471457	3.10498568014875e-10	4.72551761446109e-06	LEVEL_A_ATLAS_STRINGENT	0.0294915	-0.0629	NEGATIVE_EFFECT_PRODUCT	DIRECTION_CONCORDANT	CONDITIONAL	FINNISH_LD_SENSITIVITY_REQUIRED
TIER 2	CAT-AD	True	11	59620206	61870732	-0.0002600201408	2.4277467720154066e-06	0.0062177629514779	rs543695	4.29491484847223e-08	0.00027585443736819837	LEVEL_B_PAIRWISE_GWAS	0.0220926	-0.0605	NEGATIVE_EFFECT_PRODUCT	DIRECTION_CONCORDANT	CONDITIONAL	FINNISH_LD_SENSITIVITY_REQUIRED
TIER 2	CAT-AD	True	11	59620206	61870732	-0.0002600201408	2.4277467720154066e-06	0.0062177629514779	rs549680	2.7782184687285e-10	4.291796836141041e-06	LEVEL_A_ATLAS_STRINGENT	0.0294671	-0.064	NEGATIVE_EFFECT_PRODUCT	DIRECTION_CONCORDANT	CONDITIONAL	FINNISH_LD_SENSITIVITY_REQUIRED
TIER 2	CAT-AD	True	11	59620206	61870732	-0.0002600201408	2.4277467720154066e-06	0.0062177629514779	rs1151105	4.3191524625015e-08	0.0002770746761338079	LEVEL_B_PAIRWISE_GWAS	0.0220872	-0.0605	NEGATIVE_EFFECT_PRODUCT	DIRECTION_CONCORDANT	CONDITIONAL	FINNISH_LD_SENSITIVITY_REQUIRED
TIER 2	CAT-AD	True	11	59620206	61870732	-0.0002600201408	2.4277467720154066e-06	0.0062177629514779	rs1286162	2.52055962013694e-10	3.944675350949908e-06	LEVEL_A_ATLAS_STRINGENT	0.0295039	-0.0635	NEGATIVE_EFFECT_PRODUCT	DIRECTION_CONCORDANT	CONDITIONAL	FINNISH_LD_SENSITIVITY_REQUIRED
TIER 2	CAT-AD	True	11	59620206	61870732	-0.0002600201408	2.4277467720154066e-06	0.0062177629514779	rs558788	1.80168029462505e-10	2.954151094766895e-06	LEVEL_A_ATLAS_STRINGENT	0.0294679	-0.0654	NEGATIVE_EFFECT_PRODUCT	DIRECTION_CONCORDANT	CONDITIONAL	FINNISH_LD_SENSITIVITY_REQUIRED
TIER 2	CAT-AD	True	11	59620206	61870732	-0.0002600201408	2.4277467720154066e-06	0.0062177629514779	rs558678	1.5264216092578e-10	2.5633615320942207e-06	LEVEL_A_ATLAS_STRINGENT	0.0293797	-0.0661	NEGATIVE_EFFECT_PRODUCT	DIRECTION_CONCORDANT	CONDITIONAL	FINNISH_LD_SENSITIVITY_REQUIRED
TIER 2	CAT-AD	True	11	59620206	61870732	-0.0002600201408	2.4277467720154066e-06	0.0062177629514779	rs554311	2.8764806206357e-10	4.427827975760432e-06	LEVEL_A_ATLAS_STRINGENT	0.0291574	-0.0647	NEGATIVE_EFFECT_PRODUCT	DIRECTION_CONCORDANT	CONDITIONAL	FINNISH_LD_SENSITIVITY_REQUIRED
TIER 2	CAT-AD	True	11	59620206	61870732	-0.0002600201408	2.4277467720154066e-06	0.0062177629514779	rs1441586	4.49822457410526e-07	0.0018708483579687426	LEVEL_C_ATLAS_FDR	0.0153718	-0.0637	NEGATIVE_EFFECT_PRODUCT	DIRECTION_CONCORDANT	CONDITIONAL	FINNISH_LD_SENSITIVITY_REQUIRED
TIER 2	CAT-AD	True	11	59620206	61870732	-0.0002600201408	2.4277467720154066e-06	0.0062177629514779	rs2583476	6.43942263055911e-08	0.0003810488932279034	LEVEL_C_ATLAS_FDR	0.0161265	-0.0704	NEGATIVE_EFFECT_PRODUCT	DIRECTION_CONCORDANT	CONDITIONAL	FINNISH_LD_SENSITIVITY_REQUIRED
TIER 2	CAT-AD	True	11	59620206	61870732	-0.0002600201408	2.4277467720154066e-06	0.0062177629514779	rs2847664	2.11168281472943e-07	0.0010036983693456427	LEVEL_C_ATLAS_FDR	0.0148422	-0.0704	NEGATIVE_EFFECT_PRODUCT	DIRECTION_CONCORDANT	CONDITIONAL	FINNISH_LD_SENSITIVITY_REQUIRED
TIER 2	CAT-AD	True	11	59620206	61870732	-0.0002600201408	2.4277467720154066e-06	0.0062177629514779	rs2847666	4.00648230398549e-07	0.0016951705968469516	LEVEL_C_ATLAS_FDR	0.0143292	-0.0704	NEGATIVE_EFFECT_PRODUCT	DIRECTION_CONCORDANT	CONDITIONAL	FINNISH_LD_SENSITIVITY_REQUIRED
TIER 2	CAT-AD	True	11	59620206	61870732	-0.0002600201408	2.4277467720154066e-06	0.0062177629514779	rs2847667	4.30784236471727e-07	0.0018046405331883539	LEVEL_C_ATLAS_FDR	0.0142569	-0.0704	NEGATIVE_EFFECT_PRODUCT	DIRECTION_CONCORDANT	CONDITIONAL	FINNISH_LD_SENSITIVITY_REQUIRED
TIER 2	CAT-AD	True	11	59620206	61870732	-0.0002600201408	2.4277467720154066e-06	0.0062177629514779	rs502581	4.78802017610377e-07	0.001971299973843916	LEVEL_C_ATLAS_FDR	0.015042	-0.0647	NEGATIVE_EFFECT_PRODUCT	DIRECTION_CONCORDANT	CONDITIONAL	FINNISH_LD_SENSITIVITY_REQUIRED
TIER 2	CAT-AD	True	11	59620206	61870732	-0.0002600201408	2.4277467720154066e-06	0.0062177629514779	rs2583471	2.12467378169758e-07	0.001009030945723729	LEVEL_C_ATLAS_FDR	0.0148327	-0.0704	NEGATIVE_EFFECT_PRODUCT	DIRECTION_CONCORDANT	CONDITIONAL	FINNISH_LD_SENSITIVITY_REQUIRED
TIER 2	CAT-AD	True	11	59620206	61870732	-0.0002600201408	2.4277467720154066e-06	0.0062177629514779	rs2070970	2.13014784287795e-07	0.0010109522061393925	LEVEL_C_ATLAS_FDR	0.0148511	-0.0703	NEGATIVE_EFFECT_PRODUCT	DIRECTION_CONCORDANT	CONDITIONAL	FINNISH_LD_SENSITIVITY_REQUIRED
TIER 2	CAT-AD	True	11	59620206	61870732	-0.0002600201408	2.4277467720154066e-06	0.0062177629514779	rs2847655	3.20313227537787e-07	0.001405285058022054	LEVEL_C_ATLAS_FDR	0.014414	-0.071	NEGATIVE_EFFECT_PRODUCT	DIRECTION_CONCORDANT	CONDITIONAL	FINNISH_LD_SENSITIVITY_REQUIRED
TIER 2	CAT-AD	True	11	59620206	61870732	-0.0002600201408	2.4277467720154066e-06	0.0062177629514779	rs502419	6.16196071008268e-07	0.0024319739275990237	LEVEL_C_ATLAS_FDR	0.014853	-0.0643	NEGATIVE_EFFECT_PRODUCT	DIRECTION_CONCORDANT	CONDITIONAL	FINNISH_LD_SENSITIVITY_REQUIRED
TIER 2	CAT-AD	True	11	59620206	61870732	-0.0002600201408	2.4277467720154066e-06	0.0062177629514779	rs2855017	2.66769299775193e-07	0.001217782066797655	LEVEL_C_ATLAS_FDR	0.014659	-0.0701	NEGATIVE_EFFECT_PRODUCT	DIRECTION_CONCORDANT	CONDITIONAL	FINNISH_LD_SENSITIVITY_REQUIRED
TIER 2	CAT-AD	True	11	59620206	61870732	-0.0002600201408	2.4277467720154066e-06	0.0062177629514779	rs17528859	2.5813527715885e-07	0.0011852266227002307	LEVEL_C_ATLAS_FDR	0.014689	-0.0701	NEGATIVE_EFFECT_PRODUCT	DIRECTION_CONCORDANT	CONDITIONAL	FINNISH_LD_SENSITIVITY_REQUIRED
TIER 2	CAT-AD	True	11	59620206	61870732	-0.0002600201408	2.4277467720154066e-06	0.0062177629514779	rs574704	2.59094572712428e-07	0.0011893165886331257	LEVEL_C_ATLAS_FDR	0.0157168	-0.0646	NEGATIVE_EFFECT_PRODUCT	DIRECTION_CONCORDANT	CONDITIONAL	FINNISH_LD_SENSITIVITY_REQUIRED
TIER 2	CAT-AD	True	11	59620206	61870732	-0.0002600201408	2.4277467720154066e-06	0.0062177629514779	rs580817	2.70954942336466e-07	0.0012329975862717536	LEVEL_C_ATLAS_FDR	0.0156924	-0.0645	NEGATIVE_EFFECT_PRODUCT	DIRECTION_CONCORDANT	CONDITIONAL	FINNISH_LD_SENSITIVITY_REQUIRED
TIER 2	CAT-AD	True	11	59620206	61870732	-0.0002600201408	2.4277467720154066e-06	0.0062177629514779	rs580064	8.05438553916325e-06	0.01717560142964231	LEVEL_C_ATLAS_FDR	0.0129286	-0.0592	NEGATIVE_EFFECT_PRODUCT	DIRECTION_CONCORDANT	CONDITIONAL	FINNISH_LD_SENSITIVITY_REQUIRED
TIER 2	CAT-AD	True	11	59620206	61870732	-0.0002600201408	2.4277467720154066e-06	0.0062177629514779	rs521952	2.78572641776767e-07	0.0012605564926700607	LEVEL_C_ATLAS_FDR	0.0157138	-0.0643	NEGATIVE_EFFECT_PRODUCT	DIRECTION_CONCORDANT	CONDITIONAL	FINNISH_LD_SENSITIVITY_REQUIRED
TIER 2	CAT-AD	True	11	59620206	61870732	-0.0002600201408	2.4277467720154066e-06	0.0062177629514779	rs516478	2.71130407472996e-07	0.001233538167398139	LEVEL_C_ATLAS_FDR	0.015692	-0.0645	NEGATIVE_EFFECT_PRODUCT	DIRECTION_CONCORDANT	CONDITIONAL	FINNISH_LD_SENSITIVITY_REQUIRED
TIER 2	CAT-AD	True	11	59620206	61870732	-0.0002600201408	2.4277467720154066e-06	0.0062177629514779	rs487997	2.73433128429798e-07	0.001241507865321662	LEVEL_C_ATLAS_FDR	0.0157071	-0.0644	NEGATIVE_EFFECT_PRODUCT	DIRECTION_CONCORDANT	CONDITIONAL	FINNISH_LD_SENSITIVITY_REQUIRED
TIER 2	CAT-AD	True	11	59620206	61870732	-0.0002600201408	2.4277467720154066e-06	0.0062177629514779	rs1786137	2.6372320192699e-07	0.0012065743526342811	LEVEL_C_ATLAS_FDR	0.0157232	-0.0645	NEGATIVE_EFFECT_PRODUCT	DIRECTION_CONCORDANT	CONDITIONAL	FINNISH_LD_SENSITIVITY_REQUIRED
TIER 2	CAT-AD	True	11	59620206	61870732	-0.0002600201408	2.4277467720154066e-06	0.0062177629514779	rs512495	2.54640832611251e-07	0.0011723256046321697	LEVEL_C_ATLAS_FDR	0.0157655	-0.0645	NEGATIVE_EFFECT_PRODUCT	DIRECTION_CONCORDANT	CONDITIONAL	FINNISH_LD_SENSITIVITY_REQUIRED
TIER 2	CAT-AD	True	11	59620206	61870732	-0.0002600201408	2.4277467720154066e-06	0.0062177629514779	rs555635	3.02034739129721e-07	0.0013429150821199153	LEVEL_C_ATLAS_FDR	0.0156239	-0.0643	NEGATIVE_EFFECT_PRODUCT	DIRECTION_CONCORDANT	CONDITIONAL	FINNISH_LD_SENSITIVITY_REQUIRED
TIER 2	CAT-AD	True	11	59620206	61870732	-0.0002600201408	2.4277467720154066e-06	0.0062177629514779	rs11230147	1.18562706737875e-07	0.00062918707127691	LEVEL_C_ATLAS_FDR	0.0154309	-0.0703	NEGATIVE_EFFECT_PRODUCT	DIRECTION_CONCORDANT	CONDITIONAL	FINNISH_LD_SENSITIVITY_REQUIRED
TIER 2	CAT-AD	True	11	59620206	61870732	-0.0002600201408	2.4277467720154066e-06	0.0062177629514779	rs514266	1.08877906548248e-07	0.0005873095249757877	LEVEL_C_ATLAS_FDR	0.016806	-0.0646	NEGATIVE_EFFECT_PRODUCT	DIRECTION_CONCORDANT	CONDITIONAL	FINNISH_LD_SENSITIVITY_REQUIRED
TIER 2	CAT-AD	True	11	59620206	61870732	-0.0002600201408	2.4277467720154066e-06	0.0062177629514779	rs562028	3.95165790588584e-06	0.010399637405665872	LEVEL_C_ATLAS_FDR	0.0131629	-0.0621	NEGATIVE_EFFECT_PRODUCT	DIRECTION_CONCORDANT	CONDITIONAL	FINNISH_LD_SENSITIVITY_REQUIRED
TIER 2	CAT-AD	True	11	59620206	61870732	-0.0002600201408	2.4277467720154066e-06	0.0062177629514779	rs4939311	4.35212634078881e-08	0.0002785208084348333	LEVEL_B_PAIRWISE_GWAS	0.0166155	-0.0702	NEGATIVE_EFFECT_PRODUCT	DIRECTION_CONCORDANT	CONDITIONAL	FINNISH_LD_SENSITIVITY_REQUIRED
TIER 2	CAT-AD	True	11	59620206	61870732	-0.0002600201408	2.4277467720154066e-06	0.0062177629514779	rs563803	1.16918291807042e-07	0.0006221726509344371	LEVEL_C_ATLAS_FDR	0.016806	-0.0643	NEGATIVE_EFFECT_PRODUCT	DIRECTION_CONCORDANT	CONDITIONAL	FINNISH_LD_SENSITIVITY_REQUIRED
TIER 2	CAT-AD	True	11	59620206	61870732	-0.0002600201408	2.4277467720154066e-06	0.0062177629514779	rs540170	9.82477671499663e-08	0.0005386742419820592	LEVEL_C_ATLAS_FDR	0.0169177	-0.0646	NEGATIVE_EFFECT_PRODUCT	DIRECTION_CONCORDANT	CONDITIONAL	FINNISH_LD_SENSITIVITY_REQUIRED
TIER 2	CAT-AD	True	11	59620206	61870732	-0.0002600201408	2.4277467720154066e-06	0.0062177629514779	rs574798	1.04494252078704e-07	0.0005672853920472337	LEVEL_C_ATLAS_FDR	0.016876	-0.0645	NEGATIVE_EFFECT_PRODUCT	DIRECTION_CONCORDANT	CONDITIONAL	FINNISH_LD_SENSITIVITY_REQUIRED
TIER 2	CAT-AD	True	11	59620206	61870732	-0.0002600201408	2.4277467720154066e-06	0.0062177629514779	rs581133	1.01395551721648e-07	0.0005532240753087272	LEVEL_C_ATLAS_FDR	0.0168857	-0.0646	NEGATIVE_EFFECT_PRODUCT	DIRECTION_CONCORDANT	CONDITIONAL	FINNISH_LD_SENSITIVITY_REQUIRED
TIER 2	CAT-AD	True	11	59620206	61870732	-0.0002600201408	2.4277467720154066e-06	0.0062177629514779	rs1303615	1.0719059760538e-07	0.000579920111928971	LEVEL_C_ATLAS_FDR	0.0168746	-0.0644	NEGATIVE_EFFECT_PRODUCT	DIRECTION_CONCORDANT	CONDITIONAL	FINNISH_LD_SENSITIVITY_REQUIRED
TIER 2	CAT-AD	True	11	59620206	61870732	-0.0002600201408	2.4277467720154066e-06	0.0062177629514779	rs1125357	3.78781847960925e-08	0.0002521351655106454	LEVEL_B_PAIRWISE_GWAS	0.0166859	-0.0705	NEGATIVE_EFFECT_PRODUCT	DIRECTION_CONCORDANT	CONDITIONAL	FINNISH_LD_SENSITIVITY_REQUIRED
TIER 2	CAT-AD	True	11	59620206	61870732	-0.0002600201408	2.4277467720154066e-06	0.0062177629514779	rs1303621	1.7113276253924e-07	0.0008452345516366373	LEVEL_C_ATLAS_FDR	0.0163837	-0.0643	NEGATIVE_EFFECT_PRODUCT	DIRECTION_CONCORDANT	CONDITIONAL	FINNISH_LD_SENSITIVITY_REQUIRED
TIER 2	CAT-AD	True	11	59620206	61870732	-0.0002600201408	2.4277467720154066e-06	0.0062177629514779	rs11230153	2.12920224886766e-08	0.00015732303634892844	LEVEL_B_PAIRWISE_GWAS	0.0170173	-0.0716	NEGATIVE_EFFECT_PRODUCT	DIRECTION_CONCORDANT	CONDITIONAL	FINNISH_LD_SENSITIVITY_REQUIRED
TIER 2	CAT-AD	True	11	59620206	61870732	-0.0002600201408	2.4277467720154066e-06	0.0062177629514779	rs483629	6.72933952433211e-08	0.00039480263305102163	LEVEL_C_ATLAS_FDR	0.0171297	-0.0654	NEGATIVE_EFFECT_PRODUCT	DIRECTION_CONCORDANT	CONDITIONAL	FINNISH_LD_SENSITIVITY_REQUIRED
TIER 2	CAT-AD	True	11	59620206	61870732	-0.0002600201408	2.4277467720154066e-06	0.0062177629514779	rs4939312	2.35205064970222e-08	0.00017130437920492226	LEVEL_B_PAIRWISE_GWAS	0.0169401	-0.0715	NEGATIVE_EFFECT_PRODUCT	DIRECTION_CONCORDANT	CONDITIONAL	FINNISH_LD_SENSITIVITY_REQUIRED
TIER 2	CAT-AD	True	11	59620206	61870732	-0.0002600201408	2.4277467720154066e-06	0.0062177629514779	rs4939314	2.36030843916871e-08	0.0001717256529169121	LEVEL_B_PAIRWISE_GWAS	0.0169366	-0.0715	NEGATIVE_EFFECT_PRODUCT	DIRECTION_CONCORDANT	CONDITIONAL	FINNISH_LD_SENSITIVITY_REQUIRED
TIER 2	CAT-AD	True	11	59620206	61870732	-0.0002600201408	2.4277467720154066e-06	0.0062177629514779	rs474123	3.1243821197277e-07	0.0013785763611010998	LEVEL_C_ATLAS_FDR	0.0148635	-0.0659	NEGATIVE_EFFECT_PRODUCT	DIRECTION_CONCORDANT	CONDITIONAL	FINNISH_LD_SENSITIVITY_REQUIRED
TIER 2	CAT-AD	True	11	59620206	61870732	-0.0002600201408	2.4277467720154066e-06	0.0062177629514779	rs61901691	4.81126575181553e-08	0.00030117866968117324	LEVEL_B_PAIRWISE_GWAS	0.0164593	-0.0712	NEGATIVE_EFFECT_PRODUCT	DIRECTION_CONCORDANT	CONDITIONAL	FINNISH_LD_SENSITIVITY_REQUIRED
TIER 2	CAT-AD	True	11	59620206	61870732	-0.0002600201408	2.4277467720154066e-06	0.0062177629514779	rs525794	6.02912145652311e-08	0.0003613277471441772	LEVEL_C_ATLAS_FDR	0.0172224	-0.0655	NEGATIVE_EFFECT_PRODUCT	DIRECTION_CONCORDANT	CONDITIONAL	FINNISH_LD_SENSITIVITY_REQUIRED
TIER 2	CAT-AD	True	11	59620206	61870732	-0.0002600201408	2.4277467720154066e-06	0.0062177629514779	rs11230155	2.45409327099933e-08	0.00017758127908812667	LEVEL_B_PAIRWISE_GWAS	0.0169453	-0.0713	NEGATIVE_EFFECT_PRODUCT	DIRECTION_CONCORDANT	CONDITIONAL	FINNISH_LD_SENSITIVITY_REQUIRED
TIER 2	CAT-AD	True	11	59620206	61870732	-0.0002600201408	2.4277467720154066e-06	0.0062177629514779	rs504272	6.65376538257598e-08	0.0003913308729503577	LEVEL_C_ATLAS_FDR	0.0171425	-0.0654	NEGATIVE_EFFECT_PRODUCT	DIRECTION_CONCORDANT	CONDITIONAL	FINNISH_LD_SENSITIVITY_REQUIRED
TIER 2	CAT-AD	True	11	59620206	61870732	-0.0002600201408	2.4277467720154066e-06	0.0062177629514779	rs2165525	2.45363779433001e-08	0.00017758127908812667	LEVEL_B_PAIRWISE_GWAS	0.0169478	-0.0713	NEGATIVE_EFFECT_PRODUCT	DIRECTION_CONCORDANT	CONDITIONAL	FINNISH_LD_SENSITIVITY_REQUIRED
TIER 2	CAT-AD	True	11	59620206	61870732	-0.0002600201408	2.4277467720154066e-06	0.0062177629514779	rs7124974	4.67699102107978e-08	0.0002944790323207889	LEVEL_B_PAIRWISE_GWAS	0.0164655	-0.0713	NEGATIVE_EFFECT_PRODUCT	DIRECTION_CONCORDANT	CONDITIONAL	FINNISH_LD_SENSITIVITY_REQUIRED
TIER 2	CAT-AD	True	11	59620206	61870732	-0.0002600201408	2.4277467720154066e-06	0.0062177629514779	rs510518	6.62581336914038e-08	0.0003898850981900943	LEVEL_C_ATLAS_FDR	0.0171473	-0.0654	NEGATIVE_EFFECT_PRODUCT	DIRECTION_CONCORDANT	CONDITIONAL	FINNISH_LD_SENSITIVITY_REQUIRED
TIER 2	CAT-AD	True	11	59620206	61870732	-0.0002600201408	2.4277467720154066e-06	0.0062177629514779	rs534273	6.66012826812884e-08	0.0003916175977940216	LEVEL_C_ATLAS_FDR	0.0171421	-0.0654	NEGATIVE_EFFECT_PRODUCT	DIRECTION_CONCORDANT	CONDITIONAL	FINNISH_LD_SENSITIVITY_REQUIRED
TIER 2	CAT-AD	True	11	59620206	61870732	-0.0002600201408	2.4277467720154066e-06	0.0062177629514779	rs1786140	3.37938450231413e-07	0.001469056574971063	LEVEL_C_ATLAS_FDR	0.0148713	-0.0655	NEGATIVE_EFFECT_PRODUCT	DIRECTION_CONCORDANT	CONDITIONAL	FINNISH_LD_SENSITIVITY_REQUIRED
TIER 2	CAT-AD	True	11	59620206	61870732	-0.0002600201408	2.4277467720154066e-06	0.0062177629514779	rs493692	8.28117693774338e-08	0.00046611593381734904	LEVEL_C_ATLAS_FDR	0.0170941	-0.0647	NEGATIVE_EFFECT_PRODUCT	DIRECTION_CONCORDANT	CONDITIONAL	FINNISH_LD_SENSITIVITY_REQUIRED
TIER 2	CAT-AD	True	11	59620206	61870732	-0.0002600201408	2.4277467720154066e-06	0.0062177629514779	rs476722	7.61141933220811e-08	0.0004344766880252112	LEVEL_C_ATLAS_FDR	0.0171556	-0.0648	NEGATIVE_EFFECT_PRODUCT	DIRECTION_CONCORDANT	CONDITIONAL	FINNISH_LD_SENSITIVITY_REQUIRED
TIER 2	CAT-AD	True	11	59620206	61870732	-0.0002600201408	2.4277467720154066e-06	0.0062177629514779	rs595481	7.62651638423542e-08	0.00043526688304603594	LEVEL_C_ATLAS_FDR	0.0171535	-0.0648	NEGATIVE_EFFECT_PRODUCT	DIRECTION_CONCORDANT	CONDITIONAL	FINNISH_LD_SENSITIVITY_REQUIRED
TIER 2	CAT-AD	True	11	59620206	61870732	-0.0002600201408	2.4277467720154066e-06	0.0062177629514779	rs583296	7.13977912315711e-08	0.00041305640405029363	LEVEL_C_ATLAS_FDR	0.017253	-0.0647	NEGATIVE_EFFECT_PRODUCT	DIRECTION_CONCORDANT	CONDITIONAL	FINNISH_LD_SENSITIVITY_REQUIRED
TIER 2	CAT-AD	True	11	59620206	61870732	-0.0002600201408	2.4277467720154066e-06	0.0062177629514779	rs558375	7.14586754360809e-08	0.0004132708794235101	LEVEL_C_ATLAS_FDR	0.0172561	-0.0647	NEGATIVE_EFFECT_PRODUCT	DIRECTION_CONCORDANT	CONDITIONAL	FINNISH_LD_SENSITIVITY_REQUIRED
TIER 2	CAT-AD	True	11	59620206	61870732	-0.0002600201408	2.4277467720154066e-06	0.0062177629514779	rs1316005	6.3473085524781e-08	0.00037662537588345273	LEVEL_C_ATLAS_FDR	0.0174225	-0.0646	NEGATIVE_EFFECT_PRODUCT	DIRECTION_CONCORDANT	CONDITIONAL	FINNISH_LD_SENSITIVITY_REQUIRED
TIER 2	CAT-AD	True	11	59620206	61870732	-0.0002600201408	2.4277467720154066e-06	0.0062177629514779	rs617916	5.65471707528988e-08	0.00034261619843510457	LEVEL_C_ATLAS_FDR	0.017617	-0.0643	NEGATIVE_EFFECT_PRODUCT	DIRECTION_CONCORDANT	CONDITIONAL	FINNISH_LD_SENSITIVITY_REQUIRED
TIER 2	CAT-AD	True	11	59620206	61870732	-0.0002600201408	2.4277467720154066e-06	0.0062177629514779	rs606588	5.60291872663768e-08	0.00034042851663181213	LEVEL_C_ATLAS_FDR	0.0176259	-0.0643	NEGATIVE_EFFECT_PRODUCT	DIRECTION_CONCORDANT	CONDITIONAL	FINNISH_LD_SENSITIVITY_REQUIRED
TIER 2	CAT-AD	True	11	59620206	61870732	-0.0002600201408	2.4277467720154066e-06	0.0062177629514779	rs688030	5.58225574046639e-08	0.00033935125088848376	LEVEL_C_ATLAS_FDR	0.0176297	-0.0643	NEGATIVE_EFFECT_PRODUCT	DIRECTION_CONCORDANT	CONDITIONAL	FINNISH_LD_SENSITIVITY_REQUIRED
TIER 2	CAT-AD	True	11	59620206	61870732	-0.0002600201408	2.4277467720154066e-06	0.0062177629514779	rs684961	5.6823339183984e-08	0.0003439892702231149	LEVEL_C_ATLAS_FDR	0.0176648	-0.0641	NEGATIVE_EFFECT_PRODUCT	DIRECTION_CONCORDANT	CONDITIONAL	FINNISH_LD_SENSITIVITY_REQUIRED
TIER 2	CAT-AD	True	11	59620206	61870732	-0.0002600201408	2.4277467720154066e-06	0.0062177629514779	rs11230160	2.19041091563845e-08	0.00016133884842286136	LEVEL_B_PAIRWISE_GWAS	0.0174271	-0.0698	NEGATIVE_EFFECT_PRODUCT	DIRECTION_CONCORDANT	CONDITIONAL	FINNISH_LD_SENSITIVITY_REQUIRED
TIER 2	CAT-AD	True	11	59620206	61870732	-0.0002600201408	2.4277467720154066e-06	0.0062177629514779	rs11230161	2.94868605752695e-08	0.0002064002702728655	LEVEL_B_PAIRWISE_GWAS	0.0169739	-0.0704	NEGATIVE_EFFECT_PRODUCT	DIRECTION_CONCORDANT	CONDITIONAL	FINNISH_LD_SENSITIVITY_REQUIRED
TIER 2	CAT-AD	True	11	59620206	61870732	-0.0002600201408	2.4277467720154066e-06	0.0062177629514779	rs614104	7.94256683615054e-08	0.0004501223926141051	LEVEL_C_ATLAS_FDR	0.0176371	-0.0644	NEGATIVE_EFFECT_PRODUCT	DIRECTION_CONCORDANT	CONDITIONAL	FINNISH_LD_SENSITIVITY_REQUIRED
TIER 2	CAT-AD	True	11	59620206	61870732	-0.0002600201408	2.4277467720154066e-06	0.0062177629514779	rs11230165	1.29349799941828e-07	0.0006757903270983671	LEVEL_C_ATLAS_FDR	0.0157001	-0.0698	NEGATIVE_EFFECT_PRODUCT	DIRECTION_CONCORDANT	CONDITIONAL	FINNISH_LD_SENSITIVITY_REQUIRED
TIER 2	CAT-AD	True	11	59620206	61870732	-0.0002600201408	2.4277467720154066e-06	0.0062177629514779	rs10897009	2.28670002591466e-08	0.00016732776832326126	LEVEL_B_PAIRWISE_GWAS	0.0174068	-0.0697	NEGATIVE_EFFECT_PRODUCT	DIRECTION_CONCORDANT	CONDITIONAL	FINNISH_LD_SENSITIVITY_REQUIRED
TIER 2	CAT-AD	True	11	59620206	61870732	-0.0002600201408	2.4277467720154066e-06	0.0062177629514779	rs983392	4.94094675977345e-08	0.0003074733629929025	LEVEL_B_PAIRWISE_GWAS	0.0166404	-0.0703	NEGATIVE_EFFECT_PRODUCT	DIRECTION_CONCORDANT	CONDITIONAL	FINNISH_LD_SENSITIVITY_REQUIRED
TIER 2	CAT-AD	True	11	59620206	61870732	-0.0002600201408	2.4277467720154066e-06	0.0062177629514779	rs652354	5.46343879485357e-08	0.000333412845572369	LEVEL_C_ATLAS_FDR	0.0176518	-0.0643	NEGATIVE_EFFECT_PRODUCT	DIRECTION_CONCORDANT	CONDITIONAL	FINNISH_LD_SENSITIVITY_REQUIRED
TIER 2	CAT-AD	True	11	59620206	61870732	-0.0002600201408	2.4277467720154066e-06	0.0062177629514779	rs920573	2.40906952084484e-08	0.00017465097921978226	LEVEL_B_PAIRWISE_GWAS	0.0173526	-0.0697	NEGATIVE_EFFECT_PRODUCT	DIRECTION_CONCORDANT	CONDITIONAL	FINNISH_LD_SENSITIVITY_REQUIRED
TIER 2	CAT-AD	True	11	59620206	61870732	-0.0002600201408	2.4277467720154066e-06	0.0062177629514779	rs107903	5.55143620590333e-08	0.00033783268924037483	LEVEL_C_ATLAS_FDR	0.0176602	-0.0642	NEGATIVE_EFFECT_PRODUCT	DIRECTION_CONCORDANT	CONDITIONAL	FINNISH_LD_SENSITIVITY_REQUIRED
TIER 2	CAT-AD	True	11	59620206	61870732	-0.0002600201408	2.4277467720154066e-06	0.0062177629514779	rs17529983	1.96424288909769e-08	0.00014665993124654921	LEVEL_B_PAIRWISE_GWAS	0.0174119	-0.0703	NEGATIVE_EFFECT_PRODUCT	DIRECTION_CONCORDANT	CONDITIONAL	FINNISH_LD_SENSITIVITY_REQUIRED
TIER 2	CAT-AD	True	11	59620206	61870732	-0.0002600201408	2.4277467720154066e-06	0.0062177629514779	rs664034	7.81557706885551e-08	0.0004445951086179671	LEVEL_C_ATLAS_FDR	0.0167718	-0.0638	NEGATIVE_EFFECT_PRODUCT	DIRECTION_CONCORDANT	CONDITIONAL	FINNISH_LD_SENSITIVITY_REQUIRED
TIER 2	CAT-AD	True	11	59620206	61870732	-0.0002600201408	2.4277467720154066e-06	0.0062177629514779	rs56189574	1.02361873617209e-08	8.346615548487148e-05	LEVEL_B_PAIRWISE_GWAS	0.0172967	-0.0709	NEGATIVE_EFFECT_PRODUCT	DIRECTION_CONCORDANT	CONDITIONAL	FINNISH_LD_SENSITIVITY_REQUIRED
TIER 2	CAT-AD	True	11	59620206	61870732	-0.0002600201408	2.4277467720154066e-06	0.0062177629514779	rs617135	4.39351643205162e-08	0.0002805470922446677	LEVEL_B_PAIRWISE_GWAS	0.0174815	-0.0643	NEGATIVE_EFFECT_PRODUCT	DIRECTION_CONCORDANT	CONDITIONAL	FINNISH_LD_SENSITIVITY_REQUIRED
TIER 2	CAT-AD	True	11	59620206	61870732	-0.0002600201408	2.4277467720154066e-06	0.0062177629514779	rs667897	4.31242405053166e-08	0.000276745336781556	LEVEL_B_PAIRWISE_GWAS	0.0174752	-0.0644	NEGATIVE_EFFECT_PRODUCT	DIRECTION_CONCORDANT	CONDITIONAL	FINNISH_LD_SENSITIVITY_REQUIRED
TIER 2	CAT-AD	True	11	59620206	61870732	-0.0002600201408	2.4277467720154066e-06	0.0062177629514779	rs610932	9.22569191202048e-10	1.110785338327137e-05	LEVEL_A_ATLAS_STRINGENT	-0.0203213	0.0709	NEGATIVE_EFFECT_PRODUCT	DIRECTION_CONCORDANT	CONDITIONAL	FINNISH_LD_SENSITIVITY_REQUIRED
TIER 2	CAT-AD	True	11	59620206	61870732	-0.0002600201408	2.4277467720154066e-06	0.0062177629514779	rs634475	2.72731996629808e-09	2.8183954023479964e-05	LEVEL_A_ATLAS_STRINGENT	-0.0194257	0.0702	NEGATIVE_EFFECT_PRODUCT	DIRECTION_CONCORDANT	CONDITIONAL	FINNISH_LD_SENSITIVITY_REQUIRED
TIER 2	CAT-AD	True	11	59620206	61870732	-0.0002600201408	2.4277467720154066e-06	0.0062177629514779	rs662196	2.94443344015346e-09	3.0047904083998518e-05	LEVEL_B_PAIRWISE_GWAS	-0.0194299	0.0699	NEGATIVE_EFFECT_PRODUCT	DIRECTION_CONCORDANT	CONDITIONAL	FINNISH_LD_SENSITIVITY_REQUIRED
TIER 2	CAT-AD	True	11	59620206	61870732	-0.0002600201408	2.4277467720154066e-06	0.0062177629514779	rs631853	3.22132470074094e-09	3.240151948113894e-05	LEVEL_B_PAIRWISE_GWAS	-0.0194215	0.0696	NEGATIVE_EFFECT_PRODUCT	DIRECTION_CONCORDANT	CONDITIONAL	FINNISH_LD_SENSITIVITY_REQUIRED
TIER 2	CAT-AD	True	11	59620206	61870732	-0.0002600201408	2.4277467720154066e-06	0.0062177629514779	rs624663	3.37308725183993e-09	3.3664628886527626e-05	LEVEL_B_PAIRWISE_GWAS	-0.0194625	0.0693	NEGATIVE_EFFECT_PRODUCT	DIRECTION_CONCORDANT	CONDITIONAL	FINNISH_LD_SENSITIVITY_REQUIRED
TIER 2	CAT-AD	True	11	59620206	61870732	-0.0002600201408	2.4277467720154066e-06	0.0062177629514779	rs583791	5.70463753352622e-09	5.174226387613064e-05	LEVEL_B_PAIRWISE_GWAS	-0.0190839	0.0687	NEGATIVE_EFFECT_PRODUCT	DIRECTION_CONCORDANT	CONDITIONAL	FINNISH_LD_SENSITIVITY_REQUIRED
TIER 2	CAT-AD	True	11	59620206	61870732	-0.0002600201408	2.4277467720154066e-06	0.0062177629514779	rs632185	4.81022498363786e-09	4.5090755420913415e-05	LEVEL_B_PAIRWISE_GWAS	-0.0189335	0.0699	NEGATIVE_EFFECT_PRODUCT	DIRECTION_CONCORDANT	CONDITIONAL	FINNISH_LD_SENSITIVITY_REQUIRED
TIER 2	CAT-AD	True	11	59620206	61870732	-0.0002600201408	2.4277467720154066e-06	0.0062177629514779	rs636147	1.41820198452391e-08	0.00011020121871641324	LEVEL_B_PAIRWISE_GWAS	-0.0185157	0.0678	NEGATIVE_EFFECT_PRODUCT	DIRECTION_CONCORDANT	CONDITIONAL	FINNISH_LD_SENSITIVITY_REQUIRED
TIER 2	CAT-AD	True	11	59620206	61870732	-0.0002600201408	2.4277467720154066e-06	0.0062177629514779	rs652303	8.17110285468829e-07	0.0030577063203608462	LEVEL_C_ATLAS_FDR	-0.0156397	0.0583	NEGATIVE_EFFECT_PRODUCT	DIRECTION_CONCORDANT	CONDITIONAL	FINNISH_LD_SENSITIVITY_REQUIRED
TIER 2	CAT-AD	True	11	59620206	61870732	-0.0002600201408	2.4277467720154066e-06	0.0062177629514779	rs666555	9.5423284071817e-07	0.003469107695876156	LEVEL_C_ATLAS_FDR	-0.0151732	0.0598	NEGATIVE_EFFECT_PRODUCT	DIRECTION_CONCORDANT	CONDITIONAL	FINNISH_LD_SENSITIVITY_REQUIRED
TIER 2	CAT-AD	True	11	59620206	61870732	-0.0002600201408	2.4277467720154066e-06	0.0062177629514779	rs670139	7.00632287504872e-07	0.0027043405950910393	LEVEL_C_ATLAS_FDR	-0.0157362	0.0586	NEGATIVE_EFFECT_PRODUCT	DIRECTION_CONCORDANT	CONDITIONAL	FINNISH_LD_SENSITIVITY_REQUIRED
TIER 2	CAT-AD	True	11	59620206	61870732	-0.0002600201408	2.4277467720154066e-06	0.0062177629514779	rs599862	7.50217102409531e-07	0.0028601107076156517	LEVEL_C_ATLAS_FDR	-0.0156029	0.0588	NEGATIVE_EFFECT_PRODUCT	DIRECTION_CONCORDANT	CONDITIONAL	FINNISH_LD_SENSITIVITY_REQUIRED
TIER 2	CAT-AD	True	11	59620206	61870732	-0.0002600201408	2.4277467720154066e-06	0.0062177629514779	rs588084	7.50591177654779e-07	0.002860908397829656	LEVEL_C_ATLAS_FDR	-0.0156023	0.0588	NEGATIVE_EFFECT_PRODUCT	DIRECTION_CONCORDANT	CONDITIONAL	FINNISH_LD_SENSITIVITY_REQUIRED
TIER 2	CAT-AD	True	11	59620206	61870732	-0.0002600201408	2.4277467720154066e-06	0.0062177629514779	rs668287	7.48499565574537e-07	0.002855758339893976	LEVEL_C_ATLAS_FDR	-0.0156055	0.0588	NEGATIVE_EFFECT_PRODUCT	DIRECTION_CONCORDANT	CONDITIONAL	FINNISH_LD_SENSITIVITY_REQUIRED
TIER 2	CAT-AD	True	11	59620206	61870732	-0.0002600201408	2.4277467720154066e-06	0.0062177629514779	rs673141	7.28155869173156e-07	0.0027966056379945	LEVEL_C_ATLAS_FDR	-0.0156109	0.0589	NEGATIVE_EFFECT_PRODUCT	DIRECTION_CONCORDANT	CONDITIONAL	FINNISH_LD_SENSITIVITY_REQUIRED
TIER 2	CAT-AD	True	11	59620206	61870732	-0.0002600201408	2.4277467720154066e-06	0.0062177629514779	rs604085	7.6702909753898e-07	0.002907725908611664	LEVEL_C_ATLAS_FDR	-0.0156299	0.0586	NEGATIVE_EFFECT_PRODUCT	DIRECTION_CONCORDANT	CONDITIONAL	FINNISH_LD_SENSITIVITY_REQUIRED
TIER 2	CAT-AD	True	11	59620206	61870732	-0.0002600201408	2.4277467720154066e-06	0.0062177629514779	rs1285231	7.30927955873208e-07	0.002805678314958776	LEVEL_C_ATLAS_FDR	-0.0156327	0.0588	NEGATIVE_EFFECT_PRODUCT	DIRECTION_CONCORDANT	CONDITIONAL	FINNISH_LD_SENSITIVITY_REQUIRED
TIER 2	CAT-AD	True	11	59620206	61870732	-0.0002600201408	2.4277467720154066e-06	0.0062177629514779	rs1151119	7.47848637964524e-07	0.002853902218012161	LEVEL_C_ATLAS_FDR	-0.0156327	0.0587	NEGATIVE_EFFECT_PRODUCT	DIRECTION_CONCORDANT	CONDITIONAL	FINNISH_LD_SENSITIVITY_REQUIRED
TIER 2	CAT-AD	True	11	59620206	61870732	-0.0002600201408	2.4277467720154066e-06	0.0062177629514779	rs626011	1.02302059926008e-06	0.003666953742591256	LEVEL_C_ATLAS_FDR	-0.0156361	0.0587	NEGATIVE_EFFECT_PRODUCT	DIRECTION_CONCORDANT	CONDITIONAL	FINNISH_LD_SENSITIVITY_REQUIRED
TIER 2	CAT-AD	True	11	59620206	61870732	-0.0002600201408	2.4277467720154066e-06	0.0062177629514779	rs603568	7.46449533646929e-07	0.002849528983943536	LEVEL_C_ATLAS_FDR	-0.0156349	0.0587	NEGATIVE_EFFECT_PRODUCT	DIRECTION_CONCORDANT	CONDITIONAL	FINNISH_LD_SENSITIVITY_REQUIRED
TIER 2	CAT-AD	True	11	59620206	61870732	-0.0002600201408	2.4277467720154066e-06	0.0062177629514779	rs670854	7.56003855817687e-07	0.0028778392736231472	LEVEL_C_ATLAS_FDR	-0.0156201	0.0587	NEGATIVE_EFFECT_PRODUCT	DIRECTION_CONCORDANT	CONDITIONAL	FINNISH_LD_SENSITIVITY_REQUIRED
TIER 2	CAT-AD	True	11	59620206	61870732	-0.0002600201408	2.4277467720154066e-06	0.0062177629514779	rs688460	7.25737425461674e-07	0.002788529653359341	LEVEL_C_ATLAS_FDR	-0.015641	0.0588	NEGATIVE_EFFECT_PRODUCT	DIRECTION_CONCORDANT	CONDITIONAL	FINNISH_LD_SENSITIVITY_REQUIRED
TIER 2	CAT-AD	True	11	59620206	61870732	-0.0002600201408	2.4277467720154066e-06	0.0062177629514779	rs584469	6.61562024116701e-07	0.0025760636752538884	LEVEL_C_ATLAS_FDR	-0.0157274	0.0589	NEGATIVE_EFFECT_PRODUCT	DIRECTION_CONCORDANT	CONDITIONAL	FINNISH_LD_SENSITIVITY_REQUIRED
TIER 2	CAT-AD	True	11	59620206	61870732	-0.0002600201408	2.4277467720154066e-06	0.0062177629514779	rs657928	6.12083567541931e-07	0.002417942269615452	LEVEL_C_ATLAS_FDR	-0.0157383	0.0592	NEGATIVE_EFFECT_PRODUCT	DIRECTION_CONCORDANT	CONDITIONAL	FINNISH_LD_SENSITIVITY_REQUIRED
TIER 2	CAT-AD	True	11	59620206	61870732	-0.0002600201408	2.4277467720154066e-06	0.0062177629514779	rs612738	6.42711719776309e-07	0.0025131929517305876	LEVEL_C_ATLAS_FDR	-0.0157063	0.0591	NEGATIVE_EFFECT_PRODUCT	DIRECTION_CONCORDANT	CONDITIONAL	FINNISH_LD_SENSITIVITY_REQUIRED
TIER 2	CAT-AD	True	11	59620206	61870732	-0.0002600201408	2.4277467720154066e-06	0.0062177629514779	rs11826180	1.1275408474164e-08	9.061294836900952e-05	LEVEL_B_PAIRWISE_GWAS	0.0177826	-0.075	NEGATIVE_EFFECT_PRODUCT	DIRECTION_CONCORDANT	CONDITIONAL	FINNISH_LD_SENSITIVITY_REQUIRED
TIER 2	CAT-AD	True	11	59620206	61870732	-0.0002600201408	2.4277467720154066e-06	0.0062177629514779	rs620612	6.8865359826001e-07	0.0026634355824075315	LEVEL_C_ATLAS_FDR	-0.0157062	0.0588	NEGATIVE_EFFECT_PRODUCT	DIRECTION_CONCORDANT	CONDITIONAL	FINNISH_LD_SENSITIVITY_REQUIRED
TIER 2	CAT-AD	True	11	59620206	61870732	-0.0002600201408	2.4277467720154066e-06	0.0062177629514779	rs673996	6.61829285641735e-07	0.0025766281928099	LEVEL_C_ATLAS_FDR	-0.0157263	0.0589	NEGATIVE_EFFECT_PRODUCT	DIRECTION_CONCORDANT	CONDITIONAL	FINNISH_LD_SENSITIVITY_REQUIRED
TIER 2	CAT-AD	True	11	59620206	61870732	-0.0002600201408	2.4277467720154066e-06	0.0062177629514779	rs600550	7.32189923229162e-07	0.0028092797644958564	LEVEL_C_ATLAS_FDR	-0.0156616	0.0587	NEGATIVE_EFFECT_PRODUCT	DIRECTION_CONCORDANT	CONDITIONAL	FINNISH_LD_SENSITIVITY_REQUIRED
TIER 2	CAT-AD	True	11	59620206	61870732	-0.0002600201408	2.4277467720154066e-06	0.0062177629514779	rs676309	8.25680658285709e-07	0.0030841252559446262	LEVEL_C_ATLAS_FDR	-0.0154488	0.059	NEGATIVE_EFFECT_PRODUCT	DIRECTION_CONCORDANT	CONDITIONAL	FINNISH_LD_SENSITIVITY_REQUIRED
TIER 2	CAT-AD	True	11	59620206	61870732	-0.0002600201408	2.4277467720154066e-06	0.0062177629514779	rs678384	6.64672335077141e-07	0.0025862463888362127	LEVEL_C_ATLAS_FDR	-0.0156976	0.059	NEGATIVE_EFFECT_PRODUCT	DIRECTION_CONCORDANT	CONDITIONAL	FINNISH_LD_SENSITIVITY_REQUIRED
TIER 2	CAT-AD	True	11	59620206	61870732	-0.0002600201408	2.4277467720154066e-06	0.0062177629514779	rs621965	6.82455822641273e-07	0.0026432938014900455	LEVEL_C_ATLAS_FDR	-0.0157174	0.0588	NEGATIVE_EFFECT_PRODUCT	DIRECTION_CONCORDANT	CONDITIONAL	FINNISH_LD_SENSITIVITY_REQUIRED
TIER 2	CAT-AD	True	11	59620206	61870732	-0.0002600201408	2.4277467720154066e-06	0.0062177629514779	rs633463	6.81717512210413e-07	0.0026416131995673302	LEVEL_C_ATLAS_FDR	-0.0157187	0.0588	NEGATIVE_EFFECT_PRODUCT	DIRECTION_CONCORDANT	CONDITIONAL	FINNISH_LD_SENSITIVITY_REQUIRED
TIER 2	CAT-AD	True	11	59620206	61870732	-0.0002600201408	2.4277467720154066e-06	0.0062177629514779	rs611267	5.32822774107104e-08	0.0003265392329922752	LEVEL_C_ATLAS_FDR	-0.0174905	0.0658	NEGATIVE_EFFECT_PRODUCT	DIRECTION_CONCORDANT	CONDITIONAL	FINNISH_LD_SENSITIVITY_REQUIRED
TIER 2	CAT-AD	True	11	59620206	61870732	-0.0002600201408	2.4277467720154066e-06	0.0062177629514779	rs650943	5.18947312825365e-07	0.0021090670135594162	LEVEL_C_ATLAS_FDR	-0.0158221	0.0596	NEGATIVE_EFFECT_PRODUCT	DIRECTION_CONCORDANT	CONDITIONAL	FINNISH_LD_SENSITIVITY_REQUIRED
TIER 2	CAT-AD	True	11	59620206	61870732	-0.0002600201408	2.4277467720154066e-06	0.0062177629514779	rs627081	1.27805759633432e-06	0.004405516063003737	LEVEL_C_ATLAS_FDR	-0.0147222	0.06	NEGATIVE_EFFECT_PRODUCT	DIRECTION_CONCORDANT	CONDITIONAL	FINNISH_LD_SENSITIVITY_REQUIRED
TIER 2	CAT-AD	True	11	59620206	61870732	-0.0002600201408	2.4277467720154066e-06	0.0062177629514779	rs592894	1.26577604891719e-06	0.004369690046155608	LEVEL_C_ATLAS_FDR	-0.0147587	0.0599	NEGATIVE_EFFECT_PRODUCT	DIRECTION_CONCORDANT	CONDITIONAL	FINNISH_LD_SENSITIVITY_REQUIRED
TIER 2	CAT-AD	True	11	59620206	61870732	-0.0002600201408	2.4277467720154066e-06	0.0062177629514779	rs2433239	2.43029116264644e-05	0.03723111803993303	LEVEL_C_ATLAS_FDR	-0.0119289	0.0587	NEGATIVE_EFFECT_PRODUCT	DIRECTION_CONCORDANT	CONDITIONAL	FINNISH_LD_SENSITIVITY_REQUIRED
TIER 2	CAT-AD	True	11	59620206	61870732	-0.0002600201408	2.4277467720154066e-06	0.0062177629514779	rs1365247	3.35871312292216e-06	0.009248503004449043	LEVEL_C_ATLAS_FDR	-0.0141236	0.0579	NEGATIVE_EFFECT_PRODUCT	DIRECTION_CONCORDANT	CONDITIONAL	FINNISH_LD_SENSITIVITY_REQUIRED
TIER 2	CAT-AD	True	11	59620206	61870732	-0.0002600201408	2.4277467720154066e-06	0.0062177629514779	rs1530915	2.83729163290312e-06	0.008191566549503178	LEVEL_C_ATLAS_FDR	-0.0143467	0.0578	NEGATIVE_EFFECT_PRODUCT	DIRECTION_CONCORDANT	CONDITIONAL	FINNISH_LD_SENSITIVITY_REQUIRED
TIER 2	CAT-AD	True	11	59620206	61870732	-0.0002600201408	2.4277467720154066e-06	0.0062177629514779	rs2044982	3.23602337073512e-06	0.0089991875896373	LEVEL_C_ATLAS_FDR	-0.0155819	0.0531	NEGATIVE_EFFECT_PRODUCT	DIRECTION_CONCORDANT	CONDITIONAL	FINNISH_LD_SENSITIVITY_REQUIRED
TIER 2	CAT-AD	True	11	59620206	61870732	-0.0002600201408	2.4277467720154066e-06	0.0062177629514779	rs1426248	2.63554103568675e-05	0.03936323704930236	LEVEL_C_ATLAS_FDR	0.024651	-0.0465	NEGATIVE_EFFECT_PRODUCT	DIRECTION_CONCORDANT	CONDITIONAL	FINNISH_LD_SENSITIVITY_REQUIRED
TIER 2	CAT-AD	True	11	59620206	61870732	-0.0002600201408	2.4277467720154066e-06	0.0062177629514779	rs4939330	1.45481865897526e-05	0.026039923181290617	LEVEL_C_ATLAS_FDR	0.0257545	-0.0479	NEGATIVE_EFFECT_PRODUCT	DIRECTION_CONCORDANT	CONDITIONAL	FINNISH_LD_SENSITIVITY_REQUIRED
TIER 2	CAT-AD	True	11	59620206	61870732	-0.0002600201408	2.4277467720154066e-06	0.0062177629514779	rs10897024	3.8445224881803e-06	0.010193668072085792	LEVEL_C_ATLAS_FDR	-0.0153154	0.0532	NEGATIVE_EFFECT_PRODUCT	DIRECTION_CONCORDANT	CONDITIONAL	FINNISH_LD_SENSITIVITY_REQUIRED
TIER 2	CAT-AD	True	11	59620206	61870732	-0.0002600201408	2.4277467720154066e-06	0.0062177629514779	rs2044981	2.11777320827817e-06	0.006600655455032461	LEVEL_C_ATLAS_FDR	-0.0161289	0.053	NEGATIVE_EFFECT_PRODUCT	DIRECTION_CONCORDANT	CONDITIONAL	FINNISH_LD_SENSITIVITY_REQUIRED
TIER 2	CAT-AD	True	11	59620206	61870732	-0.0002600201408	2.4277467720154066e-06	0.0062177629514779	rs11230235	1.26797832151999e-06	0.00437598707806643	LEVEL_C_ATLAS_FDR	-0.0166722	0.0534	NEGATIVE_EFFECT_PRODUCT	DIRECTION_CONCORDANT	CONDITIONAL	FINNISH_LD_SENSITIVITY_REQUIRED
TIER 2	CAT-AD	True	11	59620206	61870732	-0.0002600201408	2.4277467720154066e-06	0.0062177629514779	rs55777218	2.64351180597882e-06	0.007790201051154409	LEVEL_C_ATLAS_FDR	0.0127069	-0.074	NEGATIVE_EFFECT_PRODUCT	DIRECTION_CONCORDANT	CONDITIONAL	FINNISH_LD_SENSITIVITY_REQUIRED
TIER 2	CAT-AD	True	11	59620206	61870732	-0.0002600201408	2.4277467720154066e-06	0.0062177629514779	rs11824734	3.15687456696552e-06	0.008844828538510202	LEVEL_C_ATLAS_FDR	0.0124721	-0.0744	NEGATIVE_EFFECT_PRODUCT	DIRECTION_CONCORDANT	CONDITIONAL	FINNISH_LD_SENSITIVITY_REQUIRED
TIER 2	CAT-AD	True	11	59620206	61870732	-0.0002600201408	2.4277467720154066e-06	0.0062177629514779	rs10792263	2.53359269852717e-06	0.007550248930210747	LEVEL_C_ATLAS_FDR	-0.0131913	0.0735	NEGATIVE_EFFECT_PRODUCT	DIRECTION_CONCORDANT	CONDITIONAL	FINNISH_LD_SENSITIVITY_REQUIRED
TIER 2	CAT-AD	True	11	59620206	61870732	-0.0002600201408	2.4277467720154066e-06	0.0062177629514779	rs72924626	4.2306091475787e-06	0.010923099541879252	LEVEL_C_ATLAS_FDR	0.0124129	-0.0758	NEGATIVE_EFFECT_PRODUCT	DIRECTION_CONCORDANT	CONDITIONAL	FINNISH_LD_SENSITIVITY_REQUIRED
TIER 2	CAT-AD	True	11	59620206	61870732	-0.0002600201408	2.4277467720154066e-06	0.0062177629514779	rs4939338	3.81892741974211e-06	0.01014474995332919	LEVEL_C_ATLAS_FDR	-0.0126385	0.0742	NEGATIVE_EFFECT_PRODUCT	DIRECTION_CONCORDANT	CONDITIONAL	FINNISH_LD_SENSITIVITY_REQUIRED
TIER 2	CAT-AD	True	11	59620206	61870732	-0.0002600201408	2.4277467720154066e-06	0.0062177629514779	rs11827324	3.37268219522652e-06	0.009270981192385074	LEVEL_C_ATLAS_FDR	0.0129188	-0.0742	NEGATIVE_EFFECT_PRODUCT	DIRECTION_CONCORDANT	CONDITIONAL	FINNISH_LD_SENSITIVITY_REQUIRED
TIER 2	CAT-AD	True	11	59620206	61870732	-0.0002600201408	2.4277467720154066e-06	0.0062177629514779	rs72924659	2.8936819257312e-06	0.008309054901220978	LEVEL_C_ATLAS_FDR	0.0155957	-0.0697	NEGATIVE_EFFECT_PRODUCT	DIRECTION_CONCORDANT	CONDITIONAL	FINNISH_LD_SENSITIVITY_REQUIRED
TIER 2	CAT-AD	True	11	59620206	61870732	-0.0002600201408	2.4277467720154066e-06	0.0062177629514779	rs11230166	1.76503047436622e-07	0.0008673159860834658	LEVEL_C_ATLAS_FDR	0.0173955	-0.0783	NEGATIVE_EFFECT_PRODUCT	DIRECTION_CONCORDANT	CONDITIONAL	FINNISH_LD_SENSITIVITY_REQUIRED
TIER 2	CAT-AD	True	11	59620206	61870732	-0.0002600201408	2.4277467720154066e-06	0.0062177629514779	rs11230167	1.23129914863225e-07	0.0006489596376006905	LEVEL_C_ATLAS_FDR	0.0177823	-0.0785	NEGATIVE_EFFECT_PRODUCT	DIRECTION_CONCORDANT	CONDITIONAL	FINNISH_LD_SENSITIVITY_REQUIRED
TIER 2	CAT-CAD	False	1	175385076	176416712	0.000104141607862	4.835552212060869e-06	0.0110084032525461	rs12404596	2.31117218700858e-05	0.035991344261595774	LEVEL_C_ATLAS_FDR	-0.0249198	-0.01874152	POSITIVE_EFFECT_PRODUCT	DIRECTION_CONCORDANT	CONDITIONAL	FINNISH_LD_SENSITIVITY_REQUIRED
TIER 2	CAT-CAD	False	1	175385076	176416712	0.000104141607862	4.835552212060869e-06	0.0110084032525461	rs6678812	2.1303414021796e-05	0.03404436403879748	LEVEL_C_ATLAS_FDR	-0.0255778	-0.01840348	POSITIVE_EFFECT_PRODUCT	DIRECTION_CONCORDANT	CONDITIONAL	FINNISH_LD_SENSITIVITY_REQUIRED
TIER 2	CAT-CAD	False	1	175385076	176416712	0.000104141607862	4.835552212060869e-06	0.0110084032525461	rs17354120	2.08966149654674e-05	0.03358134009770161	LEVEL_C_ATLAS_FDR	-0.0253784	-0.0186193	POSITIVE_EFFECT_PRODUCT	DIRECTION_CONCORDANT	CONDITIONAL	FINNISH_LD_SENSITIVITY_REQUIRED
TIER 2	CAT-CAD	False	1	175385076	176416712	0.000104141607862	4.835552212060869e-06	0.0110084032525461	rs7517503	1.71870138787778e-05	0.029296326895890585	LEVEL_C_ATLAS_FDR	-0.0256902	-0.01871017	POSITIVE_EFFECT_PRODUCT	DIRECTION_CONCORDANT	CONDITIONAL	FINNISH_LD_SENSITIVITY_REQUIRED
TIER 2	CAT-CAD	False	1	175385076	176416712	0.000104141607862	4.835552212060869e-06	0.0110084032525461	rs2175177	7.91821015379028e-06	0.016973661688537114	LEVEL_C_ATLAS_FDR	-0.024533	-0.02186112	POSITIVE_EFFECT_PRODUCT	DIRECTION_CONCORDANT	CONDITIONAL	FINNISH_LD_SENSITIVITY_REQUIRED
TIER 2	CAT-CAD	False	1	175385076	176416712	0.000104141607862	4.835552212060869e-06	0.0110084032525461	rs7340050	1.99284555529966e-05	0.03250554442484516	LEVEL_C_ATLAS_FDR	0.0216288	0.02204256	POSITIVE_EFFECT_PRODUCT	DIRECTION_CONCORDANT	CONDITIONAL	FINNISH_LD_SENSITIVITY_REQUIRED
TIER 2	CAT-CAD	False	1	175385076	176416712	0.000104141607862	4.835552212060869e-06	0.0110084032525461	rs352314	1.5022349314713e-06	0.005036229694979003	LEVEL_C_ATLAS_FDR	0.0287452	0.02006947	POSITIVE_EFFECT_PRODUCT	DIRECTION_CONCORDANT	CONDITIONAL	FINNISH_LD_SENSITIVITY_REQUIRED
TIER 2	CAT-CAD	False	1	175385076	176416712	0.000104141607862	4.835552212060869e-06	0.0110084032525461	rs352330	2.09675144782544e-06	0.0065516067012761315	LEVEL_C_ATLAS_FDR	0.0285568	0.01967317	POSITIVE_EFFECT_PRODUCT	DIRECTION_CONCORDANT	CONDITIONAL	FINNISH_LD_SENSITIVITY_REQUIRED
TIER 2	CAT-CAD	False	1	175385076	176416712	0.000104141607862	4.835552212060869e-06	0.0110084032525461	rs352302	1.65908580607977e-05	0.028530786848729537	LEVEL_C_ATLAS_FDR	0.0216754	0.0225646	POSITIVE_EFFECT_PRODUCT	DIRECTION_CONCORDANT	CONDITIONAL	FINNISH_LD_SENSITIVITY_REQUIRED
TIER 2	CAT-CAD	False	1	175385076	176416712	0.000104141607862	4.835552212060869e-06	0.0110084032525461	rs4652161	1.25873482333253e-05	0.023538853858491804	LEVEL_C_ATLAS_FDR	-0.0261407	-0.01891073	POSITIVE_EFFECT_PRODUCT	DIRECTION_CONCORDANT	CONDITIONAL	FINNISH_LD_SENSITIVITY_REQUIRED
TIER 2	CAT-CAD	False	1	175385076	176416712	0.000104141607862	4.835552212060869e-06	0.0110084032525461	rs352306	2.04457178202771e-06	0.006422093398599595	LEVEL_C_ATLAS_FDR	0.0285853	0.01984779	POSITIVE_EFFECT_PRODUCT	DIRECTION_CONCORDANT	CONDITIONAL	FINNISH_LD_SENSITIVITY_REQUIRED
TIER 2	CAT-CAD	False	1	175385076	176416712	0.000104141607862	4.835552212060869e-06	0.0110084032525461	rs10798450	1.58140832114613e-05	0.027622082672719185	LEVEL_C_ATLAS_FDR	0.0216672	0.02268335	POSITIVE_EFFECT_PRODUCT	DIRECTION_CONCORDANT	CONDITIONAL	FINNISH_LD_SENSITIVITY_REQUIRED
TIER 2	CAT-CAD	False	1	175385076	176416712	0.000104141607862	4.835552212060869e-06	0.0110084032525461	rs2455750	3.63394512286937e-05	0.04893715021171796	LEVEL_C_ATLAS_FDR	0.0216764	0.02021135	POSITIVE_EFFECT_PRODUCT	DIRECTION_CONCORDANT	CONDITIONAL	FINNISH_LD_SENSITIVITY_REQUIRED
TIER 2	CAT-CAD	False	1	175385076	176416712	0.000104141607862	4.835552212060869e-06	0.0110084032525461	rs2455738	1.13986833147439e-05	0.02191336010310493	LEVEL_C_ATLAS_FDR	0.0218108	0.02328395	POSITIVE_EFFECT_PRODUCT	DIRECTION_CONCORDANT	CONDITIONAL	FINNISH_LD_SENSITIVITY_REQUIRED
TIER 2	CAT-CAD	False	1	175385076	176416712	0.000104141607862	4.835552212060869e-06	0.0110084032525461	rs2455735	3.09334766284466e-05	0.043910908148273975	LEVEL_C_ATLAS_FDR	0.0217824	0.02046236	POSITIVE_EFFECT_PRODUCT	DIRECTION_CONCORDANT	CONDITIONAL	FINNISH_LD_SENSITIVITY_REQUIRED
TIER 2	CAT-CAD	False	1	175385076	176416712	0.000104141607862	4.835552212060869e-06	0.0110084032525461	rs2455729	3.00383834953877e-05	0.04303096183497649	LEVEL_C_ATLAS_FDR	0.0218843	0.02042788	POSITIVE_EFFECT_PRODUCT	DIRECTION_CONCORDANT	CONDITIONAL	FINNISH_LD_SENSITIVITY_REQUIRED
TIER 2	CAT-CAD	False	1	175385076	176416712	0.000104141607862	4.835552212060869e-06	0.0110084032525461	rs2455727	2.96549331783611e-05	0.04265808821764313	LEVEL_C_ATLAS_FDR	0.0219355	0.02040835	POSITIVE_EFFECT_PRODUCT	DIRECTION_CONCORDANT	CONDITIONAL	FINNISH_LD_SENSITIVITY_REQUIRED
TIER 2	CAT-CAD	False	1	175385076	176416712	0.000104141607862	4.835552212060869e-06	0.0110084032525461	rs6659580	3.71303429614773e-05	0.04969758530325209	LEVEL_C_ATLAS_FDR	0.0221297	0.01984027	POSITIVE_EFFECT_PRODUCT	DIRECTION_CONCORDANT	CONDITIONAL	FINNISH_LD_SENSITIVITY_REQUIRED
TIER 2	CAT-CAD	False	1	175385076	176416712	0.000104141607862	4.835552212060869e-06	0.0110084032525461	rs1354286	1.91980448070851e-06	0.0061131703067417355	LEVEL_C_ATLAS_FDR	0.02899	0.01975782	POSITIVE_EFFECT_PRODUCT	DIRECTION_CONCORDANT	CONDITIONAL	FINNISH_LD_SENSITIVITY_REQUIRED
TIER 2	CAT-CAD	False	1	175385076	176416712	0.000104141607862	4.835552212060869e-06	0.0110084032525461	rs2504490	1.82642371419829e-06	0.00587401693082942	LEVEL_C_ATLAS_FDR	0.0292389	0.01965352	POSITIVE_EFFECT_PRODUCT	DIRECTION_CONCORDANT	CONDITIONAL	FINNISH_LD_SENSITIVITY_REQUIRED
TIER 2	CAT-CAD	False	1	175385076	176416712	0.000104141607862	4.835552212060869e-06	0.0110084032525461	rs1503124	1.57743150110253e-05	0.027567879733709943	LEVEL_C_ATLAS_FDR	0.0250037	0.01913052	POSITIVE_EFFECT_PRODUCT	DIRECTION_CONCORDANT	CONDITIONAL	FINNISH_LD_SENSITIVITY_REQUIRED
TIER 2	CAT-CAD	False	1	175385076	176416712	0.000104141607862	4.835552212060869e-06	0.0110084032525461	rs2504494	1.69837870317761e-05	0.02905489750223735	LEVEL_C_ATLAS_FDR	0.0249749	0.01902631	POSITIVE_EFFECT_PRODUCT	DIRECTION_CONCORDANT	CONDITIONAL	FINNISH_LD_SENSITIVITY_REQUIRED
TIER 2	CAT-CAD	False	1	175385076	176416712	0.000104141607862	4.835552212060869e-06	0.0110084032525461	rs2455748	1.53563250659485e-05	0.02704983697180474	LEVEL_C_ATLAS_FDR	0.0249551	0.01924111	POSITIVE_EFFECT_PRODUCT	DIRECTION_CONCORDANT	CONDITIONAL	FINNISH_LD_SENSITIVITY_REQUIRED
TIER 2	CAT-CAD	False	1	175385076	176416712	0.000104141607862	4.835552212060869e-06	0.0110084032525461	rs2938154	1.28888794265826e-06	0.004435800757844433	LEVEL_C_ATLAS_FDR	0.0312359	0.01898643	POSITIVE_EFFECT_PRODUCT	DIRECTION_CONCORDANT	CONDITIONAL	FINNISH_LD_SENSITIVITY_REQUIRED
TIER 2	CAT-CAD	False	1	175385076	176416712	0.000104141607862	4.835552212060869e-06	0.0110084032525461	rs2455723	1.29296355210404e-06	0.004444099193951441	LEVEL_C_ATLAS_FDR	0.0312372	0.01900952	POSITIVE_EFFECT_PRODUCT	DIRECTION_CONCORDANT	CONDITIONAL	FINNISH_LD_SENSITIVITY_REQUIRED
TIER 2	CAT-CAD	False	1	175385076	176416712	0.000104141607862	4.835552212060869e-06	0.0110084032525461	rs4652173	2.59670684889816e-05	0.03896092446080435	LEVEL_C_ATLAS_FDR	0.0314671	0.01462115	POSITIVE_EFFECT_PRODUCT	DIRECTION_CONCORDANT	CONDITIONAL	FINNISH_LD_SENSITIVITY_REQUIRED
TIER 2	CAT-CAD	False	1	175385076	176416712	0.000104141607862	4.835552212060869e-06	0.0110084032525461	rs4650943	5.41587667299589e-06	0.013060782306059246	LEVEL_C_ATLAS_FDR	0.0313905	0.01756829	POSITIVE_EFFECT_PRODUCT	DIRECTION_CONCORDANT	CONDITIONAL	FINNISH_LD_SENSITIVITY_REQUIRED
TIER 2	CAT-CAD	False	11	110702636	111981853	0.0001328932334462	7.305771740181531e-08	0.0004989598572819	rs10502145	5.08731851657513e-07	0.002075081713308189	LEVEL_C_ATLAS_FDR	-0.0332917	-0.01960138	POSITIVE_EFFECT_PRODUCT	DIRECTION_CONCORDANT	CONDITIONAL	FINNISH_LD_SENSITIVITY_REQUIRED
TIER 2	CAT-CAD	False	11	110702636	111981853	0.0001328932334462	7.305771740181531e-08	0.0004989598572819	rs736650	5.95531042144307e-06	0.013945822366239204	LEVEL_C_ATLAS_FDR	-0.0281555	-0.0198521	POSITIVE_EFFECT_PRODUCT	DIRECTION_CONCORDANT	CONDITIONAL	FINNISH_LD_SENSITIVITY_REQUIRED
TIER 2	CAT-CAD	False	11	110702636	111981853	0.0001328932334462	7.305771740181531e-08	0.0004989598572819	rs17113227	2.48929614793376e-05	0.03785825935026625	LEVEL_C_ATLAS_FDR	0.0297724	0.01886509	POSITIVE_EFFECT_PRODUCT	DIRECTION_CONCORDANT	CONDITIONAL	FINNISH_LD_SENSITIVITY_REQUIRED
TIER 2	CAT-CAD	False	11	110702636	111981853	0.0001328932334462	7.305771740181531e-08	0.0004989598572819	rs4936678	2.84176139699822e-05	0.04143244191748048	LEVEL_C_ATLAS_FDR	0.0307421	0.01938703	POSITIVE_EFFECT_PRODUCT	DIRECTION_CONCORDANT	CONDITIONAL	FINNISH_LD_SENSITIVITY_REQUIRED
TIER 2	CAT-CAD	False	11	110702636	111981853	0.0001328932334462	7.305771740181531e-08	0.0004989598572819	rs10891291	3.29511895578312e-06	0.009121145731816674	LEVEL_C_ATLAS_FDR	-0.0272361	-0.02094978	POSITIVE_EFFECT_PRODUCT	DIRECTION_CONCORDANT	CONDITIONAL	FINNISH_LD_SENSITIVITY_REQUIRED
TIER 2	CAT-CAD	False	11	110702636	111981853	0.0001328932334462	7.305771740181531e-08	0.0004989598572819	rs4936682	2.14748845308968e-05	0.0342033225175996	LEVEL_C_ATLAS_FDR	0.0300076	0.01898507	POSITIVE_EFFECT_PRODUCT	DIRECTION_CONCORDANT	CONDITIONAL	FINNISH_LD_SENSITIVITY_REQUIRED
TIER 2	CAT-CAD	False	11	110702636	111981853	0.0001328932334462	7.305771740181531e-08	0.0004989598572819	rs4935790	2.16290968387734e-05	0.03436424833149859	LEVEL_C_ATLAS_FDR	0.0300791	0.01892966	POSITIVE_EFFECT_PRODUCT	DIRECTION_CONCORDANT	CONDITIONAL	FINNISH_LD_SENSITIVITY_REQUIRED
TIER 2	CAT-CAD	False	11	110702636	111981853	0.0001328932334462	7.305771740181531e-08	0.0004989598572819	rs11601674	2.18064774375542e-05	0.03457609243756808	LEVEL_C_ATLAS_FDR	0.0301335	0.01887861	POSITIVE_EFFECT_PRODUCT	DIRECTION_CONCORDANT	CONDITIONAL	FINNISH_LD_SENSITIVITY_REQUIRED
TIER 2	CAT-CAD	False	11	110702636	111981853	0.0001328932334462	7.305771740181531e-08	0.0004989598572819	rs7106104	2.27375672127307e-05	0.03558179685441722	LEVEL_C_ATLAS_FDR	0.0300733	0.01883442	POSITIVE_EFFECT_PRODUCT	DIRECTION_CONCORDANT	CONDITIONAL	FINNISH_LD_SENSITIVITY_REQUIRED
TIER 2	CAT-CAD	False	11	110702636	111981853	0.0001328932334462	7.305771740181531e-08	0.0004989598572819	rs3829258	3.76231053536221e-06	0.010033511029585915	LEVEL_C_ATLAS_FDR	-0.0270059	-0.02089304	POSITIVE_EFFECT_PRODUCT	DIRECTION_CONCORDANT	CONDITIONAL	FINNISH_LD_SENSITIVITY_REQUIRED
TIER 2	CAT-CAD	False	11	110702636	111981853	0.0001328932334462	7.305771740181531e-08	0.0004989598572819	rs1529330	7.33616771763185e-06	0.016079341621519475	LEVEL_C_ATLAS_FDR	-0.0279394	-0.01956952	POSITIVE_EFFECT_PRODUCT	DIRECTION_CONCORDANT	CONDITIONAL	FINNISH_LD_SENSITIVITY_REQUIRED
TIER 2	CAT-CAD	False	11	110702636	111981853	0.0001328932334462	7.305771740181531e-08	0.0004989598572819	rs11214005	2.64542797333105e-05	0.0394548816706039	LEVEL_C_ATLAS_FDR	-0.0269793	-0.01807747	POSITIVE_EFFECT_PRODUCT	DIRECTION_CONCORDANT	CONDITIONAL	FINNISH_LD_SENSITIVITY_REQUIRED
TIER 2	CAT-CAD	False	11	110702636	111981853	0.0001328932334462	7.305771740181531e-08	0.0004989598572819	rs10502149	1.82586964939628e-05	0.03056325997273967	LEVEL_C_ATLAS_FDR	-0.0276788	-0.01831983	POSITIVE_EFFECT_PRODUCT	DIRECTION_CONCORDANT	CONDITIONAL	FINNISH_LD_SENSITIVITY_REQUIRED
TIER 2	CAT-CAD	False	11	110702636	111981853	0.0001328932334462	7.305771740181531e-08	0.0004989598572819	rs10502150	9.75522285219107e-06	0.019700973356848346	LEVEL_C_ATLAS_FDR	-0.0276281	-0.0199741	POSITIVE_EFFECT_PRODUCT	DIRECTION_CONCORDANT	CONDITIONAL	FINNISH_LD_SENSITIVITY_REQUIRED
TIER 2	CAT-CAD	False	11	110702636	111981853	0.0001328932334462	7.305771740181531e-08	0.0004989598572819	rs1648390	1.58703509974963e-05	0.027692494809148354	LEVEL_C_ATLAS_FDR	-0.0276822	-0.01833159	POSITIVE_EFFECT_PRODUCT	DIRECTION_CONCORDANT	CONDITIONAL	FINNISH_LD_SENSITIVITY_REQUIRED
TIER 2	CAT-CAD	False	11	110702636	111981853	0.0001328932334462	7.305771740181531e-08	0.0004989598572819	rs10502151	1.91821200246163e-05	0.03163003747707917	LEVEL_C_ATLAS_FDR	-0.0279507	-0.01796876	POSITIVE_EFFECT_PRODUCT	DIRECTION_CONCORDANT	CONDITIONAL	FINNISH_LD_SENSITIVITY_REQUIRED
TIER 2	CAT-CAD	False	11	110702636	111981853	0.0001328932334462	7.305771740181531e-08	0.0004989598572819	rs2007211	1.79935416892206e-05	0.030262432728308152	LEVEL_C_ATLAS_FDR	-0.0277096	-0.01817611	POSITIVE_EFFECT_PRODUCT	DIRECTION_CONCORDANT	CONDITIONAL	FINNISH_LD_SENSITIVITY_REQUIRED
TIER 2	CAT-CAD	False	11	110702636	111981853	0.0001328932334462	7.305771740181531e-08	0.0004989598572819	rs4252591	1.75208757712566e-05	0.029697811642209145	LEVEL_C_ATLAS_FDR	-0.02919	-0.01723428	POSITIVE_EFFECT_PRODUCT	DIRECTION_CONCORDANT	CONDITIONAL	FINNISH_LD_SENSITIVITY_REQUIRED
TIER 2	CAT-CAD	False	11	110702636	111981853	0.0001328932334462	7.305771740181531e-08	0.0004989598572819	rs12284944	2.00888512964229e-05	0.032681286869085974	LEVEL_C_ATLAS_FDR	-0.0294363	-0.016565	POSITIVE_EFFECT_PRODUCT	DIRECTION_CONCORDANT	CONDITIONAL	FINNISH_LD_SENSITIVITY_REQUIRED
TIER 2	CAT-CAD	False	11	110702636	111981853	0.0001328932334462	7.305771740181531e-08	0.0004989598572819	rs10502152	1.75076749772521e-05	0.029679678231938945	LEVEL_C_ATLAS_FDR	-0.0292932	-0.01709807	POSITIVE_EFFECT_PRODUCT	DIRECTION_CONCORDANT	CONDITIONAL	FINNISH_LD_SENSITIVITY_REQUIRED
TIER 2	CAT-CAD	False	11	110702636	111981853	0.0001328932334462	7.305771740181531e-08	0.0004989598572819	rs10891301	4.05639123677722e-06	0.010586783418652247	LEVEL_C_ATLAS_FDR	-0.0292567	-0.01921388	POSITIVE_EFFECT_PRODUCT	DIRECTION_CONCORDANT	CONDITIONAL	FINNISH_LD_SENSITIVITY_REQUIRED
TIER 2	CAT-CAD	False	11	110702636	111981853	0.0001328932334462	7.305771740181531e-08	0.0004989598572819	rs12225443	6.47882257683391e-06	0.014787672259665659	LEVEL_C_ATLAS_FDR	-0.0292374	-0.01899407	POSITIVE_EFFECT_PRODUCT	DIRECTION_CONCORDANT	CONDITIONAL	FINNISH_LD_SENSITIVITY_REQUIRED
TIER 2	CAT-CAD	False	11	110702636	111981853	0.0001328932334462	7.305771740181531e-08	0.0004989598572819	rs11214049	5.87677228109287e-06	0.013824392307029159	LEVEL_C_ATLAS_FDR	-0.0293177	-0.01910075	POSITIVE_EFFECT_PRODUCT	DIRECTION_CONCORDANT	CONDITIONAL	FINNISH_LD_SENSITIVITY_REQUIRED
TIER 2	CAT-CAD	False	11	110702636	111981853	0.0001328932334462	7.305771740181531e-08	0.0004989598572819	rs7945387	2.250005485941e-05	0.035336850251704036	LEVEL_C_ATLAS_FDR	-0.0293038	-0.01668929	POSITIVE_EFFECT_PRODUCT	DIRECTION_CONCORDANT	CONDITIONAL	FINNISH_LD_SENSITIVITY_REQUIRED
TIER 2	CAT-CAD	False	11	110702636	111981853	0.0001328932334462	7.305771740181531e-08	0.0004989598572819	rs2105619	5.07018584143207e-06	0.012467749333472245	LEVEL_C_ATLAS_FDR	-0.0292925	-0.0193039	POSITIVE_EFFECT_PRODUCT	DIRECTION_CONCORDANT	CONDITIONAL	FINNISH_LD_SENSITIVITY_REQUIRED
TIER 2	CAT-CAD	False	11	110702636	111981853	0.0001328932334462	7.305771740181531e-08	0.0004989598572819	rs3809033	5.86924826710687e-06	0.013813908230682773	LEVEL_C_ATLAS_FDR	-0.0292753	-0.01915213	POSITIVE_EFFECT_PRODUCT	DIRECTION_CONCORDANT	CONDITIONAL	FINNISH_LD_SENSITIVITY_REQUIRED
TIER 2	CAT-CAD	False	11	110702636	111981853	0.0001328932334462	7.305771740181531e-08	0.0004989598572819	rs10891303	5.40926400070185e-06	0.013047371800160266	LEVEL_C_ATLAS_FDR	-0.0292545	-0.01929756	POSITIVE_EFFECT_PRODUCT	DIRECTION_CONCORDANT	CONDITIONAL	FINNISH_LD_SENSITIVITY_REQUIRED
TIER 2	CAT-CAD	False	11	110702636	111981853	0.0001328932334462	7.305771740181531e-08	0.0004989598572819	rs479658	3.20503483674437e-05	0.04495946450696311	LEVEL_C_ATLAS_FDR	-0.029514	-0.01600637	POSITIVE_EFFECT_PRODUCT	DIRECTION_CONCORDANT	CONDITIONAL	FINNISH_LD_SENSITIVITY_REQUIRED
TIER 2	CAT-CAD	False	11	110702636	111981853	0.0001328932334462	7.305771740181531e-08	0.0004989598572819	rs35823624	6.36041266770423e-06	0.014608662142254897	LEVEL_C_ATLAS_FDR	-0.0287103	-0.01895947	POSITIVE_EFFECT_PRODUCT	DIRECTION_CONCORDANT	CONDITIONAL	FINNISH_LD_SENSITIVITY_REQUIRED
TIER 2	CAT-CAD	False	11	110702636	111981853	0.0001328932334462	7.305771740181531e-08	0.0004989598572819	rs10789856	4.58901426877597e-06	0.011594182126604104	LEVEL_C_ATLAS_FDR	-0.0288538	-0.01989332	POSITIVE_EFFECT_PRODUCT	DIRECTION_CONCORDANT	CONDITIONAL	FINNISH_LD_SENSITIVITY_REQUIRED
TIER 2	CAT-CAD	False	11	110702636	111981853	0.0001328932334462	7.305771740181531e-08	0.0004989598572819	rs2081508	6.18204749709144e-06	0.014324100752726717	LEVEL_C_ATLAS_FDR	-0.0289507	-0.01862475	POSITIVE_EFFECT_PRODUCT	DIRECTION_CONCORDANT	CONDITIONAL	FINNISH_LD_SENSITIVITY_REQUIRED
TIER 2	CAT-CAD	False	11	110702636	111981853	0.0001328932334462	7.305771740181531e-08	0.0004989598572819	rs10891310	2.94395331710643e-05	0.042442465261394266	LEVEL_C_ATLAS_FDR	-0.0285632	-0.01710715	POSITIVE_EFFECT_PRODUCT	DIRECTION_CONCORDANT	CONDITIONAL	FINNISH_LD_SENSITIVITY_REQUIRED
TIER 2	CAT-CAD	False	11	110702636	111981853	0.0001328932334462	7.305771740181531e-08	0.0004989598572819	rs2303436	4.86950358401248e-06	0.012107207798807511	LEVEL_C_ATLAS_FDR	-0.0288759	-0.01908595	POSITIVE_EFFECT_PRODUCT	DIRECTION_CONCORDANT	CONDITIONAL	FINNISH_LD_SENSITIVITY_REQUIRED
TIER 2	CAT-CAD	False	11	110702636	111981853	0.0001328932334462	7.305771740181531e-08	0.0004989598572819	rs478941	3.29040654008031e-05	0.045750287016094356	LEVEL_C_ATLAS_FDR	-0.0286996	-0.01640195	POSITIVE_EFFECT_PRODUCT	DIRECTION_CONCORDANT	CONDITIONAL	FINNISH_LD_SENSITIVITY_REQUIRED
TIER 2	CAT-CAD	False	11	110702636	111981853	0.0001328932334462	7.305771740181531e-08	0.0004989598572819	rs6589259	5.15992398375774e-06	0.012615136829645556	LEVEL_C_ATLAS_FDR	-0.0289892	-0.01885266	POSITIVE_EFFECT_PRODUCT	DIRECTION_CONCORDANT	CONDITIONAL	FINNISH_LD_SENSITIVITY_REQUIRED
TIER 2	CAT-CAD	False	11	110702636	111981853	0.0001328932334462	7.305771740181531e-08	0.0004989598572819	rs627441	1.45847969540388e-05	0.026077214283008177	LEVEL_C_ATLAS_FDR	-0.0287384	-0.01717168	POSITIVE_EFFECT_PRODUCT	DIRECTION_CONCORDANT	CONDITIONAL	FINNISH_LD_SENSITIVITY_REQUIRED
TIER 2	CAT-CAD	False	11	110702636	111981853	0.0001328932334462	7.305771740181531e-08	0.0004989598572819	rs6589260	1.32865548708205e-05	0.024431787549040657	LEVEL_C_ATLAS_FDR	-0.0285442	-0.01750926	POSITIVE_EFFECT_PRODUCT	DIRECTION_CONCORDANT	CONDITIONAL	FINNISH_LD_SENSITIVITY_REQUIRED
TIER 2	CAT-CAD	False	11	110702636	111981853	0.0001328932334462	7.305771740181531e-08	0.0004989598572819	rs10891313	4.95293051993711e-06	0.012263941829618413	LEVEL_C_ATLAS_FDR	-0.0291377	-0.01883454	POSITIVE_EFFECT_PRODUCT	DIRECTION_CONCORDANT	CONDITIONAL	FINNISH_LD_SENSITIVITY_REQUIRED
TIER 2	CAT-CAD	False	11	110702636	111981853	0.0001328932334462	7.305771740181531e-08	0.0004989598572819	rs7949136	6.23824014429818e-06	0.014416018090330078	LEVEL_C_ATLAS_FDR	-0.029187	-0.01848735	POSITIVE_EFFECT_PRODUCT	DIRECTION_CONCORDANT	CONDITIONAL	FINNISH_LD_SENSITIVITY_REQUIRED
TIER 2	CAT-CAD	False	11	110702636	111981853	0.0001328932334462	7.305771740181531e-08	0.0004989598572819	rs10891314	4.68661560783464e-06	0.011765413773632114	LEVEL_C_ATLAS_FDR	-0.0288668	-0.01915267	POSITIVE_EFFECT_PRODUCT	DIRECTION_CONCORDANT	CONDITIONAL	FINNISH_LD_SENSITIVITY_REQUIRED
TIER 2	CAT-CAD	False	11	110702636	111981853	0.0001328932334462	7.305771740181531e-08	0.0004989598572819	rs3882890	1.12537787912554e-05	0.021717782190098678	LEVEL_C_ATLAS_FDR	-0.0289352	-0.01761542	POSITIVE_EFFECT_PRODUCT	DIRECTION_CONCORDANT	CONDITIONAL	FINNISH_LD_SENSITIVITY_REQUIRED
TIER 2	CAT-CAD	False	11	110702636	111981853	0.0001328932334462	7.305771740181531e-08	0.0004989598572819	rs10891315	1.38605976336606e-05	0.025209580897979887	LEVEL_C_ATLAS_FDR	-0.0272965	-0.01845626	POSITIVE_EFFECT_PRODUCT	DIRECTION_CONCORDANT	CONDITIONAL	FINNISH_LD_SENSITIVITY_REQUIRED
TIER 2	CAT-CAD	False	11	110702636	111981853	0.0001328932334462	7.305771740181531e-08	0.0004989598572819	rs11214075	7.71952116392805e-06	0.016686864610028437	LEVEL_C_ATLAS_FDR	-0.0290629	-0.01839108	POSITIVE_EFFECT_PRODUCT	DIRECTION_CONCORDANT	CONDITIONAL	FINNISH_LD_SENSITIVITY_REQUIRED
TIER 2	CAT-CAD	False	11	110702636	111981853	0.0001328932334462	7.305771740181531e-08	0.0004989598572819	rs2303437	1.34576129956371e-05	0.024661417547788212	LEVEL_C_ATLAS_FDR	-0.027923	-0.01848363	POSITIVE_EFFECT_PRODUCT	DIRECTION_CONCORDANT	CONDITIONAL	FINNISH_LD_SENSITIVITY_REQUIRED
TIER 2	CAT-CAD	False	11	110702636	111981853	0.0001328932334462	7.305771740181531e-08	0.0004989598572819	rs10812	1.95387189261332e-05	0.03204451082416169	LEVEL_C_ATLAS_FDR	-0.0278185	-0.01858708	POSITIVE_EFFECT_PRODUCT	DIRECTION_CONCORDANT	CONDITIONAL	FINNISH_LD_SENSITIVITY_REQUIRED
TIER 2	CAT-CAD	False	11	110702636	111981853	0.0001328932334462	7.305771740181531e-08	0.0004989598572819	rs10789859	2.60483849578506e-05	0.03903737241809355	LEVEL_C_ATLAS_FDR	-0.0269512	-0.01867006	POSITIVE_EFFECT_PRODUCT	DIRECTION_CONCORDANT	CONDITIONAL	FINNISH_LD_SENSITIVITY_REQUIRED
TIER 2	CAT-CAD	False	11	110702636	111981853	0.0001328932334462	7.305771740181531e-08	0.0004989598572819	rs10891319	2.08268582963312e-05	0.03351268189399808	LEVEL_C_ATLAS_FDR	-0.0276986	-0.01809476	POSITIVE_EFFECT_PRODUCT	DIRECTION_CONCORDANT	CONDITIONAL	FINNISH_LD_SENSITIVITY_REQUIRED
TIER 2	CAT-CAD	False	11	110702636	111981853	0.0001328932334462	7.305771740181531e-08	0.0004989598572819	rs10789860	2.06329294835829e-05	0.0332994223462696	LEVEL_C_ATLAS_FDR	-0.0269296	-0.01873386	POSITIVE_EFFECT_PRODUCT	DIRECTION_CONCORDANT	CONDITIONAL	FINNISH_LD_SENSITIVITY_REQUIRED
TIER 2	CAT-CAD	False	16	74730819	75517115	0.0001129640486781	1.615963624290705e-05	0.0237098987773341	rs7202877	1.59064105638622e-05	0.027730324340513954	LEVEL_C_ATLAS_FDR	-0.020397	-0.05863281	POSITIVE_EFFECT_PRODUCT	DIRECTION_CONCORDANT	CONDITIONAL	FINNISH_LD_SENSITIVITY_REQUIRED
TIER 2	CAT-CAD	False	16	74730819	75517115	0.0001129640486781	1.615963624290705e-05	0.0237098987773341	rs3743614	1.41186662475626e-05	0.025515845822400882	LEVEL_C_ATLAS_FDR	-0.02065	-0.0576344	POSITIVE_EFFECT_PRODUCT	DIRECTION_CONCORDANT	CONDITIONAL	FINNISH_LD_SENSITIVITY_REQUIRED
TIER 2	CAT-CAD	False	16	74730819	75517115	0.0001129640486781	1.615963624290705e-05	0.0237098987773341	rs13337397	1.86615351564976e-05	0.03101878867765304	LEVEL_C_ATLAS_FDR	-0.021168	-0.05693088	POSITIVE_EFFECT_PRODUCT	DIRECTION_CONCORDANT	CONDITIONAL	FINNISH_LD_SENSITIVITY_REQUIRED
TIER 2	CAT-CAD	False	16	74730819	75517115	0.0001129640486781	1.615963624290705e-05	0.0237098987773341	rs999675	8.39469560223668e-06	0.017672752749117587	LEVEL_C_ATLAS_FDR	0.0151665	0.03829592	POSITIVE_EFFECT_PRODUCT	DIRECTION_CONCORDANT	CONDITIONAL	FINNISH_LD_SENSITIVITY_REQUIRED
TIER 2	CAT-CAD	False	16	74730819	75517115	0.0001129640486781	1.615963624290705e-05	0.0237098987773341	rs10781976	4.39717745526578e-06	0.01123544255320128	LEVEL_C_ATLAS_FDR	0.0127791	0.04247323	POSITIVE_EFFECT_PRODUCT	DIRECTION_CONCORDANT	CONDITIONAL	FINNISH_LD_SENSITIVITY_REQUIRED
TIER 2	CAT-CAD	False	16	74730819	75517115	0.0001129640486781	1.615963624290705e-05	0.0237098987773341	rs1559339	2.57578700033401e-06	0.007643181340087711	LEVEL_C_ATLAS_FDR	0.0131734	0.04311741	POSITIVE_EFFECT_PRODUCT	DIRECTION_CONCORDANT	CONDITIONAL	FINNISH_LD_SENSITIVITY_REQUIRED
TIER 2	CAT-CAD	False	16	74730819	75517115	0.0001129640486781	1.615963624290705e-05	0.0237098987773341	rs4243111	3.05853796585887e-06	0.008644371721955627	LEVEL_C_ATLAS_FDR	0.0131058	0.04404985	POSITIVE_EFFECT_PRODUCT	DIRECTION_CONCORDANT	CONDITIONAL	FINNISH_LD_SENSITIVITY_REQUIRED
TIER 2	CAT-CAD	False	16	74730819	75517115	0.0001129640486781	1.615963624290705e-05	0.0237098987773341	rs4888378	1.43374798860591e-05	0.02578109424010558	LEVEL_C_ATLAS_FDR	0.0113227	0.04469361	POSITIVE_EFFECT_PRODUCT	DIRECTION_CONCORDANT	CONDITIONAL	FINNISH_LD_SENSITIVITY_REQUIRED
TIER 2	CAT-CAD	False	16	74730819	75517115	0.0001129640486781	1.615963624290705e-05	0.0237098987773341	rs4888380	9.43878765303976e-06	0.019257998449472145	LEVEL_C_ATLAS_FDR	0.0117084	0.04321421	POSITIVE_EFFECT_PRODUCT	DIRECTION_CONCORDANT	CONDITIONAL	FINNISH_LD_SENSITIVITY_REQUIRED
TIER 2	CAT-CAD	False	16	74730819	75517115	0.0001129640486781	1.615963624290705e-05	0.0237098987773341	rs8046109	3.63528333630788e-06	0.0098054899404604	LEVEL_C_ATLAS_FDR	0.0130197	0.04235108	POSITIVE_EFFECT_PRODUCT	DIRECTION_CONCORDANT	CONDITIONAL	FINNISH_LD_SENSITIVITY_REQUIRED
TIER 2	CAT-CAD	False	16	74730819	75517115	0.0001129640486781	1.615963624290705e-05	0.0237098987773341	rs3851734	1.21225210307653e-06	0.004214254028778485	LEVEL_C_ATLAS_FDR	0.0139965	0.04327552	POSITIVE_EFFECT_PRODUCT	DIRECTION_CONCORDANT	CONDITIONAL	FINNISH_LD_SENSITIVITY_REQUIRED
TIER 2	CAT-CAD	False	16	74730819	75517115	0.0001129640486781	1.615963624290705e-05	0.0237098987773341	rs4638613	8.99537527220238e-06	0.01858378358853745	LEVEL_C_ATLAS_FDR	0.0117004	0.04334466	POSITIVE_EFFECT_PRODUCT	DIRECTION_CONCORDANT	CONDITIONAL	FINNISH_LD_SENSITIVITY_REQUIRED
TIER 2	CAT-CAD	False	16	74730819	75517115	0.0001129640486781	1.615963624290705e-05	0.0237098987773341	rs4888422	8.10754280137362e-06	0.017250616711307436	LEVEL_C_ATLAS_FDR	0.0118175	0.04424474	POSITIVE_EFFECT_PRODUCT	DIRECTION_CONCORDANT	CONDITIONAL	FINNISH_LD_SENSITIVITY_REQUIRED
TIER 2	CAT-CAD	False	16	74730819	75517115	0.0001129640486781	1.615963624290705e-05	0.0237098987773341	rs12933281	1.64575337804086e-05	0.028380391946707443	LEVEL_C_ATLAS_FDR	0.0109242	0.04417991	POSITIVE_EFFECT_PRODUCT	DIRECTION_CONCORDANT	CONDITIONAL	FINNISH_LD_SENSITIVITY_REQUIRED
TIER 2	CAT-PD	False	17	14860784	16319512	-0.0004103230473073	1.5988040922255562e-10	3.275789704560942e-06	rs2015353	3.14119839083004e-09	3.174274341140656e-05	LEVEL_B_PAIRWISE_GWAS	0.0303549	-0.0857	NEGATIVE_EFFECT_PRODUCT	DIRECTION_CONCORDANT	CONDITIONAL	FINNISH_LD_SENSITIVITY_REQUIRED
TIER 2	CAT-PD	False	17	14860784	16319512	-0.0004103230473073	1.5988040922255562e-10	3.275789704560942e-06	rs2779211	4.44239087679095e-09	4.2445065133041814e-05	LEVEL_B_PAIRWISE_GWAS	0.0300342	-0.085	NEGATIVE_EFFECT_PRODUCT	DIRECTION_CONCORDANT	CONDITIONAL	FINNISH_LD_SENSITIVITY_REQUIRED
TIER 2	CAT-PD	False	17	14860784	16319512	-0.0004103230473073	1.5988040922255562e-10	3.275789704560942e-06	rs2779212	3.89526028638623e-10	5.712340131048236e-06	LEVEL_A_ATLAS_STRINGENT	0.0331578	-0.0896	NEGATIVE_EFFECT_PRODUCT	DIRECTION_CONCORDANT	CONDITIONAL	FINNISH_LD_SENSITIVITY_REQUIRED
TIER 2	CAT-PD	False	17	14860784	16319512	-0.0004103230473073	1.5988040922255562e-10	3.275789704560942e-06	rs1045599	5.20607101920277e-10	7.182494219911633e-06	LEVEL_A_ATLAS_STRINGENT	0.0330992	-0.0885	NEGATIVE_EFFECT_PRODUCT	DIRECTION_CONCORDANT	CONDITIONAL	FINNISH_LD_SENSITIVITY_REQUIRED
TIER 2	CAT-PD	False	17	14860784	16319512	-0.0004103230473073	1.5988040922255562e-10	3.275789704560942e-06	rs10491104	1.96876502136623e-09	2.137292000408065e-05	LEVEL_A_ATLAS_STRINGENT	0.030463	-0.0865	NEGATIVE_EFFECT_PRODUCT	DIRECTION_CONCORDANT	CONDITIONAL	FINNISH_LD_SENSITIVITY_REQUIRED
TIER 2	CAT-PD	False	17	14860784	16319512	-0.0004103230473073	1.5988040922255562e-10	3.275789704560942e-06	rs8070859	5.2778687031734e-10	7.258469649463918e-06	LEVEL_A_ATLAS_STRINGENT	0.0339235	-0.0846	NEGATIVE_EFFECT_PRODUCT	DIRECTION_CONCORDANT	CONDITIONAL	FINNISH_LD_SENSITIVITY_REQUIRED
TIER 2	CAT-PD	False	17	14860784	16319512	-0.0004103230473073	1.5988040922255562e-10	3.275789704560942e-06	rs11869563	5.17433139118077e-10	7.155769651550755e-06	LEVEL_A_ATLAS_STRINGENT	0.0339164	-0.0847	NEGATIVE_EFFECT_PRODUCT	DIRECTION_CONCORDANT	CONDITIONAL	FINNISH_LD_SENSITIVITY_REQUIRED
TIER 2	CAT-PD	False	17	14860784	16319512	-0.0004103230473073	1.5988040922255562e-10	3.275789704560942e-06	rs758853	2.35217358832385e-09	2.484721075384255e-05	LEVEL_A_ATLAS_STRINGENT	0.0301582	-0.086	NEGATIVE_EFFECT_PRODUCT	DIRECTION_CONCORDANT	CONDITIONAL	FINNISH_LD_SENSITIVITY_REQUIRED
TIER 2	CAT-PD	False	17	14860784	16319512	-0.0004103230473073	1.5988040922255562e-10	3.275789704560942e-06	rs3760298	1.85585744224469e-09	2.0341003901021545e-05	LEVEL_A_ATLAS_STRINGENT	0.0301844	-0.087	NEGATIVE_EFFECT_PRODUCT	DIRECTION_CONCORDANT	CONDITIONAL	FINNISH_LD_SENSITIVITY_REQUIRED
TIER 2	CAT-PD	False	17	14860784	16319512	-0.0004103230473073	1.5988040922255562e-10	3.275789704560942e-06	rs2302415	3.33322040580971e-10	5.019597979499492e-06	LEVEL_A_ATLAS_STRINGENT	0.0340532	-0.0857	NEGATIVE_EFFECT_PRODUCT	DIRECTION_CONCORDANT	CONDITIONAL	FINNISH_LD_SENSITIVITY_REQUIRED
TIER 2	CAT-PD	False	17	14860784	16319512	-0.0004103230473073	1.5988040922255562e-10	3.275789704560942e-06	rs2041460	2.21324828683629e-09	2.3585261790097665e-05	LEVEL_A_ATLAS_STRINGENT	0.0300905	-0.0865	NEGATIVE_EFFECT_PRODUCT	DIRECTION_CONCORDANT	CONDITIONAL	FINNISH_LD_SENSITIVITY_REQUIRED
TIER 2	CAT-PD	False	17	14860784	16319512	-0.0004103230473073	1.5988040922255562e-10	3.275789704560942e-06	rs3826360	2.55313529814142e-09	2.6605720899415894e-05	LEVEL_A_ATLAS_STRINGENT	0.0299902	-0.0867	NEGATIVE_EFFECT_PRODUCT	DIRECTION_CONCORDANT	CONDITIONAL	FINNISH_LD_SENSITIVITY_REQUIRED
TIER 2	CAT-PD	False	17	14860784	16319512	-0.0004103230473073	1.5988040922255562e-10	3.275789704560942e-06	rs9891938	4.25261374751996e-10	6.092259001623343e-06	LEVEL_A_ATLAS_STRINGENT	0.0338955	-0.0851	NEGATIVE_EFFECT_PRODUCT	DIRECTION_CONCORDANT	CONDITIONAL	FINNISH_LD_SENSITIVITY_REQUIRED
TIER 2	CAT-PD	False	17	14860784	16319512	-0.0004103230473073	1.5988040922255562e-10	3.275789704560942e-06	rs11869450	3.80518958476471e-10	5.606000153509881e-06	LEVEL_A_ATLAS_STRINGENT	0.0338734	-0.0856	NEGATIVE_EFFECT_PRODUCT	DIRECTION_CONCORDANT	CONDITIONAL	FINNISH_LD_SENSITIVITY_REQUIRED
TIER 2	CAT-PD	False	17	14860784	16319512	-0.0004103230473073	1.5988040922255562e-10	3.275789704560942e-06	rs3785633	2.36832397659506e-09	2.499499601857064e-05	LEVEL_A_ATLAS_STRINGENT	0.0298634	-0.0874	NEGATIVE_EFFECT_PRODUCT	DIRECTION_CONCORDANT	CONDITIONAL	FINNISH_LD_SENSITIVITY_REQUIRED
TIER 2	CAT-PD	False	17	14860784	16319512	-0.0004103230473073	1.5988040922255562e-10	3.275789704560942e-06	rs4792715	3.64893055821666e-10	5.4151589680174e-06	LEVEL_A_ATLAS_STRINGENT	0.0338185	-0.0859	NEGATIVE_EFFECT_PRODUCT	DIRECTION_CONCORDANT	CONDITIONAL	FINNISH_LD_SENSITIVITY_REQUIRED
TIER 2	CAT-PD	False	17	14860784	16319512	-0.0004103230473073	1.5988040922255562e-10	3.275789704560942e-06	rs2301652	7.60820192906472e-07	0.0028900590114719644	LEVEL_C_ATLAS_FDR	0.0219606	-0.0873	NEGATIVE_EFFECT_PRODUCT	DIRECTION_CONCORDANT	CONDITIONAL	FINNISH_LD_SENSITIVITY_REQUIRED
TIER 2	CAT-PD	False	17	14860784	16319512	-0.0004103230473073	1.5988040922255562e-10	3.275789704560942e-06	rs2157992	4.41338588299362e-09	4.228432489681648e-05	LEVEL_B_PAIRWISE_GWAS	0.0292094	-0.0864	NEGATIVE_EFFECT_PRODUCT	DIRECTION_CONCORDANT	CONDITIONAL	FINNISH_LD_SENSITIVITY_REQUIRED
TIER 2	CAT-PD	False	17	14860784	16319512	-0.0004103230473073	1.5988040922255562e-10	3.275789704560942e-06	rs9890012	2.85008421626936e-09	2.9235004990998897e-05	LEVEL_B_PAIRWISE_GWAS	0.0292061	-0.089	NEGATIVE_EFFECT_PRODUCT	DIRECTION_CONCORDANT	CONDITIONAL	FINNISH_LD_SENSITIVITY_REQUIRED
TIER 2	CAT-PD	False	17	14860784	16319512	-0.0004103230473073	1.5988040922255562e-10	3.275789704560942e-06	rs8076864	3.1581764057284e-09	3.189574027058972e-05	LEVEL_B_PAIRWISE_GWAS	0.0292447	-0.0884	NEGATIVE_EFFECT_PRODUCT	DIRECTION_CONCORDANT	CONDITIONAL	FINNISH_LD_SENSITIVITY_REQUIRED
TIER 2	CAT-PD	False	17	14860784	16319512	-0.0004103230473073	1.5988040922255562e-10	3.275789704560942e-06	rs6502488	1.46417515120902e-10	2.47680325241333e-06	LEVEL_A_ATLAS_STRINGENT	0.0331016	-0.0921	NEGATIVE_EFFECT_PRODUCT	DIRECTION_CONCORDANT	CONDITIONAL	FINNISH_LD_SENSITIVITY_REQUIRED
TIER 2	CAT-PD	False	17	14860784	16319512	-0.0004103230473073	1.5988040922255562e-10	3.275789704560942e-06	rs9908031	2.62274390134029e-09	2.7265615150996745e-05	LEVEL_A_ATLAS_STRINGENT	0.0292374	-0.0893	NEGATIVE_EFFECT_PRODUCT	DIRECTION_CONCORDANT	CONDITIONAL	FINNISH_LD_SENSITIVITY_REQUIRED
TIER 2	CAT-PD	False	17	14860784	16319512	-0.0004103230473073	1.5988040922255562e-10	3.275789704560942e-06	rs1075901	1.65201004302881e-10	2.746363525026962e-06	LEVEL_A_ATLAS_STRINGENT	0.0333674	-0.0914	NEGATIVE_EFFECT_PRODUCT	DIRECTION_CONCORDANT	CONDITIONAL	FINNISH_LD_SENSITIVITY_REQUIRED
TIER 2	CAT-PD	False	17	14860784	16319512	-0.0004103230473073	1.5988040922255562e-10	3.275789704560942e-06	rs3785632	5.62860520998445e-10	7.6169630250075506e-06	LEVEL_A_ATLAS_STRINGENT	0.0345393	-0.0904	NEGATIVE_EFFECT_PRODUCT	DIRECTION_CONCORDANT	CONDITIONAL	FINNISH_LD_SENSITIVITY_REQUIRED
TIER 2	CAT-PD	False	17	14860784	16319512	-0.0004103230473073	1.5988040922255562e-10	3.275789704560942e-06	rs3785631	4.21185788500942e-09	4.070282374147106e-05	LEVEL_B_PAIRWISE_GWAS	0.0289305	-0.0885	NEGATIVE_EFFECT_PRODUCT	DIRECTION_CONCORDANT	CONDITIONAL	FINNISH_LD_SENSITIVITY_REQUIRED
TIER 2	CAT-PD	False	17	14860784	16319512	-0.0004103230473073	1.5988040922255562e-10	3.275789704560942e-06	rs4435297	1.9035004966056e-10	3.1035101255999354e-06	LEVEL_A_ATLAS_STRINGENT	0.0332158	-0.0912	NEGATIVE_EFFECT_PRODUCT	DIRECTION_CONCORDANT	CONDITIONAL	FINNISH_LD_SENSITIVITY_REQUIRED
TIER 2	CAT-PD	False	17	14860784	16319512	-0.0004103230473073	1.5988040922255562e-10	3.275789704560942e-06	rs1079533	3.83433586200377e-09	3.757593688205246e-05	LEVEL_B_PAIRWISE_GWAS	0.0290673	-0.088	NEGATIVE_EFFECT_PRODUCT	DIRECTION_CONCORDANT	CONDITIONAL	FINNISH_LD_SENSITIVITY_REQUIRED
TIER 2	CAT-PD	False	17	14860784	16319512	-0.0004103230473073	1.5988040922255562e-10	3.275789704560942e-06	rs11651290	4.17526289047248e-09	4.040436469867913e-05	LEVEL_B_PAIRWISE_GWAS	0.0290654	-0.0876	NEGATIVE_EFFECT_PRODUCT	DIRECTION_CONCORDANT	CONDITIONAL	FINNISH_LD_SENSITIVITY_REQUIRED
TIER 2	CAT-PD	False	17	14860784	16319512	-0.0004103230473073	1.5988040922255562e-10	3.275789704560942e-06	rs3815039	4.08069354995157e-09	3.9710623486145136e-05	LEVEL_B_PAIRWISE_GWAS	0.0290683	-0.0877	NEGATIVE_EFFECT_PRODUCT	DIRECTION_CONCORDANT	CONDITIONAL	FINNISH_LD_SENSITIVITY_REQUIRED
TIER 2	CAT-PD	False	17	14860784	16319512	-0.0004103230473073	1.5988040922255562e-10	3.275789704560942e-06	rs4792718	5.41955260014023e-10	7.4063725319715454e-06	LEVEL_A_ATLAS_STRINGENT	0.0332069	-0.0868	NEGATIVE_EFFECT_PRODUCT	DIRECTION_CONCORDANT	CONDITIONAL	FINNISH_LD_SENSITIVITY_REQUIRED
TIER 2	CAT-PD	False	17	14860784	16319512	-0.0004103230473073	1.5988040922255562e-10	3.275789704560942e-06	rs2157991	1.47290820783092e-10	2.4903624912874676e-06	LEVEL_A_ATLAS_STRINGENT	0.0332291	-0.0928	NEGATIVE_EFFECT_PRODUCT	DIRECTION_CONCORDANT	CONDITIONAL	FINNISH_LD_SENSITIVITY_REQUIRED
TIER 2	CAT-PD	False	17	14860784	16319512	-0.0004103230473073	1.5988040922255562e-10	3.275789704560942e-06	rs2285583	4.45102150362383e-10	6.3502879294391e-06	LEVEL_A_ATLAS_STRINGENT	0.0332652	-0.088	NEGATIVE_EFFECT_PRODUCT	DIRECTION_CONCORDANT	CONDITIONAL	FINNISH_LD_SENSITIVITY_REQUIRED
TIER 2	CAT-PD	False	17	14860784	16319512	-0.0004103230473073	1.5988040922255562e-10	3.275789704560942e-06	rs3815038	3.30638477849337e-09	3.310361214020456e-05	LEVEL_B_PAIRWISE_GWAS	0.0291089	-0.0891	NEGATIVE_EFFECT_PRODUCT	DIRECTION_CONCORDANT	CONDITIONAL	FINNISH_LD_SENSITIVITY_REQUIRED
TIER 2	CAT-PD	False	17	14860784	16319512	-0.0004103230473073	1.5988040922255562e-10	3.275789704560942e-06	rs3785628	1.348114337838e-10	2.3006556080763987e-06	LEVEL_A_ATLAS_STRINGENT	0.0332553	-0.0931	NEGATIVE_EFFECT_PRODUCT	DIRECTION_CONCORDANT	CONDITIONAL	FINNISH_LD_SENSITIVITY_REQUIRED
TIER 2	CAT-PD	False	17	14860784	16319512	-0.0004103230473073	1.5988040922255562e-10	3.275789704560942e-06	rs9891379	3.59568810712998e-09	3.5559097574219744e-05	LEVEL_B_PAIRWISE_GWAS	0.0291146	-0.0892	NEGATIVE_EFFECT_PRODUCT	DIRECTION_CONCORDANT	CONDITIONAL	FINNISH_LD_SENSITIVITY_REQUIRED
TIER 2	CAT-PD	False	17	14860784	16319512	-0.0004103230473073	1.5988040922255562e-10	3.275789704560942e-06	rs9896441	1.96106273260539e-10	3.1809258603330653e-06	LEVEL_A_ATLAS_STRINGENT	0.0333015	-0.0919	NEGATIVE_EFFECT_PRODUCT	DIRECTION_CONCORDANT	CONDITIONAL	FINNISH_LD_SENSITIVITY_REQUIRED
TIER 2	CAT-PD	False	17	14860784	16319512	-0.0004103230473073	1.5988040922255562e-10	3.275789704560942e-06	rs9898313	3.38624278574674e-09	3.377650291983735e-05	LEVEL_B_PAIRWISE_GWAS	0.0291108	-0.0895	NEGATIVE_EFFECT_PRODUCT	DIRECTION_CONCORDANT	CONDITIONAL	FINNISH_LD_SENSITIVITY_REQUIRED
TIER 2	CAT-PD	False	17	14860784	16319512	-0.0004103230473073	1.5988040922255562e-10	3.275789704560942e-06	rs7223346	1.78607686721179e-10	2.9344143632737296e-06	LEVEL_A_ATLAS_STRINGENT	0.0332302	-0.0925	NEGATIVE_EFFECT_PRODUCT	DIRECTION_CONCORDANT	CONDITIONAL	FINNISH_LD_SENSITIVITY_REQUIRED
TIER 2	CAT-PD	False	17	14860784	16319512	-0.0004103230473073	1.5988040922255562e-10	3.275789704560942e-06	rs2051736	3.60663311805327e-09	3.563687798958077e-05	LEVEL_B_PAIRWISE_GWAS	0.0292795	-0.0892	NEGATIVE_EFFECT_PRODUCT	DIRECTION_CONCORDANT	CONDITIONAL	FINNISH_LD_SENSITIVITY_REQUIRED
TIER 2	CAT-PD	False	17	14860784	16319512	-0.0004103230473073	1.5988040922255562e-10	3.275789704560942e-06	rs8081667	4.34383762989432e-10	6.210130612942839e-06	LEVEL_A_ATLAS_STRINGENT	0.0332327	-0.0887	NEGATIVE_EFFECT_PRODUCT	DIRECTION_CONCORDANT	CONDITIONAL	FINNISH_LD_SENSITIVITY_REQUIRED
TIER 2	CAT-PD	False	17	14860784	16319512	-0.0004103230473073	1.5988040922255562e-10	3.275789704560942e-06	rs2078050	1.3028318658784e-10	2.236572881675756e-06	LEVEL_A_ATLAS_STRINGENT	0.0332513	-0.0938	NEGATIVE_EFFECT_PRODUCT	DIRECTION_CONCORDANT	CONDITIONAL	FINNISH_LD_SENSITIVITY_REQUIRED
TIER 2	CAT-PD	False	17	14860784	16319512	-0.0004103230473073	1.5988040922255562e-10	3.275789704560942e-06	rs7207463	6.58041694575347e-11	1.220830745987402e-06	LEVEL_A_ATLAS_STRINGENT	0.0349205	-0.0932	NEGATIVE_EFFECT_PRODUCT	DIRECTION_CONCORDANT	CONDITIONAL	FINNISH_LD_SENSITIVITY_REQUIRED
TIER 2	CAT-PD	False	17	14860784	16319512	-0.0004103230473073	1.5988040922255562e-10	3.275789704560942e-06	rs7207889	2.32677322807028e-09	2.4616350184003115e-05	LEVEL_A_ATLAS_STRINGENT	0.0303522	-0.0883	NEGATIVE_EFFECT_PRODUCT	DIRECTION_CONCORDANT	CONDITIONAL	FINNISH_LD_SENSITIVITY_REQUIRED
TIER 2	CAT-PD	False	17	14860784	16319512	-0.0004103230473073	1.5988040922255562e-10	3.275789704560942e-06	rs2285580	5.88136838319156e-11	1.112546438045542e-06	LEVEL_A_ATLAS_STRINGENT	0.0349479	-0.0936	NEGATIVE_EFFECT_PRODUCT	DIRECTION_CONCORDANT	CONDITIONAL	FINNISH_LD_SENSITIVITY_REQUIRED
TIER 2	CAT-PD	False	17	14860784	16319512	-0.0004103230473073	1.5988040922255562e-10	3.275789704560942e-06	rs4792721	9.47967310878592e-10	1.1358492617588947e-05	LEVEL_A_ATLAS_STRINGENT	0.0308767	-0.0967	NEGATIVE_EFFECT_PRODUCT	DIRECTION_CONCORDANT	CONDITIONAL	FINNISH_LD_SENSITIVITY_REQUIRED
TIER 2	CAT-PD	False	17	14860784	16319512	-0.0004103230473073	1.5988040922255562e-10	3.275789704560942e-06	rs4566208	3.6285225458341e-11	7.858117000291832e-07	LEVEL_A_ATLAS_STRINGENT	0.0349106	-0.0957	NEGATIVE_EFFECT_PRODUCT	DIRECTION_CONCORDANT	CONDITIONAL	FINNISH_LD_SENSITIVITY_REQUIRED
TIER 2	CAT-PD	False	17	14860784	16319512	-0.0004103230473073	1.5988040922255562e-10	3.275789704560942e-06	rs12150017	3.6356576479363e-09	3.58930156527986e-05	LEVEL_B_PAIRWISE_GWAS	0.0296443	-0.0888	NEGATIVE_EFFECT_PRODUCT	DIRECTION_CONCORDANT	CONDITIONAL	FINNISH_LD_SENSITIVITY_REQUIRED
TIER 2	CAT-PD	False	17	14860784	16319512	-0.0004103230473073	1.5988040922255562e-10	3.275789704560942e-06	rs11870608	6.32179877134774e-11	1.1791529130800442e-06	LEVEL_A_ATLAS_STRINGENT	0.0349218	-0.0939	NEGATIVE_EFFECT_PRODUCT	DIRECTION_CONCORDANT	CONDITIONAL	FINNISH_LD_SENSITIVITY_REQUIRED
TIER 2	CAT-PD	False	17	14860784	16319512	-0.0004103230473073	1.5988040922255562e-10	3.275789704560942e-06	rs10852833	4.66346406271201e-09	4.398824642711528e-05	LEVEL_B_PAIRWISE_GWAS	0.0296463	-0.0876	NEGATIVE_EFFECT_PRODUCT	DIRECTION_CONCORDANT	CONDITIONAL	FINNISH_LD_SENSITIVITY_REQUIRED
TIER 2	CAT-PD	False	17	14860784	16319512	-0.0004103230473073	1.5988040922255562e-10	3.275789704560942e-06	rs7216834	3.41128340784385e-09	3.4016498886216525e-05	LEVEL_B_PAIRWISE_GWAS	0.0295468	-0.0894	NEGATIVE_EFFECT_PRODUCT	DIRECTION_CONCORDANT	CONDITIONAL	FINNISH_LD_SENSITIVITY_REQUIRED
TIER 2	CAT-PD	False	17	14860784	16319512	-0.0004103230473073	1.5988040922255562e-10	3.275789704560942e-06	rs2324141	5.21767952859937e-11	1.0039606741805134e-06	LEVEL_A_ATLAS_STRINGENT	0.0349226	-0.0947	NEGATIVE_EFFECT_PRODUCT	DIRECTION_CONCORDANT	CONDITIONAL	FINNISH_LD_SENSITIVITY_REQUIRED
TIER 2	CAT-PD	False	17	14860784	16319512	-0.0004103230473073	1.5988040922255562e-10	3.275789704560942e-06	rs9902141	3.83415420546421e-09	3.757593688205246e-05	LEVEL_B_PAIRWISE_GWAS	0.0295956	-0.0887	NEGATIVE_EFFECT_PRODUCT	DIRECTION_CONCORDANT	CONDITIONAL	FINNISH_LD_SENSITIVITY_REQUIRED
TIER 2	CAT-PD	False	17	14860784	16319512	-0.0004103230473073	1.5988040922255562e-10	3.275789704560942e-06	rs9897388	3.68353325877389e-10	5.454850114524258e-06	LEVEL_A_ATLAS_STRINGENT	0.034922	-0.0905	NEGATIVE_EFFECT_PRODUCT	DIRECTION_CONCORDANT	CONDITIONAL	FINNISH_LD_SENSITIVITY_REQUIRED
TIER 2	CAT-PD	False	17	14860784	16319512	-0.0004103230473073	1.5988040922255562e-10	3.275789704560942e-06	rs2324142	4.79253630550827e-11	9.417726269394419e-07	LEVEL_A_ATLAS_STRINGENT	0.0349597	-0.0955	NEGATIVE_EFFECT_PRODUCT	DIRECTION_CONCORDANT	CONDITIONAL	FINNISH_LD_SENSITIVITY_REQUIRED
TIER 2	CAT-PD	False	17	14860784	16319512	-0.0004103230473073	1.5988040922255562e-10	3.275789704560942e-06	rs1989856	2.99399411806312e-09	3.045914819812284e-05	LEVEL_B_PAIRWISE_GWAS	0.029793	-0.0893	NEGATIVE_EFFECT_PRODUCT	DIRECTION_CONCORDANT	CONDITIONAL	FINNISH_LD_SENSITIVITY_REQUIRED
TIER 2	CAT-PD	False	17	14860784	16319512	-0.0004103230473073	1.5988040922255562e-10	3.275789704560942e-06	rs8079969	5.85938373586791e-11	1.1089920773543686e-06	LEVEL_A_ATLAS_STRINGENT	0.0349847	-0.0946	NEGATIVE_EFFECT_PRODUCT	DIRECTION_CONCORDANT	CONDITIONAL	FINNISH_LD_SENSITIVITY_REQUIRED
TIER 2	CAT-PD	False	17	14860784	16319512	-0.0004103230473073	1.5988040922255562e-10	3.275789704560942e-06	rs9903464	4.1701493104212e-09	4.0387886847653065e-05	LEVEL_B_PAIRWISE_GWAS	0.030064	-0.0874	NEGATIVE_EFFECT_PRODUCT	DIRECTION_CONCORDANT	CONDITIONAL	FINNISH_LD_SENSITIVITY_REQUIRED
TIER 2	CAT-PD	False	17	14860784	16319512	-0.0004103230473073	1.5988040922255562e-10	3.275789704560942e-06	rs178659	3.50052639167287e-09	3.479645130232692e-05	LEVEL_B_PAIRWISE_GWAS	0.0297759	-0.0886	NEGATIVE_EFFECT_PRODUCT	DIRECTION_CONCORDANT	CONDITIONAL	FINNISH_LD_SENSITIVITY_REQUIRED
TIER 2	CAT-PD	False	17	14860784	16319512	-0.0004103230473073	1.5988040922255562e-10	3.275789704560942e-06	rs178657	4.96662456678838e-09	4.6325680137730466e-05	LEVEL_B_PAIRWISE_GWAS	0.0297518	-0.0875	NEGATIVE_EFFECT_PRODUCT	DIRECTION_CONCORDANT	CONDITIONAL	FINNISH_LD_SENSITIVITY_REQUIRED
TIER 2	CAT-PD	False	17	14860784	16319512	-0.0004103230473073	1.5988040922255562e-10	3.275789704560942e-06	rs178837	1.42765849181899e-08	0.00011083973956573309	LEVEL_B_PAIRWISE_GWAS	0.0289279	-0.0857	NEGATIVE_EFFECT_PRODUCT	DIRECTION_CONCORDANT	CONDITIONAL	FINNISH_LD_SENSITIVITY_REQUIRED
TIER 2	CAT-PD	False	17	14860784	16319512	-0.0004103230473073	1.5988040922255562e-10	3.275789704560942e-06	rs178833	5.89713681814837e-11	1.1149216802939734e-06	LEVEL_A_ATLAS_STRINGENT	0.0347762	-0.0951	NEGATIVE_EFFECT_PRODUCT	DIRECTION_CONCORDANT	CONDITIONAL	FINNISH_LD_SENSITIVITY_REQUIRED
TIER 2	CAT-PD	False	17	14860784	16319512	-0.0004103230473073	1.5988040922255562e-10	3.275789704560942e-06	rs178831	1.762169248568e-10	2.9059230947814363e-06	LEVEL_A_ATLAS_STRINGENT	0.0347915	-0.091	NEGATIVE_EFFECT_PRODUCT	DIRECTION_CONCORDANT	CONDITIONAL	FINNISH_LD_SENSITIVITY_REQUIRED
TIER 2	CAT-PD	False	17	14860784	16319512	-0.0004103230473073	1.5988040922255562e-10	3.275789704560942e-06	rs178830	1.45015328736176e-08	0.00011241018326105863	LEVEL_B_PAIRWISE_GWAS	0.0289016	-0.0857	NEGATIVE_EFFECT_PRODUCT	DIRECTION_CONCORDANT	CONDITIONAL	FINNISH_LD_SENSITIVITY_REQUIRED
TIER 2	CAT-PD	False	17	14860784	16319512	-0.0004103230473073	1.5988040922255562e-10	3.275789704560942e-06	rs178822	7.77769937088048e-11	1.417947143599761e-06	LEVEL_A_ATLAS_STRINGENT	0.0348359	-0.0938	NEGATIVE_EFFECT_PRODUCT	DIRECTION_CONCORDANT	CONDITIONAL	FINNISH_LD_SENSITIVITY_REQUIRED
TIER 2	CAT-PD	False	17	14860784	16319512	-0.0004103230473073	1.5988040922255562e-10	3.275789704560942e-06	rs178821	5.53551601052745e-11	1.0574966921329756e-06	LEVEL_A_ATLAS_STRINGENT	0.0348776	-0.0951	NEGATIVE_EFFECT_PRODUCT	DIRECTION_CONCORDANT	CONDITIONAL	FINNISH_LD_SENSITIVITY_REQUIRED
TIER 2	CAT-PD	False	17	14860784	16319512	-0.0004103230473073	1.5988040922255562e-10	3.275789704560942e-06	rs178820	5.1476803313195e-09	4.7649257270917796e-05	LEVEL_B_PAIRWISE_GWAS	0.0297187	-0.0874	NEGATIVE_EFFECT_PRODUCT	DIRECTION_CONCORDANT	CONDITIONAL	FINNISH_LD_SENSITIVITY_REQUIRED
TIER 2	CAT-PD	False	17	14860784	16319512	-0.0004103230473073	1.5988040922255562e-10	3.275789704560942e-06	rs178816	5.36426602014275e-09	4.939065553165119e-05	LEVEL_B_PAIRWISE_GWAS	0.0297193	-0.0872	NEGATIVE_EFFECT_PRODUCT	DIRECTION_CONCORDANT	CONDITIONAL	FINNISH_LD_SENSITIVITY_REQUIRED
TIER 2	CAT-PD	False	17	14860784	16319512	-0.0004103230473073	1.5988040922255562e-10	3.275789704560942e-06	rs178815	8.09548644143615e-11	1.46893917578282e-06	LEVEL_A_ATLAS_STRINGENT	0.0348781	-0.0935	NEGATIVE_EFFECT_PRODUCT	DIRECTION_CONCORDANT	CONDITIONAL	FINNISH_LD_SENSITIVITY_REQUIRED
TIER 2	CAT-PD	False	17	14860784	16319512	-0.0004103230473073	1.5988040922255562e-10	3.275789704560942e-06	rs178810	7.68343448524463e-11	1.4014978564778144e-06	LEVEL_A_ATLAS_STRINGENT	0.0349232	-0.0936	NEGATIVE_EFFECT_PRODUCT	DIRECTION_CONCORDANT	CONDITIONAL	FINNISH_LD_SENSITIVITY_REQUIRED
TIER 2	CAT-PD	False	17	14860784	16319512	-0.0004103230473073	1.5988040922255562e-10	3.275789704560942e-06	rs178798	4.54940385695319e-09	4.322625797399583e-05	LEVEL_B_PAIRWISE_GWAS	0.0296789	-0.0876	NEGATIVE_EFFECT_PRODUCT	DIRECTION_CONCORDANT	CONDITIONAL	FINNISH_LD_SENSITIVITY_REQUIRED
TIER 2	CAT-PD	False	17	14860784	16319512	-0.0004103230473073	1.5988040922255562e-10	3.275789704560942e-06	rs178797	5.43525418296961e-09	4.9911875894700916e-05	LEVEL_B_PAIRWISE_GWAS	0.02997	-0.0859	NEGATIVE_EFFECT_PRODUCT	DIRECTION_CONCORDANT	CONDITIONAL	FINNISH_LD_SENSITIVITY_REQUIRED
TIER 2	CAT-PD	False	17	14860784	16319512	-0.0004103230473073	1.5988040922255562e-10	3.275789704560942e-06	rs178791	4.57337118252882e-09	4.3374172181175115e-05	LEVEL_B_PAIRWISE_GWAS	0.0300472	-0.0865	NEGATIVE_EFFECT_PRODUCT	DIRECTION_CONCORDANT	CONDITIONAL	FINNISH_LD_SENSITIVITY_REQUIRED
TIER 2	CAT-PD	False	17	14860784	16319512	-0.0004103230473073	1.5988040922255562e-10	3.275789704560942e-06	rs178789	6.50956657917613e-09	5.753962215129151e-05	LEVEL_B_PAIRWISE_GWAS	0.0299499	-0.0851	NEGATIVE_EFFECT_PRODUCT	DIRECTION_CONCORDANT	CONDITIONAL	FINNISH_LD_SENSITIVITY_REQUIRED
TIER 2	CAT-PD	False	17	14860784	16319512	-0.0004103230473073	1.5988040922255562e-10	3.275789704560942e-06	rs178787	1.02675097393164e-07	0.0005590630223501022	LEVEL_C_ATLAS_FDR	0.0293203	-0.0733	NEGATIVE_EFFECT_PRODUCT	DIRECTION_CONCORDANT	CONDITIONAL	FINNISH_LD_SENSITIVITY_REQUIRED
TIER 2	CAT-PD	False	17	14860784	16319512	-0.0004103230473073	1.5988040922255562e-10	3.275789704560942e-06	rs12936233	1.6131422607851e-06	0.005326363809893005	LEVEL_C_ATLAS_FDR	0.0252295	-0.0691	NEGATIVE_EFFECT_PRODUCT	DIRECTION_CONCORDANT	CONDITIONAL	FINNISH_LD_SENSITIVITY_REQUIRED
TIER 2	CAT-PD	False	17	14860784	16319512	-0.0004103230473073	1.5988040922255562e-10	3.275789704560942e-06	rs12945855	1.81664330562309e-06	0.005850150307563205	LEVEL_C_ATLAS_FDR	0.0249947	-0.0691	NEGATIVE_EFFECT_PRODUCT	DIRECTION_CONCORDANT	CONDITIONAL	FINNISH_LD_SENSITIVITY_REQUIRED
TIER 2	CAT-PD	False	17	14860784	16319512	-0.0004103230473073	1.5988040922255562e-10	3.275789704560942e-06	rs4470185	8.74433233599386e-08	0.00048752105006422857	LEVEL_C_ATLAS_FDR	0.0294296	-0.0738	NEGATIVE_EFFECT_PRODUCT	DIRECTION_CONCORDANT	CONDITIONAL	FINNISH_LD_SENSITIVITY_REQUIRED
TIER 2	CAT-PD	False	17	14860784	16319512	-0.0004103230473073	1.5988040922255562e-10	3.275789704560942e-06	rs12946619	7.15961838357554e-08	0.00041385927861229896	LEVEL_C_ATLAS_FDR	0.0293775	-0.0749	NEGATIVE_EFFECT_PRODUCT	DIRECTION_CONCORDANT	CONDITIONAL	FINNISH_LD_SENSITIVITY_REQUIRED
TIER 2	CAT-PD	False	17	14860784	16319512	-0.0004103230473073	1.5988040922255562e-10	3.275789704560942e-06	rs7210224	4.20602763555204e-06	0.010875920191662784	LEVEL_C_ATLAS_FDR	-0.0295619	0.0678	NEGATIVE_EFFECT_PRODUCT	DIRECTION_CONCORDANT	CONDITIONAL	FINNISH_LD_SENSITIVITY_REQUIRED
TIER 2	CAT-PD	False	17	14860784	16319512	-0.0004103230473073	1.5988040922255562e-10	3.275789704560942e-06	rs1029809	1.30511148674143e-06	0.004477872212501388	LEVEL_C_ATLAS_FDR	0.0251803	-0.07	NEGATIVE_EFFECT_PRODUCT	DIRECTION_CONCORDANT	CONDITIONAL	FINNISH_LD_SENSITIVITY_REQUIRED
TIER 2	CAT-PD	False	17	14860784	16319512	-0.0004103230473073	1.5988040922255562e-10	3.275789704560942e-06	rs11650427	1.24315952488625e-06	0.004305315325486975	LEVEL_C_ATLAS_FDR	0.0253907	-0.0697	NEGATIVE_EFFECT_PRODUCT	DIRECTION_CONCORDANT	CONDITIONAL	FINNISH_LD_SENSITIVITY_REQUIRED
TIER 2	CAT-PD	False	17	14860784	16319512	-0.0004103230473073	1.5988040922255562e-10	3.275789704560942e-06	rs8073259	2.30348227676064e-07	0.0010791979556256336	LEVEL_C_ATLAS_FDR	-0.0281644	0.0728	NEGATIVE_EFFECT_PRODUCT	DIRECTION_CONCORDANT	CONDITIONAL	FINNISH_LD_SENSITIVITY_REQUIRED
TIER 2	CAT-PD	False	17	14860784	16319512	-0.0004103230473073	1.5988040922255562e-10	3.275789704560942e-06	rs2014604	5.42996638408638e-06	0.013083669472068975	LEVEL_C_ATLAS_FDR	0.0239917	-0.0653	NEGATIVE_EFFECT_PRODUCT	DIRECTION_CONCORDANT	CONDITIONAL	FINNISH_LD_SENSITIVITY_REQUIRED
TIER 2	CAT-PD	False	17	14860784	16319512	-0.0004103230473073	1.5988040922255562e-10	3.275789704560942e-06	rs2109262	2.96736262120468e-05	0.04267751780775637	LEVEL_C_ATLAS_FDR	0.0212098	-0.0617	NEGATIVE_EFFECT_PRODUCT	DIRECTION_CONCORDANT	CONDITIONAL	FINNISH_LD_SENSITIVITY_REQUIRED
TIER 2	CAT-PD	False	17	14860784	16319512	-0.0004103230473073	1.5988040922255562e-10	3.275789704560942e-06	rs3785626	3.37897749378895e-05	0.04655659887875358	LEVEL_C_ATLAS_FDR	0.0212001	-0.0609	NEGATIVE_EFFECT_PRODUCT	DIRECTION_CONCORDANT	CONDITIONAL	FINNISH_LD_SENSITIVITY_REQUIRED
TIER 2	CAT-PD	False	17	14860784	16319512	-0.0004103230473073	1.5988040922255562e-10	3.275789704560942e-06	rs4792728	3.25651562512068e-05	0.045435580368358465	LEVEL_C_ATLAS_FDR	0.0211898	-0.0608	NEGATIVE_EFFECT_PRODUCT	DIRECTION_CONCORDANT	CONDITIONAL	FINNISH_LD_SENSITIVITY_REQUIRED
TIER 2	CAT-PD	False	17	14860784	16319512	-0.0004103230473073	1.5988040922255562e-10	3.275789704560942e-06	rs4791665	5.9679067489869e-06	0.013965769828271137	LEVEL_C_ATLAS_FDR	0.0240144	-0.0643	NEGATIVE_EFFECT_PRODUCT	DIRECTION_CONCORDANT	CONDITIONAL	FINNISH_LD_SENSITIVITY_REQUIRED
TIER 2	CAT-PD	False	17	14860784	16319512	-0.0004103230473073	1.5988040922255562e-10	3.275789704560942e-06	rs3785623	6.4819130984548e-06	0.014788891611146384	LEVEL_C_ATLAS_FDR	0.0239859	-0.0639	NEGATIVE_EFFECT_PRODUCT	DIRECTION_CONCORDANT	CONDITIONAL	FINNISH_LD_SENSITIVITY_REQUIRED
TIER 2	CAT-PD	False	17	14860784	16319512	-0.0004103230473073	1.5988040922255562e-10	3.275789704560942e-06	rs3112511	4.68888454085069e-06	0.011770258516134563	LEVEL_C_ATLAS_FDR	-0.0244553	0.0645	NEGATIVE_EFFECT_PRODUCT	DIRECTION_CONCORDANT	CONDITIONAL	FINNISH_LD_SENSITIVITY_REQUIRED
TIER 2	CAT-PD	False	17	14860784	16319512	-0.0004103230473073	1.5988040922255562e-10	3.275789704560942e-06	rs3112513	4.83419313590063e-06	0.01204529772009686	LEVEL_C_ATLAS_FDR	-0.0244275	0.0644	NEGATIVE_EFFECT_PRODUCT	DIRECTION_CONCORDANT	CONDITIONAL	FINNISH_LD_SENSITIVITY_REQUIRED
TIER 2	CAT-PD	False	17	14860784	16319512	-0.0004103230473073	1.5988040922255562e-10	3.275789704560942e-06	rs3785621	3.99279273964822e-06	0.01047378683500916	LEVEL_C_ATLAS_FDR	0.0245162	-0.0652	NEGATIVE_EFFECT_PRODUCT	DIRECTION_CONCORDANT	CONDITIONAL	FINNISH_LD_SENSITIVITY_REQUIRED
TIER 2	CAT-PD	False	17	14860784	16319512	-0.0004103230473073	1.5988040922255562e-10	3.275789704560942e-06	rs9890539	2.50273449517484e-06	0.007483694489389908	LEVEL_C_ATLAS_FDR	0.0264575	-0.0647	NEGATIVE_EFFECT_PRODUCT	DIRECTION_CONCORDANT	CONDITIONAL	FINNISH_LD_SENSITIVITY_REQUIRED
TIER 2	CAT-PD	False	17	14860784	16319512	-0.0004103230473073	1.5988040922255562e-10	3.275789704560942e-06	rs12948905	2.26454540102448e-05	0.0354929387901566	LEVEL_C_ATLAS_FDR	0.0227193	-0.0607	NEGATIVE_EFFECT_PRODUCT	DIRECTION_CONCORDANT	CONDITIONAL	FINNISH_LD_SENSITIVITY_REQUIRED
TIER 2	CAT-PD	False	17	14860784	16319512	-0.0004103230473073	1.5988040922255562e-10	3.275789704560942e-06	rs15739	2.05188703615723e-05	0.033166230046766366	LEVEL_C_ATLAS_FDR	0.0228529	-0.0613	NEGATIVE_EFFECT_PRODUCT	DIRECTION_CONCORDANT	CONDITIONAL	FINNISH_LD_SENSITIVITY_REQUIRED
TIER 2	CAT-PD	False	17	14860784	16319512	-0.0004103230473073	1.5988040922255562e-10	3.275789704560942e-06	rs1476810	2.17647634392002e-05	0.03452098935405218	LEVEL_C_ATLAS_FDR	0.0226586	-0.0626	NEGATIVE_EFFECT_PRODUCT	DIRECTION_CONCORDANT	CONDITIONAL	FINNISH_LD_SENSITIVITY_REQUIRED
TIER 2	CAT-PD	False	17	14860784	16319512	-0.0004103230473073	1.5988040922255562e-10	3.275789704560942e-06	rs4792735	3.38561805634917e-06	0.009299718662981979	LEVEL_C_ATLAS_FDR	0.0264882	-0.0635	NEGATIVE_EFFECT_PRODUCT	DIRECTION_CONCORDANT	CONDITIONAL	FINNISH_LD_SENSITIVITY_REQUIRED
TIER 2	CAT-PD	False	17	14860784	16319512	-0.0004103230473073	1.5988040922255562e-10	3.275789704560942e-06	rs11650283	2.55513185647549e-05	0.03854204773244083	LEVEL_C_ATLAS_FDR	0.0232172	-0.0593	NEGATIVE_EFFECT_PRODUCT	DIRECTION_CONCORDANT	CONDITIONAL	FINNISH_LD_SENSITIVITY_REQUIRED
TIER 2	CAT-PD	False	17	14860784	16319512	-0.0004103230473073	1.5988040922255562e-10	3.275789704560942e-06	rs3112518	6.43829306255986e-06	0.014726278807820136	LEVEL_C_ATLAS_FDR	-0.0228166	0.0711	NEGATIVE_EFFECT_PRODUCT	DIRECTION_CONCORDANT	CONDITIONAL	FINNISH_LD_SENSITIVITY_REQUIRED
TIER 2	CAT-PD	False	17	14860784	16319512	-0.0004103230473073	1.5988040922255562e-10	3.275789704560942e-06	rs3112521	6.73107561635525e-06	0.015151225636984376	LEVEL_C_ATLAS_FDR	-0.0227877	0.0709	NEGATIVE_EFFECT_PRODUCT	DIRECTION_CONCORDANT	CONDITIONAL	FINNISH_LD_SENSITIVITY_REQUIRED
TIER 2	CAT-PD	False	17	14860784	16319512	-0.0004103230473073	1.5988040922255562e-10	3.275789704560942e-06	rs3112524	6.18985980351074e-06	0.014338373825964935	LEVEL_C_ATLAS_FDR	-0.0228919	0.0711	NEGATIVE_EFFECT_PRODUCT	DIRECTION_CONCORDANT	CONDITIONAL	FINNISH_LD_SENSITIVITY_REQUIRED
TIER 2	CAT-PD	False	17	14860784	16319512	-0.0004103230473073	1.5988040922255562e-10	3.275789704560942e-06	rs7477	3.2924827150661e-05	0.045769987621397314	LEVEL_C_ATLAS_FDR	0.021439	-0.0643	NEGATIVE_EFFECT_PRODUCT	DIRECTION_CONCORDANT	CONDITIONAL	FINNISH_LD_SENSITIVITY_REQUIRED
TIER 2	CAT-PD	False	17	14860784	16319512	-0.0004103230473073	1.5988040922255562e-10	3.275789704560942e-06	rs917609	7.1496130915722e-06	0.015780199411984126	LEVEL_C_ATLAS_FDR	-0.022757	0.071	NEGATIVE_EFFECT_PRODUCT	DIRECTION_CONCORDANT	CONDITIONAL	FINNISH_LD_SENSITIVITY_REQUIRED
TIER 2	CAT-PD	False	17	14860784	16319512	-0.0004103230473073	1.5988040922255562e-10	3.275789704560942e-06	rs3112526	1.56803762710452e-05	0.027460393233748784	LEVEL_C_ATLAS_FDR	-0.0226694	0.0666	NEGATIVE_EFFECT_PRODUCT	DIRECTION_CONCORDANT	CONDITIONAL	FINNISH_LD_SENSITIVITY_REQUIRED
TIER 2	CAT-PD	False	17	14860784	16319512	-0.0004103230473073	1.5988040922255562e-10	3.275789704560942e-06	rs3112527	7.47900307757378e-06	0.016305042156249557	LEVEL_C_ATLAS_FDR	-0.0227294	0.0708	NEGATIVE_EFFECT_PRODUCT	DIRECTION_CONCORDANT	CONDITIONAL	FINNISH_LD_SENSITIVITY_REQUIRED
TIER 2	CAT-T2D	False	4	94230511	95596188	-0.0001375879505063	5.277952136030489e-05	0.0472529339623195	rs12502725	2.51370281898717e-06	0.007505151220284335	LEVEL_C_ATLAS_FDR	0.0211034	-0.0341	NEGATIVE_EFFECT_PRODUCT	DIRECTION_CONCORDANT	CONDITIONAL	FINNISH_LD_SENSITIVITY_REQUIRED
TIER 2	CAT-T2D	False	4	94230511	95596188	-0.0001375879505063	5.277952136030489e-05	0.0472529339623195	rs28876091	1.7944156365641e-06	0.005792542553153494	LEVEL_C_ATLAS_FDR	0.0216077	-0.0345	NEGATIVE_EFFECT_PRODUCT	DIRECTION_CONCORDANT	CONDITIONAL	FINNISH_LD_SENSITIVITY_REQUIRED
TIER 2	CAT-T2D	False	4	94230511	95596188	-0.0001375879505063	5.277952136030489e-05	0.0472529339623195	rs1588384	2.69591779155098e-06	0.00789378917098189	LEVEL_C_ATLAS_FDR	0.0211045	-0.0339	NEGATIVE_EFFECT_PRODUCT	DIRECTION_CONCORDANT	CONDITIONAL	FINNISH_LD_SENSITIVITY_REQUIRED
TIER 2	CAT-T2D	False	4	94230511	95596188	-0.0001375879505063	5.277952136030489e-05	0.0472529339623195	rs7682116	1.79713365785575e-06	0.00579915935696354	LEVEL_C_ATLAS_FDR	0.0216048	-0.0345	NEGATIVE_EFFECT_PRODUCT	DIRECTION_CONCORDANT	CONDITIONAL	FINNISH_LD_SENSITIVITY_REQUIRED
TIER 2	CAT-T2D	False	4	94230511	95596188	-0.0001375879505063	5.277952136030489e-05	0.0472529339623195	rs2865330	1.72607152695535e-06	0.0056231694151037	LEVEL_C_ATLAS_FDR	0.0216817	-0.0345	NEGATIVE_EFFECT_PRODUCT	DIRECTION_CONCORDANT	CONDITIONAL	FINNISH_LD_SENSITIVITY_REQUIRED
TIER 2	CAT-T2D	False	4	94230511	95596188	-0.0001375879505063	5.277952136030489e-05	0.0472529339623195	rs1848794	2.69411012805116e-06	0.007891741076407843	LEVEL_C_ATLAS_FDR	0.0211052	-0.0339	NEGATIVE_EFFECT_PRODUCT	DIRECTION_CONCORDANT	CONDITIONAL	FINNISH_LD_SENSITIVITY_REQUIRED
TIER 2	CAT-T2D	False	4	94230511	95596188	-0.0001375879505063	5.277952136030489e-05	0.0472529339623195	rs4324525	1.79252380020895e-06	0.005787511973362275	LEVEL_C_ATLAS_FDR	0.0213613	-0.0349	NEGATIVE_EFFECT_PRODUCT	DIRECTION_CONCORDANT	CONDITIONAL	FINNISH_LD_SENSITIVITY_REQUIRED
TIER 2	CAT-T2D	False	4	94230511	95596188	-0.0001375879505063	5.277952136030489e-05	0.0472529339623195	rs2100915	2.69054291694644e-06	0.0078882986432902	LEVEL_C_ATLAS_FDR	0.0208611	-0.0343	NEGATIVE_EFFECT_PRODUCT	DIRECTION_CONCORDANT	CONDITIONAL	FINNISH_LD_SENSITIVITY_REQUIRED
TIER 2	CAT-T2D	False	4	94230511	95596188	-0.0001375879505063	5.277952136030489e-05	0.0472529339623195	rs1904094	1.7334353227742e-06	0.005641864037487098	LEVEL_C_ATLAS_FDR	0.0213576	-0.035	NEGATIVE_EFFECT_PRODUCT	DIRECTION_CONCORDANT	CONDITIONAL	FINNISH_LD_SENSITIVITY_REQUIRED
TIER 2	CAT-T2D	False	4	94230511	95596188	-0.0001375879505063	5.277952136030489e-05	0.0472529339623195	rs1904095	2.78977615385571e-06	0.008094780720612609	LEVEL_C_ATLAS_FDR	0.0207375	-0.0344	NEGATIVE_EFFECT_PRODUCT	DIRECTION_CONCORDANT	CONDITIONAL	FINNISH_LD_SENSITIVITY_REQUIRED
TIER 2	CAT-T2D	False	4	94230511	95596188	-0.0001375879505063	5.277952136030489e-05	0.0472529339623195	rs1904096	2.51324223108637e-06	0.007504421531168329	LEVEL_C_ATLAS_FDR	0.0208577	-0.0345	NEGATIVE_EFFECT_PRODUCT	DIRECTION_CONCORDANT	CONDITIONAL	FINNISH_LD_SENSITIVITY_REQUIRED
TIER 2	CAT-T2D	False	4	94230511	95596188	-0.0001375879505063	5.277952136030489e-05	0.0472529339623195	rs1509943	3.86344504821867e-06	0.010228574491656402	LEVEL_C_ATLAS_FDR	0.0213411	-0.0338	NEGATIVE_EFFECT_PRODUCT	DIRECTION_CONCORDANT	CONDITIONAL	FINNISH_LD_SENSITIVITY_REQUIRED
TIER 2	CAT-T2D	False	4	94230511	95596188	-0.0001375879505063	5.277952136030489e-05	0.0472529339623195	rs1509942	1.73538057171882e-06	0.005645826603175328	LEVEL_C_ATLAS_FDR	0.0213555	-0.035	NEGATIVE_EFFECT_PRODUCT	DIRECTION_CONCORDANT	CONDITIONAL	FINNISH_LD_SENSITIVITY_REQUIRED
TIER 2	CAT-T2D	False	4	94230511	95596188	-0.0001375879505063	5.277952136030489e-05	0.0472529339623195	rs1397027	2.53332369269878e-06	0.0075500954658330455	LEVEL_C_ATLAS_FDR	0.0209073	-0.0344	NEGATIVE_EFFECT_PRODUCT	DIRECTION_CONCORDANT	CONDITIONAL	FINNISH_LD_SENSITIVITY_REQUIRED
TIER 2	CAT-T2D	False	4	94230511	95596188	-0.0001375879505063	5.277952136030489e-05	0.0472529339623195	rs1397026	1.738823575638e-06	0.0056530406813879615	LEVEL_C_ATLAS_FDR	0.0213526	-0.035	NEGATIVE_EFFECT_PRODUCT	DIRECTION_CONCORDANT	CONDITIONAL	FINNISH_LD_SENSITIVITY_REQUIRED
TIER 2	CAT-T2D	False	4	94230511	95596188	-0.0001375879505063	5.277952136030489e-05	0.0472529339623195	rs1585652	1.74150148329845e-06	0.005659282827226	LEVEL_C_ATLAS_FDR	0.0213493	-0.035	NEGATIVE_EFFECT_PRODUCT	DIRECTION_CONCORDANT	CONDITIONAL	FINNISH_LD_SENSITIVITY_REQUIRED
TIER 2	CAT-T2D	False	4	94230511	95596188	-0.0001375879505063	5.277952136030489e-05	0.0472529339623195	rs2219755	1.73834720262954e-06	0.005652666259578886	LEVEL_C_ATLAS_FDR	0.0213512	-0.035	NEGATIVE_EFFECT_PRODUCT	DIRECTION_CONCORDANT	CONDITIONAL	FINNISH_LD_SENSITIVITY_REQUIRED
TIER 2	CAT-T2D	False	4	94230511	95596188	-0.0001375879505063	5.277952136030489e-05	0.0472529339623195	rs2199603	1.80476966603561e-06	0.005820012634471351	LEVEL_C_ATLAS_FDR	0.0213472	-0.0349	NEGATIVE_EFFECT_PRODUCT	DIRECTION_CONCORDANT	CONDITIONAL	FINNISH_LD_SENSITIVITY_REQUIRED
TIER 2	CAT-T2D	False	4	94230511	95596188	-0.0001375879505063	5.277952136030489e-05	0.0472529339623195	rs7694820	1.80557711889678e-06	0.005821534837051912	LEVEL_C_ATLAS_FDR	0.0213464	-0.0349	NEGATIVE_EFFECT_PRODUCT	DIRECTION_CONCORDANT	CONDITIONAL	FINNISH_LD_SENSITIVITY_REQUIRED
TIER 2	CAT-T2D	False	4	94230511	95596188	-0.0001375879505063	5.277952136030489e-05	0.0472529339623195	rs1588385	1.67862265996357e-06	0.0054974846184891795	LEVEL_C_ATLAS_FDR	0.021352	-0.0351	NEGATIVE_EFFECT_PRODUCT	DIRECTION_CONCORDANT	CONDITIONAL	FINNISH_LD_SENSITIVITY_REQUIRED
TIER 2	CAT-T2D	False	4	94230511	95596188	-0.0001375879505063	5.277952136030489e-05	0.0472529339623195	rs1588381	1.71650811148316e-06	0.005597267050008225	LEVEL_C_ATLAS_FDR	0.0213788	-0.035	NEGATIVE_EFFECT_PRODUCT	DIRECTION_CONCORDANT	CONDITIONAL	FINNISH_LD_SENSITIVITY_REQUIRED
TIER 2	CAT-T2D	False	4	94230511	95596188	-0.0001375879505063	5.277952136030489e-05	0.0472529339623195	rs1588382	1.6859881975788e-06	0.005516402090106819	LEVEL_C_ATLAS_FDR	0.0213482	-0.0351	NEGATIVE_EFFECT_PRODUCT	DIRECTION_CONCORDANT	CONDITIONAL	FINNISH_LD_SENSITIVITY_REQUIRED
TIER 2	CAT-T2D	False	4	94230511	95596188	-0.0001375879505063	5.277952136030489e-05	0.0472529339623195	rs1509940	1.74620680622317e-06	0.005670140300350756	LEVEL_C_ATLAS_FDR	0.0213429	-0.035	NEGATIVE_EFFECT_PRODUCT	DIRECTION_CONCORDANT	CONDITIONAL	FINNISH_LD_SENSITIVITY_REQUIRED
TIER 2	CAT-T2D	False	4	94230511	95596188	-0.0001375879505063	5.277952136030489e-05	0.0472529339623195	rs1509941	2.97825433001854e-06	0.00848771507265391	LEVEL_C_ATLAS_FDR	0.0206368	-0.0344	NEGATIVE_EFFECT_PRODUCT	DIRECTION_CONCORDANT	CONDITIONAL	FINNISH_LD_SENSITIVITY_REQUIRED
TIER 2	CAT-T2D	False	4	94230511	95596188	-0.0001375879505063	5.277952136030489e-05	0.0472529339623195	rs1397025	1.65856221532487e-06	0.005446689443277524	LEVEL_C_ATLAS_FDR	0.0214327	-0.035	NEGATIVE_EFFECT_PRODUCT	DIRECTION_CONCORDANT	CONDITIONAL	FINNISH_LD_SENSITIVITY_REQUIRED
TIER 2	CAT-T2D	False	4	94230511	95596188	-0.0001375879505063	5.277952136030489e-05	0.0472529339623195	rs6532454	2.62757100547002e-06	0.007750356719583176	LEVEL_C_ATLAS_FDR	0.0208389	-0.0344	NEGATIVE_EFFECT_PRODUCT	DIRECTION_CONCORDANT	CONDITIONAL	FINNISH_LD_SENSITIVITY_REQUIRED
TIER 2	CAT-T2D	False	4	94230511	95596188	-0.0001375879505063	5.277952136030489e-05	0.0472529339623195	rs1355240	1.88022732646633e-06	0.006014179816364909	LEVEL_C_ATLAS_FDR	0.0213376	-0.0348	NEGATIVE_EFFECT_PRODUCT	DIRECTION_CONCORDANT	CONDITIONAL	FINNISH_LD_SENSITIVITY_REQUIRED
TIER 2	CAT-T2D	False	4	94230511	95596188	-0.0001375879505063	5.277952136030489e-05	0.0472529339623195	rs899133	1.88272905855294e-06	0.006019963037109051	LEVEL_C_ATLAS_FDR	0.0213353	-0.0348	NEGATIVE_EFFECT_PRODUCT	DIRECTION_CONCORDANT	CONDITIONAL	FINNISH_LD_SENSITIVITY_REQUIRED
TIER 2	CAT-T2D	False	4	94230511	95596188	-0.0001375879505063	5.277952136030489e-05	0.0472529339623195	rs899135	5.61077424207495e-06	0.013376338586231872	LEVEL_C_ATLAS_FDR	0.020801	-0.0333	NEGATIVE_EFFECT_PRODUCT	DIRECTION_CONCORDANT	CONDITIONAL	FINNISH_LD_SENSITIVITY_REQUIRED
TIER 2	CAT-T2D	False	4	94230511	95596188	-0.0001375879505063	5.277952136030489e-05	0.0472529339623195	rs9307135	1.75238029264928e-06	0.005684365473118865	LEVEL_C_ATLAS_FDR	0.0213368	-0.035	NEGATIVE_EFFECT_PRODUCT	DIRECTION_CONCORDANT	CONDITIONAL	FINNISH_LD_SENSITIVITY_REQUIRED
TIER 2	CAT-T2D	False	4	94230511	95596188	-0.0001375879505063	5.277952136030489e-05	0.0472529339623195	rs3846291	1.69860402683047e-06	0.005551400678252059	LEVEL_C_ATLAS_FDR	0.0213294	-0.0351	NEGATIVE_EFFECT_PRODUCT	DIRECTION_CONCORDANT	CONDITIONAL	FINNISH_LD_SENSITIVITY_REQUIRED
TIER 2	CAT-T2D	False	4	94230511	95596188	-0.0001375879505063	5.277952136030489e-05	0.0472529339623195	rs6532462	1.69721858822261e-06	0.005547395073439964	LEVEL_C_ATLAS_FDR	0.0213308	-0.0351	NEGATIVE_EFFECT_PRODUCT	DIRECTION_CONCORDANT	CONDITIONAL	FINNISH_LD_SENSITIVITY_REQUIRED
TIER 2	CAT-T2D	False	4	94230511	95596188	-0.0001375879505063	5.277952136030489e-05	0.0472529339623195	rs6532463	1.66991256596299e-06	0.005475157961300392	LEVEL_C_ATLAS_FDR	0.0213588	-0.0351	NEGATIVE_EFFECT_PRODUCT	DIRECTION_CONCORDANT	CONDITIONAL	FINNISH_LD_SENSITIVITY_REQUIRED
TIER 2	CAT-T2D	False	4	94230511	95596188	-0.0001375879505063	5.277952136030489e-05	0.0472529339623195	rs3846292	1.66759162259491e-06	0.005470648658506876	LEVEL_C_ATLAS_FDR	0.0213613	-0.0351	NEGATIVE_EFFECT_PRODUCT	DIRECTION_CONCORDANT	CONDITIONAL	FINNISH_LD_SENSITIVITY_REQUIRED
TIER 2	CAT-T2D	False	4	94230511	95596188	-0.0001375879505063	5.277952136030489e-05	0.0472529339623195	rs7685048	1.61165283720792e-06	0.005322854742407118	LEVEL_C_ATLAS_FDR	0.021359	-0.0352	NEGATIVE_EFFECT_PRODUCT	DIRECTION_CONCORDANT	CONDITIONAL	FINNISH_LD_SENSITIVITY_REQUIRED
TIER 2	CAT-T2D	False	4	94230511	95596188	-0.0001375879505063	5.277952136030489e-05	0.0472529339623195	rs7685601	1.66832168509673e-06	0.0054711840008178445	LEVEL_C_ATLAS_FDR	0.0213614	-0.0351	NEGATIVE_EFFECT_PRODUCT	DIRECTION_CONCORDANT	CONDITIONAL	FINNISH_LD_SENSITIVITY_REQUIRED
TIER 2	CAT-T2D	False	4	94230511	95596188	-0.0001375879505063	5.277952136030489e-05	0.0472529339623195	rs2865336	2.55824036192046e-06	0.007604955045280927	LEVEL_C_ATLAS_FDR	0.0208856	-0.0344	NEGATIVE_EFFECT_PRODUCT	DIRECTION_CONCORDANT	CONDITIONAL	FINNISH_LD_SENSITIVITY_REQUIRED
TIER 2	CAT-T2D	False	4	94230511	95596188	-0.0001375879505063	5.277952136030489e-05	0.0472529339623195	rs964843	2.40976791623719e-06	0.007275933352887071	LEVEL_C_ATLAS_FDR	0.0209296	-0.0345	NEGATIVE_EFFECT_PRODUCT	DIRECTION_CONCORDANT	CONDITIONAL	FINNISH_LD_SENSITIVITY_REQUIRED
TIER 2	CAT-T2D	False	4	94230511	95596188	-0.0001375879505063	5.277952136030489e-05	0.0472529339623195	rs1841925	1.58463856236809e-06	0.00524761420022879	LEVEL_C_ATLAS_FDR	0.0214677	-0.0348	NEGATIVE_EFFECT_PRODUCT	DIRECTION_CONCORDANT	CONDITIONAL	FINNISH_LD_SENSITIVITY_REQUIRED
TIER 2	CAT-T2D	False	4	94230511	95596188	-0.0001375879505063	5.277952136030489e-05	0.0472529339623195	rs5019896	1.2590452637139e-06	0.004349915043722178	LEVEL_C_ATLAS_FDR	0.0218024	-0.0349	NEGATIVE_EFFECT_PRODUCT	DIRECTION_CONCORDANT	CONDITIONAL	FINNISH_LD_SENSITIVITY_REQUIRED
TIER 2	CAT-T2D	False	4	94230511	95596188	-0.0001375879505063	5.277952136030489e-05	0.0472529339623195	rs10023582	1.35285400280641e-06	0.00461385899762225	LEVEL_C_ATLAS_FDR	0.0216742	-0.0349	NEGATIVE_EFFECT_PRODUCT	DIRECTION_CONCORDANT	CONDITIONAL	FINNISH_LD_SENSITIVITY_REQUIRED
TIER 2	CAT-T2D	False	4	94230511	95596188	-0.0001375879505063	5.277952136030489e-05	0.0472529339623195	rs7668980	1.53489248316369e-06	0.00512049219300943	LEVEL_C_ATLAS_FDR	0.0217068	-0.0345	NEGATIVE_EFFECT_PRODUCT	DIRECTION_CONCORDANT	CONDITIONAL	FINNISH_LD_SENSITIVITY_REQUIRED
TIER 2	CAT-T2D	False	4	94230511	95596188	-0.0001375879505063	5.277952136030489e-05	0.0472529339623195	rs899132	1.40022705567595e-06	0.004750273954182681	LEVEL_C_ATLAS_FDR	0.0220703	-0.0342	NEGATIVE_EFFECT_PRODUCT	DIRECTION_CONCORDANT	CONDITIONAL	FINNISH_LD_SENSITIVITY_REQUIRED
TIER 2	CAT-T2D	False	4	94230511	95596188	-0.0001375879505063	5.277952136030489e-05	0.0472529339623195	rs12505694	1.47625783584967e-06	0.00496544701701857	LEVEL_C_ATLAS_FDR	0.0220426	-0.0341	NEGATIVE_EFFECT_PRODUCT	DIRECTION_CONCORDANT	CONDITIONAL	FINNISH_LD_SENSITIVITY_REQUIRED
TIER 2	CAT-T2D	False	4	94230511	95596188	-0.0001375879505063	5.277952136030489e-05	0.0472529339623195	rs965807	1.48050129294233e-06	0.004977308552854344	LEVEL_C_ATLAS_FDR	0.0221701	-0.0339	NEGATIVE_EFFECT_PRODUCT	DIRECTION_CONCORDANT	CONDITIONAL	FINNISH_LD_SENSITIVITY_REQUIRED
TIER 2	CAT-T2D	False	4	94230511	95596188	-0.0001375879505063	5.277952136030489e-05	0.0472529339623195	rs4693368	1.46590868500651e-06	0.004934940998710671	LEVEL_C_ATLAS_FDR	0.0221191	-0.034	NEGATIVE_EFFECT_PRODUCT	DIRECTION_CONCORDANT	CONDITIONAL	FINNISH_LD_SENSITIVITY_REQUIRED
TIER 2	CAT-T2D	False	4	94230511	95596188	-0.0001375879505063	5.277952136030489e-05	0.0472529339623195	rs6815207	1.41842181533704e-06	0.004802089813103235	LEVEL_C_ATLAS_FDR	0.0210427	-0.0358	NEGATIVE_EFFECT_PRODUCT	DIRECTION_CONCORDANT	CONDITIONAL	FINNISH_LD_SENSITIVITY_REQUIRED
TIER 2	CAT-T2D	False	4	94230511	95596188	-0.0001375879505063	5.277952136030489e-05	0.0472529339623195	rs7340895	4.20224662914357e-06	0.010869382079572009	LEVEL_C_ATLAS_FDR	0.0218781	-0.0327	NEGATIVE_EFFECT_PRODUCT	DIRECTION_CONCORDANT	CONDITIONAL	FINNISH_LD_SENSITIVITY_REQUIRED
TIER 2	CAT-T2D	False	4	94230511	95596188	-0.0001375879505063	5.277952136030489e-05	0.0472529339623195	rs1585651	6.18935694522881e-07	0.0024416760622601556	LEVEL_C_ATLAS_FDR	0.0210285	-0.0382	NEGATIVE_EFFECT_PRODUCT	DIRECTION_CONCORDANT	CONDITIONAL	FINNISH_LD_SENSITIVITY_REQUIRED
TIER 2	CAT-T2D	False	4	94230511	95596188	-0.0001375879505063	5.277952136030489e-05	0.0472529339623195	rs10024198	5.92037268665153e-07	0.002355371655080243	LEVEL_C_ATLAS_FDR	0.021043	-0.0383	NEGATIVE_EFFECT_PRODUCT	DIRECTION_CONCORDANT	CONDITIONAL	FINNISH_LD_SENSITIVITY_REQUIRED
TIER 2	CAT-T2D	False	4	94230511	95596188	-0.0001375879505063	5.277952136030489e-05	0.0472529339623195	rs10018905	5.74674624360507e-07	0.0022994732979499844	LEVEL_C_ATLAS_FDR	0.021034	-0.0384	NEGATIVE_EFFECT_PRODUCT	DIRECTION_CONCORDANT	CONDITIONAL	FINNISH_LD_SENSITIVITY_REQUIRED
TIER 2	CAT-T2D	False	4	94230511	95596188	-0.0001375879505063	5.277952136030489e-05	0.0472529339623195	rs4693374	6.69447369551329e-07	0.002601035771196036	LEVEL_C_ATLAS_FDR	0.0209868	-0.038	NEGATIVE_EFFECT_PRODUCT	DIRECTION_CONCORDANT	CONDITIONAL	FINNISH_LD_SENSITIVITY_REQUIRED
TIER 2	CAT-T2D	False	4	94230511	95596188	-0.0001375879505063	5.277952136030489e-05	0.0472529339623195	rs4438731	4.27709343277692e-07	0.0017930575724897208	LEVEL_C_ATLAS_FDR	0.0212547	-0.039	NEGATIVE_EFFECT_PRODUCT	DIRECTION_CONCORDANT	CONDITIONAL	FINNISH_LD_SENSITIVITY_REQUIRED
TIER 2	CAT-T2D	False	4	94230511	95596188	-0.0001375879505063	5.277952136030489e-05	0.0472529339623195	rs6821438	2.8666921391653e-07	0.0012869599852599015	LEVEL_C_ATLAS_FDR	0.0214937	-0.0397	NEGATIVE_EFFECT_PRODUCT	DIRECTION_CONCORDANT	CONDITIONAL	FINNISH_LD_SENSITIVITY_REQUIRED
TIER 2	CAT-T2D	False	4	94230511	95596188	-0.0001375879505063	5.277952136030489e-05	0.0472529339623195	rs6821638	3.07793154438436e-07	0.001361150592933602	LEVEL_C_ATLAS_FDR	0.0214937	-0.0395	NEGATIVE_EFFECT_PRODUCT	DIRECTION_CONCORDANT	CONDITIONAL	FINNISH_LD_SENSITIVITY_REQUIRED
TIER 2	CAT-T2D	False	4	94230511	95596188	-0.0001375879505063	5.277952136030489e-05	0.0472529339623195	rs722486	3.12072603069356e-07	0.0013773133283753532	LEVEL_C_ATLAS_FDR	0.0215281	-0.0394	NEGATIVE_EFFECT_PRODUCT	DIRECTION_CONCORDANT	CONDITIONAL	FINNISH_LD_SENSITIVITY_REQUIRED
TIER 2	CAT-T2D	False	4	94230511	95596188	-0.0001375879505063	5.277952136030489e-05	0.0472529339623195	rs10008044	3.19059045776488e-07	0.001401697620774076	LEVEL_C_ATLAS_FDR	0.0214931	-0.0394	NEGATIVE_EFFECT_PRODUCT	DIRECTION_CONCORDANT	CONDITIONAL	FINNISH_LD_SENSITIVITY_REQUIRED
TIER 2	CAT-T2D	False	4	94230511	95596188	-0.0001375879505063	5.277952136030489e-05	0.0472529339623195	rs72665608	2.99822147126507e-07	0.001334958340831527	LEVEL_C_ATLAS_FDR	0.0215928	-0.0394	NEGATIVE_EFFECT_PRODUCT	DIRECTION_CONCORDANT	CONDITIONAL	FINNISH_LD_SENSITIVITY_REQUIRED
TIER 2	CAT-T2D	False	4	94230511	95596188	-0.0001375879505063	5.277952136030489e-05	0.0472529339623195	rs7678054	3.19204662616984e-07	0.0014018389689452572	LEVEL_C_ATLAS_FDR	0.0214924	-0.0394	NEGATIVE_EFFECT_PRODUCT	DIRECTION_CONCORDANT	CONDITIONAL	FINNISH_LD_SENSITIVITY_REQUIRED
TIER 2	CAT-T2D	False	4	94230511	95596188	-0.0001375879505063	5.277952136030489e-05	0.0472529339623195	rs10023115	3.35869403857368e-07	0.0014617097094280572	LEVEL_C_ATLAS_FDR	0.0214702	-0.0393	NEGATIVE_EFFECT_PRODUCT	DIRECTION_CONCORDANT	CONDITIONAL	FINNISH_LD_SENSITIVITY_REQUIRED
TIER 2	CAT-T2D	False	4	94230511	95596188	-0.0001375879505063	5.277952136030489e-05	0.0472529339623195	rs34396894	3.19799546584403e-07	0.001403741102930657	LEVEL_C_ATLAS_FDR	0.0218056	-0.0388	NEGATIVE_EFFECT_PRODUCT	DIRECTION_CONCORDANT	CONDITIONAL	FINNISH_LD_SENSITIVITY_REQUIRED
TIER 2	CAT-T2D	False	4	94230511	95596188	-0.0001375879505063	5.277952136030489e-05	0.0472529339623195	rs7676797	4.36799053160956e-07	0.001826311243846175	LEVEL_C_ATLAS_FDR	0.0214203	-0.0384	NEGATIVE_EFFECT_PRODUCT	DIRECTION_CONCORDANT	CONDITIONAL	FINNISH_LD_SENSITIVITY_REQUIRED
TIER 2	CAT-T2D	False	4	94230511	95596188	-0.0001375879505063	5.277952136030489e-05	0.0472529339623195	rs1876918	3.14138679263403e-07	0.00138379268228842	LEVEL_C_ATLAS_FDR	0.0216007	-0.0393	NEGATIVE_EFFECT_PRODUCT	DIRECTION_CONCORDANT	CONDITIONAL	FINNISH_LD_SENSITIVITY_REQUIRED
TIER 2	CAT-T2D	False	4	94230511	95596188	-0.0001375879505063	5.277952136030489e-05	0.0472529339623195	rs10212784	2.47108447099676e-06	0.007408493085814506	LEVEL_C_ATLAS_FDR	0.0216571	-0.0355	NEGATIVE_EFFECT_PRODUCT	DIRECTION_CONCORDANT	CONDITIONAL	FINNISH_LD_SENSITIVITY_REQUIRED
TIER 2	CAT-T2D	False	4	94230511	95596188	-0.0001375879505063	5.277952136030489e-05	0.0472529339623195	rs6532469	3.09134581601409e-07	0.0013655619266524947	LEVEL_C_ATLAS_FDR	0.0218016	-0.0389	NEGATIVE_EFFECT_PRODUCT	DIRECTION_CONCORDANT	CONDITIONAL	FINNISH_LD_SENSITIVITY_REQUIRED
TIER 2	CAT-T2D	False	4	94230511	95596188	-0.0001375879505063	5.277952136030489e-05	0.0472529339623195	rs2865343	7.98258119583268e-07	0.0030017495172531597	LEVEL_C_ATLAS_FDR	0.0221117	-0.0369	NEGATIVE_EFFECT_PRODUCT	DIRECTION_CONCORDANT	CONDITIONAL	FINNISH_LD_SENSITIVITY_REQUIRED
TIER 2	CAT-T2D	False	4	94230511	95596188	-0.0001375879505063	5.277952136030489e-05	0.0472529339623195	rs2865344	3.19091714774085e-07	0.001401697620774076	LEVEL_C_ATLAS_FDR	0.0216571	-0.0391	NEGATIVE_EFFECT_PRODUCT	DIRECTION_CONCORDANT	CONDITIONAL	FINNISH_LD_SENSITIVITY_REQUIRED
TIER 2	CAT-T2D	False	4	94230511	95596188	-0.0001375879505063	5.277952136030489e-05	0.0472529339623195	rs2171384	3.24313938979482e-07	0.0014192494778641365	LEVEL_C_ATLAS_FDR	0.0216873	-0.039	NEGATIVE_EFFECT_PRODUCT	DIRECTION_CONCORDANT	CONDITIONAL	FINNISH_LD_SENSITIVITY_REQUIRED
TIER 2	CAT-T2D	False	4	94230511	95596188	-0.0001375879505063	5.277952136030489e-05	0.0472529339623195	rs7669168	2.57660104796706e-06	0.007644943353304899	LEVEL_C_ATLAS_FDR	0.0217513	-0.0352	NEGATIVE_EFFECT_PRODUCT	DIRECTION_CONCORDANT	CONDITIONAL	FINNISH_LD_SENSITIVITY_REQUIRED
TIER 2	CAT-T2D	False	4	94230511	95596188	-0.0001375879505063	5.277952136030489e-05	0.0472529339623195	rs4692998	3.2252069169076e-07	0.0014135404297574983	LEVEL_C_ATLAS_FDR	0.021643	-0.0391	NEGATIVE_EFFECT_PRODUCT	DIRECTION_CONCORDANT	CONDITIONAL	FINNISH_LD_SENSITIVITY_REQUIRED
TIER 2	CAT-T2D	False	4	94230511	95596188	-0.0001375879505063	5.277952136030489e-05	0.0472529339623195	rs4692999	3.19385850081869e-07	0.0014022798551408312	LEVEL_C_ATLAS_FDR	0.0216581	-0.0391	NEGATIVE_EFFECT_PRODUCT	DIRECTION_CONCORDANT	CONDITIONAL	FINNISH_LD_SENSITIVITY_REQUIRED
TIER 2	CAT-T2D	False	4	94230511	95596188	-0.0001375879505063	5.277952136030489e-05	0.0472529339623195	rs6825522	3.07861456989071e-07	0.001361150592933602	LEVEL_C_ATLAS_FDR	0.0216571	-0.0392	NEGATIVE_EFFECT_PRODUCT	DIRECTION_CONCORDANT	CONDITIONAL	FINNISH_LD_SENSITIVITY_REQUIRED
TIER 2	CAT-T2D	False	4	94230511	95596188	-0.0001375879505063	5.277952136030489e-05	0.0472529339623195	rs6532471	3.05767313116507e-07	0.0013553847394349335	LEVEL_C_ATLAS_FDR	0.0216706	-0.0392	NEGATIVE_EFFECT_PRODUCT	DIRECTION_CONCORDANT	CONDITIONAL	FINNISH_LD_SENSITIVITY_REQUIRED
TIER 2	CAT-T2D	False	4	94230511	95596188	-0.0001375879505063	5.277952136030489e-05	0.0472529339623195	rs1509946	2.45822402040652e-07	0.001139849384133702	LEVEL_C_ATLAS_FDR	0.0221912	-0.0386	NEGATIVE_EFFECT_PRODUCT	DIRECTION_CONCORDANT	CONDITIONAL	FINNISH_LD_SENSITIVITY_REQUIRED
TIER 2	CAT-T2D	False	4	94230511	95596188	-0.0001375879505063	5.277952136030489e-05	0.0472529339623195	rs17302300	3.13819599614298e-07	0.0013829136144031015	LEVEL_C_ATLAS_FDR	0.0216359	-0.0392	NEGATIVE_EFFECT_PRODUCT	DIRECTION_CONCORDANT	CONDITIONAL	FINNISH_LD_SENSITIVITY_REQUIRED
TIER 2	CAT-T2D	False	4	94230511	95596188	-0.0001375879505063	5.277952136030489e-05	0.0472529339623195	rs12513267	3.07861456989071e-07	0.001361150592933602	LEVEL_C_ATLAS_FDR	0.0216571	-0.0392	NEGATIVE_EFFECT_PRODUCT	DIRECTION_CONCORDANT	CONDITIONAL	FINNISH_LD_SENSITIVITY_REQUIRED
TIER 2	CAT-T2D	False	4	94230511	95596188	-0.0001375879505063	5.277952136030489e-05	0.0472529339623195	rs12505596	3.19091714774085e-07	0.001401697620774076	LEVEL_C_ATLAS_FDR	0.0216571	-0.0391	NEGATIVE_EFFECT_PRODUCT	DIRECTION_CONCORDANT	CONDITIONAL	FINNISH_LD_SENSITIVITY_REQUIRED
TIER 2	CAT-T2D	False	4	94230511	95596188	-0.0001375879505063	5.277952136030489e-05	0.0472529339623195	rs7680953	3.07861456989071e-07	0.001361150592933602	LEVEL_C_ATLAS_FDR	0.0216571	-0.0392	NEGATIVE_EFFECT_PRODUCT	DIRECTION_CONCORDANT	CONDITIONAL	FINNISH_LD_SENSITIVITY_REQUIRED
TIER 2	CAT-T2D	False	4	94230511	95596188	-0.0001375879505063	5.277952136030489e-05	0.0472529339623195	rs6532472	3.23810445050885e-07	0.0014177610658717237	LEVEL_C_ATLAS_FDR	0.0215291	-0.0393	NEGATIVE_EFFECT_PRODUCT	DIRECTION_CONCORDANT	CONDITIONAL	FINNISH_LD_SENSITIVITY_REQUIRED
TIER 2	CAT-T2D	False	4	94230511	95596188	-0.0001375879505063	5.277952136030489e-05	0.0472529339623195	rs72665627	3.05247262544456e-07	0.0013535577647260273	LEVEL_C_ATLAS_FDR	0.0216156	-0.0393	NEGATIVE_EFFECT_PRODUCT	DIRECTION_CONCORDANT	CONDITIONAL	FINNISH_LD_SENSITIVITY_REQUIRED
TIER 2	CAT-T2D	False	4	94230511	95596188	-0.0001375879505063	5.277952136030489e-05	0.0472529339623195	rs17302467	3.07861456989071e-07	0.001361150592933602	LEVEL_C_ATLAS_FDR	0.0216571	-0.0392	NEGATIVE_EFFECT_PRODUCT	DIRECTION_CONCORDANT	CONDITIONAL	FINNISH_LD_SENSITIVITY_REQUIRED
TIER 2	CAT-T2D	False	4	94230511	95596188	-0.0001375879505063	5.277952136030489e-05	0.0472529339623195	rs6857967	3.13135585348045e-07	0.0013810816309240746	LEVEL_C_ATLAS_FDR	0.0217823	-0.0389	NEGATIVE_EFFECT_PRODUCT	DIRECTION_CONCORDANT	CONDITIONAL	FINNISH_LD_SENSITIVITY_REQUIRED
TIER 2	CAT-T2D	False	4	94230511	95596188	-0.0001375879505063	5.277952136030489e-05	0.0472529339623195	rs6858265	3.07861456989071e-07	0.001361150592933602	LEVEL_C_ATLAS_FDR	0.0216571	-0.0392	NEGATIVE_EFFECT_PRODUCT	DIRECTION_CONCORDANT	CONDITIONAL	FINNISH_LD_SENSITIVITY_REQUIRED
TIER 2	CAT-T2D	False	4	94230511	95596188	-0.0001375879505063	5.277952136030489e-05	0.0472529339623195	rs7654565	3.07861456989071e-07	0.001361150592933602	LEVEL_C_ATLAS_FDR	0.0216571	-0.0392	NEGATIVE_EFFECT_PRODUCT	DIRECTION_CONCORDANT	CONDITIONAL	FINNISH_LD_SENSITIVITY_REQUIRED
TIER 2	CAT-T2D	False	4	94230511	95596188	-0.0001375879505063	5.277952136030489e-05	0.0472529339623195	rs4560373	3.07861456989071e-07	0.001361150592933602	LEVEL_C_ATLAS_FDR	0.0216571	-0.0392	NEGATIVE_EFFECT_PRODUCT	DIRECTION_CONCORDANT	CONDITIONAL	FINNISH_LD_SENSITIVITY_REQUIRED
TIER 2	CAT-T2D	False	4	94230511	95596188	-0.0001375879505063	5.277952136030489e-05	0.0472529339623195	rs17374832	3.07861456989071e-07	0.001361150592933602	LEVEL_C_ATLAS_FDR	0.0216571	-0.0392	NEGATIVE_EFFECT_PRODUCT	DIRECTION_CONCORDANT	CONDITIONAL	FINNISH_LD_SENSITIVITY_REQUIRED
TIER 2	CAT-T2D	False	4	94230511	95596188	-0.0001375879505063	5.277952136030489e-05	0.0472529339623195	rs28408270	3.13165150933662e-07	0.0013810816309240746	LEVEL_C_ATLAS_FDR	0.0216864	-0.0391	NEGATIVE_EFFECT_PRODUCT	DIRECTION_CONCORDANT	CONDITIONAL	FINNISH_LD_SENSITIVITY_REQUIRED
TIER 2	CAT-T2D	False	4	94230511	95596188	-0.0001375879505063	5.277952136030489e-05	0.0472529339623195	rs12507575	3.07861456989071e-07	0.001361150592933602	LEVEL_C_ATLAS_FDR	0.0216571	-0.0392	NEGATIVE_EFFECT_PRODUCT	DIRECTION_CONCORDANT	CONDITIONAL	FINNISH_LD_SENSITIVITY_REQUIRED
TIER 2	CAT-T2D	False	4	94230511	95596188	-0.0001375879505063	5.277952136030489e-05	0.0472529339623195	rs4693001	3.07861456989071e-07	0.001361150592933602	LEVEL_C_ATLAS_FDR	0.0216571	-0.0392	NEGATIVE_EFFECT_PRODUCT	DIRECTION_CONCORDANT	CONDITIONAL	FINNISH_LD_SENSITIVITY_REQUIRED
TIER 2	CAT-T2D	False	4	94230511	95596188	-0.0001375879505063	5.277952136030489e-05	0.0472529339623195	rs4693002	4.62028132047163e-07	0.0019133595875768289	LEVEL_C_ATLAS_FDR	0.0213669	-0.0383	NEGATIVE_EFFECT_PRODUCT	DIRECTION_CONCORDANT	CONDITIONAL	FINNISH_LD_SENSITIVITY_REQUIRED
TIER 2	CAT-T2D	False	4	94230511	95596188	-0.0001375879505063	5.277952136030489e-05	0.0472529339623195	rs1961302	3.07861456989071e-07	0.001361150592933602	LEVEL_C_ATLAS_FDR	0.0216571	-0.0392	NEGATIVE_EFFECT_PRODUCT	DIRECTION_CONCORDANT	CONDITIONAL	FINNISH_LD_SENSITIVITY_REQUIRED
TIER 2	CAT-T2D	False	4	94230511	95596188	-0.0001375879505063	5.277952136030489e-05	0.0472529339623195	rs1961303	3.07861456989071e-07	0.001361150592933602	LEVEL_C_ATLAS_FDR	0.0216571	-0.0392	NEGATIVE_EFFECT_PRODUCT	DIRECTION_CONCORDANT	CONDITIONAL	FINNISH_LD_SENSITIVITY_REQUIRED
TIER 2	CAT-T2D	False	4	94230511	95596188	-0.0001375879505063	5.277952136030489e-05	0.0472529339623195	rs4693375	3.44246342041125e-07	0.0014936717967554438	LEVEL_C_ATLAS_FDR	0.0218045	-0.0386	NEGATIVE_EFFECT_PRODUCT	DIRECTION_CONCORDANT	CONDITIONAL	FINNISH_LD_SENSITIVITY_REQUIRED
TIER 2	CAT-T2D	False	4	94230511	95596188	-0.0001375879505063	5.277952136030489e-05	0.0472529339623195	rs9307137	4.04144595966521e-07	0.0017083975386598558	LEVEL_C_ATLAS_FDR	0.0217784	-0.0382	NEGATIVE_EFFECT_PRODUCT	DIRECTION_CONCORDANT	CONDITIONAL	FINNISH_LD_SENSITIVITY_REQUIRED
TIER 2	CAT-T2D	False	4	94230511	95596188	-0.0001375879505063	5.277952136030489e-05	0.0472529339623195	rs7654919	3.39699873954974e-07	0.001475420264760182	LEVEL_C_ATLAS_FDR	0.0218246	-0.0386	NEGATIVE_EFFECT_PRODUCT	DIRECTION_CONCORDANT	CONDITIONAL	FINNISH_LD_SENSITIVITY_REQUIRED
TIER 2	CAT-T2D	False	4	94230511	95596188	-0.0001375879505063	5.277952136030489e-05	0.0472529339623195	rs11943926	3.81709323144165e-07	0.0016260162332225824	LEVEL_C_ATLAS_FDR	0.021915	-0.0382	NEGATIVE_EFFECT_PRODUCT	DIRECTION_CONCORDANT	CONDITIONAL	FINNISH_LD_SENSITIVITY_REQUIRED
TIER 2	CAT-T2D	False	4	94230511	95596188	-0.0001375879505063	5.277952136030489e-05	0.0472529339623195	rs17309887	1.91503930051327e-05	0.03160023865158266	LEVEL_C_ATLAS_FDR	-0.0187418	0.0333	NEGATIVE_EFFECT_PRODUCT	DIRECTION_CONCORDANT	CONDITIONAL	FINNISH_LD_SENSITIVITY_REQUIRED
TIER 2	CAT-T2D	False	4	94230511	95596188	-0.0001375879505063	5.277952136030489e-05	0.0472529339623195	rs62320427	1.76301785826236e-05	0.029835809066771145	LEVEL_C_ATLAS_FDR	-0.0186705	0.0337	NEGATIVE_EFFECT_PRODUCT	DIRECTION_CONCORDANT	CONDITIONAL	FINNISH_LD_SENSITIVITY_REQUIRED
TIER 2	CAT-T2D	False	4	94230511	95596188	-0.0001375879505063	5.277952136030489e-05	0.0472529339623195	rs13111083	3.44254944616428e-05	0.04713503070377991	LEVEL_C_ATLAS_FDR	0.0164305	-0.0347	NEGATIVE_EFFECT_PRODUCT	DIRECTION_CONCORDANT	CONDITIONAL	FINNISH_LD_SENSITIVITY_REQUIRED
TIER 2	CAT-T2D	False	4	94230511	95596188	-0.0001375879505063	5.277952136030489e-05	0.0472529339623195	rs10856908	3.6511441960188e-05	0.04911160481452724	LEVEL_C_ATLAS_FDR	0.0164185	-0.0345	NEGATIVE_EFFECT_PRODUCT	DIRECTION_CONCORDANT	CONDITIONAL	FINNISH_LD_SENSITIVITY_REQUIRED
TIER 2	CAT-T2D	False	4	94230511	95596188	-0.0001375879505063	5.277952136030489e-05	0.0472529339623195	rs17021463	3.55673119253415e-05	0.04820779848065712	LEVEL_C_ATLAS_FDR	0.016483	-0.0345	NEGATIVE_EFFECT_PRODUCT	DIRECTION_CONCORDANT	CONDITIONAL	FINNISH_LD_SENSITIVITY_REQUIRED
TIER 2	CAT-T2D	False	4	94230511	95596188	-0.0001375879505063	5.277952136030489e-05	0.0472529339623195	rs35744894	2.01367505728521e-05	0.03273301322059886	LEVEL_C_ATLAS_FDR	-0.0187774	0.0337	NEGATIVE_EFFECT_PRODUCT	DIRECTION_CONCORDANT	CONDITIONAL	FINNISH_LD_SENSITIVITY_REQUIRED
TIER 2	CAT-T2D	False	4	94230511	95596188	-0.0001375879505063	5.277952136030489e-05	0.0472529339623195	rs13103185	1.28682180168044e-05	0.023920122681458347	LEVEL_C_ATLAS_FDR	-0.0187429	0.0351	NEGATIVE_EFFECT_PRODUCT	DIRECTION_CONCORDANT	CONDITIONAL	FINNISH_LD_SENSITIVITY_REQUIRED
TIER 2	CAT-T2D	False	4	94230511	95596188	-0.0001375879505063	5.277952136030489e-05	0.0472529339623195	rs11724295	2.46812203237602e-05	0.03763528411960152	LEVEL_C_ATLAS_FDR	-0.0179744	0.0346	NEGATIVE_EFFECT_PRODUCT	DIRECTION_CONCORDANT	CONDITIONAL	FINNISH_LD_SENSITIVITY_REQUIRED
TIER 2	CAT-T2D	False	4	94230511	95596188	-0.0001375879505063	5.277952136030489e-05	0.0472529339623195	rs12511627	2.52024500566858e-05	0.0381833959592711	LEVEL_C_ATLAS_FDR	-0.0179365	0.0346	NEGATIVE_EFFECT_PRODUCT	DIRECTION_CONCORDANT	CONDITIONAL	FINNISH_LD_SENSITIVITY_REQUIRED
TIER 2	CAT-T2D	False	2	43309247	44048346	-0.0001797901249829	3.087087690712068e-05	0.0341899133486484	rs142601548	1.29977807292532e-08	0.00010214512414500689	LEVEL_B_PAIRWISE_GWAS	0.101679	-0.1585	NEGATIVE_EFFECT_PRODUCT	DIRECTION_CONCORDANT	CONDITIONAL	FINNISH_LD_SENSITIVITY_REQUIRED
TIER 2	AMD-CAD	True	5	120963248	121481183	-0.0003562910341955	2.8871543381601735e-10	3.94366034897092e-06	rs12516371	1.5130326110913e-05	0.02676856678607922	LEVEL_C_ATLAS_FDR	0.0586458	-0.02264559	NEGATIVE_EFFECT_PRODUCT	DIRECTION_CONCORDANT	CONDITIONAL	NO
TIER 2	AMD-CAD	True	5	120963248	121481183	-0.0003562910341955	2.8871543381601735e-10	3.94366034897092e-06	rs2972720	1.45118892589229e-07	0.000742311064458292	LEVEL_C_ATLAS_FDR	0.112263	-0.03131394	NEGATIVE_EFFECT_PRODUCT	DIRECTION_CONCORDANT	CONDITIONAL	NO
TIER 2	AMD-CAD	True	5	120963248	121481183	-0.0003562910341955	2.8871543381601735e-10	3.94366034897092e-06	rs2914591	2.33566225054053e-08	0.00017021792567591582	LEVEL_B_PAIRWISE_GWAS	0.121351	-0.03400479	NEGATIVE_EFFECT_PRODUCT	DIRECTION_CONCORDANT	CONDITIONAL	NO
TIER 2	AMD-CAD	True	5	120963248	121481183	-0.0003562910341955	2.8871543381601735e-10	3.94366034897092e-06	rs4895339	5.60347820014496e-09	5.111199067937789e-05	LEVEL_B_PAIRWISE_GWAS	0.129587	-0.03455559	NEGATIVE_EFFECT_PRODUCT	DIRECTION_CONCORDANT	CONDITIONAL	NO
TIER 2	AMD-CAD	True	5	120963248	121481183	-0.0003562910341955	2.8871543381601735e-10	3.94366034897092e-06	rs11750012	1.51823625708222e-07	0.0007693511738980418	LEVEL_C_ATLAS_FDR	0.117745	-0.0297299	NEGATIVE_EFFECT_PRODUCT	DIRECTION_CONCORDANT	CONDITIONAL	NO
TIER 2	AMD-CAD	True	5	120963248	121481183	-0.0003562910341955	2.8871543381601735e-10	3.94366034897092e-06	rs11241627	1.32728700865327e-10	2.2740564239448013e-06	LEVEL_A_ATLAS_STRINGENT	0.116362	-0.03729699	NEGATIVE_EFFECT_PRODUCT	DIRECTION_CONCORDANT	CONDITIONAL	NO
TIER 2	AMD-CAD	True	5	120963248	121481183	-0.0003562910341955	2.8871543381601735e-10	3.94366034897092e-06	rs4243443	8.64337792684838e-10	1.0519856487022132e-05	LEVEL_A_ATLAS_STRINGENT	0.112627	-0.03473429	NEGATIVE_EFFECT_PRODUCT	DIRECTION_CONCORDANT	CONDITIONAL	NO
TIER 2	AMD-CAD	True	5	120963248	121481183	-0.0003562910341955	2.8871543381601735e-10	3.94366034897092e-06	rs9327236	2.58008217689732e-10	4.02693472030027e-06	LEVEL_A_ATLAS_STRINGENT	0.1129	-0.03672668	NEGATIVE_EFFECT_PRODUCT	DIRECTION_CONCORDANT	CONDITIONAL	NO
TIER 2	AMD-CAD	True	5	120963248	121481183	-0.0003562910341955	2.8871543381601735e-10	3.94366034897092e-06	rs2972350	7.64995296511602e-09	6.599399105801323e-05	LEVEL_B_PAIRWISE_GWAS	0.125168	-0.03629807	NEGATIVE_EFFECT_PRODUCT	DIRECTION_CONCORDANT	CONDITIONAL	NO
TIER 2	AMD-CAD	True	5	120963248	121481183	-0.0003562910341955	2.8871543381601735e-10	3.94366034897092e-06	rs12657394	2.76898791060429e-07	0.0012546177598299344	LEVEL_C_ATLAS_FDR	0.0943396	-0.0291767	NEGATIVE_EFFECT_PRODUCT	DIRECTION_CONCORDANT	CONDITIONAL	NO
TIER 2	AMD-CAD	True	5	120963248	121481183	-0.0003562910341955	2.8871543381601735e-10	3.94366034897092e-06	rs13172533	4.58147557057709e-07	0.001899471843996306	LEVEL_C_ATLAS_FDR	0.118394	-0.02703785	NEGATIVE_EFFECT_PRODUCT	DIRECTION_CONCORDANT	CONDITIONAL	NO
TIER 2	AMD-CAD	True	5	120963248	121481183	-0.0003562910341955	2.8871543381601735e-10	3.94366034897092e-06	rs2914610	5.45134395366621e-08	0.0003328502974689526	LEVEL_C_ATLAS_FDR	0.103725	-0.03089666	NEGATIVE_EFFECT_PRODUCT	DIRECTION_CONCORDANT	CONDITIONAL	NO
TIER 2	AMD-CAD	True	5	120963248	121481183	-0.0003562910341955	2.8871543381601735e-10	3.94366034897092e-06	rs4496732	6.37587405776641e-09	5.655952006835525e-05	LEVEL_B_PAIRWISE_GWAS	0.128281	-0.03464259	NEGATIVE_EFFECT_PRODUCT	DIRECTION_CONCORDANT	CONDITIONAL	NO
TIER 2	AMD-CAD	True	5	120963248	121481183	-0.0003562910341955	2.8871543381601735e-10	3.94366034897092e-06	rs9327238	7.57394778391279e-09	6.545671712924821e-05	LEVEL_B_PAIRWISE_GWAS	0.126677	-0.03476469	NEGATIVE_EFFECT_PRODUCT	DIRECTION_CONCORDANT	CONDITIONAL	NO
TIER 2	AMD-CAD	True	5	120963248	121481183	-0.0003562910341955	2.8871543381601735e-10	3.94366034897092e-06	rs2913409	3.12345378066265e-07	0.0013783419540352477	LEVEL_C_ATLAS_FDR	0.119671	-0.02753844	NEGATIVE_EFFECT_PRODUCT	DIRECTION_CONCORDANT	CONDITIONAL	NO
TIER 2	AMD-CAD	True	5	120963248	121481183	-0.0003562910341955	2.8871543381601735e-10	3.94366034897092e-06	rs7722155	2.04273159685625e-09	2.2040150624533776e-05	LEVEL_A_ATLAS_STRINGENT	0.110817	-0.03551957	NEGATIVE_EFFECT_PRODUCT	DIRECTION_CONCORDANT	CONDITIONAL	NO
TIER 2	AMD-CAD	True	5	120963248	121481183	-0.0003562910341955	2.8871543381601735e-10	3.94366034897092e-06	rs10078419	1.35108317605494e-08	0.00010560321656819084	LEVEL_B_PAIRWISE_GWAS	-0.118507	0.03579779	NEGATIVE_EFFECT_PRODUCT	DIRECTION_CONCORDANT	CONDITIONAL	NO
TIER 2	AMD-CAD	True	5	120963248	121481183	-0.0003562910341955	2.8871543381601735e-10	3.94366034897092e-06	rs13356899	8.78506987699058e-09	7.344524925550443e-05	LEVEL_B_PAIRWISE_GWAS	-0.120357	0.03631076	NEGATIVE_EFFECT_PRODUCT	DIRECTION_CONCORDANT	CONDITIONAL	NO
TIER 2	AMD-CAD	True	5	120963248	121481183	-0.0003562910341955	2.8871543381601735e-10	3.94366034897092e-06	rs10069116	7.3408692207502e-10	9.20570884271813e-06	LEVEL_A_ATLAS_STRINGENT	-0.104264	0.03775086	NEGATIVE_EFFECT_PRODUCT	DIRECTION_CONCORDANT	CONDITIONAL	NO
TIER 2	AMD-CAD	True	5	120963248	121481183	-0.0003562910341955	2.8871543381601735e-10	3.94366034897092e-06	rs10059408	1.85348135091696e-08	0.00013956069673470465	LEVEL_B_PAIRWISE_GWAS	-0.116452	0.03575761	NEGATIVE_EFFECT_PRODUCT	DIRECTION_CONCORDANT	CONDITIONAL	NO
TIER 2	AMD-CAD	True	5	120963248	121481183	-0.0003562910341955	2.8871543381601735e-10	3.94366034897092e-06	rs10519692	2.14932164928393e-08	0.00015850138027652942	LEVEL_B_PAIRWISE_GWAS	-0.113667	0.03752027	NEGATIVE_EFFECT_PRODUCT	DIRECTION_CONCORDANT	CONDITIONAL	NO
TIER 2	AMD-CAD	True	5	120963248	121481183	-0.0003562910341955	2.8871543381601735e-10	3.94366034897092e-06	rs10053942	8.11747619973574e-10	9.995436897213987e-06	LEVEL_A_ATLAS_STRINGENT	-0.105478	0.03707684	NEGATIVE_EFFECT_PRODUCT	DIRECTION_CONCORDANT	CONDITIONAL	NO
TIER 2	AMD-CAD	True	5	120963248	121481183	-0.0003562910341955	2.8871543381601735e-10	3.94366034897092e-06	rs3792801	1.05664512959252e-09	1.2526620395592951e-05	LEVEL_A_ATLAS_STRINGENT	-0.104901	0.03678903	NEGATIVE_EFFECT_PRODUCT	DIRECTION_CONCORDANT	CONDITIONAL	NO
TIER 2	AMD-CAD	True	5	120963248	121481183	-0.0003562910341955	2.8871543381601735e-10	3.94366034897092e-06	rs3792802	1.46467359193381e-09	1.659853230898938e-05	LEVEL_A_ATLAS_STRINGENT	-0.104388	0.0363687	NEGATIVE_EFFECT_PRODUCT	DIRECTION_CONCORDANT	CONDITIONAL	NO
TIER 2	AMD-CAD	True	5	120963248	121481183	-0.0003562910341955	2.8871543381601735e-10	3.94366034897092e-06	rs10040971	9.78138488765415e-09	8.017200913323376e-05	LEVEL_B_PAIRWISE_GWAS	-0.117661	0.0380453	NEGATIVE_EFFECT_PRODUCT	DIRECTION_CONCORDANT	CONDITIONAL	NO
TIER 2	AMD-CAD	True	5	120963248	121481183	-0.0003562910341955	2.8871543381601735e-10	3.94366034897092e-06	rs1800449	1.53775012050138e-08	0.0001183021159282076	LEVEL_B_PAIRWISE_GWAS	-0.104697	0.03347806	NEGATIVE_EFFECT_PRODUCT	DIRECTION_CONCORDANT	CONDITIONAL	NO
TIER 2	AMD-CAD	True	5	120963248	121481183	-0.0003562910341955	2.8871543381601735e-10	3.94366034897092e-06	rs2979860	8.02609880263778e-06	0.01714036555328698	LEVEL_C_ATLAS_FDR	0.0922515	-0.02321727	NEGATIVE_EFFECT_PRODUCT	DIRECTION_CONCORDANT	CONDITIONAL	NO
TIER 2	AMD-CAD	True	12	110112932	113027651	0.0006148989548753	1.997865008981876e-07	0.0010233564042257	rs12828640	1.39880437737589e-05	0.02537357457720588	LEVEL_C_ATLAS_FDR	-0.0407483	-0.03052014	POSITIVE_EFFECT_PRODUCT	DIRECTION_CONCORDANT	CONDITIONAL	NO
TIER 2	AMD-CAD	True	12	110112932	113027651	0.0006148989548753	1.997865008981876e-07	0.0010233564042257	rs4378452	1.2817081030761e-05	0.023855368383224797	LEVEL_C_ATLAS_FDR	0.0414411	0.03675814	POSITIVE_EFFECT_PRODUCT	DIRECTION_CONCORDANT	CONDITIONAL	NO
TIER 2	AMD-CAD	True	12	110112932	113027651	0.0006148989548753	1.997865008981876e-07	0.0010233564042257	rs11065822	7.95248812628009e-06	0.01702611177962401	LEVEL_C_ATLAS_FDR	0.0430279	0.03691763	POSITIVE_EFFECT_PRODUCT	DIRECTION_CONCORDANT	CONDITIONAL	NO
TIER 2	AMD-CAD	True	12	110112932	113027651	0.0006148989548753	1.997865008981876e-07	0.0010233564042257	rs6490025	2.31928265684505e-05	0.03607488287566024	LEVEL_C_ATLAS_FDR	-0.0501724	-0.03259318	POSITIVE_EFFECT_PRODUCT	DIRECTION_CONCORDANT	CONDITIONAL	NO
TIER 2	AMD-CAD	True	12	110112932	113027651	0.0006148989548753	1.997865008981876e-07	0.0010233564042257	rs4766453	7.19930878673286e-06	0.015857619012323108	LEVEL_C_ATLAS_FDR	-0.0591827	-0.03134834	POSITIVE_EFFECT_PRODUCT	DIRECTION_CONCORDANT	CONDITIONAL	NO
TIER 2	AMD-CAD	True	12	110112932	113027651	0.0006148989548753	1.997865008981876e-07	0.0010233564042257	rs916682	3.38657966018224e-05	0.04662802889374845	LEVEL_C_ATLAS_FDR	-0.0458969	-0.03323455	POSITIVE_EFFECT_PRODUCT	DIRECTION_CONCORDANT	CONDITIONAL	NO
TIER 2	AMD-CAD	True	12	110112932	113027651	0.0006148989548753	1.997865008981876e-07	0.0010233564042257	rs7970490	1.25074528610761e-05	0.02343110267407868	LEVEL_C_ATLAS_FDR	-0.0434931	-0.03545608	POSITIVE_EFFECT_PRODUCT	DIRECTION_CONCORDANT	CONDITIONAL	NO
TIER 2	AMD-CAD	True	12	110112932	113027651	0.0006148989548753	1.997865008981876e-07	0.0010233564042257	rs6490072	3.36464632208698e-05	0.04641786798999819	LEVEL_C_ATLAS_FDR	-0.0431976	-0.03572385	POSITIVE_EFFECT_PRODUCT	DIRECTION_CONCORDANT	CONDITIONAL	NO
TIER 2	AMD-CAD	True	12	110112932	113027651	0.0006148989548753	1.997865008981876e-07	0.0010233564042257	rs7398833	3.41536503332332e-05	0.046892545587597916	LEVEL_C_ATLAS_FDR	-0.0427952	-0.03596832	POSITIVE_EFFECT_PRODUCT	DIRECTION_CONCORDANT	CONDITIONAL	NO
TIER 2	AMD-CAD	True	12	110112932	113027651	0.0006148989548753	1.997865008981876e-07	0.0010233564042257	rs6490077	3.31473095879294e-05	0.04598718359848484	LEVEL_C_ATLAS_FDR	-0.0427784	-0.03610207	POSITIVE_EFFECT_PRODUCT	DIRECTION_CONCORDANT	CONDITIONAL	NO
TIER 2	AMD-CAD	True	12	110112932	113027651	0.0006148989548753	1.997865008981876e-07	0.0010233564042257	rs874286	2.60428585301864e-05	0.039030775366816504	LEVEL_C_ATLAS_FDR	-0.0426826	-0.03711943	POSITIVE_EFFECT_PRODUCT	DIRECTION_CONCORDANT	CONDITIONAL	NO
TIER 2	AMD-CAD	True	12	110112932	113027651	0.0006148989548753	1.997865008981876e-07	0.0010233564042257	rs10849938	3.44460227917422e-05	0.04714783521073046	LEVEL_C_ATLAS_FDR	-0.0426701	-0.03609471	POSITIVE_EFFECT_PRODUCT	DIRECTION_CONCORDANT	CONDITIONAL	NO
TIER 2	AMD-CAD	True	12	110112932	113027651	0.0006148989548753	1.997865008981876e-07	0.0010233564042257	rs933399	9.04944814281636e-06	0.01865995561965107	LEVEL_C_ATLAS_FDR	-0.0475545	-0.03722496	POSITIVE_EFFECT_PRODUCT	DIRECTION_CONCORDANT	CONDITIONAL	NO
TIER 2	AMD-CAD	True	12	110112932	113027651	0.0006148989548753	1.997865008981876e-07	0.0010233564042257	rs11065884	4.46485662228026e-07	0.0018594210648611783	LEVEL_C_ATLAS_FDR	-0.0669191	-0.03352323	POSITIVE_EFFECT_PRODUCT	DIRECTION_CONCORDANT	CONDITIONAL	NO
TIER 2	AMD-CAD	True	12	110112932	113027651	0.0006148989548753	1.997865008981876e-07	0.0010233564042257	rs10849943	8.21581547156495e-07	0.003071069511268914	LEVEL_C_ATLAS_FDR	-0.0642792	-0.03409982	POSITIVE_EFFECT_PRODUCT	DIRECTION_CONCORDANT	CONDITIONAL	NO
TIER 2	AMD-CAD	True	12	110112932	113027651	0.0006148989548753	1.997865008981876e-07	0.0010233564042257	rs10849944	7.36703334843877e-07	0.002821606774940623	LEVEL_C_ATLAS_FDR	-0.0627868	-0.03504446	POSITIVE_EFFECT_PRODUCT	DIRECTION_CONCORDANT	CONDITIONAL	NO
TIER 2	AMD-CAD	True	12	110112932	113027651	0.0006148989548753	1.997865008981876e-07	0.0010233564042257	rs4766573	2.88870732948486e-07	0.0012944994920481576	LEVEL_C_ATLAS_FDR	-0.0672021	-0.03505291	POSITIVE_EFFECT_PRODUCT	DIRECTION_CONCORDANT	CONDITIONAL	NO
TIER 2	AMD-CAD	True	12	110112932	113027651	0.0006148989548753	1.997865008981876e-07	0.0010233564042257	rs10774623	3.45396485276595e-07	0.0014975390702460208	LEVEL_C_ATLAS_FDR	-0.0686091	-0.03497335	POSITIVE_EFFECT_PRODUCT	DIRECTION_CONCORDANT	CONDITIONAL	NO
TIER 2	AMD-CAD	True	12	110112932	113027651	0.0006148989548753	1.997865008981876e-07	0.0010233564042257	rs3742003	2.38228135367136e-11	5.568553948492171e-07	LEVEL_A_ATLAS_STRINGENT	-0.102327	-0.04002276	POSITIVE_EFFECT_PRODUCT	DIRECTION_CONCORDANT	CONDITIONAL	NO
TIER 2	AMD-CAD	True	12	110112932	113027651	0.0006148989548753	1.997865008981876e-07	0.0010233564042257	rs11065898	2.75406406449885e-11	6.244169469066524e-07	LEVEL_A_ATLAS_STRINGENT	-0.0938082	-0.04198099	POSITIVE_EFFECT_PRODUCT	DIRECTION_CONCORDANT	CONDITIONAL	NO
TIER 2	AMD-CAD	True	12	110112932	113027651	0.0006148989548753	1.997865008981876e-07	0.0010233564042257	rs2238154	4.28079042494854e-12	1.3045961007069756e-07	LEVEL_A_ATLAS_STRINGENT	-0.10857	-0.03960758	POSITIVE_EFFECT_PRODUCT	DIRECTION_CONCORDANT	CONDITIONAL	NO
TIER 2	AMD-CAD	True	12	110112932	113027651	0.0006148989548753	1.997865008981876e-07	0.0010233564042257	rs2239194	3.52372761773245e-07	0.0015218932668101656	LEVEL_C_ATLAS_FDR	-0.110962	-0.04928451	POSITIVE_EFFECT_PRODUCT	DIRECTION_CONCORDANT	CONDITIONAL	NO
TIER 2	AMD-CAD	True	12	110112932	113027651	0.0006148989548753	1.997865008981876e-07	0.0010233564042257	rs739496	1.59703077904971e-12	5.980112934737508e-08	LEVEL_A_ATLAS_STRINGENT	-0.109595	-0.04207737	POSITIVE_EFFECT_PRODUCT	DIRECTION_CONCORDANT	CONDITIONAL	NO
TIER 2	AMD-CAD	True	12	110112932	113027651	0.0006148989548753	1.997865008981876e-07	0.0010233564042257	rs10849949	1.60895025091906e-12	6.00531096656195e-08	LEVEL_A_ATLAS_STRINGENT	-0.10942	-0.04069409	POSITIVE_EFFECT_PRODUCT	DIRECTION_CONCORDANT	CONDITIONAL	NO
TIER 2	AMD-CAD	True	12	110112932	113027651	0.0006148989548753	1.997865008981876e-07	0.0010233564042257	rs2073950	2.23311834371155e-13	1.1382573433030667e-08	LEVEL_A_ATLAS_STRINGENT	-0.108133	-0.04470404	POSITIVE_EFFECT_PRODUCT	DIRECTION_CONCORDANT	CONDITIONAL	NO
TIER 2	AMD-CAD	True	12	110112932	113027651	0.0006148989548753	1.997865008981876e-07	0.0010233564042257	rs2301621	2.77665897608046e-13	1.3690702027468209e-08	LEVEL_A_ATLAS_STRINGENT	-0.108971	-0.04548837	POSITIVE_EFFECT_PRODUCT	DIRECTION_CONCORDANT	CONDITIONAL	NO
TIER 2	AMD-CAD	True	12	110112932	113027651	0.0006148989548753	1.997865008981876e-07	0.0010233564042257	rs7965040	4.12250163303885e-13	1.870575469876446e-08	LEVEL_A_ATLAS_STRINGENT	-0.10769	-0.04379312	POSITIVE_EFFECT_PRODUCT	DIRECTION_CONCORDANT	CONDITIONAL	NO
TIER 2	AMD-CAD	True	12	110112932	113027651	0.0006148989548753	1.997865008981876e-07	0.0010233564042257	rs1029388	1.84116614553576e-12	6.685146394281282e-08	LEVEL_A_ATLAS_STRINGENT	-0.108107	-0.040972	POSITIVE_EFFECT_PRODUCT	DIRECTION_CONCORDANT	CONDITIONAL	NO
TIER 2	AMD-CAD	True	12	110112932	113027651	0.0006148989548753	1.997865008981876e-07	0.0010233564042257	rs7134740	1.59370662164038e-13	8.76707761704721e-09	LEVEL_A_ATLAS_STRINGENT	-0.108351	-0.04533373	POSITIVE_EFFECT_PRODUCT	DIRECTION_CONCORDANT	CONDITIONAL	NO
TIER 2	AMD-CAD	True	12	110112932	113027651	0.0006148989548753	1.997865008981876e-07	0.0010233564042257	rs6490162	2.93881057875652e-13	1.4307307070319829e-08	LEVEL_A_ATLAS_STRINGENT	-0.10726	-0.04404183	POSITIVE_EFFECT_PRODUCT	DIRECTION_CONCORDANT	CONDITIONAL	NO
TIER 2	AMD-CAD	True	12	110112932	113027651	0.0006148989548753	1.997865008981876e-07	0.0010233564042257	rs628825	1.78224680164173e-12	6.532714802065473e-08	LEVEL_A_ATLAS_STRINGENT	-0.109535	-0.04112725	POSITIVE_EFFECT_PRODUCT	DIRECTION_CONCORDANT	CONDITIONAL	NO
TIER 2	AMD-CAD	True	12	110112932	113027651	0.0006148989548753	1.997865008981876e-07	0.0010233564042257	rs630512	3.90057777433347e-12	1.2088899100626787e-07	LEVEL_A_ATLAS_STRINGENT	-0.109481	-0.04108364	POSITIVE_EFFECT_PRODUCT	DIRECTION_CONCORDANT	CONDITIONAL	NO
TIER 2	AMD-CAD	True	12	110112932	113027651	0.0006148989548753	1.997865008981876e-07	0.0010233564042257	rs688812	1.72579757595613e-13	9.273275667821377e-09	LEVEL_A_ATLAS_STRINGENT	-0.107688	-0.04625202	POSITIVE_EFFECT_PRODUCT	DIRECTION_CONCORDANT	CONDITIONAL	NO
TIER 2	AMD-CAD	True	12	110112932	113027651	0.0006148989548753	1.997865008981876e-07	0.0010233564042257	rs657197	1.99503553367094e-12	7.088133772157976e-08	LEVEL_A_ATLAS_STRINGENT	-0.109098	-0.041187	POSITIVE_EFFECT_PRODUCT	DIRECTION_CONCORDANT	CONDITIONAL	NO
TIER 2	AMD-CAD	True	12	110112932	113027651	0.0006148989548753	1.997865008981876e-07	0.0010233564042257	rs607316	9.01837876088463e-13	3.6106484655211525e-08	LEVEL_A_ATLAS_STRINGENT	-0.107318	-0.04459254	POSITIVE_EFFECT_PRODUCT	DIRECTION_CONCORDANT	CONDITIONAL	NO
TIER 2	AMD-CAD	True	12	110112932	113027651	0.0006148989548753	1.997865008981876e-07	0.0010233564042257	rs616668	2.92120364353239e-13	1.4241563599492794e-08	LEVEL_A_ATLAS_STRINGENT	-0.108124	-0.04657397	POSITIVE_EFFECT_PRODUCT	DIRECTION_CONCORDANT	CONDITIONAL	NO
TIER 2	AMD-CAD	True	12	110112932	113027651	0.0006148989548753	1.997865008981876e-07	0.0010233564042257	rs638791	1.41983986476483e-13	8.026881067491514e-09	LEVEL_A_ATLAS_STRINGENT	-0.106465	-0.04755116	POSITIVE_EFFECT_PRODUCT	DIRECTION_CONCORDANT	CONDITIONAL	NO
TIER 2	AMD-CAD	True	12	110112932	113027651	0.0006148989548753	1.997865008981876e-07	0.0010233564042257	rs848132	1.38906742293321e-13	7.865723671837033e-09	LEVEL_A_ATLAS_STRINGENT	-0.107395	-0.04720425	POSITIVE_EFFECT_PRODUCT	DIRECTION_CONCORDANT	CONDITIONAL	NO
TIER 2	AMD-CAD	True	12	110112932	113027651	0.0006148989548753	1.997865008981876e-07	0.0010233564042257	rs593226	1.15696297965115e-11	3.019559942323677e-07	LEVEL_A_ATLAS_STRINGENT	-0.0869649	-0.04453281	POSITIVE_EFFECT_PRODUCT	DIRECTION_CONCORDANT	CONDITIONAL	NO
TIER 2	AMD-CAD	True	12	110112932	113027651	0.0006148989548753	1.997865008981876e-07	0.0010233564042257	rs616559	5.60271207295371e-13	2.3630575729270835e-08	LEVEL_A_ATLAS_STRINGENT	-0.106221	-0.04458809	POSITIVE_EFFECT_PRODUCT	DIRECTION_CONCORDANT	CONDITIONAL	NO
TIER 2	AMD-CAD	True	12	110112932	113027651	0.0006148989548753	1.997865008981876e-07	0.0010233564042257	rs616513	2.4068211218482e-12	8.190670892938594e-08	LEVEL_A_ATLAS_STRINGENT	-0.107696	-0.04140588	POSITIVE_EFFECT_PRODUCT	DIRECTION_CONCORDANT	CONDITIONAL	NO
TIER 2	AMD-CAD	True	12	110112932	113027651	0.0006148989548753	1.997865008981876e-07	0.0010233564042257	rs7398705	4.51894878433249e-13	1.998221355940369e-08	LEVEL_A_ATLAS_STRINGENT	0.108565	0.04396114	POSITIVE_EFFECT_PRODUCT	DIRECTION_CONCORDANT	CONDITIONAL	NO
TIER 2	AMD-CAD	True	12	110112932	113027651	0.0006148989548753	1.997865008981876e-07	0.0010233564042257	rs12369009	2.08936878408324e-12	7.356872576711664e-08	LEVEL_A_ATLAS_STRINGENT	0.10967	0.04066362	POSITIVE_EFFECT_PRODUCT	DIRECTION_CONCORDANT	CONDITIONAL	NO
TIER 2	AMD-CAD	True	12	110112932	113027651	0.0006148989548753	1.997865008981876e-07	0.0010233564042257	rs2339818	1.39207660195996e-09	1.5900407968393267e-05	LEVEL_A_ATLAS_STRINGENT	-0.100923	-0.03747911	POSITIVE_EFFECT_PRODUCT	DIRECTION_CONCORDANT	CONDITIONAL	NO
TIER 2	AMD-CAD	True	12	110112932	113027651	0.0006148989548753	1.997865008981876e-07	0.0010233564042257	rs1544396	1.83250741035999e-09	2.01550824290758e-05	LEVEL_A_ATLAS_STRINGENT	-0.0971849	-0.0379407	POSITIVE_EFFECT_PRODUCT	DIRECTION_CONCORDANT	CONDITIONAL	NO
TIER 2	AMD-CAD	True	12	110112932	113027651	0.0006148989548753	1.997865008981876e-07	0.0010233564042257	rs3809276	3.70928091300255e-09	3.655747627221663e-05	LEVEL_B_PAIRWISE_GWAS	-0.0948397	-0.03762702	POSITIVE_EFFECT_PRODUCT	DIRECTION_CONCORDANT	CONDITIONAL	NO
TIER 2	AMD-CAD	True	12	110112932	113027651	0.0006148989548753	1.997865008981876e-07	0.0010233564042257	rs2285727	2.33730407746314e-09	2.469765254077959e-05	LEVEL_A_ATLAS_STRINGENT	-0.0969176	-0.03812441	POSITIVE_EFFECT_PRODUCT	DIRECTION_CONCORDANT	CONDITIONAL	NO
TIER 2	AMD-CAD	True	12	110112932	113027651	0.0006148989548753	1.997865008981876e-07	0.0010233564042257	rs7977828	3.86893115692123e-09	3.7819917077437616e-05	LEVEL_B_PAIRWISE_GWAS	-0.0963762	-0.03728684	POSITIVE_EFFECT_PRODUCT	DIRECTION_CONCORDANT	CONDITIONAL	NO
TIER 2	AMD-CAD	True	12	110112932	113027651	0.0006148989548753	1.997865008981876e-07	0.0010233564042257	rs3742001	4.17203154882832e-09	4.0387886847653065e-05	LEVEL_B_PAIRWISE_GWAS	-0.0974447	-0.0366526	POSITIVE_EFFECT_PRODUCT	DIRECTION_CONCORDANT	CONDITIONAL	NO
TIER 2	AMD-CAD	True	12	110112932	113027651	0.0006148989548753	1.997865008981876e-07	0.0010233564042257	rs7136874	2.95984206208475e-09	3.0155896057264153e-05	LEVEL_B_PAIRWISE_GWAS	-0.0979877	-0.03704522	POSITIVE_EFFECT_PRODUCT	DIRECTION_CONCORDANT	CONDITIONAL	NO
TIER 2	AMD-CAD	True	12	110112932	113027651	0.0006148989548753	1.997865008981876e-07	0.0010233564042257	rs847895	1.39347070072611e-09	1.591109583832622e-05	LEVEL_A_ATLAS_STRINGENT	-0.0935617	-0.04117703	POSITIVE_EFFECT_PRODUCT	DIRECTION_CONCORDANT	CONDITIONAL	NO
TIER 2	AMD-CAD	True	12	110112932	113027651	0.0006148989548753	1.997865008981876e-07	0.0010233564042257	rs601663	8.46868020112917e-07	0.0031470105198888195	LEVEL_C_ATLAS_FDR	-0.0588695	-0.03286618	POSITIVE_EFFECT_PRODUCT	DIRECTION_CONCORDANT	CONDITIONAL	NO
TIER 2	AMD-CAD	True	12	110112932	113027651	0.0006148989548753	1.997865008981876e-07	0.0010233564042257	rs649406	2.91736407175716e-09	2.983696369480163e-05	LEVEL_B_PAIRWISE_GWAS	-0.096647	-0.03779786	POSITIVE_EFFECT_PRODUCT	DIRECTION_CONCORDANT	CONDITIONAL	NO
TIER 2	AMD-CAD	True	12	110112932	113027651	0.0006148989548753	1.997865008981876e-07	0.0010233564042257	rs632650	1.38730799419708e-08	0.00010804535192492441	LEVEL_B_PAIRWISE_GWAS	-0.101824	-0.0380438	POSITIVE_EFFECT_PRODUCT	DIRECTION_CONCORDANT	CONDITIONAL	NO
TIER 2	AMD-CAD	True	12	110112932	113027651	0.0006148989548753	1.997865008981876e-07	0.0010233564042257	rs617044	2.12146199300121e-09	2.2721241523175603e-05	LEVEL_A_ATLAS_STRINGENT	-0.0915308	-0.04127096	POSITIVE_EFFECT_PRODUCT	DIRECTION_CONCORDANT	CONDITIONAL	NO
TIER 2	AMD-CAD	True	12	110112932	113027651	0.0006148989548753	1.997865008981876e-07	0.0010233564042257	rs666951	6.37107024907812e-09	5.653135319034867e-05	LEVEL_B_PAIRWISE_GWAS	-0.0956171	-0.0377891	POSITIVE_EFFECT_PRODUCT	DIRECTION_CONCORDANT	CONDITIONAL	NO
TIER 2	AMD-CAD	True	12	110112932	113027651	0.0006148989548753	1.997865008981876e-07	0.0010233564042257	rs642898	6.51236335277666e-07	0.002543088951998247	LEVEL_C_ATLAS_FDR	-0.0584055	-0.03273698	POSITIVE_EFFECT_PRODUCT	DIRECTION_CONCORDANT	CONDITIONAL	NO
TIER 2	AMD-CAD	True	12	110112932	113027651	0.0006148989548753	1.997865008981876e-07	0.0010233564042257	rs627308	7.63202699559452e-09	6.586938502942088e-05	LEVEL_B_PAIRWISE_GWAS	-0.0957661	-0.03734187	POSITIVE_EFFECT_PRODUCT	DIRECTION_CONCORDANT	CONDITIONAL	NO
TIER 2	AMD-CAD	True	12	110112932	113027651	0.0006148989548753	1.997865008981876e-07	0.0010233564042257	rs609230	2.66832644678797e-09	2.767318089323699e-05	LEVEL_A_ATLAS_STRINGENT	-0.0906168	-0.04095289	POSITIVE_EFFECT_PRODUCT	DIRECTION_CONCORDANT	CONDITIONAL	NO
TIER 2	AMD-CAD	True	12	110112932	113027651	0.0006148989548753	1.997865008981876e-07	0.0010233564042257	rs608848	1.21575368227868e-06	0.004224734430887789	LEVEL_C_ATLAS_FDR	-0.0574961	-0.03272042	POSITIVE_EFFECT_PRODUCT	DIRECTION_CONCORDANT	CONDITIONAL	NO
TIER 2	AMD-CAD	True	12	110112932	113027651	0.0006148989548753	1.997865008981876e-07	0.0010233564042257	rs630616	3.49580550066708e-09	3.475947803330951e-05	LEVEL_B_PAIRWISE_GWAS	-0.0888376	-0.04135746	POSITIVE_EFFECT_PRODUCT	DIRECTION_CONCORDANT	CONDITIONAL	NO
TIER 2	AMD-CAD	True	12	110112932	113027651	0.0006148989548753	1.997865008981876e-07	0.0010233564042257	rs847898	1.11315634359351e-08	8.965091554359505e-05	LEVEL_B_PAIRWISE_GWAS	-0.0929078	-0.03753467	POSITIVE_EFFECT_PRODUCT	DIRECTION_CONCORDANT	CONDITIONAL	NO
TIER 2	AMD-CAD	True	12	110112932	113027651	0.0006148989548753	1.997865008981876e-07	0.0010233564042257	rs640783	9.04662673773242e-09	7.52513197089958e-05	LEVEL_B_PAIRWISE_GWAS	-0.0904077	-0.03765077	POSITIVE_EFFECT_PRODUCT	DIRECTION_CONCORDANT	CONDITIONAL	NO
TIER 2	AMD-CAD	True	12	110112932	113027651	0.0006148989548753	1.997865008981876e-07	0.0010233564042257	rs7962138	8.3229725002756e-09	7.036154194981163e-05	LEVEL_B_PAIRWISE_GWAS	-0.0923784	-0.03699095	POSITIVE_EFFECT_PRODUCT	DIRECTION_CONCORDANT	CONDITIONAL	NO
TIER 2	AMD-CAD	True	12	110112932	113027651	0.0006148989548753	1.997865008981876e-07	0.0010233564042257	rs6490294	8.93828021670872e-09	7.449288490881325e-05	LEVEL_B_PAIRWISE_GWAS	-0.0925104	-0.0367567	POSITIVE_EFFECT_PRODUCT	DIRECTION_CONCORDANT	CONDITIONAL	NO
TIER 2	AMD-CAD	True	12	110112932	113027651	0.0006148989548753	1.997865008981876e-07	0.0010233564042257	rs737280	4.47589850342347e-07	0.0018635723662911172	LEVEL_C_ATLAS_FDR	-0.0599501	-0.0327663	POSITIVE_EFFECT_PRODUCT	DIRECTION_CONCORDANT	CONDITIONAL	NO
TIER 2	AMD-CAD	True	12	110112932	113027651	0.0006148989548753	1.997865008981876e-07	0.0010233564042257	rs886205	1.17104643735835e-08	9.353200169228277e-05	LEVEL_B_PAIRWISE_GWAS	-0.0942816	-0.03675733	POSITIVE_EFFECT_PRODUCT	DIRECTION_CONCORDANT	CONDITIONAL	NO
TIER 2	AMD-CAD	True	12	110112932	113027651	0.0006148989548753	1.997865008981876e-07	0.0010233564042257	rs4767939	1.25633853183745e-08	9.911282088688156e-05	LEVEL_B_PAIRWISE_GWAS	-0.0937714	-0.03694674	POSITIVE_EFFECT_PRODUCT	DIRECTION_CONCORDANT	CONDITIONAL	NO
TIER 2	AMD-CAD	True	12	110112932	113027651	0.0006148989548753	1.997865008981876e-07	0.0010233564042257	rs2238151	1.84339897886064e-08	0.00013895223661437777	LEVEL_B_PAIRWISE_GWAS	-0.0596841	-0.0385401	POSITIVE_EFFECT_PRODUCT	DIRECTION_CONCORDANT	CONDITIONAL	NO
TIER 2	AMD-CAD	True	12	110112932	113027651	0.0006148989548753	1.997865008981876e-07	0.0010233564042257	rs4648328	4.46010817657205e-09	4.2567478458147736e-05	LEVEL_B_PAIRWISE_GWAS	-0.0894137	-0.04103171	POSITIVE_EFFECT_PRODUCT	DIRECTION_CONCORDANT	CONDITIONAL	NO
TIER 2	AMD-CAD	True	12	110112932	113027651	0.0006148989548753	1.997865008981876e-07	0.0010233564042257	rs441	4.12363797950893e-09	4.001634552942919e-05	LEVEL_B_PAIRWISE_GWAS	-0.0894951	-0.04229016	POSITIVE_EFFECT_PRODUCT	DIRECTION_CONCORDANT	CONDITIONAL	NO
TIER 2	AMD-CAD	True	12	110112932	113027651	0.0006148989548753	1.997865008981876e-07	0.0010233564042257	rs4646777	9.17780780914453e-09	7.606907225822612e-05	LEVEL_B_PAIRWISE_GWAS	-0.086995	-0.04158017	POSITIVE_EFFECT_PRODUCT	DIRECTION_CONCORDANT	CONDITIONAL	NO
TIER 2	AMD-CAD	True	12	110112932	113027651	0.0006148989548753	1.997865008981876e-07	0.0010233564042257	rs10744777	2.49323753967607e-08	0.00017996361724479865	LEVEL_B_PAIRWISE_GWAS	-0.0588246	-0.03837356	POSITIVE_EFFECT_PRODUCT	DIRECTION_CONCORDANT	CONDITIONAL	NO
TIER 2	AMD-CAD	True	12	110112932	113027651	0.0006148989548753	1.997865008981876e-07	0.0010233564042257	rs4646778	5.10376835144803e-09	4.731013233285085e-05	LEVEL_B_PAIRWISE_GWAS	-0.0895409	-0.0416591	POSITIVE_EFFECT_PRODUCT	DIRECTION_CONCORDANT	CONDITIONAL	NO
TIER 2	AMD-CAD	True	12	110112932	113027651	0.0006148989548753	1.997865008981876e-07	0.0010233564042257	rs11066028	1.08712730270561e-06	0.003851794676412893	LEVEL_C_ATLAS_FDR	-0.0574427	-0.03187325	POSITIVE_EFFECT_PRODUCT	DIRECTION_CONCORDANT	CONDITIONAL	NO
TIER 2	AMD-CAD	True	12	110112932	113027651	0.0006148989548753	1.997865008981876e-07	0.0010233564042257	rs9971942	1.50121751853286e-08	0.00011582530814222496	LEVEL_B_PAIRWISE_GWAS	-0.0929884	-0.0358416	POSITIVE_EFFECT_PRODUCT	DIRECTION_CONCORDANT	CONDITIONAL	NO
TIER 2	AMD-CAD	True	12	110112932	113027651	0.0006148989548753	1.997865008981876e-07	0.0010233564042257	rs7314870	2.7439552307857e-09	2.832213494161257e-05	LEVEL_A_ATLAS_STRINGENT	-0.0902141	-0.04124536	POSITIVE_EFFECT_PRODUCT	DIRECTION_CONCORDANT	CONDITIONAL	NO
TIER 2	AMD-CAD	True	12	110112932	113027651	0.0006148989548753	1.997865008981876e-07	0.0010233564042257	rs3177647	2.88098265734997e-09	2.9473561504039002e-05	LEVEL_B_PAIRWISE_GWAS	-0.0894521	-0.04129378	POSITIVE_EFFECT_PRODUCT	DIRECTION_CONCORDANT	CONDITIONAL	NO
TIER 2	AMD-CAD	True	12	110112932	113027651	0.0006148989548753	1.997865008981876e-07	0.0010233564042257	rs2879603	2.94197819227965e-09	3.0035603720306104e-05	LEVEL_B_PAIRWISE_GWAS	-0.0901523	-0.04116549	POSITIVE_EFFECT_PRODUCT	DIRECTION_CONCORDANT	CONDITIONAL	NO
TIER 2	AMD-CAD	True	12	110112932	113027651	0.0006148989548753	1.997865008981876e-07	0.0010233564042257	rs3213628	3.13837918280217e-09	3.173273059311312e-05	LEVEL_B_PAIRWISE_GWAS	-0.0897289	-0.04122938	POSITIVE_EFFECT_PRODUCT	DIRECTION_CONCORDANT	CONDITIONAL	NO
TIER 2	AMD-CAD	True	12	110112932	113027651	0.0006148989548753	1.997865008981876e-07	0.0010233564042257	rs4767068	1.59728957325174e-08	0.00012236731425884824	LEVEL_B_PAIRWISE_GWAS	-0.0931218	-0.03561347	POSITIVE_EFFECT_PRODUCT	DIRECTION_CONCORDANT	CONDITIONAL	NO
TIER 2	AMD-CAD	True	12	110112932	113027651	0.0006148989548753	1.997865008981876e-07	0.0010233564042257	rs7980569	2.75487649413107e-09	2.8409517344570258e-05	LEVEL_A_ATLAS_STRINGENT	-0.0902983	-0.04124373	POSITIVE_EFFECT_PRODUCT	DIRECTION_CONCORDANT	CONDITIONAL	NO
TIER 2	AMD-CAD	True	12	110112932	113027651	0.0006148989548753	1.997865008981876e-07	0.0010233564042257	rs4346023	3.7791158806639e-07	0.0016119380879623688	LEVEL_C_ATLAS_FDR	-0.0613227	-0.03222101	POSITIVE_EFFECT_PRODUCT	DIRECTION_CONCORDANT	CONDITIONAL	NO
TIER 2	AMD-CAD	True	12	110112932	113027651	0.0006148989548753	1.997865008981876e-07	0.0010233564042257	rs6489817	2.77655600043413e-09	2.8548272456767002e-05	LEVEL_A_ATLAS_STRINGENT	-0.0902682	-0.04123368	POSITIVE_EFFECT_PRODUCT	DIRECTION_CONCORDANT	CONDITIONAL	NO
TIER 2	AMD-CAD	True	12	110112932	113027651	0.0006148989548753	1.997865008981876e-07	0.0010233564042257	rs7976557	2.79113695655956e-09	2.8689694264276178e-05	LEVEL_B_PAIRWISE_GWAS	-0.0903901	-0.04116802	POSITIVE_EFFECT_PRODUCT	DIRECTION_CONCORDANT	CONDITIONAL	NO
TIER 2	AMD-CAD	True	12	110112932	113027651	0.0006148989548753	1.997865008981876e-07	0.0010233564042257	rs11066054	5.44863809491557e-09	4.998545506869505e-05	LEVEL_B_PAIRWISE_GWAS	-0.0904066	-0.0410764	POSITIVE_EFFECT_PRODUCT	DIRECTION_CONCORDANT	CONDITIONAL	NO
TIER 2	AMD-CAD	True	12	110112932	113027651	0.0006148989548753	1.997865008981876e-07	0.0010233564042257	rs6489818	1.08432411042646e-08	8.763382744259303e-05	LEVEL_B_PAIRWISE_GWAS	-0.0938796	-0.03600191	POSITIVE_EFFECT_PRODUCT	DIRECTION_CONCORDANT	CONDITIONAL	NO
TIER 2	AMD-CAD	True	12	110112932	113027651	0.0006148989548753	1.997865008981876e-07	0.0010233564042257	rs7297760	2.65613162598987e-09	2.757142151236426e-05	LEVEL_A_ATLAS_STRINGENT	-0.0907108	-0.04113981	POSITIVE_EFFECT_PRODUCT	DIRECTION_CONCORDANT	CONDITIONAL	NO
TIER 2	AMD-CAD	True	12	110112932	113027651	0.0006148989548753	1.997865008981876e-07	0.0010233564042257	rs12426566	2.69350649643842e-09	2.7892654736991504e-05	LEVEL_A_ATLAS_STRINGENT	-0.0906337	-0.04112334	POSITIVE_EFFECT_PRODUCT	DIRECTION_CONCORDANT	CONDITIONAL	NO
TIER 2	AMD-CAD	True	12	110112932	113027651	0.0006148989548753	1.997865008981876e-07	0.0010233564042257	rs7294623	2.55581138180071e-09	2.6625614561346396e-05	LEVEL_A_ATLAS_STRINGENT	-0.090736	-0.04118843	POSITIVE_EFFECT_PRODUCT	DIRECTION_CONCORDANT	CONDITIONAL	NO
TIER 2	AMD-CAD	True	12	110112932	113027651	0.0006148989548753	1.997865008981876e-07	0.0010233564042257	rs1981517	2.29121400125847e-09	2.4291974307461097e-05	LEVEL_A_ATLAS_STRINGENT	-0.0911017	-0.04126362	POSITIVE_EFFECT_PRODUCT	DIRECTION_CONCORDANT	CONDITIONAL	NO
TIER 2	AMD-CAD	True	12	110112932	113027651	0.0006148989548753	1.997865008981876e-07	0.0010233564042257	rs12423041	3.19251745627527e-09	3.2186376827452935e-05	LEVEL_B_PAIRWISE_GWAS	-0.0932923	-0.04005177	POSITIVE_EFFECT_PRODUCT	DIRECTION_CONCORDANT	CONDITIONAL	NO
TIER 2	AMD-CAD	True	12	110112932	113027651	0.0006148989548753	1.997865008981876e-07	0.0010233564042257	rs16941724	1.59821577196461e-05	0.027829764000992973	LEVEL_C_ATLAS_FDR	-0.0752824	-0.05244132	POSITIVE_EFFECT_PRODUCT	DIRECTION_CONCORDANT	CONDITIONAL	NO
TIER 2	AMD-CAD	True	12	110112932	113027651	0.0006148989548753	1.997865008981876e-07	0.0010233564042257	rs6489819	2.29513384431523e-08	0.00016786343928188282	LEVEL_B_PAIRWISE_GWAS	-0.0907153	-0.03600017	POSITIVE_EFFECT_PRODUCT	DIRECTION_CONCORDANT	CONDITIONAL	NO
TIER 2	AMD-CAD	True	12	110112932	113027651	0.0006148989548753	1.997865008981876e-07	0.0010233564042257	rs12580246	1.72659177184257e-05	0.029383705232183952	LEVEL_C_ATLAS_FDR	-0.0725242	-0.05249816	POSITIVE_EFFECT_PRODUCT	DIRECTION_CONCORDANT	CONDITIONAL	NO
TIER 2	AMD-CAD	True	12	110112932	113027651	0.0006148989548753	1.997865008981876e-07	0.0010233564042257	rs7974772	2.80044172727397e-09	2.876829887625006e-05	LEVEL_B_PAIRWISE_GWAS	-0.0901949	-0.04120946	POSITIVE_EFFECT_PRODUCT	DIRECTION_CONCORDANT	CONDITIONAL	NO
TIER 2	AMD-CAD	True	12	110112932	113027651	0.0006148989548753	1.997865008981876e-07	0.0010233564042257	rs4766705	1.09383308495859e-08	8.838175400331647e-05	LEVEL_B_PAIRWISE_GWAS	-0.0935073	-0.03622688	POSITIVE_EFFECT_PRODUCT	DIRECTION_CONCORDANT	CONDITIONAL	NO
TIER 2	AMD-CAD	True	12	110112932	113027651	0.0006148989548753	1.997865008981876e-07	0.0010233564042257	rs9971746	2.5154378940345e-09	2.627599021504838e-05	LEVEL_A_ATLAS_STRINGENT	-0.0904684	-0.04131524	POSITIVE_EFFECT_PRODUCT	DIRECTION_CONCORDANT	CONDITIONAL	NO
TIER 2	AMD-CAD	True	12	110112932	113027651	0.0006148989548753	1.997865008981876e-07	0.0010233564042257	rs3742000	1.91040345876585e-08	0.00014328726036739136	LEVEL_B_PAIRWISE_GWAS	-0.0941999	-0.03568009	POSITIVE_EFFECT_PRODUCT	DIRECTION_CONCORDANT	CONDITIONAL	NO
TIER 2	AMD-CAD	True	12	110112932	113027651	0.0006148989548753	1.997865008981876e-07	0.0010233564042257	rs12321677	2.49079305410042e-09	2.6049910000857286e-05	LEVEL_A_ATLAS_STRINGENT	-0.0921326	-0.0405354	POSITIVE_EFFECT_PRODUCT	DIRECTION_CONCORDANT	CONDITIONAL	NO
TIER 2	AMD-CAD	True	12	110112932	113027651	0.0006148989548753	1.997865008981876e-07	0.0010233564042257	rs3741998	2.41255459624889e-09	2.535616328563563e-05	LEVEL_A_ATLAS_STRINGENT	-0.0922998	-0.04054276	POSITIVE_EFFECT_PRODUCT	DIRECTION_CONCORDANT	CONDITIONAL	NO
TIER 2	AMD-CAD	True	12	110112932	113027651	0.0006148989548753	1.997865008981876e-07	0.0010233564042257	rs11066077	2.36781412134445e-09	2.499499601857064e-05	LEVEL_A_ATLAS_STRINGENT	-0.0922054	-0.04069837	POSITIVE_EFFECT_PRODUCT	DIRECTION_CONCORDANT	CONDITIONAL	NO
TIER 2	AMD-CAD	True	12	110112932	113027651	0.0006148989548753	1.997865008981876e-07	0.0010233564042257	rs7294902	4.39689700167281e-09	4.2184563865499744e-05	LEVEL_B_PAIRWISE_GWAS	-0.0918901	-0.0393482	POSITIVE_EFFECT_PRODUCT	DIRECTION_CONCORDANT	CONDITIONAL	NO
TIER 2	AMD-CAD	True	12	110112932	113027651	0.0006148989548753	1.997865008981876e-07	0.0010233564042257	rs11066089	2.75759296328901e-09	2.8420643893535413e-05	LEVEL_A_ATLAS_STRINGENT	-0.0914076	-0.04067021	POSITIVE_EFFECT_PRODUCT	DIRECTION_CONCORDANT	CONDITIONAL	NO
TIER 2	AMD-CAD	True	12	110112932	113027651	0.0006148989548753	1.997865008981876e-07	0.0010233564042257	rs16941759	2.75337258283593e-09	2.840244638042663e-05	LEVEL_A_ATLAS_STRINGENT	-0.0913711	-0.04067855	POSITIVE_EFFECT_PRODUCT	DIRECTION_CONCORDANT	CONDITIONAL	NO
TIER 2	AMD-CAD	True	12	110112932	113027651	0.0006148989548753	1.997865008981876e-07	0.0010233564042257	rs3752630	2.79593683691424e-09	2.8730523836047565e-05	LEVEL_B_PAIRWISE_GWAS	-0.091213	-0.04029157	POSITIVE_EFFECT_PRODUCT	DIRECTION_CONCORDANT	CONDITIONAL	NO
TIER 2	AMD-CAD	True	12	110112932	113027651	0.0006148989548753	1.997865008981876e-07	0.0010233564042257	rs7133881	2.9728017877453e-09	3.0261287954390432e-05	LEVEL_B_PAIRWISE_GWAS	-0.0916434	-0.04027507	POSITIVE_EFFECT_PRODUCT	DIRECTION_CONCORDANT	CONDITIONAL	NO
TIER 2	AMD-CAD	True	12	110112932	113027651	0.0006148989548753	1.997865008981876e-07	0.0010233564042257	rs9788231	1.25588570019085e-08	9.91064813778048e-05	LEVEL_B_PAIRWISE_GWAS	-0.0952397	-0.03514186	POSITIVE_EFFECT_PRODUCT	DIRECTION_CONCORDANT	CONDITIONAL	NO
TIER 2	AMD-CAD	True	12	110112932	113027651	0.0006148989548753	1.997865008981876e-07	0.0010233564042257	rs7295722	9.06589379694651e-09	7.53574112662579e-05	LEVEL_B_PAIRWISE_GWAS	-0.0977687	-0.03498657	POSITIVE_EFFECT_PRODUCT	DIRECTION_CONCORDANT	CONDITIONAL	NO
TIER 2	AMD-CAD	True	12	110112932	113027651	0.0006148989548753	1.997865008981876e-07	0.0010233564042257	rs9630276	1.32773000564566e-08	0.00010405276785090624	LEVEL_B_PAIRWISE_GWAS	-0.0949212	-0.03501341	POSITIVE_EFFECT_PRODUCT	DIRECTION_CONCORDANT	CONDITIONAL	NO
TIER 2	AMD-CAD	True	12	110112932	113027651	0.0006148989548753	1.997865008981876e-07	0.0010233564042257	rs1016078	1.66346322616483e-09	1.8572412291351824e-05	LEVEL_A_ATLAS_STRINGENT	-0.0949891	-0.04021951	POSITIVE_EFFECT_PRODUCT	DIRECTION_CONCORDANT	CONDITIONAL	NO
TIER 2	AMD-CAD	True	12	110112932	113027651	0.0006148989548753	1.997865008981876e-07	0.0010233564042257	rs1016079	1.79257566326842e-09	1.980473921677142e-05	LEVEL_A_ATLAS_STRINGENT	-0.0948807	-0.04012596	POSITIVE_EFFECT_PRODUCT	DIRECTION_CONCORDANT	CONDITIONAL	NO
TIER 2	AMD-CAD	True	12	110112932	113027651	0.0006148989548753	1.997865008981876e-07	0.0010233564042257	rs2339908	1.37292556828868e-09	1.570233112259107e-05	LEVEL_A_ATLAS_STRINGENT	-0.0946767	-0.04077145	POSITIVE_EFFECT_PRODUCT	DIRECTION_CONCORDANT	CONDITIONAL	NO
TIER 2	AMD-CAD	True	12	110112932	113027651	0.0006148989548753	1.997865008981876e-07	0.0010233564042257	rs4767264	6.15934448605929e-09	5.5117631698728104e-05	LEVEL_B_PAIRWISE_GWAS	-0.0986056	-0.03531938	POSITIVE_EFFECT_PRODUCT	DIRECTION_CONCORDANT	CONDITIONAL	NO
TIER 2	AMD-CAD	True	12	110112932	113027651	0.0006148989548753	1.997865008981876e-07	0.0010233564042257	rs11066118	7.9581127622303e-07	0.0029947917490921344	LEVEL_C_ATLAS_FDR	-0.0829869	-0.05087428	POSITIVE_EFFECT_PRODUCT	DIRECTION_CONCORDANT	CONDITIONAL	NO
TIER 2	AMD-CAD	True	12	110112932	113027651	0.0006148989548753	1.997865008981876e-07	0.0010233564042257	rs11066119	9.18672948698347e-07	0.003363077000489413	LEVEL_C_ATLAS_FDR	-0.0821762	-0.05082658	POSITIVE_EFFECT_PRODUCT	DIRECTION_CONCORDANT	CONDITIONAL	NO
TIER 2	AMD-CAD	True	12	110112932	113027651	0.0006148989548753	1.997865008981876e-07	0.0010233564042257	rs7313773	7.61982422095405e-07	0.0028938405025294724	LEVEL_C_ATLAS_FDR	-0.0834671	-0.05056455	POSITIVE_EFFECT_PRODUCT	DIRECTION_CONCORDANT	CONDITIONAL	NO
TIER 2	AMD-CAD	True	12	110112932	113027651	0.0006148989548753	1.997865008981876e-07	0.0010233564042257	rs7310545	6.77309703936322e-07	0.002626585693317798	LEVEL_C_ATLAS_FDR	-0.0825719	-0.05317063	POSITIVE_EFFECT_PRODUCT	DIRECTION_CONCORDANT	CONDITIONAL	NO
TIER 2	AMD-CAD	True	12	110112932	113027651	0.0006148989548753	1.997865008981876e-07	0.0010233564042257	rs11066128	9.17161262997708e-07	0.0033582513654169294	LEVEL_C_ATLAS_FDR	-0.0823173	-0.05029245	POSITIVE_EFFECT_PRODUCT	DIRECTION_CONCORDANT	CONDITIONAL	NO
TIER 2	AMD-CAD	True	12	110112932	113027651	0.0006148989548753	1.997865008981876e-07	0.0010233564042257	rs7316563	8.02379915633405e-07	0.0030137327064006444	LEVEL_C_ATLAS_FDR	-0.0835825	-0.05031736	POSITIVE_EFFECT_PRODUCT	DIRECTION_CONCORDANT	CONDITIONAL	NO
TIER 2	AMD-CAD	True	12	110112932	113027651	0.0006148989548753	1.997865008981876e-07	0.0010233564042257	rs7114	2.71361083719857e-06	0.007929458240857164	LEVEL_C_ATLAS_FDR	-0.0873547	-0.04231127	POSITIVE_EFFECT_PRODUCT	DIRECTION_CONCORDANT	CONDITIONAL	NO
TIER 2	AMD-CAD	True	12	110112932	113027651	0.0006148989548753	1.997865008981876e-07	0.0010233564042257	rs4767293	3.46347053390257e-09	3.448735980429825e-05	LEVEL_B_PAIRWISE_GWAS	-0.0662677	-0.03889469	POSITIVE_EFFECT_PRODUCT	DIRECTION_CONCORDANT	CONDITIONAL	NO
TIER 2	AMD-CAD	True	12	110112932	113027651	0.0006148989548753	1.997865008981876e-07	0.0010233564042257	rs7295294	6.75342848606918e-07	0.002620129166940579	LEVEL_C_ATLAS_FDR	-0.0833952	-0.05111619	POSITIVE_EFFECT_PRODUCT	DIRECTION_CONCORDANT	CONDITIONAL	NO
TIER 2	AMD-CAD	True	12	110112932	113027651	0.0006148989548753	1.997865008981876e-07	0.0010233564042257	rs6489824	6.72381361366122e-07	0.002610974092382478	LEVEL_C_ATLAS_FDR	-0.0831122	-0.05134921	POSITIVE_EFFECT_PRODUCT	DIRECTION_CONCORDANT	CONDITIONAL	NO
TIER 2	AMD-CAD	True	12	110112932	113027651	0.0006148989548753	1.997865008981876e-07	0.0010233564042257	rs2339941	1.82872368847042e-08	0.00013805589548104377	LEVEL_B_PAIRWISE_GWAS	-0.0917616	-0.035592	POSITIVE_EFFECT_PRODUCT	DIRECTION_CONCORDANT	CONDITIONAL	NO
TIER 2	AMD-CAD	True	12	110112932	113027651	0.0006148989548753	1.997865008981876e-07	0.0010233564042257	rs4766764	2.727888075915e-06	0.007960455789254847	LEVEL_C_ATLAS_FDR	-0.0878851	-0.04195254	POSITIVE_EFFECT_PRODUCT	DIRECTION_CONCORDANT	CONDITIONAL	NO
TIER 2	AMD-CAD	True	12	110112932	113027651	0.0006148989548753	1.997865008981876e-07	0.0010233564042257	rs7959011	6.97439053491676e-07	0.0026935127284524697	LEVEL_C_ATLAS_FDR	-0.0831686	-0.0511778	POSITIVE_EFFECT_PRODUCT	DIRECTION_CONCORDANT	CONDITIONAL	NO
TIER 2	AMD-CAD	True	12	110112932	113027651	0.0006148989548753	1.997865008981876e-07	0.0010233564042257	rs7314282	2.27654818257345e-07	0.0010685983562250452	LEVEL_C_ATLAS_FDR	-0.061823	-0.03285591	POSITIVE_EFFECT_PRODUCT	DIRECTION_CONCORDANT	CONDITIONAL	NO
TIER 2	AMD-CAD	True	12	110112932	113027651	0.0006148989548753	1.997865008981876e-07	0.0010233564042257	rs1980364	1.9478627900837e-06	0.00617983923033518	LEVEL_C_ATLAS_FDR	-0.0883267	-0.0440184	POSITIVE_EFFECT_PRODUCT	DIRECTION_CONCORDANT	CONDITIONAL	NO
TIER 2	AMD-CAD	True	12	110112932	113027651	0.0006148989548753	1.997865008981876e-07	0.0010233564042257	rs2339973	2.5748554702853e-07	0.001182712721033219	LEVEL_C_ATLAS_FDR	-0.0612267	-0.03293073	POSITIVE_EFFECT_PRODUCT	DIRECTION_CONCORDANT	CONDITIONAL	NO
TIER 2	AMD-CAD	True	12	110112932	113027651	0.0006148989548753	1.997865008981876e-07	0.0010233564042257	rs4767364	3.31921444701699e-07	0.0014468863850767533	LEVEL_C_ATLAS_FDR	-0.0605264	-0.03244607	POSITIVE_EFFECT_PRODUCT	DIRECTION_CONCORDANT	CONDITIONAL	NO
TIER 2	AMD-CAD	True	12	110112932	113027651	0.0006148989548753	1.997865008981876e-07	0.0010233564042257	rs11066156	2.84802001911566e-06	0.00821229482517503	LEVEL_C_ATLAS_FDR	-0.0876262	-0.04192679	POSITIVE_EFFECT_PRODUCT	DIRECTION_CONCORDANT	CONDITIONAL	NO
TIER 2	AMD-CAD	True	12	110112932	113027651	0.0006148989548753	1.997865008981876e-07	0.0010233564042257	rs7304572	1.37030012744478e-08	0.00010688863247780777	LEVEL_B_PAIRWISE_GWAS	-0.0926291	-0.03679949	POSITIVE_EFFECT_PRODUCT	DIRECTION_CONCORDANT	CONDITIONAL	NO
TIER 2	AMD-CAD	True	12	110112932	113027651	0.0006148989548753	1.997865008981876e-07	0.0010233564042257	rs4767376	3.24836219213184e-06	0.009021936382715156	LEVEL_C_ATLAS_FDR	-0.0876288	-0.04161162	POSITIVE_EFFECT_PRODUCT	DIRECTION_CONCORDANT	CONDITIONAL	NO
TIER 2	AMD-CAD	True	12	110112932	113027651	0.0006148989548753	1.997865008981876e-07	0.0010233564042257	rs12422941	3.35373067535824e-05	0.046317424589586084	LEVEL_C_ATLAS_FDR	-0.0668284	-0.05349407	POSITIVE_EFFECT_PRODUCT	DIRECTION_CONCORDANT	CONDITIONAL	NO
TIER 2	AMD-CAD	True	12	110112932	113027651	0.0006148989548753	1.997865008981876e-07	0.0010233564042257	rs7965087	7.27296143043379e-07	0.002794209476402245	LEVEL_C_ATLAS_FDR	-0.0823766	-0.05172966	POSITIVE_EFFECT_PRODUCT	DIRECTION_CONCORDANT	CONDITIONAL	NO
TIER 2	AMD-CAD	True	12	110112932	113027651	0.0006148989548753	1.997865008981876e-07	0.0010233564042257	rs7309841	5.59715687944561e-07	0.0022497314504819903	LEVEL_C_ATLAS_FDR	-0.0842693	-0.05146073	POSITIVE_EFFECT_PRODUCT	DIRECTION_CONCORDANT	CONDITIONAL	NO
TIER 2	AMD-CAD	True	12	110112932	113027651	0.0006148989548753	1.997865008981876e-07	0.0010233564042257	rs10850003	1.17747604629959e-08	9.394171837809734e-05	LEVEL_B_PAIRWISE_GWAS	-0.0938566	-0.03570303	POSITIVE_EFFECT_PRODUCT	DIRECTION_CONCORDANT	CONDITIONAL	NO
TIER 2	AMD-CAD	True	12	110112932	113027651	0.0006148989548753	1.997865008981876e-07	0.0010233564042257	rs7970397	6.50434213238507e-07	0.0025405282635235994	LEVEL_C_ATLAS_FDR	-0.0833086	-0.05152707	POSITIVE_EFFECT_PRODUCT	DIRECTION_CONCORDANT	CONDITIONAL	NO
TIER 2	AMD-CAD	True	12	110112932	113027651	0.0006148989548753	1.997865008981876e-07	0.0010233564042257	rs6489830	5.20634656073512e-07	0.002115181637252844	LEVEL_C_ATLAS_FDR	-0.0843836	-0.05174925	POSITIVE_EFFECT_PRODUCT	DIRECTION_CONCORDANT	CONDITIONAL	NO
TIER 2	AMD-CAD	True	12	110112932	113027651	0.0006148989548753	1.997865008981876e-07	0.0010233564042257	rs3519	1.89475360642757e-05	0.031360915115972464	LEVEL_C_ATLAS_FDR	-0.0692632	-0.05506253	POSITIVE_EFFECT_PRODUCT	DIRECTION_CONCORDANT	CONDITIONAL	NO
TIER 2	AMD-CAD	True	12	110112932	113027651	0.0006148989548753	1.997865008981876e-07	0.0010233564042257	rs12579336	2.39138579598413e-05	0.03682254215007725	LEVEL_C_ATLAS_FDR	-0.0686735	-0.05288458	POSITIVE_EFFECT_PRODUCT	DIRECTION_CONCORDANT	CONDITIONAL	NO
TIER 2	AMD-CAD	True	12	110112932	113027651	0.0006148989548753	1.997865008981876e-07	0.0010233564042257	rs7979255	1.83597381753517e-06	0.005898011479994594	LEVEL_C_ATLAS_FDR	-0.0890606	-0.04417004	POSITIVE_EFFECT_PRODUCT	DIRECTION_CONCORDANT	CONDITIONAL	NO
TIER 2	AMD-CAD	True	12	110112932	113027651	0.0006148989548753	1.997865008981876e-07	0.0010233564042257	rs3741993	2.85546543000899e-05	0.04156241527380968	LEVEL_C_ATLAS_FDR	-0.0669552	-0.05326022	POSITIVE_EFFECT_PRODUCT	DIRECTION_CONCORDANT	CONDITIONAL	NO
TIER 2	AMD-CAD	True	12	110112932	113027651	0.0006148989548753	1.997865008981876e-07	0.0010233564042257	rs12423268	3.26227626689047e-05	0.04548852817719807	LEVEL_C_ATLAS_FDR	-0.0658928	-0.05356252	POSITIVE_EFFECT_PRODUCT	DIRECTION_CONCORDANT	CONDITIONAL	NO
TIER 2	AMD-CAD	True	12	110112932	113027651	0.0006148989548753	1.997865008981876e-07	0.0010233564042257	rs10850014	1.43337775707228e-06	0.00484091972724799	LEVEL_C_ATLAS_FDR	-0.0888785	-0.04497292	POSITIVE_EFFECT_PRODUCT	DIRECTION_CONCORDANT	CONDITIONAL	NO
TIER 2	AMD-CAD	True	12	110112932	113027651	0.0006148989548753	1.997865008981876e-07	0.0010233564042257	rs11066195	1.98533637400001e-06	0.0062746419623081725	LEVEL_C_ATLAS_FDR	-0.0891701	-0.0425232	POSITIVE_EFFECT_PRODUCT	DIRECTION_CONCORDANT	CONDITIONAL	NO
TIER 2	AMD-CAD	True	12	110112932	113027651	0.0006148989548753	1.997865008981876e-07	0.0010233564042257	rs1005902	2.56477133651444e-07	0.0011792532764994847	LEVEL_C_ATLAS_FDR	-0.0620684	-0.03219902	POSITIVE_EFFECT_PRODUCT	DIRECTION_CONCORDANT	CONDITIONAL	NO
TIER 2	AMD-CAD	True	12	110112932	113027651	0.0006148989548753	1.997865008981876e-07	0.0010233564042257	rs4767522	1.54505082864255e-06	0.005143999104967226	LEVEL_C_ATLAS_FDR	-0.090673	-0.04267152	POSITIVE_EFFECT_PRODUCT	DIRECTION_CONCORDANT	CONDITIONAL	NO
TIER 2	AMD-CAD	True	12	110112932	113027651	0.0006148989548753	1.997865008981876e-07	0.0010233564042257	rs11066207	2.04989170464859e-06	0.006435309549125771	LEVEL_C_ATLAS_FDR	-0.0893083	-0.04221566	POSITIVE_EFFECT_PRODUCT	DIRECTION_CONCORDANT	CONDITIONAL	NO
TIER 2	AMD-CAD	True	12	110112932	113027651	0.0006148989548753	1.997865008981876e-07	0.0010233564042257	rs2285810	1.89001233379959e-07	0.0009160225295602052	LEVEL_C_ATLAS_FDR	-0.062842	-0.03287646	POSITIVE_EFFECT_PRODUCT	DIRECTION_CONCORDANT	CONDITIONAL	NO
TIER 2	AMD-CAD	True	12	110112932	113027651	0.0006148989548753	1.997865008981876e-07	0.0010233564042257	rs10850023	1.48682362566209e-06	0.004993727111717491	LEVEL_C_ATLAS_FDR	-0.0904159	-0.0429108	POSITIVE_EFFECT_PRODUCT	DIRECTION_CONCORDANT	CONDITIONAL	NO
TIER 2	AMD-CAD	True	12	110112932	113027651	0.0006148989548753	1.997865008981876e-07	0.0010233564042257	rs2285809	3.24210559995916e-07	0.0014189759675410413	LEVEL_C_ATLAS_FDR	-0.089348	-0.0504178	POSITIVE_EFFECT_PRODUCT	DIRECTION_CONCORDANT	CONDITIONAL	NO
TIER 2	AMD-CAD	True	12	110112932	113027651	0.0006148989548753	1.997865008981876e-07	0.0010233564042257	rs1859246	3.13862846038597e-07	0.0013829286236845117	LEVEL_C_ATLAS_FDR	-0.0890636	-0.05072611	POSITIVE_EFFECT_PRODUCT	DIRECTION_CONCORDANT	CONDITIONAL	NO
TIER 2	AMD-CAD	True	12	110112932	113027651	0.0006148989548753	1.997865008981876e-07	0.0010233564042257	rs4357753	1.90192352267012e-05	0.03145014496992116	LEVEL_C_ATLAS_FDR	-0.0713591	-0.05323203	POSITIVE_EFFECT_PRODUCT	DIRECTION_CONCORDANT	CONDITIONAL	NO
TIER 2	AMD-CAD	True	12	110112932	113027651	0.0006148989548753	1.997865008981876e-07	0.0010233564042257	rs1989949	1.54909431017718e-06	0.005153013011039769	LEVEL_C_ATLAS_FDR	-0.0904655	-0.04274517	POSITIVE_EFFECT_PRODUCT	DIRECTION_CONCORDANT	CONDITIONAL	NO
TIER 2	AMD-CAD	True	12	110112932	113027651	0.0006148989548753	1.997865008981876e-07	0.0010233564042257	rs11066257	7.39047020464017e-07	0.0028287104977453674	LEVEL_C_ATLAS_FDR	-0.0937582	-0.04488832	POSITIVE_EFFECT_PRODUCT	DIRECTION_CONCORDANT	CONDITIONAL	NO
TIER 2	AMD-CAD	True	12	110112932	113027651	0.0006148989548753	1.997865008981876e-07	0.0010233564042257	rs10850031	2.65594421096462e-07	0.0012133762574883357	LEVEL_C_ATLAS_FDR	-0.0628885	-0.03324949	POSITIVE_EFFECT_PRODUCT	DIRECTION_CONCORDANT	CONDITIONAL	NO
TIER 2	AMD-CAD	True	12	110112932	113027651	0.0006148989548753	1.997865008981876e-07	0.0010233564042257	rs1468253	5.19284157506968e-09	4.797773173542186e-05	LEVEL_B_PAIRWISE_GWAS	-0.0982315	-0.03702306	POSITIVE_EFFECT_PRODUCT	DIRECTION_CONCORDANT	CONDITIONAL	NO
TIER 2	AMD-CAD	True	12	110112932	113027651	0.0006148989548753	1.997865008981876e-07	0.0010233564042257	rs1468251	1.00164583339561e-06	0.0036062529398889574	LEVEL_C_ATLAS_FDR	-0.0938152	-0.04238518	POSITIVE_EFFECT_PRODUCT	DIRECTION_CONCORDANT	CONDITIONAL	NO
TIER 2	AMD-CAD	True	12	110112932	113027651	0.0006148989548753	1.997865008981876e-07	0.0010233564042257	rs10850033	1.16619444305251e-06	0.004077826834303217	LEVEL_C_ATLAS_FDR	-0.0931193	-0.04190207	POSITIVE_EFFECT_PRODUCT	DIRECTION_CONCORDANT	CONDITIONAL	NO
TIER 2	AMD-CAD	True	12	110112932	113027651	0.0006148989548753	1.997865008981876e-07	0.0010233564042257	rs7974383	5.84302415379789e-09	5.281804118419e-05	LEVEL_B_PAIRWISE_GWAS	-0.0986269	-0.0354856	POSITIVE_EFFECT_PRODUCT	DIRECTION_CONCORDANT	CONDITIONAL	NO
TIER 2	AMD-CAD	True	12	110112932	113027651	0.0006148989548753	1.997865008981876e-07	0.0010233564042257	rs6489841	1.0974458665925e-06	0.0038805042248951436	LEVEL_C_ATLAS_FDR	-0.0942341	-0.04191931	POSITIVE_EFFECT_PRODUCT	DIRECTION_CONCORDANT	CONDITIONAL	NO
TIER 2	AMD-CAD	True	12	110112932	113027651	0.0006148989548753	1.997865008981876e-07	0.0010233564042257	rs7311681	2.5273531844979e-09	2.6384576067646022e-05	LEVEL_A_ATLAS_STRINGENT	-0.104678	-0.03570524	POSITIVE_EFFECT_PRODUCT	DIRECTION_CONCORDANT	CONDITIONAL	NO
TIER 2	AMD-CAD	True	12	110112932	113027651	0.0006148989548753	1.997865008981876e-07	0.0010233564042257	rs2301723	1.20129001176051e-06	0.004182009196275925	LEVEL_C_ATLAS_FDR	-0.0918857	-0.04397132	POSITIVE_EFFECT_PRODUCT	DIRECTION_CONCORDANT	CONDITIONAL	NO
TIER 2	AMD-CAD	True	12	110112932	113027651	0.0006148989548753	1.997865008981876e-07	0.0010233564042257	rs11066301	1.06009171897492e-05	0.020836682605421777	LEVEL_C_ATLAS_FDR	0.0286897	0.04493775	POSITIVE_EFFECT_PRODUCT	DIRECTION_CONCORDANT	CONDITIONAL	NO
TIER 2	AMD-CAD	True	12	110112932	113027651	0.0006148989548753	1.997865008981876e-07	0.0010233564042257	rs11066308	1.71921171033486e-05	0.029300709112183295	LEVEL_C_ATLAS_FDR	-0.0718743	-0.05335978	POSITIVE_EFFECT_PRODUCT	DIRECTION_CONCORDANT	CONDITIONAL	NO
TIER 2	AMD-CAD	True	12	110112932	113027651	0.0006148989548753	1.997865008981876e-07	0.0010233564042257	rs2301756	3.90786924165442e-06	0.01031235891166632	LEVEL_C_ATLAS_FDR	-0.0908709	-0.04010575	POSITIVE_EFFECT_PRODUCT	DIRECTION_CONCORDANT	CONDITIONAL	NO
TIER 2	AMD-CAD	True	12	110112932	113027651	0.0006148989548753	1.997865008981876e-07	0.0010233564042257	rs12423190	1.79554192518586e-05	0.0302202799952998	LEVEL_C_ATLAS_FDR	-0.0722903	-0.0543919	POSITIVE_EFFECT_PRODUCT	DIRECTION_CONCORDANT	CONDITIONAL	NO
TIER 2	AMD-CAD	True	12	110112932	113027651	0.0006148989548753	1.997865008981876e-07	0.0010233564042257	rs11066322	1.75093717620519e-08	0.00013281905370527314	LEVEL_B_PAIRWISE_GWAS	-0.0988476	-0.03499247	POSITIVE_EFFECT_PRODUCT	DIRECTION_CONCORDANT	CONDITIONAL	NO
TIER 2	AMD-CAD	True	12	110112932	113027651	0.0006148989548753	1.997865008981876e-07	0.0010233564042257	rs7953150	1.61317564930867e-06	0.005326363809893005	LEVEL_C_ATLAS_FDR	-0.0573642	-0.0314968	POSITIVE_EFFECT_PRODUCT	DIRECTION_CONCORDANT	CONDITIONAL	NO
TIER 2	AMD-CAD	True	12	110112932	113027651	0.0006148989548753	1.997865008981876e-07	0.0010233564042257	rs2158291	4.40937330175866e-06	0.011260802354411632	LEVEL_C_ATLAS_FDR	-0.0891529	-0.04121653	POSITIVE_EFFECT_PRODUCT	DIRECTION_CONCORDANT	CONDITIONAL	NO
TIER 2	AMD-CAD	True	12	110112932	113027651	0.0006148989548753	1.997865008981876e-07	0.0010233564042257	rs6489847	2.52893857914556e-06	0.007540263456620221	LEVEL_C_ATLAS_FDR	-0.0902933	-0.04210498	POSITIVE_EFFECT_PRODUCT	DIRECTION_CONCORDANT	CONDITIONAL	NO
TIER 2	AMD-CAD	True	12	110112932	113027651	0.0006148989548753	1.997865008981876e-07	0.0010233564042257	rs10774654	3.57641512185286e-06	0.009678290674324427	LEVEL_C_ATLAS_FDR	-0.0882178	-0.04179013	POSITIVE_EFFECT_PRODUCT	DIRECTION_CONCORDANT	CONDITIONAL	NO
TIER 2	AMD-CAD	True	12	110112932	113027651	0.0006148989548753	1.997865008981876e-07	0.0010233564042257	rs4767879	3.16710388657427e-06	0.008862196478128541	LEVEL_C_ATLAS_FDR	-0.090029	-0.0410228	POSITIVE_EFFECT_PRODUCT	DIRECTION_CONCORDANT	CONDITIONAL	NO
TIER 2	AMD-CAD	True	12	110112932	113027651	0.0006148989548753	1.997865008981876e-07	0.0010233564042257	rs4767880	5.56463055956846e-06	0.013303792570841676	LEVEL_C_ATLAS_FDR	-0.0874742	-0.04106554	POSITIVE_EFFECT_PRODUCT	DIRECTION_CONCORDANT	CONDITIONAL	NO
TIER 2	AMD-CAD	True	12	110112932	113027651	0.0006148989548753	1.997865008981876e-07	0.0010233564042257	rs2384000	5.30849171658299e-06	0.012879482119560139	LEVEL_C_ATLAS_FDR	-0.0873742	-0.04127194	POSITIVE_EFFECT_PRODUCT	DIRECTION_CONCORDANT	CONDITIONAL	NO
TIER 2	AMD-CAD	True	12	110112932	113027651	0.0006148989548753	1.997865008981876e-07	0.0010233564042257	rs10850052	7.34084494236839e-06	0.0160846596403629	LEVEL_C_ATLAS_FDR	-0.085248	-0.04118116	POSITIVE_EFFECT_PRODUCT	DIRECTION_CONCORDANT	CONDITIONAL	NO
TIER 2	AMD-CAD	True	12	110112932	113027651	0.0006148989548753	1.997865008981876e-07	0.0010233564042257	rs10850053	7.57930210054389e-06	0.01646872326532619	LEVEL_C_ATLAS_FDR	-0.0815459	-0.04289186	POSITIVE_EFFECT_PRODUCT	DIRECTION_CONCORDANT	CONDITIONAL	NO
TIER 2	AMD-CAD	True	12	110112932	113027651	0.0006148989548753	1.997865008981876e-07	0.0010233564042257	rs739787	9.66467364121111e-06	0.019570482637552976	LEVEL_C_ATLAS_FDR	-0.0821055	-0.04204666	POSITIVE_EFFECT_PRODUCT	DIRECTION_CONCORDANT	CONDITIONAL	NO
TIER 2	AMD-CAD	True	12	110112932	113027651	0.0006148989548753	1.997865008981876e-07	0.0010233564042257	rs741334	1.82025502715124e-06	0.005859063348010533	LEVEL_C_ATLAS_FDR	-0.0607232	-0.0304922	POSITIVE_EFFECT_PRODUCT	DIRECTION_CONCORDANT	CONDITIONAL	NO
TIER 2	AMD-STROKE	True	12	110112932	113027651	0.0006560101076822	1.0061583069178276e-05	0.0196335024289898	rs4378452	1.07628896695182e-05	0.02107865912265043	LEVEL_C_ATLAS_FDR	0.0414411	0.0464	POSITIVE_EFFECT_PRODUCT	DIRECTION_CONCORDANT	CONDITIONAL	NO
TIER 2	AMD-STROKE	True	12	110112932	113027651	0.0006560101076822	1.0061583069178276e-05	0.0196335024289898	rs11065822	1.70640393306653e-05	0.029134296872661312	LEVEL_C_ATLAS_FDR	0.0430279	0.0447	POSITIVE_EFFECT_PRODUCT	DIRECTION_CONCORDANT	CONDITIONAL	NO
TIER 2	AMD-STROKE	True	12	110112932	113027651	0.0006560101076822	1.0061583069178276e-05	0.0196335024289898	rs11065884	4.41264227211486e-07	0.0018407679017714254	LEVEL_C_ATLAS_FDR	-0.0669191	-0.0457	POSITIVE_EFFECT_PRODUCT	DIRECTION_CONCORDANT	CONDITIONAL	NO
TIER 2	AMD-STROKE	True	12	110112932	113027651	0.0006560101076822	1.0061583069178276e-05	0.0196335024289898	rs10849943	1.40450651620953e-05	0.025432715348582123	LEVEL_C_ATLAS_FDR	-0.0642792	-0.0353	POSITIVE_EFFECT_PRODUCT	DIRECTION_CONCORDANT	CONDITIONAL	NO
TIER 2	AMD-STROKE	True	12	110112932	113027651	0.0006560101076822	1.0061583069178276e-05	0.0196335024289898	rs10849944	4.78156150707858e-07	0.0019689607304572143	LEVEL_C_ATLAS_FDR	-0.0627868	-0.0461	POSITIVE_EFFECT_PRODUCT	DIRECTION_CONCORDANT	CONDITIONAL	NO
TIER 2	AMD-STROKE	True	12	110112932	113027651	0.0006560101076822	1.0061583069178276e-05	0.0196335024289898	rs4766573	4.85848001852853e-06	0.012090030428388455	LEVEL_C_ATLAS_FDR	-0.0672021	-0.0359	POSITIVE_EFFECT_PRODUCT	DIRECTION_CONCORDANT	CONDITIONAL	NO
TIER 2	AMD-STROKE	True	12	110112932	113027651	0.0006560101076822	1.0061583069178276e-05	0.0196335024289898	rs10774623	1.50185586277972e-07	0.000762944009141334	LEVEL_C_ATLAS_FDR	-0.0686091	-0.0458	POSITIVE_EFFECT_PRODUCT	DIRECTION_CONCORDANT	CONDITIONAL	NO
TIER 2	AMD-STROKE	True	12	110112932	113027651	0.0006560101076822	1.0061583069178276e-05	0.0196335024289898	rs3742003	3.45037952800108e-08	0.00023544038777392761	LEVEL_B_PAIRWISE_GWAS	-0.102327	-0.0353	POSITIVE_EFFECT_PRODUCT	DIRECTION_CONCORDANT	CONDITIONAL	NO
TIER 2	AMD-STROKE	True	12	110112932	113027651	0.0006560101076822	1.0061583069178276e-05	0.0196335024289898	rs11065898	7.12102201314437e-08	0.00041224608293791756	LEVEL_C_ATLAS_FDR	-0.0938082	-0.0361	POSITIVE_EFFECT_PRODUCT	DIRECTION_CONCORDANT	CONDITIONAL	NO
TIER 2	AMD-STROKE	True	12	110112932	113027651	0.0006560101076822	1.0061583069178276e-05	0.0196335024289898	rs2238154	8.61270831769704e-09	7.223042108252501e-05	LEVEL_B_PAIRWISE_GWAS	-0.10857	-0.0351	POSITIVE_EFFECT_PRODUCT	DIRECTION_CONCORDANT	CONDITIONAL	NO
TIER 2	AMD-STROKE	True	12	110112932	113027651	0.0006560101076822	1.0061583069178276e-05	0.0196335024289898	rs3184504	3.58074850710174e-11	7.773224117008719e-07	LEVEL_A_ATLAS_STRINGENT	-0.0669822	-0.0617	POSITIVE_EFFECT_PRODUCT	DIRECTION_CONCORDANT	CONDITIONAL	NO
TIER 2	AMD-STROKE	True	12	110112932	113027651	0.0006560101076822	1.0061583069178276e-05	0.0196335024289898	rs739496	2.88991791683857e-11	6.505444370574172e-07	LEVEL_A_ATLAS_STRINGENT	-0.109595	-0.046	POSITIVE_EFFECT_PRODUCT	DIRECTION_CONCORDANT	CONDITIONAL	NO
TIER 2	AMD-STROKE	True	12	110112932	113027651	0.0006560101076822	1.0061583069178276e-05	0.0196335024289898	rs10849949	4.82766748694588e-11	9.467600350053637e-07	LEVEL_A_ATLAS_STRINGENT	-0.10942	-0.0454	POSITIVE_EFFECT_PRODUCT	DIRECTION_CONCORDANT	CONDITIONAL	NO
TIER 2	AMD-STROKE	True	12	110112932	113027651	0.0006560101076822	1.0061583069178276e-05	0.0196335024289898	rs2073950	4.70535365542905e-09	4.432314943276579e-05	LEVEL_B_PAIRWISE_GWAS	-0.108133	-0.0368	POSITIVE_EFFECT_PRODUCT	DIRECTION_CONCORDANT	CONDITIONAL	NO
TIER 2	AMD-STROKE	True	12	110112932	113027651	0.0006560101076822	1.0061583069178276e-05	0.0196335024289898	rs2301621	5.20807727262092e-09	4.810569319630827e-05	LEVEL_B_PAIRWISE_GWAS	-0.108971	-0.0366	POSITIVE_EFFECT_PRODUCT	DIRECTION_CONCORDANT	CONDITIONAL	NO
TIER 2	AMD-STROKE	True	12	110112932	113027651	0.0006560101076822	1.0061583069178276e-05	0.0196335024289898	rs7965040	7.03257910662815e-11	1.296403335343749e-06	LEVEL_A_ATLAS_STRINGENT	-0.10769	-0.0456	POSITIVE_EFFECT_PRODUCT	DIRECTION_CONCORDANT	CONDITIONAL	NO
TIER 2	AMD-STROKE	True	12	110112932	113027651	0.0006560101076822	1.0061583069178276e-05	0.0196335024289898	rs1029388	6.06543502739259e-11	1.144247482492409e-06	LEVEL_A_ATLAS_STRINGENT	-0.108107	-0.0455	POSITIVE_EFFECT_PRODUCT	DIRECTION_CONCORDANT	CONDITIONAL	NO
TIER 2	AMD-STROKE	True	12	110112932	113027651	0.0006560101076822	1.0061583069178276e-05	0.0196335024289898	rs7134740	4.08592366844024e-09	3.9750375632876235e-05	LEVEL_B_PAIRWISE_GWAS	-0.108351	-0.0373	POSITIVE_EFFECT_PRODUCT	DIRECTION_CONCORDANT	CONDITIONAL	NO
TIER 2	AMD-STROKE	True	12	110112932	113027651	0.0006560101076822	1.0061583069178276e-05	0.0196335024289898	rs6490162	2.0343720309555e-11	4.900520714047877e-07	LEVEL_A_ATLAS_STRINGENT	-0.10726	-0.0479	POSITIVE_EFFECT_PRODUCT	DIRECTION_CONCORDANT	CONDITIONAL	NO
TIER 2	AMD-STROKE	True	12	110112932	113027651	0.0006560101076822	1.0061583069178276e-05	0.0196335024289898	rs628825	1.35770646023122e-08	0.00010607313505465271	LEVEL_B_PAIRWISE_GWAS	-0.109535	-0.0345	POSITIVE_EFFECT_PRODUCT	DIRECTION_CONCORDANT	CONDITIONAL	NO
TIER 2	AMD-STROKE	True	12	110112932	113027651	0.0006560101076822	1.0061583069178276e-05	0.0196335024289898	rs630512	7.93604567970544e-09	6.795106193291777e-05	LEVEL_B_PAIRWISE_GWAS	-0.109481	-0.036	POSITIVE_EFFECT_PRODUCT	DIRECTION_CONCORDANT	CONDITIONAL	NO
TIER 2	AMD-STROKE	True	12	110112932	113027651	0.0006560101076822	1.0061583069178276e-05	0.0196335024289898	rs688812	1.50947742202045e-08	0.0001163333068206873	LEVEL_B_PAIRWISE_GWAS	-0.107688	-0.036	POSITIVE_EFFECT_PRODUCT	DIRECTION_CONCORDANT	CONDITIONAL	NO
TIER 2	AMD-STROKE	True	12	110112932	113027651	0.0006560101076822	1.0061583069178276e-05	0.0196335024289898	rs657197	9.84176448825308e-09	8.057177759901804e-05	LEVEL_B_PAIRWISE_GWAS	-0.109098	-0.0357	POSITIVE_EFFECT_PRODUCT	DIRECTION_CONCORDANT	CONDITIONAL	NO
TIER 2	AMD-STROKE	True	12	110112932	113027651	0.0006560101076822	1.0061583069178276e-05	0.0196335024289898	rs607316	6.91420772116287e-09	6.0637664602793916e-05	LEVEL_B_PAIRWISE_GWAS	-0.107318	-0.0372	POSITIVE_EFFECT_PRODUCT	DIRECTION_CONCORDANT	CONDITIONAL	NO
TIER 2	AMD-STROKE	True	12	110112932	113027651	0.0006560101076822	1.0061583069178276e-05	0.0196335024289898	rs616668	8.61607465290514e-11	1.5512373654820994e-06	LEVEL_A_ATLAS_STRINGENT	-0.108124	-0.0466	POSITIVE_EFFECT_PRODUCT	DIRECTION_CONCORDANT	CONDITIONAL	NO
TIER 2	AMD-STROKE	True	12	110112932	113027651	0.0006560101076822	1.0061583069178276e-05	0.0196335024289898	rs638791	2.56397508801908e-10	4.003595312950588e-06	LEVEL_A_ATLAS_STRINGENT	-0.106465	-0.045	POSITIVE_EFFECT_PRODUCT	DIRECTION_CONCORDANT	CONDITIONAL	NO
TIER 2	AMD-STROKE	True	12	110112932	113027651	0.0006560101076822	1.0061583069178276e-05	0.0196335024289898	rs848132	8.50376395393519e-09	7.159351666862874e-05	LEVEL_B_PAIRWISE_GWAS	-0.107395	-0.0373	POSITIVE_EFFECT_PRODUCT	DIRECTION_CONCORDANT	CONDITIONAL	NO
TIER 2	AMD-STROKE	True	12	110112932	113027651	0.0006560101076822	1.0061583069178276e-05	0.0196335024289898	rs593226	4.0427218571168e-11	8.4882177743664e-07	LEVEL_A_ATLAS_STRINGENT	-0.0869649	-0.053	POSITIVE_EFFECT_PRODUCT	DIRECTION_CONCORDANT	CONDITIONAL	NO
TIER 2	AMD-STROKE	True	12	110112932	113027651	0.0006560101076822	1.0061583069178276e-05	0.0196335024289898	rs616559	5.0698946679213e-11	9.80962332580296e-07	LEVEL_A_ATLAS_STRINGENT	-0.106221	-0.0484	POSITIVE_EFFECT_PRODUCT	DIRECTION_CONCORDANT	CONDITIONAL	NO
TIER 2	AMD-STROKE	True	12	110112932	113027651	0.0006560101076822	1.0061583069178276e-05	0.0196335024289898	rs616513	7.62839300804929e-09	6.586926842386381e-05	LEVEL_B_PAIRWISE_GWAS	-0.107696	-0.0371	POSITIVE_EFFECT_PRODUCT	DIRECTION_CONCORDANT	CONDITIONAL	NO
TIER 2	AMD-STROKE	True	12	110112932	113027651	0.0006560101076822	1.0061583069178276e-05	0.0196335024289898	rs653178	9.41040564028567e-13	3.75461080255496e-08	LEVEL_A_ATLAS_STRINGENT	-0.0679116	-0.0568	POSITIVE_EFFECT_PRODUCT	DIRECTION_CONCORDANT	CONDITIONAL	NO
TIER 2	AMD-STROKE	True	12	110112932	113027651	0.0006560101076822	1.0061583069178276e-05	0.0196335024289898	rs7398705	2.36417653619485e-10	3.7319043753855674e-06	LEVEL_A_ATLAS_STRINGENT	0.108565	0.0446	POSITIVE_EFFECT_PRODUCT	DIRECTION_CONCORDANT	CONDITIONAL	NO
TIER 2	AMD-STROKE	True	12	110112932	113027651	0.0006560101076822	1.0061583069178276e-05	0.0196335024289898	rs12369009	1.65960034852212e-09	1.8541211065141257e-05	LEVEL_A_ATLAS_STRINGENT	0.10967	0.0397	POSITIVE_EFFECT_PRODUCT	DIRECTION_CONCORDANT	CONDITIONAL	NO
TIER 2	AMD-STROKE	True	12	110112932	113027651	0.0006560101076822	1.0061583069178276e-05	0.0196335024289898	rs2339818	2.68358273038674e-09	2.7806479978517754e-05	LEVEL_A_ATLAS_STRINGENT	-0.100923	-0.0462	POSITIVE_EFFECT_PRODUCT	DIRECTION_CONCORDANT	CONDITIONAL	NO
TIER 2	AMD-STROKE	True	12	110112932	113027651	0.0006560101076822	1.0061583069178276e-05	0.0196335024289898	rs1544396	4.95976065226752e-09	4.628002795544942e-05	LEVEL_B_PAIRWISE_GWAS	-0.0971849	-0.0461	POSITIVE_EFFECT_PRODUCT	DIRECTION_CONCORDANT	CONDITIONAL	NO
TIER 2	AMD-STROKE	True	12	110112932	113027651	0.0006560101076822	1.0061583069178276e-05	0.0196335024289898	rs11065987	4.25215888962555e-07	0.0017843284177995605	LEVEL_C_ATLAS_FDR	0.0322363	0.0625	POSITIVE_EFFECT_PRODUCT	DIRECTION_CONCORDANT	CONDITIONAL	NO
TIER 2	AMD-STROKE	True	12	110112932	113027651	0.0006560101076822	1.0061583069178276e-05	0.0196335024289898	rs3809276	1.05247946524928e-08	8.53981936511818e-05	LEVEL_B_PAIRWISE_GWAS	-0.0948397	-0.0455	POSITIVE_EFFECT_PRODUCT	DIRECTION_CONCORDANT	CONDITIONAL	NO
TIER 2	AMD-STROKE	True	12	110112932	113027651	0.0006560101076822	1.0061583069178276e-05	0.0196335024289898	rs2285727	4.13881647604836e-07	0.001743299833956825	LEVEL_C_ATLAS_FDR	-0.0969176	-0.0354	POSITIVE_EFFECT_PRODUCT	DIRECTION_CONCORDANT	CONDITIONAL	NO
TIER 2	AMD-STROKE	True	12	110112932	113027651	0.0006560101076822	1.0061583069178276e-05	0.0196335024289898	rs7977828	5.26326864877639e-09	4.8571635058598705e-05	LEVEL_B_PAIRWISE_GWAS	-0.0963762	-0.0467	POSITIVE_EFFECT_PRODUCT	DIRECTION_CONCORDANT	CONDITIONAL	NO
TIER 2	AMD-STROKE	True	12	110112932	113027651	0.0006560101076822	1.0061583069178276e-05	0.0196335024289898	rs3742001	3.00120092009502e-07	0.0013357709190057524	LEVEL_C_ATLAS_FDR	-0.0974447	-0.0359	POSITIVE_EFFECT_PRODUCT	DIRECTION_CONCORDANT	CONDITIONAL	NO
TIER 2	AMD-STROKE	True	12	110112932	113027651	0.0006560101076822	1.0061583069178276e-05	0.0196335024289898	rs7136874	5.69421680264353e-07	0.002282928189090485	LEVEL_C_ATLAS_FDR	-0.0979877	-0.0341	POSITIVE_EFFECT_PRODUCT	DIRECTION_CONCORDANT	CONDITIONAL	NO
TIER 2	AMD-STROKE	True	12	110112932	113027651	0.0006560101076822	1.0061583069178276e-05	0.0196335024289898	rs847895	1.92926829712149e-08	0.0001444836561642262	LEVEL_B_PAIRWISE_GWAS	-0.0935617	-0.0455	POSITIVE_EFFECT_PRODUCT	DIRECTION_CONCORDANT	CONDITIONAL	NO
TIER 2	AMD-STROKE	True	12	110112932	113027651	0.0006560101076822	1.0061583069178276e-05	0.0196335024289898	rs601663	5.17500990817902e-08	0.00031883807371263414	LEVEL_C_ATLAS_FDR	-0.0588695	-0.0494	POSITIVE_EFFECT_PRODUCT	DIRECTION_CONCORDANT	CONDITIONAL	NO
TIER 2	AMD-STROKE	True	12	110112932	113027651	0.0006560101076822	1.0061583069178276e-05	0.0196335024289898	rs649406	5.43160477059198e-09	4.990476802248241e-05	LEVEL_B_PAIRWISE_GWAS	-0.096647	-0.047	POSITIVE_EFFECT_PRODUCT	DIRECTION_CONCORDANT	CONDITIONAL	NO
TIER 2	AMD-STROKE	True	12	110112932	113027651	0.0006560101076822	1.0061583069178276e-05	0.0196335024289898	rs632650	4.6213034229315e-07	0.0019135545692539385	LEVEL_C_ATLAS_FDR	-0.101824	-0.0375	POSITIVE_EFFECT_PRODUCT	DIRECTION_CONCORDANT	CONDITIONAL	NO
TIER 2	AMD-STROKE	True	12	110112932	113027651	0.0006560101076822	1.0061583069178276e-05	0.0196335024289898	rs617044	1.89093396498119e-08	0.00014216487968053218	LEVEL_B_PAIRWISE_GWAS	-0.0915308	-0.0466	POSITIVE_EFFECT_PRODUCT	DIRECTION_CONCORDANT	CONDITIONAL	NO
TIER 2	AMD-STROKE	True	12	110112932	113027651	0.0006560101076822	1.0061583069178276e-05	0.0196335024289898	rs666951	4.44928792489154e-07	0.0018540495782149577	LEVEL_C_ATLAS_FDR	-0.0956171	-0.0361	POSITIVE_EFFECT_PRODUCT	DIRECTION_CONCORDANT	CONDITIONAL	NO
TIER 2	AMD-STROKE	True	12	110112932	113027651	0.0006560101076822	1.0061583069178276e-05	0.0196335024289898	rs642898	5.05234200558703e-08	0.0003126677835371141	LEVEL_C_ATLAS_FDR	-0.0584055	-0.0492	POSITIVE_EFFECT_PRODUCT	DIRECTION_CONCORDANT	CONDITIONAL	NO
TIER 2	AMD-STROKE	True	12	110112932	113027651	0.0006560101076822	1.0061583069178276e-05	0.0196335024289898	rs627308	1.03454498590291e-06	0.003697951915249315	LEVEL_C_ATLAS_FDR	-0.0957661	-0.0335	POSITIVE_EFFECT_PRODUCT	DIRECTION_CONCORDANT	CONDITIONAL	NO
TIER 2	AMD-STROKE	True	12	110112932	113027651	0.0006560101076822	1.0061583069178276e-05	0.0196335024289898	rs609230	3.06760273431634e-06	0.008661273268452705	LEVEL_C_ATLAS_FDR	-0.0906168	-0.0332	POSITIVE_EFFECT_PRODUCT	DIRECTION_CONCORDANT	CONDITIONAL	NO
TIER 2	AMD-STROKE	True	12	110112932	113027651	0.0006560101076822	1.0061583069178276e-05	0.0196335024289898	rs608848	1.68942539840271e-06	0.00552608564304879	LEVEL_C_ATLAS_FDR	-0.0574961	-0.0391	POSITIVE_EFFECT_PRODUCT	DIRECTION_CONCORDANT	CONDITIONAL	NO
TIER 2	AMD-STROKE	True	12	110112932	113027651	0.0006560101076822	1.0061583069178276e-05	0.0196335024289898	rs630616	4.82877054774464e-08	0.0003020086762289467	LEVEL_B_PAIRWISE_GWAS	-0.0888376	-0.0453	POSITIVE_EFFECT_PRODUCT	DIRECTION_CONCORDANT	CONDITIONAL	NO
TIER 2	AMD-STROKE	True	12	110112932	113027651	0.0006560101076822	1.0061583069178276e-05	0.0196335024289898	rs847898	2.13434961167489e-08	0.00015763169123016348	LEVEL_B_PAIRWISE_GWAS	-0.0929078	-0.0447	POSITIVE_EFFECT_PRODUCT	DIRECTION_CONCORDANT	CONDITIONAL	NO
TIER 2	AMD-STROKE	True	12	110112932	113027651	0.0006560101076822	1.0061583069178276e-05	0.0196335024289898	rs640783	3.6133471271689e-08	0.00024409144927313916	LEVEL_B_PAIRWISE_GWAS	-0.0904077	-0.0442	POSITIVE_EFFECT_PRODUCT	DIRECTION_CONCORDANT	CONDITIONAL	NO
TIER 2	AMD-STROKE	True	12	110112932	113027651	0.0006560101076822	1.0061583069178276e-05	0.0196335024289898	rs7962138	2.53025107757389e-08	0.0001821806807890838	LEVEL_B_PAIRWISE_GWAS	-0.0923784	-0.0437	POSITIVE_EFFECT_PRODUCT	DIRECTION_CONCORDANT	CONDITIONAL	NO
TIER 2	AMD-STROKE	True	12	110112932	113027651	0.0006560101076822	1.0061583069178276e-05	0.0196335024289898	rs6490294	2.43790178371836e-06	0.007337527581226868	LEVEL_C_ATLAS_FDR	-0.0925104	-0.0321	POSITIVE_EFFECT_PRODUCT	DIRECTION_CONCORDANT	CONDITIONAL	NO
TIER 2	AMD-STROKE	True	12	110112932	113027651	0.0006560101076822	1.0061583069178276e-05	0.0196335024289898	rs737280	5.59332520502767e-08	0.0003399051193033231	LEVEL_C_ATLAS_FDR	-0.0599501	-0.0476	POSITIVE_EFFECT_PRODUCT	DIRECTION_CONCORDANT	CONDITIONAL	NO
TIER 2	AMD-STROKE	True	12	110112932	113027651	0.0006560101076822	1.0061583069178276e-05	0.0196335024289898	rs886205	2.82965257876902e-05	0.04132011278442063	LEVEL_C_ATLAS_FDR	-0.0942816	-0.0326	POSITIVE_EFFECT_PRODUCT	DIRECTION_CONCORDANT	CONDITIONAL	NO
TIER 2	AMD-STROKE	True	12	110112932	113027651	0.0006560101076822	1.0061583069178276e-05	0.0196335024289898	rs4767939	2.13641017529398e-08	0.0001577406958921019	LEVEL_B_PAIRWISE_GWAS	-0.0937714	-0.0448	POSITIVE_EFFECT_PRODUCT	DIRECTION_CONCORDANT	CONDITIONAL	NO
TIER 2	AMD-STROKE	True	12	110112932	113027651	0.0006560101076822	1.0061583069178276e-05	0.0196335024289898	rs2238151	2.31501560553931e-09	2.451437398863223e-05	LEVEL_A_ATLAS_STRINGENT	-0.0596841	-0.0531	POSITIVE_EFFECT_PRODUCT	DIRECTION_CONCORDANT	CONDITIONAL	NO
TIER 2	AMD-STROKE	True	12	110112932	113027651	0.0006560101076822	1.0061583069178276e-05	0.0196335024289898	rs4648328	2.58078588893825e-06	0.007654742819611577	LEVEL_C_ATLAS_FDR	-0.0894137	-0.0345	POSITIVE_EFFECT_PRODUCT	DIRECTION_CONCORDANT	CONDITIONAL	NO
TIER 2	AMD-STROKE	True	12	110112932	113027651	0.0006560101076822	1.0061583069178276e-05	0.0196335024289898	rs441	4.54334305929475e-08	0.00028741961563322275	LEVEL_B_PAIRWISE_GWAS	-0.0894951	-0.0457	POSITIVE_EFFECT_PRODUCT	DIRECTION_CONCORDANT	CONDITIONAL	NO
TIER 2	AMD-STROKE	True	12	110112932	113027651	0.0006560101076822	1.0061583069178276e-05	0.0196335024289898	rs4646777	2.22561189658626e-06	0.006856120302474769	LEVEL_C_ATLAS_FDR	-0.086995	-0.0354	POSITIVE_EFFECT_PRODUCT	DIRECTION_CONCORDANT	CONDITIONAL	NO
TIER 2	AMD-STROKE	True	12	110112932	113027651	0.0006560101076822	1.0061583069178276e-05	0.0196335024289898	rs10744777	4.90318650034187e-09	4.5826041796222636e-05	LEVEL_B_PAIRWISE_GWAS	-0.0588246	-0.0517	POSITIVE_EFFECT_PRODUCT	DIRECTION_CONCORDANT	CONDITIONAL	NO
TIER 2	AMD-STROKE	True	12	110112932	113027651	0.0006560101076822	1.0061583069178276e-05	0.0196335024289898	rs4646778	1.97742749512499e-06	0.0062542015556100354	LEVEL_C_ATLAS_FDR	-0.0895409	-0.0347	POSITIVE_EFFECT_PRODUCT	DIRECTION_CONCORDANT	CONDITIONAL	NO
TIER 2	AMD-STROKE	True	12	110112932	113027651	0.0006560101076822	1.0061583069178276e-05	0.0196335024289898	rs11066028	1.44649248720729e-07	0.0007404543206344689	LEVEL_C_ATLAS_FDR	-0.0574427	-0.0465	POSITIVE_EFFECT_PRODUCT	DIRECTION_CONCORDANT	CONDITIONAL	NO
TIER 2	AMD-STROKE	True	12	110112932	113027651	0.0006560101076822	1.0061583069178276e-05	0.0196335024289898	rs9971942	2.46105044060415e-06	0.00738734302446535	LEVEL_C_ATLAS_FDR	-0.0929884	-0.0325	POSITIVE_EFFECT_PRODUCT	DIRECTION_CONCORDANT	CONDITIONAL	NO
TIER 2	AMD-STROKE	True	12	110112932	113027651	0.0006560101076822	1.0061583069178276e-05	0.0196335024289898	rs7314870	5.54519219029363e-08	0.00033757107255532557	LEVEL_C_ATLAS_FDR	-0.0902141	-0.0451	POSITIVE_EFFECT_PRODUCT	DIRECTION_CONCORDANT	CONDITIONAL	NO
TIER 2	AMD-STROKE	True	12	110112932	113027651	0.0006560101076822	1.0061583069178276e-05	0.0196335024289898	rs3177647	1.7076618985055e-06	0.005574180994141975	LEVEL_C_ATLAS_FDR	-0.0894521	-0.0348	POSITIVE_EFFECT_PRODUCT	DIRECTION_CONCORDANT	CONDITIONAL	NO
TIER 2	AMD-STROKE	True	12	110112932	113027651	0.0006560101076822	1.0061583069178276e-05	0.0196335024289898	rs2879603	5.26209489626594e-08	0.000323493001203005	LEVEL_C_ATLAS_FDR	-0.0901523	-0.0448	POSITIVE_EFFECT_PRODUCT	DIRECTION_CONCORDANT	CONDITIONAL	NO
TIER 2	AMD-STROKE	True	12	110112932	113027651	0.0006560101076822	1.0061583069178276e-05	0.0196335024289898	rs3213628	1.6467646410878e-06	0.0054140929726263325	LEVEL_C_ATLAS_FDR	-0.0897289	-0.035	POSITIVE_EFFECT_PRODUCT	DIRECTION_CONCORDANT	CONDITIONAL	NO
TIER 2	AMD-STROKE	True	12	110112932	113027651	0.0006560101076822	1.0061583069178276e-05	0.0196335024289898	rs4767068	2.90712647708497e-08	0.00020402606248710967	LEVEL_B_PAIRWISE_GWAS	-0.0931218	-0.0442	POSITIVE_EFFECT_PRODUCT	DIRECTION_CONCORDANT	CONDITIONAL	NO
TIER 2	AMD-STROKE	True	12	110112932	113027651	0.0006560101076822	1.0061583069178276e-05	0.0196335024289898	rs7980569	1.86647215325312e-06	0.005979460830316297	LEVEL_C_ATLAS_FDR	-0.0902983	-0.0348	POSITIVE_EFFECT_PRODUCT	DIRECTION_CONCORDANT	CONDITIONAL	NO
TIER 2	AMD-STROKE	True	12	110112932	113027651	0.0006560101076822	1.0061583069178276e-05	0.0196335024289898	rs4346023	3.51612307436953e-08	0.00023912734180270477	LEVEL_B_PAIRWISE_GWAS	-0.0613227	-0.0477	POSITIVE_EFFECT_PRODUCT	DIRECTION_CONCORDANT	CONDITIONAL	NO
TIER 2	AMD-STROKE	True	12	110112932	113027651	0.0006560101076822	1.0061583069178276e-05	0.0196335024289898	rs6489817	2.6956906446815e-08	0.0001918638387702035	LEVEL_B_PAIRWISE_GWAS	-0.0902682	-0.0461	POSITIVE_EFFECT_PRODUCT	DIRECTION_CONCORDANT	CONDITIONAL	NO
TIER 2	AMD-STROKE	True	12	110112932	113027651	0.0006560101076822	1.0061583069178276e-05	0.0196335024289898	rs7976557	5.81003120138718e-08	0.00035043620645189673	LEVEL_C_ATLAS_FDR	-0.0903901	-0.0444	POSITIVE_EFFECT_PRODUCT	DIRECTION_CONCORDANT	CONDITIONAL	NO
TIER 2	AMD-STROKE	True	12	110112932	113027651	0.0006560101076822	1.0061583069178276e-05	0.0196335024289898	rs11066054	2.99214558078234e-06	0.008511919995726931	LEVEL_C_ATLAS_FDR	-0.0904066	-0.0331	POSITIVE_EFFECT_PRODUCT	DIRECTION_CONCORDANT	CONDITIONAL	NO
TIER 2	AMD-STROKE	True	12	110112932	113027651	0.0006560101076822	1.0061583069178276e-05	0.0196335024289898	rs6489818	2.60301648073009e-06	0.007699626481644034	LEVEL_C_ATLAS_FDR	-0.0938796	-0.0316	POSITIVE_EFFECT_PRODUCT	DIRECTION_CONCORDANT	CONDITIONAL	NO
TIER 2	AMD-STROKE	True	12	110112932	113027651	0.0006560101076822	1.0061583069178276e-05	0.0196335024289898	rs7297760	4.59754820628634e-08	0.00029008541560602685	LEVEL_B_PAIRWISE_GWAS	-0.0907108	-0.0449	POSITIVE_EFFECT_PRODUCT	DIRECTION_CONCORDANT	CONDITIONAL	NO
TIER 2	AMD-STROKE	True	12	110112932	113027651	0.0006560101076822	1.0061583069178276e-05	0.0196335024289898	rs12426566	4.48894185941406e-08	0.0002846005208870422	LEVEL_B_PAIRWISE_GWAS	-0.0906337	-0.0445	POSITIVE_EFFECT_PRODUCT	DIRECTION_CONCORDANT	CONDITIONAL	NO
TIER 2	AMD-STROKE	True	12	110112932	113027651	0.0006560101076822	1.0061583069178276e-05	0.0196335024289898	rs7294623	2.19340253323359e-06	0.006777347511058774	LEVEL_C_ATLAS_FDR	-0.090736	-0.0338	POSITIVE_EFFECT_PRODUCT	DIRECTION_CONCORDANT	CONDITIONAL	NO
TIER 2	AMD-STROKE	True	12	110112932	113027651	0.0006560101076822	1.0061583069178276e-05	0.0196335024289898	rs1981517	4.45730288999538e-08	0.0002835787076566002	LEVEL_B_PAIRWISE_GWAS	-0.0911017	-0.0443	POSITIVE_EFFECT_PRODUCT	DIRECTION_CONCORDANT	CONDITIONAL	NO
TIER 2	AMD-STROKE	True	12	110112932	113027651	0.0006560101076822	1.0061583069178276e-05	0.0196335024289898	rs12423041	6.06572596580178e-08	0.00036289492544677314	LEVEL_C_ATLAS_FDR	-0.0932923	-0.0427	POSITIVE_EFFECT_PRODUCT	DIRECTION_CONCORDANT	CONDITIONAL	NO
TIER 2	AMD-STROKE	True	12	110112932	113027651	0.0006560101076822	1.0061583069178276e-05	0.0196335024289898	rs6489819	6.88383660373256e-06	0.015387940707638992	LEVEL_C_ATLAS_FDR	-0.0907153	-0.0311	POSITIVE_EFFECT_PRODUCT	DIRECTION_CONCORDANT	CONDITIONAL	NO
TIER 2	AMD-STROKE	True	12	110112932	113027651	0.0006560101076822	1.0061583069178276e-05	0.0196335024289898	rs7974772	3.46398628425941e-06	0.0094462124948843	LEVEL_C_ATLAS_FDR	-0.0901949	-0.0331	POSITIVE_EFFECT_PRODUCT	DIRECTION_CONCORDANT	CONDITIONAL	NO
TIER 2	AMD-STROKE	True	12	110112932	113027651	0.0006560101076822	1.0061583069178276e-05	0.0196335024289898	rs4766705	1.6719717600299e-06	0.005479839057194112	LEVEL_C_ATLAS_FDR	-0.0935073	-0.0333	POSITIVE_EFFECT_PRODUCT	DIRECTION_CONCORDANT	CONDITIONAL	NO
TIER 2	AMD-STROKE	True	12	110112932	113027651	0.0006560101076822	1.0061583069178276e-05	0.0196335024289898	rs9971746	2.92548979918707e-06	0.008379298008126299	LEVEL_C_ATLAS_FDR	-0.0904684	-0.0331	POSITIVE_EFFECT_PRODUCT	DIRECTION_CONCORDANT	CONDITIONAL	NO
TIER 2	AMD-STROKE	True	12	110112932	113027651	0.0006560101076822	1.0061583069178276e-05	0.0196335024289898	rs3742000	3.9403125408424e-08	0.000258358388860425	LEVEL_B_PAIRWISE_GWAS	-0.0941999	-0.0423	POSITIVE_EFFECT_PRODUCT	DIRECTION_CONCORDANT	CONDITIONAL	NO
TIER 2	AMD-STROKE	True	12	110112932	113027651	0.0006560101076822	1.0061583069178276e-05	0.0196335024289898	rs12321677	2.250765158295e-06	0.006912136241894004	LEVEL_C_ATLAS_FDR	-0.0921326	-0.0332	POSITIVE_EFFECT_PRODUCT	DIRECTION_CONCORDANT	CONDITIONAL	NO
TIER 2	AMD-STROKE	True	12	110112932	113027651	0.0006560101076822	1.0061583069178276e-05	0.0196335024289898	rs3741998	3.06285006656232e-08	0.00021301687117629938	LEVEL_B_PAIRWISE_GWAS	-0.0922998	-0.0447	POSITIVE_EFFECT_PRODUCT	DIRECTION_CONCORDANT	CONDITIONAL	NO
TIER 2	AMD-STROKE	True	12	110112932	113027651	0.0006560101076822	1.0061583069178276e-05	0.0196335024289898	rs11066077	1.84672501875854e-06	0.005926678758019668	LEVEL_C_ATLAS_FDR	-0.0922054	-0.0337	POSITIVE_EFFECT_PRODUCT	DIRECTION_CONCORDANT	CONDITIONAL	NO
TIER 2	AMD-STROKE	True	12	110112932	113027651	0.0006560101076822	1.0061583069178276e-05	0.0196335024289898	rs7294902	4.50935089247605e-08	0.00028558149486764705	LEVEL_B_PAIRWISE_GWAS	-0.0918901	-0.0441	POSITIVE_EFFECT_PRODUCT	DIRECTION_CONCORDANT	CONDITIONAL	NO
TIER 2	AMD-STROKE	True	12	110112932	113027651	0.0006560101076822	1.0061583069178276e-05	0.0196335024289898	rs11066089	1.98694676248386e-06	0.006278741196011033	LEVEL_C_ATLAS_FDR	-0.0914076	-0.0338	POSITIVE_EFFECT_PRODUCT	DIRECTION_CONCORDANT	CONDITIONAL	NO
TIER 2	AMD-STROKE	True	12	110112932	113027651	0.0006560101076822	1.0061583069178276e-05	0.0196335024289898	rs16941759	1.99216056442254e-06	0.006292199444533543	LEVEL_C_ATLAS_FDR	-0.0913711	-0.0338	POSITIVE_EFFECT_PRODUCT	DIRECTION_CONCORDANT	CONDITIONAL	NO
TIER 2	AMD-STROKE	True	12	110112932	113027651	0.0006560101076822	1.0061583069178276e-05	0.0196335024289898	rs3752630	3.79158412998324e-08	0.00025219087963678465	LEVEL_B_PAIRWISE_GWAS	-0.091213	-0.0449	POSITIVE_EFFECT_PRODUCT	DIRECTION_CONCORDANT	CONDITIONAL	NO
TIER 2	AMD-STROKE	True	12	110112932	113027651	0.0006560101076822	1.0061583069178276e-05	0.0196335024289898	rs7133881	3.81185077273438e-08	0.0002527039824685273	LEVEL_B_PAIRWISE_GWAS	-0.0916434	-0.0449	POSITIVE_EFFECT_PRODUCT	DIRECTION_CONCORDANT	CONDITIONAL	NO
TIER 2	AMD-STROKE	True	12	110112932	113027651	0.0006560101076822	1.0061583069178276e-05	0.0196335024289898	rs9788231	1.87138635309331e-08	0.00014075621709019206	LEVEL_B_PAIRWISE_GWAS	-0.0952397	-0.0443	POSITIVE_EFFECT_PRODUCT	DIRECTION_CONCORDANT	CONDITIONAL	NO
TIER 2	AMD-STROKE	True	12	110112932	113027651	0.0006560101076822	1.0061583069178276e-05	0.0196335024289898	rs7295722	1.12273765410548e-06	0.003952949400249779	LEVEL_C_ATLAS_FDR	-0.0977687	-0.0329	POSITIVE_EFFECT_PRODUCT	DIRECTION_CONCORDANT	CONDITIONAL	NO
TIER 2	AMD-STROKE	True	12	110112932	113027651	0.0006560101076822	1.0061583069178276e-05	0.0196335024289898	rs9630276	1.95452733850373e-06	0.0061972073962539755	LEVEL_C_ATLAS_FDR	-0.0949212	-0.0323	POSITIVE_EFFECT_PRODUCT	DIRECTION_CONCORDANT	CONDITIONAL	NO
TIER 2	AMD-STROKE	True	12	110112932	113027651	0.0006560101076822	1.0061583069178276e-05	0.0196335024289898	rs1016078	1.99371529913188e-06	0.0062959642807509895	LEVEL_C_ATLAS_FDR	-0.0949891	-0.0326	POSITIVE_EFFECT_PRODUCT	DIRECTION_CONCORDANT	CONDITIONAL	NO
TIER 2	AMD-STROKE	True	12	110112932	113027651	0.0006560101076822	1.0061583069178276e-05	0.0196335024289898	rs1016079	3.895321191781e-08	0.0002564742128821316	LEVEL_B_PAIRWISE_GWAS	-0.0948807	-0.0439	POSITIVE_EFFECT_PRODUCT	DIRECTION_CONCORDANT	CONDITIONAL	NO
TIER 2	AMD-STROKE	True	12	110112932	113027651	0.0006560101076822	1.0061583069178276e-05	0.0196335024289898	rs2339908	1.69148003731713e-06	0.005531242660896926	LEVEL_C_ATLAS_FDR	-0.0946767	-0.0335	POSITIVE_EFFECT_PRODUCT	DIRECTION_CONCORDANT	CONDITIONAL	NO
TIER 2	AMD-STROKE	True	12	110112932	113027651	0.0006560101076822	1.0061583069178276e-05	0.0196335024289898	rs11066113	1.57429753184701e-05	0.02752974173250566	LEVEL_C_ATLAS_FDR	-0.101443	-0.0452	POSITIVE_EFFECT_PRODUCT	DIRECTION_CONCORDANT	CONDITIONAL	NO
TIER 2	AMD-STROKE	True	12	110112932	113027651	0.0006560101076822	1.0061583069178276e-05	0.0196335024289898	rs4767264	3.02061904679407e-08	0.00021067070541315157	LEVEL_B_PAIRWISE_GWAS	-0.0986056	-0.0416	POSITIVE_EFFECT_PRODUCT	DIRECTION_CONCORDANT	CONDITIONAL	NO
TIER 2	AMD-STROKE	True	12	110112932	113027651	0.0006560101076822	1.0061583069178276e-05	0.0196335024289898	rs4767293	3.82505224140783e-10	5.625798998490817e-06	LEVEL_A_ATLAS_STRINGENT	-0.0662677	-0.0521	POSITIVE_EFFECT_PRODUCT	DIRECTION_CONCORDANT	CONDITIONAL	NO
TIER 2	AMD-STROKE	True	12	110112932	113027651	0.0006560101076822	1.0061583069178276e-05	0.0196335024289898	rs17696736	8.13037277253792e-07	0.0030457481982194413	LEVEL_C_ATLAS_FDR	0.0320808	0.0596	POSITIVE_EFFECT_PRODUCT	DIRECTION_CONCORDANT	CONDITIONAL	NO
TIER 2	AMD-STROKE	True	12	110112932	113027651	0.0006560101076822	1.0061583069178276e-05	0.0196335024289898	rs2339941	7.20501395591448e-06	0.015863227195845497	LEVEL_C_ATLAS_FDR	-0.0917616	-0.0361	POSITIVE_EFFECT_PRODUCT	DIRECTION_CONCORDANT	CONDITIONAL	NO
TIER 2	AMD-STROKE	True	12	110112932	113027651	0.0006560101076822	1.0061583069178276e-05	0.0196335024289898	rs7314282	2.36358039603475e-08	0.00017181965273029918	LEVEL_B_PAIRWISE_GWAS	-0.061823	-0.0484	POSITIVE_EFFECT_PRODUCT	DIRECTION_CONCORDANT	CONDITIONAL	NO
TIER 2	AMD-STROKE	True	12	110112932	113027651	0.0006560101076822	1.0061583069178276e-05	0.0196335024289898	rs2339973	3.33595486107787e-07	0.0014530888569137567	LEVEL_C_ATLAS_FDR	-0.0612267	-0.0407	POSITIVE_EFFECT_PRODUCT	DIRECTION_CONCORDANT	CONDITIONAL	NO
TIER 2	AMD-STROKE	True	12	110112932	113027651	0.0006560101076822	1.0061583069178276e-05	0.0196335024289898	rs4767364	4.85589890636279e-07	0.001996405147985285	LEVEL_C_ATLAS_FDR	-0.0605264	-0.0403	POSITIVE_EFFECT_PRODUCT	DIRECTION_CONCORDANT	CONDITIONAL	NO
TIER 2	AMD-STROKE	True	12	110112932	113027651	0.0006560101076822	1.0061583069178276e-05	0.0196335024289898	rs7304572	1.76119817849424e-06	0.005707606737713173	LEVEL_C_ATLAS_FDR	-0.0926291	-0.0334	POSITIVE_EFFECT_PRODUCT	DIRECTION_CONCORDANT	CONDITIONAL	NO
TIER 2	AMD-STROKE	True	12	110112932	113027651	0.0006560101076822	1.0061583069178276e-05	0.0196335024289898	rs10850003	9.60496475434753e-07	0.003485308557846813	LEVEL_C_ATLAS_FDR	-0.0938566	-0.0346	POSITIVE_EFFECT_PRODUCT	DIRECTION_CONCORDANT	CONDITIONAL	NO
TIER 2	AMD-STROKE	True	12	110112932	113027651	0.0006560101076822	1.0061583069178276e-05	0.0196335024289898	rs17630235	7.89966001471861e-06	0.016948550400782986	LEVEL_C_ATLAS_FDR	0.0293067	0.0552	POSITIVE_EFFECT_PRODUCT	DIRECTION_CONCORDANT	CONDITIONAL	NO
TIER 2	AMD-STROKE	True	12	110112932	113027651	0.0006560101076822	1.0061583069178276e-05	0.0196335024289898	rs11066188	5.29758227253833e-06	0.01286290328618772	LEVEL_C_ATLAS_FDR	0.0299799	0.0559	POSITIVE_EFFECT_PRODUCT	DIRECTION_CONCORDANT	CONDITIONAL	NO
TIER 2	AMD-STROKE	True	12	110112932	113027651	0.0006560101076822	1.0061583069178276e-05	0.0196335024289898	rs1005902	1.01456441719239e-07	0.0005534693009900898	LEVEL_C_ATLAS_FDR	-0.0620684	-0.0443	POSITIVE_EFFECT_PRODUCT	DIRECTION_CONCORDANT	CONDITIONAL	NO
TIER 2	AMD-STROKE	True	12	110112932	113027651	0.0006560101076822	1.0061583069178276e-05	0.0196335024289898	rs2285810	5.89882046052427e-08	0.00035480516822786076	LEVEL_C_ATLAS_FDR	-0.062842	-0.0458	POSITIVE_EFFECT_PRODUCT	DIRECTION_CONCORDANT	CONDITIONAL	NO
TIER 2	AMD-STROKE	True	12	110112932	113027651	0.0006560101076822	1.0061583069178276e-05	0.0196335024289898	rs10850031	1.79727713841248e-07	0.0008802486257398725	LEVEL_C_ATLAS_FDR	-0.0628885	-0.0428	POSITIVE_EFFECT_PRODUCT	DIRECTION_CONCORDANT	CONDITIONAL	NO
TIER 2	AMD-STROKE	True	12	110112932	113027651	0.0006560101076822	1.0061583069178276e-05	0.0196335024289898	rs1468253	3.67505209048748e-08	0.0002467929792013269	LEVEL_B_PAIRWISE_GWAS	-0.0982315	-0.042	POSITIVE_EFFECT_PRODUCT	DIRECTION_CONCORDANT	CONDITIONAL	NO
TIER 2	AMD-STROKE	True	12	110112932	113027651	0.0006560101076822	1.0061583069178276e-05	0.0196335024289898	rs7974383	4.34526564029881e-08	0.0002782356390800547	LEVEL_B_PAIRWISE_GWAS	-0.0986269	-0.0409	POSITIVE_EFFECT_PRODUCT	DIRECTION_CONCORDANT	CONDITIONAL	NO
TIER 2	AMD-STROKE	True	12	110112932	113027651	0.0006560101076822	1.0061583069178276e-05	0.0196335024289898	rs7311681	8.71362730955777e-09	7.294824470720389e-05	LEVEL_B_PAIRWISE_GWAS	-0.104678	-0.0438	POSITIVE_EFFECT_PRODUCT	DIRECTION_CONCORDANT	CONDITIONAL	NO
TIER 2	AMD-STROKE	True	12	110112932	113027651	0.0006560101076822	1.0061583069178276e-05	0.0196335024289898	rs11066301	8.21250864198174e-06	0.017408791085277753	LEVEL_C_ATLAS_FDR	0.0286897	0.0583	POSITIVE_EFFECT_PRODUCT	DIRECTION_CONCORDANT	CONDITIONAL	NO
TIER 2	AMD-STROKE	True	12	110112932	113027651	0.0006560101076822	1.0061583069178276e-05	0.0196335024289898	rs11066320	9.20726559535259e-06	0.018913469306257435	LEVEL_C_ATLAS_FDR	-0.0287831	-0.0584	POSITIVE_EFFECT_PRODUCT	DIRECTION_CONCORDANT	CONDITIONAL	NO
TIER 2	AMD-STROKE	True	12	110112932	113027651	0.0006560101076822	1.0061583069178276e-05	0.0196335024289898	rs11066322	1.54301208042696e-06	0.005139183099223583	LEVEL_C_ATLAS_FDR	-0.0988476	-0.0325	POSITIVE_EFFECT_PRODUCT	DIRECTION_CONCORDANT	CONDITIONAL	NO
TIER 2	AMD-STROKE	True	12	110112932	113027651	0.0006560101076822	1.0061583069178276e-05	0.0196335024289898	rs7953150	4.83975131100125e-06	0.012055685412492058	LEVEL_C_ATLAS_FDR	-0.0573642	-0.0376	POSITIVE_EFFECT_PRODUCT	DIRECTION_CONCORDANT	CONDITIONAL	NO
TIER 2	AMD-STROKE	True	12	110112932	113027651	0.0006560101076822	1.0061583069178276e-05	0.0196335024289898	rs741334	2.00638219587655e-07	0.0009614153622733194	LEVEL_C_ATLAS_FDR	-0.0607232	-0.0462	POSITIVE_EFFECT_PRODUCT	DIRECTION_CONCORDANT	CONDITIONAL	NO
TIER 2	AMD-STROKE	True	12	110112932	113027651	0.0006560101076822	1.0061583069178276e-05	0.0196335024289898	rs12580178	5.84120987955588e-06	0.013774341142074749	LEVEL_C_ATLAS_FDR	-0.0481768	-0.0433	POSITIVE_EFFECT_PRODUCT	DIRECTION_CONCORDANT	CONDITIONAL	NO
TIER 2	AMD-T2D	True	4	103388441	104802530	0.0004845007260895	8.969559502442232e-07	0.0028273431483929	rs170563	5.47223486643989e-06	0.013152463816698903	LEVEL_C_ATLAS_FDR	0.0683134	0.0297	POSITIVE_EFFECT_PRODUCT	DIRECTION_CONCORDANT	CONDITIONAL	NO
TIER 2	AMD-T2D	True	4	103388441	104802530	0.0004845007260895	8.969559502442232e-07	0.0028273431483929	rs227284	7.12400294944895e-07	0.0027436274988443775	LEVEL_C_ATLAS_FDR	0.0705734	0.0318	POSITIVE_EFFECT_PRODUCT	DIRECTION_CONCORDANT	CONDITIONAL	NO
TIER 2	AMD-T2D	True	4	103388441	104802530	0.0004845007260895	8.969559502442232e-07	0.0028273431483929	rs227285	7.31721140158745e-07	0.0028081019097804037	LEVEL_C_ATLAS_FDR	0.0708619	0.0318	POSITIVE_EFFECT_PRODUCT	DIRECTION_CONCORDANT	CONDITIONAL	NO
TIER 2	AMD-T2D	True	4	103388441	104802530	0.0004845007260895	8.969559502442232e-07	0.0028273431483929	rs227369	5.64140364387407e-07	0.0022638461075080805	LEVEL_C_ATLAS_FDR	0.0714147	0.0322	POSITIVE_EFFECT_PRODUCT	DIRECTION_CONCORDANT	CONDITIONAL	NO
TIER 2	AMD-T2D	True	4	103388441	104802530	0.0004845007260895	8.969559502442232e-07	0.0028273431483929	rs227375	1.46615492131704e-05	0.026167270254337505	LEVEL_C_ATLAS_FDR	0.0525864	0.03	POSITIVE_EFFECT_PRODUCT	DIRECTION_CONCORDANT	CONDITIONAL	NO
TIER 2	AMD-T2D	True	4	103388441	104802530	0.0004845007260895	8.969559502442232e-07	0.0028273431483929	rs223510	4.7415869993977e-07	0.001955725343760666	LEVEL_C_ATLAS_FDR	-0.0677959	-0.0344	POSITIVE_EFFECT_PRODUCT	DIRECTION_CONCORDANT	CONDITIONAL	NO
TIER 2	AMD-T2D	True	4	103388441	104802530	0.0004845007260895	8.969559502442232e-07	0.0028273431483929	rs223508	1.01678424265544e-06	0.0036487444979474686	LEVEL_C_ATLAS_FDR	-0.0692264	-0.0325	POSITIVE_EFFECT_PRODUCT	DIRECTION_CONCORDANT	CONDITIONAL	NO
TIER 2	AMD-T2D	True	4	103388441	104802530	0.0004845007260895	8.969559502442232e-07	0.0028273431483929	rs223504	2.02400055676656e-06	0.006367850270127035	LEVEL_C_ATLAS_FDR	-0.0623403	-0.0333	POSITIVE_EFFECT_PRODUCT	DIRECTION_CONCORDANT	CONDITIONAL	NO
TIER 2	AMD-T2D	True	4	103388441	104802530	0.0004845007260895	8.969559502442232e-07	0.0028273431483929	rs223500	1.94964419406564e-05	0.03199028909126519	LEVEL_C_ATLAS_FDR	-0.0575716	-0.0353	POSITIVE_EFFECT_PRODUCT	DIRECTION_CONCORDANT	CONDITIONAL	NO
TIER 2	AMD-T2D	True	4	103388441	104802530	0.0004845007260895	8.969559502442232e-07	0.0028273431483929	rs223498	2.50260848912761e-05	0.037997456513698236	LEVEL_C_ATLAS_FDR	-0.0469427	-0.0321	POSITIVE_EFFECT_PRODUCT	DIRECTION_CONCORDANT	CONDITIONAL	NO
TIER 2	AMD-T2D	True	4	103388441	104802530	0.0004845007260895	8.969559502442232e-07	0.0028273431483929	rs223495	1.22191329123234e-05	0.023042814867158846	LEVEL_C_ATLAS_FDR	-0.0648796	-0.0338	POSITIVE_EFFECT_PRODUCT	DIRECTION_CONCORDANT	CONDITIONAL	NO
TIER 2	AMD-T2D	True	4	103388441	104802530	0.0004845007260895	8.969559502442232e-07	0.0028273431483929	rs223490	1.4292043778666e-05	0.02572337855769706	LEVEL_C_ATLAS_FDR	-0.042554	-0.0398	POSITIVE_EFFECT_PRODUCT	DIRECTION_CONCORDANT	CONDITIONAL	NO
TIER 2	AMD-T2D	True	4	103388441	104802530	0.0004845007260895	8.969559502442232e-07	0.0028273431483929	rs223484	1.81548499884611e-05	0.030441059533644243	LEVEL_C_ATLAS_FDR	-0.045005	-0.0344	POSITIVE_EFFECT_PRODUCT	DIRECTION_CONCORDANT	CONDITIONAL	NO
TIER 2	AMD-T2D	True	4	103388441	104802530	0.0004845007260895	8.969559502442232e-07	0.0028273431483929	rs223482	5.56595831585145e-06	0.01330605048267958	LEVEL_C_ATLAS_FDR	-0.0483301	-0.0354	POSITIVE_EFFECT_PRODUCT	DIRECTION_CONCORDANT	CONDITIONAL	NO
TIER 2	AMD-T2D	True	4	103388441	104802530	0.0004845007260895	8.969559502442232e-07	0.0028273431483929	rs223467	4.59792821253599e-06	0.011609098512028852	LEVEL_C_ATLAS_FDR	-0.0498508	-0.0353	POSITIVE_EFFECT_PRODUCT	DIRECTION_CONCORDANT	CONDITIONAL	NO
TIER 2	AMD-T2D	True	4	103388441	104802530	0.0004845007260895	8.969559502442232e-07	0.0028273431483929	rs223457	8.41623379543761e-06	0.017704114313211783	LEVEL_C_ATLAS_FDR	-0.0476462	-0.035	POSITIVE_EFFECT_PRODUCT	DIRECTION_CONCORDANT	CONDITIONAL	NO
TIER 2	AMD-T2D	True	4	103388441	104802530	0.0004845007260895	8.969559502442232e-07	0.0028273431483929	rs223454	1.04009143416963e-05	0.020576392154964214	LEVEL_C_ATLAS_FDR	-0.0464565	-0.0352	POSITIVE_EFFECT_PRODUCT	DIRECTION_CONCORDANT	CONDITIONAL	NO
TIER 2	AMD-T2D	True	4	103388441	104802530	0.0004845007260895	8.969559502442232e-07	0.0028273431483929	rs223452	1.59491952379138e-05	0.027783981558923594	LEVEL_C_ATLAS_FDR	-0.0452269	-0.0347	POSITIVE_EFFECT_PRODUCT	DIRECTION_CONCORDANT	CONDITIONAL	NO
TIER 2	AMD-T2D	True	4	103388441	104802530	0.0004845007260895	8.969559502442232e-07	0.0028273431483929	rs150895	1.05328510457687e-05	0.02075299466912347	LEVEL_C_ATLAS_FDR	-0.0466678	-0.035	POSITIVE_EFFECT_PRODUCT	DIRECTION_CONCORDANT	CONDITIONAL	NO
TIER 2	AMD-T2D	True	4	103388441	104802530	0.0004845007260895	8.969559502442232e-07	0.0028273431483929	rs223447	1.55871860060684e-05	0.0273476227390038	LEVEL_C_ATLAS_FDR	-0.0451968	-0.0348	POSITIVE_EFFECT_PRODUCT	DIRECTION_CONCORDANT	CONDITIONAL	NO
TIER 2	AMD-T2D	True	4	103388441	104802530	0.0004845007260895	8.969559502442232e-07	0.0028273431483929	rs223438	1.82468824099322e-05	0.03054790369254914	LEVEL_C_ATLAS_FDR	-0.0446401	-0.0347	POSITIVE_EFFECT_PRODUCT	DIRECTION_CONCORDANT	CONDITIONAL	NO
TIER 2	AMD-T2D	True	4	103388441	104802530	0.0004845007260895	8.969559502442232e-07	0.0028273431483929	rs65671	1.23150502375844e-05	0.023173214076638884	LEVEL_C_ATLAS_FDR	-0.0463832	-0.0347	POSITIVE_EFFECT_PRODUCT	DIRECTION_CONCORDANT	CONDITIONAL	NO
TIER 2	AMD-T2D	True	4	103388441	104802530	0.0004845007260895	8.969559502442232e-07	0.0028273431483929	rs223420	2.65286607639485e-05	0.039526754849350046	LEVEL_C_ATLAS_FDR	-0.0431289	-0.0346	POSITIVE_EFFECT_PRODUCT	DIRECTION_CONCORDANT	CONDITIONAL	NO
TIER 2	AMD-T2D	True	4	103388441	104802530	0.0004845007260895	8.969559502442232e-07	0.0028273431483929	rs223418	1.22478035982954e-05	0.02307920499276565	LEVEL_C_ATLAS_FDR	-0.0452336	-0.0352	POSITIVE_EFFECT_PRODUCT	DIRECTION_CONCORDANT	CONDITIONAL	NO
TIER 2	AMD-T2D	True	4	103388441	104802530	0.0004845007260895	8.969559502442232e-07	0.0028273431483929	rs223412	8.54758319876679e-06	0.01790051942867574	LEVEL_C_ATLAS_FDR	-0.0474405	-0.0351	POSITIVE_EFFECT_PRODUCT	DIRECTION_CONCORDANT	CONDITIONAL	NO
TIER 2	AMD-T2D	True	4	103388441	104802530	0.0004845007260895	8.969559502442232e-07	0.0028273431483929	rs223410	1.33370172498701e-05	0.024501216635313416	LEVEL_C_ATLAS_FDR	-0.0458811	-0.0348	POSITIVE_EFFECT_PRODUCT	DIRECTION_CONCORDANT	CONDITIONAL	NO
TIER 2	AMD-T2D	True	4	103388441	104802530	0.0004845007260895	8.969559502442232e-07	0.0028273431483929	rs223397	1.29208560334191e-05	0.02399448034944413	LEVEL_C_ATLAS_FDR	-0.0459516	-0.0349	POSITIVE_EFFECT_PRODUCT	DIRECTION_CONCORDANT	CONDITIONAL	NO
TIER 2	AMD-T2D	True	4	103388441	104802530	0.0004845007260895	8.969559502442232e-07	0.0028273431483929	rs223391	1.47056560935263e-06	0.004949178435127327	LEVEL_C_ATLAS_FDR	-0.0734952	-0.0413	POSITIVE_EFFECT_PRODUCT	DIRECTION_CONCORDANT	CONDITIONAL	NO
TIER 2	AMD-T2D	True	4	103388441	104802530	0.0004845007260895	8.969559502442232e-07	0.0028273431483929	rs223383	9.28961894958514e-06	0.019038698053600915	LEVEL_C_ATLAS_FDR	-0.0472769	-0.035	POSITIVE_EFFECT_PRODUCT	DIRECTION_CONCORDANT	CONDITIONAL	NO
TIER 2	AMD-T2D	True	4	103388441	104802530	0.0004845007260895	8.969559502442232e-07	0.0028273431483929	rs223363	9.19656268856231e-06	0.018895923071721967	LEVEL_C_ATLAS_FDR	-0.0480543	-0.0345	POSITIVE_EFFECT_PRODUCT	DIRECTION_CONCORDANT	CONDITIONAL	NO
TIER 2	AMD-T2D	True	4	103388441	104802530	0.0004845007260895	8.969559502442232e-07	0.0028273431483929	rs223353	1.11265003838615e-05	0.02155243855292878	LEVEL_C_ATLAS_FDR	-0.0473269	-0.0344	POSITIVE_EFFECT_PRODUCT	DIRECTION_CONCORDANT	CONDITIONAL	NO
TIER 2	AMD-T2D	True	4	103388441	104802530	0.0004845007260895	8.969559502442232e-07	0.0028273431483929	rs223339	1.10244860573159e-05	0.02142297534444316	LEVEL_C_ATLAS_FDR	-0.0473709	-0.0344	POSITIVE_EFFECT_PRODUCT	DIRECTION_CONCORDANT	CONDITIONAL	NO
TIER 2	AMD-T2D	True	4	103388441	104802530	0.0004845007260895	8.969559502442232e-07	0.0028273431483929	rs223334	1.38262272564351e-05	0.025161570585733945	LEVEL_C_ATLAS_FDR	-0.0460747	-0.0346	POSITIVE_EFFECT_PRODUCT	DIRECTION_CONCORDANT	CONDITIONAL	NO
TIER 2	AMD-T2D	True	4	103388441	104802530	0.0004845007260895	8.969559502442232e-07	0.0028273431483929	rs223324	1.5567796176799e-05	0.027326655285917024	LEVEL_C_ATLAS_FDR	-0.0463578	-0.034	POSITIVE_EFFECT_PRODUCT	DIRECTION_CONCORDANT	CONDITIONAL	NO
TIER 2	AMD-T2D	True	4	103388441	104802530	0.0004845007260895	8.969559502442232e-07	0.0028273431483929	rs223315	1.43850258343915e-05	0.025833946633600096	LEVEL_C_ATLAS_FDR	-0.0463457	-0.0343	POSITIVE_EFFECT_PRODUCT	DIRECTION_CONCORDANT	CONDITIONAL	NO
TIER 2	AMD-T2D	True	4	103388441	104802530	0.0004845007260895	8.969559502442232e-07	0.0028273431483929	rs223313	1.77477715224594e-05	0.029965234192571032	LEVEL_C_ATLAS_FDR	-0.0463189	-0.0336	POSITIVE_EFFECT_PRODUCT	DIRECTION_CONCORDANT	CONDITIONAL	NO
TIER 2	AMD-T2D	True	4	103388441	104802530	0.0004845007260895	8.969559502442232e-07	0.0028273431483929	rs6823625	1.93903082915623e-05	0.03185981666018129	LEVEL_C_ATLAS_FDR	-0.0452363	-0.0341	POSITIVE_EFFECT_PRODUCT	DIRECTION_CONCORDANT	CONDITIONAL	NO
TIER 2	AMD-T2D	True	4	103388441	104802530	0.0004845007260895	8.969559502442232e-07	0.0028273431483929	rs3974604	2.07007720742692e-05	0.033373224987567784	LEVEL_C_ATLAS_FDR	-0.0441488	-0.0351	POSITIVE_EFFECT_PRODUCT	DIRECTION_CONCORDANT	CONDITIONAL	NO
TIER 2	AMD-T2D	True	4	103388441	104802530	0.0004845007260895	8.969559502442232e-07	0.0028273431483929	rs6419160	3.66077494717383e-05	0.04920873139864232	LEVEL_C_ATLAS_FDR	-0.0416581	-0.0351	POSITIVE_EFFECT_PRODUCT	DIRECTION_CONCORDANT	CONDITIONAL	NO
TIER 2	AMD-T2D	True	4	103388441	104802530	0.0004845007260895	8.969559502442232e-07	0.0028273431483929	rs3886723	2.4309179740528e-05	0.03723306081112681	LEVEL_C_ATLAS_FDR	-0.0428877	-0.0356	POSITIVE_EFFECT_PRODUCT	DIRECTION_CONCORDANT	CONDITIONAL	NO
TIER 2	AMD-T2D	True	4	103388441	104802530	0.0004845007260895	8.969559502442232e-07	0.0028273431483929	rs10015289	3.72991761683059e-05	0.04987164069969105	LEVEL_C_ATLAS_FDR	-0.04125	-0.0354	POSITIVE_EFFECT_PRODUCT	DIRECTION_CONCORDANT	CONDITIONAL	NO
TIER 2	AMD-T2D	True	4	103388441	104802530	0.0004845007260895	8.969559502442232e-07	0.0028273431483929	rs9999303	3.47774832397998e-05	0.04746158544780915	LEVEL_C_ATLAS_FDR	-0.0416627	-0.0353	POSITIVE_EFFECT_PRODUCT	DIRECTION_CONCORDANT	CONDITIONAL	NO
TIER 2	AMD-T2D	True	4	103388441	104802530	0.0004845007260895	8.969559502442232e-07	0.0028273431483929	rs6810668	2.41511090726331e-05	0.03707775176450053	LEVEL_C_ATLAS_FDR	-0.0426665	-0.0358	POSITIVE_EFFECT_PRODUCT	DIRECTION_CONCORDANT	CONDITIONAL	NO
TIER 2	AMD-T2D	True	4	103388441	104802530	0.0004845007260895	8.969559502442232e-07	0.0028273431483929	rs7685399	3.08486036083208e-05	0.04382268673937117	LEVEL_C_ATLAS_FDR	-0.0420933	-0.0354	POSITIVE_EFFECT_PRODUCT	DIRECTION_CONCORDANT	CONDITIONAL	NO
TIER 2	AMD-T2D	True	4	103388441	104802530	0.0004845007260895	8.969559502442232e-07	0.0028273431483929	rs1383733	2.67275996305777e-05	0.03973389946258892	LEVEL_C_ATLAS_FDR	-0.042591	-0.0355	POSITIVE_EFFECT_PRODUCT	DIRECTION_CONCORDANT	CONDITIONAL	NO
TIER 2	AMD-T2D	True	4	103388441	104802530	0.0004845007260895	8.969559502442232e-07	0.0028273431483929	rs9994654	4.54379991140258e-07	0.0018875419005437207	LEVEL_C_ATLAS_FDR	-0.0751129	-0.045	POSITIVE_EFFECT_PRODUCT	DIRECTION_CONCORDANT	CONDITIONAL	NO
TIER 2	AMD-T2D	True	4	103388441	104802530	0.0004845007260895	8.969559502442232e-07	0.0028273431483929	rs4623004	2.32572442860898e-05	0.036141755538187145	LEVEL_C_ATLAS_FDR	-0.0433093	-0.0354	POSITIVE_EFFECT_PRODUCT	DIRECTION_CONCORDANT	CONDITIONAL	NO
TIER 2	AMD-T2D	True	4	103388441	104802530	0.0004845007260895	8.969559502442232e-07	0.0028273431483929	rs4698874	2.31931979348185e-05	0.03607488287566024	LEVEL_C_ATLAS_FDR	-0.0429665	-0.0357	POSITIVE_EFFECT_PRODUCT	DIRECTION_CONCORDANT	CONDITIONAL	NO
TIER 2	AMD-T2D	True	4	103388441	104802530	0.0004845007260895	8.969559502442232e-07	0.0028273431483929	rs724447	3.72723394292452e-05	0.04984343781934634	LEVEL_C_ATLAS_FDR	-0.0410123	-0.0356	POSITIVE_EFFECT_PRODUCT	DIRECTION_CONCORDANT	CONDITIONAL	NO
TIER 2	AMD-T2D	True	4	103388441	104802530	0.0004845007260895	8.969559502442232e-07	0.0028273431483929	rs11731885	3.40661116169904e-05	0.046816198932435674	LEVEL_C_ATLAS_FDR	-0.0415551	-0.0356	POSITIVE_EFFECT_PRODUCT	DIRECTION_CONCORDANT	CONDITIONAL	NO
TIER 2	AMD-T2D	True	4	103388441	104802530	0.0004845007260895	8.969559502442232e-07	0.0028273431483929	rs28445579	2.34505308452381e-05	0.03634125174063699	LEVEL_C_ATLAS_FDR	-0.0426887	-0.036	POSITIVE_EFFECT_PRODUCT	DIRECTION_CONCORDANT	CONDITIONAL	NO
TIER 2	AMD-T2D	True	4	103388441	104802530	0.0004845007260895	8.969559502442232e-07	0.0028273431483929	rs7698608	2.25184054745918e-05	0.035349676430841456	LEVEL_C_ATLAS_FDR	-0.04276	-0.0361	POSITIVE_EFFECT_PRODUCT	DIRECTION_CONCORDANT	CONDITIONAL	NO
TIER 2	AMD-T2D	True	4	103388441	104802530	0.0004845007260895	8.969559502442232e-07	0.0028273431483929	rs10516497	6.06639833767213e-07	0.002401630644527604	LEVEL_C_ATLAS_FDR	-0.0725885	-0.0452	POSITIVE_EFFECT_PRODUCT	DIRECTION_CONCORDANT	CONDITIONAL	NO
TIER 2	AMD-T2D	True	4	103388441	104802530	0.0004845007260895	8.969559502442232e-07	0.0028273431483929	rs1080081	2.65996822016599e-05	0.03960877192229544	LEVEL_C_ATLAS_FDR	-0.0416804	-0.0364	POSITIVE_EFFECT_PRODUCT	DIRECTION_CONCORDANT	CONDITIONAL	NO
TIER 2	AMD-T2D	True	4	103388441	104802530	0.0004845007260895	8.969559502442232e-07	0.0028273431483929	rs4699049	2.47562492599735e-05	0.03770651155824595	LEVEL_C_ATLAS_FDR	-0.0419889	-0.0364	POSITIVE_EFFECT_PRODUCT	DIRECTION_CONCORDANT	CONDITIONAL	NO
TIER 2	AMD-T2D	True	4	103388441	104802530	0.0004845007260895	8.969559502442232e-07	0.0028273431483929	rs13130741	3.53055425627193e-05	0.04796537223296178	LEVEL_C_ATLAS_FDR	-0.0405986	-0.0363	POSITIVE_EFFECT_PRODUCT	DIRECTION_CONCORDANT	CONDITIONAL	NO
TIER 2	AMD-T2D	True	4	103388441	104802530	0.0004845007260895	8.969559502442232e-07	0.0028273431483929	rs11734396	3.00038526070077e-07	0.001335579136346831	LEVEL_C_ATLAS_FDR	-0.0832795	-0.0405	POSITIVE_EFFECT_PRODUCT	DIRECTION_CONCORDANT	CONDITIONAL	NO
TIER 2	AMD-T2D	True	4	103388441	104802530	0.0004845007260895	8.969559502442232e-07	0.0028273431483929	rs2720447	3.23872987613799e-07	0.001417856058602845	LEVEL_C_ATLAS_FDR	-0.0834352	-0.0407	POSITIVE_EFFECT_PRODUCT	DIRECTION_CONCORDANT	CONDITIONAL	NO
TIER 2	AMD-T2D	True	4	103388441	104802530	0.0004845007260895	8.969559502442232e-07	0.0028273431483929	rs2711896	3.37511672947452e-07	0.0014679366730739728	LEVEL_C_ATLAS_FDR	-0.0819636	-0.0406	POSITIVE_EFFECT_PRODUCT	DIRECTION_CONCORDANT	CONDITIONAL	NO
TIER 2	AMD-T2D	True	4	103388441	104802530	0.0004845007260895	8.969559502442232e-07	0.0028273431483929	rs2720449	3.75572037447244e-07	0.001604324684958079	LEVEL_C_ATLAS_FDR	-0.0819804	-0.0403	POSITIVE_EFFECT_PRODUCT	DIRECTION_CONCORDANT	CONDITIONAL	NO
TIER 2	AMD-T2D	True	4	103388441	104802530	0.0004845007260895	8.969559502442232e-07	0.0028273431483929	rs2623069	4.42128471208787e-07	0.0018439299634199408	LEVEL_C_ATLAS_FDR	-0.0813611	-0.0401	POSITIVE_EFFECT_PRODUCT	DIRECTION_CONCORDANT	CONDITIONAL	NO
TIER 2	AMD-T2D	True	4	103388441	104802530	0.0004845007260895	8.969559502442232e-07	0.0028273431483929	rs2711889	5.93231860161136e-07	0.002359042729685859	LEVEL_C_ATLAS_FDR	-0.0796253	-0.04	POSITIVE_EFFECT_PRODUCT	DIRECTION_CONCORDANT	CONDITIONAL	NO
TIER 2	AMD-T2D	True	4	103388441	104802530	0.0004845007260895	8.969559502442232e-07	0.0028273431483929	rs2243682	4.11963043603276e-07	0.00173606117916616	LEVEL_C_ATLAS_FDR	-0.0812806	-0.0401	POSITIVE_EFFECT_PRODUCT	DIRECTION_CONCORDANT	CONDITIONAL	NO
TIER 2	AMD-T2D	True	4	103388441	104802530	0.0004845007260895	8.969559502442232e-07	0.0028273431483929	rs2615542	6.43933238019996e-07	0.002517118784059205	LEVEL_C_ATLAS_FDR	-0.0810533	-0.0389	POSITIVE_EFFECT_PRODUCT	DIRECTION_CONCORDANT	CONDITIONAL	NO
TIER 2	AMD-T2D	True	4	103388441	104802530	0.0004845007260895	8.969559502442232e-07	0.0028273431483929	rs4698879	5.59427922368778e-07	0.0022491899912005222	LEVEL_C_ATLAS_FDR	-0.0804042	-0.0399	POSITIVE_EFFECT_PRODUCT	DIRECTION_CONCORDANT	CONDITIONAL	NO
TIER 2	AMD-T2D	True	4	103388441	104802530	0.0004845007260895	8.969559502442232e-07	0.0028273431483929	rs17283278	4.67366041739383e-07	0.0019313176144739018	LEVEL_C_ATLAS_FDR	-0.0807033	-0.0403	POSITIVE_EFFECT_PRODUCT	DIRECTION_CONCORDANT	CONDITIONAL	NO
TIER 2	AMD-T2D	True	4	103388441	104802530	0.0004845007260895	8.969559502442232e-07	0.0028273431483929	rs2290943	5.18158639462868e-07	0.002106108334052538	LEVEL_C_ATLAS_FDR	-0.0802388	-0.0402	POSITIVE_EFFECT_PRODUCT	DIRECTION_CONCORDANT	CONDITIONAL	NO
TIER 2	CAT-AD	True	2	26894589	28597305	0.0001155461760498	5.2745837231481874e-05	0.0472529339623195	rs12994085	3.03422850424664e-05	0.043339320810609865	LEVEL_C_ATLAS_FDR	0.0282051	0.0297	POSITIVE_EFFECT_PRODUCT	DIRECTION_CONCORDANT	CONDITIONAL	FINNISH_LD_SENSITIVITY_REQUIRED
TIER 2	CAT-AD	True	2	26894589	28597305	0.0001155461760498	5.2745837231481874e-05	0.0472529339623195	rs12714223	3.46264092572797e-05	0.047311214001585465	LEVEL_C_ATLAS_FDR	0.0273235	0.0295	POSITIVE_EFFECT_PRODUCT	DIRECTION_CONCORDANT	CONDITIONAL	FINNISH_LD_SENSITIVITY_REQUIRED
TIER 2	CAT-AD	True	2	26894589	28597305	0.0001155461760498	5.2745837231481874e-05	0.0472529339623195	rs9677663	2.5981299080852e-05	0.03897553720470262	LEVEL_C_ATLAS_FDR	0.0275642	0.0301	POSITIVE_EFFECT_PRODUCT	DIRECTION_CONCORDANT	CONDITIONAL	FINNISH_LD_SENSITIVITY_REQUIRED
TIER 2	CAT-AD	True	2	26894589	28597305	0.0001155461760498	5.2745837231481874e-05	0.0472529339623195	rs10201247	2.68799074711282e-05	0.03987466601845286	LEVEL_C_ATLAS_FDR	0.0275603	0.03	POSITIVE_EFFECT_PRODUCT	DIRECTION_CONCORDANT	CONDITIONAL	FINNISH_LD_SENSITIVITY_REQUIRED
TIER 2	CAT-AD	True	2	26894589	28597305	0.0001155461760498	5.2745837231481874e-05	0.0472529339623195	rs6547796	2.78217659993272e-05	0.04083577096171352	LEVEL_C_ATLAS_FDR	0.0275556	0.0299	POSITIVE_EFFECT_PRODUCT	DIRECTION_CONCORDANT	CONDITIONAL	FINNISH_LD_SENSITIVITY_REQUIRED
TIER 2	CAT-AD	True	2	26894589	28597305	0.0001155461760498	5.2745837231481874e-05	0.0472529339623195	rs10209020	2.1964002896651e-05	0.0347385880298751	LEVEL_C_ATLAS_FDR	0.0276411	0.0306	POSITIVE_EFFECT_PRODUCT	DIRECTION_CONCORDANT	CONDITIONAL	FINNISH_LD_SENSITIVITY_REQUIRED
TIER 2	CAT-AD	True	2	26894589	28597305	0.0001155461760498	5.2745837231481874e-05	0.0472529339623195	rs77154381	2.28425702199146e-05	0.03569872375545129	LEVEL_C_ATLAS_FDR	-0.0276222	-0.0305	POSITIVE_EFFECT_PRODUCT	DIRECTION_CONCORDANT	CONDITIONAL	FINNISH_LD_SENSITIVITY_REQUIRED
TIER 2	CAT-AD	True	2	202830132	204814896	0.0001276638548397	5.304394949159796e-05	0.0472529339623195	rs138556413	1.91149469033769e-05	0.03156541572527683	LEVEL_C_ATLAS_FDR	-0.0570017	-0.0826	POSITIVE_EFFECT_PRODUCT	DIRECTION_CONCORDANT	CONDITIONAL	FINNISH_LD_SENSITIVITY_REQUIRED
TIER 2	CAT-AD	True	2	202830132	204814896	0.0001276638548397	5.304394949159796e-05	0.0472529339623195	rs72926788	2.1263246238832e-05	0.03400835549995299	LEVEL_C_ATLAS_FDR	-0.0570306	-0.0812	POSITIVE_EFFECT_PRODUCT	DIRECTION_CONCORDANT	CONDITIONAL	FINNISH_LD_SENSITIVITY_REQUIRED
TIER 2	CAT-T2D	False	4	103388441	104802530	0.0001431518936158	5.2775446412774126e-05	0.0472529339623195	rs228611	7.42225725446084e-06	0.016213393551230054	LEVEL_C_ATLAS_FDR	0.0288568	0.0224	POSITIVE_EFFECT_PRODUCT	DIRECTION_CONCORDANT	CONDITIONAL	FINNISH_LD_SENSITIVITY_REQUIRED
TIER 2	CAT-T2D	False	4	103388441	104802530	0.0001431518936158	5.2775446412774126e-05	0.0472529339623195	rs228618	3.26808035601199e-06	0.009062199378611599	LEVEL_C_ATLAS_FDR	0.0278723	0.0249	POSITIVE_EFFECT_PRODUCT	DIRECTION_CONCORDANT	CONDITIONAL	FINNISH_LD_SENSITIVITY_REQUIRED
TIER 2	CAT-T2D	False	4	103388441	104802530	0.0001431518936158	5.2775446412774126e-05	0.0472529339623195	rs228619	3.39640711907075e-07	0.0014753479090153883	LEVEL_C_ATLAS_FDR	0.0285153	0.0291	POSITIVE_EFFECT_PRODUCT	DIRECTION_CONCORDANT	CONDITIONAL	FINNISH_LD_SENSITIVITY_REQUIRED
TIER 2	CAT-T2D	False	4	103388441	104802530	0.0001431518936158	5.2775446412774126e-05	0.0472529339623195	rs228623	2.98056383907806e-06	0.008491195838451064	LEVEL_C_ATLAS_FDR	0.0278666	0.0251	POSITIVE_EFFECT_PRODUCT	DIRECTION_CONCORDANT	CONDITIONAL	FINNISH_LD_SENSITIVITY_REQUIRED
TIER 2	CAT-T2D	False	4	103388441	104802530	0.0001431518936158	5.2775446412774126e-05	0.0472529339623195	rs228624	3.00600421921563e-06	0.008541121907974496	LEVEL_C_ATLAS_FDR	0.0278422	0.0251	POSITIVE_EFFECT_PRODUCT	DIRECTION_CONCORDANT	CONDITIONAL	FINNISH_LD_SENSITIVITY_REQUIRED
TIER 2	CAT-T2D	False	4	103388441	104802530	0.0001431518936158	5.2775446412774126e-05	0.0472529339623195	rs228625	2.73402995371836e-06	0.007972346825299546	LEVEL_C_ATLAS_FDR	0.0278422	0.0253	POSITIVE_EFFECT_PRODUCT	DIRECTION_CONCORDANT	CONDITIONAL	FINNISH_LD_SENSITIVITY_REQUIRED
TIER 2	CAT-T2D	False	4	103388441	104802530	0.0001431518936158	5.2775446412774126e-05	0.0472529339623195	rs228626	3.15007294209714e-06	0.008829487592369309	LEVEL_C_ATLAS_FDR	0.0278432	0.025	POSITIVE_EFFECT_PRODUCT	DIRECTION_CONCORDANT	CONDITIONAL	FINNISH_LD_SENSITIVITY_REQUIRED
TIER 2	CAT-T2D	False	4	103388441	104802530	0.0001431518936158	5.2775446412774126e-05	0.0472529339623195	rs228627	2.73898908725086e-06	0.007982783924766527	LEVEL_C_ATLAS_FDR	0.0278378	0.0253	POSITIVE_EFFECT_PRODUCT	DIRECTION_CONCORDANT	CONDITIONAL	FINNISH_LD_SENSITIVITY_REQUIRED
TIER 2	CAT-T2D	False	4	103388441	104802530	0.0001431518936158	5.2775446412774126e-05	0.0472529339623195	rs228628	4.35709239328559e-07	0.0018224131413380148	LEVEL_C_ATLAS_FDR	0.0279055	0.0292	POSITIVE_EFFECT_PRODUCT	DIRECTION_CONCORDANT	CONDITIONAL	FINNISH_LD_SENSITIVITY_REQUIRED
TIER 2	CAT-T2D	False	4	103388441	104802530	0.0001431518936158	5.2775446412774126e-05	0.0472529339623195	rs228630	3.96581050630095e-07	0.0016806251823748587	LEVEL_C_ATLAS_FDR	0.0280018	0.0293	POSITIVE_EFFECT_PRODUCT	DIRECTION_CONCORDANT	CONDITIONAL	FINNISH_LD_SENSITIVITY_REQUIRED
TIER 2	CAT-T2D	False	4	103388441	104802530	0.0001431518936158	5.2775446412774126e-05	0.0472529339623195	rs228631	2.08422148126084e-07	0.0009929572118335982	LEVEL_C_ATLAS_FDR	0.0290655	0.0295	POSITIVE_EFFECT_PRODUCT	DIRECTION_CONCORDANT	CONDITIONAL	FINNISH_LD_SENSITIVITY_REQUIRED
TIER 2	CAT-T2D	False	4	103388441	104802530	0.0001431518936158	5.2775446412774126e-05	0.0472529339623195	rs228632	4.38591750969848e-07	0.0018324823697367682	LEVEL_C_ATLAS_FDR	0.0278942	0.0292	POSITIVE_EFFECT_PRODUCT	DIRECTION_CONCORDANT	CONDITIONAL	FINNISH_LD_SENSITIVITY_REQUIRED
TIER 2	CAT-T2D	False	4	103388441	104802530	0.0001431518936158	5.2775446412774126e-05	0.0472529339623195	rs179195	4.60188950133836e-07	0.0019064254612250718	LEVEL_C_ATLAS_FDR	0.0278877	0.0291	POSITIVE_EFFECT_PRODUCT	DIRECTION_CONCORDANT	CONDITIONAL	FINNISH_LD_SENSITIVITY_REQUIRED
TIER 2	CAT-T2D	False	4	103388441	104802530	0.0001431518936158	5.2775446412774126e-05	0.0472529339623195	rs2978641	4.86792260588045e-07	0.0020001639399485085	LEVEL_C_ATLAS_FDR	0.0277723	0.0291	POSITIVE_EFFECT_PRODUCT	DIRECTION_CONCORDANT	CONDITIONAL	FINNISH_LD_SENSITIVITY_REQUIRED
TIER 2	CAT-T2D	False	4	103388441	104802530	0.0001431518936158	5.2775446412774126e-05	0.0472529339623195	rs228612	4.56466094488227e-07	0.0018939412271315576	LEVEL_C_ATLAS_FDR	0.0279039	0.0291	POSITIVE_EFFECT_PRODUCT	DIRECTION_CONCORDANT	CONDITIONAL	FINNISH_LD_SENSITIVITY_REQUIRED
TIER 2	CAT-T2D	False	4	103388441	104802530	0.0001431518936158	5.2775446412774126e-05	0.0472529339623195	rs228613	3.21564608347157e-06	0.008961905202172282	LEVEL_C_ATLAS_FDR	0.0276733	0.0251	POSITIVE_EFFECT_PRODUCT	DIRECTION_CONCORDANT	CONDITIONAL	FINNISH_LD_SENSITIVITY_REQUIRED
TIER 2	CAT-T2D	False	4	103388441	104802530	0.0001431518936158	5.2775446412774126e-05	0.0472529339623195	rs228614	2.0431302518644e-06	0.006419308127364274	LEVEL_C_ATLAS_FDR	0.0282801	0.0255	POSITIVE_EFFECT_PRODUCT	DIRECTION_CONCORDANT	CONDITIONAL	FINNISH_LD_SENSITIVITY_REQUIRED
TIER 2	CAT-T2D	False	4	103388441	104802530	0.0001431518936158	5.2775446412774126e-05	0.0472529339623195	rs228616	3.19977513128445e-06	0.008925556221914651	LEVEL_C_ATLAS_FDR	0.0277952	0.025	POSITIVE_EFFECT_PRODUCT	DIRECTION_CONCORDANT	CONDITIONAL	FINNISH_LD_SENSITIVITY_REQUIRED
TIER 2	CAT-T2D	False	4	103388441	104802530	0.0001431518936158	5.2775446412774126e-05	0.0472529339623195	rs228617	4.39908607169255e-07	0.0018364370222300182	LEVEL_C_ATLAS_FDR	0.0277805	0.0293	POSITIVE_EFFECT_PRODUCT	DIRECTION_CONCORDANT	CONDITIONAL	FINNISH_LD_SENSITIVITY_REQUIRED
TIER 2	CAT-T2D	False	4	103388441	104802530	0.0001431518936158	5.2775446412774126e-05	0.0472529339623195	rs434644	2.21234814303188e-06	0.0068249708450108795	LEVEL_C_ATLAS_FDR	0.0277827	0.0258	POSITIVE_EFFECT_PRODUCT	DIRECTION_CONCORDANT	CONDITIONAL	FINNISH_LD_SENSITIVITY_REQUIRED
TIER 2	CAT-T2D	False	4	103388441	104802530	0.0001431518936158	5.2775446412774126e-05	0.0472529339623195	rs413967	2.39361374484878e-06	0.0072372976410048475	LEVEL_C_ATLAS_FDR	0.0277073	0.0257	POSITIVE_EFFECT_PRODUCT	DIRECTION_CONCORDANT	CONDITIONAL	FINNISH_LD_SENSITIVITY_REQUIRED
TIER 2	CAT-T2D	False	4	103388441	104802530	0.0001431518936158	5.2775446412774126e-05	0.0472529339623195	rs404574	2.39396690712023e-06	0.0072372976410048475	LEVEL_C_ATLAS_FDR	0.027707	0.0257	POSITIVE_EFFECT_PRODUCT	DIRECTION_CONCORDANT	CONDITIONAL	FINNISH_LD_SENSITIVITY_REQUIRED
TIER 2	CAT-T2D	False	4	103388441	104802530	0.0001431518936158	5.2775446412774126e-05	0.0472529339623195	rs227361	1.83556721244412e-06	0.0058974130938474366	LEVEL_C_ATLAS_FDR	0.0286668	0.0254	POSITIVE_EFFECT_PRODUCT	DIRECTION_CONCORDANT	CONDITIONAL	FINNISH_LD_SENSITIVITY_REQUIRED
TIER 2	CAT-T2D	False	4	103388441	104802530	0.0001431518936158	5.2775446412774126e-05	0.0472529339623195	rs6847587	1.16657964970372e-06	0.004078352116054187	LEVEL_C_ATLAS_FDR	-0.0287183	-0.0263	POSITIVE_EFFECT_PRODUCT	DIRECTION_CONCORDANT	CONDITIONAL	FINNISH_LD_SENSITIVITY_REQUIRED
TIER 2	CAT-T2D	False	4	103388441	104802530	0.0001431518936158	5.2775446412774126e-05	0.0472529339623195	rs227275	5.41021118372316e-07	0.002187763349314987	LEVEL_C_ATLAS_FDR	0.0255291	0.0316	POSITIVE_EFFECT_PRODUCT	DIRECTION_CONCORDANT	CONDITIONAL	FINNISH_LD_SENSITIVITY_REQUIRED
TIER 2	CAT-T2D	False	4	103388441	104802530	0.0001431518936158	5.2775446412774126e-05	0.0472529339623195	rs227276	5.85465932088258e-07	0.0023359333676426035	LEVEL_C_ATLAS_FDR	0.0254595	0.0315	POSITIVE_EFFECT_PRODUCT	DIRECTION_CONCORDANT	CONDITIONAL	FINNISH_LD_SENSITIVITY_REQUIRED
TIER 2	CAT-T2D	False	4	103388441	104802530	0.0001431518936158	5.2775446412774126e-05	0.0472529339623195	rs227277	6.09388928640713e-07	0.0024099954796443514	LEVEL_C_ATLAS_FDR	0.0254645	0.0314	POSITIVE_EFFECT_PRODUCT	DIRECTION_CONCORDANT	CONDITIONAL	FINNISH_LD_SENSITIVITY_REQUIRED
TIER 2	CAT-T2D	False	4	103388441	104802530	0.0001431518936158	5.2775446412774126e-05	0.0472529339623195	rs227278	5.35411607958417e-07	0.0021668467961202926	LEVEL_C_ATLAS_FDR	0.0254683	0.0317	POSITIVE_EFFECT_PRODUCT	DIRECTION_CONCORDANT	CONDITIONAL	FINNISH_LD_SENSITIVITY_REQUIRED
TIER 2	CAT-T2D	False	4	103388441	104802530	0.0001431518936158	5.2775446412774126e-05	0.0472529339623195	rs227279	5.31597144946619e-07	0.0021539206828358787	LEVEL_C_ATLAS_FDR	0.0254055	0.0318	POSITIVE_EFFECT_PRODUCT	DIRECTION_CONCORDANT	CONDITIONAL	FINNISH_LD_SENSITIVITY_REQUIRED
TIER 2	CAT-T2D	False	4	103388441	104802530	0.0001431518936158	5.2775446412774126e-05	0.0472529339623195	rs227280	9.84958908463146e-06	0.019840758010134955	LEVEL_C_ATLAS_FDR	0.021857	0.0324	POSITIVE_EFFECT_PRODUCT	DIRECTION_CONCORDANT	CONDITIONAL	FINNISH_LD_SENSITIVITY_REQUIRED
TIER 2	CAT-T2D	False	4	103388441	104802530	0.0001431518936158	5.2775446412774126e-05	0.0472529339623195	rs393223	1.15845358364787e-05	0.02215164910796862	LEVEL_C_ATLAS_FDR	0.0194249	0.0349	POSITIVE_EFFECT_PRODUCT	DIRECTION_CONCORDANT	CONDITIONAL	FINNISH_LD_SENSITIVITY_REQUIRED
TIER 2	CAT-T2D	False	4	103388441	104802530	0.0001431518936158	5.2775446412774126e-05	0.0472529339623195	rs227281	1.24985588719919e-05	0.023420760958901197	LEVEL_C_ATLAS_FDR	0.0215287	0.0317	POSITIVE_EFFECT_PRODUCT	DIRECTION_CONCORDANT	CONDITIONAL	FINNISH_LD_SENSITIVITY_REQUIRED
TIER 2	CAT-T2D	False	4	103388441	104802530	0.0001431518936158	5.2775446412774126e-05	0.0472529339623195	rs227282	1.1825579001257e-05	0.022496076249006226	LEVEL_C_ATLAS_FDR	0.0214398	0.032	POSITIVE_EFFECT_PRODUCT	DIRECTION_CONCORDANT	CONDITIONAL	FINNISH_LD_SENSITIVITY_REQUIRED
TIER 2	CAT-T2D	False	4	103388441	104802530	0.0001431518936158	5.2775446412774126e-05	0.0472529339623195	rs227284	1.14961472216352e-05	0.022042422620871076	LEVEL_C_ATLAS_FDR	0.0216317	0.0318	POSITIVE_EFFECT_PRODUCT	DIRECTION_CONCORDANT	CONDITIONAL	FINNISH_LD_SENSITIVITY_REQUIRED
TIER 2	CAT-T2D	False	4	103388441	104802530	0.0001431518936158	5.2775446412774126e-05	0.0472529339623195	rs227285	1.21920314147928e-05	0.023012837851698616	LEVEL_C_ATLAS_FDR	0.0215159	0.0318	POSITIVE_EFFECT_PRODUCT	DIRECTION_CONCORDANT	CONDITIONAL	FINNISH_LD_SENSITIVITY_REQUIRED
TIER 2	CAT-T2D	False	4	103388441	104802530	0.0001431518936158	5.2775446412774126e-05	0.0472529339623195	rs170564	1.13657596118244e-05	0.021870313377509464	LEVEL_C_ATLAS_FDR	0.0215871	0.0319	POSITIVE_EFFECT_PRODUCT	DIRECTION_CONCORDANT	CONDITIONAL	FINNISH_LD_SENSITIVITY_REQUIRED
TIER 2	CAT-T2D	False	4	103388441	104802530	0.0001431518936158	5.2775446412774126e-05	0.0472529339623195	rs227363	1.0981424255222e-05	0.021375517489488065	LEVEL_C_ATLAS_FDR	0.0213965	0.0323	POSITIVE_EFFECT_PRODUCT	DIRECTION_CONCORDANT	CONDITIONAL	FINNISH_LD_SENSITIVITY_REQUIRED
TIER 2	CAT-T2D	False	4	103388441	104802530	0.0001431518936158	5.2775446412774126e-05	0.0472529339623195	rs227365	1.18954594249418e-05	0.022607948496436412	LEVEL_C_ATLAS_FDR	0.0212374	0.0323	POSITIVE_EFFECT_PRODUCT	DIRECTION_CONCORDANT	CONDITIONAL	FINNISH_LD_SENSITIVITY_REQUIRED
TIER 2	CAT-T2D	False	4	103388441	104802530	0.0001431518936158	5.2775446412774126e-05	0.0472529339623195	rs227366	1.13278160654339e-05	0.02182668374172954	LEVEL_C_ATLAS_FDR	0.0214009	0.0322	POSITIVE_EFFECT_PRODUCT	DIRECTION_CONCORDANT	CONDITIONAL	FINNISH_LD_SENSITIVITY_REQUIRED
TIER 2	CAT-T2D	False	4	103388441	104802530	0.0001431518936158	5.2775446412774126e-05	0.0472529339623195	rs227368	2.68538478900644e-06	0.007879481017668276	LEVEL_C_ATLAS_FDR	0.0276765	0.0258	POSITIVE_EFFECT_PRODUCT	DIRECTION_CONCORDANT	CONDITIONAL	FINNISH_LD_SENSITIVITY_REQUIRED
TIER 2	CAT-T2D	False	4	103388441	104802530	0.0001431518936158	5.2775446412774126e-05	0.0472529339623195	rs227369	1.13838100431854e-05	0.021893254670109063	LEVEL_C_ATLAS_FDR	0.0213915	0.0322	POSITIVE_EFFECT_PRODUCT	DIRECTION_CONCORDANT	CONDITIONAL	FINNISH_LD_SENSITIVITY_REQUIRED
TIER 2	CAT-T2D	False	4	103388441	104802530	0.0001431518936158	5.2775446412774126e-05	0.0472529339623195	rs227370	9.95129766253241e-06	0.019974927384915027	LEVEL_C_ATLAS_FDR	0.021396	0.0326	POSITIVE_EFFECT_PRODUCT	DIRECTION_CONCORDANT	CONDITIONAL	FINNISH_LD_SENSITIVITY_REQUIRED
TIER 2	CAT-T2D	False	4	103388441	104802530	0.0001431518936158	5.2775446412774126e-05	0.0472529339623195	rs227371	1.12429901958229e-05	0.02170792835213004	LEVEL_C_ATLAS_FDR	0.0214214	0.0322	POSITIVE_EFFECT_PRODUCT	DIRECTION_CONCORDANT	CONDITIONAL	FINNISH_LD_SENSITIVITY_REQUIRED
TIER 2	CAT-T2D	False	4	103388441	104802530	0.0001431518936158	5.2775446412774126e-05	0.0472529339623195	rs227372	9.96086490532771e-06	0.01998719662933142	LEVEL_C_ATLAS_FDR	0.0212644	0.0328	POSITIVE_EFFECT_PRODUCT	DIRECTION_CONCORDANT	CONDITIONAL	FINNISH_LD_SENSITIVITY_REQUIRED
TIER 2	CAT-T2D	False	4	103388441	104802530	0.0001431518936158	5.2775446412774126e-05	0.0472529339623195	rs227373	1.02081338959351e-05	0.020318589707057255	LEVEL_C_ATLAS_FDR	0.0212803	0.0327	POSITIVE_EFFECT_PRODUCT	DIRECTION_CONCORDANT	CONDITIONAL	FINNISH_LD_SENSITIVITY_REQUIRED
TIER 2	CAT-T2D	False	4	103388441	104802530	0.0001431518936158	5.2775446412774126e-05	0.0472529339623195	rs227374	1.13784722099573e-05	0.021885855385034726	LEVEL_C_ATLAS_FDR	0.0212608	0.0324	POSITIVE_EFFECT_PRODUCT	DIRECTION_CONCORDANT	CONDITIONAL	FINNISH_LD_SENSITIVITY_REQUIRED
TIER 2	CAT-T2D	False	4	103388441	104802530	0.0001431518936158	5.2775446412774126e-05	0.0472529339623195	rs227375	3.9897665948522e-07	0.001689539650499753	LEVEL_C_ATLAS_FDR	0.0277177	0.03	POSITIVE_EFFECT_PRODUCT	DIRECTION_CONCORDANT	CONDITIONAL	FINNISH_LD_SENSITIVITY_REQUIRED
TIER 2	CAT-T2D	False	4	103388441	104802530	0.0001431518936158	5.2775446412774126e-05	0.0472529339623195	rs150900	1.00927011935498e-05	0.02016779550108444	LEVEL_C_ATLAS_FDR	-0.0214419	-0.0325	POSITIVE_EFFECT_PRODUCT	DIRECTION_CONCORDANT	CONDITIONAL	FINNISH_LD_SENSITIVITY_REQUIRED
TIER 2	CAT-T2D	False	4	103388441	104802530	0.0001431518936158	5.2775446412774126e-05	0.0472529339623195	rs223513	5.82532561013699e-06	0.013749026428237556	LEVEL_C_ATLAS_FDR	-0.0211138	-0.0346	POSITIVE_EFFECT_PRODUCT	DIRECTION_CONCORDANT	CONDITIONAL	FINNISH_LD_SENSITIVITY_REQUIRED
TIER 2	CAT-T2D	False	4	103388441	104802530	0.0001431518936158	5.2775446412774126e-05	0.0472529339623195	rs223512	5.61554754307596e-06	0.013385879631149542	LEVEL_C_ATLAS_FDR	-0.021242	-0.0345	POSITIVE_EFFECT_PRODUCT	DIRECTION_CONCORDANT	CONDITIONAL	FINNISH_LD_SENSITIVITY_REQUIRED
TIER 2	CAT-T2D	False	4	103388441	104802530	0.0001431518936158	5.2775446412774126e-05	0.0472529339623195	rs223511	6.32959438948761e-06	0.01456291028713104	LEVEL_C_ATLAS_FDR	-0.02107	-0.0344	POSITIVE_EFFECT_PRODUCT	DIRECTION_CONCORDANT	CONDITIONAL	FINNISH_LD_SENSITIVITY_REQUIRED
TIER 2	CAT-T2D	False	4	103388441	104802530	0.0001431518936158	5.2775446412774126e-05	0.0472529339623195	rs223510	6.48915550816597e-06	0.014799500190967211	LEVEL_C_ATLAS_FDR	-0.0210229	-0.0344	POSITIVE_EFFECT_PRODUCT	DIRECTION_CONCORDANT	CONDITIONAL	FINNISH_LD_SENSITIVITY_REQUIRED
TIER 2	CAT-T2D	False	4	103388441	104802530	0.0001431518936158	5.2775446412774126e-05	0.0472529339623195	rs223508	1.27047626244515e-05	0.02369841786082662	LEVEL_C_ATLAS_FDR	-0.021295	-0.0325	POSITIVE_EFFECT_PRODUCT	DIRECTION_CONCORDANT	CONDITIONAL	FINNISH_LD_SENSITIVITY_REQUIRED
TIER 2	CAT-T2D	False	4	103388441	104802530	0.0001431518936158	5.2775446412774126e-05	0.0472529339623195	rs223507	1.20726633188512e-05	0.02285089803338862	LEVEL_C_ATLAS_FDR	-0.0213338	-0.0326	POSITIVE_EFFECT_PRODUCT	DIRECTION_CONCORDANT	CONDITIONAL	FINNISH_LD_SENSITIVITY_REQUIRED
TIER 2	CAT-T2D	False	4	103388441	104802530	0.0001431518936158	5.2775446412774126e-05	0.0472529339623195	rs223506	6.20978100959248e-06	0.014373009977431971	LEVEL_C_ATLAS_FDR	-0.0211093	-0.0344	POSITIVE_EFFECT_PRODUCT	DIRECTION_CONCORDANT	CONDITIONAL	FINNISH_LD_SENSITIVITY_REQUIRED
TIER 2	CAT-T2D	False	4	103388441	104802530	0.0001431518936158	5.2775446412774126e-05	0.0472529339623195	rs223505	1.16676400603606e-05	0.022269164901805166	LEVEL_C_ATLAS_FDR	-0.0214683	-0.0325	POSITIVE_EFFECT_PRODUCT	DIRECTION_CONCORDANT	CONDITIONAL	FINNISH_LD_SENSITIVITY_REQUIRED
TIER 2	CAT-T2D	False	4	103388441	104802530	0.0001431518936158	5.2775446412774126e-05	0.0472529339623195	rs223504	6.07526929582352e-06	0.014142773852508894	LEVEL_C_ATLAS_FDR	-0.0218252	-0.0333	POSITIVE_EFFECT_PRODUCT	DIRECTION_CONCORDANT	CONDITIONAL	FINNISH_LD_SENSITIVITY_REQUIRED
TIER 2	CAT-T2D	False	4	103388441	104802530	0.0001431518936158	5.2775446412774126e-05	0.0472529339623195	rs223501	5.37203685460806e-06	0.01298374252875304	LEVEL_C_ATLAS_FDR	-0.028276	-0.0307	POSITIVE_EFFECT_PRODUCT	DIRECTION_CONCORDANT	CONDITIONAL	FINNISH_LD_SENSITIVITY_REQUIRED
TIER 2	CAT-T2D	False	4	103388441	104802530	0.0001431518936158	5.2775446412774126e-05	0.0472529339623195	rs223500	4.11823880168658e-06	0.010705522892668183	LEVEL_C_ATLAS_FDR	-0.0244834	-0.0353	POSITIVE_EFFECT_PRODUCT	DIRECTION_CONCORDANT	CONDITIONAL	FINNISH_LD_SENSITIVITY_REQUIRED
TIER 2	CAT-T2D	False	4	103388441	104802530	0.0001431518936158	5.2775446412774126e-05	0.0472529339623195	rs223498	1.42021622069545e-06	0.004806289724778139	LEVEL_C_ATLAS_FDR	-0.0233321	-0.0321	POSITIVE_EFFECT_PRODUCT	DIRECTION_CONCORDANT	CONDITIONAL	FINNISH_LD_SENSITIVITY_REQUIRED
TIER 2	CAT-T2D	False	4	103388441	104802530	0.0001431518936158	5.2775446412774126e-05	0.0472529339623195	rs223497	2.9311036953067e-06	0.008389147461738359	LEVEL_C_ATLAS_FDR	-0.0224755	-0.0314	POSITIVE_EFFECT_PRODUCT	DIRECTION_CONCORDANT	CONDITIONAL	FINNISH_LD_SENSITIVITY_REQUIRED
TIER 2	CAT-T2D	False	4	103388441	104802530	0.0001431518936158	5.2775446412774126e-05	0.0472529339623195	rs223496	4.82402156508912e-06	0.012027723751243911	LEVEL_C_ATLAS_FDR	-0.0245783	-0.0347	POSITIVE_EFFECT_PRODUCT	DIRECTION_CONCORDANT	CONDITIONAL	FINNISH_LD_SENSITIVITY_REQUIRED
TIER 2	CAT-T2D	False	4	103388441	104802530	0.0001431518936158	5.2775446412774126e-05	0.0472529339623195	rs223495	8.00723943045704e-06	0.01710950610301029	LEVEL_C_ATLAS_FDR	-0.0245801	-0.0338	POSITIVE_EFFECT_PRODUCT	DIRECTION_CONCORDANT	CONDITIONAL	FINNISH_LD_SENSITIVITY_REQUIRED
TIER 2	CAT-T2D	False	4	103388441	104802530	0.0001431518936158	5.2775446412774126e-05	0.0472529339623195	rs223494	7.92948769282469e-06	0.016992796221563324	LEVEL_C_ATLAS_FDR	-0.0246678	-0.0337	POSITIVE_EFFECT_PRODUCT	DIRECTION_CONCORDANT	CONDITIONAL	FINNISH_LD_SENSITIVITY_REQUIRED
TIER 2	CAT-T2D	False	4	103388441	104802530	0.0001431518936158	5.2775446412774126e-05	0.0472529339623195	rs223493	7.33776770795133e-06	0.016079947095771676	LEVEL_C_ATLAS_FDR	-0.0246958	-0.0339	POSITIVE_EFFECT_PRODUCT	DIRECTION_CONCORDANT	CONDITIONAL	FINNISH_LD_SENSITIVITY_REQUIRED
TIER 2	CAT-T2D	False	4	103388441	104802530	0.0001431518936158	5.2775446412774126e-05	0.0472529339623195	rs223484	5.00449536906797e-06	0.01235192739174306	LEVEL_C_ATLAS_FDR	-0.0195224	-0.0344	POSITIVE_EFFECT_PRODUCT	DIRECTION_CONCORDANT	CONDITIONAL	FINNISH_LD_SENSITIVITY_REQUIRED
TIER 2	CAT-T2D	False	4	103388441	104802530	0.0001431518936158	5.2775446412774126e-05	0.0472529339623195	rs223482	3.46914420358967e-06	0.009458791844722859	LEVEL_C_ATLAS_FDR	-0.0195774	-0.0354	POSITIVE_EFFECT_PRODUCT	DIRECTION_CONCORDANT	CONDITIONAL	FINNISH_LD_SENSITIVITY_REQUIRED
TIER 2	CAT-T2D	False	4	103388441	104802530	0.0001431518936158	5.2775446412774126e-05	0.0472529339623195	rs223481	4.11111719763968e-06	0.01069744005883362	LEVEL_C_ATLAS_FDR	-0.0195164	-0.035	POSITIVE_EFFECT_PRODUCT	DIRECTION_CONCORDANT	CONDITIONAL	FINNISH_LD_SENSITIVITY_REQUIRED
TIER 2	CAT-T2D	False	4	103388441	104802530	0.0001431518936158	5.2775446412774126e-05	0.0472529339623195	rs223480	5.01572754678786e-06	0.012370878857962763	LEVEL_C_ATLAS_FDR	-0.0195164	-0.0344	POSITIVE_EFFECT_PRODUCT	DIRECTION_CONCORDANT	CONDITIONAL	FINNISH_LD_SENSITIVITY_REQUIRED
TIER 2	CAT-T2D	False	4	103388441	104802530	0.0001431518936158	5.2775446412774126e-05	0.0472529339623195	rs150899	4.55752008730724e-06	0.011537448174715208	LEVEL_C_ATLAS_FDR	-0.0195694	-0.0346	POSITIVE_EFFECT_PRODUCT	DIRECTION_CONCORDANT	CONDITIONAL	FINNISH_LD_SENSITIVITY_REQUIRED
TIER 2	CAT-T2D	False	4	103388441	104802530	0.0001431518936158	5.2775446412774126e-05	0.0472529339623195	rs223479	4.93722441860708e-06	0.012238782864097072	LEVEL_C_ATLAS_FDR	-0.0195436	-0.0344	POSITIVE_EFFECT_PRODUCT	DIRECTION_CONCORDANT	CONDITIONAL	FINNISH_LD_SENSITIVITY_REQUIRED
TIER 2	CAT-T2D	False	4	103388441	104802530	0.0001431518936158	5.2775446412774126e-05	0.0472529339623195	rs223477	5.0236498695524e-06	0.012383304541855551	LEVEL_C_ATLAS_FDR	-0.0195137	-0.0344	POSITIVE_EFFECT_PRODUCT	DIRECTION_CONCORDANT	CONDITIONAL	FINNISH_LD_SENSITIVITY_REQUIRED
TIER 2	CAT-T2D	False	4	103388441	104802530	0.0001431518936158	5.2775446412774126e-05	0.0472529339623195	rs150898	4.25743190883317e-06	0.010970792423488683	LEVEL_C_ATLAS_FDR	-0.0195133	-0.0349	POSITIVE_EFFECT_PRODUCT	DIRECTION_CONCORDANT	CONDITIONAL	FINNISH_LD_SENSITIVITY_REQUIRED
TIER 2	CAT-T2D	False	4	103388441	104802530	0.0001431518936158	5.2775446412774126e-05	0.0472529339623195	rs150897	4.7024574748593e-06	0.011795799560647757	LEVEL_C_ATLAS_FDR	-0.0195133	-0.0346	POSITIVE_EFFECT_PRODUCT	DIRECTION_CONCORDANT	CONDITIONAL	FINNISH_LD_SENSITIVITY_REQUIRED
TIER 2	CAT-T2D	False	4	103388441	104802530	0.0001431518936158	5.2775446412774126e-05	0.0472529339623195	rs223476	4.26071286847942e-06	0.010974812246508283	LEVEL_C_ATLAS_FDR	-0.019512	-0.0349	POSITIVE_EFFECT_PRODUCT	DIRECTION_CONCORDANT	CONDITIONAL	FINNISH_LD_SENSITIVITY_REQUIRED
TIER 2	CAT-T2D	False	4	103388441	104802530	0.0001431518936158	5.2775446412774126e-05	0.0472529339623195	rs150896	4.12194390147444e-06	0.010709555661454694	LEVEL_C_ATLAS_FDR	-0.019512	-0.035	POSITIVE_EFFECT_PRODUCT	DIRECTION_CONCORDANT	CONDITIONAL	FINNISH_LD_SENSITIVITY_REQUIRED
TIER 2	CAT-T2D	False	4	103388441	104802530	0.0001431518936158	5.2775446412774126e-05	0.0472529339623195	rs223474	4.54930606635732e-06	0.011523214330586043	LEVEL_C_ATLAS_FDR	-0.0195703	-0.0346	POSITIVE_EFFECT_PRODUCT	DIRECTION_CONCORDANT	CONDITIONAL	FINNISH_LD_SENSITIVITY_REQUIRED
TIER 2	CAT-T2D	False	4	103388441	104802530	0.0001431518936158	5.2775446412774126e-05	0.0472529339623195	rs223473	4.24751263858192e-06	0.01095300256047942	LEVEL_C_ATLAS_FDR	-0.01947	-0.035	POSITIVE_EFFECT_PRODUCT	DIRECTION_CONCORDANT	CONDITIONAL	FINNISH_LD_SENSITIVITY_REQUIRED
TIER 2	CAT-T2D	False	4	103388441	104802530	0.0001431518936158	5.2775446412774126e-05	0.0472529339623195	rs223472	4.55802725938228e-06	0.011537448174715208	LEVEL_C_ATLAS_FDR	-0.0195663	-0.0346	POSITIVE_EFFECT_PRODUCT	DIRECTION_CONCORDANT	CONDITIONAL	FINNISH_LD_SENSITIVITY_REQUIRED
TIER 2	CAT-T2D	False	4	103388441	104802530	0.0001431518936158	5.2775446412774126e-05	0.0472529339623195	rs223467	3.65185651289151e-06	0.009834145315058974	LEVEL_C_ATLAS_FDR	-0.0195475	-0.0353	POSITIVE_EFFECT_PRODUCT	DIRECTION_CONCORDANT	CONDITIONAL	FINNISH_LD_SENSITIVITY_REQUIRED
TIER 2	CAT-T2D	False	4	103388441	104802530	0.0001431518936158	5.2775446412774126e-05	0.0472529339623195	rs223466	3.78292118898046e-06	0.01007609041619462	LEVEL_C_ATLAS_FDR	-0.019544	-0.0352	POSITIVE_EFFECT_PRODUCT	DIRECTION_CONCORDANT	CONDITIONAL	FINNISH_LD_SENSITIVITY_REQUIRED
TIER 2	CAT-T2D	False	4	103388441	104802530	0.0001431518936158	5.2775446412774126e-05	0.0472529339623195	rs223465	4.31978583317551e-06	0.011074379071365954	LEVEL_C_ATLAS_FDR	-0.019544	-0.0348	POSITIVE_EFFECT_PRODUCT	DIRECTION_CONCORDANT	CONDITIONAL	FINNISH_LD_SENSITIVITY_REQUIRED
TIER 2	CAT-T2D	False	4	103388441	104802530	0.0001431518936158	5.2775446412774126e-05	0.0472529339623195	rs223464	4.31978583317551e-06	0.011074379071365954	LEVEL_C_ATLAS_FDR	-0.019544	-0.0348	POSITIVE_EFFECT_PRODUCT	DIRECTION_CONCORDANT	CONDITIONAL	FINNISH_LD_SENSITIVITY_REQUIRED
TIER 2	CAT-T2D	False	4	103388441	104802530	0.0001431518936158	5.2775446412774126e-05	0.0472529339623195	rs223463	4.35177963415669e-06	0.011141588119179691	LEVEL_C_ATLAS_FDR	-0.0195878	-0.0347	POSITIVE_EFFECT_PRODUCT	DIRECTION_CONCORDANT	CONDITIONAL	FINNISH_LD_SENSITIVITY_REQUIRED
TIER 2	CAT-T2D	False	4	103388441	104802530	0.0001431518936158	5.2775446412774126e-05	0.0472529339623195	rs223462	4.31978583317551e-06	0.011074379071365954	LEVEL_C_ATLAS_FDR	-0.019544	-0.0348	POSITIVE_EFFECT_PRODUCT	DIRECTION_CONCORDANT	CONDITIONAL	FINNISH_LD_SENSITIVITY_REQUIRED
TIER 2	CAT-T2D	False	4	103388441	104802530	0.0001431518936158	5.2775446412774126e-05	0.0472529339623195	rs223461	3.78292118898046e-06	0.01007609041619462	LEVEL_C_ATLAS_FDR	-0.019544	-0.0352	POSITIVE_EFFECT_PRODUCT	DIRECTION_CONCORDANT	CONDITIONAL	FINNISH_LD_SENSITIVITY_REQUIRED
TIER 2	CAT-T2D	False	4	103388441	104802530	0.0001431518936158	5.2775446412774126e-05	0.0472529339623195	rs223460	4.3205517196527e-06	0.011075524543598092	LEVEL_C_ATLAS_FDR	-0.0195437	-0.0348	POSITIVE_EFFECT_PRODUCT	DIRECTION_CONCORDANT	CONDITIONAL	FINNISH_LD_SENSITIVITY_REQUIRED
TIER 2	CAT-T2D	False	4	103388441	104802530	0.0001431518936158	5.2775446412774126e-05	0.0472529339623195	rs223459	4.29108894798643e-06	0.011033719859022162	LEVEL_C_ATLAS_FDR	-0.0195552	-0.0348	POSITIVE_EFFECT_PRODUCT	DIRECTION_CONCORDANT	CONDITIONAL	FINNISH_LD_SENSITIVITY_REQUIRED
TIER 2	CAT-T2D	False	4	103388441	104802530	0.0001431518936158	5.2775446412774126e-05	0.0472529339623195	rs223457	4.46038137861074e-06	0.011352459326877494	LEVEL_C_ATLAS_FDR	-0.0193804	-0.035	POSITIVE_EFFECT_PRODUCT	DIRECTION_CONCORDANT	CONDITIONAL	FINNISH_LD_SENSITIVITY_REQUIRED
TIER 2	CAT-T2D	False	4	103388441	104802530	0.0001431518936158	5.2775446412774126e-05	0.0472529339623195	rs223456	8.16333003144008e-06	0.017340617489689646	LEVEL_C_ATLAS_FDR	-0.0195532	-0.0339	POSITIVE_EFFECT_PRODUCT	DIRECTION_CONCORDANT	CONDITIONAL	FINNISH_LD_SENSITIVITY_REQUIRED
TIER 2	CAT-T2D	False	4	103388441	104802530	0.0001431518936158	5.2775446412774126e-05	0.0472529339623195	rs223455	4.11508190614936e-06	0.010702942615117422	LEVEL_C_ATLAS_FDR	-0.0195699	-0.0349	POSITIVE_EFFECT_PRODUCT	DIRECTION_CONCORDANT	CONDITIONAL	FINNISH_LD_SENSITIVITY_REQUIRED
TIER 2	CAT-T2D	False	4	103388441	104802530	0.0001431518936158	5.2775446412774126e-05	0.0472529339623195	rs223454	3.86970364614079e-06	0.010240314370398301	LEVEL_C_ATLAS_FDR	-0.0195078	-0.0352	POSITIVE_EFFECT_PRODUCT	DIRECTION_CONCORDANT	CONDITIONAL	FINNISH_LD_SENSITIVITY_REQUIRED
TIER 2	CAT-T2D	False	4	103388441	104802530	0.0001431518936158	5.2775446412774126e-05	0.0472529339623195	rs223453	4.29152905166772e-06	0.011033719859022162	LEVEL_C_ATLAS_FDR	-0.019555	-0.0348	POSITIVE_EFFECT_PRODUCT	DIRECTION_CONCORDANT	CONDITIONAL	FINNISH_LD_SENSITIVITY_REQUIRED
TIER 2	CAT-T2D	False	4	103388441	104802530	0.0001431518936158	5.2775446412774126e-05	0.0472529339623195	rs223452	4.49034335922282e-06	0.011407994848932249	LEVEL_C_ATLAS_FDR	-0.0195344	-0.0347	POSITIVE_EFFECT_PRODUCT	DIRECTION_CONCORDANT	CONDITIONAL	FINNISH_LD_SENSITIVITY_REQUIRED
TIER 2	CAT-T2D	False	4	103388441	104802530	0.0001431518936158	5.2775446412774126e-05	0.0472529339623195	rs150895	4.02694056579688e-06	0.010536155264357017	LEVEL_C_ATLAS_FDR	-0.0195504	-0.035	POSITIVE_EFFECT_PRODUCT	DIRECTION_CONCORDANT	CONDITIONAL	FINNISH_LD_SENSITIVITY_REQUIRED
TIER 2	CAT-T2D	False	4	103388441	104802530	0.0001431518936158	5.2775446412774126e-05	0.0472529339623195	rs223448	4.58649826697835e-06	0.011588668914534818	LEVEL_C_ATLAS_FDR	-0.0193314	-0.035	POSITIVE_EFFECT_PRODUCT	DIRECTION_CONCORDANT	CONDITIONAL	FINNISH_LD_SENSITIVITY_REQUIRED
TIER 2	CAT-T2D	False	4	103388441	104802530	0.0001431518936158	5.2775446412774126e-05	0.0472529339623195	rs223447	4.24323295924396e-06	0.010945069867264534	LEVEL_C_ATLAS_FDR	-0.0195741	-0.0348	POSITIVE_EFFECT_PRODUCT	DIRECTION_CONCORDANT	CONDITIONAL	FINNISH_LD_SENSITIVITY_REQUIRED
TIER 2	CAT-T2D	False	4	103388441	104802530	0.0001431518936158	5.2775446412774126e-05	0.0472529339623195	rs223446	4.14801439184851e-06	0.010766814818923979	LEVEL_C_ATLAS_FDR	-0.0195565	-0.0349	POSITIVE_EFFECT_PRODUCT	DIRECTION_CONCORDANT	CONDITIONAL	FINNISH_LD_SENSITIVITY_REQUIRED
TIER 2	CAT-T2D	False	4	103388441	104802530	0.0001431518936158	5.2775446412774126e-05	0.0472529339623195	rs223445	4.15186944925069e-06	0.010772793403653563	LEVEL_C_ATLAS_FDR	-0.0195548	-0.0349	POSITIVE_EFFECT_PRODUCT	DIRECTION_CONCORDANT	CONDITIONAL	FINNISH_LD_SENSITIVITY_REQUIRED
TIER 2	CAT-T2D	False	4	103388441	104802530	0.0001431518936158	5.2775446412774126e-05	0.0472529339623195	rs223443	4.57129843261728e-06	0.011560361468620684	LEVEL_C_ATLAS_FDR	-0.0195068	-0.0347	POSITIVE_EFFECT_PRODUCT	DIRECTION_CONCORDANT	CONDITIONAL	FINNISH_LD_SENSITIVITY_REQUIRED
TIER 2	CAT-T2D	False	4	103388441	104802530	0.0001431518936158	5.2775446412774126e-05	0.0472529339623195	rs223441	3.75835716002368e-06	0.010026049123744645	LEVEL_C_ATLAS_FDR	-0.0195548	-0.0352	POSITIVE_EFFECT_PRODUCT	DIRECTION_CONCORDANT	CONDITIONAL	FINNISH_LD_SENSITIVITY_REQUIRED
TIER 2	CAT-T2D	False	4	103388441	104802530	0.0001431518936158	5.2775446412774126e-05	0.0472529339623195	rs223438	4.50284373464351e-06	0.011431386151718731	LEVEL_C_ATLAS_FDR	-0.01953	-0.0347	POSITIVE_EFFECT_PRODUCT	DIRECTION_CONCORDANT	CONDITIONAL	FINNISH_LD_SENSITIVITY_REQUIRED
TIER 2	CAT-T2D	False	4	103388441	104802530	0.0001431518936158	5.2775446412774126e-05	0.0472529339623195	rs223437	4.44035861676229e-06	0.011319945537311481	LEVEL_C_ATLAS_FDR	-0.0195535	-0.0347	POSITIVE_EFFECT_PRODUCT	DIRECTION_CONCORDANT	CONDITIONAL	FINNISH_LD_SENSITIVITY_REQUIRED
TIER 2	CAT-T2D	False	4	103388441	104802530	0.0001431518936158	5.2775446412774126e-05	0.0472529339623195	rs223436	3.89248336218603e-06	0.010282701609837089	LEVEL_C_ATLAS_FDR	-0.0195517	-0.0351	POSITIVE_EFFECT_PRODUCT	DIRECTION_CONCORDANT	CONDITIONAL	FINNISH_LD_SENSITIVITY_REQUIRED
TIER 2	CAT-T2D	False	4	103388441	104802530	0.0001431518936158	5.2775446412774126e-05	0.0472529339623195	rs223434	1.10372078693423e-05	0.021439295145462653	LEVEL_C_ATLAS_FDR	-0.0179164	-0.0349	POSITIVE_EFFECT_PRODUCT	DIRECTION_CONCORDANT	CONDITIONAL	FINNISH_LD_SENSITIVITY_REQUIRED
TIER 2	CAT-T2D	False	4	103388441	104802530	0.0001431518936158	5.2775446412774126e-05	0.0472529339623195	rs65671	4.44304541910492e-06	0.011324300014844156	LEVEL_C_ATLAS_FDR	-0.0195525	-0.0347	POSITIVE_EFFECT_PRODUCT	DIRECTION_CONCORDANT	CONDITIONAL	FINNISH_LD_SENSITIVITY_REQUIRED
TIER 2	CAT-T2D	False	4	103388441	104802530	0.0001431518936158	5.2775446412774126e-05	0.0472529339623195	rs223426	4.7952897804405e-06	0.011974148700852987	LEVEL_C_ATLAS_FDR	-0.0195991	-0.0344	POSITIVE_EFFECT_PRODUCT	DIRECTION_CONCORDANT	CONDITIONAL	FINNISH_LD_SENSITIVITY_REQUIRED
TIER 2	CAT-T2D	False	4	103388441	104802530	0.0001431518936158	5.2775446412774126e-05	0.0472529339623195	rs223425	4.4454025878519e-06	0.011326149679031741	LEVEL_C_ATLAS_FDR	-0.0195516	-0.0347	POSITIVE_EFFECT_PRODUCT	DIRECTION_CONCORDANT	CONDITIONAL	FINNISH_LD_SENSITIVITY_REQUIRED
TIER 2	CAT-T2D	False	4	103388441	104802530	0.0001431518936158	5.2775446412774126e-05	0.0472529339623195	rs223424	3.96985192931161e-06	0.01043309307505134	LEVEL_C_ATLAS_FDR	-0.0195743	-0.035	POSITIVE_EFFECT_PRODUCT	DIRECTION_CONCORDANT	CONDITIONAL	FINNISH_LD_SENSITIVITY_REQUIRED
TIER 2	CAT-T2D	False	4	103388441	104802530	0.0001431518936158	5.2775446412774126e-05	0.0472529339623195	rs223423	3.80517906978408e-06	0.010122947508883182	LEVEL_C_ATLAS_FDR	-0.0196521	-0.035	POSITIVE_EFFECT_PRODUCT	DIRECTION_CONCORDANT	CONDITIONAL	FINNISH_LD_SENSITIVITY_REQUIRED
TIER 2	CAT-T2D	False	4	103388441	104802530	0.0001431518936158	5.2775446412774126e-05	0.0472529339623195	rs223422	1.01912504202062e-05	0.020302776999889225	LEVEL_C_ATLAS_FDR	-0.0180426	-0.0349	POSITIVE_EFFECT_PRODUCT	DIRECTION_CONCORDANT	CONDITIONAL	FINNISH_LD_SENSITIVITY_REQUIRED
TIER 2	CAT-T2D	False	4	103388441	104802530	0.0001431518936158	5.2775446412774126e-05	0.0472529339623195	rs223420	1.2939594911378e-05	0.024021568345646598	LEVEL_C_ATLAS_FDR	-0.0177908	-0.0346	POSITIVE_EFFECT_PRODUCT	DIRECTION_CONCORDANT	CONDITIONAL	FINNISH_LD_SENSITIVITY_REQUIRED
TIER 2	CAT-T2D	False	4	103388441	104802530	0.0001431518936158	5.2775446412774126e-05	0.0472529339623195	rs223418	9.734096677862e-06	0.01967547922416326	LEVEL_C_ATLAS_FDR	-0.0179619	-0.0352	POSITIVE_EFFECT_PRODUCT	DIRECTION_CONCORDANT	CONDITIONAL	FINNISH_LD_SENSITIVITY_REQUIRED
TIER 2	CAT-T2D	False	4	103388441	104802530	0.0001431518936158	5.2775446412774126e-05	0.0472529339623195	rs223417	1.02091388182469e-05	0.020318589707057255	LEVEL_C_ATLAS_FDR	-0.0179849	-0.035	POSITIVE_EFFECT_PRODUCT	DIRECTION_CONCORDANT	CONDITIONAL	FINNISH_LD_SENSITIVITY_REQUIRED
TIER 2	CAT-T2D	False	4	103388441	104802530	0.0001431518936158	5.2775446412774126e-05	0.0472529339623195	rs223416	1.05271530864407e-05	0.020745732808106692	LEVEL_C_ATLAS_FDR	-0.0179849	-0.0349	POSITIVE_EFFECT_PRODUCT	DIRECTION_CONCORDANT	CONDITIONAL	FINNISH_LD_SENSITIVITY_REQUIRED
TIER 2	CAT-T2D	False	4	103388441	104802530	0.0001431518936158	5.2775446412774126e-05	0.0472529339623195	rs223415	1.11932396658054e-05	0.021643066651881607	LEVEL_C_ATLAS_FDR	-0.0179856	-0.0347	POSITIVE_EFFECT_PRODUCT	DIRECTION_CONCORDANT	CONDITIONAL	FINNISH_LD_SENSITIVITY_REQUIRED
TIER 2	CAT-T2D	False	4	103388441	104802530	0.0001431518936158	5.2775446412774126e-05	0.0472529339623195	rs149576	2.08326237301041e-05	0.0335172978818892	LEVEL_C_ATLAS_FDR	-0.0179849	-0.0337	POSITIVE_EFFECT_PRODUCT	DIRECTION_CONCORDANT	CONDITIONAL	FINNISH_LD_SENSITIVITY_REQUIRED
TIER 2	CAT-T2D	False	4	103388441	104802530	0.0001431518936158	5.2775446412774126e-05	0.0472529339623195	rs223414	2.17867815460875e-05	0.03455275450478363	LEVEL_C_ATLAS_FDR	-0.0179583	-0.0336	POSITIVE_EFFECT_PRODUCT	DIRECTION_CONCORDANT	CONDITIONAL	FINNISH_LD_SENSITIVITY_REQUIRED
TIER 2	CAT-T2D	False	4	103388441	104802530	0.0001431518936158	5.2775446412774126e-05	0.0472529339623195	rs223412	5.63793465434013e-06	0.013423573207306376	LEVEL_C_ATLAS_FDR	-0.0189302	-0.0351	POSITIVE_EFFECT_PRODUCT	DIRECTION_CONCORDANT	CONDITIONAL	FINNISH_LD_SENSITIVITY_REQUIRED
TIER 2	CAT-T2D	False	4	103388441	104802530	0.0001431518936158	5.2775446412774126e-05	0.0472529339623195	rs223410	1.08543226873864e-05	0.021212248024460072	LEVEL_C_ATLAS_FDR	-0.017985	-0.0348	POSITIVE_EFFECT_PRODUCT	DIRECTION_CONCORDANT	CONDITIONAL	FINNISH_LD_SENSITIVITY_REQUIRED
TIER 2	CAT-T2D	False	4	103388441	104802530	0.0001431518936158	5.2775446412774126e-05	0.0472529339623195	rs223409	9.98791231711846e-06	0.020026419594874747	LEVEL_C_ATLAS_FDR	-0.0180784	-0.0349	POSITIVE_EFFECT_PRODUCT	DIRECTION_CONCORDANT	CONDITIONAL	FINNISH_LD_SENSITIVITY_REQUIRED
TIER 2	CAT-T2D	False	4	103388441	104802530	0.0001431518936158	5.2775446412774126e-05	0.0472529339623195	rs223407	1.11971802923858e-05	0.02164751904366309	LEVEL_C_ATLAS_FDR	-0.0179843	-0.0347	POSITIVE_EFFECT_PRODUCT	DIRECTION_CONCORDANT	CONDITIONAL	FINNISH_LD_SENSITIVITY_REQUIRED
TIER 2	CAT-T2D	False	4	103388441	104802530	0.0001431518936158	5.2775446412774126e-05	0.0472529339623195	rs223406	1.05307612985915e-05	0.020751665333254236	LEVEL_C_ATLAS_FDR	-0.0179843	-0.0349	POSITIVE_EFFECT_PRODUCT	DIRECTION_CONCORDANT	CONDITIONAL	FINNISH_LD_SENSITIVITY_REQUIRED
TIER 2	CAT-T2D	False	4	103388441	104802530	0.0001431518936158	5.2775446412774126e-05	0.0472529339623195	rs223405	1.11971802923858e-05	0.02164751904366309	LEVEL_C_ATLAS_FDR	-0.0179843	-0.0347	POSITIVE_EFFECT_PRODUCT	DIRECTION_CONCORDANT	CONDITIONAL	FINNISH_LD_SENSITIVITY_REQUIRED
TIER 2	CAT-T2D	False	4	103388441	104802530	0.0001431518936158	5.2775446412774126e-05	0.0472529339623195	rs223404	1.00660353105493e-05	0.02013063383290057	LEVEL_C_ATLAS_FDR	-0.0180095	-0.035	POSITIVE_EFFECT_PRODUCT	DIRECTION_CONCORDANT	CONDITIONAL	FINNISH_LD_SENSITIVITY_REQUIRED
TIER 2	CAT-T2D	False	4	103388441	104802530	0.0001431518936158	5.2775446412774126e-05	0.0472529339623195	rs223403	1.02216240006122e-05	0.020334111120153275	LEVEL_C_ATLAS_FDR	-0.0181921	-0.0346	POSITIVE_EFFECT_PRODUCT	DIRECTION_CONCORDANT	CONDITIONAL	FINNISH_LD_SENSITIVITY_REQUIRED
TIER 2	CAT-T2D	False	4	103388441	104802530	0.0001431518936158	5.2775446412774126e-05	0.0472529339623195	rs223402	1.02216240006122e-05	0.020334111120153275	LEVEL_C_ATLAS_FDR	-0.0181921	-0.0346	POSITIVE_EFFECT_PRODUCT	DIRECTION_CONCORDANT	CONDITIONAL	FINNISH_LD_SENSITIVITY_REQUIRED
TIER 2	CAT-T2D	False	4	103388441	104802530	0.0001431518936158	5.2775446412774126e-05	0.0472529339623195	rs223399	9.90061654837792e-06	0.019908886098937765	LEVEL_C_ATLAS_FDR	-0.0180888	-0.0349	POSITIVE_EFFECT_PRODUCT	DIRECTION_CONCORDANT	CONDITIONAL	FINNISH_LD_SENSITIVITY_REQUIRED
TIER 2	CAT-T2D	False	4	103388441	104802530	0.0001431518936158	5.2775446412774126e-05	0.0472529339623195	rs223398	1.08620582028412e-05	0.021219437021825858	LEVEL_C_ATLAS_FDR	-0.0179838	-0.0348	POSITIVE_EFFECT_PRODUCT	DIRECTION_CONCORDANT	CONDITIONAL	FINNISH_LD_SENSITIVITY_REQUIRED
TIER 2	CAT-T2D	False	4	103388441	104802530	0.0001431518936158	5.2775446412774126e-05	0.0472529339623195	rs223397	1.02102136712175e-05	0.02031956387170885	LEVEL_C_ATLAS_FDR	-0.0180375	-0.0349	POSITIVE_EFFECT_PRODUCT	DIRECTION_CONCORDANT	CONDITIONAL	FINNISH_LD_SENSITIVITY_REQUIRED
TIER 2	CAT-T2D	False	4	103388441	104802530	0.0001431518936158	5.2775446412774126e-05	0.0472529339623195	rs223396	1.01129248700581e-05	0.02019425724905346	LEVEL_C_ATLAS_FDR	-0.0181062	-0.0348	POSITIVE_EFFECT_PRODUCT	DIRECTION_CONCORDANT	CONDITIONAL	FINNISH_LD_SENSITIVITY_REQUIRED
TIER 2	CAT-T2D	False	4	103388441	104802530	0.0001431518936158	5.2775446412774126e-05	0.0472529339623195	rs223395	1.02156959950303e-05	0.02032707455060639	LEVEL_C_ATLAS_FDR	-0.0179838	-0.035	POSITIVE_EFFECT_PRODUCT	DIRECTION_CONCORDANT	CONDITIONAL	FINNISH_LD_SENSITIVITY_REQUIRED
TIER 2	CAT-T2D	False	4	103388441	104802530	0.0001431518936158	5.2775446412774126e-05	0.0472529339623195	rs223392	1.08639929471902e-05	0.021219437021825858	LEVEL_C_ATLAS_FDR	-0.0179835	-0.0348	POSITIVE_EFFECT_PRODUCT	DIRECTION_CONCORDANT	CONDITIONAL	FINNISH_LD_SENSITIVITY_REQUIRED
TIER 2	CAT-T2D	False	4	103388441	104802530	0.0001431518936158	5.2775446412774126e-05	0.0472529339623195	rs223390	8.74479664934127e-06	0.018193881735420327	LEVEL_C_ATLAS_FDR	-0.018367	-0.0348	POSITIVE_EFFECT_PRODUCT	DIRECTION_CONCORDANT	CONDITIONAL	FINNISH_LD_SENSITIVITY_REQUIRED
TIER 2	CAT-T2D	False	4	103388441	104802530	0.0001431518936158	5.2775446412774126e-05	0.0472529339623195	rs223388	9.66444243711117e-06	0.019570482637552976	LEVEL_C_ATLAS_FDR	-0.0179753	-0.0352	POSITIVE_EFFECT_PRODUCT	DIRECTION_CONCORDANT	CONDITIONAL	FINNISH_LD_SENSITIVITY_REQUIRED
TIER 2	CAT-T2D	False	4	103388441	104802530	0.0001431518936158	5.2775446412774126e-05	0.0472529339623195	rs223386	1.11190478334142e-05	0.021545784697368234	LEVEL_C_ATLAS_FDR	-0.0178952	-0.0349	POSITIVE_EFFECT_PRODUCT	DIRECTION_CONCORDANT	CONDITIONAL	FINNISH_LD_SENSITIVITY_REQUIRED
TIER 2	CAT-T2D	False	4	103388441	104802530	0.0001431518936158	5.2775446412774126e-05	0.0472529339623195	rs223385	1.02169156380152e-05	0.02032707455060639	LEVEL_C_ATLAS_FDR	-0.0179836	-0.035	POSITIVE_EFFECT_PRODUCT	DIRECTION_CONCORDANT	CONDITIONAL	FINNISH_LD_SENSITIVITY_REQUIRED
TIER 2	CAT-T2D	False	4	103388441	104802530	0.0001431518936158	5.2775446412774126e-05	0.0472529339623195	rs223383	1.02169156380152e-05	0.02032707455060639	LEVEL_C_ATLAS_FDR	-0.0179836	-0.035	POSITIVE_EFFECT_PRODUCT	DIRECTION_CONCORDANT	CONDITIONAL	FINNISH_LD_SENSITIVITY_REQUIRED
TIER 2	CAT-T2D	False	4	103388441	104802530	0.0001431518936158	5.2775446412774126e-05	0.0472529339623195	rs50034	1.05351504428807e-05	0.02075299466912347	LEVEL_C_ATLAS_FDR	-0.0179836	-0.0349	POSITIVE_EFFECT_PRODUCT	DIRECTION_CONCORDANT	CONDITIONAL	FINNISH_LD_SENSITIVITY_REQUIRED
TIER 2	CAT-T2D	False	4	103388441	104802530	0.0001431518936158	5.2775446412774126e-05	0.0472529339623195	rs223381	1.08633479939304e-05	0.021219437021825858	LEVEL_C_ATLAS_FDR	-0.0179836	-0.0348	POSITIVE_EFFECT_PRODUCT	DIRECTION_CONCORDANT	CONDITIONAL	FINNISH_LD_SENSITIVITY_REQUIRED
TIER 2	CAT-T2D	False	4	103388441	104802530	0.0001431518936158	5.2775446412774126e-05	0.0472529339623195	rs223380	1.05351504428807e-05	0.02075299466912347	LEVEL_C_ATLAS_FDR	-0.0179836	-0.0349	POSITIVE_EFFECT_PRODUCT	DIRECTION_CONCORDANT	CONDITIONAL	FINNISH_LD_SENSITIVITY_REQUIRED
TIER 2	CAT-T2D	False	4	103388441	104802530	0.0001431518936158	5.2775446412774126e-05	0.0472529339623195	rs223378	2.63809214741234e-05	0.03938222626064612	LEVEL_C_ATLAS_FDR	-0.0179895	-0.0339	POSITIVE_EFFECT_PRODUCT	DIRECTION_CONCORDANT	CONDITIONAL	FINNISH_LD_SENSITIVITY_REQUIRED
TIER 2	CAT-T2D	False	4	103388441	104802530	0.0001431518936158	5.2775446412774126e-05	0.0472529339623195	rs223377	9.90833963586764e-06	0.019919800376751316	LEVEL_C_ATLAS_FDR	-0.0179836	-0.0351	POSITIVE_EFFECT_PRODUCT	DIRECTION_CONCORDANT	CONDITIONAL	FINNISH_LD_SENSITIVITY_REQUIRED
TIER 2	CAT-T2D	False	4	103388441	104802530	0.0001431518936158	5.2775446412774126e-05	0.0472529339623195	rs223375	1.08633479939304e-05	0.021219437021825858	LEVEL_C_ATLAS_FDR	-0.0179836	-0.0348	POSITIVE_EFFECT_PRODUCT	DIRECTION_CONCORDANT	CONDITIONAL	FINNISH_LD_SENSITIVITY_REQUIRED
TIER 2	CAT-T2D	False	4	103388441	104802530	0.0001431518936158	5.2775446412774126e-05	0.0472529339623195	rs223372	1.05211929720067e-05	0.02073751927781688	LEVEL_C_ATLAS_FDR	-0.0179859	-0.0349	POSITIVE_EFFECT_PRODUCT	DIRECTION_CONCORDANT	CONDITIONAL	FINNISH_LD_SENSITIVITY_REQUIRED
TIER 2	CAT-T2D	False	4	103388441	104802530	0.0001431518936158	5.2775446412774126e-05	0.0472529339623195	rs223371	1.05732343111306e-05	0.02080132412001338	LEVEL_C_ATLAS_FDR	-0.0180814	-0.0347	POSITIVE_EFFECT_PRODUCT	DIRECTION_CONCORDANT	CONDITIONAL	FINNISH_LD_SENSITIVITY_REQUIRED
TIER 2	CAT-T2D	False	4	103388441	104802530	0.0001431518936158	5.2775446412774126e-05	0.0472529339623195	rs223370	2.13425600644673e-06	0.006639497595548246	LEVEL_C_ATLAS_FDR	-0.0238553	-0.0423	POSITIVE_EFFECT_PRODUCT	DIRECTION_CONCORDANT	CONDITIONAL	FINNISH_LD_SENSITIVITY_REQUIRED
TIER 2	CAT-T2D	False	4	103388441	104802530	0.0001431518936158	5.2775446412774126e-05	0.0472529339623195	rs223368	1.27126253819007e-05	0.02370935298724782	LEVEL_C_ATLAS_FDR	-0.0178229	-0.0346	POSITIVE_EFFECT_PRODUCT	DIRECTION_CONCORDANT	CONDITIONAL	FINNISH_LD_SENSITIVITY_REQUIRED
TIER 2	CAT-T2D	False	4	103388441	104802530	0.0001431518936158	5.2775446412774126e-05	0.0472529339623195	rs223367	1.13592986160004e-05	0.021860648685026702	LEVEL_C_ATLAS_FDR	-0.0178585	-0.0349	POSITIVE_EFFECT_PRODUCT	DIRECTION_CONCORDANT	CONDITIONAL	FINNISH_LD_SENSITIVITY_REQUIRED
TIER 2	CAT-T2D	False	4	103388441	104802530	0.0001431518936158	5.2775446412774126e-05	0.0472529339623195	rs223365	1.16543521701897e-05	0.022252053333804464	LEVEL_C_ATLAS_FDR	-0.0179702	-0.0346	POSITIVE_EFFECT_PRODUCT	DIRECTION_CONCORDANT	CONDITIONAL	FINNISH_LD_SENSITIVITY_REQUIRED
TIER 2	CAT-T2D	False	4	103388441	104802530	0.0001431518936158	5.2775446412774126e-05	0.0472529339623195	rs223363	1.28285720618007e-05	0.023870356125613463	LEVEL_C_ATLAS_FDR	-0.0178583	-0.0345	POSITIVE_EFFECT_PRODUCT	DIRECTION_CONCORDANT	CONDITIONAL	FINNISH_LD_SENSITIVITY_REQUIRED
TIER 2	CAT-T2D	False	4	103388441	104802530	0.0001431518936158	5.2775446412774126e-05	0.0472529339623195	rs223362	1.21997381460997e-05	0.023017468651634496	LEVEL_C_ATLAS_FDR	-0.0179986	-0.0344	POSITIVE_EFFECT_PRODUCT	DIRECTION_CONCORDANT	CONDITIONAL	FINNISH_LD_SENSITIVITY_REQUIRED
TIER 2	CAT-T2D	False	4	103388441	104802530	0.0001431518936158	5.2775446412774126e-05	0.0472529339623195	rs223360	1.30614853589312e-05	0.024171579095146913	LEVEL_C_ATLAS_FDR	-0.0178797	-0.0344	POSITIVE_EFFECT_PRODUCT	DIRECTION_CONCORDANT	CONDITIONAL	FINNISH_LD_SENSITIVITY_REQUIRED
TIER 2	CAT-T2D	False	4	103388441	104802530	0.0001431518936158	5.2775446412774126e-05	0.0472529339623195	rs223359	1.14116290233331e-05	0.02193460310774215	LEVEL_C_ATLAS_FDR	-0.0180077	-0.0346	POSITIVE_EFFECT_PRODUCT	DIRECTION_CONCORDANT	CONDITIONAL	FINNISH_LD_SENSITIVITY_REQUIRED
TIER 2	CAT-T2D	False	4	103388441	104802530	0.0001431518936158	5.2775446412774126e-05	0.0472529339623195	rs223357	1.15959949118828e-05	0.02216989701469611	LEVEL_C_ATLAS_FDR	-0.0179779	-0.0346	POSITIVE_EFFECT_PRODUCT	DIRECTION_CONCORDANT	CONDITIONAL	FINNISH_LD_SENSITIVITY_REQUIRED
TIER 2	CAT-T2D	False	4	103388441	104802530	0.0001431518936158	5.2775446412774126e-05	0.0472529339623195	rs223356	1.34484775812397e-05	0.024647828455576847	LEVEL_C_ATLAS_FDR	-0.017882	-0.0343	POSITIVE_EFFECT_PRODUCT	DIRECTION_CONCORDANT	CONDITIONAL	FINNISH_LD_SENSITIVITY_REQUIRED
TIER 2	CAT-T2D	False	4	103388441	104802530	0.0001431518936158	5.2775446412774126e-05	0.0472529339623195	rs223353	1.24559716402607e-05	0.023362398063508445	LEVEL_C_ATLAS_FDR	-0.0179605	-0.0344	POSITIVE_EFFECT_PRODUCT	DIRECTION_CONCORDANT	CONDITIONAL	FINNISH_LD_SENSITIVITY_REQUIRED
TIER 2	CAT-T2D	False	4	103388441	104802530	0.0001431518936158	5.2775446412774126e-05	0.0472529339623195	rs223352	1.35067790064821e-05	0.02473062595274758	LEVEL_C_ATLAS_FDR	-0.0179795	-0.0341	POSITIVE_EFFECT_PRODUCT	DIRECTION_CONCORDANT	CONDITIONAL	FINNISH_LD_SENSITIVITY_REQUIRED
TIER 2	CAT-T2D	False	4	103388441	104802530	0.0001431518936158	5.2775446412774126e-05	0.0472529339623195	rs223351	2.09490000596347e-05	0.033634381201388605	LEVEL_C_ATLAS_FDR	-0.0171262	-0.0343	POSITIVE_EFFECT_PRODUCT	DIRECTION_CONCORDANT	CONDITIONAL	FINNISH_LD_SENSITIVITY_REQUIRED
TIER 2	CAT-T2D	False	4	103388441	104802530	0.0001431518936158	5.2775446412774126e-05	0.0472529339623195	rs223350	3.55266724416021e-05	0.04816964390783445	LEVEL_C_ATLAS_FDR	-0.0159758	-0.0349	POSITIVE_EFFECT_PRODUCT	DIRECTION_CONCORDANT	CONDITIONAL	FINNISH_LD_SENSITIVITY_REQUIRED
TIER 2	CAT-T2D	False	4	103388441	104802530	0.0001431518936158	5.2775446412774126e-05	0.0472529339623195	rs223349	1.45589035737439e-05	0.026045519768543024	LEVEL_C_ATLAS_FDR	-0.0177461	-0.0343	POSITIVE_EFFECT_PRODUCT	DIRECTION_CONCORDANT	CONDITIONAL	FINNISH_LD_SENSITIVITY_REQUIRED
TIER 2	CAT-T2D	False	4	103388441	104802530	0.0001431518936158	5.2775446412774126e-05	0.0472529339623195	rs223348	1.00810150116959e-05	0.020152564412429425	LEVEL_C_ATLAS_FDR	-0.0192463	-0.0329	POSITIVE_EFFECT_PRODUCT	DIRECTION_CONCORDANT	CONDITIONAL	FINNISH_LD_SENSITIVITY_REQUIRED
TIER 2	CAT-T2D	False	4	103388441	104802530	0.0001431518936158	5.2775446412774126e-05	0.0472529339623195	rs223347	9.89524568310092e-06	0.01990178384977854	LEVEL_C_ATLAS_FDR	-0.0190511	-0.0333	POSITIVE_EFFECT_PRODUCT	DIRECTION_CONCORDANT	CONDITIONAL	FINNISH_LD_SENSITIVITY_REQUIRED
TIER 2	CAT-T2D	False	4	103388441	104802530	0.0001431518936158	5.2775446412774126e-05	0.0472529339623195	rs223346	1.08108823916437e-05	0.021144019780847928	LEVEL_C_ATLAS_FDR	-0.0188937	-0.0333	POSITIVE_EFFECT_PRODUCT	DIRECTION_CONCORDANT	CONDITIONAL	FINNISH_LD_SENSITIVITY_REQUIRED
TIER 2	CAT-T2D	False	4	103388441	104802530	0.0001431518936158	5.2775446412774126e-05	0.0472529339623195	rs223345	1.01614608413603e-05	0.02026203697387425	LEVEL_C_ATLAS_FDR	-0.0188899	-0.0335	POSITIVE_EFFECT_PRODUCT	DIRECTION_CONCORDANT	CONDITIONAL	FINNISH_LD_SENSITIVITY_REQUIRED
TIER 2	CAT-T2D	False	4	103388441	104802530	0.0001431518936158	5.2775446412774126e-05	0.0472529339623195	rs223344	8.57315973819962e-06	0.017932444386370882	LEVEL_C_ATLAS_FDR	-0.0192514	-0.0334	POSITIVE_EFFECT_PRODUCT	DIRECTION_CONCORDANT	CONDITIONAL	FINNISH_LD_SENSITIVITY_REQUIRED
TIER 2	CAT-T2D	False	4	103388441	104802530	0.0001431518936158	5.2775446412774126e-05	0.0472529339623195	rs223343	1.08243756280937e-05	0.021162063429580262	LEVEL_C_ATLAS_FDR	-0.0187711	-0.0335	POSITIVE_EFFECT_PRODUCT	DIRECTION_CONCORDANT	CONDITIONAL	FINNISH_LD_SENSITIVITY_REQUIRED
TIER 2	CAT-T2D	False	4	103388441	104802530	0.0001431518936158	5.2775446412774126e-05	0.0472529339623195	rs223342	2.09627877238102e-05	0.03365029202651829	LEVEL_C_ATLAS_FDR	-0.0177454	-0.0331	POSITIVE_EFFECT_PRODUCT	DIRECTION_CONCORDANT	CONDITIONAL	FINNISH_LD_SENSITIVITY_REQUIRED
TIER 2	CAT-T2D	False	4	103388441	104802530	0.0001431518936158	5.2775446412774126e-05	0.0472529339623195	rs223339	1.43282361473532e-05	0.02576879444985742	LEVEL_C_ATLAS_FDR	-0.017722	-0.0344	POSITIVE_EFFECT_PRODUCT	DIRECTION_CONCORDANT	CONDITIONAL	FINNISH_LD_SENSITIVITY_REQUIRED
TIER 2	CAT-T2D	False	4	103388441	104802530	0.0001431518936158	5.2775446412774126e-05	0.0472529339623195	rs223338	1.56907941123557e-05	0.027474479178101335	LEVEL_C_ATLAS_FDR	-0.017722	-0.0341	POSITIVE_EFFECT_PRODUCT	DIRECTION_CONCORDANT	CONDITIONAL	FINNISH_LD_SENSITIVITY_REQUIRED
TIER 2	CAT-T2D	False	4	103388441	104802530	0.0001431518936158	5.2775446412774126e-05	0.0472529339623195	rs223337	1.47851188018394e-05	0.0263282485596539	LEVEL_C_ATLAS_FDR	-0.0177207	-0.0343	POSITIVE_EFFECT_PRODUCT	DIRECTION_CONCORDANT	CONDITIONAL	FINNISH_LD_SENSITIVITY_REQUIRED
TIER 2	CAT-T2D	False	4	103388441	104802530	0.0001431518936158	5.2775446412774126e-05	0.0472529339623195	rs223336	1.61742780360679e-05	0.0280498997782861	LEVEL_C_ATLAS_FDR	-0.0177219	-0.034	POSITIVE_EFFECT_PRODUCT	DIRECTION_CONCORDANT	CONDITIONAL	FINNISH_LD_SENSITIVITY_REQUIRED
TIER 2	CAT-T2D	False	4	103388441	104802530	0.0001431518936158	5.2775446412774126e-05	0.0472529339623195	rs223335	1.42532269252259e-05	0.02568014533621178	LEVEL_C_ATLAS_FDR	-0.0177311	-0.0344	POSITIVE_EFFECT_PRODUCT	DIRECTION_CONCORDANT	CONDITIONAL	FINNISH_LD_SENSITIVITY_REQUIRED
TIER 2	CAT-T2D	False	4	103388441	104802530	0.0001431518936158	5.2775446412774126e-05	0.0472529339623195	rs223334	1.3205570380147e-05	0.024334976833593727	LEVEL_C_ATLAS_FDR	-0.0177585	-0.0346	POSITIVE_EFFECT_PRODUCT	DIRECTION_CONCORDANT	CONDITIONAL	FINNISH_LD_SENSITIVITY_REQUIRED
TIER 2	CAT-T2D	False	4	103388441	104802530	0.0001431518936158	5.2775446412774126e-05	0.0472529339623195	rs223333	1.33481711955253e-05	0.02451412332972611	LEVEL_C_ATLAS_FDR	-0.0177414	-0.0346	POSITIVE_EFFECT_PRODUCT	DIRECTION_CONCORDANT	CONDITIONAL	FINNISH_LD_SENSITIVITY_REQUIRED
TIER 2	CAT-T2D	False	4	103388441	104802530	0.0001431518936158	5.2775446412774126e-05	0.0472529339623195	rs223332	1.24474007093042e-05	0.0233536928714454	LEVEL_C_ATLAS_FDR	-0.0180136	-0.0343	POSITIVE_EFFECT_PRODUCT	DIRECTION_CONCORDANT	CONDITIONAL	FINNISH_LD_SENSITIVITY_REQUIRED
TIER 2	CAT-T2D	False	4	103388441	104802530	0.0001431518936158	5.2775446412774126e-05	0.0472529339623195	rs223330	1.36041333465951e-05	0.024869525019510837	LEVEL_C_ATLAS_FDR	-0.0180195	-0.034	POSITIVE_EFFECT_PRODUCT	DIRECTION_CONCORDANT	CONDITIONAL	FINNISH_LD_SENSITIVITY_REQUIRED
TIER 2	CAT-T2D	False	4	103388441	104802530	0.0001431518936158	5.2775446412774126e-05	0.0472529339623195	rs223328	1.28096493919197e-05	0.02384715515032336	LEVEL_C_ATLAS_FDR	-0.0180196	-0.0342	POSITIVE_EFFECT_PRODUCT	DIRECTION_CONCORDANT	CONDITIONAL	FINNISH_LD_SENSITIVITY_REQUIRED
TIER 2	CAT-T2D	False	4	103388441	104802530	0.0001431518936158	5.2775446412774126e-05	0.0472529339623195	rs223325	1.22182931894654e-05	0.023042814867158846	LEVEL_C_ATLAS_FDR	-0.0180455	-0.0343	POSITIVE_EFFECT_PRODUCT	DIRECTION_CONCORDANT	CONDITIONAL	FINNISH_LD_SENSITIVITY_REQUIRED
TIER 2	CAT-T2D	False	4	103388441	104802530	0.0001431518936158	5.2775446412774126e-05	0.0472529339623195	rs223324	1.34722426330358e-05	0.024683014394393448	LEVEL_C_ATLAS_FDR	-0.0180364	-0.034	POSITIVE_EFFECT_PRODUCT	DIRECTION_CONCORDANT	CONDITIONAL	FINNISH_LD_SENSITIVITY_REQUIRED
TIER 2	CAT-T2D	False	4	103388441	104802530	0.0001431518936158	5.2775446412774126e-05	0.0472529339623195	rs2850599	1.30237330161348e-05	0.0241261533376686	LEVEL_C_ATLAS_FDR	-0.0180418	-0.0341	POSITIVE_EFFECT_PRODUCT	DIRECTION_CONCORDANT	CONDITIONAL	FINNISH_LD_SENSITIVITY_REQUIRED
TIER 2	CAT-T2D	False	4	103388441	104802530	0.0001431518936158	5.2775446412774126e-05	0.0472529339623195	rs223323	1.34216646405531e-05	0.02461243292391719	LEVEL_C_ATLAS_FDR	-0.018043	-0.034	POSITIVE_EFFECT_PRODUCT	DIRECTION_CONCORDANT	CONDITIONAL	FINNISH_LD_SENSITIVITY_REQUIRED
TIER 2	CAT-T2D	False	4	103388441	104802530	0.0001431518936158	5.2775446412774126e-05	0.0472529339623195	rs223319	1.32064801096343e-05	0.024334976833593727	LEVEL_C_ATLAS_FDR	-0.0180714	-0.034	POSITIVE_EFFECT_PRODUCT	DIRECTION_CONCORDANT	CONDITIONAL	FINNISH_LD_SENSITIVITY_REQUIRED
TIER 2	CAT-T2D	False	4	103388441	104802530	0.0001431518936158	5.2775446412774126e-05	0.0472529339623195	rs223318	1.32449583260754e-05	0.024386302813737767	LEVEL_C_ATLAS_FDR	-0.0180659	-0.034	POSITIVE_EFFECT_PRODUCT	DIRECTION_CONCORDANT	CONDITIONAL	FINNISH_LD_SENSITIVITY_REQUIRED
TIER 2	CAT-T2D	False	4	103388441	104802530	0.0001431518936158	5.2775446412774126e-05	0.0472529339623195	rs223316	1.44961443356952e-05	0.02597355883718442	LEVEL_C_ATLAS_FDR	-0.0180699	-0.0337	POSITIVE_EFFECT_PRODUCT	DIRECTION_CONCORDANT	CONDITIONAL	FINNISH_LD_SENSITIVITY_REQUIRED
TIER 2	CAT-T2D	False	4	103388441	104802530	0.0001431518936158	5.2775446412774126e-05	0.0472529339623195	rs223315	1.16841911736779e-05	0.02228818442746554	LEVEL_C_ATLAS_FDR	-0.018122	-0.0343	POSITIVE_EFFECT_PRODUCT	DIRECTION_CONCORDANT	CONDITIONAL	FINNISH_LD_SENSITIVITY_REQUIRED
TIER 2	CAT-T2D	False	4	103388441	104802530	0.0001431518936158	5.2775446412774126e-05	0.0472529339623195	rs223314	1.41289207923629e-05	0.025531719681013074	LEVEL_C_ATLAS_FDR	-0.0181143	-0.0337	POSITIVE_EFFECT_PRODUCT	DIRECTION_CONCORDANT	CONDITIONAL	FINNISH_LD_SENSITIVITY_REQUIRED
TIER 2	CAT-T2D	False	4	103388441	104802530	0.0001431518936158	5.2775446412774126e-05	0.0472529339623195	rs223313	1.47982753010502e-05	0.026344958166353075	LEVEL_C_ATLAS_FDR	-0.0180875	-0.0336	POSITIVE_EFFECT_PRODUCT	DIRECTION_CONCORDANT	CONDITIONAL	FINNISH_LD_SENSITIVITY_REQUIRED
TIER 2	CAT-T2D	False	4	103388441	104802530	0.0001431518936158	5.2775446412774126e-05	0.0472529339623195	rs7254	1.45846996040077e-05	0.026077214283008177	LEVEL_C_ATLAS_FDR	-0.0181128	-0.0336	POSITIVE_EFFECT_PRODUCT	DIRECTION_CONCORDANT	CONDITIONAL	FINNISH_LD_SENSITIVITY_REQUIRED
TIER 2	CAT-T2D	False	4	103388441	104802530	0.0001431518936158	5.2775446412774126e-05	0.0472529339623195	rs223311	1.41336185303353e-05	0.025538879219415184	LEVEL_C_ATLAS_FDR	-0.0181136	-0.0337	POSITIVE_EFFECT_PRODUCT	DIRECTION_CONCORDANT	CONDITIONAL	FINNISH_LD_SENSITIVITY_REQUIRED
TIER 2	CAT-T2D	False	4	103388441	104802530	0.0001431518936158	5.2775446412774126e-05	0.0472529339623195	rs223310	1.45426947814449e-05	0.02603143565770946	LEVEL_C_ATLAS_FDR	-0.0181178	-0.0336	POSITIVE_EFFECT_PRODUCT	DIRECTION_CONCORDANT	CONDITIONAL	FINNISH_LD_SENSITIVITY_REQUIRED
TIER 2	CAT-T2D	False	4	103388441	104802530	0.0001431518936158	5.2775446412774126e-05	0.0472529339623195	rs223308	1.30040542262499e-05	0.024103848831585506	LEVEL_C_ATLAS_FDR	-0.0181007	-0.034	POSITIVE_EFFECT_PRODUCT	DIRECTION_CONCORDANT	CONDITIONAL	FINNISH_LD_SENSITIVITY_REQUIRED
TIER 2	CAT-T2D	False	4	103388441	104802530	0.0001431518936158	5.2775446412774126e-05	0.0472529339623195	rs6823625	1.29901186632677e-05	0.024089595578762408	LEVEL_C_ATLAS_FDR	-0.0180499	-0.0341	POSITIVE_EFFECT_PRODUCT	DIRECTION_CONCORDANT	CONDITIONAL	FINNISH_LD_SENSITIVITY_REQUIRED
TIER 2	CAT-T2D	False	4	103388441	104802530	0.0001431518936158	5.2775446412774126e-05	0.0472529339623195	rs6846762	1.21931225381919e-05	0.023013645959244503	LEVEL_C_ATLAS_FDR	-0.0181076	-0.0342	POSITIVE_EFFECT_PRODUCT	DIRECTION_CONCORDANT	CONDITIONAL	FINNISH_LD_SENSITIVITY_REQUIRED
TIER 2	CAT-T2D	False	4	103388441	104802530	0.0001431518936158	5.2775446412774126e-05	0.0472529339623195	rs4699032	1.219758606852e-05	0.023015813195493662	LEVEL_C_ATLAS_FDR	-0.0181045	-0.0342	POSITIVE_EFFECT_PRODUCT	DIRECTION_CONCORDANT	CONDITIONAL	FINNISH_LD_SENSITIVITY_REQUIRED
TIER 2	CAT-T2D	False	4	103388441	104802530	0.0001431518936158	5.2775446412774126e-05	0.0472529339623195	rs13136616	1.20883248916468e-05	0.022873058533010446	LEVEL_C_ATLAS_FDR	-0.0182356	-0.034	POSITIVE_EFFECT_PRODUCT	DIRECTION_CONCORDANT	CONDITIONAL	FINNISH_LD_SENSITIVITY_REQUIRED
TIER 2	CAT-T2D	False	4	103388441	104802530	0.0001431518936158	5.2775446412774126e-05	0.0472529339623195	rs6830407	1.24082529642859e-05	0.023298074581456756	LEVEL_C_ATLAS_FDR	-0.0181807	-0.034	POSITIVE_EFFECT_PRODUCT	DIRECTION_CONCORDANT	CONDITIONAL	FINNISH_LD_SENSITIVITY_REQUIRED
TIER 2	CAT-T2D	False	4	103388441	104802530	0.0001431518936158	5.2775446412774126e-05	0.0472529339623195	rs10012413	2.39347415645216e-05	0.03684858482110209	LEVEL_C_ATLAS_FDR	-0.0182246	-0.0328	POSITIVE_EFFECT_PRODUCT	DIRECTION_CONCORDANT	CONDITIONAL	FINNISH_LD_SENSITIVITY_REQUIRED
TIER 2	CAT-T2D	False	4	103388441	104802530	0.0001431518936158	5.2775446412774126e-05	0.0472529339623195	rs4699033	1.11526095441629e-05	0.021577726553908987	LEVEL_C_ATLAS_FDR	-0.0182005	-0.0343	POSITIVE_EFFECT_PRODUCT	DIRECTION_CONCORDANT	CONDITIONAL	FINNISH_LD_SENSITIVITY_REQUIRED
TIER 2	CAT-T2D	False	4	103388441	104802530	0.0001431518936158	5.2775446412774126e-05	0.0472529339623195	rs11724581	1.94739378801995e-05	0.03196394040194673	LEVEL_C_ATLAS_FDR	-0.0168355	-0.0386	POSITIVE_EFFECT_PRODUCT	DIRECTION_CONCORDANT	CONDITIONAL	FINNISH_LD_SENSITIVITY_REQUIRED
TIER 2	CAT-T2D	False	4	103388441	104802530	0.0001431518936158	5.2775446412774126e-05	0.0472529339623195	rs6815526	7.89548921320022e-06	0.01694379111838548	LEVEL_C_ATLAS_FDR	-0.0184116	-0.035	POSITIVE_EFFECT_PRODUCT	DIRECTION_CONCORDANT	CONDITIONAL	FINNISH_LD_SENSITIVITY_REQUIRED
TIER 2	CAT-T2D	False	4	103388441	104802530	0.0001431518936158	5.2775446412774126e-05	0.0472529339623195	rs6824070	7.95231906102477e-06	0.01702611177962401	LEVEL_C_ATLAS_FDR	-0.018399	-0.035	POSITIVE_EFFECT_PRODUCT	DIRECTION_CONCORDANT	CONDITIONAL	FINNISH_LD_SENSITIVITY_REQUIRED
TIER 2	CAT-T2D	False	4	103388441	104802530	0.0001431518936158	5.2775446412774126e-05	0.0472529339623195	rs6856176	8.0146650127427e-06	0.01711910746810416	LEVEL_C_ATLAS_FDR	-0.0183868	-0.035	POSITIVE_EFFECT_PRODUCT	DIRECTION_CONCORDANT	CONDITIONAL	FINNISH_LD_SENSITIVITY_REQUIRED
TIER 2	CAT-T2D	False	4	103388441	104802530	0.0001431518936158	5.2775446412774126e-05	0.0472529339623195	rs4645215	7.74394547767743e-06	0.016722668746393714	LEVEL_C_ATLAS_FDR	-0.0184457	-0.035	POSITIVE_EFFECT_PRODUCT	DIRECTION_CONCORDANT	CONDITIONAL	FINNISH_LD_SENSITIVITY_REQUIRED
TIER 2	CAT-T2D	False	4	103388441	104802530	0.0001431518936158	5.2775446412774126e-05	0.0472529339623195	rs9760180	7.9087059983194e-06	0.016959572395566783	LEVEL_C_ATLAS_FDR	-0.0183561	-0.0351	POSITIVE_EFFECT_PRODUCT	DIRECTION_CONCORDANT	CONDITIONAL	FINNISH_LD_SENSITIVITY_REQUIRED
TIER 2	CAT-T2D	False	4	103388441	104802530	0.0001431518936158	5.2775446412774126e-05	0.0472529339623195	rs10004342	7.64119127054471e-06	0.016559824465318205	LEVEL_C_ATLAS_FDR	-0.0184128	-0.0351	POSITIVE_EFFECT_PRODUCT	DIRECTION_CONCORDANT	CONDITIONAL	FINNISH_LD_SENSITIVITY_REQUIRED
TIER 2	CAT-T2D	False	4	103388441	104802530	0.0001431518936158	5.2775446412774126e-05	0.0472529339623195	rs11722779	7.71342055645052e-06	0.016680948817871865	LEVEL_C_ATLAS_FDR	-0.018345	-0.0352	POSITIVE_EFFECT_PRODUCT	DIRECTION_CONCORDANT	CONDITIONAL	FINNISH_LD_SENSITIVITY_REQUIRED
TIER 2	CAT-T2D	False	4	103388441	104802530	0.0001431518936158	5.2775446412774126e-05	0.0472529339623195	rs4699035	5.4942493555569e-06	0.013182740953776665	LEVEL_C_ATLAS_FDR	-0.0188073	-0.0354	POSITIVE_EFFECT_PRODUCT	DIRECTION_CONCORDANT	CONDITIONAL	FINNISH_LD_SENSITIVITY_REQUIRED
TIER 2	CAT-T2D	False	4	103388441	104802530	0.0001431518936158	5.2775446412774126e-05	0.0472529339623195	rs4533776	7.46794644072329e-06	0.016290253893394262	LEVEL_C_ATLAS_FDR	-0.0184558	-0.0351	POSITIVE_EFFECT_PRODUCT	DIRECTION_CONCORDANT	CONDITIONAL	FINNISH_LD_SENSITIVITY_REQUIRED
TIER 2	CAT-T2D	False	4	103388441	104802530	0.0001431518936158	5.2775446412774126e-05	0.0472529339623195	rs6821247	6.65070527771917e-06	0.015033565567191473	LEVEL_C_ATLAS_FDR	-0.0185398	-0.0353	POSITIVE_EFFECT_PRODUCT	DIRECTION_CONCORDANT	CONDITIONAL	FINNISH_LD_SENSITIVITY_REQUIRED
TIER 2	CAT-T2D	False	4	103388441	104802530	0.0001431518936158	5.2775446412774126e-05	0.0472529339623195	rs4540048	7.37193371722439e-06	0.016138516783832175	LEVEL_C_ATLAS_FDR	-0.0184762	-0.0351	POSITIVE_EFFECT_PRODUCT	DIRECTION_CONCORDANT	CONDITIONAL	FINNISH_LD_SENSITIVITY_REQUIRED
TIER 2	CAT-T2D	False	4	103388441	104802530	0.0001431518936158	5.2775446412774126e-05	0.0472529339623195	rs9307280	6.44021217019203e-06	0.014728599751430095	LEVEL_C_ATLAS_FDR	-0.0185407	-0.0354	POSITIVE_EFFECT_PRODUCT	DIRECTION_CONCORDANT	CONDITIONAL	FINNISH_LD_SENSITIVITY_REQUIRED
TIER 2	CAT-T2D	False	4	103388441	104802530	0.0001431518936158	5.2775446412774126e-05	0.0472529339623195	rs6847191	6.83789835236164e-06	0.015321136643821206	LEVEL_C_ATLAS_FDR	-0.018546	-0.0352	POSITIVE_EFFECT_PRODUCT	DIRECTION_CONCORDANT	CONDITIONAL	FINNISH_LD_SENSITIVITY_REQUIRED
TIER 2	CAT-T2D	False	4	103388441	104802530	0.0001431518936158	5.2775446412774126e-05	0.0472529339623195	rs7375679	5.5413362450557e-06	0.01326088791259255	LEVEL_C_ATLAS_FDR	-0.019015	-0.035	POSITIVE_EFFECT_PRODUCT	DIRECTION_CONCORDANT	CONDITIONAL	FINNISH_LD_SENSITIVITY_REQUIRED
TIER 2	CAT-T2D	False	4	103388441	104802530	0.0001431518936158	5.2775446412774126e-05	0.0472529339623195	rs9917919	6.11312749498792e-06	0.014207148924473135	LEVEL_C_ATLAS_FDR	-0.018525	-0.0356	POSITIVE_EFFECT_PRODUCT	DIRECTION_CONCORDANT	CONDITIONAL	FINNISH_LD_SENSITIVITY_REQUIRED
TIER 2	CAT-T2D	False	4	103388441	104802530	0.0001431518936158	5.2775446412774126e-05	0.0472529339623195	rs13113923	7.03684226111367e-06	0.015620689989622712	LEVEL_C_ATLAS_FDR	-0.0185506	-0.0351	POSITIVE_EFFECT_PRODUCT	DIRECTION_CONCORDANT	CONDITIONAL	FINNISH_LD_SENSITIVITY_REQUIRED
TIER 2	CAT-T2D	False	4	103388441	104802530	0.0001431518936158	5.2775446412774126e-05	0.0472529339623195	rs3974478	6.7882829611847e-06	0.015242904625678783	LEVEL_C_ATLAS_FDR	-0.0185578	-0.0352	POSITIVE_EFFECT_PRODUCT	DIRECTION_CONCORDANT	CONDITIONAL	FINNISH_LD_SENSITIVITY_REQUIRED
TIER 2	CAT-T2D	False	4	103388441	104802530	0.0001431518936158	5.2775446412774126e-05	0.0472529339623195	rs4339216	7.0377857416845e-06	0.0156217853420186	LEVEL_C_ATLAS_FDR	-0.0185502	-0.0351	POSITIVE_EFFECT_PRODUCT	DIRECTION_CONCORDANT	CONDITIONAL	FINNISH_LD_SENSITIVITY_REQUIRED
TIER 2	CAT-T2D	False	4	103388441	104802530	0.0001431518936158	5.2775446412774126e-05	0.0472529339623195	rs6533035	6.7910256032279e-06	0.015245635510765973	LEVEL_C_ATLAS_FDR	-0.0185569	-0.0352	POSITIVE_EFFECT_PRODUCT	DIRECTION_CONCORDANT	CONDITIONAL	FINNISH_LD_SENSITIVITY_REQUIRED
TIER 2	CAT-T2D	False	4	103388441	104802530	0.0001431518936158	5.2775446412774126e-05	0.0472529339623195	rs77939343	6.60726172931249e-06	0.014974068773745632	LEVEL_C_ATLAS_FDR	-0.0186634	-0.0351	POSITIVE_EFFECT_PRODUCT	DIRECTION_CONCORDANT	CONDITIONAL	FINNISH_LD_SENSITIVITY_REQUIRED
TIER 2	CAT-T2D	False	4	103388441	104802530	0.0001431518936158	5.2775446412774126e-05	0.0472529339623195	rs74200941	6.78217436402142e-06	0.015234632417194388	LEVEL_C_ATLAS_FDR	-0.0185588	-0.0352	POSITIVE_EFFECT_PRODUCT	DIRECTION_CONCORDANT	CONDITIONAL	FINNISH_LD_SENSITIVITY_REQUIRED
TIER 2	CAT-T2D	False	4	103388441	104802530	0.0001431518936158	5.2775446412774126e-05	0.0472529339623195	rs6828072	6.87279503487096e-06	0.015367583865031575	LEVEL_C_ATLAS_FDR	-0.0185912	-0.0351	POSITIVE_EFFECT_PRODUCT	DIRECTION_CONCORDANT	CONDITIONAL	FINNISH_LD_SENSITIVITY_REQUIRED
TIER 2	CAT-T2D	False	4	103388441	104802530	0.0001431518936158	5.2775446412774126e-05	0.0472529339623195	rs3974604	7.07996873197542e-06	0.01568332624848987	LEVEL_C_ATLAS_FDR	-0.0185396	-0.0351	POSITIVE_EFFECT_PRODUCT	DIRECTION_CONCORDANT	CONDITIONAL	FINNISH_LD_SENSITIVITY_REQUIRED
TIER 2	CAT-T2D	False	4	103388441	104802530	0.0001431518936158	5.2775446412774126e-05	0.0472529339623195	rs3974602	6.96361418327374e-06	0.015503743094803818	LEVEL_C_ATLAS_FDR	-0.0185676	-0.0351	POSITIVE_EFFECT_PRODUCT	DIRECTION_CONCORDANT	CONDITIONAL	FINNISH_LD_SENSITIVITY_REQUIRED
TIER 2	CAT-T2D	False	4	103388441	104802530	0.0001431518936158	5.2775446412774126e-05	0.0472529339623195	rs9991335	1.19982171631475e-05	0.022752598613173858	LEVEL_C_ATLAS_FDR	-0.017507	-0.0389	POSITIVE_EFFECT_PRODUCT	DIRECTION_CONCORDANT	CONDITIONAL	FINNISH_LD_SENSITIVITY_REQUIRED
TIER 2	CAT-T2D	False	4	103388441	104802530	0.0001431518936158	5.2775446412774126e-05	0.0472529339623195	rs6817160	5.9619379639405e-06	0.013958407485303125	LEVEL_C_ATLAS_FDR	-0.0186191	-0.0355	POSITIVE_EFFECT_PRODUCT	DIRECTION_CONCORDANT	CONDITIONAL	FINNISH_LD_SENSITIVITY_REQUIRED
TIER 2	CAT-T2D	False	4	103388441	104802530	0.0001431518936158	5.2775446412774126e-05	0.0472529339623195	rs6816656	6.5083193980118e-06	0.014822833437089995	LEVEL_C_ATLAS_FDR	-0.018627	-0.0352	POSITIVE_EFFECT_PRODUCT	DIRECTION_CONCORDANT	CONDITIONAL	FINNISH_LD_SENSITIVITY_REQUIRED
TIER 2	CAT-T2D	False	4	103388441	104802530	0.0001431518936158	5.2775446412774126e-05	0.0472529339623195	rs9685630	6.91840752876919e-06	0.015440598022268154	LEVEL_C_ATLAS_FDR	-0.018579	-0.0351	POSITIVE_EFFECT_PRODUCT	DIRECTION_CONCORDANT	CONDITIONAL	FINNISH_LD_SENSITIVITY_REQUIRED
TIER 2	CAT-T2D	False	4	103388441	104802530	0.0001431518936158	5.2775446412774126e-05	0.0472529339623195	rs12501737	8.06398454195443e-06	0.017187435832556885	LEVEL_C_ATLAS_FDR	-0.0182195	-0.0353	POSITIVE_EFFECT_PRODUCT	DIRECTION_CONCORDANT	CONDITIONAL	FINNISH_LD_SENSITIVITY_REQUIRED
TIER 2	CAT-T2D	False	4	103388441	104802530	0.0001431518936158	5.2775446412774126e-05	0.0472529339623195	rs9307281	6.6674224294891e-06	0.015056765368291399	LEVEL_C_ATLAS_FDR	-0.0186397	-0.0351	POSITIVE_EFFECT_PRODUCT	DIRECTION_CONCORDANT	CONDITIONAL	FINNISH_LD_SENSITIVITY_REQUIRED
TIER 2	CAT-T2D	False	4	103388441	104802530	0.0001431518936158	5.2775446412774126e-05	0.0472529339623195	rs6533037	6.7468885165961e-06	0.015174027674872023	LEVEL_C_ATLAS_FDR	-0.0185667	-0.0352	POSITIVE_EFFECT_PRODUCT	DIRECTION_CONCORDANT	CONDITIONAL	FINNISH_LD_SENSITIVITY_REQUIRED
TIER 2	CAT-T2D	False	4	103388441	104802530	0.0001431518936158	5.2775446412774126e-05	0.0472529339623195	rs6821232	6.53410877564236e-06	0.014861092743482492	LEVEL_C_ATLAS_FDR	-0.0185674	-0.0353	POSITIVE_EFFECT_PRODUCT	DIRECTION_CONCORDANT	CONDITIONAL	FINNISH_LD_SENSITIVITY_REQUIRED
TIER 2	CAT-T2D	False	4	103388441	104802530	0.0001431518936158	5.2775446412774126e-05	0.0472529339623195	rs4530634	6.91394396804926e-06	0.015435024891000322	LEVEL_C_ATLAS_FDR	-0.0185792	-0.0351	POSITIVE_EFFECT_PRODUCT	DIRECTION_CONCORDANT	CONDITIONAL	FINNISH_LD_SENSITIVITY_REQUIRED
TIER 2	CAT-T2D	False	4	103388441	104802530	0.0001431518936158	5.2775446412774126e-05	0.0472529339623195	rs4446311	6.9430179643302e-06	0.01547078757866021	LEVEL_C_ATLAS_FDR	-0.0185714	-0.0351	POSITIVE_EFFECT_PRODUCT	DIRECTION_CONCORDANT	CONDITIONAL	FINNISH_LD_SENSITIVITY_REQUIRED
TIER 2	CAT-T2D	False	4	103388441	104802530	0.0001431518936158	5.2775446412774126e-05	0.0472529339623195	rs6533039	1.19060333627419e-05	0.022624328606413453	LEVEL_C_ATLAS_FDR	-0.0176012	-0.0387	POSITIVE_EFFECT_PRODUCT	DIRECTION_CONCORDANT	CONDITIONAL	FINNISH_LD_SENSITIVITY_REQUIRED
TIER 2	CAT-T2D	False	4	103388441	104802530	0.0001431518936158	5.2775446412774126e-05	0.0472529339623195	rs6419160	6.92545791027054e-06	0.015444548001420255	LEVEL_C_ATLAS_FDR	-0.0185688	-0.0351	POSITIVE_EFFECT_PRODUCT	DIRECTION_CONCORDANT	CONDITIONAL	FINNISH_LD_SENSITIVITY_REQUIRED
TIER 2	CAT-T2D	False	4	103388441	104802530	0.0001431518936158	5.2775446412774126e-05	0.0472529339623195	rs10017313	6.72377208160348e-06	0.015137730734849345	LEVEL_C_ATLAS_FDR	-0.0185721	-0.0352	POSITIVE_EFFECT_PRODUCT	DIRECTION_CONCORDANT	CONDITIONAL	FINNISH_LD_SENSITIVITY_REQUIRED
TIER 2	CAT-T2D	False	4	103388441	104802530	0.0001431518936158	5.2775446412774126e-05	0.0472529339623195	rs10017565	1.20480945981193e-05	0.022817309906189253	LEVEL_C_ATLAS_FDR	-0.0186848	-0.0342	POSITIVE_EFFECT_PRODUCT	DIRECTION_CONCORDANT	CONDITIONAL	FINNISH_LD_SENSITIVITY_REQUIRED
TIER 2	CAT-T2D	False	4	103388441	104802530	0.0001431518936158	5.2775446412774126e-05	0.0472529339623195	rs11724035	6.92757398472109e-06	0.015446289965001742	LEVEL_C_ATLAS_FDR	-0.018575	-0.0351	POSITIVE_EFFECT_PRODUCT	DIRECTION_CONCORDANT	CONDITIONAL	FINNISH_LD_SENSITIVITY_REQUIRED
TIER 2	CAT-T2D	False	4	103388441	104802530	0.0001431518936158	5.2775446412774126e-05	0.0472529339623195	rs4543115	6.64078119166447e-06	0.01501809746091438	LEVEL_C_ATLAS_FDR	-0.0186464	-0.0351	POSITIVE_EFFECT_PRODUCT	DIRECTION_CONCORDANT	CONDITIONAL	FINNISH_LD_SENSITIVITY_REQUIRED
TIER 2	CAT-T2D	False	4	103388441	104802530	0.0001431518936158	5.2775446412774126e-05	0.0472529339623195	rs28674656	6.68779736309655e-06	0.015082171841047886	LEVEL_C_ATLAS_FDR	-0.0185808	-0.0352	POSITIVE_EFFECT_PRODUCT	DIRECTION_CONCORDANT	CONDITIONAL	FINNISH_LD_SENSITIVITY_REQUIRED
TIER 2	CAT-T2D	False	4	103388441	104802530	0.0001431518936158	5.2775446412774126e-05	0.0472529339623195	rs3974494	6.88402181118736e-06	0.015387940707638992	LEVEL_C_ATLAS_FDR	-0.0185853	-0.0351	POSITIVE_EFFECT_PRODUCT	DIRECTION_CONCORDANT	CONDITIONAL	FINNISH_LD_SENSITIVITY_REQUIRED
TIER 2	CAT-T2D	False	4	103388441	104802530	0.0001431518936158	5.2775446412774126e-05	0.0472529339623195	rs4698865	7.05355498743236e-06	0.0156497830899991	LEVEL_C_ATLAS_FDR	-0.018545	-0.0351	POSITIVE_EFFECT_PRODUCT	DIRECTION_CONCORDANT	CONDITIONAL	FINNISH_LD_SENSITIVITY_REQUIRED
TIER 2	CAT-T2D	False	4	103388441	104802530	0.0001431518936158	5.2775446412774126e-05	0.0472529339623195	rs10003326	6.62056898532129e-06	0.014991920699932791	LEVEL_C_ATLAS_FDR	-0.0185453	-0.0353	POSITIVE_EFFECT_PRODUCT	DIRECTION_CONCORDANT	CONDITIONAL	FINNISH_LD_SENSITIVITY_REQUIRED
TIER 2	CAT-T2D	False	4	103388441	104802530	0.0001431518936158	5.2775446412774126e-05	0.0472529339623195	rs6533040	1.25897019322788e-05	0.02354089400873399	LEVEL_C_ATLAS_FDR	-0.0185489	-0.0343	POSITIVE_EFFECT_PRODUCT	DIRECTION_CONCORDANT	CONDITIONAL	FINNISH_LD_SENSITIVITY_REQUIRED
TIER 2	CAT-T2D	False	4	103388441	104802530	0.0001431518936158	5.2775446412774126e-05	0.0472529339623195	rs6533041	7.08734474193726e-06	0.015686651541753787	LEVEL_C_ATLAS_FDR	-0.0185911	-0.035	POSITIVE_EFFECT_PRODUCT	DIRECTION_CONCORDANT	CONDITIONAL	FINNISH_LD_SENSITIVITY_REQUIRED
TIER 2	CAT-T2D	False	4	103388441	104802530	0.0001431518936158	5.2775446412774126e-05	0.0472529339623195	rs6839635	5.27212222527876e-06	0.012821712601325566	LEVEL_C_ATLAS_FDR	-0.0201546	-0.0342	POSITIVE_EFFECT_PRODUCT	DIRECTION_CONCORDANT	CONDITIONAL	FINNISH_LD_SENSITIVITY_REQUIRED
TIER 2	CAT-T2D	False	4	103388441	104802530	0.0001431518936158	5.2775446412774126e-05	0.0472529339623195	rs6829718	6.60357229097506e-06	0.014970638636798629	LEVEL_C_ATLAS_FDR	-0.018549	-0.0353	POSITIVE_EFFECT_PRODUCT	DIRECTION_CONCORDANT	CONDITIONAL	FINNISH_LD_SENSITIVITY_REQUIRED
TIER 2	CAT-T2D	False	4	103388441	104802530	0.0001431518936158	5.2775446412774126e-05	0.0472529339623195	rs6830193	6.59871203997938e-06	0.01496689084172763	LEVEL_C_ATLAS_FDR	-0.0185502	-0.0353	POSITIVE_EFFECT_PRODUCT	DIRECTION_CONCORDANT	CONDITIONAL	FINNISH_LD_SENSITIVITY_REQUIRED
TIER 2	CAT-T2D	False	4	103388441	104802530	0.0001431518936158	5.2775446412774126e-05	0.0472529339623195	rs4235409	6.25257033175726e-06	0.01443835288548278	LEVEL_C_ATLAS_FDR	-0.0186408	-0.0353	POSITIVE_EFFECT_PRODUCT	DIRECTION_CONCORDANT	CONDITIONAL	FINNISH_LD_SENSITIVITY_REQUIRED
TIER 2	CAT-T2D	False	4	103388441	104802530	0.0001431518936158	5.2775446412774126e-05	0.0472529339623195	rs3974481	7.70885417579779e-06	0.01667626839452969	LEVEL_C_ATLAS_FDR	-0.0185543	-0.0348	POSITIVE_EFFECT_PRODUCT	DIRECTION_CONCORDANT	CONDITIONAL	FINNISH_LD_SENSITIVITY_REQUIRED
TIER 2	CAT-T2D	False	4	103388441	104802530	0.0001431518936158	5.2775446412774126e-05	0.0472529339623195	rs4699037	7.2593156793003e-06	0.015958401458385403	LEVEL_C_ATLAS_FDR	-0.0184965	-0.0351	POSITIVE_EFFECT_PRODUCT	DIRECTION_CONCORDANT	CONDITIONAL	FINNISH_LD_SENSITIVITY_REQUIRED
TIER 2	CAT-T2D	False	4	103388441	104802530	0.0001431518936158	5.2775446412774126e-05	0.0472529339623195	rs3857198	5.61724380038049e-06	0.013389003581452466	LEVEL_C_ATLAS_FDR	-0.0185553	-0.0358	POSITIVE_EFFECT_PRODUCT	DIRECTION_CONCORDANT	CONDITIONAL	FINNISH_LD_SENSITIVITY_REQUIRED
TIER 2	CAT-T2D	False	4	103388441	104802530	0.0001431518936158	5.2775446412774126e-05	0.0472529339623195	rs3857199	1.19620926031351e-05	0.02270475295078053	LEVEL_C_ATLAS_FDR	-0.0185849	-0.0344	POSITIVE_EFFECT_PRODUCT	DIRECTION_CONCORDANT	CONDITIONAL	FINNISH_LD_SENSITIVITY_REQUIRED
TIER 2	CAT-T2D	False	4	103388441	104802530	0.0001431518936158	5.2775446412774126e-05	0.0472529339623195	rs4699038	6.51563491054581e-06	0.014834627985166821	LEVEL_C_ATLAS_FDR	-0.0214105	-0.0438	POSITIVE_EFFECT_PRODUCT	DIRECTION_CONCORDANT	CONDITIONAL	FINNISH_LD_SENSITIVITY_REQUIRED
TIER 2	CAT-T2D	False	4	103388441	104802530	0.0001431518936158	5.2775446412774126e-05	0.0472529339623195	rs4699039	5.96825432075039e-06	0.013965769828271137	LEVEL_C_ATLAS_FDR	-0.0185594	-0.0356	POSITIVE_EFFECT_PRODUCT	DIRECTION_CONCORDANT	CONDITIONAL	FINNISH_LD_SENSITIVITY_REQUIRED
TIER 2	CAT-T2D	False	4	103388441	104802530	0.0001431518936158	5.2775446412774126e-05	0.0472529339623195	rs5028609	6.96529309505057e-06	0.015505491981420797	LEVEL_C_ATLAS_FDR	-0.0184621	-0.0353	POSITIVE_EFFECT_PRODUCT	DIRECTION_CONCORDANT	CONDITIONAL	FINNISH_LD_SENSITIVITY_REQUIRED
TIER 2	CAT-T2D	False	4	103388441	104802530	0.0001431518936158	5.2775446412774126e-05	0.0472529339623195	rs6815540	6.47082425355005e-06	0.014775760807573519	LEVEL_C_ATLAS_FDR	-0.0185843	-0.0353	POSITIVE_EFFECT_PRODUCT	DIRECTION_CONCORDANT	CONDITIONAL	FINNISH_LD_SENSITIVITY_REQUIRED
TIER 2	CAT-T2D	False	4	103388441	104802530	0.0001431518936158	5.2775446412774126e-05	0.0472529339623195	rs4698867	6.44559799264441e-06	0.014738003956187537	LEVEL_C_ATLAS_FDR	-0.0185907	-0.0353	POSITIVE_EFFECT_PRODUCT	DIRECTION_CONCORDANT	CONDITIONAL	FINNISH_LD_SENSITIVITY_REQUIRED
TIER 2	CAT-T2D	False	4	103388441	104802530	0.0001431518936158	5.2775446412774126e-05	0.0472529339623195	rs7697171	3.21945714224176e-06	0.00896964584689981	LEVEL_C_ATLAS_FDR	-0.0196373	-0.0355	POSITIVE_EFFECT_PRODUCT	DIRECTION_CONCORDANT	CONDITIONAL	FINNISH_LD_SENSITIVITY_REQUIRED
TIER 2	CAT-T2D	False	4	103388441	104802530	0.0001431518936158	5.2775446412774126e-05	0.0472529339623195	rs4596243	3.25867791466183e-06	0.009044074289250451	LEVEL_C_ATLAS_FDR	-0.0197269	-0.0353	POSITIVE_EFFECT_PRODUCT	DIRECTION_CONCORDANT	CONDITIONAL	FINNISH_LD_SENSITIVITY_REQUIRED
TIER 2	CAT-T2D	False	4	103388441	104802530	0.0001431518936158	5.2775446412774126e-05	0.0472529339623195	rs7663876	6.36730376656796e-06	0.014618400747025362	LEVEL_C_ATLAS_FDR	-0.018609	-0.0353	POSITIVE_EFFECT_PRODUCT	DIRECTION_CONCORDANT	CONDITIONAL	FINNISH_LD_SENSITIVITY_REQUIRED
TIER 2	CAT-T2D	False	4	103388441	104802530	0.0001431518936158	5.2775446412774126e-05	0.0472529339623195	rs7677003	6.36902160292241e-06	0.014619765848557642	LEVEL_C_ATLAS_FDR	-0.0186084	-0.0353	POSITIVE_EFFECT_PRODUCT	DIRECTION_CONCORDANT	CONDITIONAL	FINNISH_LD_SENSITIVITY_REQUIRED
TIER 2	CAT-T2D	False	4	103388441	104802530	0.0001431518936158	5.2775446412774126e-05	0.0472529339623195	rs7678030	6.36662934248786e-06	0.014618104397481046	LEVEL_C_ATLAS_FDR	-0.018609	-0.0353	POSITIVE_EFFECT_PRODUCT	DIRECTION_CONCORDANT	CONDITIONAL	FINNISH_LD_SENSITIVITY_REQUIRED
TIER 2	CAT-T2D	False	4	103388441	104802530	0.0001431518936158	5.2775446412774126e-05	0.0472529339623195	rs7682755	6.39434887637924e-06	0.014663321286570507	LEVEL_C_ATLAS_FDR	-0.0183927	-0.0357	POSITIVE_EFFECT_PRODUCT	DIRECTION_CONCORDANT	CONDITIONAL	FINNISH_LD_SENSITIVITY_REQUIRED
TIER 2	CAT-T2D	False	4	103388441	104802530	0.0001431518936158	5.2775446412774126e-05	0.0472529339623195	rs6818418	7.02797354475691e-06	0.015606991310961825	LEVEL_C_ATLAS_FDR	-0.0183918	-0.0354	POSITIVE_EFFECT_PRODUCT	DIRECTION_CONCORDANT	CONDITIONAL	FINNISH_LD_SENSITIVITY_REQUIRED
TIER 2	CAT-T2D	False	4	103388441	104802530	0.0001431518936158	5.2775446412774126e-05	0.0472529339623195	rs6841492	6.60045001579076e-06	0.014967845718385317	LEVEL_C_ATLAS_FDR	-0.018392	-0.0356	POSITIVE_EFFECT_PRODUCT	DIRECTION_CONCORDANT	CONDITIONAL	FINNISH_LD_SENSITIVITY_REQUIRED
TIER 2	CAT-T2D	False	4	103388441	104802530	0.0001431518936158	5.2775446412774126e-05	0.0472529339623195	rs4455413	6.90751480770006e-06	0.015426336879648906	LEVEL_C_ATLAS_FDR	-0.0184207	-0.0354	POSITIVE_EFFECT_PRODUCT	DIRECTION_CONCORDANT	CONDITIONAL	FINNISH_LD_SENSITIVITY_REQUIRED
TIER 2	CAT-T2D	False	4	103388441	104802530	0.0001431518936158	5.2775446412774126e-05	0.0472529339623195	rs7681002	3.01784953980171e-05	0.04318149604184413	LEVEL_C_ATLAS_FDR	-0.0168335	-0.0337	POSITIVE_EFFECT_PRODUCT	DIRECTION_CONCORDANT	CONDITIONAL	FINNISH_LD_SENSITIVITY_REQUIRED
TIER 2	CAT-T2D	False	4	103388441	104802530	0.0001431518936158	5.2775446412774126e-05	0.0472529339623195	rs7681629	6.85381357052571e-06	0.015338974410107222	LEVEL_C_ATLAS_FDR	-0.0185433	-0.0352	POSITIVE_EFFECT_PRODUCT	DIRECTION_CONCORDANT	CONDITIONAL	FINNISH_LD_SENSITIVITY_REQUIRED
TIER 2	CAT-T2D	False	4	103388441	104802530	0.0001431518936158	5.2775446412774126e-05	0.0472529339623195	rs17033381	7.22225495009879e-06	0.01589404160669019	LEVEL_C_ATLAS_FDR	-0.0183982	-0.0353	POSITIVE_EFFECT_PRODUCT	DIRECTION_CONCORDANT	CONDITIONAL	FINNISH_LD_SENSITIVITY_REQUIRED
TIER 2	CAT-T2D	False	4	103388441	104802530	0.0001431518936158	5.2775446412774126e-05	0.0472529339623195	rs4699044	7.08568913621312e-06	0.01568566362364644	LEVEL_C_ATLAS_FDR	-0.0184295	-0.0353	POSITIVE_EFFECT_PRODUCT	DIRECTION_CONCORDANT	CONDITIONAL	FINNISH_LD_SENSITIVITY_REQUIRED
TIER 2	CAT-T2D	False	4	103388441	104802530	0.0001431518936158	5.2775446412774126e-05	0.0472529339623195	rs4699045	7.18684426348974e-06	0.015841022170797987	LEVEL_C_ATLAS_FDR	-0.0184061	-0.0353	POSITIVE_EFFECT_PRODUCT	DIRECTION_CONCORDANT	CONDITIONAL	FINNISH_LD_SENSITIVITY_REQUIRED
TIER 2	CAT-T2D	False	4	103388441	104802530	0.0001431518936158	5.2775446412774126e-05	0.0472529339623195	rs76231327	5.74452362993949e-06	0.01361199794574893	LEVEL_C_ATLAS_FDR	-0.0215515	-0.044	POSITIVE_EFFECT_PRODUCT	DIRECTION_CONCORDANT	CONDITIONAL	FINNISH_LD_SENSITIVITY_REQUIRED
TIER 2	CAT-T2D	False	4	103388441	104802530	0.0001431518936158	5.2775446412774126e-05	0.0472529339623195	rs6533050	6.11094580377843e-06	0.014205819248140404	LEVEL_C_ATLAS_FDR	-0.0186236	-0.0354	POSITIVE_EFFECT_PRODUCT	DIRECTION_CONCORDANT	CONDITIONAL	FINNISH_LD_SENSITIVITY_REQUIRED
TIER 2	CAT-T2D	False	4	103388441	104802530	0.0001431518936158	5.2775446412774126e-05	0.0472529339623195	rs10032234	7.20448142171128e-06	0.015863227195845497	LEVEL_C_ATLAS_FDR	-0.0184017	-0.0353	POSITIVE_EFFECT_PRODUCT	DIRECTION_CONCORDANT	CONDITIONAL	FINNISH_LD_SENSITIVITY_REQUIRED
TIER 2	CAT-T2D	False	4	103388441	104802530	0.0001431518936158	5.2775446412774126e-05	0.0472529339623195	rs2903284	5.92941525288082e-06	0.013909580301126049	LEVEL_C_ATLAS_FDR	-0.0186209	-0.0355	POSITIVE_EFFECT_PRODUCT	DIRECTION_CONCORDANT	CONDITIONAL	FINNISH_LD_SENSITIVITY_REQUIRED
TIER 2	CAT-T2D	False	4	103388441	104802530	0.0001431518936158	5.2775446412774126e-05	0.0472529339623195	rs28845922	7.12967832403205e-06	0.015752226246680035	LEVEL_C_ATLAS_FDR	-0.0184216	-0.0353	POSITIVE_EFFECT_PRODUCT	DIRECTION_CONCORDANT	CONDITIONAL	FINNISH_LD_SENSITIVITY_REQUIRED
TIER 2	CAT-T2D	False	4	103388441	104802530	0.0001431518936158	5.2775446412774126e-05	0.0472529339623195	rs3886723	6.53408866012036e-06	0.014861092743482492	LEVEL_C_ATLAS_FDR	-0.0184076	-0.0356	POSITIVE_EFFECT_PRODUCT	DIRECTION_CONCORDANT	CONDITIONAL	FINNISH_LD_SENSITIVITY_REQUIRED
TIER 2	CAT-T2D	False	4	103388441	104802530	0.0001431518936158	5.2775446412774126e-05	0.0472529339623195	rs12500379	7.18058773514234e-06	0.015832457508962044	LEVEL_C_ATLAS_FDR	-0.0184071	-0.0353	POSITIVE_EFFECT_PRODUCT	DIRECTION_CONCORDANT	CONDITIONAL	FINNISH_LD_SENSITIVITY_REQUIRED
TIER 2	CAT-T2D	False	4	103388441	104802530	0.0001431518936158	5.2775446412774126e-05	0.0472529339623195	rs11737544	7.1797242252371e-06	0.015832457508962044	LEVEL_C_ATLAS_FDR	-0.0184073	-0.0353	POSITIVE_EFFECT_PRODUCT	DIRECTION_CONCORDANT	CONDITIONAL	FINNISH_LD_SENSITIVITY_REQUIRED
TIER 2	CAT-T2D	False	4	103388441	104802530	0.0001431518936158	5.2775446412774126e-05	0.0472529339623195	rs10015289	6.89099019007966e-06	0.015398349209284626	LEVEL_C_ATLAS_FDR	-0.0184239	-0.0354	POSITIVE_EFFECT_PRODUCT	DIRECTION_CONCORDANT	CONDITIONAL	FINNISH_LD_SENSITIVITY_REQUIRED
TIER 2	CAT-T2D	False	4	103388441	104802530	0.0001431518936158	5.2775446412774126e-05	0.0472529339623195	rs9999303	6.30454086534526e-06	0.01451876241872498	LEVEL_C_ATLAS_FDR	-0.0186242	-0.0353	POSITIVE_EFFECT_PRODUCT	DIRECTION_CONCORDANT	CONDITIONAL	FINNISH_LD_SENSITIVITY_REQUIRED
TIER 2	CAT-T2D	False	4	103388441	104802530	0.0001431518936158	5.2775446412774126e-05	0.0472529339623195	rs6810668	3.44864199066796e-06	0.009422133993931606	LEVEL_C_ATLAS_FDR	-0.0193735	-0.0358	POSITIVE_EFFECT_PRODUCT	DIRECTION_CONCORDANT	CONDITIONAL	FINNISH_LD_SENSITIVITY_REQUIRED
TIER 2	CAT-T2D	False	4	103388441	104802530	0.0001431518936158	5.2775446412774126e-05	0.0472529339623195	rs7672319	6.22073141453349e-06	0.014394516216181355	LEVEL_C_ATLAS_FDR	-0.0186469	-0.0353	POSITIVE_EFFECT_PRODUCT	DIRECTION_CONCORDANT	CONDITIONAL	FINNISH_LD_SENSITIVITY_REQUIRED
TIER 2	CAT-T2D	False	4	103388441	104802530	0.0001431518936158	5.2775446412774126e-05	0.0472529339623195	rs6533052	6.90683712572691e-06	0.015425815894334467	LEVEL_C_ATLAS_FDR	-0.0184166	-0.0354	POSITIVE_EFFECT_PRODUCT	DIRECTION_CONCORDANT	CONDITIONAL	FINNISH_LD_SENSITIVITY_REQUIRED
TIER 2	CAT-T2D	False	4	103388441	104802530	0.0001431518936158	5.2775446412774126e-05	0.0472529339623195	rs7685399	6.8940070471331e-06	0.01540349329595568	LEVEL_C_ATLAS_FDR	-0.0184228	-0.0354	POSITIVE_EFFECT_PRODUCT	DIRECTION_CONCORDANT	CONDITIONAL	FINNISH_LD_SENSITIVITY_REQUIRED
TIER 2	CAT-T2D	False	4	103388441	104802530	0.0001431518936158	5.2775446412774126e-05	0.0472529339623195	rs3974485	7.41821574934369e-06	0.016208100002093464	LEVEL_C_ATLAS_FDR	-0.0184051	-0.0352	POSITIVE_EFFECT_PRODUCT	DIRECTION_CONCORDANT	CONDITIONAL	FINNISH_LD_SENSITIVITY_REQUIRED
TIER 2	CAT-T2D	False	4	103388441	104802530	0.0001431518936158	5.2775446412774126e-05	0.0472529339623195	rs2866417	7.18966089210666e-06	0.0158444113535582	LEVEL_C_ATLAS_FDR	-0.018405	-0.0353	POSITIVE_EFFECT_PRODUCT	DIRECTION_CONCORDANT	CONDITIONAL	FINNISH_LD_SENSITIVITY_REQUIRED
TIER 2	CAT-T2D	False	4	103388441	104802530	0.0001431518936158	5.2775446412774126e-05	0.0472529339623195	rs4455415	7.41866063914771e-06	0.016208100002093464	LEVEL_C_ATLAS_FDR	-0.018405	-0.0352	POSITIVE_EFFECT_PRODUCT	DIRECTION_CONCORDANT	CONDITIONAL	FINNISH_LD_SENSITIVITY_REQUIRED
TIER 2	CAT-T2D	False	4	103388441	104802530	0.0001431518936158	5.2775446412774126e-05	0.0472529339623195	rs7688940	7.65598359611496e-06	0.016582564281126252	LEVEL_C_ATLAS_FDR	-0.018407	-0.0351	POSITIVE_EFFECT_PRODUCT	DIRECTION_CONCORDANT	CONDITIONAL	FINNISH_LD_SENSITIVITY_REQUIRED
TIER 2	CAT-T2D	False	4	103388441	104802530	0.0001431518936158	5.2775446412774126e-05	0.0472529339623195	rs3960788	1.04748808224701e-05	0.02067676307909082	LEVEL_C_ATLAS_FDR	-0.0217653	-0.0301	POSITIVE_EFFECT_PRODUCT	DIRECTION_CONCORDANT	CONDITIONAL	FINNISH_LD_SENSITIVITY_REQUIRED
TIER 2	CAT-T2D	False	4	103388441	104802530	0.0001431518936158	5.2775446412774126e-05	0.0472529339623195	rs1383733	6.75162276719371e-06	0.015182707761175617	LEVEL_C_ATLAS_FDR	-0.0184053	-0.0355	POSITIVE_EFFECT_PRODUCT	DIRECTION_CONCORDANT	CONDITIONAL	FINNISH_LD_SENSITIVITY_REQUIRED
TIER 2	CAT-T2D	False	4	103388441	104802530	0.0001431518936158	5.2775446412774126e-05	0.0472529339623195	rs9994654	6.0508078683334e-06	0.014100013646616338	LEVEL_C_ATLAS_FDR	-0.0209688	-0.045	POSITIVE_EFFECT_PRODUCT	DIRECTION_CONCORDANT	CONDITIONAL	FINNISH_LD_SENSITIVITY_REQUIRED
TIER 2	CAT-T2D	False	4	103388441	104802530	0.0001431518936158	5.2775446412774126e-05	0.0472529339623195	rs4623004	6.00853973381137e-06	0.01403071676044273	LEVEL_C_ATLAS_FDR	-0.0186517	-0.0354	POSITIVE_EFFECT_PRODUCT	DIRECTION_CONCORDANT	CONDITIONAL	FINNISH_LD_SENSITIVITY_REQUIRED
TIER 2	CAT-T2D	False	4	103388441	104802530	0.0001431518936158	5.2775446412774126e-05	0.0472529339623195	rs3857200	6.29849779329037e-06	0.014509658923371792	LEVEL_C_ATLAS_FDR	-0.0186263	-0.0353	POSITIVE_EFFECT_PRODUCT	DIRECTION_CONCORDANT	CONDITIONAL	FINNISH_LD_SENSITIVITY_REQUIRED
TIER 2	CAT-T2D	False	4	103388441	104802530	0.0001431518936158	5.2775446412774126e-05	0.0472529339623195	rs11097796	6.22035764255539e-06	0.014394516216181355	LEVEL_C_ATLAS_FDR	-0.018647	-0.0353	POSITIVE_EFFECT_PRODUCT	DIRECTION_CONCORDANT	CONDITIONAL	FINNISH_LD_SENSITIVITY_REQUIRED
TIER 2	CAT-T2D	False	4	103388441	104802530	0.0001431518936158	5.2775446412774126e-05	0.0472529339623195	rs11097797	6.22652206225559e-06	0.014399276546456303	LEVEL_C_ATLAS_FDR	-0.0186479	-0.0353	POSITIVE_EFFECT_PRODUCT	DIRECTION_CONCORDANT	CONDITIONAL	FINNISH_LD_SENSITIVITY_REQUIRED
TIER 2	CAT-T2D	False	4	103388441	104802530	0.0001431518936158	5.2775446412774126e-05	0.0472529339623195	rs4699046	5.94035815552109e-06	0.013926780117896042	LEVEL_C_ATLAS_FDR	-0.0186181	-0.0355	POSITIVE_EFFECT_PRODUCT	DIRECTION_CONCORDANT	CONDITIONAL	FINNISH_LD_SENSITIVITY_REQUIRED
TIER 2	CAT-T2D	False	4	103388441	104802530	0.0001431518936158	5.2775446412774126e-05	0.0472529339623195	rs4699047	5.94080747548068e-06	0.01392689289413202	LEVEL_C_ATLAS_FDR	-0.018618	-0.0355	POSITIVE_EFFECT_PRODUCT	DIRECTION_CONCORDANT	CONDITIONAL	FINNISH_LD_SENSITIVITY_REQUIRED
TIER 2	CAT-T2D	False	4	103388441	104802530	0.0001431518936158	5.2775446412774126e-05	0.0472529339623195	rs4699048	1.33079420046214e-05	0.024456863471518882	LEVEL_C_ATLAS_FDR	-0.0175131	-0.0385	POSITIVE_EFFECT_PRODUCT	DIRECTION_CONCORDANT	CONDITIONAL	FINNISH_LD_SENSITIVITY_REQUIRED
TIER 2	CAT-T2D	False	4	103388441	104802530	0.0001431518936158	5.2775446412774126e-05	0.0472529339623195	rs28778380	6.0185001996566e-06	0.014047360765627973	LEVEL_C_ATLAS_FDR	-0.0185974	-0.0355	POSITIVE_EFFECT_PRODUCT	DIRECTION_CONCORDANT	CONDITIONAL	FINNISH_LD_SENSITIVITY_REQUIRED
TIER 2	CAT-T2D	False	4	103388441	104802530	0.0001431518936158	5.2775446412774126e-05	0.0472529339623195	rs10006474	1.34102613471362e-05	0.024592820961662206	LEVEL_C_ATLAS_FDR	-0.0175001	-0.0385	POSITIVE_EFFECT_PRODUCT	DIRECTION_CONCORDANT	CONDITIONAL	FINNISH_LD_SENSITIVITY_REQUIRED
TIER 2	CAT-T2D	False	4	103388441	104802530	0.0001431518936158	5.2775446412774126e-05	0.0472529339623195	rs10029073	6.32646897444799e-06	0.01455960139192935	LEVEL_C_ATLAS_FDR	-0.0186188	-0.0353	POSITIVE_EFFECT_PRODUCT	DIRECTION_CONCORDANT	CONDITIONAL	FINNISH_LD_SENSITIVITY_REQUIRED
TIER 2	CAT-T2D	False	4	103388441	104802530	0.0001431518936158	5.2775446412774126e-05	0.0472529339623195	rs2086499	6.74538978350125e-06	0.015171639964128894	LEVEL_C_ATLAS_FDR	-0.0186176	-0.0351	POSITIVE_EFFECT_PRODUCT	DIRECTION_CONCORDANT	CONDITIONAL	FINNISH_LD_SENSITIVITY_REQUIRED
TIER 2	CAT-T2D	False	4	103388441	104802530	0.0001431518936158	5.2775446412774126e-05	0.0472529339623195	rs11929841	1.5638616763356e-05	0.02741492404172099	LEVEL_C_ATLAS_FDR	-0.0168635	-0.0394	POSITIVE_EFFECT_PRODUCT	DIRECTION_CONCORDANT	CONDITIONAL	FINNISH_LD_SENSITIVITY_REQUIRED
TIER 2	CAT-T2D	False	4	103388441	104802530	0.0001431518936158	5.2775446412774126e-05	0.0472529339623195	rs4698874	4.55013639647158e-06	0.011524476567154832	LEVEL_C_ATLAS_FDR	-0.0189406	-0.0357	POSITIVE_EFFECT_PRODUCT	DIRECTION_CONCORDANT	CONDITIONAL	FINNISH_LD_SENSITIVITY_REQUIRED
TIER 2	CAT-T2D	False	4	103388441	104802530	0.0001431518936158	5.2775446412774126e-05	0.0472529339623195	rs724447	5.32758794937748e-06	0.012912275751435168	LEVEL_C_ATLAS_FDR	-0.0187507	-0.0356	POSITIVE_EFFECT_PRODUCT	DIRECTION_CONCORDANT	CONDITIONAL	FINNISH_LD_SENSITIVITY_REQUIRED
TIER 2	CAT-T2D	False	4	103388441	104802530	0.0001431518936158	5.2775446412774126e-05	0.0472529339623195	rs724446	5.7569372381507e-06	0.0136348973322712	LEVEL_C_ATLAS_FDR	-0.0186176	-0.0356	POSITIVE_EFFECT_PRODUCT	DIRECTION_CONCORDANT	CONDITIONAL	FINNISH_LD_SENSITIVITY_REQUIRED
TIER 2	CAT-T2D	False	4	103388441	104802530	0.0001431518936158	5.2775446412774126e-05	0.0472529339623195	rs11731885	5.17869092854521e-06	0.012652107628773862	LEVEL_C_ATLAS_FDR	-0.0187929	-0.0356	POSITIVE_EFFECT_PRODUCT	DIRECTION_CONCORDANT	CONDITIONAL	FINNISH_LD_SENSITIVITY_REQUIRED
TIER 2	CAT-T2D	False	4	103388441	104802530	0.0001431518936158	5.2775446412774126e-05	0.0472529339623195	rs7695096	3.72810849470509e-06	0.00996725386001973	LEVEL_C_ATLAS_FDR	-0.0190184	-0.0362	POSITIVE_EFFECT_PRODUCT	DIRECTION_CONCORDANT	CONDITIONAL	FINNISH_LD_SENSITIVITY_REQUIRED
TIER 2	CAT-T2D	False	4	103388441	104802530	0.0001431518936158	5.2775446412774126e-05	0.0472529339623195	rs4698875	1.17149366374078e-05	0.022330879693408117	LEVEL_C_ATLAS_FDR	-0.0174987	-0.039	POSITIVE_EFFECT_PRODUCT	DIRECTION_CONCORDANT	CONDITIONAL	FINNISH_LD_SENSITIVITY_REQUIRED
TIER 2	CAT-T2D	False	4	103388441	104802530	0.0001431518936158	5.2775446412774126e-05	0.0472529339623195	rs4698876	1.23720203224712e-05	0.023253942405211298	LEVEL_C_ATLAS_FDR	-0.0174984	-0.0388	POSITIVE_EFFECT_PRODUCT	DIRECTION_CONCORDANT	CONDITIONAL	FINNISH_LD_SENSITIVITY_REQUIRED
TIER 2	CAT-T2D	False	4	103388441	104802530	0.0001431518936158	5.2775446412774126e-05	0.0472529339623195	rs13150426	5.30503682485862e-06	0.012874699401055558	LEVEL_C_ATLAS_FDR	-0.018596	-0.0359	POSITIVE_EFFECT_PRODUCT	DIRECTION_CONCORDANT	CONDITIONAL	FINNISH_LD_SENSITIVITY_REQUIRED
TIER 2	CAT-T2D	False	4	103388441	104802530	0.0001431518936158	5.2775446412774126e-05	0.0472529339623195	rs6843738	3.12963794143429e-06	0.00878782080675723	LEVEL_C_ATLAS_FDR	-0.0198462	-0.0389	POSITIVE_EFFECT_PRODUCT	DIRECTION_CONCORDANT	CONDITIONAL	FINNISH_LD_SENSITIVITY_REQUIRED
TIER 2	CAT-T2D	False	4	103388441	104802530	0.0001431518936158	5.2775446412774126e-05	0.0472529339623195	rs7665026	1.20517209638683e-05	0.022822459049352067	LEVEL_C_ATLAS_FDR	-0.0174968	-0.0389	POSITIVE_EFFECT_PRODUCT	DIRECTION_CONCORDANT	CONDITIONAL	FINNISH_LD_SENSITIVITY_REQUIRED
TIER 2	CAT-T2D	False	4	103388441	104802530	0.0001431518936158	5.2775446412774126e-05	0.0472529339623195	rs28445579	4.0863983453388e-06	0.0106490853677405	LEVEL_C_ATLAS_FDR	-0.0189719	-0.036	POSITIVE_EFFECT_PRODUCT	DIRECTION_CONCORDANT	CONDITIONAL	FINNISH_LD_SENSITIVITY_REQUIRED
TIER 2	CAT-T2D	False	4	103388441	104802530	0.0001431518936158	5.2775446412774126e-05	0.0472529339623195	rs7676765	6.42322414979672e-06	0.014705250232660744	LEVEL_C_ATLAS_FDR	-0.0183877	-0.0357	POSITIVE_EFFECT_PRODUCT	DIRECTION_CONCORDANT	CONDITIONAL	FINNISH_LD_SENSITIVITY_REQUIRED
TIER 2	CAT-T2D	False	4	103388441	104802530	0.0001431518936158	5.2775446412774126e-05	0.0472529339623195	rs7698608	5.76318734007404e-06	0.013644114509596147	LEVEL_C_ATLAS_FDR	-0.0183575	-0.0361	POSITIVE_EFFECT_PRODUCT	DIRECTION_CONCORDANT	CONDITIONAL	FINNISH_LD_SENSITIVITY_REQUIRED
TIER 2	CAT-T2D	False	4	103388441	104802530	0.0001431518936158	5.2775446412774126e-05	0.0472529339623195	rs6816370	1.05564867172905e-05	0.020777216726184933	LEVEL_C_ATLAS_FDR	-0.0175361	-0.0393	POSITIVE_EFFECT_PRODUCT	DIRECTION_CONCORDANT	CONDITIONAL	FINNISH_LD_SENSITIVITY_REQUIRED
TIER 2	CAT-T2D	False	4	103388441	104802530	0.0001431518936158	5.2775446412774126e-05	0.0472529339623195	rs6842179	4.95176252707845e-06	0.012262606176041184	LEVEL_C_ATLAS_FDR	-0.0188143	-0.0357	POSITIVE_EFFECT_PRODUCT	DIRECTION_CONCORDANT	CONDITIONAL	FINNISH_LD_SENSITIVITY_REQUIRED
TIER 2	CAT-T2D	False	4	103388441	104802530	0.0001431518936158	5.2775446412774126e-05	0.0472529339623195	rs10516496	9.48017133521516e-06	0.019314052436665258	LEVEL_C_ATLAS_FDR	-0.0173154	-0.0402	POSITIVE_EFFECT_PRODUCT	DIRECTION_CONCORDANT	CONDITIONAL	FINNISH_LD_SENSITIVITY_REQUIRED
TIER 2	CAT-T2D	False	4	103388441	104802530	0.0001431518936158	5.2775446412774126e-05	0.0472529339623195	rs13150953	7.47894946099632e-06	0.016305042156249557	LEVEL_C_ATLAS_FDR	-0.0175651	-0.0405	POSITIVE_EFFECT_PRODUCT	DIRECTION_CONCORDANT	CONDITIONAL	FINNISH_LD_SENSITIVITY_REQUIRED
TIER 2	CAT-T2D	False	4	103388441	104802530	0.0001431518936158	5.2775446412774126e-05	0.0472529339623195	rs10516497	6.68028468150603e-06	0.01507463339038179	LEVEL_C_ATLAS_FDR	-0.0206917	-0.0452	POSITIVE_EFFECT_PRODUCT	DIRECTION_CONCORDANT	CONDITIONAL	FINNISH_LD_SENSITIVITY_REQUIRED
TIER 2	CAT-T2D	False	4	103388441	104802530	0.0001431518936158	5.2775446412774126e-05	0.0472529339623195	rs13151569	8.64973333110429e-06	0.01805236374881911	LEVEL_C_ATLAS_FDR	-0.0173331	-0.0405	POSITIVE_EFFECT_PRODUCT	DIRECTION_CONCORDANT	CONDITIONAL	FINNISH_LD_SENSITIVITY_REQUIRED
TIER 2	CAT-T2D	False	4	103388441	104802530	0.0001431518936158	5.2775446412774126e-05	0.0472529339623195	rs11938650	4.88165503379786e-06	0.012131337736974588	LEVEL_C_ATLAS_FDR	-0.0187853	-0.0358	POSITIVE_EFFECT_PRODUCT	DIRECTION_CONCORDANT	CONDITIONAL	FINNISH_LD_SENSITIVITY_REQUIRED
TIER 2	CAT-T2D	False	4	103388441	104802530	0.0001431518936158	5.2775446412774126e-05	0.0472529339623195	rs11946020	1.09815897036561e-05	0.021375517489488065	LEVEL_C_ATLAS_FDR	-0.0174725	-0.0393	POSITIVE_EFFECT_PRODUCT	DIRECTION_CONCORDANT	CONDITIONAL	FINNISH_LD_SENSITIVITY_REQUIRED
TIER 2	CAT-T2D	False	4	103388441	104802530	0.0001431518936158	5.2775446412774126e-05	0.0472529339623195	rs1080081	6.62938525257272e-06	0.015003216095729946	LEVEL_C_ATLAS_FDR	-0.0179861	-0.0364	POSITIVE_EFFECT_PRODUCT	DIRECTION_CONCORDANT	CONDITIONAL	FINNISH_LD_SENSITIVITY_REQUIRED
TIER 2	CAT-T2D	False	4	103388441	104802530	0.0001431518936158	5.2775446412774126e-05	0.0472529339623195	rs4699049	5.10316693835416e-06	0.012515160336399631	LEVEL_C_ATLAS_FDR	-0.0184107	-0.0364	POSITIVE_EFFECT_PRODUCT	DIRECTION_CONCORDANT	CONDITIONAL	FINNISH_LD_SENSITIVITY_REQUIRED
TIER 2	CAT-T2D	False	4	103388441	104802530	0.0001431518936158	5.2775446412774126e-05	0.0472529339623195	rs34475639	1.44756983119188e-05	0.0259513858516249	LEVEL_C_ATLAS_FDR	-0.0167807	-0.0399	POSITIVE_EFFECT_PRODUCT	DIRECTION_CONCORDANT	CONDITIONAL	FINNISH_LD_SENSITIVITY_REQUIRED
TIER 2	CAT-T2D	False	4	103388441	104802530	0.0001431518936158	5.2775446412774126e-05	0.0472529339623195	rs13130741	6.03967024010459e-06	0.014086353377326988	LEVEL_C_ATLAS_FDR	-0.01819	-0.0363	POSITIVE_EFFECT_PRODUCT	DIRECTION_CONCORDANT	CONDITIONAL	FINNISH_LD_SENSITIVITY_REQUIRED
TIER 2	CAT-T2D	False	4	103388441	104802530	0.0001431518936158	5.2775446412774126e-05	0.0472529339623195	rs7660298	2.8767865309023e-05	0.041768114535052844	LEVEL_C_ATLAS_FDR	-0.0176056	-0.0323	POSITIVE_EFFECT_PRODUCT	DIRECTION_CONCORDANT	CONDITIONAL	FINNISH_LD_SENSITIVITY_REQUIRED
TIER 2	CAT-T2D	False	4	103388441	104802530	0.0001431518936158	5.2775446412774126e-05	0.0472529339623195	rs7694724	2.85695917641596e-05	0.041576286108534095	LEVEL_C_ATLAS_FDR	-0.017725	-0.0321	POSITIVE_EFFECT_PRODUCT	DIRECTION_CONCORDANT	CONDITIONAL	FINNISH_LD_SENSITIVITY_REQUIRED
TIER 2	CAT-T2D	False	4	5971634	7135912	0.0003972937806551	2.010273288601159e-09	2.0594244705074573e-05	rs17718958	3.45438076344115e-09	3.44067187744095e-05	LEVEL_B_PAIRWISE_GWAS	-0.0276067	-0.0715	POSITIVE_EFFECT_PRODUCT	DIRECTION_CONCORDANT	CONDITIONAL	FINNISH_LD_SENSITIVITY_REQUIRED
TIER 2	CAT-T2D	False	4	5971634	7135912	0.0003972937806551	2.010273288601159e-09	2.0594244705074573e-05	rs62283057	2.36815404589972e-09	2.499499601857064e-05	LEVEL_A_ATLAS_STRINGENT	-0.0275215	-0.0732	POSITIVE_EFFECT_PRODUCT	DIRECTION_CONCORDANT	CONDITIONAL	FINNISH_LD_SENSITIVITY_REQUIRED
TIER 2	CAT-T2D	False	4	5971634	7135912	0.0003972937806551	2.010273288601159e-09	2.0594244705074573e-05	rs9986109	2.7561532142833e-09	2.8414241907818463e-05	LEVEL_A_ATLAS_STRINGENT	0.0225461	0.0569	POSITIVE_EFFECT_PRODUCT	DIRECTION_CONCORDANT	CONDITIONAL	FINNISH_LD_SENSITIVITY_REQUIRED
TIER 2	CAT-T2D	False	4	5971634	7135912	0.0003972937806551	2.010273288601159e-09	2.0594244705074573e-05	rs2269920	2.17402488516715e-06	0.006736662284445368	LEVEL_C_ATLAS_FDR	0.0160157	0.0555	POSITIVE_EFFECT_PRODUCT	DIRECTION_CONCORDANT	CONDITIONAL	FINNISH_LD_SENSITIVITY_REQUIRED
TIER 2	CAT-T2D	False	4	5971634	7135912	0.0003972937806551	2.010273288601159e-09	2.0594244705074573e-05	rs7697730	9.60939133002486e-06	0.01948502758959536	LEVEL_C_ATLAS_FDR	0.0113789	0.0573	POSITIVE_EFFECT_PRODUCT	DIRECTION_CONCORDANT	CONDITIONAL	FINNISH_LD_SENSITIVITY_REQUIRED
TIER 2	CAT-T2D	False	4	5971634	7135912	0.0003972937806551	2.010273288601159e-09	2.0594244705074573e-05	rs3796400	1.33494041805766e-05	0.024514890471765107	LEVEL_C_ATLAS_FDR	0.0118922	0.0532	POSITIVE_EFFECT_PRODUCT	DIRECTION_CONCORDANT	CONDITIONAL	FINNISH_LD_SENSITIVITY_REQUIRED
TIER 2	CAT-T2D	False	4	5971634	7135912	0.0003972937806551	2.010273288601159e-09	2.0594244705074573e-05	rs3796403	3.67792756795829e-05	0.04936535361327601	LEVEL_C_ATLAS_FDR	0.0105465	0.0542	POSITIVE_EFFECT_PRODUCT	DIRECTION_CONCORDANT	CONDITIONAL	FINNISH_LD_SENSITIVITY_REQUIRED
