pair	SNP	CHR	BP	coordinate_status
AMD-AD	rs6969297	7	98829666	PASS
AMD-AD	rs4236541	7	98830439	PASS
AMD-AD	rs2572023	7	99474427	PASS
AMD-AD	rs2527927	7	99477426	PASS
AMD-AD	rs2572011	7	99487071	PASS
AMD-AD	rs2247762	7	99500899	PASS
AMD-AD	rs7781442	7	99505223	PASS
AMD-AD	rs2572000	7	99509324	PASS
AMD-AD	rs2527908	7	99520563	PASS
AMD-AD	rs1121592	7	99523631	PASS
AMD-AD	rs2527902	7	99525071	PASS
AMD-AD	rs2527900	7	99525241	PASS
AMD-AD	rs2525550	7	99533178	PASS
AMD-AD	rs2527897	7	99534080	PASS
AMD-AD	rs2107351	7	99535951	PASS
AMD-AD	rs2527894	7	99538841	PASS
AMD-AD	rs2525539	7	99545309	PASS
AMD-AD	rs2527886	7	99552168	PASS
AMD-AD	rs6962405	7	99557217	PASS
AMD-AD	rs2527923	7	99567455	PASS
AMD-AD	rs2283017	7	99574758	PASS
AMD-AD	rs4729561	7	99583286	PASS
AMD-AD	rs1076237	7	99585441	PASS
AMD-AD	rs6465760	7	99591418	PASS
AMD-AD	rs4727443	7	99593346	PASS
AMD-AD	rs10267212	7	99595422	PASS
AMD-AD	rs11771331	7	99605588	PASS
AMD-AD	rs6963345	7	99618606	PASS
AMD-AD	rs4424195	7	99642745	PASS
AMD-AD	rs10281368	7	99655897	PASS
AMD-AD	rs12705070	7	99656927	PASS
AMD-AD	rs13223792	7	99675659	PASS
AMD-AD	rs12705071	7	99682026	PASS
AMD-AD	rs2070215	7	99696797	PASS
AMD-AD	rs4134903	7	99711040	PASS
AMD-AD	rs35146811	7	99720994	PASS
AMD-AD	rs1880949	7	99722266	PASS
AMD-AD	rs11771139	7	99736059	PASS
AMD-AD	rs3735242	7	99771849	PASS
AMD-AD	rs12705073	7	99774122	PASS
AMD-AD	rs11764176	7	99786964	PASS
AMD-AD	rs6948729	7	99787372	PASS
AMD-AD	rs3735241	7	99796146	PASS
AMD-AD	rs1061230	7	99807265	PASS
AMD-AD	rs2950518	7	99807344	PASS
AMD-AD	rs941287	7	99807473	PASS
AMD-AD	rs1637001	7	99808151	PASS
AMD-AD	rs1617502	7	99809835	PASS
AMD-AD	rs1624099	7	99811313	PASS
AMD-AD	rs1727133	7	99812870	PASS
AMD-AD	rs1727138	7	99815247	PASS
AMD-AD	rs2906646	7	99818137	PASS
AMD-AD	rs705867	7	99818927	PASS
AMD-AD	rs858506	7	99820050	PASS
AMD-AD	rs2950520	7	99827148	PASS
AMD-AD	rs2405442	7	99971313	PASS
AMD-AD	rs34995835	7	99990364	PASS
AMD-AD	rs1476679	7	100004446	PASS
AMD-AD	rs34919929	7	100012334	PASS
AMD-AD	rs5015755	7	100013402	PASS
AMD-AD	rs5015756	7	100013457	PASS
AMD-AD	rs3807475	7	100026292	PASS
AMD-AD	rs34183059	7	100079429	PASS
AMD-AD	rs12539172	7	100091795	PASS
AMD-AD	rs2734897	7	100159567	PASS
AMD-AD	rs909152	7	100175473	PASS
AMD-AD	rs888086	7	104626690	PASS
AMD-AD	rs6976394	7	104632980	PASS
AMD-AD	rs11978288	7	104643470	PASS
AMD-AD	rs6466035	7	104646899	PASS
AMD-AD	rs6950894	7	104652671	PASS
AMD-AD	rs2299305	7	104791075	PASS
AMD-AD	rs1010340	7	104830695	PASS
AMD-AD	rs6974874	7	104834293	PASS
AMD-AD	rs6949073	7	104837009	PASS
AMD-AD	rs7796945	7	104838050	PASS
AMD-AD	rs17640508	7	104842643	PASS
AMD-AD	rs6972563	7	104842960	PASS
AMD-AD	rs12154942	7	104859435	PASS
AMD-AD	rs7794036	7	104870448	PASS
AMD-AD	rs12538590	7	104896470	PASS
AMD-AD	rs6466051	7	104897225	PASS
AMD-AD	rs2079340	7	104897964	PASS
AMD-AD	rs2079341	7	104904235	PASS
AMD-AD	rs3801279	7	104904868	PASS
AMD-AD	rs17640599	7	104911576	PASS
AMD-AD	rs7808226	7	104916166	PASS
AMD-AD	rs17640644	7	104918169	PASS
AMD-AD	rs4406343	7	104918313	PASS
AMD-AD	rs1468359	7	104922022	PASS
AMD-AD	rs6963624	7	104923811	PASS
AMD-AD	rs6954844	7	104926183	PASS
AMD-AD	rs7790653	7	104931545	PASS
AMD-AD	rs7805928	7	104934662	PASS
AMD-AD	rs7780006	7	104936469	PASS
AMD-AD	rs12155351	7	104943302	PASS
AMD-AD	rs12534381	7	104947195	PASS
AMD-AD	rs10953475	7	104961873	PASS
AMD-AD	rs12536794	7	104990954	PASS
AMD-AD	rs7792628	7	105009612	PASS
AMD-AD	rs17270450	7	105013788	PASS
AMD-AD	rs2613121	6	56768148	PASS
AMD-AD	rs2633358	7	137852311	PASS
AMD-AD	rs11771145	7	143110762	PASS
AMD-AD	rs10226151	7	143122457	PASS
AMD-AD	rs17156517	7	28229757	PASS
AMD-AD	rs12530870	7	36181501	PASS
AMD-AD	rs4720196	7	36183300	PASS
AMD-AD	rs1882062	7	36188719	PASS
AMD-AD	rs4302748	7	36191699	PASS
AMD-AD	rs10230457	7	36210289	PASS
AMD-AD	rs1525793	7	39187071	PASS
AMD-AD	rs28459466	7	39195671	PASS
AMD-AD	rs6462895	7	39198960	PASS
AMD-AD	rs7802746	7	39239783	PASS
AMD-AD	rs7784092	7	39239817	PASS
AMD-AD	rs7787466	7	39239975	PASS
AMD-AD	rs3924710	7	39241348	PASS
AMD-AD	rs4401749	7	39241623	PASS
AMD-AD	rs4720315	7	39242083	PASS
AMD-AD	rs12534084	7	39243058	PASS
AMD-AD	rs12531437	7	39243189	PASS
AMD-AD	rs12531464	7	39243299	PASS
AMD-AD	rs4840584	8	11636017	PASS
AMD-AD	rs8191606	8	11636922	PASS
AMD-AD	rs2814985	6	34548296	PASS
AMD-AD	rs2814943	6	34552736	PASS
AMD-AD	rs2744937	6	34557246	PASS
AMD-AD	rs2814983	6	34591207	PASS
AMD-AD	rs2814993	6	34618893	PASS
AMD-AD	rs2815005	6	34638847	PASS
AMD-AD	rs2744972	6	34659054	PASS
AMD-AD	rs3800457	6	34663598	PASS
AMD-AD	rs16894959	6	34825662	PASS
AMD-AD	rs751141	8	27373865	PASS
AMD-AD	rs7357432	8	27387845	PASS
AMD-AD	rs4149258	8	27400044	PASS
AMD-AD	rs2291635	8	27401142	PASS
AMD-AD	rs7341557	8	27402777	PASS
AMD-AD	rs9331908	8	27463618	PASS
AMD-AD	rs10840020	11	8339894	PASS
AMD-AD	rs5756784	22	38107962	PASS
AMD-AD	rs929104	22	38208511	PASS
AMD-AD	rs2290400	17	38066240	PASS
AMD-AD	rs4098686	17	42629737	PASS
AMD-AD	rs394643	20	44540178	PASS
AMD-AD	rs6065906	20	44554015	PASS
AMD-AD	rs11696196	20	44574533	PASS
AMD-AD	rs13040315	20	44585793	PASS
AMD-AD	rs11906879	20	44591324	PASS
AMD-AD	rs8114050	20	44625817	PASS
AMD-AD	rs11696804	20	44628380	PASS
AMD-AD	rs3933239	20	44628668	PASS
AMD-AD	rs13040272	20	44633111	PASS
AMD-AD	rs4810482	20	44634550	PASS
AMD-AD	rs3918249	20	44638136	PASS
AMD-AD	rs3918253	20	44639511	PASS
AMD-AD	rs17576	20	44640225	PASS
AMD-AD	rs3918256	20	44640959	PASS
AMD-AD	rs2868364	20	44658296	PASS
AMD-AD	rs1334109	20	56655360	PASS
AMD-AD	rs13627	19	1010022	PASS
AMD-AD	rs3815170	19	1013148	PASS
AMD-AD	rs12710103	19	1013634	PASS
AMD-AD	rs1058506	19	1014377	PASS
AMD-AD	rs2189526	19	1017057	PASS
AMD-AD	rs8109756	19	1029992	PASS
AMD-AD	rs3795065	19	1039444	PASS
AMD-AD	rs3752229	19	1041352	PASS
AMD-AD	rs3764650	19	1046520	PASS
AMD-AD	rs4147912	19	1049012	PASS
AMD-AD	rs2072102	19	1073073	PASS
AMD-AD	rs757232	19	1075979	PASS
AMD-AD	rs3761026	19	1086043	PASS
AMD-AD	rs2074452	19	1107160	PASS
AMD-AD	rs8101385	19	5838595	PASS
AMD-AD	rs2250656	19	6718534	PASS
AMD-CAD	rs2099446	7	99471072	PASS
AMD-CAD	rs2572023	7	99474427	PASS
AMD-CAD	rs2527927	7	99477426	PASS
AMD-CAD	rs2572011	7	99487071	PASS
AMD-CAD	rs2247762	7	99500899	PASS
AMD-CAD	rs7781442	7	99505223	PASS
AMD-CAD	rs2572000	7	99509324	PASS
AMD-CAD	rs2527908	7	99520563	PASS
AMD-CAD	rs1121592	7	99523631	PASS
AMD-CAD	rs2527902	7	99525071	PASS
AMD-CAD	rs2527900	7	99525241	PASS
AMD-CAD	rs2527897	7	99534080	PASS
AMD-CAD	rs2107351	7	99535951	PASS
AMD-CAD	rs2527894	7	99538841	PASS
AMD-CAD	rs2527886	7	99552168	PASS
AMD-CAD	rs6962405	7	99557217	PASS
AMD-CAD	rs2527923	7	99567455	PASS
AMD-CAD	rs11771331	7	99605588	PASS
AMD-CAD	rs7788746	7	99612405	PASS
AMD-CAD	rs4729566	7	99614313	PASS
AMD-CAD	rs1133790	7	99632982	PASS
AMD-CAD	rs2070215	7	99696797	PASS
AMD-CAD	rs4134903	7	99711040	PASS
AMD-CAD	rs35146811	7	99720994	PASS
AMD-CAD	rs1880949	7	99722266	PASS
AMD-CAD	rs11771139	7	99736059	PASS
AMD-CAD	rs11762932	7	99792666	PASS
AMD-CAD	rs7789890	7	99800559	PASS
AMD-CAD	rs11761253	7	99939321	PASS
AMD-CAD	rs6946768	7	99954393	PASS
AMD-CAD	rs6955367	7	99961194	PASS
AMD-CAD	rs11769057	7	99964661	PASS
AMD-CAD	rs11765869	7	99964789	PASS
AMD-CAD	rs705866	7	99965285	PASS
AMD-CAD	rs6948685	7	99970188	PASS
AMD-CAD	rs6965458	7	99973402	PASS
AMD-CAD	rs6945952	7	99981775	PASS
AMD-CAD	rs10085549	7	99983135	PASS
AMD-CAD	rs6966728	7	104618318	PASS
AMD-CAD	rs888086	7	104626690	PASS
AMD-CAD	rs6976394	7	104632980	PASS
AMD-CAD	rs6980244	7	104636940	PASS
AMD-CAD	rs11978288	7	104643470	PASS
AMD-CAD	rs6466035	7	104646899	PASS
AMD-CAD	rs2097942	7	104725105	PASS
AMD-CAD	rs987237	6	50803050	PASS
AMD-CAD	rs734597	6	50836279	PASS
AMD-CAD	rs943005	6	50865820	PASS
AMD-CAD	rs4715210	6	50897251	PASS
AMD-CAD	rs3857596	6	50905067	PASS
AMD-CAD	rs11759809	6	50955081	PASS
AMD-CAD	rs4711966	6	50963777	PASS
AMD-CAD	rs2522051	5	131797578	PASS
AMD-CAD	rs35304796	6	56903750	PASS
AMD-CAD	rs13206250	6	56964127	PASS
AMD-CAD	rs223287	6	57104266	PASS
AMD-CAD	rs223288	6	57105602	PASS
AMD-CAD	rs13219670	6	57143175	PASS
AMD-CAD	rs1330633	6	57148971	PASS
AMD-CAD	rs11751737	6	57160585	PASS
AMD-CAD	rs246599	5	142521025	PASS
AMD-CAD	rs10951982	7	6422556	PASS
AMD-CAD	rs3729790	7	6426954	PASS
AMD-CAD	rs836472	7	6434904	PASS
AMD-CAD	rs9374	7	6442371	PASS
AMD-CAD	rs10951983	7	6446027	PASS
AMD-CAD	rs2303361	7	6449496	PASS
AMD-CAD	rs12537894	7	6467451	PASS
AMD-CAD	rs3750038	7	6476237	PASS
AMD-CAD	rs3828944	7	6487156	PASS
AMD-CAD	rs757835	7	139717178	PASS
AMD-CAD	rs2072190	7	139719184	PASS
AMD-CAD	rs2269997	7	139723400	PASS
AMD-CAD	rs13760	7	139724169	PASS
AMD-CAD	rs2269996	7	139724358	PASS
AMD-CAD	rs2286198	7	139726207	PASS
AMD-CAD	rs2286196	7	139727135	PASS
AMD-CAD	rs2040969	7	139727670	PASS
AMD-CAD	rs2286195	7	139728584	PASS
AMD-CAD	rs6969159	7	139745791	PASS
AMD-CAD	rs10241819	7	139753080	PASS
AMD-CAD	rs2362460	7	139754451	PASS
AMD-CAD	rs7810536	7	139754819	PASS
AMD-CAD	rs10237377	7	139757136	PASS
AMD-CAD	rs2362462	7	139760010	PASS
AMD-CAD	rs7803170	7	139770813	PASS
AMD-CAD	rs9361866	6	82592568	PASS
AMD-CAD	rs9361867	6	82595959	PASS
AMD-CAD	rs7450340	6	82599523	PASS
AMD-CAD	rs9361874	6	82610327	PASS
AMD-CAD	rs9361875	6	82611058	PASS
AMD-CAD	rs885582	6	82612197	PASS
AMD-CAD	rs4613862	6	82612271	PASS
AMD-CAD	rs2875087	6	82616083	PASS
AMD-CAD	rs1578657	6	82634083	PASS
AMD-CAD	rs6909813	6	82635257	PASS
AMD-CAD	rs9501744	6	1617143	PASS
AMD-CAD	rs12525741	6	113402584	PASS
AMD-CAD	rs12530265	6	113463233	PASS
AMD-CAD	rs7763553	6	113464570	PASS
AMD-CAD	rs9381634	6	13022728	PASS
AMD-CAD	rs6925345	6	13135340	PASS
AMD-CAD	rs13211846	6	13223904	PASS
AMD-CAD	rs4840584	8	11636017	PASS
AMD-CAD	rs8191606	8	11636922	PASS
AMD-CAD	rs1156446	14	70505563	PASS
AMD-CAD	rs2012627	14	75443103	PASS
AMD-CAD	rs91144	14	75449517	PASS
AMD-CAD	rs175016	14	75459633	PASS
AMD-CAD	rs175040	14	75469555	PASS
AMD-CAD	rs175045	14	75475275	PASS
AMD-CAD	rs1548807	14	75479582	PASS
AMD-CAD	rs108621	14	75480637	PASS
AMD-CAD	rs175049	14	75481368	PASS
AMD-CAD	rs13712	14	75483812	PASS
AMD-CAD	rs175057	14	75489632	PASS
AMD-CAD	rs175059	14	75490667	PASS
AMD-CAD	rs735452	14	75497984	PASS
AMD-CAD	rs175071	14	75498177	PASS
AMD-CAD	rs175084	14	75519175	PASS
AMD-CAD	rs175490	14	75545685	PASS
AMD-CAD	rs96358	14	75572265	PASS
AMD-CAD	rs175435	14	75612025	PASS
AMD-CAD	rs9989419	16	56985139	PASS
AMD-CAD	rs247617	16	56990716	PASS
AMD-CAD	rs3764261	16	56993324	PASS
AMD-CAD	rs4783961	16	56994894	PASS
AMD-CAD	rs1800775	16	56995236	PASS
AMD-CAD	rs1864163	16	56997233	PASS
AMD-CAD	rs7203984	16	56999258	PASS
AMD-CAD	rs7205804	16	57004889	PASS
AMD-CAD	rs1532625	16	57005301	PASS
AMD-CAD	rs1532624	16	57005479	PASS
AMD-CAD	rs289714	16	57007451	PASS
AMD-CAD	rs7499892	16	57006590	PASS
AMD-CAD	rs3761055	19	17835831	PASS
AMD-CAD	rs7251815	19	17844942	PASS
AMD-CAD	rs10418535	19	17850189	PASS
AMD-CAD	rs9895741	17	79603831	PASS
AMD-CAD	rs8047814	16	75236154	PASS
AMD-CAD	rs9928736	16	75242729	PASS
AMD-CAD	rs9927309	16	75246419	PASS
AMD-CAD	rs7202877	16	75247245	PASS
AMD-CAD	rs8056814	16	75252327	PASS
AMD-CAD	rs4243110	16	75252526	PASS
AMD-CAD	rs11864719	16	75255129	PASS
AMD-CAD	rs8062565	16	75265719	PASS
AMD-CAD	rs3743614	16	75280958	PASS
AMD-CAD	rs1862737	16	75281964	PASS
AMD-CAD	rs4493083	16	75294589	PASS
AMD-CAD	rs13337397	16	75295639	PASS
AMD-CAD	rs999675	16	75306402	PASS
AMD-CAD	rs6564245	16	75308899	PASS
AMD-CAD	rs10781976	16	75314838	PASS
AMD-CAD	rs1559339	16	75318646	PASS
AMD-CAD	rs4243111	16	75320827	PASS
AMD-CAD	rs11640018	16	75328308	PASS
AMD-CAD	rs4888378	16	75332041	PASS
AMD-CAD	rs3743607	16	75338855	PASS
AMD-CAD	rs10871308	16	75342846	PASS
AMD-CAD	rs10781977	16	75342932	PASS
AMD-CAD	rs4888380	16	75347690	PASS
AMD-CAD	rs1017239	16	75358207	PASS
AMD-CAD	rs8046109	16	75360096	PASS
AMD-CAD	rs8050662	16	75360734	PASS
AMD-CAD	rs8053632	16	75364940	PASS
AMD-CAD	rs3851734	16	75371920	PASS
AMD-CAD	rs9934007	16	75390532	PASS
AMD-CAD	rs2059257	16	75396376	PASS
AMD-CAD	rs8048816	16	75422201	PASS
AMD-CAD	rs766522	16	75424110	PASS
AMD-CAD	rs4638613	16	75425553	PASS
AMD-CAD	rs166013	16	75434146	PASS
AMD-CAD	rs247427	16	75439132	PASS
AMD-CAD	rs12917651	16	75466696	PASS
AMD-CAD	rs4888422	16	75470576	PASS
AMD-CAD	rs2242405	16	75481771	PASS
AMD-CAD	rs12933281	16	75483064	PASS
AMD-CAD	rs247447	16	75486648	PASS
AMD-CAD	rs8046416	16	75487758	PASS
AMD-CAD	rs6564261	16	75492242	PASS
AMD-CAD	rs8057084	16	75492706	PASS
AMD-CAD	rs1424013	16	75495986	PASS
AMD-CAD	rs37602	16	75505046	PASS
AMD-CAD	rs977987	16	75506593	PASS
AMD-CAD	rs4888432	16	75510973	PASS
AMD-CAD	rs2009879	21	35653304	PASS
AMD-CAD	rs2834437	21	35656078	PASS
AMD-CAD	rs2834438	21	35656197	PASS
AMD-CAD	rs8127788	21	35659107	PASS
AMD-CAD	rs2211695	21	35663453	PASS
AMD-CAD	rs2211693	21	35663984	PASS
AMD-CAD	rs2834439	21	35672918	PASS
AMD-CAD	rs13050456	21	35679661	PASS
AMD-CAD	rs7282881	21	35679780	PASS
AMD-CAD	rs4817639	21	35680301	PASS
AMD-CAD	rs1018758	21	35683223	PASS
AMD-CAD	rs4817642	21	35685002	PASS
AMD-CAD	rs2834440	21	35690499	PASS
AMD-CAD	rs2834443	21	35691817	PASS
AMD-CAD	rs1010665	21	35695461	PASS
AMD-CAD	rs1013063	21	35698390	PASS
AMD-CAD	rs17251589	19	41756085	PASS
AMD-CAD	rs12459996	19	41756906	PASS
AMD-CAD	rs2304232	19	41762525	PASS
AMD-CAD	rs2304231	19	41762670	PASS
AMD-CAD	rs4591267	19	41765407	PASS
AMD-CAD	rs3816052	19	41773797	PASS
AMD-CAD	rs2304230	19	41774064	PASS
AMD-CAD	rs3745295	19	41785282	PASS
AMD-CAD	rs12327659	19	41796472	PASS
AMD-CAD	rs10421990	19	41797099	PASS
AMD-CAD	rs3752705	19	41798111	PASS
AMD-CAD	rs12974420	19	41798660	PASS
AMD-CAD	rs2053086	19	41799475	PASS
AMD-CAD	rs12980480	19	41804655	PASS
AMD-CAD	rs7248164	19	41807700	PASS
AMD-CAD	rs1056854	19	41809995	PASS
AMD-CAD	rs7245398	19	41810644	PASS
AMD-CAD	rs1865053	19	41814412	PASS
AMD-CAD	rs12984160	19	41815713	PASS
AMD-CAD	rs8109627	19	41822986	PASS
AMD-CAD	rs8109167	19	41823167	PASS
AMD-CAD	rs1865051	19	41824885	PASS
AMD-CAD	rs7257310	19	41827120	PASS
AMD-CAD	rs2241718	19	41829606	PASS
AMD-CAD	rs6957	19	41830606	PASS
AMD-CAD	rs12985162	19	41831507	PASS
AMD-CAD	rs12983047	19	41834499	PASS
AMD-CAD	rs8105161	19	41839631	PASS
AMD-CAD	rs2241715	19	41856886	PASS
AMD-CAD	rs1800469	19	41860296	PASS
AMD-CAD	rs11666933	19	41862253	PASS
AMD-CAD	rs11083616	19	41865643	PASS
AMD-CAD	rs2241714	19	41869392	PASS
AMD-CAD	rs2837017	21	40788083	PASS
AMD-CAD	rs2837018	21	40791729	PASS
AMD-CAD	rs2837022	21	40796751	PASS
AMD-CAD	rs2246078	21	40797740	PASS
AMD-CAD	rs2065313	21	40798163	PASS
AMD-CAD	rs2837029	21	40800371	PASS
AMD-CAD	rs2837030	21	40801021	PASS
AMD-CAD	rs2837034	21	40807360	PASS
AMD-CAD	rs2837037	21	40824161	PASS
AMD-CAD	rs2837039	21	40825555	PASS
AMD-CAD	rs4803750	19	45247627	PASS
AMD-CAD	rs2965169	19	45251156	PASS
AMD-CAD	rs10401176	19	45253491	PASS
AMD-CAD	rs10405693	19	45326664	PASS
AMD-CAD	rs10402271	19	45329214	PASS
AMD-CAD	rs416041	19	45370854	PASS
AMD-CAD	rs387976	19	45379060	PASS
AMD-CAD	rs6859	19	45382034	PASS
AMD-CAD	rs3852861	19	45383061	PASS
AMD-CAD	rs157580	19	45395266	PASS
AMD-CAD	rs405509	19	45408836	PASS
AMD-CAD	rs584007	19	45416478	PASS
AMD-CAD	rs346750	19	45737218	PASS
AMD-CAD	rs17356664	19	45740771	PASS
AMD-CAD	rs12976518	19	45759344	PASS
AMD-CAD	rs10445572	19	45767214	PASS
AMD-CAD	rs11672894	19	45801951	PASS
AMD-CAD	rs8111989	19	45809208	PASS
AMD-CAD	rs7260463	19	45814860	PASS
AMD-CAD	rs7260359	19	45814908	PASS
AMD-CAD	rs9807819	19	46239598	PASS
AMD-CAD	rs725660	19	46262286	PASS
AMD-CAD	rs8109951	19	46289503	PASS
AMD-CAD	rs17571725	19	46290822	PASS
AMD-CAD	rs1548029	19	46309203	PASS
AMD-CAD	rs11669073	19	46324880	PASS
AMD-CAD	rs7256192	19	46338492	PASS
AMD-CAD	rs8103278	19	46370381	PASS
AMD-CAD	rs4243218	16	81900628	PASS
AMD-CAD	rs7342694	16	81903800	PASS
AMD-CAD	rs4997772	16	81905295	PASS
AMD-CAD	rs4997771	16	81905409	PASS
AMD-CAD	rs7199578	16	81906234	PASS
AMD-CAD	rs7184247	16	81907752	PASS
AMD-CAD	rs11083846	19	47207654	PASS
AMD-CAD	rs11668987	19	47227821	PASS
AMD-CAD	rs11670473	19	47257481	PASS
AMD-CAD	rs7240020	18	19778928	PASS
AMD-CAD	rs1426022	18	19788303	PASS
AMD-CAD	rs12709669	18	19807071	PASS
AMD-CAD	rs4800374	18	19809469	PASS
AMD-CAD	rs6540277	16	86185024	PASS
AMD-CAD	rs2073748	22	19968971	PASS
AMD-CAD	rs917478	22	19972824	PASS
AMD-CAD	rs917479	22	19973205	PASS
AMD-CAD	rs2238786	22	19975444	PASS
AMD-CAD	rs756653	22	19976845	PASS
AMD-CAD	rs2012714	22	19977647	PASS
AMD-CAD	rs4819527	22	19978022	PASS
AMD-CAD	rs2238790	22	19983014	PASS
AMD-CAD	rs1034564	22	19984013	PASS
AMD-CAD	rs1034565	22	19984211	PASS
AMD-CAD	rs7285377	22	19987202	PASS
AMD-CAD	rs4819852	22	19988167	PASS
AMD-CAD	rs9894634	17	1967501	PASS
AMD-CAD	rs6503222	17	1977862	PASS
AMD-CAD	rs9901671	17	1978484	PASS
AMD-CAD	rs4790312	17	1981480	PASS
AMD-CAD	rs2236374	17	1989637	PASS
AMD-CAD	rs3744274	17	1990959	PASS
AMD-CAD	rs3865240	17	1991460	PASS
AMD-CAD	rs2760734	17	2027644	PASS
AMD-CAD	rs7209460	17	2048713	PASS
AMD-CAD	rs9899468	17	2078642	PASS
AMD-CAD	rs1563966	17	2095954	PASS
AMD-CAD	rs7213756	17	2098339	PASS
AMD-CAD	rs11651451	17	2098417	PASS
AMD-CAD	rs6503324	17	2100512	PASS
AMD-CAD	rs2281727	17	2117945	PASS
AMD-CAD	rs11655813	17	2119101	PASS
AMD-CAD	rs8077194	17	2119475	PASS
AMD-CAD	rs143499	17	2132324	PASS
AMD-CAD	rs7217226	17	2136065	PASS
AMD-CAD	rs216215	17	2140668	PASS
AMD-CAD	rs9892016	17	2146422	PASS
AMD-CAD	rs216219	17	2147291	PASS
AMD-CAD	rs216223	17	2155948	PASS
AMD-CAD	rs7213232	17	2165340	PASS
AMD-CAD	rs7209564	17	2168233	PASS
AMD-CAD	rs216182	17	2173063	PASS
AMD-CAD	rs9905529	17	2177732	PASS
AMD-CAD	rs8065650	17	2180823	PASS
AMD-CAD	rs749240	17	2186100	PASS
AMD-CAD	rs216189	17	2187401	PASS
AMD-CAD	rs216206	17	2196088	PASS
AMD-CAD	rs216202	17	2197387	PASS
AMD-CAD	rs177567	17	2197637	PASS
AMD-CAD	rs216201	17	2198800	PASS
AMD-CAD	rs216200	17	2199846	PASS
AMD-CAD	rs216196	17	2202943	PASS
AMD-CAD	rs216195	17	2203167	PASS
AMD-CAD	rs216193	17	2203453	PASS
AMD-CAD	rs2224770	17	2205923	PASS
AMD-CAD	rs4523957	17	2208899	PASS
AMD-CKD	rs12741729	1	243119242	PASS
AMD-CKD	rs10926962	1	243355772	PASS
AMD-CKD	rs35214822	1	243366930	PASS
AMD-CKD	rs7528764	1	243380482	PASS
AMD-CKD	rs7518350	1	243380513	PASS
AMD-CKD	rs10926971	1	243381354	PASS
AMD-CKD	rs2171972	1	243383661	PASS
AMD-CKD	rs6662118	1	243385307	PASS
AMD-CKD	rs12079702	1	243385960	PASS
AMD-CKD	rs12080886	1	243386036	PASS
AMD-CKD	rs4658548	1	243394093	PASS
AMD-CKD	rs10926974	1	243396326	PASS
AMD-CKD	rs10926975	1	243397782	PASS
AMD-CKD	rs10926976	1	243402721	PASS
AMD-CKD	rs4658552	1	243412936	PASS
AMD-CKD	rs3904683	1	243416525	PASS
AMD-CKD	rs12741781	1	243428152	PASS
AMD-CKD	rs10926978	1	243431654	PASS
AMD-CKD	rs2275154	1	243433654	PASS
AMD-CKD	rs2171975	1	243446994	PASS
AMD-CKD	rs3818802	1	243449881	PASS
AMD-CKD	rs12091558	1	243453910	PASS
AMD-CKD	rs3943093	1	243458502	PASS
AMD-CKD	rs6429422	1	243472801	PASS
AMD-CKD	rs10926994	1	243500994	PASS
AMD-CKD	rs3108680	1	107572997	PASS
AMD-CKD	rs2335077	1	107573565	PASS
AMD-CKD	rs1762482	1	107599002	PASS
AMD-CKD	rs1730865	1	107605611	PASS
AMD-CKD	rs1730859	1	107617707	PASS
AMD-CKD	rs1335055	1	107624563	PASS
AMD-CKD	rs12506745	4	77220837	PASS
AMD-CKD	rs10006043	4	77357747	PASS
AMD-CKD	rs10023335	4	77358987	PASS
AMD-CKD	rs9992101	4	77360431	PASS
AMD-CKD	rs17253722	4	77367287	PASS
AMD-CKD	rs1398016	4	77367688	PASS
AMD-CKD	rs17319721	4	77368847	PASS
AMD-CKD	rs10032549	4	77398015	PASS
AMD-CKD	rs7654754	4	77409795	PASS
AMD-CKD	rs7654978	4	77409945	PASS
AMD-CKD	rs4859682	4	77410318	PASS
AMD-CKD	rs7675258	4	77413179	PASS
AMD-CKD	rs2068063	4	77417203	PASS
AMD-CKD	rs2068062	4	77417214	PASS
AMD-CKD	rs13106227	4	77418681	PASS
AMD-CKD	rs1986734	4	77420784	PASS
AMD-CKD	rs10937161	3	183761125	PASS
AMD-CKD	rs2238154	12	111882485	PASS
AMD-CKD	rs3184504	12	111884608	PASS
AMD-CKD	rs739496	12	111887659	PASS
AMD-CKD	rs10849949	12	111893537	PASS
AMD-CKD	rs2073950	12	111894072	PASS
AMD-CKD	rs2301621	12	111895272	PASS
AMD-CKD	rs10774625	12	111910219	PASS
AMD-CKD	rs7965040	12	111920295	PASS
AMD-CKD	rs1029388	12	111926901	PASS
AMD-CKD	rs7134740	12	111927739	PASS
AMD-CKD	rs6490162	12	111941120	PASS
AMD-CKD	rs628825	12	111951850	PASS
AMD-CKD	rs630512	12	111952167	PASS
AMD-CKD	rs657197	12	111965658	PASS
AMD-CKD	rs607316	12	111969448	PASS
AMD-CKD	rs616668	12	111974280	PASS
AMD-CKD	rs593226	12	111993886	PASS
AMD-CKD	rs616559	12	112003350	PASS
AMD-CKD	rs616513	12	112003383	PASS
AMD-CKD	rs653178	12	112007756	PASS
AMD-CKD	rs7398705	12	112016016	PASS
AMD-CKD	rs12369009	12	112019799	PASS
AMD-CKD	rs4332691	15	53890362	PASS
AMD-CKD	rs10152972	15	53899188	PASS
AMD-CKD	rs1906404	15	53906402	PASS
AMD-CKD	rs17730281	15	53907948	PASS
AMD-CKD	rs1105903	15	53919558	PASS
AMD-CKD	rs11858440	15	53926729	PASS
AMD-CKD	rs17730323	15	53927089	PASS
AMD-CKD	rs4776168	15	53936907	PASS
AMD-CKD	rs10518733	15	53940307	PASS
AMD-CKD	rs17730436	15	53942928	PASS
AMD-CKD	rs7495833	15	53943318	PASS
AMD-CKD	rs732975	15	53950390	PASS
AMD-CKD	rs1031755	15	53951435	PASS
AMD-CKD	rs1878184	15	53956055	PASS
AMD-CKD	rs10851543	15	53962748	PASS
AMD-CKD	rs6416452	15	53994493	PASS
AMD-CKD	rs690054	15	54000973	PASS
AMD-CKD	rs690383	15	54002267	PASS
AMD-CKD	rs690214	15	54006063	PASS
AMD-CKD	rs11853157	15	54006275	PASS
AMD-CKD	rs690526	15	54007118	PASS
AMD-CKD	rs475377	15	54009231	PASS
AMD-CKD	rs956553	15	54013493	PASS
AMD-CKD	rs2126191	15	54014073	PASS
AMD-CKD	rs17271730	15	62757722	PASS
AMD-CKD	rs779885	15	62762372	PASS
AMD-CKD	rs3866545	15	75608832	PASS
AMD-CKD	rs8031650	15	75609030	PASS
AMD-CKD	rs7164429	15	75618414	PASS
AMD-CKD	rs8027749	15	75800427	PASS
AMD-CKD	rs3210683	15	75890612	PASS
AMD-CKD	rs1128585	15	75890689	PASS
AMD-CKD	rs8025681	15	75928075	PASS
AMD-PD	rs35902694	1	155042886	PASS
AMD-PD	rs3766916	1	155049402	PASS
AMD-PD	rs11264329	1	155095158	PASS
AMD-PD	rs12040970	1	155095300	PASS
AMD-PD	rs4971079	1	155130391	PASS
AMD-PD	rs12629451	3	58209423	PASS
AMD-PD	rs7636513	3	58211083	PASS
AMD-PD	rs6445961	3	58232659	PASS
AMD-PD	rs9860730	3	64701146	PASS
AMD-PD	rs4411878	3	64703665	PASS
AMD-PD	rs4422297	3	64704860	PASS
AMD-PD	rs6795735	3	64705365	PASS
AMD-PD	rs9311910	3	64707269	PASS
AMD-PD	rs4132228	3	64708114	PASS
AMD-PD	rs4607103	3	64711904	PASS
AMD-PD	rs17727064	3	64714182	PASS
AMD-PD	rs13096392	3	64722611	PASS
AMD-PD	rs2194091	3	64725485	PASS
AMD-PD	rs7638389	3	64729892	PASS
AMD-PD	rs28412122	9	98273791	PASS
AMD-PD	rs28705285	9	98279801	PASS
AMD-PD	rs10163682	18	40701725	PASS
AMD-PD	rs583338	18	40872233	PASS
AMD-PD	rs310091	18	40878010	PASS
AMD-PD	rs199513	17	44856932	PASS
AMD-PD	rs415430	17	44859144	PASS
AMD-PD	rs6065912	20	44632367	PASS
AMD-STROKE	rs6896064	5	156975016	PASS
AMD-STROKE	rs9385137	6	120761130	PASS
AMD-STROKE	rs1957570	14	68729224	PASS
AMD-STROKE	rs2208397	14	68753287	PASS
AMD-STROKE	rs911263	14	68753593	PASS
AMD-STROKE	rs7997675	13	74064310	PASS
AMD-STROKE	rs1415408	13	74088814	PASS
AMD-STROKE	rs9600128	13	74090415	PASS
AMD-STROKE	rs8010344	14	93086918	PASS
AMD-STROKE	rs7146689	14	93100024	PASS
AMD-STROKE	rs10498635	14	93103309	PASS
AMD-STROKE	rs11627032	14	93104072	PASS
AMD-STROKE	rs11624512	14	93111120	PASS
AMD-STROKE	rs247617	16	56990716	PASS
AMD-STROKE	rs3764261	16	56993324	PASS
AMD-STROKE	rs1800775	16	56995236	PASS
AMD-STROKE	rs1864163	16	56997233	PASS
AMD-STROKE	rs7203984	16	56999258	PASS
AMD-STROKE	rs7205804	16	57004889	PASS
AMD-STROKE	rs1532625	16	57005301	PASS
AMD-STROKE	rs1532624	16	57005479	PASS
AMD-STROKE	rs7499892	16	57006590	PASS
AMD-STROKE	rs7201829	16	82923681	PASS
AMD-STROKE	rs4783296	16	82930317	PASS
AMD-STROKE	rs632111	19	49208978	PASS
AMD-STROKE	rs503279	19	49209010	PASS
AMD-STROKE	rs676388	19	49211969	PASS
AMD-STROKE	rs7222628	17	3890429	PASS
AMD-STROKE	rs6502764	17	3901502	PASS
AMD-STROKE	rs8075429	17	3907308	PASS
AMD-STROKE	rs2676276	17	3919981	PASS
AMD-STROKE	rs711178	17	3922918	PASS
AMD-STROKE	rs781853	17	3953083	PASS
AMD-STROKE	rs781852	17	3953102	PASS
AMD-STROKE	rs781850	17	3957124	PASS
AMD-STROKE	rs781848	17	3958105	PASS
AMD-STROKE	rs781825	17	3966064	PASS
AMD-STROKE	rs897026	17	3980318	PASS
AMD-STROKE	rs2727061	17	3985832	PASS
AMD-STROKE	rs2727060	17	3989968	PASS
AMD-STROKE	rs2727074	17	3994670	PASS
AMD-STROKE	rs2603025	17	3996964	PASS
AMD-STROKE	rs1377806	17	4019966	PASS
AMD-STROKE	rs17176322	17	4056376	PASS
AMD-STROKE	rs4790581	17	4066657	PASS
AMD-STROKE	rs4790587	17	4090060	PASS
AMD-STROKE	rs10521130	17	4110024	PASS
AMD-STROKE	rs4790185	17	4115617	PASS
AMD-STROKE	rs4284685	17	4117199	PASS
AMD-STROKE	rs1982177	17	4119994	PASS
AMD-STROKE	rs12602879	17	4133394	PASS
AMD-STROKE	rs1821860	17	4134119	PASS
AMD-STROKE	rs4790594	17	4137919	PASS
AMD-STROKE	rs2053254	17	4140669	PASS
AMD-STROKE	rs9915670	17	4143290	PASS
AMD-STROKE	rs12709336	17	4145818	PASS
AMD-STROKE	rs4573968	17	4147047	PASS
AMD-STROKE	rs12601993	17	4151421	PASS
AMD-STROKE	rs9913077	17	4153807	PASS
AMD-STROKE	rs7504064	17	4154376	PASS
AMD-STROKE	rs11078490	17	4154426	PASS
AMD-STROKE	rs4790598	17	4156620	PASS
AMD-STROKE	rs2325881	17	4166804	PASS
AMD-STROKE	rs1437808	17	4175846	PASS
AMD-STROKE	rs733622	17	4181122	PASS
AMD-STROKE	rs9913489	17	4184641	PASS
AMD-STROKE	rs11868068	17	4185327	PASS
AMD-STROKE	rs4322703	17	4187940	PASS
AMD-STROKE	rs2325988	17	4199284	PASS
AMD-STROKE	rs1866176	17	4205445	PASS
AMD-STROKE	rs8072251	17	4212108	PASS
AMD-STROKE	rs9303185	17	4212894	PASS
AMD-STROKE	rs12950048	17	4215748	PASS
AMD-STROKE	rs2053255	17	4221236	PASS
AMD-STROKE	rs4467138	17	4224736	PASS
AMD-STROKE	rs12937759	17	4245305	PASS
AMD-STROKE	rs8072296	17	4261050	PASS
AMD-T2D	rs11938222	4	110555678	PASS
AMD-T2D	rs726585	4	110569547	PASS
AMD-T2D	rs6533445	4	110574609	PASS
AMD-T2D	rs4698776	4	110590821	PASS
AMD-T2D	rs13103167	4	110593460	PASS
AMD-T2D	rs3843467	5	55856375	PASS
AMD-T2D	rs7703051	5	74625487	PASS
AMD-T2D	rs7701925	5	74625512	PASS
AMD-T2D	rs11749783	5	74626082	PASS
AMD-T2D	rs3846663	5	74655726	PASS
AMD-T2D	rs7700468	5	74675076	PASS
AMD-T2D	rs3761742	5	74678937	PASS
AMD-T2D	rs3846665	5	74681500	PASS
AMD-T2D	rs698912	5	74681773	PASS
AMD-T2D	rs7356637	5	74683646	PASS
AMD-T2D	rs3761743	5	74685520	PASS
AMD-T2D	rs6878990	5	74689249	PASS
AMD-T2D	rs6453133	5	74692776	PASS
AMD-T2D	rs10038723	5	74717653	PASS
AMD-T2D	rs6453134	5	74717767	PASS
AMD-T2D	rs10434644	5	74731732	PASS
AMD-T2D	rs4385188	5	74734362	PASS
AMD-T2D	rs6872314	5	74736065	PASS
AMD-T2D	rs10070207	5	74745228	PASS
AMD-T2D	rs4704220	5	74757556	PASS
AMD-T2D	rs4440336	5	74764347	PASS
AMD-T2D	rs4704223	5	74773420	PASS
AMD-T2D	rs10942739	5	74786083	PASS
AMD-T2D	rs6896136	5	74787310	PASS
AMD-T2D	rs7709282	5	74792657	PASS
AMD-T2D	rs5744533	5	74806104	PASS
AMD-T2D	rs4549504	5	74808237	PASS
AMD-T2D	rs4604177	5	74808880	PASS
AMD-T2D	rs5744555	5	74817236	PASS
AMD-T2D	rs3213801	5	74877266	PASS
AMD-T2D	rs1051795	5	74896798	PASS
AMD-T2D	rs2287711	5	74898752	PASS
AMD-T2D	rs984976	5	74910870	PASS
AMD-T2D	rs6861279	5	74919409	PASS
AMD-T2D	rs924452	5	74923956	PASS
AMD-T2D	rs1427924	5	74924890	PASS
AMD-T2D	rs9293656	5	74925162	PASS
AMD-T2D	rs253407	5	74926778	PASS
AMD-T2D	rs34340	5	74932099	PASS
AMD-T2D	rs34342	5	74934213	PASS
AMD-T2D	rs253414	5	74956517	PASS
AMD-T2D	rs34355	5	74959970	PASS
AMD-T2D	rs34357	5	74964128	PASS
AMD-T2D	rs34358	5	74965122	PASS
AMD-T2D	rs40060	5	74967386	PASS
AMD-T2D	rs34361	5	74971846	PASS
AMD-T2D	rs253388	5	74975912	PASS
AMD-T2D	rs17649055	5	74984269	PASS
AMD-T2D	rs4704231	5	74986576	PASS
AMD-T2D	rs888789	5	74988369	PASS
AMD-T2D	rs34905687	5	74997736	PASS
AMD-T2D	rs10057967	5	74997756	PASS
AMD-T2D	rs2307113	5	74998264	PASS
AMD-T2D	rs3797580	5	75003056	PASS
AMD-T2D	rs2307111	5	75003678	PASS
AMD-T2D	rs2047059	5	75008193	PASS
AMD-T2D	rs2628570	4	153373680	PASS
AMD-T2D	rs1516820	4	153380801	PASS
AMD-T2D	rs28401633	4	153394160	PASS
AMD-T2D	rs7660590	4	153397823	PASS
AMD-T2D	rs718089	4	153412394	PASS
AMD-T2D	rs1516819	4	153433451	PASS
AMD-T2D	rs1484879	4	153455628	PASS
AMD-T2D	rs1351903	4	153456102	PASS
AMD-T2D	rs4696324	4	153485432	PASS
AMD-T2D	rs10011174	4	153495515	PASS
AMD-T2D	rs17029013	4	153502806	PASS
AMD-T2D	rs7686797	4	153513300	PASS
AMD-T2D	rs4696327	4	153515580	PASS
AMD-T2D	rs4696137	4	153518973	PASS
AMD-T2D	rs6807089	3	123064089	PASS
AMD-T2D	rs4596093	3	123068286	PASS
AMD-T2D	rs1456116	3	123084379	PASS
AMD-T2D	rs17419291	5	87780432	PASS
AMD-T2D	rs412458	5	88029627	PASS
AMD-T2D	rs661311	5	88034867	PASS
AMD-T2D	rs9852406	3	135625498	PASS
AMD-T2D	rs6775778	3	135726679	PASS
AMD-T2D	rs13079205	3	135800693	PASS
AMD-T2D	rs9848926	3	135816302	PASS
AMD-T2D	rs6793835	3	135819934	PASS
AMD-T2D	rs1393786	3	135854035	PASS
AMD-T2D	rs1393787	3	135854201	PASS
AMD-T2D	rs9881400	3	135861666	PASS
AMD-T2D	rs28519617	3	135874930	PASS
AMD-T2D	rs28669017	3	135874932	PASS
AMD-T2D	rs13081671	3	135876549	PASS
AMD-T2D	rs35837273	3	135878634	PASS
AMD-T2D	rs35352346	3	135881488	PASS
AMD-T2D	rs28535121	3	135892798	PASS
AMD-T2D	rs6786582	3	135898984	PASS
AMD-T2D	rs6769762	3	135908178	PASS
AMD-T2D	rs35320690	3	135932494	PASS
AMD-T2D	rs6805316	3	135952112	PASS
AMD-T2D	rs9844666	3	135974216	PASS
AMD-T2D	rs9837158	3	136073163	PASS
AMD-T2D	rs9880211	3	136107549	PASS
AMD-T2D	rs34913797	3	136127570	PASS
AMD-T2D	rs28634226	3	136129882	PASS
AMD-T2D	rs34757183	3	136143668	PASS
AMD-T2D	rs9812579	3	136151250	PASS
AMD-T2D	rs9823373	3	136167027	PASS
AMD-T2D	rs17364492	3	136204437	PASS
AMD-T2D	rs6768743	3	136205007	PASS
AMD-T2D	rs13321721	3	136209550	PASS
AMD-T2D	rs34135127	3	136226498	PASS
AMD-T2D	rs9878078	3	136237573	PASS
AMD-T2D	rs9813691	3	136260722	PASS
AMD-T2D	rs13326151	3	136261744	PASS
AMD-T2D	rs12695649	3	136271916	PASS
AMD-T2D	rs9857966	3	136279390	PASS
AMD-T2D	rs9883189	3	136289466	PASS
AMD-T2D	rs13071220	3	136314119	PASS
AMD-T2D	rs9820717	3	136346613	PASS
AMD-T2D	rs9847427	3	136351550	PASS
AMD-T2D	rs28750366	3	136361055	PASS
AMD-T2D	rs4038586	3	136363291	PASS
AMD-T2D	rs9845862	3	136472573	PASS
AMD-T2D	rs13314357	3	136487559	PASS
AMD-T2D	rs36109616	3	136492403	PASS
AMD-T2D	rs1872239	3	136503911	PASS
AMD-T2D	rs9871184	3	136514310	PASS
AMD-T2D	rs13433683	3	136518670	PASS
AMD-T2D	rs1052620	3	136574521	PASS
AMD-T2D	rs13087441	3	138042669	PASS
AMD-T2D	rs6802211	3	138051423	PASS
AMD-T2D	rs4678408	3	138053187	PASS
AMD-T2D	rs6439804	3	138056550	PASS
AMD-T2D	rs4678409	3	138057719	PASS
AMD-T2D	rs2054468	3	138057903	PASS
AMD-T2D	rs2169973	3	138057915	PASS
AMD-T2D	rs7637666	3	138060612	PASS
AMD-T2D	rs7615658	3	138060661	PASS
AMD-T2D	rs6769261	3	138061168	PASS
AMD-T2D	rs9845672	3	138061954	PASS
AMD-T2D	rs751357	3	138078155	PASS
AMD-T2D	rs730158	3	138078198	PASS
AMD-T2D	rs731632	3	138078662	PASS
AMD-T2D	rs4678415	3	138086635	PASS
AMD-T2D	rs4678260	3	138089513	PASS
AMD-T2D	rs9289559	3	138091189	PASS
AMD-T2D	rs6782181	3	138105054	PASS
AMD-T2D	rs9823785	3	141061438	PASS
AMD-T2D	rs6784404	3	141073675	PASS
AMD-T2D	rs13095453	3	141074962	PASS
AMD-T2D	rs9857275	3	141078188	PASS
AMD-T2D	rs7613516	3	141079309	PASS
AMD-T2D	rs6440001	3	141085972	PASS
AMD-T2D	rs6440003	3	141094209	PASS
AMD-T2D	rs9822195	3	141096736	PASS
AMD-T2D	rs6764769	3	141100280	PASS
AMD-T2D	rs6763931	3	141102833	PASS
AMD-T2D	rs724016	3	141105570	PASS
AMD-T2D	rs7632381	3	141106063	PASS
AMD-T2D	rs2871960	3	141121814	PASS
AMD-T2D	rs1344674	3	141125186	PASS
AMD-T2D	rs6767899	3	141125439	PASS
AMD-T2D	rs9825379	3	141137035	PASS
AMD-T2D	rs9846396	3	141140968	PASS
AMD-T2D	rs6802753	3	141145473	PASS
AMD-T2D	rs4714699	6	43802563	PASS
AMD-T2D	rs1317840	6	43806921	PASS
AMD-T2D	rs9369425	6	43810974	PASS
AMD-T2D	rs9472138	6	43811762	PASS
AMD-T2D	rs6937438	6	43815364	PASS
AMD-T2D	rs1536304	6	43817837	PASS
AMD-T2D	rs6933958	6	43823689	PASS
AMD-T2D	rs943080	6	43826627	PASS
AMD-T2D	rs9462935	6	43828573	PASS
AMD-T2D	rs10774625	12	111910219	PASS
AMD-T2D	rs653178	12	112007756	PASS
AMD-T2D	rs11055879	12	14405887	PASS
AMD-T2D	rs17221259	12	14410485	PASS
AMD-T2D	rs6492971	15	41233035	PASS
AMD-T2D	rs4923889	15	41234932	PASS
AMD-T2D	rs2289739	15	41801512	PASS
AMD-T2D	rs1473781	15	41818917	PASS
AMD-T2D	rs2297379	15	41819283	PASS
AMD-T2D	rs2297381	15	41827655	PASS
AMD-T2D	rs721772	15	41829230	PASS
AMD-T2D	rs1200353	15	41836234	PASS
AMD-T2D	rs7167667	15	41845674	PASS
AMD-T2D	rs9944249	15	41847176	PASS
AMD-T2D	rs6493004	15	41858687	PASS
AMD-T2D	rs6493005	15	41859152	PASS
AMD-T2D	rs4772955	13	108799306	PASS
AMD-T2D	rs694985	15	43813387	PASS
AMD-T2D	rs2245715	15	43818052	PASS
AMD-T2D	rs2255440	15	43830467	PASS
AMD-T2D	rs496584	15	43831923	PASS
AMD-T2D	rs2255042	15	43834318	PASS
AMD-T2D	rs2251844	15	43836478	PASS
AMD-T2D	rs486301	15	43836949	PASS
AMD-T2D	rs2255051	15	43846161	PASS
AMD-T2D	rs2447196	15	43893818	PASS
AMD-T2D	rs16965120	15	44100342	PASS
AMD-T2D	rs3825783	15	44102309	PASS
AMD-T2D	rs3736180	15	44106624	PASS
AMD-T2D	rs28684672	15	44107662	PASS
AMD-T2D	rs28636829	15	44116053	PASS
AMD-T2D	rs3816792	15	44116986	PASS
AMD-T2D	rs3759790	15	44121030	PASS
AMD-T2D	rs28699233	15	44122866	PASS
AMD-T2D	rs7169322	15	44131014	PASS
AMD-T2D	rs8032649	15	44134922	PASS
AMD-T2D	rs16977798	15	44151948	PASS
AMD-T2D	rs9989313	15	44152817	PASS
AMD-T2D	rs11856795	15	44160582	PASS
AMD-T2D	rs1169307	12	121438382	PASS
AMD-T2D	rs4275659	12	123447928	PASS
AMD-T2D	rs1463877	12	123473254	PASS
AMD-T2D	rs937564	12	123477311	PASS
AMD-T2D	rs641760	12	123518866	PASS
AMD-T2D	rs655293	12	123528405	PASS
AMD-T2D	rs585522	12	123550813	PASS
AMD-T2D	rs1260294	12	123560289	PASS
AMD-T2D	rs1617156	12	123590165	PASS
AMD-T2D	rs7132277	12	123593382	PASS
AMD-T2D	rs1790116	12	123618544	PASS
AMD-T2D	rs1106240	12	123626982	PASS
AMD-T2D	rs1106241	12	123627016	PASS
AMD-T2D	rs1569068	12	123632276	PASS
AMD-T2D	rs1790108	12	123636841	PASS
AMD-T2D	rs1727315	12	123638930	PASS
AMD-T2D	rs1051431	12	123645803	PASS
AMD-T2D	rs1716165	12	123648881	PASS
AMD-T2D	rs1716167	12	123651162	PASS
AMD-T2D	rs1790098	12	123655481	PASS
AMD-T2D	rs1727309	12	123658258	PASS
AMD-T2D	rs1790123	12	123659542	PASS
AMD-T2D	rs1716164	12	123663660	PASS
AMD-T2D	rs1716157	12	123670473	PASS
AMD-T2D	rs1790095	12	123681222	PASS
AMD-T2D	rs1402274	12	123686224	PASS
AMD-T2D	rs2695478	12	123689521	PASS
AMD-T2D	rs11057192	12	123693420	PASS
AMD-T2D	rs2682434	12	123694724	PASS
AMD-T2D	rs1727323	12	123698790	PASS
AMD-T2D	rs1716160	12	123700225	PASS
AMD-T2D	rs1790131	12	123701010	PASS
AMD-T2D	rs1716171	12	123716376	PASS
AMD-T2D	rs1716170	12	123716513	PASS
AMD-T2D	rs1879380	12	123739111	PASS
AMD-T2D	rs1969354	12	123741776	PASS
AMD-T2D	rs4759371	12	123742563	PASS
AMD-T2D	rs4759415	12	123743674	PASS
AMD-T2D	rs2337934	12	123745359	PASS
AMD-T2D	rs6488868	12	123799974	PASS
AMD-T2D	rs1060105	12	123806219	PASS
AMD-T2D	rs12316131	12	123817796	PASS
AMD-T2D	rs12322888	12	123825559	PASS
AMD-T2D	rs12298826	12	123829028	PASS
AMD-T2D	rs28458312	12	123863265	PASS
AMD-T2D	rs28636834	12	123871070	PASS
AMD-T2D	rs28472704	12	123887369	PASS
AMD-T2D	rs28406193	12	123891865	PASS
AMD-T2D	rs28625019	12	123907563	PASS
AMD-T2D	rs28706696	12	123908126	PASS
AMD-T2D	rs10468017	15	58678512	PASS
AMD-T2D	rs7350789	15	58679668	PASS
AMD-T2D	rs166358	15	58680805	PASS
AMD-T2D	rs12185071	15	58683227	PASS
AMD-T2D	rs1532085	15	58683366	PASS
AMD-T2D	rs12185072	15	58683410	PASS
AMD-T2D	rs16940167	15	58683697	PASS
AMD-T2D	rs493258	15	58687880	PASS
AMD-T2D	rs339969	15	60883281	PASS
AMD-T2D	rs11830243	12	132544694	PASS
AMD-T2D	rs4776873	15	67322068	PASS
AMD-T2D	rs4776335	15	67330677	PASS
AMD-T2D	rs6494625	15	67337890	PASS
AMD-T2D	rs16950543	15	67343081	PASS
AMD-T2D	rs744910	15	67446785	PASS
AMD-T2D	rs12708492	15	67467541	PASS
AMD-T2D	rs6494654	15	67681907	PASS
AMD-T2D	rs11071951	15	67694766	PASS
AMD-T2D	rs2286664	15	67701495	PASS
AMD-T2D	rs2899724	15	67760808	PASS
AMD-T2D	rs4776361	15	67762056	PASS
AMD-T2D	rs8026627	15	67770306	PASS
AMD-T2D	rs938875	15	67952922	PASS
AMD-T2D	rs8032675	15	67959464	PASS
AMD-T2D	rs3784692	15	67988133	PASS
AMD-T2D	rs4363822	15	67992583	PASS
AMD-T2D	rs997295	15	68016343	PASS
AMD-T2D	rs2241423	15	68086838	PASS
AMD-T2D	rs8012584	14	38826243	PASS
AMD-T2D	rs17107931	14	38842788	PASS
AMD-T2D	rs8005111	14	38845962	PASS
AMD-T2D	rs1565496	15	75529182	PASS
AMD-T2D	rs12594013	15	75596353	PASS
AMD-T2D	rs3866545	15	75608832	PASS
AMD-T2D	rs8031650	15	75609030	PASS
AMD-T2D	rs7164429	15	75618414	PASS
AMD-T2D	rs9673084	15	75622943	PASS
AMD-T2D	rs8028277	15	75684085	PASS
AMD-T2D	rs4886699	15	75692303	PASS
AMD-T2D	rs4886703	15	75730366	PASS
AMD-T2D	rs4886443	15	75732227	PASS
AMD-T2D	rs4451914	15	75739824	PASS
AMD-T2D	rs8038760	15	75742095	PASS
AMD-T2D	rs4886707	15	75755467	PASS
AMD-T2D	rs4886708	15	75762608	PASS
AMD-T2D	rs8034317	15	75764343	PASS
AMD-T2D	rs8027749	15	75800427	PASS
AMD-T2D	rs12708519	15	75803200	PASS
AMD-T2D	rs8029112	15	75808972	PASS
AMD-T2D	rs28610581	15	75812474	PASS
AMD-T2D	rs8030802	15	75813153	PASS
AMD-T2D	rs6495182	15	75814388	PASS
AMD-T2D	rs11636031	15	75815758	PASS
AMD-T2D	rs11636199	15	75825337	PASS
AMD-T2D	rs4075522	15	75864335	PASS
AMD-T2D	rs3210683	15	75890612	PASS
AMD-T2D	rs1128585	15	75890689	PASS
AMD-T2D	rs4886722	15	75921636	PASS
AMD-T2D	rs9920028	15	75927717	PASS
AMD-T2D	rs8025681	15	75928075	PASS
AMD-T2D	rs7166281	15	75928192	PASS
AMD-T2D	rs576674	13	33554302	PASS
AMD-T2D	rs533873	13	33555587	PASS
AMD-T2D	rs2028299	15	90374257	PASS
AMD-T2D	rs1371135	15	90391270	PASS
AMD-T2D	rs12594808	15	90400884	PASS
AMD-T2D	rs11638138	15	90428755	PASS
AMD-T2D	rs2034085	15	91506452	PASS
AMD-T2D	rs4932182	15	91508803	PASS
AMD-T2D	rs7601	15	91509592	PASS
AMD-T2D	rs12910825	15	91511260	PASS
AMD-T2D	rs8042680	15	91521337	PASS
AMD-T2D	rs11073964	15	91543761	PASS
AMD-T2D	rs12899811	15	91544076	PASS
AMD-T2D	rs4244883	15	91546497	PASS
AMD-T2D	rs8026678	15	91562005	PASS
AMD-T2D	rs12595616	15	91563513	PASS
AMD-T2D	rs11073967	15	91565804	PASS
AMD-T2D	rs2358954	12	66379504	PASS
AMD-T2D	rs10400419	12	66389968	PASS
AMD-T2D	rs4901977	14	60789176	PASS
AMD-T2D	rs8015152	14	60811999	PASS
AMD-T2D	rs1010053	14	61005625	PASS
AMD-T2D	rs12893450	14	61536933	PASS
AMD-T2D	rs11178531	12	71408690	PASS
AMD-T2D	rs7132840	12	71411561	PASS
AMD-T2D	rs7155830	14	67979557	PASS
AMD-T2D	rs7161368	14	67983868	PASS
AMD-T2D	rs8019974	14	67986275	PASS
AMD-T2D	rs12887115	14	67990648	PASS
CAT-AD	rs12105394	2	43676790	PASS
CAT-AD	rs7599781	2	43678726	PASS
CAT-AD	rs12105710	2	43679139	PASS
CAT-AD	rs76282560	2	43682635	PASS
CAT-AD	rs7572923	2	43685109	PASS
CAT-AD	rs7599799	2	43685493	PASS
CAT-AD	rs7573500	2	43685625	PASS
CAT-AD	rs6746058	2	43687542	PASS
CAT-AD	rs17030845	2	43687879	PASS
CAT-AD	rs77377889	2	43688324	PASS
CAT-AD	rs7561287	2	43689071	PASS
CAT-AD	rs17030855	2	43689364	PASS
CAT-AD	rs17030859	2	43689904	PASS
CAT-AD	rs17039133	2	43694570	PASS
CAT-AD	rs17334919	2	43707385	PASS
CAT-AD	rs75607314	2	43719691	PASS
CAT-AD	rs35675064	1	24251651	PASS
CAT-AD	rs72843817	2	127772047	PASS
CAT-AD	rs72843819	2	127772137	PASS
CAT-AD	rs72843823	2	127777874	PASS
CAT-AD	rs72843885	2	127782599	PASS
CAT-AD	rs2404174	2	127783773	PASS
CAT-AD	rs2404175	2	127783891	PASS
CAT-AD	rs72843890	2	127785084	PASS
CAT-AD	rs113019079	2	127789035	PASS
CAT-AD	rs111906619	2	127789085	PASS
CAT-AD	rs72843892	2	127789489	PASS
CAT-AD	rs17694125	2	127789641	PASS
CAT-AD	rs72843896	2	127793239	PASS
CAT-AD	rs11898274	2	127797741	PASS
CAT-AD	rs10929004	2	127798270	PASS
CAT-AD	rs56049505	2	127800315	PASS
CAT-AD	rs4662702	2	127800705	PASS
CAT-AD	rs72843900	2	127802704	PASS
CAT-AD	rs3768864	2	127807027	PASS
CAT-AD	rs55636820	2	127812256	PASS
CAT-AD	rs17014873	2	127830219	PASS
CAT-AD	rs72846688	2	127831811	PASS
CAT-AD	rs10202325	2	127832345	PASS
CAT-AD	rs55889591	2	127832348	PASS
CAT-AD	rs62157853	2	127832423	PASS
CAT-AD	rs55948843	2	127832427	PASS
CAT-AD	rs6705636	2	127832684	PASS
CAT-AD	rs6705877	2	127832884	PASS
CAT-AD	rs56275366	2	127833617	PASS
CAT-AD	rs13386828	2	127833736	PASS
CAT-AD	rs2276575	2	127834136	PASS
CAT-AD	rs62157856	2	127834369	PASS
CAT-AD	rs13387613	2	127834384	PASS
CAT-AD	rs13430398	2	127834528	PASS
CAT-AD	rs13433081	2	127834655	PASS
CAT-AD	rs6704659	2	127834792	PASS
CAT-AD	rs6750960	2	127835005	PASS
CAT-AD	rs6714477	2	127835122	PASS
CAT-AD	rs13388023	2	127835373	PASS
CAT-AD	rs60622257	2	127835579	PASS
CAT-AD	rs60355033	2	127835624	PASS
CAT-AD	rs58050378	2	127835635	PASS
CAT-AD	rs59469917	2	127835773	PASS
CAT-AD	rs17014903	2	127835827	PASS
CAT-AD	rs13394666	2	127836927	PASS
CAT-AD	rs13430599	2	127837041	PASS
CAT-AD	rs55769487	2	127838115	PASS
CAT-AD	rs12329015	2	127838767	PASS
CAT-AD	rs6431223	2	127895487	PASS
CAT-AD	rs13034620	2	9660858	PASS
CAT-AD	rs12992105	2	9663873	PASS
CAT-AD	rs10495564	2	9664701	PASS
CAT-AD	rs67837413	2	9673272	PASS
CAT-AD	rs34337416	2	9673279	PASS
CAT-AD	rs17525614	2	9679854	PASS
CAT-AD	rs1880439	2	9681797	PASS
CAT-AD	rs10179642	2	9683696	PASS
CAT-AD	rs35933838	2	9684176	PASS
CAT-AD	rs13033880	2	9688143	PASS
CAT-AD	rs62119380	2	9689360	PASS
CAT-AD	rs72777025	2	9699010	PASS
CAT-AD	rs72777026	2	9699011	PASS
CAT-AD	rs7579866	2	9701877	PASS
CAT-AD	rs10929589	2	9703439	PASS
CAT-AD	rs1446585	2	136407479	PASS
CAT-AD	rs2056297	2	136899116	PASS
CAT-AD	rs4954566	2	136901513	PASS
CAT-AD	rs4954392	2	136901607	PASS
CAT-AD	rs12616955	2	136902666	PASS
CAT-AD	rs12473760	2	136905697	PASS
CAT-AD	rs2102896	2	136906640	PASS
CAT-AD	rs953387	2	136907170	PASS
CAT-AD	rs10803550	2	136907790	PASS
CAT-AD	rs6715785	2	136910273	PASS
CAT-AD	rs4954569	2	136913375	PASS
CAT-AD	rs1554444	2	12991752	PASS
CAT-AD	rs2139842	2	12992340	PASS
CAT-AD	rs2139844	2	12993807	PASS
CAT-AD	rs6735213	2	12994241	PASS
CAT-AD	rs6720520	2	12994286	PASS
CAT-AD	rs12997678	2	12994469	PASS
CAT-AD	rs10188224	2	12995782	PASS
CAT-AD	rs7556962	2	13000040	PASS
CAT-AD	rs1357060	2	13002998	PASS
CAT-AD	rs1521249	2	13008754	PASS
CAT-AD	rs4424195	7	99642745	PASS
CAT-AD	rs12705070	7	99656927	PASS
CAT-AD	rs12705071	7	99682026	PASS
CAT-AD	rs2070215	7	99696797	PASS
CAT-AD	rs55796551	7	99777422	PASS
CAT-AD	rs3779046	7	99779243	PASS
CAT-AD	rs3779045	7	99779259	PASS
CAT-AD	rs6465764	7	99779886	PASS
CAT-AD	rs10252884	7	99780655	PASS
CAT-AD	rs6960458	7	99783714	PASS
CAT-AD	rs2141160	7	99784704	PASS
CAT-AD	rs6465765	7	99785443	PASS
CAT-AD	rs6465766	7	99785671	PASS
CAT-AD	rs2272344	7	99786819	PASS
CAT-AD	rs11764176	7	99786964	PASS
CAT-AD	rs6948729	7	99787372	PASS
CAT-AD	rs12666425	7	99790677	PASS
CAT-AD	rs11767968	7	99790971	PASS
CAT-AD	rs7811662	7	99792608	PASS
CAT-AD	rs3823642	7	99796072	PASS
CAT-AD	rs1628077	7	99800958	PASS
CAT-AD	rs1727122	7	99803738	PASS
CAT-AD	rs1727123	7	99803794	PASS
CAT-AD	rs1727124	7	99804104	PASS
CAT-AD	rs1727125	7	99804125	PASS
CAT-AD	rs2528900	7	99805319	PASS
CAT-AD	rs1061230	7	99807265	PASS
CAT-AD	rs1637001	7	99808151	PASS
CAT-AD	rs1617502	7	99809835	PASS
CAT-AD	rs2257213	7	99810113	PASS
CAT-AD	rs1618851	7	99810643	PASS
CAT-AD	rs1636975	7	99812089	PASS
CAT-AD	rs1727132	7	99812297	PASS
CAT-AD	rs1727133	7	99812870	PASS
CAT-AD	rs1727134	7	99813672	PASS
CAT-AD	rs1636978	7	99813912	PASS
CAT-AD	rs36019559	7	99814586	PASS
CAT-AD	rs2005763	7	99814821	PASS
CAT-AD	rs1727138	7	99815247	PASS
CAT-AD	rs1727139	7	99815367	PASS
CAT-AD	rs1727142	7	99816179	PASS
CAT-AD	rs1636988	7	99816437	PASS
CAT-AD	rs1727144	7	99816673	PASS
CAT-AD	rs2906645	7	99817859	PASS
CAT-AD	rs858505	7	99819577	PASS
CAT-AD	rs858506	7	99820050	PASS
CAT-AD	rs858507	7	99820877	PASS
CAT-AD	rs858509	7	99821470	PASS
CAT-AD	rs863450	7	99821685	PASS
CAT-AD	rs858511	7	99823621	PASS
CAT-AD	rs858512	7	99824453	PASS
CAT-AD	rs858513	7	99825558	PASS
CAT-AD	rs858514	7	99825748	PASS
CAT-AD	rs2950520	7	99827148	PASS
CAT-AD	rs866500	7	99840461	PASS
CAT-AD	rs286543	7	2536377	PASS
CAT-AD	rs286545	7	2536506	PASS
CAT-AD	rs286546	7	2537403	PASS
CAT-AD	rs286553	7	2547511	PASS
CAT-AD	rs286554	7	2549111	PASS
CAT-AD	rs286559	7	2551863	PASS
CAT-AD	rs286560	7	2552986	PASS
CAT-AD	rs59344450	7	2553874	PASS
CAT-AD	rs748097	7	2556398	PASS
CAT-AD	rs11770785	7	2556639	PASS
CAT-AD	rs62498669	8	8287526	PASS
CAT-AD	rs2921090	8	8292239	PASS
CAT-AD	rs4731	8	11666337	PASS
CAT-AD	rs4841602	8	11729422	PASS
CAT-AD	rs12208078	6	27498581	PASS
CAT-AD	rs10946935	6	27501345	PASS
CAT-AD	rs6910838	6	27515519	PASS
CAT-AD	rs6915987	6	27515776	PASS
CAT-AD	rs4713112	6	27516833	PASS
CAT-AD	rs6915266	6	27528643	PASS
CAT-AD	rs10946940	6	27560587	PASS
CAT-AD	rs10807029	6	27573463	PASS
CAT-AD	rs6456799	6	27573536	PASS
CAT-AD	rs9357042	6	27582795	PASS
CAT-AD	rs2294480	6	27583961	PASS
CAT-AD	rs9393830	6	27587027	PASS
CAT-AD	rs6921256	6	27587518	PASS
CAT-AD	rs6899903	6	27616887	PASS
CAT-AD	rs6456801	6	27625532	PASS
CAT-AD	rs9366697	6	27633018	PASS
CAT-AD	rs9380007	6	27660508	PASS
CAT-AD	rs2179096	6	27665920	PASS
CAT-AD	rs9368527	6	27679445	PASS
CAT-AD	rs9468209	6	27694421	PASS
CAT-AD	rs9468213	6	27706180	PASS
CAT-AD	rs57252182	6	27720249	PASS
CAT-AD	rs4713120	6	27721835	PASS
CAT-AD	rs9295747	6	27736993	PASS
CAT-AD	rs1171830	10	61665886	PASS
CAT-AD	rs1171854	10	61716261	PASS
CAT-AD	rs1171855	10	61717258	PASS
CAT-AD	rs1547696	9	91694120	PASS
CAT-AD	rs9410311	9	91696078	PASS
CAT-AD	rs7037454	9	91710338	PASS
CAT-AD	rs7864748	9	91713387	PASS
CAT-AD	rs1331188	9	91725387	PASS
CAT-AD	rs28728177	9	91739402	PASS
CAT-AD	rs6559343	9	91746522	PASS
CAT-AD	rs7048173	9	91753636	PASS
CAT-AD	rs1303776	9	91756205	PASS
CAT-AD	rs10867154	9	91757712	PASS
CAT-AD	rs11137524	9	91766706	PASS
CAT-AD	rs4876971	9	91771148	PASS
CAT-AD	rs10867158	9	91771642	PASS
CAT-AD	rs6559345	9	91772372	PASS
CAT-AD	rs7046217	9	91780877	PASS
CAT-AD	rs57437933	9	91783844	PASS
CAT-AD	rs12378407	9	91786652	PASS
CAT-AD	rs17080844	9	91787156	PASS
CAT-AD	rs11137528	9	91790626	PASS
CAT-AD	rs10867161	9	91806749	PASS
CAT-AD	rs10887138	10	124100471	PASS
CAT-AD	rs7085944	10	124100849	PASS
CAT-AD	rs10887140	10	124102304	PASS
CAT-AD	rs11200562	10	124102548	PASS
CAT-AD	rs10887141	10	124105755	PASS
CAT-AD	rs10887142	10	124107484	PASS
CAT-AD	rs12415329	10	124109681	PASS
CAT-AD	rs11200572	10	124111537	PASS
CAT-AD	rs11200581	10	124122595	PASS
CAT-AD	rs11200583	10	124123470	PASS
CAT-AD	rs56029211	10	124127990	PASS
CAT-AD	rs7896881	10	124128076	PASS
CAT-AD	rs2901307	10	124128443	PASS
CAT-AD	rs4752689	10	124131176	PASS
CAT-AD	rs4751889	10	124132188	PASS
CAT-AD	rs10749466	10	124138804	PASS
CAT-AD	rs11200594	10	124139393	PASS
CAT-AD	rs1004946	10	124139767	PASS
CAT-AD	rs3850765	10	124139910	PASS
CAT-AD	rs11200595	10	124142629	PASS
CAT-AD	rs10887145	10	124143997	PASS
CAT-AD	rs7084349	10	124145140	PASS
CAT-AD	rs7084718	10	124145156	PASS
CAT-AD	rs7068487	10	124145212	PASS
CAT-AD	rs11200604	10	124147639	PASS
CAT-AD	rs2421017	10	124148167	PASS
CAT-AD	rs2421018	10	124148264	PASS
CAT-AD	rs4752691	10	124148526	PASS
CAT-AD	rs11200606	10	124148765	PASS
CAT-AD	rs7088058	10	124149352	PASS
CAT-AD	rs10788284	10	124149917	PASS
CAT-AD	rs2421019	10	124150586	PASS
CAT-AD	rs17103488	10	124154169	PASS
CAT-AD	rs4146894	10	124155381	PASS
CAT-AD	rs2421021	10	124157046	PASS
CAT-AD	rs11200608	10	124157821	PASS
CAT-AD	rs7087144	10	124158036	PASS
CAT-AD	rs4565845	10	124159050	PASS
CAT-AD	rs4345899	10	124159243	PASS
CAT-AD	rs8181474	10	124160581	PASS
CAT-AD	rs4751890	10	124161791	PASS
CAT-AD	rs2421022	10	124164134	PASS
CAT-AD	rs6585827	10	124165615	PASS
CAT-AD	rs2421016	10	124167512	PASS
CAT-AD	rs7097701	10	124171857	PASS
CAT-AD	rs7079976	10	124172108	PASS
CAT-AD	rs7908662	10	124172912	PASS
CAT-AD	rs4612730	10	124176452	PASS
CAT-AD	rs17103522	10	124177879	PASS
CAT-AD	rs4311997	10	124179299	PASS
CAT-AD	rs10887150	10	124180578	PASS
CAT-AD	rs10887151	10	124180766	PASS
CAT-AD	rs2292626	10	124186714	PASS
CAT-AD	rs1045216	10	124189197	PASS
CAT-AD	rs7350442	10	124192180	PASS
CAT-AD	rs10510110	10	124192430	PASS
CAT-AD	rs2280141	10	124193181	PASS
CAT-AD	rs7072204	10	124195485	PASS
CAT-AD	rs78305107	10	124197214	PASS
CAT-AD	rs11200629	10	124198585	PASS
CAT-AD	rs2292627	10	124201665	PASS
CAT-AD	rs11200630	10	124209684	PASS
CAT-AD	rs61871745	10	124210369	PASS
CAT-AD	rs11200632	10	124211536	PASS
CAT-AD	rs11200633	10	124211596	PASS
CAT-AD	rs61871746	10	124212913	PASS
CAT-AD	rs61871747	10	124213046	PASS
CAT-AD	rs72631113	10	124213449	PASS
CAT-AD	rs10490924	10	124214448	PASS
CAT-AD	rs36212731	10	124214976	PASS
CAT-AD	rs36212732	10	124215198	PASS
CAT-AD	rs36212733	10	124215211	PASS
CAT-AD	rs3750848	10	124215315	PASS
CAT-AD	rs3750847	10	124215421	PASS
CAT-AD	rs3750846	10	124215565	PASS
CAT-AD	rs3763764	10	124220061	PASS
CAT-AD	rs11200638	10	124220544	PASS
CAT-AD	rs1049331	10	124221270	PASS
CAT-AD	rs2248929	10	124224916	PASS
CAT-AD	rs2284665	10	124226630	PASS
CAT-AD	rs60401382	10	124227624	PASS
CAT-AD	rs11200643	10	124229203	PASS
CAT-AD	rs58077526	10	124230024	PASS
CAT-AD	rs932275	10	124231464	PASS
CAT-AD	rs3781472	10	126316951	PASS
CAT-AD	rs76705537	11	104899238	PASS
CAT-AD	rs1983975	9	18389480	PASS
CAT-AD	rs113979778	13	32028213	PASS
CAT-AD	rs11840065	13	32028216	PASS
CAT-AD	rs17076138	13	32028587	PASS
CAT-AD	rs12888114	14	53401261	PASS
CAT-AD	rs7494379	14	53411391	PASS
CAT-AD	rs12885689	14	53413208	PASS
CAT-AD	rs17125973	14	53415359	PASS
CAT-AD	rs71428504	14	53417538	PASS
CAT-AD	rs28365937	14	53418233	PASS
CAT-AD	rs35413927	14	53420358	PASS
CAT-AD	rs8004365	14	53424200	PASS
CAT-AD	rs12586890	14	54873985	PASS
CAT-AD	rs60776348	12	48160770	PASS
CAT-AD	rs78285377	12	48160877	PASS
CAT-AD	rs74854988	12	48175570	PASS
CAT-AD	rs7307367	12	48178212	PASS
CAT-AD	rs8061329	16	70662323	PASS
CAT-AD	rs36097154	16	70662816	PASS
CAT-AD	rs34811595	16	70662866	PASS
CAT-AD	rs4985414	16	70670242	PASS
CAT-AD	rs7199618	16	70673517	PASS
CAT-AD	rs12598456	16	70676478	PASS
CAT-AD	rs12598955	16	70676804	PASS
CAT-AD	rs35381200	16	70677068	PASS
CAT-AD	rs34426756	16	70677420	PASS
CAT-AD	rs34644948	16	70681658	PASS
CAT-AD	rs11538963	16	70696272	PASS
CAT-AD	rs140016620	16	70713787	PASS
CAT-AD	rs77946308	16	70719334	PASS
CAT-AD	rs76697004	16	70719381	PASS
CAT-AD	rs10401170	19	44299623	PASS
CAT-AD	rs349045	19	44299892	PASS
CAT-AD	rs112568446	19	44435639	PASS
CAT-AD	rs113274916	19	44435640	PASS
CAT-AD	rs73036788	19	44437055	PASS
CAT-AD	rs113757956	19	44437435	PASS
CAT-AD	rs73036793	19	44439396	PASS
CAT-AD	rs55738725	19	44442518	PASS
CAT-AD	rs73038506	19	44444200	PASS
CAT-AD	rs73038508	19	44444704	PASS
CAT-AD	rs2356537	19	44448044	PASS
CAT-AD	rs73038515	19	44448542	PASS
CAT-AD	rs56260067	19	44450174	PASS
CAT-AD	rs72480789	19	44456805	PASS
CAT-AD	rs2284243	19	44459074	PASS
CAT-AD	rs73038560	19	44461640	PASS
CAT-AD	rs2284242	19	44462680	PASS
CAT-AD	rs846881	19	45078553	PASS
CAT-AD	rs11882134	19	45123303	PASS
CAT-AD	rs11083743	19	45125218	PASS
CAT-AD	rs7260482	19	45143942	PASS
CAT-AD	rs7255066	19	45146103	PASS
CAT-AD	rs56261258	19	45149613	PASS
CAT-AD	rs8111946	19	45152394	PASS
CAT-AD	rs10410651	19	45160896	PASS
CAT-AD	rs714948	19	45165912	PASS
CAT-AD	rs2919845	19	45181228	PASS
CAT-AD	rs10403682	19	45207828	PASS
CAT-AD	rs61744497	19	45211407	PASS
CAT-AD	rs76419583	19	45217859	PASS
CAT-AD	rs75573995	19	45217910	PASS
CAT-AD	rs75972892	19	45217990	PASS
CAT-AD	rs1137572	19	45218971	PASS
CAT-AD	rs57172082	19	45219369	PASS
CAT-AD	rs56198711	19	45221537	PASS
CAT-AD	rs2927488	19	45231478	PASS
CAT-AD	rs2965105	19	45234465	PASS
CAT-AD	rs2965104	19	45234850	PASS
CAT-AD	rs2965103	19	45235795	PASS
CAT-AD	rs2965102	19	45235949	PASS
CAT-AD	rs56978169	19	45236126	PASS
CAT-AD	rs17658713	19	45236702	PASS
CAT-AD	rs56702353	19	45239568	PASS
CAT-AD	rs59170622	19	45239646	PASS
CAT-AD	rs77775146	19	45240189	PASS
CAT-AD	rs17728272	19	45240371	PASS
CAT-AD	rs8112196	19	45325309	PASS
CAT-AD	rs6509172	19	45325391	PASS
CAT-AD	rs1871045	19	45326768	PASS
CAT-AD	rs10409208	19	45340728	PASS
CAT-AD	rs55840414	19	45343579	PASS
CAT-AD	rs2376518	19	45345773	PASS
CAT-AD	rs41289510	19	45347636	PASS
CAT-AD	rs10426423	19	45348253	PASS
CAT-AD	rs2972569	19	45351891	PASS
CAT-AD	rs2972557	19	45360573	PASS
CAT-AD	rs8112526	19	45360762	PASS
CAT-AD	rs1807542	19	45473067	PASS
CAT-AD	rs204468	19	45490636	PASS
CAT-AD	rs204467	19	45491174	PASS
CAT-AD	rs2376868	19	45511140	PASS
CAT-AD	rs9749077	19	45514701	PASS
CAT-AD	rs11668285	19	45516469	PASS
CAT-AD	rs12981350	19	45522181	PASS
CAT-AD	rs35912475	19	45522732	PASS
CAT-AD	rs28697575	19	45523127	PASS
CAT-AD	rs4803789	19	45523369	PASS
CAT-AD	rs11881833	19	45524036	PASS
CAT-AD	rs62117227	19	45534994	PASS
CAT-AD	rs8100183	19	45584692	PASS
CAT-AD	rs10420562	19	45592238	PASS
CAT-AD	rs7255018	19	45603962	PASS
CAT-AD	rs57565080	19	45609512	PASS
CAT-AD	rs35836101	19	45616982	PASS
CAT-AD	rs10413253	19	45628566	PASS
CAT-AD	rs3925162	19	45639716	PASS
CAT-AD	rs10425074	19	45640124	PASS
CAT-AD	rs2041262	19	45643890	PASS
CAT-AD	rs1005451	19	45652079	PASS
CAT-AD	rs28367893	19	45673701	PASS
CAT-AD	rs7247764	19	45675873	PASS
CAT-AD	rs78979751	19	45685068	PASS
CAT-AD	rs75858218	19	45690545	PASS
CAT-AD	rs12462536	19	45690775	PASS
CAT-AD	rs632235	19	45706693	PASS
CAT-AD	rs8105818	19	45707532	PASS
CAT-AD	rs606757	19	45707830	PASS
CAT-AD	rs10415550	19	45711510	PASS
CAT-AD	rs10416346	19	45711616	PASS
CAT-AD	rs73034875	19	45711733	PASS
CAT-AD	rs346738	19	45714275	PASS
CAT-AD	rs346739	19	45714525	PASS
CAT-AD	rs8112823	19	45714579	PASS
CAT-AD	rs8112710	19	45714583	PASS
CAT-AD	rs6509201	19	45714978	PASS
CAT-AD	rs11083766	19	45715490	PASS
CAT-AD	rs11083767	19	45715680	PASS
CAT-AD	rs8102712	19	45715717	PASS
CAT-AD	rs3803906	19	45715976	PASS
CAT-AD	rs11667430	19	45716197	PASS
CAT-AD	rs346751	19	45734433	PASS
CAT-AD	rs62118504	19	45734751	PASS
CAT-AD	rs346747	19	45738584	PASS
CAT-AD	rs35569326	19	45738744	PASS
CAT-AD	rs11669915	19	45741353	PASS
CAT-AD	rs11666251	19	45741609	PASS
CAT-AD	rs11673093	19	45742094	PASS
CAT-AD	rs145605569	19	45742902	PASS
CAT-AD	rs55787807	19	45743135	PASS
CAT-AD	rs143273199	19	45744552	PASS
CAT-AD	rs73036517	19	45744842	PASS
CAT-AD	rs74444983	19	45745607	PASS
CAT-AD	rs7255933	19	45766729	PASS
CAT-AD	rs344812	19	45791838	PASS
CAT-AD	rs12460848	19	45793707	PASS
CAT-AD	rs11083768	19	45796420	PASS
CAT-AD	rs11666411	19	45798195	PASS
CAT-AD	rs34600364	19	45801728	PASS
CAT-AD	rs11672894	19	45801951	PASS
CAT-AD	rs11672923	19	45802022	PASS
CAT-AD	rs11667235	19	45804364	PASS
CAT-AD	rs10415720	19	45807931	PASS
CAT-AD	rs8111989	19	45809208	PASS
CAT-AD	rs123187	19	45830947	PASS
CAT-AD	rs60159907	16	80501582	PASS
CAT-AD	rs8056563	16	80502089	PASS
CAT-AD	rs4398122	16	80503421	PASS
CAT-AD	rs12447891	16	80504349	PASS
CAT-AD	rs62048383	16	80505392	PASS
CAT-AD	rs56278554	16	80506884	PASS
CAT-AD	rs7190076	16	80508055	PASS
CAT-AD	rs16953530	16	80535215	PASS
CAT-AD	rs4635359	16	80537760	PASS
CAT-AD	rs4491516	16	80548671	PASS
CAT-AD	rs34675417	17	28079167	PASS
CAT-AD	rs3110454	17	28651363	PASS
CAT-AD	rs3110061	17	28652880	PASS
CAT-AD	rs3110060	17	28652914	PASS
CAT-AD	rs76947460	17	28652947	PASS
CAT-AD	rs3103306	17	28654992	PASS
CAT-AD	rs4793257	17	41618176	PASS
CAT-AD	rs2880541	17	41625950	PASS
CAT-AD	rs7224462	17	41628029	PASS
CAT-AD	rs62080728	17	41635032	PASS
CAT-AD	rs17602795	17	41645244	PASS
CAT-AD	rs382362	17	43691377	PASS
CAT-AD	rs3785884	17	44057595	PASS
CAT-AD	rs4792827	17	44131305	PASS
CAT-AD	rs2532424	17	44368926	PASS
CAT-AD	rs199501	17	44862613	PASS
CAT-AD	rs410263	18	77250878	PASS
CAT-AD	rs2581732	18	77252158	PASS
CAT-AD	rs12952749	17	47323666	PASS
CAT-AD	rs9895945	17	47329255	PASS
CAT-AD	rs34367165	17	47330796	PASS
CAT-AD	rs12948327	17	47333478	PASS
CAT-AD	rs11650975	17	47345563	PASS
CAT-AD	rs12945200	17	47347172	PASS
CAT-AD	rs12602382	17	47356805	PASS
CAT-AD	rs2960172	17	47379581	PASS
CAT-AD	rs34418036	19	1000052	PASS
CAT-AD	rs35873901	19	1000094	PASS
CAT-AD	rs62134211	19	1000153	PASS
CAT-AD	rs35581531	19	1000166	PASS
CAT-AD	rs112743753	19	1000420	PASS
CAT-AD	rs112236900	19	1000568	PASS
CAT-AD	rs12986002	19	1000785	PASS
CAT-AD	rs11669351	19	1001100	PASS
CAT-AD	rs2067578	6	32762461	PASS
CAT-AD	rs28732210	6	32398497	PASS
CAT-AD	rs28732145	6	31558264	PASS
CAT-AD	rs28397274	6	31164763	PASS
CAT-AD	rs71561358	6	30151520	PASS
CAT-AD	rs117606656	8	27574166	PASS
CAT-AD	rs73082420	1	214006831	PASS
CAT-AD	rs62496810	8	27815481	PASS
CAT-AD	rs13039836	20	61445370	PASS
CAT-AD	rs28732159	6	31633482	PASS
CAT-AD	rs10101779	8	27450535	PASS
CAT-AD	rs9268795	6	32421328	PASS
CAT-AD	rs2001092	6	28961100	PASS
CAT-AD	rs150068444	3	180770973	PASS
CAT-AD	rs143674704	19	45458466	PASS
CAT-AD	rs41293879	6	31468404	PASS
CAT-AD	rs4959077	6	31475628	PASS
CAT-AD	rs252019	12	9419651	PASS
CAT-AD	rs6693625	1	214002260	PASS
CAT-AD	rs7977339	12	9485288	PASS
CAT-AD	rs114919178	6	31613571	PASS
CAT-AD	rs6922447	6	29148006	PASS
CAT-AD	rs76464628	8	27631511	PASS
CAT-AD	rs76849767	20	19262417	PASS
CAT-AD	rs28895221	6	32433814	PASS
CAT-AD	rs28732197	6	32325658	PASS
CAT-AD	rs3130723	6	29117546	PASS
CAT-AD	rs3130984	6	31084964	PASS
CAT-AD	rs7749048	6	32774138	PASS
CAT-AD	rs61745355	6	32021414	PASS
CAT-AD	rs2905741	6	31452292	PASS
CAT-AD	rs3132549	6	31086849	PASS
CAT-AD	rs41293915	6	31492870	PASS
CAT-AD	rs117783785	19	45699187	PASS
CAT-AD	rs962107307			MISSING_OR_NONNUMERIC
CAT-AD	rs3130561	6	31100768	PASS
CAT-AD	rs75252228	2	106669575	PASS
CAT-AD	rs3132570	6	31099935	PASS
CAT-AD	rs41293923	6	31511579	PASS
CAT-AD	rs41293891	6	31480005	PASS
CAT-AD	rs79277406	8	27688083	PASS
CAT-AD	rs41266868	6	30844116	PASS
CAT-AD	rs28732204	6	32373796	PASS
CAT-AD	rs144888775	6	31378257	PASS
CAT-AD	rs3218816	6	30878857	PASS
CAT-AD	rs1341150	1	214011129	PASS
CAT-AD	rs113232664	6	32584901	PASS
CAT-AD	rs34266569	6	30316980	PASS
CAT-AD	rs28732190	6	32293509	PASS
CAT-AD	rs111518019	6	31329628	PASS
CAT-AD	rs28732215	6	32408932	PASS
CAT-AD	rs115470510	6	31618511	PASS
CAT-AD	rs34171662	6	30285524	PASS
CAT-AD	rs71371809	17	7594191	PASS
CAT-AD	rs3873412	6	31458634	PASS
CAT-AD	rs115986568	6	31331255	PASS
CAT-AD	rs34341244	6	31733759	PASS
CAT-AD	rs41291774	6	29632198	PASS
CAT-AD	rs3093661	6	31543758	PASS
CAT-AD	rs115889958	1	213995747	PASS
CAT-AD	rs73408475	6	32766496	PASS
CAT-AD	rs3132569	6	31101426	PASS
CAT-AD	rs1802036	6	32136029	PASS
CAT-AD	rs150669274	7	126960273	PASS
CAT-AD	rs77196615	19	45380335	PASS
CAT-AD	rs6457636	6	32684513	PASS
CAT-AD	rs13220258	6	32423790	PASS
CAT-AD	rs2075582	6	31497706	PASS
CAT-AD	rs3132551	6	31085882	PASS
CAT-AD	rs6916062	6	32219041	PASS
CAT-AD	rs28732180	6	32204882	PASS
CAT-AD	rs16979372	19	45195313	PASS
CAT-AD	rs142068572	1	213998066	PASS
CAT-AD	rs3093727	6	31547115	PASS
CAT-AD	rs2596466	6	31405617	PASS
CAT-AD	rs28732160	6	31751071	PASS
CAT-AD	rs2239519	6	31088856	PASS
CAT-AD	rs209158	6	28840885	PASS
CAT-AD	rs12199611	6	30366175	PASS
CAT-AD	rs145729706	19	45483721	PASS
CAT-AD	rs28732152	6	31592645	PASS
CAT-CKD	rs34720350	6	163791080	PASS
CAT-CKD	rs2064223	6	163794814	PASS
CAT-CKD	rs2064225	6	163794927	PASS
CAT-CKD	rs2064228	6	163795626	PASS
CAT-CKD	rs2784874	6	163796035	PASS
CAT-CKD	rs2064229	6	163796872	PASS
CAT-CKD	rs1737323	6	163797775	PASS
CAT-CKD	rs11760168	6	163799173	PASS
CAT-CKD	rs6455897	6	163799383	PASS
CAT-CKD	rs4709713	6	163800837	PASS
CAT-CKD	rs4709714	6	163801031	PASS
CAT-CKD	rs13202116	6	163802059	PASS
CAT-CKD	rs13202733	6	163802590	PASS
CAT-CKD	rs6921172	6	163808114	PASS
CAT-CKD	rs9364687	6	163817911	PASS
CAT-CKD	rs4263561	6	163822296	PASS
CAT-CKD	rs3857503	6	163828698	PASS
CAT-CKD	rs9346960	6	163885290	PASS
CAT-CKD	rs4709718	6	163895788	PASS
CAT-CKD	rs9364688	6	163901391	PASS
CAT-CKD	rs4709720	6	163924305	PASS
CAT-CKD	rs9364689	6	163929340	PASS
CAT-CKD	rs13202282	6	163930243	PASS
CAT-CKD	rs724826	6	163938594	PASS
CAT-CKD	rs2294706	6	163942162	PASS
CAT-CKD	rs9364691	6	163947424	PASS
CAT-CKD	rs9347760	6	163954572	PASS
CAT-CKD	rs9364692	6	163956329	PASS
CAT-CKD	rs715020	6	163986482	PASS
CAT-CKD	rs62401199	6	43813341	PASS
CAT-CKD	rs2405522	5	131741696	PASS
CAT-CKD	rs1058768	6	54186147	PASS
CAT-CKD	rs9474801	6	54186999	PASS
CAT-CKD	rs322624	11	29823741	PASS
CAT-CKD	rs4347364	11	29842671	PASS
CAT-CKD	rs11821540	11	29847391	PASS
CAT-CKD	rs4923613	11	29854063	PASS
CAT-CKD	rs16919877	11	29857537	PASS
CAT-CKD	rs2609582	11	29870398	PASS
CAT-CKD	rs11030851	11	29881050	PASS
CAT-CKD	rs10835598	11	29882579	PASS
CAT-CKD	rs2609576	11	29883002	PASS
CAT-CKD	rs2609577	11	29883889	PASS
CAT-CKD	rs3120601	11	29887903	PASS
CAT-CKD	rs1764534	11	29892816	PASS
CAT-CKD	rs2785719	11	29895929	PASS
CAT-CKD	rs1408155	11	29901695	PASS
CAT-CKD	rs2255500	11	29910552	PASS
CAT-CKD	rs1886148	11	29911925	PASS
CAT-CKD	rs2609580	11	29918650	PASS
CAT-CKD	rs2761826	11	29918942	PASS
CAT-CKD	rs1647907	11	29925024	PASS
CAT-CKD	rs1575517	11	29926633	PASS
CAT-CKD	rs1425173	11	29933385	PASS
CAT-CKD	rs10835602	11	29939782	PASS
CAT-CKD	rs554651	11	29941778	PASS
CAT-CKD	rs294369	11	30636742	PASS
CAT-CKD	rs538000	11	30660939	PASS
CAT-CKD	rs294394	11	30676690	PASS
CAT-CKD	rs188395	11	30679579	PASS
CAT-CKD	rs963837	11	30749090	PASS
CAT-CKD	rs795237	11	30751010	PASS
CAT-CKD	rs795238	11	30751352	PASS
CAT-CKD	rs685270	11	30751955	PASS
CAT-CKD	rs10835706	11	30752157	PASS
CAT-CKD	rs683877	11	30752278	PASS
CAT-CKD	rs665457	11	30753991	PASS
CAT-CKD	rs665480	11	30754012	PASS
CAT-CKD	rs639973	11	30755111	PASS
CAT-CKD	rs586875	11	30755937	PASS
CAT-CKD	rs601676	11	30756879	PASS
CAT-CKD	rs609142	11	30757430	PASS
CAT-CKD	rs628029	11	30758164	PASS
CAT-CKD	rs628093	11	30758215	PASS
CAT-CKD	rs628941	11	30758377	PASS
CAT-CKD	rs686864	11	30759583	PASS
CAT-CKD	rs1232064	11	30760087	PASS
CAT-CKD	rs1232065	11	30760280	PASS
CAT-CKD	rs3925584	11	30760335	PASS
CAT-CKD	rs11031190	11	30760859	PASS
CAT-CKD	rs582740	11	30761557	PASS
CAT-CKD	rs629681	11	30761727	PASS
CAT-CKD	rs584222	11	30761939	PASS
CAT-CKD	rs613950	11	30762936	PASS
CAT-CKD	rs599448	11	30762964	PASS
CAT-CKD	rs613329	11	30763792	PASS
CAT-CKD	rs1232068	11	30763986	PASS
CAT-CKD	rs598744	11	30764079	PASS
CAT-CKD	rs627257	11	30764611	PASS
CAT-CKD	rs628568	11	30764890	PASS
CAT-CKD	rs655873	11	30766385	PASS
CAT-CKD	rs674144	11	30766673	PASS
CAT-CKD	rs661296	11	30767193	PASS
CAT-CKD	rs673209	11	30767982	PASS
CAT-CKD	rs673244	11	30768011	PASS
CAT-CKD	rs684695	11	30768229	PASS
CAT-CKD	rs1232070	11	30768620	PASS
CAT-CKD	rs10767873	11	30768678	PASS
CAT-CKD	rs11031191	11	30774280	PASS
CAT-CKD	rs795230	11	30774525	PASS
CAT-CKD	rs10835707	11	30774737	PASS
CAT-CKD	rs10767874	11	30776952	PASS
CAT-CKD	rs78937007	15	28321568	PASS
CAT-CKD	rs74596919	15	28324554	PASS
CAT-CKD	rs2230004	11	128333503	PASS
CAT-CKD	rs10850413	12	110021453	PASS
CAT-CKD	rs10774624	12	111833788	PASS
CAT-CKD	rs3184504	12	111884608	PASS
CAT-CKD	rs7137828	12	111932800	PASS
CAT-CKD	rs597808	12	111973358	PASS
CAT-CKD	rs653178	12	112007756	PASS
CAT-CKD	rs11065987	12	112072424	PASS
CAT-CKD	rs11065991	12	112083162	PASS
CAT-CKD	rs4766897	12	112179471	PASS
CAT-CKD	rs216596	16	105320	PASS
CAT-CKD	rs12424049	12	73583053	PASS
CAT-CKD	rs17112102	12	73585986	PASS
CAT-CKD	rs7138764	12	73592160	PASS
CAT-CKD	rs113085139	12	73593006	PASS
CAT-CKD	rs139632946	12	73593151	PASS
CAT-CKD	rs1516057	12	73595395	PASS
CAT-CKD	rs1516056	12	73596803	PASS
CAT-CKD	rs10506709	12	73600783	PASS
CAT-CKD	rs4760869	12	73607682	PASS
CAT-CKD	rs17112150	12	73610497	PASS
CAT-CKD	rs17112154	12	73614948	PASS
CAT-CKD	rs2203543	12	73617280	PASS
CAT-CKD	rs2203542	12	73617349	PASS
CAT-CKD	rs61560057	12	73617859	PASS
CAT-CKD	rs17112167	12	73623472	PASS
CAT-CKD	rs67983079	12	73624985	PASS
CAT-CKD	rs61593755	12	73625687	PASS
CAT-CKD	rs12426379	12	73629731	PASS
CAT-CKD	rs2176204	12	73630493	PASS
CAT-CKD	rs12424127	12	73631083	PASS
CAT-CKD	rs7976965	12	73635119	PASS
CAT-CKD	rs73048187	19	41003060	PASS
CAT-CKD	rs12972970	19	45387596	PASS
CAT-CKD	rs34342646	19	45388130	PASS
CAT-CKD	rs6857	19	45392254	PASS
CAT-CKD	rs71352238	19	45394336	PASS
CAT-CKD	rs2075650	19	45395619	PASS
CAT-CKD	rs34095326	19	45395844	PASS
CAT-CKD	rs11556505	19	45396144	PASS
CAT-CKD	rs3760707	19	50084454	PASS
CAT-CKD	rs113205442	19	50085427	PASS
CAT-CKD	rs3745473	19	50086626	PASS
CAT-CKD	rs3745474	19	50086806	PASS
CAT-CKD	rs73057994	19	50091273	PASS
CAT-CKD	rs2288920	19	50091798	PASS
CAT-CKD	rs181812659	2	176816413	PASS
CAT-CKD	rs9614133	22	30431143	PASS
CAT-CKD	rs111437132	14	65427293	PASS
CAT-CKD	rs72912905	2	176775386	PASS
CAT-CKD	rs72917035	2	176900036	PASS
CAT-CKD	rs4902330	14	65370231	PASS
CAT-CKD	rs76253455	2	176880795	PASS
CAT-CKD	rs9717913	6	26977952	PASS
CAT-CKD	rs17394437	2	176801864	PASS
CAT-CKD	rs58535979	6	78066061	PASS
CAT-CKD	rs73160508	3	153781194	PASS
CAT-CKD	rs72917065	2	176914308	PASS
CAT-CKD	rs73029921	2	176944778	PASS
CAT-CKD	rs116666009	2	176937691	PASS
CAT-CKD	rs72923449	2	176978383	PASS
CAT-CKD	rs183667731	12	110129075	PASS
CAT-CKD	rs28732106	6	31243660	PASS
CAT-CKD	rs147170166	6	78067235	PASS
CAT-CKD	rs9276762	6	32773202	PASS
CAT-CKD	rs72912944	2	176839720	PASS
CAT-CKD	rs72912925	2	176801378	PASS
CAT-CKD	rs72914770	2	176894432	PASS
CAT-CKD	rs111977067	14	65321286	PASS
CAT-CKD	rs4902342	14	65396052	PASS
CAT-CKD	rs117056416	11	69488190	PASS
CAT-CKD	rs60136329	6	78042200	PASS
CAT-CKD	rs72912953	2	176848496	PASS
CAT-CKD	rs72912931	2	176809477	PASS
CAT-CKD	rs114093789	2	176866948	PASS
CAT-PD	rs7561954	2	239318280	PASS
CAT-PD	rs11889150	2	239324542	PASS
CAT-PD	rs865774	1	110169190	PASS
CAT-PD	rs568686	1	110173775	PASS
CAT-PD	rs3850616	1	110183021	PASS
CAT-PD	rs1572263	1	110885736	PASS
CAT-PD	rs4501839	1	110895987	PASS
CAT-PD	rs6669004	1	110906780	PASS
CAT-PD	rs6673423	1	110916018	PASS
CAT-PD	rs11720807	3	35827581	PASS
CAT-PD	rs4678509	3	35854118	PASS
CAT-PD	rs9682328	3	35881597	PASS
CAT-PD	rs1455495	3	35902885	PASS
CAT-PD	rs1045369	5	10226839	PASS
CAT-PD	rs9290751	3	182732230	PASS
CAT-PD	rs12486983	3	182733547	PASS
CAT-PD	rs7640612	3	182743267	PASS
CAT-PD	rs2270968	3	182755209	PASS
CAT-PD	rs10513789	3	182760073	PASS
CAT-PD	rs12637471	3	182762437	PASS
CAT-PD	rs8180214	4	90644508	PASS
CAT-PD	rs894278	4	90734535	PASS
CAT-PD	rs10516850	4	90837127	PASS
CAT-PD	rs10516851	4	90837944	PASS
CAT-PD	rs12644375	4	90837980	PASS
CAT-PD	rs3775478	4	90842840	PASS
CAT-PD	rs3802570	10	12805430	PASS
CAT-PD	rs1538320	10	115067809	PASS
CAT-PD	rs17130250	10	115071918	PASS
CAT-PD	rs1966051	10	115106996	PASS
CAT-PD	rs10490924	10	124214448	PASS
CAT-PD	rs3750848	10	124215315	PASS
CAT-PD	rs3750847	10	124215421	PASS
CAT-PD	rs2284665	10	124226630	PASS
CAT-PD	rs10128899	12	107788365	PASS
CAT-PD	rs4964577	12	107789859	PASS
CAT-PD	rs10778554	12	107790783	PASS
CAT-STROKE	rs509047	2	27128529	PASS
CAT-STROKE	rs3843322	2	27131849	PASS
CAT-STROKE	rs4665923	2	27138911	PASS
CAT-STROKE	rs9309559	2	27141515	PASS
CAT-STROKE	rs10196501	2	27147272	PASS
CAT-STROKE	rs3769134	2	27150891	PASS
CAT-STROKE	rs920435	2	27157788	PASS
CAT-STROKE	rs12615423	2	27158623	PASS
CAT-STROKE	rs6759548	2	27161060	PASS
CAT-STROKE	rs3739085	2	27163044	PASS
CAT-STROKE	rs3820823	2	27164806	PASS
CAT-STROKE	rs3769137	2	27169490	PASS
CAT-STROKE	rs3769138	2	27169540	PASS
CAT-STROKE	rs11126784	2	27169842	PASS
CAT-STROKE	rs13017554	2	27170982	PASS
CAT-STROKE	rs11695406	2	27178129	PASS
CAT-STROKE	rs7585127	2	27179371	PASS
CAT-STROKE	rs11887401	2	27181112	PASS
CAT-STROKE	rs2891534	2	27184446	PASS
CAT-STROKE	rs1440042	2	27187814	PASS
CAT-STROKE	rs4572551	2	27194013	PASS
CAT-STROKE	rs11897106	2	27196299	PASS
CAT-STROKE	rs11680032	2	27198148	PASS
CAT-STROKE	rs893790	2	27201857	PASS
CAT-STROKE	rs714513	2	27206474	PASS
CAT-STROKE	rs920433	2	27212526	PASS
CAT-STROKE	rs1440044	2	27226954	PASS
CAT-STROKE	rs6716275	2	27227707	PASS
CAT-STROKE	rs13032059	2	27233789	PASS
CAT-STROKE	rs1465881	2	27237614	PASS
CAT-STROKE	rs11677841	2	27239949	PASS
CAT-STROKE	rs13021112	2	27259794	PASS
CAT-STROKE	rs11126836	2	27273128	PASS
CAT-STROKE	rs11680096	2	27273571	PASS
CAT-STROKE	rs7560144	2	27280460	PASS
CAT-STROKE	rs10865461	2	27292651	PASS
CAT-STROKE	rs1053609	2	27293150	PASS
CAT-STROKE	rs3754734	2	27299598	PASS
CAT-STROKE	rs2289360	2	27302165	PASS
CAT-STROKE	rs2119026	2	27310393	PASS
CAT-STROKE	rs3769139	2	27315714	PASS
CAT-STROKE	rs2384572	2	27324751	PASS
CAT-STROKE	rs1866559	2	27335586	PASS
CAT-STROKE	rs12070749	1	200704310	PASS
CAT-STROKE	rs10920017	1	200707090	PASS
CAT-STROKE	rs7529518	1	200718422	PASS
CAT-STROKE	rs6660092	1	200733547	PASS
CAT-STROKE	rs11809578	1	200742106	PASS
CAT-STROKE	rs10920027	1	200748128	PASS
CAT-STROKE	rs7538416	1	200752442	PASS
CAT-STROKE	rs12087381	1	200754039	PASS
CAT-STROKE	rs10920033	1	200758883	PASS
CAT-STROKE	rs2029750	1	200763042	PASS
CAT-STROKE	rs11800187	1	200774533	PASS
CAT-STROKE	rs7552353	1	200776641	PASS
CAT-STROKE	rs6675265	1	200783363	PASS
CAT-STROKE	rs6661661	1	200800570	PASS
CAT-STROKE	rs2292097	1	200843768	PASS
CAT-STROKE	rs10800745	1	200849676	PASS
CAT-STROKE	rs4950876	1	203021807	PASS
CAT-STROKE	rs2270543	1	203030685	PASS
CAT-STROKE	rs11579055	1	203031315	PASS
CAT-STROKE	rs3737883	1	203034906	PASS
CAT-STROKE	rs2275354	1	203036757	PASS
CAT-STROKE	rs4950915	1	203041492	PASS
CAT-STROKE	rs6705330	2	203662197	PASS
CAT-STROKE	rs4510208	2	203734866	PASS
CAT-STROKE	rs6722332	2	203745327	PASS
CAT-STROKE	rs6725887	2	203745885	PASS
CAT-STROKE	rs7582720	2	203753072	PASS
CAT-STROKE	rs35212307	2	203765756	PASS
CAT-STROKE	rs1541853	2	203835177	PASS
CAT-STROKE	rs4675310	2	203880834	PASS
CAT-STROKE	rs2351524	2	203880992	PASS
CAT-STROKE	rs2745955	1	208064341	PASS
CAT-STROKE	rs2796254	1	208069137	PASS
CAT-STROKE	rs1074327	1	208127490	PASS
CAT-STROKE	rs2199724	15	95235133	PASS
CAT-STROKE	rs11656130	17	67400446	PASS
CAT-STROKE	rs4968791	17	67402795	PASS
CAT-STROKE	rs707246	17	67403192	PASS
CAT-STROKE	rs6501323	17	67406008	PASS
CAT-STROKE	rs817545	17	67413484	PASS
CAT-STROKE	rs889398	16	69556715	PASS
CAT-STROKE	rs13330951	16	69563842	PASS
CAT-STROKE	rs12923231	16	69572892	PASS
CAT-STROKE	rs4783722	16	69581912	PASS
CAT-STROKE	rs1364063	16	69588572	PASS
CAT-STROKE	rs12599391	16	69605349	PASS
CAT-STROKE	rs244418	16	69622762	PASS
CAT-STROKE	rs244420	16	69657996	PASS
CAT-STROKE	rs244417	16	69663519	PASS
CAT-STROKE	rs244415	16	69666683	PASS
CAT-STROKE	rs3826153	16	69724223	PASS
CAT-STROKE	rs1437134	16	69730426	PASS
CAT-STROKE	rs7359336	16	69733460	PASS
CAT-STROKE	rs16971447	16	73007970	PASS
CAT-STROKE	rs12920268	16	79467112	PASS
CAT-STROKE	rs7191732	16	79467703	PASS
CAT-STROKE	rs4471692	16	79470682	PASS
CAT-STROKE	rs7206380	16	79471714	PASS
CAT-STROKE	rs12051481	16	80478406	PASS
CAT-STROKE	rs4889168	16	80653321	PASS
CAT-STROKE	rs4889176	16	80664271	PASS
CAT-STROKE	rs4889180	16	80671141	PASS
CAT-STROKE	rs8049565	16	81035542	PASS
CAT-STROKE	rs8093236	18	12944931	PASS
CAT-STROKE	rs17659896	18	12998655	PASS
CAT-STROKE	rs11664469	18	13012482	PASS
CAT-STROKE	rs7229869	18	13040084	PASS
CAT-STROKE	rs7228684	18	13052473	PASS
CAT-STROKE	rs2282541	18	13056333	PASS
CAT-STROKE	rs1787013	18	13072979	PASS
CAT-STROKE	rs475438	18	13073641	PASS
CAT-STROKE	rs571002	18	13090667	PASS
CAT-STROKE	rs693301	18	13097207	PASS
CAT-STROKE	rs12957380	18	13099249	PASS
CAT-STROKE	rs12327306	18	13130681	PASS
CAT-STROKE	rs9937968	16	86771023	PASS
CAT-STROKE	rs2164029	18	20831009	PASS
CAT-STROKE	rs2210271	21	42132828	PASS
CAT-STROKE	rs2270517	17	7750847	PASS
CAT-STROKE	rs8522	17	7760704	PASS
CAT-STROKE	rs1565816	17	7767488	PASS
CAT-STROKE	rs9900803	17	17650978	PASS
CAT-STROKE	rs11656775	17	17654319	PASS
CAT-STROKE	rs4925109	17	17661802	PASS
CAT-STROKE	rs8067439	17	17698254	PASS
CAT-STROKE	rs2350976	17	17708529	PASS
CAT-STROKE	rs11652881	17	17709136	PASS
CAT-STROKE	rs4925114	17	17711270	PASS
CAT-STROKE	rs12953299	17	17726648	PASS
CAT-STROKE	rs8066560	17	17728043	PASS
CAT-STROKE	rs11657423	17	17728574	PASS
CAT-STROKE	rs9902941	17	17733760	PASS
CAT-STROKE	rs1889018	17	17734740	PASS
CAT-STROKE	rs4925118	17	17739163	PASS
CAT-STROKE	rs7359509	17	17741875	PASS
CAT-STROKE	rs4925119	17	17742904	PASS
CAT-STROKE	rs3183702	17	17747289	PASS
CAT-STROKE	rs9915248	17	17747514	PASS
CAT-STROKE	rs4924822	17	17748013	PASS
CAT-STROKE	rs3744115	17	17749822	PASS
CAT-STROKE	rs1052299	17	17750419	PASS
CAT-STROKE	rs7501812	17	17750907	PASS
CAT-STROKE	rs12951376	17	17752809	PASS
CAT-STROKE	rs4925120	17	17754633	PASS
CAT-STROKE	rs16960744	17	17755259	PASS
CAT-STROKE	rs11078400	17	17757728	PASS
CAT-STROKE	rs8079321	17	17760789	PASS
CAT-STROKE	rs4924823	17	17764502	PASS
CAT-STROKE	rs12941039	17	17765655	PASS
CAT-STROKE	rs9907246	17	17770965	PASS
CAT-STROKE	rs9907287	17	17774118	PASS
CAT-STROKE	rs8080061	17	17776389	PASS
CAT-STROKE	rs7503334	17	17779458	PASS
CAT-STROKE	rs8065563	17	17782404	PASS
CAT-STROKE	rs950966	17	17783748	PASS
CAT-STROKE	rs4925123	17	17784374	PASS
CAT-STROKE	rs11650649	17	17790319	PASS
CAT-STROKE	rs12943500	17	17790588	PASS
CAT-STROKE	rs4925125	17	17794444	PASS
CAT-STROKE	rs4925126	17	17798633	PASS
CAT-STROKE	rs2350977	17	17802779	PASS
CAT-STROKE	rs8070128	17	17804725	PASS
CAT-STROKE	rs4925129	17	17807186	PASS
CAT-STROKE	rs4925130	17	17807858	PASS
CAT-STROKE	rs8078138	17	17811251	PASS
CAT-STROKE	rs7222480	17	17818817	PASS
CAT-STROKE	rs9912895	17	17826020	PASS
CAT-STROKE	rs8073001	17	17831716	PASS
CAT-STROKE	rs5002487	17	17832460	PASS
CAT-STROKE	rs6502622	17	17834691	PASS
CAT-STROKE	rs4341796	17	17839024	PASS
CAT-STROKE	rs11078406	17	17840823	PASS
CAT-STROKE	rs4470201	17	17844870	PASS
CAT-STROKE	rs6502624	17	17847936	PASS
CAT-STROKE	rs8065416	17	17851162	PASS
CAT-STROKE	rs8066982	17	17851377	PASS
CAT-STROKE	rs8078105	17	17853782	PASS
CAT-STROKE	rs4257260	17	17857003	PASS
CAT-STROKE	rs8070748	17	17859421	PASS
CAT-STROKE	rs8080823	17	17864048	PASS
CAT-STROKE	rs10048206	17	17866897	PASS
CAT-STROKE	rs7213225	17	17869111	PASS
CAT-STROKE	rs6502629	17	17869642	PASS
CAT-STROKE	rs8068175	17	17874486	PASS
CAT-STROKE	rs11078408	17	17876011	PASS
CAT-STROKE	rs11870660	17	17877096	PASS
CAT-STROKE	rs4299203	17	17878159	PASS
CAT-STROKE	rs7219320	17	17880877	PASS
CAT-STROKE	rs4072739	17	17884660	PASS
CAT-STROKE	rs4925133	17	17884801	PASS
CAT-STROKE	rs4459604	17	17888549	PASS
CAT-STROKE	rs4368210	17	17896090	PASS
CAT-STROKE	rs4584886	17	17896205	PASS
CAT-STROKE	rs4924832	17	17897739	PASS
CAT-STROKE	rs9899355	17	17898243	PASS
CAT-STROKE	rs7219324	17	17909775	PASS
CAT-STROKE	rs6502632	17	17913057	PASS
CAT-STROKE	rs7212167	17	17913504	PASS
CAT-STROKE	rs9913277	17	17919749	PASS
CAT-STROKE	rs9896837	17	17924868	PASS
CAT-STROKE	rs2955378	17	17930253	PASS
CAT-STROKE	rs2955377	17	17932818	PASS
CAT-STROKE	rs2955385	17	17939247	PASS
CAT-STROKE	rs2955384	17	17939573	PASS
CAT-STROKE	rs2955383	17	17941364	PASS
CAT-STROKE	rs7406982	17	17942613	PASS
CAT-STROKE	rs2955380	17	17944349	PASS
CAT-STROKE	rs2955358	17	17946623	PASS
CAT-STROKE	rs2955359	17	17946730	PASS
CAT-STROKE	rs2955382	17	17947710	PASS
CAT-STROKE	rs2955355	17	17948475	PASS
CAT-STROKE	rs16960835	17	17960011	PASS
CAT-STROKE	rs2955356	17	17964717	PASS
CAT-STROKE	rs2955372	17	17970229	PASS
CAT-STROKE	rs4643387	17	17972973	PASS
CAT-STROKE	rs7212447	17	17987067	PASS
CAT-STROKE	rs854814	17	18003648	PASS
CAT-STROKE	rs854809	17	18006539	PASS
CAT-STROKE	rs854767	17	18018263	PASS
CAT-STROKE	rs854769	17	18019011	PASS
CAT-STROKE	rs854817	17	18021882	PASS
CAT-STROKE	rs2955365	17	18023897	PASS
CAT-STROKE	rs854791	17	18029857	PASS
CAT-STROKE	rs6035372	20	19516254	PASS
CAT-STROKE	rs6046169	20	19524558	PASS
CAT-STROKE	rs6046193	20	19568711	PASS
CAT-STROKE	rs6046201	20	19574290	PASS
CAT-STROKE	rs8082352	17	27344104	PASS
CAT-STROKE	rs7209257	17	27360997	PASS
CAT-STROKE	rs11080077	17	27452936	PASS
CAT-STROKE	rs12452739	17	27472243	PASS
CAT-STROKE	rs6505263	17	30153880	PASS
CAT-STROKE	rs8068039	17	30158644	PASS
CAT-STROKE	rs4795657	17	30161636	PASS
CAT-STROKE	rs7218060	17	30427403	PASS
CAT-STROKE	rs2069145	17	30537790	PASS
CAT-STROKE	rs12601607	17	41538783	PASS
CAT-STROKE	rs1463558	17	41546123	PASS
CAT-STROKE	rs9903373	17	41557974	PASS
CAT-STROKE	rs3809751	17	41559785	PASS
CAT-STROKE	rs7214914	17	41560734	PASS
CAT-STROKE	rs9898065	17	41562473	PASS
CAT-STROKE	rs9898286	17	41562542	PASS
CAT-STROKE	rs2127224	17	41569025	PASS
CAT-STROKE	rs2279191	17	41570427	PASS
CAT-STROKE	rs12602059	17	41573730	PASS
CAT-STROKE	rs9908678	17	41581545	PASS
CAT-STROKE	rs8064459	17	41586685	PASS
CAT-STROKE	rs9908030	17	41587891	PASS
CAT-STROKE	rs2271957	17	41598940	PASS
CAT-STROKE	rs9892162	17	41600800	PASS
CAT-STROKE	rs3179927	17	41601911	PASS
CAT-STROKE	rs9908559	17	41603161	PASS
CAT-STROKE	rs9915640	17	41603882	PASS
CAT-STROKE	rs35714338	17	41614213	PASS
CAT-STROKE	rs12948043	17	41615830	PASS
CAT-STROKE	rs2293015	17	41621999	PASS
CAT-STROKE	rs3765174	17	41623670	PASS
CAT-STROKE	rs28659819	17	41627530	PASS
CAT-STROKE	rs12603053	17	41628292	PASS
CAT-STROKE	rs12103443	17	41631258	PASS
CAT-STROKE	rs12103666	17	41636310	PASS
CAT-STROKE	rs9899005	17	41642868	PASS
CAT-STROKE	rs17602795	17	41645244	PASS
CAT-STROKE	rs4792997	17	41652076	PASS
CAT-STROKE	rs7217897	17	41652878	PASS
CAT-STROKE	rs4792901	17	41660081	PASS
CAT-STROKE	rs939358	17	41666423	PASS
CAT-STROKE	rs3087969	19	10738639	PASS
CAT-STROKE	rs12972963	19	10741907	PASS
CAT-STROKE	rs1560711	19	10742287	PASS
CAT-STROKE	rs12052058	19	11159525	PASS
CAT-STROKE	rs3786722	19	11161537	PASS
CAT-STROKE	rs3786725	19	11166827	PASS
CAT-STROKE	rs7275	19	11170839	PASS
CAT-STROKE	rs10415811	19	11177408	PASS
CAT-STROKE	rs8102273	19	11180047	PASS
CAT-STROKE	rs9305020	19	11186711	PASS
CAT-STROKE	rs11668477	19	11195030	PASS
CAT-STROKE	rs16951469	18	47606945	PASS
CAT-STROKE	rs17106093	5	146555370	PASS
CAT-STROKE	rs7976808	12	9206029	PASS
CAT-STROKE	rs574347	9	136135659	PASS
CAT-STROKE	rs552148	9	136153481	PASS
CAT-STROKE	rs514708	9	136133743	PASS
CAT-STROKE	rs549446	9	136135238	PASS
CAT-T2D	rs11126026	2	25596061	PASS
CAT-T2D	rs35010208	2	25605972	PASS
CAT-T2D	rs3739086	2	27165202	PASS
CAT-T2D	rs6705514	2	27213937	PASS
CAT-T2D	rs7355650	2	27245475	PASS
CAT-T2D	rs11678188	2	27247832	PASS
CAT-T2D	rs7575465	2	27291661	PASS
CAT-T2D	rs4665943	2	27295885	PASS
CAT-T2D	rs6547413	2	27312882	PASS
CAT-T2D	rs12714092	2	27314882	PASS
CAT-T2D	rs1131375	2	27323385	PASS
CAT-T2D	rs1866560	2	27328553	PASS
CAT-T2D	rs6749216	2	27340819	PASS
CAT-T2D	rs2384575	2	27387429	PASS
CAT-T2D	rs1275541	2	27389195	PASS
CAT-T2D	rs1659689	2	27393030	PASS
CAT-T2D	rs1659676	2	27399294	PASS
CAT-T2D	rs1821986	2	27405835	PASS
CAT-T2D	rs1659699	2	27412263	PASS
CAT-T2D	rs1659701	2	27414877	PASS
CAT-T2D	rs60555785	2	27417051	PASS
CAT-T2D	rs1275501	2	27419282	PASS
CAT-T2D	rs1659685	2	27420690	PASS
CAT-T2D	rs1395	2	27424636	PASS
CAT-T2D	rs1275522	2	27426878	PASS
CAT-T2D	rs1275528	2	27430781	PASS
CAT-T2D	rs1275530	2	27432547	PASS
CAT-T2D	rs11608	2	27435374	PASS
CAT-T2D	rs1275535	2	27437496	PASS
CAT-T2D	rs1275538	2	27441397	PASS
CAT-T2D	rs4665958	2	27443196	PASS
CAT-T2D	rs3769143	2	27450724	PASS
CAT-T2D	rs56364136	2	27451429	PASS
CAT-T2D	rs6717980	2	27452784	PASS
CAT-T2D	rs1141313	2	27460968	PASS
CAT-T2D	rs1561535	2	27471025	PASS
CAT-T2D	rs10187781	2	27482090	PASS
CAT-T2D	rs11693052	2	27484620	PASS
CAT-T2D	rs6760868	2	27525263	PASS
CAT-T2D	rs4665963	2	27528692	PASS
CAT-T2D	rs6547692	2	27734972	PASS
CAT-T2D	rs780095	2	27741105	PASS
CAT-T2D	rs1260333	2	27748624	PASS
CAT-T2D	rs1313566	2	27748904	PASS
CAT-T2D	rs2950835	2	27750545	PASS
CAT-T2D	rs6753534	2	27752871	PASS
CAT-T2D	rs4665987	2	27755825	PASS
CAT-T2D	rs4665988	2	27761436	PASS
CAT-T2D	rs12473139	2	27765587	PASS
CAT-T2D	rs4665991	2	27766284	PASS
CAT-T2D	rs12995461	2	27778167	PASS
CAT-T2D	rs10169065	2	27778560	PASS
CAT-T2D	rs10179872	2	27778572	PASS
CAT-T2D	rs4665382	2	27783801	PASS
CAT-T2D	rs7570476	2	27784658	PASS
CAT-T2D	rs7577311	2	27793921	PASS
CAT-T2D	rs1919127	2	27801493	PASS
CAT-T2D	rs1919128	2	27801759	PASS
CAT-T2D	rs12478841	2	27811722	PASS
CAT-T2D	rs6760250	2	27812252	PASS
CAT-T2D	rs13010586	2	27817817	PASS
CAT-T2D	rs12989678	2	27821482	PASS
CAT-T2D	rs12467476	2	27825715	PASS
CAT-T2D	rs12464616	2	27827092	PASS
CAT-T2D	rs2384656	2	27832055	PASS
CAT-T2D	rs34016998	2	27833687	PASS
CAT-T2D	rs12987055	2	27834152	PASS
CAT-T2D	rs13020949	2	27836605	PASS
CAT-T2D	rs4666000	2	27839369	PASS
CAT-T2D	rs2068834	2	27839539	PASS
CAT-T2D	rs3749147	2	27851918	PASS
CAT-T2D	rs34502053	2	27854524	PASS
CAT-T2D	rs13021208	2	27901728	PASS
CAT-T2D	rs13023094	2	27910706	PASS
CAT-T2D	rs12998770	2	27913188	PASS
CAT-T2D	rs13030973	2	27928797	PASS
CAT-T2D	rs6727388	2	27932587	PASS
CAT-T2D	rs4616435	2	27933642	PASS
CAT-T2D	rs6727215	2	27934731	PASS
CAT-T2D	rs10432705	2	27950837	PASS
CAT-T2D	rs12994085	2	27952406	PASS
CAT-T2D	rs6722321	2	161224230	PASS
CAT-T2D	rs355899	2	165637993	PASS
CAT-T2D	rs355903	2	165640392	PASS
CAT-T2D	rs355905	2	165641400	PASS
CAT-T2D	rs355907	2	165643647	PASS
CAT-T2D	rs355909	2	165644545	PASS
CAT-T2D	rs62181670	2	172380146	PASS
CAT-T2D	rs13428567	2	172382519	PASS
CAT-T2D	rs4467241	2	172383439	PASS
CAT-T2D	rs6751911	2	172386477	PASS
CAT-T2D	rs6730441	2	172387820	PASS
CAT-T2D	rs6734372	2	172388804	PASS
CAT-T2D	rs2356783	2	172393381	PASS
CAT-T2D	rs6741930	2	172396366	PASS
CAT-T2D	rs12476341	2	172397677	PASS
CAT-T2D	rs7586144	2	172398311	PASS
CAT-T2D	rs12999785	2	172407755	PASS
CAT-T2D	rs2542941	2	172409721	PASS
CAT-T2D	rs10455	2	172411273	PASS
CAT-T2D	rs950163	2	172411737	PASS
CAT-T2D	rs2542939	2	172413018	PASS
CAT-T2D	rs2674490	2	172421255	PASS
CAT-T2D	rs2111720	2	172422877	PASS
CAT-T2D	rs4667690	2	172426326	PASS
CAT-T2D	rs2356789	2	172428447	PASS
CAT-T2D	rs4478775	1	177770097	PASS
CAT-T2D	rs56278732	1	177777483	PASS
CAT-T2D	rs12135579	1	177778091	PASS
CAT-T2D	rs4652270	1	177783644	PASS
CAT-T2D	rs4081366	1	177784137	PASS
CAT-T2D	rs4339825	1	177791704	PASS
CAT-T2D	rs2068973	1	177792715	PASS
CAT-T2D	rs34632838	1	177793582	PASS
CAT-T2D	rs35496343	1	177793637	PASS
CAT-T2D	rs10913436	1	177793843	PASS
CAT-T2D	rs12132236	1	177795619	PASS
CAT-T2D	rs10913437	1	177796140	PASS
CAT-T2D	rs10753172	1	177799073	PASS
CAT-T2D	rs10913442	1	177802363	PASS
CAT-T2D	rs1854288	1	177803087	PASS
CAT-T2D	rs12757154	1	177805739	PASS
CAT-T2D	rs12140681	1	177806198	PASS
CAT-T2D	rs2862276	1	177808522	PASS
CAT-T2D	rs34551500	1	177809084	PASS
CAT-T2D	rs10798574	1	177809627	PASS
CAT-T2D	rs10913446	1	177809861	PASS
CAT-T2D	rs12092449	1	177814928	PASS
CAT-T2D	rs12091553	1	177815433	PASS
CAT-T2D	rs10798575	1	177817678	PASS
CAT-T2D	rs6689521	1	177818786	PASS
CAT-T2D	rs6425453	1	177819166	PASS
CAT-T2D	rs1359939	1	177820861	PASS
CAT-T2D	rs35215534	1	177830626	PASS
CAT-T2D	rs4142027	1	177833576	PASS
CAT-T2D	rs6670873	1	177841685	PASS
CAT-T2D	rs2094510	1	177843479	PASS
CAT-T2D	rs13402621	2	43458611	PASS
CAT-T2D	rs1549723	2	43460514	PASS
CAT-T2D	rs6732337	2	43462822	PASS
CAT-T2D	rs13420649	2	43463637	PASS
CAT-T2D	rs6720087	2	43468745	PASS
CAT-T2D	rs6727631	2	43470408	PASS
CAT-T2D	rs11685054	2	43474295	PASS
CAT-T2D	rs6755601	2	43483044	PASS
CAT-T2D	rs6544635	2	43486704	PASS
CAT-T2D	rs6544636	2	43487486	PASS
CAT-T2D	rs6756625	2	43489313	PASS
CAT-T2D	rs113543283	2	43500281	PASS
CAT-T2D	rs6736400	2	43500804	PASS
CAT-T2D	rs1322	2	43521167	PASS
CAT-T2D	rs6715059	2	43532106	PASS
CAT-T2D	rs3862993	2	43532611	PASS
CAT-T2D	rs34247383	2	43532780	PASS
CAT-T2D	rs13390381	2	43534414	PASS
CAT-T2D	rs2163227	2	43549229	PASS
CAT-T2D	rs2163228	2	43549246	PASS
CAT-T2D	rs59803703	2	43549523	PASS
CAT-T2D	rs10211126	2	43551416	PASS
CAT-T2D	rs9309098	2	43554972	PASS
CAT-T2D	rs6744746	2	43555805	PASS
CAT-T2D	rs10210507	2	43556636	PASS
CAT-T2D	rs13384080	2	43557363	PASS
CAT-T2D	rs6756736	2	43558743	PASS
CAT-T2D	rs6760797	2	43559612	PASS
CAT-T2D	rs6740322	2	43561929	PASS
CAT-T2D	rs6711966	2	43561989	PASS
CAT-T2D	rs6727237	2	43562000	PASS
CAT-T2D	rs6715072	2	43562230	PASS
CAT-T2D	rs11899984	2	43578246	PASS
CAT-T2D	rs61552842	2	43584036	PASS
CAT-T2D	rs6751209	2	43588302	PASS
CAT-T2D	rs7589361	2	43589328	PASS
CAT-T2D	rs11694173	2	43590899	PASS
CAT-T2D	rs7562101	2	43592756	PASS
CAT-T2D	rs62137421	2	43594091	PASS
CAT-T2D	rs59362315	2	43594931	PASS
CAT-T2D	rs6709988	2	43601317	PASS
CAT-T2D	rs72790940	2	43768545	PASS
CAT-T2D	rs78070307	2	43855150	PASS
CAT-T2D	rs79111706	2	43864089	PASS
CAT-T2D	rs2245633	2	46217331	PASS
CAT-T2D	rs2595222	2	46232372	PASS
CAT-T2D	rs3738898	2	46243313	PASS
CAT-T2D	rs13027146	2	46243865	PASS
CAT-T2D	rs7604376	2	46248274	PASS
CAT-T2D	rs7592346	2	46248541	PASS
CAT-T2D	rs6748835	2	46253962	PASS
CAT-T2D	rs13003856	2	46254750	PASS
CAT-T2D	rs7581295	2	46254806	PASS
CAT-T2D	rs7607941	2	46255053	PASS
CAT-T2D	rs7584425	2	46255161	PASS
CAT-T2D	rs6544868	2	46256666	PASS
CAT-T2D	rs13024907	2	46285524	PASS
CAT-T2D	rs10801553	1	196655743	PASS
CAT-T2D	rs980183	2	59311536	PASS
CAT-T2D	rs6730325	2	59315828	PASS
CAT-T2D	rs12472381	2	59321225	PASS
CAT-T2D	rs6739755	2	59330227	PASS
CAT-T2D	rs7575523	2	59335104	PASS
CAT-T2D	rs7587043	2	198841729	PASS
CAT-T2D	rs7587598	2	198842244	PASS
CAT-T2D	rs1583792	2	198900288	PASS
CAT-T2D	rs1579695	2	198900363	PASS
CAT-T2D	rs10497811	2	198902909	PASS
CAT-T2D	rs2196174	2	198905172	PASS
CAT-T2D	rs10206714	2	198906481	PASS
CAT-T2D	rs9712275	2	198907143	PASS
CAT-T2D	rs67031482	2	198911166	PASS
CAT-T2D	rs67748055	2	198911426	PASS
CAT-T2D	rs10497813	2	198914072	PASS
CAT-T2D	rs2117339	2	198915734	PASS
CAT-T2D	rs35062652	2	198927927	PASS
CAT-T2D	rs7572733	2	198929806	PASS
CAT-T2D	rs7587251	2	198930197	PASS
CAT-T2D	rs11690149	2	198933804	PASS
CAT-T2D	rs11690205	2	198933948	PASS
CAT-T2D	rs1866666	2	198940607	PASS
CAT-T2D	rs9973400	2	198941578	PASS
CAT-T2D	rs1036333	2	198943787	PASS
CAT-T2D	rs6716898	2	198944271	PASS
CAT-T2D	rs4549082	2	198944654	PASS
CAT-T2D	rs1440089	2	198944947	PASS
CAT-T2D	rs1064213	2	198950240	PASS
CAT-T2D	rs11684176	2	198954774	PASS
CAT-T2D	rs13400658	2	60540086	PASS
CAT-T2D	rs13406582	2	60550937	PASS
CAT-T2D	rs17026869	2	60551262	PASS
CAT-T2D	rs76236532	2	60554825	PASS
CAT-T2D	rs56014231	2	60555612	PASS
CAT-T2D	rs35824707	2	60555614	PASS
CAT-T2D	rs13012438	2	60584283	PASS
CAT-T2D	rs243035	2	60601376	PASS
CAT-T2D	rs13385171	2	65661843	PASS
CAT-T2D	rs12096508	1	50920161	PASS
CAT-T2D	rs56272614	1	50933200	PASS
CAT-T2D	rs17106219	1	50935031	PASS
CAT-T2D	rs3789576	1	50945526	PASS
CAT-T2D	rs72898961	1	50966976	PASS
CAT-T2D	rs72898971	1	50971408	PASS
CAT-T2D	rs58446086	1	50971801	PASS
CAT-T2D	rs59622625	1	50973264	PASS
CAT-T2D	rs6672112	1	51188594	PASS
CAT-T2D	rs111632161	1	51191820	PASS
CAT-T2D	rs11589343	1	51201102	PASS
CAT-T2D	rs12565378	1	51216584	PASS
CAT-T2D	rs12561912	1	51219166	PASS
CAT-T2D	rs12064411	1	51220291	PASS
CAT-T2D	rs111352324	1	51220680	PASS
CAT-T2D	rs113611257	1	51221103	PASS
CAT-T2D	rs112282787	1	51221406	PASS
CAT-T2D	rs112717424	1	51228799	PASS
CAT-T2D	rs72902729	1	51231935	PASS
CAT-T2D	rs113119450	1	51235816	PASS
CAT-T2D	rs11588333	1	51236592	PASS
CAT-T2D	rs72902736	1	51239976	PASS
CAT-T2D	rs17384696	1	51241057	PASS
CAT-T2D	rs17384731	1	51241620	PASS
CAT-T2D	rs12084054	1	51242141	PASS
CAT-T2D	rs72902744	1	51243642	PASS
CAT-T2D	rs12074850	1	51248316	PASS
CAT-T2D	rs72902760	1	51252471	PASS
CAT-T2D	rs12075991	1	51252618	PASS
CAT-T2D	rs72902763	1	51255320	PASS
CAT-T2D	rs58432198	1	51256091	PASS
CAT-T2D	rs72902765	1	51256698	PASS
CAT-T2D	rs72690493	1	51259579	PASS
CAT-T2D	rs60788683	1	51262653	PASS
CAT-T2D	rs72902772	1	51265368	PASS
CAT-T2D	rs12085022	1	51269018	PASS
CAT-T2D	rs11205771	1	51276490	PASS
CAT-T2D	rs72902778	1	51276715	PASS
CAT-T2D	rs58795848	1	51283510	PASS
CAT-T2D	rs111701702	1	51284446	PASS
CAT-T2D	rs12058197	1	51284557	PASS
CAT-T2D	rs11205773	1	51284905	PASS
CAT-T2D	rs12096626	1	51286155	PASS
CAT-T2D	rs112931784	1	51294132	PASS
CAT-T2D	rs59786222	1	51295793	PASS
CAT-T2D	rs60483827	1	51301657	PASS
CAT-T2D	rs111655515	1	51303605	PASS
CAT-T2D	rs60832780	1	51303714	PASS
CAT-T2D	rs72904709	1	51306002	PASS
CAT-T2D	rs12067513	1	51310062	PASS
CAT-T2D	rs57412341	1	51310327	PASS
CAT-T2D	rs113910111	1	51328773	PASS
CAT-T2D	rs111779227	1	51328987	PASS
CAT-T2D	rs72904723	1	51334304	PASS
CAT-T2D	rs72904725	1	51334488	PASS
CAT-T2D	rs6700139	1	51337868	PASS
CAT-T2D	rs72904732	1	51342809	PASS
CAT-T2D	rs58791125	1	51342856	PASS
CAT-T2D	rs12088617	1	51347213	PASS
CAT-T2D	rs12068606	1	51351281	PASS
CAT-T2D	rs72904737	1	51351846	PASS
CAT-T2D	rs57095912	1	51356830	PASS
CAT-T2D	rs1573012	1	51369991	PASS
CAT-T2D	rs10399644	1	51370926	PASS
CAT-T2D	rs12073279	1	51372094	PASS
CAT-T2D	rs59542416	1	51372251	PASS
CAT-T2D	rs140087721	1	51374139	PASS
CAT-T2D	rs60244988	1	51374608	PASS
CAT-T2D	rs140468540	1	51374764	PASS
CAT-T2D	rs57183177	1	51379945	PASS
CAT-T2D	rs72904771	1	51393412	PASS
CAT-T2D	rs6698809	1	51407584	PASS
CAT-T2D	rs76183105	1	51413964	PASS
CAT-T2D	rs60914341	1	51414317	PASS
CAT-T2D	rs72904788	1	51415247	PASS
CAT-T2D	rs72904790	1	51415652	PASS
CAT-T2D	rs6668495	1	51415994	PASS
CAT-T2D	rs141780344	1	51419336	PASS
CAT-T2D	rs113836734	1	51419841	PASS
CAT-T2D	rs3176459	1	51437247	PASS
CAT-T2D	rs3176468	1	51438881	PASS
CAT-T2D	rs72904801	1	51442137	PASS
CAT-T2D	rs72906804	1	51450144	PASS
CAT-T2D	rs72906805	1	51450445	PASS
CAT-T2D	rs57331401	1	51451372	PASS
CAT-T2D	rs11583886	1	51451499	PASS
CAT-T2D	rs1935300	1	51454249	PASS
CAT-T2D	rs72906810	1	51457200	PASS
CAT-T2D	rs11584323	1	51457904	PASS
CAT-T2D	rs2453728	1	51460955	PASS
CAT-T2D	rs7553550	1	51463450	PASS
CAT-T2D	rs2453729	1	51463805	PASS
CAT-T2D	rs72906818	1	51470403	PASS
CAT-T2D	rs148262742	1	51472241	PASS
CAT-T2D	rs67884539	1	51477659	PASS
CAT-T2D	rs72906830	1	51483605	PASS
CAT-T2D	rs151226075	1	51489204	PASS
CAT-T2D	rs12088739	1	51506886	PASS
CAT-T2D	rs58922966	1	51508282	PASS
CAT-T2D	rs60002258	1	51508467	PASS
CAT-T2D	rs12078980	1	51508526	PASS
CAT-T2D	rs114675680	1	51512080	PASS
CAT-T2D	rs147136903	1	51512441	PASS
CAT-T2D	rs58957319	1	51517693	PASS
CAT-T2D	rs111868347	1	51523990	PASS
CAT-T2D	rs72906900	1	51527642	PASS
CAT-T2D	rs4131142	1	51528752	PASS
CAT-T2D	rs1019969	1	214101626	PASS
CAT-T2D	rs74454622	1	214107008	PASS
CAT-T2D	rs11120231	1	214110152	PASS
CAT-T2D	rs80256218	1	214110713	PASS
CAT-T2D	rs340849	1	214118090	PASS
CAT-T2D	rs340847	1	214120946	PASS
CAT-T2D	rs340846	1	214121096	PASS
CAT-T2D	rs340841	1	214124470	PASS
CAT-T2D	rs2075425	1	214125854	PASS
CAT-T2D	rs6679091	1	219622509	PASS
CAT-T2D	rs6669442	1	219622596	PASS
CAT-T2D	rs4846561	1	219623451	PASS
CAT-T2D	rs1538747	1	219623458	PASS
CAT-T2D	rs1538748	1	219623621	PASS
CAT-T2D	rs36026897	1	219625366	PASS
CAT-T2D	rs17528752	1	219626948	PASS
CAT-T2D	rs12037905	1	219628036	PASS
CAT-T2D	rs6671555	1	219628392	PASS
CAT-T2D	rs6689335	1	219628682	PASS
CAT-T2D	rs11118308	1	219633869	PASS
CAT-T2D	rs12027371	1	219636541	PASS
CAT-T2D	rs12030393	1	219639651	PASS
CAT-T2D	rs12126911	1	219640767	PASS
CAT-T2D	rs6658668	1	219649333	PASS
CAT-T2D	rs1538749	1	219649865	PASS
CAT-T2D	rs1340097	1	219650561	PASS
CAT-T2D	rs2605107	1	219650741	PASS
CAT-T2D	rs748273	1	219650950	PASS
CAT-T2D	rs12022722	1	219651133	PASS
CAT-T2D	rs2820430	1	219651779	PASS
CAT-T2D	rs12045024	1	219652870	PASS
CAT-T2D	rs1563353	1	219653026	PASS
CAT-T2D	rs4623705	1	219654722	PASS
CAT-T2D	rs1531096	1	219656701	PASS
CAT-T2D	rs11118316	1	219657163	PASS
CAT-T2D	rs2791549	1	219658003	PASS
CAT-T2D	rs2061154	1	219658075	PASS
CAT-T2D	rs12735157	1	219686024	PASS
CAT-T2D	rs35789093	1	219702590	PASS
CAT-T2D	rs2485301	1	219707074	PASS
CAT-T2D	rs2713623	3	129282138	PASS
CAT-T2D	rs2625970	3	129282977	PASS
CAT-T2D	rs2625971	3	129283765	PASS
CAT-T2D	rs2625972	3	129284415	PASS
CAT-T2D	rs2625973	3	129284818	PASS
CAT-T2D	rs2245281	3	129286531	PASS
CAT-T2D	rs2245278	3	129286635	PASS
CAT-T2D	rs2625974	3	129287473	PASS
CAT-T2D	rs2244708	3	129291751	PASS
CAT-T2D	rs2625976	3	129292065	PASS
CAT-T2D	rs17262799	4	161083206	PASS
CAT-T2D	rs72691363	4	161086102	PASS
CAT-T2D	rs11941120	4	161091599	PASS
CAT-T2D	rs59249479	4	161093130	PASS
CAT-T2D	rs72691375	4	161096798	PASS
CAT-T2D	rs2089913	4	45071269	PASS
CAT-T2D	rs2102594	4	45071600	PASS
CAT-T2D	rs6820099	4	45075034	PASS
CAT-T2D	rs35598227	4	45076195	PASS
CAT-T2D	rs1849338	4	45142805	PASS
CAT-T2D	rs55683651	4	48875069	PASS
CAT-T2D	rs13119077	4	53048990	PASS
CAT-T2D	rs28523618	4	53051170	PASS
CAT-T2D	rs10517248	4	53051584	PASS
CAT-T2D	rs10021645	4	53053126	PASS
CAT-T2D	rs1384141	4	53053707	PASS
CAT-T2D	rs13122733	4	53054296	PASS
CAT-T2D	rs6947548	7	11707419	PASS
CAT-T2D	rs11520746	7	15015889	PASS
CAT-T2D	rs10264059	7	15016110	PASS
CAT-T2D	rs17168570	7	15016942	PASS
CAT-T2D	rs11974348	7	15017023	PASS
CAT-T2D	rs9986829	7	15019259	PASS
CAT-T2D	rs2358157	7	15023729	PASS
CAT-T2D	rs12374901	7	15024954	PASS
CAT-T2D	rs10257710	7	15026516	PASS
CAT-T2D	rs12670968	7	15026787	PASS
CAT-T2D	rs6461145	7	15026872	PASS
CAT-T2D	rs2214618	7	15029541	PASS
CAT-T2D	rs1548567	7	15029705	PASS
CAT-T2D	rs12534970	7	15031507	PASS
CAT-T2D	rs10224343	7	15032808	PASS
CAT-T2D	rs57364300	7	15033215	PASS
CAT-T2D	rs62448613	7	15035755	PASS
CAT-T2D	rs2189722	7	15036415	PASS
CAT-T2D	rs10950545	7	15037077	PASS
CAT-T2D	rs17168579	7	15038077	PASS
CAT-T2D	rs11971503	7	15038452	PASS
CAT-T2D	rs62448614	7	15039249	PASS
CAT-T2D	rs1005256	7	15039605	PASS
CAT-T2D	rs2189723	7	15040241	PASS
CAT-T2D	rs992823	7	15041187	PASS
CAT-T2D	rs2189724	7	15041822	PASS
CAT-T2D	rs2189725	7	15041873	PASS
CAT-T2D	rs10244143	7	15042959	PASS
CAT-T2D	rs6461149	7	15044103	PASS
CAT-T2D	rs9639218	7	15045619	PASS
CAT-T2D	rs10264723	7	15054370	PASS
CAT-T2D	rs10249299	7	15054391	PASS
CAT-T2D	rs2358159	7	15054908	PASS
CAT-T2D	rs2215381	7	15054935	PASS
CAT-T2D	rs80005921	7	15063379	PASS
CAT-T2D	rs9272998	6	32611474	PASS
CAT-T2D	rs5002178	6	32611590	PASS
CAT-T2D	rs9273042	6	32611964	PASS
CAT-T2D	rs9273062	6	32612161	PASS
CAT-T2D	rs9273071	6	32612251	PASS
CAT-T2D	rs9273073	6	32612279	PASS
CAT-T2D	rs9273079	6	32612326	PASS
CAT-T2D	rs9273083	6	32612343	PASS
CAT-T2D	rs9273084	6	32612396	PASS
CAT-T2D	rs6927022	6	32612397	PASS
CAT-T2D	rs9273144	6	32612915	PASS
CAT-T2D	rs34276369	6	32614037	PASS
CAT-T2D	rs17843573	6	32615400	PASS
CAT-T2D	rs17612562	6	32615446	PASS
CAT-T2D	rs17612576	6	32615458	PASS
CAT-T2D	rs17843577	6	32615510	PASS
CAT-T2D	rs17843580	6	32615551	PASS
CAT-T2D	rs17612590	6	32615578	PASS
CAT-T2D	rs17843583	6	32615652	PASS
CAT-T2D	rs17612625	6	32615702	PASS
CAT-T2D	rs17843604	6	32620283	PASS
CAT-T2D	rs17612781	6	32620311	PASS
CAT-T2D	rs17612788	6	32620344	PASS
CAT-T2D	rs17612802	6	32620359	PASS
CAT-T2D	rs17843612	6	32620536	PASS
CAT-T2D	rs17612852	6	32620572	PASS
CAT-T2D	rs9273326	6	32623219	PASS
CAT-T2D	rs9273329	6	32623242	PASS
CAT-T2D	rs9273330	6	32623300	PASS
CAT-T2D	rs9273339	6	32623430	PASS
CAT-T2D	rs6905775	6	32626021	PASS
CAT-T2D	rs6928482	6	32626249	PASS
CAT-T2D	rs9273363	6	32626272	PASS
CAT-T2D	rs9273364	6	32626302	PASS
CAT-T2D	rs9273368	6	32626475	PASS
CAT-T2D	rs9273408	6	32627221	PASS
CAT-T2D	rs9273440	6	32627561	PASS
CAT-T2D	rs1063355	6	32627714	PASS
CAT-T2D	rs1049225	6	32627747	PASS
CAT-T2D	rs1049213	6	32627773	PASS
CAT-T2D	rs9273504	6	32628407	PASS
CAT-T2D	rs2854275	6	32628428	PASS
CAT-T2D	rs1130399	6	32629755	PASS
CAT-T2D	rs1130398	6	32629764	PASS
CAT-T2D	rs3830059	6	32634007	PASS
CAT-T2D	rs3830058	6	32634010	PASS
CAT-T2D	rs28746839	6	32634090	PASS
CAT-T2D	rs28746843	6	32634137	PASS
CAT-T2D	rs9274514	6	32634243	PASS
CAT-T2D	rs1049072	6	32634355	PASS
CAT-T2D	rs1049055	6	32634387	PASS
CAT-T2D	rs3891175	6	32634467	PASS
CAT-T2D	rs28746853	6	32634646	PASS
CAT-T2D	rs28746859	6	32635007	PASS
CAT-T2D	rs28746860	6	32635033	PASS
CAT-T2D	rs3828789	6	32635754	PASS
CAT-T2D	rs3828790	6	32635809	PASS
CAT-T2D	rs2647025	6	32635949	PASS
CAT-T2D	rs3828796	6	32635974	PASS
CAT-T2D	rs9274655	6	32636289	PASS
CAT-T2D	rs9274656	6	32636351	PASS
CAT-T2D	rs9274660	6	32636434	PASS
CAT-T2D	rs9274661	6	32636443	PASS
CAT-T2D	rs3134998	6	32636757	PASS
CAT-T2D	rs9274683	6	32636780	PASS
CAT-T2D	rs9274685	6	32636844	PASS
CAT-T2D	rs9274697	6	32637016	PASS
CAT-T2D	rs9274700	6	32637180	PASS
CAT-T2D	rs9274725	6	32637573	PASS
CAT-T2D	rs3134994	6	32637680	PASS
CAT-T2D	rs9274728	6	32637772	PASS
CAT-T2D	rs9274741	6	32637994	PASS
CAT-T2D	rs9274759	6	32638315	PASS
CAT-T2D	rs9274761	6	32638371	PASS
CAT-T2D	rs9274791	6	32639163	PASS
CAT-T2D	rs9274982	6	32642335	PASS
CAT-T2D	rs9274983	6	32642337	PASS
CAT-T2D	rs3129781	6	32648500	PASS
CAT-T2D	rs9275086	6	32648809	PASS
CAT-T2D	rs9275087	6	32648893	PASS
CAT-T2D	rs9275100	6	32649308	PASS
CAT-T2D	rs9275107	6	32649508	PASS
CAT-T2D	rs9275108	6	32649609	PASS
CAT-T2D	rs9275110	6	32649723	PASS
CAT-T2D	rs9275111	6	32649735	PASS
CAT-T2D	rs9275112	6	32649773	PASS
CAT-T2D	rs9275121	6	32650185	PASS
CAT-T2D	rs9275122	6	32650233	PASS
CAT-T2D	rs9275123	6	32650256	PASS
CAT-T2D	rs2516006	6	32650268	PASS
CAT-T2D	rs9275131	6	32650467	PASS
CAT-T2D	rs9275132	6	32650500	PASS
CAT-T2D	rs9275133	6	32650588	PASS
CAT-T2D	rs9275136	6	32650757	PASS
CAT-T2D	rs9275139	6	32651005	PASS
CAT-T2D	rs9275140	6	32651018	PASS
CAT-T2D	rs9275141	6	32651117	PASS
CAT-T2D	rs9275145	6	32651363	PASS
CAT-T2D	rs9275148	6	32651585	PASS
CAT-T2D	rs9275149	6	32651616	PASS
CAT-T2D	rs9275150	6	32651617	PASS
CAT-T2D	rs3134977	6	32651641	PASS
CAT-T2D	rs3021062	6	32651741	PASS
CAT-T2D	rs2856695	6	32651894	PASS
CAT-T2D	rs3134976	6	32652305	PASS
CAT-T2D	rs3021059	6	32652344	PASS
CAT-T2D	rs3021058	6	32652359	PASS
CAT-T2D	rs3021057	6	32652363	PASS
CAT-T2D	rs9275154	6	32652435	PASS
CAT-T2D	rs9275156	6	32652486	PASS
CAT-T2D	rs3134975	6	32652581	PASS
CAT-T2D	rs9275160	6	32652620	PASS
CAT-T2D	rs9275162	6	32652687	PASS
CAT-T2D	rs4947342	6	32653070	PASS
CAT-T2D	rs2856693	6	32653283	PASS
CAT-T2D	rs2856692	6	32653385	PASS
CAT-T2D	rs2856691	6	32653435	PASS
CAT-T2D	rs9275171	6	32653972	PASS
CAT-T2D	rs9275172	6	32653997	PASS
CAT-T2D	rs9275175	6	32654147	PASS
CAT-T2D	rs9275182	6	32654390	PASS
CAT-T2D	rs9275183	6	32654502	PASS
CAT-T2D	rs2856688	6	32654640	PASS
CAT-T2D	rs2856683	6	32655218	PASS
CAT-T2D	rs3129716	6	32657436	PASS
CAT-T2D	rs4642516	6	32657543	PASS
CAT-T2D	rs9275205	6	32657560	PASS
CAT-T2D	rs7774434	6	32657578	PASS
CAT-T2D	rs9275210	6	32657817	PASS
CAT-T2D	rs9275212	6	32658327	PASS
CAT-T2D	rs9275219	6	32659077	PASS
CAT-T2D	rs9275220	6	32659087	PASS
CAT-T2D	rs5002702	6	32659158	PASS
CAT-T2D	rs4713589	6	32659435	PASS
CAT-T2D	rs4713587	6	32659535	PASS
CAT-T2D	rs2647004	6	32659609	PASS
CAT-T2D	rs2856674	6	32659645	PASS
CAT-T2D	rs3129718	6	32659838	PASS
CAT-T2D	rs9275224	6	32659878	PASS
CAT-T2D	rs4713580	6	32659994	PASS
CAT-T2D	rs4713582	6	32660051	PASS
CAT-T2D	rs4713583	6	32660153	PASS
CAT-T2D	rs4711304	6	32660170	PASS
CAT-T2D	rs2858324	6	32660375	PASS
CAT-T2D	rs9275231	6	32660505	PASS
CAT-T2D	rs9275238	6	32660689	PASS
CAT-T2D	rs9275241	6	32660741	PASS
CAT-T2D	rs9275244	6	32660881	PASS
CAT-T2D	rs9275245	6	32660943	PASS
CAT-T2D	rs2858319	6	32661294	PASS
CAT-T2D	rs9275276	6	32662676	PASS
CAT-T2D	rs9275282	6	32662974	PASS
CAT-T2D	rs9275288	6	32663203	PASS
CAT-T2D	rs9275292	6	32663289	PASS
CAT-T2D	rs9275295	6	32663391	PASS
CAT-T2D	rs5000634	6	32663564	PASS
CAT-T2D	rs3129720	6	32663631	PASS
CAT-T2D	rs6457617	6	32663851	PASS
CAT-T2D	rs2647016	6	32663925	PASS
CAT-T2D	rs6457622	6	32664163	PASS
CAT-T2D	rs7745040	6	32664332	PASS
CAT-T2D	rs2647012	6	32664458	PASS
CAT-T2D	rs2894380	6	32664675	PASS
CAT-T2D	rs2647003	6	32664880	PASS
CAT-T2D	rs2856667	6	32665079	PASS
CAT-T2D	rs2647001	6	32665086	PASS
CAT-T2D	rs9275309	6	32665258	PASS
CAT-T2D	rs2856666	6	32665285	PASS
CAT-T2D	rs2646998	6	32665367	PASS
CAT-T2D	rs9275312	6	32665728	PASS
CAT-T2D	rs9275316	6	32665916	PASS
CAT-T2D	rs9275318	6	32666173	PASS
CAT-T2D	rs9275319	6	32666295	PASS
CAT-T2D	rs1794283	6	32666358	PASS
CAT-T2D	rs2856727	6	32666397	PASS
CAT-T2D	rs1794282	6	32666526	PASS
CAT-T2D	rs9275323	6	32666609	PASS
CAT-T2D	rs2856725	6	32666738	PASS
CAT-T2D	rs9275327	6	32666802	PASS
CAT-T2D	rs9275328	6	32666822	PASS
CAT-T2D	rs9275329	6	32666831	PASS
CAT-T2D	rs9275330	6	32666875	PASS
CAT-T2D	rs9275331	6	32666899	PASS
CAT-T2D	rs9275332	6	32666943	PASS
CAT-T2D	rs9275333	6	32666968	PASS
CAT-T2D	rs3135006	6	32667119	PASS
CAT-T2D	rs2647040	6	32667280	PASS
CAT-T2D	rs9275337	6	32667318	PASS
CAT-T2D	rs9275357	6	32667891	PASS
CAT-T2D	rs3135190	6	32667946	PASS
CAT-T2D	rs9275362	6	32667957	PASS
CAT-T2D	rs2856722	6	32667958	PASS
CAT-T2D	rs2647045	6	32668100	PASS
CAT-T2D	rs9275365	6	32668125	PASS
CAT-T2D	rs9275366	6	32668171	PASS
CAT-T2D	rs9275370	6	32668258	PASS
CAT-T2D	rs9275371	6	32668296	PASS
CAT-T2D	rs2858310	6	32668323	PASS
CAT-T2D	rs2647046	6	32668336	PASS
CAT-T2D	rs9275372	6	32668388	PASS
CAT-T2D	rs9275373	6	32668411	PASS
CAT-T2D	rs3135002	6	32668439	PASS
CAT-T2D	rs9275374	6	32668526	PASS
CAT-T2D	rs9275375	6	32668632	PASS
CAT-T2D	rs9275376	6	32668633	PASS
CAT-T2D	rs9275384	6	32668898	PASS
CAT-T2D	rs9275385	6	32668917	PASS
CAT-T2D	rs1613056	6	32668946	PASS
CAT-T2D	rs9275388	6	32669084	PASS
CAT-T2D	rs9275390	6	32669156	PASS
CAT-T2D	rs9275393	6	32669439	PASS
CAT-T2D	rs9275399	6	32669712	PASS
CAT-T2D	rs9275404	6	32669878	PASS
CAT-T2D	rs9275405	6	32669883	PASS
CAT-T2D	rs9275406	6	32669955	PASS
CAT-T2D	rs9275407	6	32670037	PASS
CAT-T2D	rs9275408	6	32670110	PASS
CAT-T2D	rs3135001	6	32670136	PASS
CAT-T2D	rs9275417	6	32670214	PASS
CAT-T2D	rs9275418	6	32670244	PASS
CAT-T2D	rs2856717	6	32670308	PASS
CAT-T2D	rs2858305	6	32670464	PASS
CAT-T2D	rs9275421	6	32670477	PASS
CAT-T2D	rs9275423	6	32670564	PASS
CAT-T2D	rs9275424	6	32670576	PASS
CAT-T2D	rs9275425	6	32670874	PASS
CAT-T2D	rs2647051	6	32670897	PASS
CAT-T2D	rs9275427	6	32670915	PASS
CAT-T2D	rs9275428	6	32670978	PASS
CAT-T2D	rs9275431	6	32671140	PASS
CAT-T2D	rs9275432	6	32671185	PASS
CAT-T2D	rs1794511	6	32671207	PASS
CAT-T2D	rs9275438	6	32671508	PASS
CAT-T2D	rs9275439	6	32671521	PASS
CAT-T2D	rs9275440	6	32671596	PASS
CAT-T2D	rs9275441	6	32671676	PASS
CAT-T2D	rs2856699	6	32671765	PASS
CAT-T2D	rs1794530	6	32671800	PASS
CAT-T2D	rs9275468	6	32672412	PASS
CAT-T2D	rs9275469	6	32672430	PASS
CAT-T2D	rs9275471	6	32672491	PASS
CAT-T2D	rs9275472	6	32672494	PASS
CAT-T2D	rs9275475	6	32672556	PASS
CAT-T2D	rs9275480	6	32672668	PASS
CAT-T2D	rs9275482	6	32672932	PASS
CAT-T2D	rs9275483	6	32673051	PASS
CAT-T2D	rs9275485	6	32673077	PASS
CAT-T2D	rs9275488	6	32673269	PASS
CAT-T2D	rs1617322	6	32673893	PASS
CAT-T2D	rs9275504	6	32673986	PASS
CAT-T2D	rs9275505	6	32674058	PASS
CAT-T2D	rs9275507	6	32674130	PASS
CAT-T2D	rs9275512	6	32674396	PASS
CAT-T2D	rs9275521	6	32674952	PASS
CAT-T2D	rs9275522	6	32674970	PASS
CAT-T2D	rs9275523	6	32674994	PASS
CAT-T2D	rs9275531	6	32675592	PASS
CAT-T2D	rs9275542	6	32676246	PASS
CAT-T2D	rs9275547	6	32676525	PASS
CAT-T2D	rs9275548	6	32676530	PASS
CAT-T2D	rs9275555	6	32677088	PASS
CAT-T2D	rs9275558	6	32677427	PASS
CAT-T2D	rs9275561	6	32677789	PASS
CAT-T2D	rs9275563	6	32677912	PASS
CAT-T2D	rs9275564	6	32677927	PASS
CAT-T2D	rs3129726	6	32678206	PASS
CAT-T2D	rs9275571	6	32678847	PASS
CAT-T2D	rs9275576	6	32679326	PASS
CAT-T2D	rs9275578	6	32679384	PASS
CAT-T2D	rs9275580	6	32679462	PASS
CAT-T2D	rs9275582	6	32680070	PASS
CAT-T2D	rs3135461	6	32680122	PASS
CAT-T2D	rs9275585	6	32680350	PASS
CAT-T2D	rs9275590	6	32680480	PASS
CAT-T2D	rs9275591	6	32680562	PASS
CAT-T2D	rs9275593	6	32680843	PASS
CAT-T2D	rs9275595	6	32681355	PASS
CAT-T2D	rs3104402	6	32681676	PASS
CAT-T2D	rs3998158	6	32681992	PASS
CAT-T2D	rs3957147	6	32682135	PASS
CAT-T2D	rs3104405	6	32682308	PASS
CAT-T2D	rs3104407	6	32682452	PASS
CAT-T2D	rs9275602	6	32682812	PASS
CAT-T2D	rs3873448	6	32683055	PASS
CAT-T2D	rs3104410	6	32683324	PASS
CAT-T2D	rs3873453	6	32683382	PASS
CAT-T2D	rs9275607	6	32683645	PASS
CAT-T2D	rs3104411	6	32683653	PASS
CAT-T2D	rs6935940	6	32683691	PASS
CAT-T2D	rs9275610	6	32683750	PASS
CAT-T2D	rs9275611	6	32683763	PASS
CAT-T2D	rs9275614	6	32684257	PASS
CAT-T2D	rs6916779	6	32684317	PASS
CAT-T2D	rs5024431	6	32684344	PASS
CAT-T2D	rs9275618	6	32684387	PASS
CAT-T2D	rs9275638	6	32684760	PASS
CAT-T2D	rs7738118	6	32684957	PASS
CAT-T2D	rs7738119	6	32684959	PASS
CAT-T2D	rs3916765	6	32685550	PASS
CAT-T2D	rs9276189	6	32699325	PASS
CAT-T2D	rs9276434	6	32712666	PASS
CAT-T2D	rs2621419	6	32741006	PASS
CAT-T2D	rs2857210	6	32741742	PASS
CAT-T2D	rs2621415	6	32741894	PASS
CAT-T2D	rs2621413	6	32742531	PASS
CAT-T2D	rs2857193	6	32747528	PASS
CAT-T2D	rs2621407	6	32747569	PASS
CAT-T2D	rs2857189	6	32748943	PASS
CAT-T2D	rs2621399	6	32750951	PASS
CAT-T2D	rs2857182	6	32751179	PASS
CAT-T2D	rs2857177	6	32752840	PASS
CAT-T2D	rs2261566	6	32754081	PASS
CAT-T2D	rs2621395	6	32754367	PASS
CAT-T2D	rs2857175	6	32754398	PASS
CAT-T2D	rs2621394	6	32754409	PASS
CAT-T2D	rs2857174	6	32754768	PASS
CAT-T2D	rs9276694	6	32756030	PASS
CAT-T2D	rs9276698	6	32756386	PASS
CAT-T2D	rs9276702	6	32756741	PASS
CAT-T2D	rs9276705	6	32756833	PASS
CAT-T2D	rs9276710	6	32757102	PASS
CAT-T2D	rs2621389	6	32757532	PASS
CAT-T2D	rs2857166	6	32757594	PASS
CAT-T2D	rs2857165	6	32757737	PASS
CAT-T2D	rs2621387	6	32757971	PASS
CAT-T2D	rs2857164	6	32758219	PASS
CAT-T2D	rs2621386	6	32758268	PASS
CAT-T2D	rs1158785	6	32758571	PASS
CAT-T2D	rs2621384	6	32759273	PASS
CAT-T2D	rs2857161	6	32759297	PASS
CAT-T2D	rs2621383	6	32759335	PASS
CAT-T2D	rs2621382	6	32760445	PASS
CAT-T2D	rs2157082	6	32760714	PASS
CAT-T2D	rs2621380	6	32761353	PASS
CAT-T2D	rs2857153	6	32762641	PASS
CAT-T2D	rs2621379	6	32762792	PASS
CAT-T2D	rs2621377	6	32763110	PASS
CAT-T2D	rs9276726	6	32763888	PASS
CAT-T2D	rs2187685	6	32764315	PASS
CAT-T2D	rs7767167	6	32765182	PASS
CAT-T2D	rs6912002	6	32765268	PASS
CAT-T2D	rs1383261	6	32765451	PASS
CAT-T2D	rs6938180	6	32766014	PASS
CAT-T2D	rs6937727	6	32766020	PASS
CAT-T2D	rs9276733	6	32766026	PASS
CAT-T2D	rs6937875	6	32766041	PASS
CAT-T2D	rs7383562	6	32766345	PASS
CAT-T2D	rs7383606	6	32766593	PASS
CAT-T2D	rs9276734	6	32766854	PASS
CAT-T2D	rs7382679	6	32767170	PASS
CAT-T2D	rs7381315	6	32767251	PASS
CAT-T2D	rs7740209	6	32767432	PASS
CAT-T2D	rs7382714	6	32767496	PASS
CAT-T2D	rs4947350	6	32767620	PASS
CAT-T2D	rs6457678	6	32768378	PASS
CAT-T2D	rs7755858	6	32770111	PASS
CAT-T2D	rs6919657	6	32770443	PASS
CAT-T2D	rs6899857	6	32770482	PASS
CAT-T2D	rs9276745	6	32771411	PASS
CAT-T2D	rs9276749	6	32771964	PASS
CAT-T2D	rs9276758	6	32772975	PASS
CAT-T2D	rs9276760	6	32773102	PASS
CAT-T2D	rs7748681	6	32773858	PASS
CAT-T2D	rs6912056	6	32774274	PASS
CAT-T2D	rs6912414	6	32774465	PASS
CAT-T2D	rs6917315	6	32775001	PASS
CAT-T2D	rs9276778	6	32775312	PASS
CAT-T2D	rs7382619	6	32775809	PASS
CAT-T2D	rs7382649	6	32776087	PASS
CAT-T2D	rs9276785	6	32776292	PASS
CAT-T2D	rs6929904	6	32777319	PASS
CAT-T2D	rs7383081	6	32777540	PASS
CAT-T2D	rs7381867	6	32777556	PASS
CAT-T2D	rs11244	6	32780724	PASS
CAT-T2D	rs1383258	6	32783405	PASS
CAT-T2D	rs9784758	6	32788511	PASS
CAT-T2D	rs9784869	6	32788566	PASS
CAT-T2D	rs9784876	6	32788878	PASS
CAT-T2D	rs59853218	6	32789168	PASS
CAT-T2D	rs60772434	6	32789197	PASS
CAT-T2D	rs73410773	6	32789702	PASS
CAT-T2D	rs73410775	6	32789742	PASS
CAT-T2D	rs16870907	6	32789807	PASS
CAT-T2D	rs73410776	6	32789955	PASS
CAT-T2D	rs16870908	6	32790089	PASS
CAT-T2D	rs73410780	6	32790438	PASS
CAT-T2D	rs73410782	6	32790498	PASS
CAT-T2D	rs73410783	6	32790630	PASS
CAT-T2D	rs112707155	6	32790799	PASS
CAT-T2D	rs113025746	6	32790800	PASS
CAT-T2D	rs57654360	6	32790982	PASS
CAT-T2D	rs58027204	6	32791139	PASS
CAT-T2D	rs1044043	6	32793981	PASS
CAT-T2D	rs10484565	6	32795032	PASS
CAT-T2D	rs2229527	6	32797309	PASS
CAT-T2D	rs762808	6	32797466	PASS
CAT-T2D	rs62397687	6	32802009	PASS
CAT-T2D	rs62397688	6	32802462	PASS
CAT-T2D	rs55869430	6	32803576	PASS
CAT-T2D	rs3819716	6	32804284	PASS
CAT-T2D	rs3819717	6	32804299	PASS
CAT-T2D	rs241427	6	32804414	PASS
CAT-T2D	rs3819720	6	32804570	PASS
CAT-T2D	rs3819721	6	32804798	PASS
CAT-T2D	rs1871665	6	32804879	PASS
CAT-T2D	rs1871664	6	32804881	PASS
CAT-T2D	rs241425	6	32804909	PASS
CAT-T2D	rs241424	6	32804934	PASS
CAT-T2D	rs2239701	6	32805049	PASS
CAT-T2D	rs2071544	6	32806121	PASS
CAT-T2D	rs4148870	6	32806391	PASS
CAT-T2D	rs2071552	6	32806461	PASS
CAT-T2D	rs4148869	6	32806576	PASS
CAT-T2D	rs4148868	6	32806584	PASS
CAT-T2D	rs4713598	6	32806786	PASS
CAT-T2D	rs9391747	6	32806949	PASS
CAT-T2D	rs3763365	6	32807453	PASS
CAT-T2D	rs3763349	6	32808232	PASS
CAT-T2D	rs2071464	6	32809076	PASS
CAT-T2D	rs2071627	6	32809223	PASS
CAT-T2D	rs9357155	6	32809848	PASS
CAT-T2D	rs9276810	6	32810443	PASS
CAT-T2D	rs6924102	6	32811383	PASS
CAT-T2D	rs2071543	6	32811629	PASS
CAT-T2D	rs2071540	6	32812916	PASS
CAT-T2D	rs1053752	6	32814127	PASS
CAT-T2D	rs6457684	6	32814447	PASS
CAT-T2D	rs735883	6	32816054	PASS
CAT-T2D	rs4148882	6	32816958	PASS
CAT-T2D	rs2284190	6	32819517	PASS
CAT-T2D	rs2071536	6	32821447	PASS
CAT-T2D	rs9276821	6	32829304	PASS
CAT-T2D	rs9276822	6	32829320	PASS
CAT-T2D	rs4959116	6	32831661	PASS
CAT-T2D	rs3752430	6	32832667	PASS
CAT-T2D	rs1055559	6	32832786	PASS
CAT-T2D	rs115493740	6	32838539	PASS
CAT-T2D	rs9276842	6	32839628	PASS
CAT-T2D	rs6923186	6	32840980	PASS
CAT-T2D	rs6903433	6	32842975	PASS
CAT-T2D	rs2857219	6	32851432	PASS
CAT-T2D	rs2244458	6	32853504	PASS
CAT-T2D	rs2621417	6	32853607	PASS
CAT-T2D	rs2018501	6	32856208	PASS
CAT-T2D	rs9276913	6	32857496	PASS
CAT-T2D	rs241414	6	32857801	PASS
CAT-T2D	rs241413	6	32859000	PASS
CAT-T2D	rs241412	6	32861616	PASS
CAT-T2D	rs241409	6	32861920	PASS
CAT-T2D	rs3749981	6	32862682	PASS
CAT-T2D	rs241408	6	32862711	PASS
CAT-T2D	rs241407	6	32862740	PASS
CAT-T2D	rs241405	6	32865798	PASS
CAT-T2D	rs241404	6	32865997	PASS
CAT-T2D	rs9276916	6	32866095	PASS
CAT-T2D	rs241403	6	32866992	PASS
CAT-T2D	rs241402	6	32869045	PASS
CAT-T2D	rs3101942	6	32870057	PASS
CAT-T2D	rs241400	6	32871536	PASS
CAT-T2D	rs241399	6	32871558	PASS
CAT-T2D	rs2187688	6	32872001	PASS
CAT-T2D	rs241398	6	32875450	PASS
CAT-T2D	rs154989	6	32877173	PASS
CAT-T2D	rs154988	6	32877266	PASS
CAT-T2D	rs154981	6	32880993	PASS
CAT-T2D	rs28744290	6	32891841	PASS
CAT-T2D	rs114463908	6	32891884	PASS
CAT-T2D	rs11756897	6	32899139	PASS
CAT-T2D	rs154978	6	32899296	PASS
CAT-T2D	rs3132131	6	32899485	PASS
CAT-T2D	rs151719	6	32903900	PASS
CAT-T2D	rs9277038	6	33001355	PASS
CAT-T2D	rs1431398	6	33005338	PASS
CAT-T2D	rs9277054	6	33006410	PASS
CAT-T2D	rs9277083	6	33012895	PASS
CAT-T2D	rs3130175	6	33017082	PASS
CAT-T2D	rs928976	6	33049211	PASS
CAT-T2D	rs9277359	6	33050024	PASS
CAT-T2D	rs9277378	6	33050279	PASS
CAT-T2D	rs3128961	6	33050742	PASS
CAT-T2D	rs3128927	6	33074288	PASS
CAT-T2D	rs210141	6	33546825	PASS
CAT-T2D	rs59191643	8	41500861	PASS
CAT-T2D	rs755162	8	41503727	PASS
CAT-T2D	rs72638988	8	41553233	PASS
CAT-T2D	rs7041637	9	21961866	PASS
CAT-T2D	rs3731257	9	21966221	PASS
CAT-T2D	rs2518723	9	21995882	PASS
CAT-T2D	rs3218020	9	21997872	PASS
CAT-T2D	rs3218012	9	21998660	PASS
CAT-T2D	rs3217992	9	22003223	PASS
CAT-T2D	rs1063192	9	22003367	PASS
CAT-T2D	rs573687	9	22011642	PASS
CAT-T2D	rs545226	9	22012422	PASS
CAT-T2D	rs10811640	9	22013411	PASS
CAT-T2D	rs10757263	9	22013805	PASS
CAT-T2D	rs1101330	9	22015465	PASS
CAT-T2D	rs2106120	9	22017101	PASS
CAT-T2D	rs2106119	9	22017550	PASS
CAT-T2D	rs643319	9	22017836	PASS
CAT-T2D	rs523096	9	22019129	PASS
CAT-T2D	rs10757264	9	22019732	PASS
CAT-T2D	rs490005	9	22020493	PASS
CAT-T2D	rs597816	9	22021172	PASS
CAT-T2D	rs568447	9	22021615	PASS
CAT-T2D	rs581876	9	22022376	PASS
CAT-T2D	rs496892	9	22024351	PASS
CAT-T2D	rs10811643	9	22024966	PASS
CAT-T2D	rs10738604	9	22025493	PASS
CAT-T2D	rs615552	9	22026077	PASS
CAT-T2D	rs613312	9	22026594	PASS
CAT-T2D	rs599452	9	22027402	PASS
CAT-T2D	rs62560774	9	22028406	PASS
CAT-T2D	rs7049105	9	22028801	PASS
CAT-T2D	rs679038	9	22029080	PASS
CAT-T2D	rs10965215	9	22029445	PASS
CAT-T2D	rs564398	9	22029547	PASS
CAT-T2D	rs4977753	9	22030027	PASS
CAT-T2D	rs7865618	9	22031005	PASS
CAT-T2D	rs10115049	9	22032119	PASS
CAT-T2D	rs634537	9	22032152	PASS
CAT-T2D	rs2157719	9	22033366	PASS
CAT-T2D	rs2151280	9	22034719	PASS
CAT-T2D	rs1008878	9	22036112	PASS
CAT-T2D	rs1556515	9	22036367	PASS
CAT-T2D	rs1333037	9	22040765	PASS
CAT-T2D	rs1360590	9	22041443	PASS
CAT-T2D	rs1412830	9	22043612	PASS
CAT-T2D	rs1333036	9	22043819	PASS
CAT-T2D	rs1412829	9	22043926	PASS
CAT-T2D	rs1360589	9	22045317	PASS
CAT-T2D	rs10120806	9	22047945	PASS
CAT-T2D	rs7027950	9	22048391	PASS
CAT-T2D	rs7028268	9	22048414	PASS
CAT-T2D	rs7028570	9	22048683	PASS
CAT-T2D	rs10757265	9	22048859	PASS
CAT-T2D	rs10757266	9	22049555	PASS
CAT-T2D	rs10811645	9	22049656	PASS
CAT-T2D	rs944799	9	22050613	PASS
CAT-T2D	rs944800	9	22050898	PASS
CAT-T2D	rs6475604	9	22052734	PASS
CAT-T2D	rs10965219	9	22053687	PASS
CAT-T2D	rs7027048	9	22053709	PASS
CAT-T2D	rs7030641	9	22054040	PASS
CAT-T2D	rs7874604	9	22054690	PASS
CAT-T2D	rs2383204	9	22055048	PASS
CAT-T2D	rs7853090	9	22056295	PASS
CAT-T2D	rs7866783	9	22056359	PASS
CAT-T2D	rs10120688	9	22056499	PASS
CAT-T2D	rs2383205	9	22060935	PASS
CAT-T2D	rs2184061	9	22061562	PASS
CAT-T2D	rs1537378	9	22061614	PASS
CAT-T2D	rs8181050	9	22064391	PASS
CAT-T2D	rs10965223	9	22067004	PASS
CAT-T2D	rs10811648	9	22067542	PASS
CAT-T2D	rs10811649	9	22067554	PASS
CAT-T2D	rs10811650	9	22067593	PASS
CAT-T2D	rs10811651	9	22067830	PASS
CAT-T2D	rs4977756	9	22068652	PASS
CAT-T2D	rs4451405	9	22071750	PASS
CAT-T2D	rs10757269	9	22072264	PASS
CAT-T2D	rs9632885	9	22072638	PASS
CAT-T2D	rs10757270	9	22072719	PASS
CAT-T2D	rs1831733	9	22076071	PASS
CAT-T2D	rs10757271	9	22076795	PASS
CAT-T2D	rs10811652	9	22077085	PASS
CAT-T2D	rs10116277	9	22081397	PASS
CAT-T2D	rs6475606	9	22081850	PASS
CAT-T2D	rs1537370	9	22084310	PASS
CAT-T2D	rs1970112	9	22085598	PASS
CAT-T2D	rs10738607	9	22088094	PASS
CAT-T2D	rs10757272	9	22088260	PASS
CAT-T2D	rs10757274	9	22096055	PASS
CAT-T2D	rs4977574	9	22098574	PASS
CAT-T2D	rs2891168	9	22098619	PASS
CAT-T2D	rs1537371	9	22099568	PASS
CAT-T2D	rs7859727	9	22102165	PASS
CAT-T2D	rs1537373	9	22103341	PASS
CAT-T2D	rs1333042	9	22103813	PASS
CAT-T2D	rs7859362	9	22105927	PASS
CAT-T2D	rs10757275	9	22106225	PASS
CAT-T2D	rs6475609	9	22106271	PASS
CAT-T2D	rs1412834	9	22110131	PASS
CAT-T2D	rs7341786	9	22112241	PASS
CAT-T2D	rs7341791	9	22112427	PASS
CAT-T2D	rs10511701	9	22112599	PASS
CAT-T2D	rs10738609	9	22114495	PASS
CAT-T2D	rs2383206	9	22115026	PASS
CAT-T2D	rs944797	9	22115286	PASS
CAT-T2D	rs2383207	9	22115959	PASS
CAT-T2D	rs1537374	9	22116046	PASS
CAT-T2D	rs1537375	9	22116071	PASS
CAT-T2D	rs1537376	9	22116220	PASS
CAT-T2D	rs1333045	9	22119195	PASS
CAT-T2D	rs10738610	9	22123766	PASS
CAT-T2D	rs10757277	9	22124450	PASS
CAT-T2D	rs10811656	9	22124472	PASS
CAT-T2D	rs10757278	9	22124477	PASS
CAT-T2D	rs10757279	9	22124630	PASS
CAT-T2D	rs1333048	9	22125347	PASS
CAT-T2D	rs10811658	9	22128600	PASS
CAT-T2D	rs72655438	9	22132897	PASS
CAT-T2D	rs2065501	9	22140224	PASS
CAT-T2D	rs1679013	9	22206987	PASS
CAT-T2D	rs2025795	9	22347178	PASS
CAT-T2D	rs10757315	9	22370116	PASS
CAT-T2D	rs11534173	9	22370901	PASS
CAT-T2D	rs12336926	9	96912177	PASS
CAT-T2D	rs12338333	9	96913380	PASS
CAT-T2D	rs13439971	9	96913764	PASS
CAT-T2D	rs12339587	9	96914108	PASS
CAT-T2D	rs10993072	9	96915002	PASS
CAT-T2D	rs10512230	9	96916230	PASS
CAT-T2D	rs10993073	9	96919905	PASS
CAT-T2D	rs10821306	9	96921402	PASS
CAT-T2D	rs12341175	9	96923112	PASS
CAT-T2D	rs10993074	9	96923144	PASS
CAT-T2D	rs10761320	9	96923966	PASS
CAT-T2D	rs12337981	9	96924963	PASS
CAT-T2D	rs11788788	9	96925737	PASS
CAT-T2D	rs7025395	9	96927816	PASS
CAT-T2D	rs10821310	9	96928812	PASS
CAT-T2D	rs62578777	9	96929283	PASS
CAT-T2D	rs13293512	9	96929743	PASS
CAT-T2D	rs13440059	9	96933066	PASS
CAT-T2D	rs7865876	9	96933251	PASS
CAT-T2D	rs10739971	9	96937680	PASS
CAT-T2D	rs10821311	9	96943059	PASS
CAT-T2D	rs34582118	9	96944605	PASS
CAT-T2D	rs55881323	9	96945072	PASS
CAT-T2D	rs10512231	9	96945748	PASS
CAT-T2D	rs62578780	9	96946950	PASS
CAT-T2D	rs11790972	9	96947070	PASS
CAT-T2D	rs12551019	9	96949079	PASS
CAT-T2D	rs10761323	9	96951145	PASS
CAT-T2D	rs62578801	9	96956391	PASS
CAT-T2D	rs12338885	9	96960952	PASS
CAT-T2D	rs10993090	9	96961438	PASS
CAT-T2D	rs10993094	9	96965994	PASS
CAT-T2D	rs34181781	9	96967504	PASS
CAT-T2D	rs2039012	9	96968371	PASS
CAT-T2D	rs7872931	9	96970197	PASS
CAT-T2D	rs12345069	9	96971175	PASS
CAT-T2D	rs62578804	9	96977756	PASS
CAT-T2D	rs2094398	9	96988479	PASS
CAT-T2D	rs55653563	9	97001682	PASS
CAT-T2D	rs62578808	9	97002715	PASS
CAT-T2D	rs2675275	9	97008212	PASS
CAT-T2D	rs7867782	9	97016658	PASS
CAT-T2D	rs11789111	9	97026292	PASS
CAT-T2D	rs10761364	9	97768286	PASS
CAT-T2D	rs7873479	9	97769474	PASS
CAT-T2D	rs4744423	9	97770682	PASS
CAT-T2D	rs7865144	9	97771093	PASS
CAT-T2D	rs3802456	9	97771852	PASS
CAT-T2D	rs72621414	9	97772285	PASS
CAT-T2D	rs10821433	9	97772712	PASS
CAT-T2D	rs10761366	9	97774879	PASS
CAT-T2D	rs6479588	9	97775868	PASS
CAT-T2D	rs7851173	9	97777531	PASS
CAT-T2D	rs1113102	9	97780161	PASS
CAT-T2D	rs3802454	9	97781055	PASS
CAT-T2D	rs1564234	9	97781594	PASS
CAT-T2D	rs10993456	9	97783630	PASS
CAT-T2D	rs10993457	9	97784870	PASS
CAT-T2D	rs12339639	9	97786816	PASS
CAT-T2D	rs12344584	9	97787336	PASS
CAT-T2D	rs7022452	9	97788002	PASS
CAT-T2D	rs10761368	9	97788696	PASS
CAT-T2D	rs1571895	9	97788956	PASS
CAT-T2D	rs1571894	9	97789107	PASS
CAT-T2D	rs1020963	9	97789745	PASS
CAT-T2D	rs7043705	9	97791295	PASS
CAT-T2D	rs962229	9	97792167	PASS
CAT-T2D	rs4744425	9	97792692	PASS
CAT-T2D	rs10761369	9	97793983	PASS
CAT-T2D	rs6479591	9	97795421	PASS
CAT-T2D	rs6479592	9	97795579	PASS
CAT-T2D	rs2061800	9	97797501	PASS
CAT-T2D	rs7854831	9	97797863	PASS
CAT-T2D	rs4537362	9	97798170	PASS
CAT-T2D	rs2404305	9	97801706	PASS
CAT-T2D	rs7857679	9	97803860	PASS
CAT-T2D	rs3858089	9	97804576	PASS
CAT-T2D	rs4744426	9	97805062	PASS
CAT-T2D	rs4743979	9	97805094	PASS
CAT-T2D	rs7862156	9	97805164	PASS
CAT-T2D	rs7871218	9	97807791	PASS
CAT-T2D	rs7873567	9	97807958	PASS
CAT-T2D	rs7863291	9	97807983	PASS
CAT-T2D	rs10993464	9	97808086	PASS
CAT-T2D	rs10119512	9	97808384	PASS
CAT-T2D	rs7048786	9	97809500	PASS
CAT-T2D	rs7048941	9	97809674	PASS
CAT-T2D	rs4743980	9	97809853	PASS
CAT-T2D	rs4743981	9	97812002	PASS
CAT-T2D	rs4743982	9	97812340	PASS
CAT-T2D	rs4743984	9	97813157	PASS
CAT-T2D	rs10117370	9	97814524	PASS
CAT-T2D	rs1004373	9	97814770	PASS
CAT-T2D	rs4744430	9	97815737	PASS
CAT-T2D	rs2404456	9	97823913	PASS
CAT-T2D	rs10993467	9	97826698	PASS
CAT-T2D	rs4744431	9	97826912	PASS
CAT-T2D	rs4744432	9	97826939	PASS
CAT-T2D	rs10512253	9	97828358	PASS
CAT-T2D	rs10123819	9	97828879	PASS
CAT-T2D	rs10121760	9	97828989	PASS
CAT-T2D	rs4744435	9	97831471	PASS
CAT-T2D	rs4744436	9	97831581	PASS
CAT-T2D	rs7020709	9	97832219	PASS
CAT-T2D	rs1381937	10	71464834	PASS
CAT-T2D	rs2616112	10	71465646	PASS
CAT-T2D	rs2812541	10	71466637	PASS
CAT-T2D	rs10740322	10	71485458	PASS
CAT-T2D	rs3956983	10	71485628	PASS
CAT-T2D	rs7093577	10	71486551	PASS
CAT-T2D	rs2394589	10	71492976	PASS
CAT-T2D	rs896078	10	73775459	PASS
CAT-T2D	rs896076	10	73775707	PASS
CAT-T2D	rs1245586	10	73776351	PASS
CAT-T2D	rs1245585	10	73776475	PASS
CAT-T2D	rs1245584	10	73776943	PASS
CAT-T2D	rs1261886	10	73778640	PASS
CAT-T2D	rs1245532	10	73790774	PASS
CAT-T2D	rs1245531	10	73790819	PASS
CAT-T2D	rs17503900	8	118883490	PASS
CAT-T2D	rs6469714	8	118885842	PASS
CAT-T2D	rs12549331	8	118886437	PASS
CAT-T2D	rs2417615	9	108087851	PASS
CAT-T2D	rs10991629	9	108094256	PASS
CAT-T2D	rs7865985	9	108094916	PASS
CAT-T2D	rs907230	9	108100452	PASS
CAT-T2D	rs6479311	9	108109616	PASS
CAT-T2D	rs10991639	9	108117571	PASS
CAT-T2D	rs7024985	9	108120818	PASS
CAT-T2D	rs10123494	9	108121697	PASS
CAT-T2D	rs34750132	9	108122710	PASS
CAT-T2D	rs10820801	9	108129821	PASS
CAT-T2D	rs4549843	9	108130606	PASS
CAT-T2D	rs6479315	9	108131219	PASS
CAT-T2D	rs6479316	9	108131250	PASS
CAT-T2D	rs13294525	9	108138731	PASS
CAT-T2D	rs13294539	9	108138753	PASS
CAT-T2D	rs35603631	9	108142652	PASS
CAT-T2D	rs1410839	9	108147078	PASS
CAT-T2D	rs2771040	9	108152199	PASS
CAT-T2D	rs35339173	10	80904919	PASS
CAT-T2D	rs10824722	10	80905542	PASS
CAT-T2D	rs11002852	10	80907327	PASS
CAT-T2D	rs11591689	10	80907740	PASS
CAT-T2D	rs10824724	10	80923882	PASS
CAT-T2D	rs11595549	10	80924671	PASS
CAT-T2D	rs72816263	10	80925325	PASS
CAT-T2D	rs2790766	10	80960616	PASS
CAT-T2D	rs2802369	10	80960828	PASS
CAT-T2D	rs2802370	10	80960884	PASS
CAT-T2D	rs2802371	10	80961519	PASS
CAT-T2D	rs1250576	10	80964796	PASS
CAT-T2D	rs942794	10	80965109	PASS
CAT-T2D	rs2802360	10	80971196	PASS
CAT-T2D	rs2802362	10	80971810	PASS
CAT-T2D	rs1250582	10	80973447	PASS
CAT-T2D	rs1250583	10	80975004	PASS
CAT-T2D	rs1250584	10	80976442	PASS
CAT-T2D	rs1250585	10	80976955	PASS
CAT-T2D	rs1250587	10	80978021	PASS
CAT-T2D	rs1250588	10	80980169	PASS
CAT-T2D	rs1250590	10	80983786	PASS
CAT-T2D	rs942797	10	80986432	PASS
CAT-T2D	rs3887220	10	124091572	PASS
CAT-T2D	rs4627016	10	124091921	PASS
CAT-T2D	rs986960	10	124092553	PASS
CAT-T2D	rs3817285	10	124096306	PASS
CAT-T2D	rs2038598	10	124099647	PASS
CAT-T2D	rs10887138	10	124100471	PASS
CAT-T2D	rs7085944	10	124100849	PASS
CAT-T2D	rs10887140	10	124102304	PASS
CAT-T2D	rs11200562	10	124102548	PASS
CAT-T2D	rs10887141	10	124105755	PASS
CAT-T2D	rs10887142	10	124107484	PASS
CAT-T2D	rs12415329	10	124109681	PASS
CAT-T2D	rs11200572	10	124111537	PASS
CAT-T2D	rs11200581	10	124122595	PASS
CAT-T2D	rs11200583	10	124123470	PASS
CAT-T2D	rs56029211	10	124127990	PASS
CAT-T2D	rs7896881	10	124128076	PASS
CAT-T2D	rs2901307	10	124128443	PASS
CAT-T2D	rs4752689	10	124131176	PASS
CAT-T2D	rs4751889	10	124132188	PASS
CAT-T2D	rs10749466	10	124138804	PASS
CAT-T2D	rs11200594	10	124139393	PASS
CAT-T2D	rs1004946	10	124139767	PASS
CAT-T2D	rs3850765	10	124139910	PASS
CAT-T2D	rs11200595	10	124142629	PASS
CAT-T2D	rs10887145	10	124143997	PASS
CAT-T2D	rs7084349	10	124145140	PASS
CAT-T2D	rs7084718	10	124145156	PASS
CAT-T2D	rs7068487	10	124145212	PASS
CAT-T2D	rs11200604	10	124147639	PASS
CAT-T2D	rs2421017	10	124148167	PASS
CAT-T2D	rs2421018	10	124148264	PASS
CAT-T2D	rs4752691	10	124148526	PASS
CAT-T2D	rs11200606	10	124148765	PASS
CAT-T2D	rs7088058	10	124149352	PASS
CAT-T2D	rs10788284	10	124149917	PASS
CAT-T2D	rs2421019	10	124150586	PASS
CAT-T2D	rs17103488	10	124154169	PASS
CAT-T2D	rs4146894	10	124155381	PASS
CAT-T2D	rs2421021	10	124157046	PASS
CAT-T2D	rs11200608	10	124157821	PASS
CAT-T2D	rs7087144	10	124158036	PASS
CAT-T2D	rs4565845	10	124159050	PASS
CAT-T2D	rs4345899	10	124159243	PASS
CAT-T2D	rs8181474	10	124160581	PASS
CAT-T2D	rs4751890	10	124161791	PASS
CAT-T2D	rs2421022	10	124164134	PASS
CAT-T2D	rs6585827	10	124165615	PASS
CAT-T2D	rs10887149	10	124167004	PASS
CAT-T2D	rs2421016	10	124167512	PASS
CAT-T2D	rs7097701	10	124171857	PASS
CAT-T2D	rs7079976	10	124172108	PASS
CAT-T2D	rs7908662	10	124172912	PASS
CAT-T2D	rs4612730	10	124176452	PASS
CAT-T2D	rs17103522	10	124177879	PASS
CAT-T2D	rs4311997	10	124179299	PASS
CAT-T2D	rs10887150	10	124180578	PASS
CAT-T2D	rs10887151	10	124180766	PASS
CAT-T2D	rs2292626	10	124186714	PASS
CAT-T2D	rs1045216	10	124189197	PASS
CAT-T2D	rs7350442	10	124192180	PASS
CAT-T2D	rs10510110	10	124192430	PASS
CAT-T2D	rs2280141	10	124193181	PASS
CAT-T2D	rs7072204	10	124195485	PASS
CAT-T2D	rs78305107	10	124197214	PASS
CAT-T2D	rs11200629	10	124198585	PASS
CAT-T2D	rs2292627	10	124201665	PASS
CAT-T2D	rs61871744	10	124203787	PASS
CAT-T2D	rs11200630	10	124209684	PASS
CAT-T2D	rs61871745	10	124210369	PASS
CAT-T2D	rs11200632	10	124211536	PASS
CAT-T2D	rs11200633	10	124211596	PASS
CAT-T2D	rs61871746	10	124212913	PASS
CAT-T2D	rs61871747	10	124213046	PASS
CAT-T2D	rs10490924	10	124214448	PASS
CAT-T2D	rs36212731	10	124214976	PASS
CAT-T2D	rs36212732	10	124215198	PASS
CAT-T2D	rs36212733	10	124215211	PASS
CAT-T2D	rs3750848	10	124215315	PASS
CAT-T2D	rs3750847	10	124215421	PASS
CAT-T2D	rs3750846	10	124215565	PASS
CAT-T2D	rs3763764	10	124220061	PASS
CAT-T2D	rs11200638	10	124220544	PASS
CAT-T2D	rs2248929	10	124224916	PASS
CAT-T2D	rs2284665	10	124226630	PASS
CAT-T2D	rs60401382	10	124227624	PASS
CAT-T2D	rs11200643	10	124229203	PASS
CAT-T2D	rs58077526	10	124230024	PASS
CAT-T2D	rs932275	10	124231464	PASS
CAT-T2D	rs11257593	10	12241815	PASS
CAT-T2D	rs12248718	10	12242326	PASS
CAT-T2D	rs10508438	10	12244079	PASS
CAT-T2D	rs2895504	10	12244612	PASS
CAT-T2D	rs1320196	10	12245132	PASS
CAT-T2D	rs1317549	10	12245314	PASS
CAT-T2D	rs1317548	10	12245520	PASS
CAT-T2D	rs11257595	10	12246765	PASS
CAT-T2D	rs4750186	10	12248538	PASS
CAT-T2D	rs12414441	10	12249005	PASS
CAT-T2D	rs12411838	10	12249006	PASS
CAT-T2D	rs12773913	10	12249224	PASS
CAT-T2D	rs12413792	10	12249289	PASS
CAT-T2D	rs4747968	10	12249797	PASS
CAT-T2D	rs7895525	10	12250620	PASS
CAT-T2D	rs2271804	10	12252217	PASS
CAT-T2D	rs12221133	10	12253597	PASS
CAT-T2D	rs11257600	10	12255657	PASS
CAT-T2D	rs10906100	10	12260019	PASS
CAT-T2D	rs11257608	10	12269343	PASS
CAT-T2D	rs61848333	10	12273969	PASS
CAT-T2D	rs17566555	10	12275947	PASS
CAT-T2D	rs4397742	10	12276089	PASS
CAT-T2D	rs7068966	10	12277992	PASS
CAT-T2D	rs57062879	10	12278525	PASS
CAT-T2D	rs10906104	10	12280296	PASS
CAT-T2D	rs34428576	10	12281111	PASS
CAT-T2D	rs7071305	10	12281632	PASS
CAT-T2D	rs7075724	10	12282461	PASS
CAT-T2D	rs11257613	10	12284392	PASS
CAT-T2D	rs11257615	10	12289775	PASS
CAT-T2D	rs12590	10	12292348	PASS
CAT-T2D	rs11257622	10	12295339	PASS
CAT-T2D	rs4747969	10	12297230	PASS
CAT-T2D	rs10906111	10	12302357	PASS
CAT-T2D	rs10795945	10	12302607	PASS
CAT-T2D	rs4747971	10	12303371	PASS
CAT-T2D	rs36062557	10	12307827	PASS
CAT-T2D	rs11593567	10	12307963	PASS
CAT-T2D	rs11594076	10	12308434	PASS
CAT-T2D	rs7072473	10	12308889	PASS
CAT-T2D	rs61848346	10	12322179	PASS
CAT-T2D	rs7069060	10	12323464	PASS
CAT-T2D	rs10791131	11	99919128	PASS
CAT-T2D	rs10894349	11	99920344	PASS
CAT-T2D	rs11222564	11	99926872	PASS
CAT-T2D	rs10750480	11	99939338	PASS
CAT-T2D	rs1452576	11	99963834	PASS
CAT-T2D	rs11258382	10	13479684	PASS
CAT-T2D	rs4750356	10	13480789	PASS
CAT-T2D	rs11258384	10	13482031	PASS
CAT-T2D	rs11258385	10	13482073	PASS
CAT-T2D	rs1890876	10	13482731	PASS
CAT-T2D	rs4750358	10	13485445	PASS
CAT-T2D	rs10430801	10	13490742	PASS
CAT-T2D	rs2277222	10	13494594	PASS
CAT-T2D	rs7071421	10	13494787	PASS
CAT-T2D	rs7089073	10	13494876	PASS
CAT-T2D	rs7092928	10	13495043	PASS
CAT-T2D	rs7092750	10	13495104	PASS
CAT-T2D	rs7075255	10	13495176	PASS
CAT-T2D	rs7096540	10	13495241	PASS
CAT-T2D	rs7092954	10	13495287	PASS
CAT-T2D	rs7074617	10	13495416	PASS
CAT-T2D	rs7075673	10	13495447	PASS
CAT-T2D	rs11258393	10	13495589	PASS
CAT-T2D	rs4748034	10	13496208	PASS
CAT-T2D	rs4750360	10	13496244	PASS
CAT-T2D	rs7079554	10	13496479	PASS
CAT-T2D	rs7093157	10	13497653	PASS
CAT-T2D	rs7077708	10	13497671	PASS
CAT-T2D	rs11258395	10	13498002	PASS
CAT-T2D	rs10906374	10	13498266	PASS
CAT-T2D	rs10906375	10	13498371	PASS
CAT-T2D	rs10796081	10	13498418	PASS
CAT-T2D	rs10906376	10	13499253	PASS
CAT-T2D	rs10906377	10	13499395	PASS
CAT-T2D	rs10906382	10	13516426	PASS
CAT-T2D	rs10906391	10	13523937	PASS
CAT-T2D	rs11258418	10	13536073	PASS
CAT-T2D	rs11258422	10	13540869	PASS
CAT-T2D	rs10906396	10	13551876	PASS
CAT-T2D	rs7072066	10	13552975	PASS
CAT-T2D	rs10752308	10	13558641	PASS
CAT-T2D	rs946859	10	13565429	PASS
CAT-T2D	rs878018	10	13566013	PASS
CAT-T2D	rs878017	10	13566204	PASS
CAT-T2D	rs7919735	10	13566362	PASS
CAT-T2D	rs7904423	10	13566991	PASS
CAT-T2D	rs4750374	10	13567440	PASS
CAT-T2D	rs4750375	10	13567927	PASS
CAT-T2D	rs11258435	10	13568857	PASS
CAT-T2D	rs11258436	10	13568940	PASS
CAT-T2D	rs11258437	10	13569805	PASS
CAT-T2D	rs11258438	10	13570312	PASS
CAT-T2D	rs4750377	10	13573636	PASS
CAT-T2D	rs10906403	10	13573894	PASS
CAT-T2D	rs11596503	10	13574474	PASS
CAT-T2D	rs7067929	10	13576601	PASS
CAT-T2D	rs4774467	15	63311425	PASS
CAT-T2D	rs4775599	15	63311495	PASS
CAT-T2D	rs4774469	15	63311927	PASS
CAT-T2D	rs4775600	15	63311940	PASS
CAT-T2D	rs4775601	15	63311980	PASS
CAT-T2D	rs4774470	15	63312119	PASS
CAT-T2D	rs1873149	15	63312428	PASS
CAT-T2D	rs1873147	15	63312632	PASS
CAT-T2D	rs7179658	15	63312695	PASS
CAT-T2D	rs12440411	15	63313581	PASS
CAT-T2D	rs12443285	15	63313596	PASS
CAT-T2D	rs12443295	15	63313666	PASS
CAT-T2D	rs2130165	15	63314519	PASS
CAT-T2D	rs2414824	15	63995912	PASS
CAT-T2D	rs7176625	15	64008341	PASS
CAT-T2D	rs17187281	15	64009160	PASS
CAT-T2D	rs62012363	15	64009447	PASS
CAT-T2D	rs7176133	15	64011104	PASS
CAT-T2D	rs59284373	15	64016627	PASS
CAT-T2D	rs7176437	15	64018514	PASS
CAT-T2D	rs17187564	15	64023476	PASS
CAT-T2D	rs1039819	15	64025473	PASS
CAT-T2D	rs10152544	15	67444747	PASS
CAT-T2D	rs744910	15	67446785	PASS
CAT-T2D	rs11634793	15	67447452	PASS
CAT-T2D	rs12708492	15	67467541	PASS
CAT-T2D	rs34563071	12	27910879	PASS
CAT-T2D	rs35816706	12	27917553	PASS
CAT-T2D	rs34622437	12	27917848	PASS
CAT-T2D	rs34344711	12	27917953	PASS
CAT-T2D	rs9668691	12	27919145	PASS
CAT-T2D	rs9668702	12	27919491	PASS
CAT-T2D	rs12367102	12	27920001	PASS
CAT-T2D	rs61915419	12	27921101	PASS
CAT-T2D	rs12368818	12	27921621	PASS
CAT-T2D	rs11049127	12	27922074	PASS
CAT-T2D	rs12372599	12	27922419	PASS
CAT-T2D	rs11049128	12	27922925	PASS
CAT-T2D	rs11049130	12	27923162	PASS
CAT-T2D	rs11049131	12	27923241	PASS
CAT-T2D	rs11049132	12	27923262	PASS
CAT-T2D	rs11049134	12	27923398	PASS
CAT-T2D	rs11049135	12	27923528	PASS
CAT-T2D	rs12370269	12	27924658	PASS
CAT-T2D	rs12369101	12	27925311	PASS
CAT-T2D	rs10842977	12	27925443	PASS
CAT-T2D	rs11049136	12	27926784	PASS
CAT-T2D	rs11049139	12	27927144	PASS
CAT-T2D	rs34341933	12	27927383	PASS
CAT-T2D	rs11049140	12	27929501	PASS
CAT-T2D	rs11049141	12	27929623	PASS
CAT-T2D	rs11049142	12	27929774	PASS
CAT-T2D	rs7960190	12	27946919	PASS
CAT-T2D	rs10842987	12	27957933	PASS
CAT-T2D	rs7176144	15	73328320	PASS
CAT-T2D	rs12912599	15	73333692	PASS
CAT-T2D	rs12913381	15	73334035	PASS
CAT-T2D	rs35768298	15	73381076	PASS
CAT-T2D	rs34431223	15	73386258	PASS
CAT-T2D	rs116179896	15	73389351	PASS
CAT-T2D	rs139626640	15	73389836	PASS
CAT-T2D	rs72741411	15	73390275	PASS
CAT-T2D	rs8039439	15	73392160	PASS
CAT-T2D	rs8039640	15	73409816	PASS
CAT-T2D	rs8039533	15	73409901	PASS
CAT-T2D	rs71397276	15	73412350	PASS
CAT-T2D	rs11630460	15	73417964	PASS
CAT-T2D	rs36045491	15	73420678	PASS
CAT-T2D	rs11630441	15	73427047	PASS
CAT-T2D	rs2415142	15	73431600	PASS
CAT-T2D	rs68139669	15	73438621	PASS
CAT-T2D	rs8039418	15	73441432	PASS
CAT-T2D	rs11630572	15	73448331	PASS
CAT-T2D	rs116680324	15	73450337	PASS
CAT-T2D	rs1904335	15	73451443	PASS
CAT-T2D	rs35133756	15	73461244	PASS
CAT-T2D	rs11632433	15	73467072	PASS
CAT-T2D	rs12901649	15	73469535	PASS
CAT-T2D	rs12912737	15	73473234	PASS
CAT-T2D	rs11072405	15	73485160	PASS
CAT-T2D	rs34291790	15	73487040	PASS
CAT-T2D	rs1585766	15	73491678	PASS
CAT-T2D	rs34326722	15	73493109	PASS
CAT-T2D	rs7177758	15	73493920	PASS
CAT-T2D	rs72741432	15	73504709	PASS
CAT-T2D	rs66473967	15	73505609	PASS
CAT-T2D	rs71397277	15	73507508	PASS
CAT-T2D	rs11637722	15	73513087	PASS
CAT-T2D	rs11857768	15	73533967	PASS
CAT-T2D	rs8024434	15	73547727	PASS
CAT-T2D	rs8029474	15	73591553	PASS
CAT-T2D	rs11634898	15	73601463	PASS
CAT-T2D	rs11630633	15	73605644	PASS
CAT-T2D	rs12909882	15	73621946	PASS
CAT-T2D	rs11636381	15	74134883	PASS
CAT-T2D	rs11633601	15	74142116	PASS
CAT-T2D	rs66610605	15	74144368	PASS
CAT-T2D	rs2123209	15	74145915	PASS
CAT-T2D	rs12914489	15	74187937	PASS
CAT-T2D	rs7174985	15	74274948	PASS
CAT-T2D	rs9630436	15	74276551	PASS
CAT-T2D	rs11072460	15	74280867	PASS
CAT-T2D	rs4993000	15	74282343	PASS
CAT-T2D	rs3816197	15	74282880	PASS
CAT-T2D	rs2304717	15	74326557	PASS
CAT-T2D	rs4886681	15	75595747	PASS
CAT-T2D	rs8033589	15	75596685	PASS
CAT-T2D	rs6495171	15	75665623	PASS
CAT-T2D	rs12904319	15	75816649	PASS
CAT-T2D	rs4886714	15	75824479	PASS
CAT-T2D	rs11853464	15	75863915	PASS
CAT-T2D	rs76965612	15	75902469	PASS
CAT-T2D	rs75771874	15	75903122	PASS
CAT-T2D	rs113756657	15	75903248	PASS
CAT-T2D	rs113337951	15	75905678	PASS
CAT-T2D	rs149210171	15	75905752	PASS
CAT-T2D	rs74845979	15	75912699	PASS
CAT-T2D	rs77237991	15	75912934	PASS
CAT-T2D	rs77935734	15	75913430	PASS
CAT-T2D	rs113978196	15	75916965	PASS
CAT-T2D	rs28372917	15	75917956	PASS
CAT-T2D	rs28372916	15	75918072	PASS
CAT-T2D	rs112955711	15	75921079	PASS
CAT-T2D	rs111703725	15	75921128	PASS
CAT-T2D	rs79759141	15	75924537	PASS
CAT-T2D	rs112074722	15	75924978	PASS
CAT-T2D	rs4886723	15	75926009	PASS
CAT-T2D	rs8025681	15	75928075	PASS
CAT-T2D	rs79697938	15	75930185	PASS
CAT-T2D	rs149436182	15	75933931	PASS
CAT-T2D	rs3935339	15	77322029	PASS
CAT-T2D	rs12904882	15	77401143	PASS
CAT-T2D	rs62007255	15	77416383	PASS
CAT-T2D	rs11630770	15	77469643	PASS
CAT-T2D	rs34129891	15	77481210	PASS
CAT-T2D	rs8028830	15	77508046	PASS
CAT-T2D	rs11631927	15	77776673	PASS
CAT-T2D	rs4886873	15	77829176	PASS
CAT-T2D	rs12593111	15	77853674	PASS
CAT-T2D	rs59391831	15	77884186	PASS
CAT-T2D	rs60440781	15	77884203	PASS
CAT-T2D	rs59235404	15	77884290	PASS
CAT-T2D	rs58600827	15	77884322	PASS
CAT-T2D	rs2667759	15	77884642	PASS
CAT-T2D	rs2667758	15	77885241	PASS
CAT-T2D	rs11857746	15	77885947	PASS
CAT-T2D	rs11854591	15	77886029	PASS
CAT-T2D	rs11857779	15	77886032	PASS
CAT-T2D	rs9806723	15	77887007	PASS
CAT-T2D	rs2682928	15	77887308	PASS
CAT-T2D	rs2667784	15	77887657	PASS
CAT-T2D	rs58102377	15	77892857	PASS
CAT-T2D	rs738408	22	44324730	PASS
CAT-T2D	rs3747207	22	44324855	PASS
CAT-T2D	rs12484801	22	44325565	PASS
CAT-T2D	rs12484809	22	44325631	PASS
CAT-T2D	rs12483959	22	44325996	PASS
CAT-T2D	rs9625962	22	44326272	PASS
CAT-T2D	rs11090617	22	44326700	PASS
CAT-T2D	rs16991158	22	44327179	PASS
CAT-T2D	rs36055245	22	44327192	PASS
CAT-T2D	rs12484700	22	44327273	PASS
CAT-T2D	rs4823173	22	44328730	PASS
CAT-T2D	rs2076211	22	44329078	PASS
CAT-T2D	rs2294433	22	44329275	PASS
CAT-T2D	rs1977080	22	44330031	PASS
CAT-T2D	rs1883349	22	44331943	PASS
CAT-T2D	rs2281138	22	44332477	PASS
CAT-T2D	rs2281137	22	44332493	PASS
CAT-T2D	rs2281135	22	44332570	PASS
CAT-T2D	rs34879941	22	44332878	PASS
CAT-T2D	rs2072906	22	44333172	PASS
CAT-T2D	rs2076207	22	44333370	PASS
CAT-T2D	rs2896019	22	44333694	PASS
CAT-T2D	rs2896020	22	44333968	PASS
CAT-T2D	rs4823176	22	44334476	PASS
CAT-T2D	rs4823177	22	44334486	PASS
CAT-T2D	rs4823178	22	44334529	PASS
CAT-T2D	rs2281293	22	44334842	PASS
CAT-T2D	rs16991175	22	44335331	PASS
CAT-T2D	rs35621602	22	44335406	PASS
CAT-T2D	rs34352134	22	44335416	PASS
CAT-T2D	rs34376930	22	44335453	PASS
CAT-T2D	rs2073081	22	44335744	PASS
CAT-T2D	rs1010023	22	44336098	PASS
CAT-T2D	rs1010022	22	44336310	PASS
CAT-T2D	rs8142145	22	44336496	PASS
CAT-T2D	rs73176497	22	44336957	PASS
CAT-T2D	rs926633	22	44337533	PASS
CAT-T2D	rs2294915	22	44340904	PASS
CAT-T2D	rs2092501	22	44347251	PASS
CAT-T2D	rs67450864	22	44376335	PASS
CAT-T2D	rs2294927	22	44382684	PASS
CAT-T2D	rs7223364	17	7780709	PASS
CAT-T2D	rs9903790	17	8999202	PASS
CAT-T2D	rs10852911	17	8999456	PASS
CAT-T2D	rs7210757	17	8999845	PASS
CAT-T2D	rs9905687	17	9000196	PASS
CAT-T2D	rs9913337	17	9001140	PASS
CAT-T2D	rs9910845	17	9001145	PASS
CAT-T2D	rs9913564	17	9001241	PASS
CAT-T2D	rs4791777	17	9001410	PASS
CAT-T2D	rs9915223	17	9001937	PASS
CAT-T2D	rs9303237	17	9003869	PASS
CAT-T2D	rs4791779	17	9005393	PASS
CAT-T2D	rs4791781	17	9005628	PASS
CAT-T2D	rs4791783	17	9005832	PASS
CAT-T2D	rs9898864	17	9006892	PASS
CAT-T2D	rs4791784	17	9007038	PASS
CAT-T2D	rs4791785	17	9007270	PASS
CAT-T2D	rs9907260	17	9009313	PASS
CAT-T2D	rs4253762	22	46622566	PASS
CAT-T2D	rs4253766	22	46623905	PASS
CAT-T2D	rs4253771	22	46627240	PASS
CAT-T2D	rs4253772	22	46627603	PASS
CAT-T2D	rs4253776	22	46629479	PASS
CAT-T2D	rs11705483	22	46630544	PASS
CAT-T2D	rs11704979	22	46632994	PASS
CAT-T2D	rs41329344	22	46636930	PASS
CAT-T2D	rs41378347	22	46636976	PASS
CAT-T2D	rs41427746	22	46637239	PASS
CAT-T2D	rs9626814	22	46637254	PASS
CAT-T2D	rs41371446	22	46637272	PASS
CAT-T2D	rs41355347	22	46637511	PASS
CAT-T2D	rs10154348	22	46638159	PASS
CAT-T2D	rs45552534	22	46638171	PASS
CAT-T2D	rs79700435	22	46638211	PASS
CAT-T2D	rs45528736	22	46638312	PASS
CAT-T2D	rs45576734	22	46638365	PASS
CAT-T2D	rs78864133	22	46638486	PASS
CAT-T2D	rs11704508	22	46638540	PASS
CAT-T2D	rs77378083	22	46639386	PASS
CAT-T2D	rs75977757	22	46641525	PASS
CAT-T2D	rs78336060	22	46641597	PASS
CAT-T2D	rs9626823	22	46645148	PASS
CAT-T2D	rs17596722	18	53154167	PASS
CAT-T2D	rs17596995	18	53166594	PASS
CAT-T2D	rs72932724	18	53203106	PASS
CAT-T2D	rs17528154	18	53421932	PASS
CAT-T2D	rs17089932	18	53428347	PASS
CAT-T2D	rs3790257	20	19528667	PASS
CAT-T2D	rs6046177	20	19532770	PASS
CAT-T2D	rs6046178	20	19533453	PASS
CAT-T2D	rs942996	20	19535256	PASS
CAT-T2D	rs6046179	20	19536417	PASS
CAT-T2D	rs6081651	20	19538116	PASS
CAT-T2D	rs6081658	20	19544019	PASS
CAT-T2D	rs2328412	20	19547270	PASS
CAT-T2D	rs2328413	20	19547298	PASS
CAT-T2D	rs2328414	20	19554275	PASS
CAT-T2D	rs6046185	20	19554940	PASS
CAT-T2D	rs4814869	20	19558106	PASS
CAT-T2D	rs6046197	20	19570980	PASS
CAT-T2D	rs6035385	20	19572041	PASS
CAT-T2D	rs6046199	20	19573595	PASS
CAT-T2D	rs11541025	22	50354819	PASS
CAT-T2D	rs4078443	22	50356555	PASS
CAT-T2D	rs4077129	22	50356693	PASS
CAT-T2D	rs1801645	22	50356850	PASS
CAT-T2D	rs13811	22	50357416	PASS
CAT-T2D	rs62231873	22	50359167	PASS
CAT-T2D	rs34597827	22	50360545	PASS
CAT-T2D	rs35042741	22	50360740	PASS
CAT-T2D	rs62231876	22	50361063	PASS
CAT-T2D	rs62231879	22	50362491	PASS
CAT-T2D	rs62231881	22	50364098	PASS
CAT-T2D	rs146167291	22	50416506	PASS
CAT-T2D	rs150440093	22	50417685	PASS
CAT-T2D	rs148526391	22	50423419	PASS
CAT-T2D	rs5771186	22	50439936	PASS
CAT-T2D	rs137848	22	50440296	PASS
CAT-T2D	rs5771081	22	50441167	PASS
CAT-T2D	rs11101950	22	50441673	PASS
CAT-T2D	rs5771192	22	50441985	PASS
CAT-T2D	rs137853	22	50443449	PASS
CAT-T2D	rs137855	22	50444066	PASS
CAT-T2D	rs9617113	22	50444188	PASS
CAT-T2D	rs137856	22	50444484	PASS
CAT-T2D	rs137857	22	50444577	PASS
CAT-T2D	rs137858	22	50445601	PASS
CAT-T2D	rs5771222	22	50445704	PASS
CAT-T2D	rs137859	22	50445922	PASS
CAT-T2D	rs137862	22	50446550	PASS
CAT-T2D	rs137864	22	50446988	PASS
CAT-T2D	rs1883289	22	50447352	PASS
CAT-T2D	rs137869	22	50450491	PASS
CAT-T2D	rs137875	22	50451951	PASS
CAT-T2D	rs137876	22	50452207	PASS
CAT-T2D	rs137914	22	50489945	PASS
CAT-T2D	rs143293117	17	17452631	PASS
CAT-T2D	rs4646383	17	17454883	PASS
CAT-T2D	rs57417963	17	17455469	PASS
CAT-T2D	rs58956930	17	17455871	PASS
CAT-T2D	rs4646381	17	17456290	PASS
CAT-T2D	rs4646380	17	17456604	PASS
CAT-T2D	rs4646379	17	17456643	PASS
CAT-T2D	rs60343188	17	17461186	PASS
CAT-T2D	rs74997466	17	17462148	PASS
CAT-T2D	rs58146226	17	17463884	PASS
CAT-T2D	rs4646367	17	17466414	PASS
CAT-T2D	rs75035298	17	17473014	PASS
CAT-T2D	rs4646348	17	17474307	PASS
CAT-T2D	rs58356850	17	17482727	PASS
CAT-T2D	rs2278952	17	17485584	PASS
CAT-T2D	rs3760187	17	17487576	PASS
CAT-T2D	rs12603596	17	17503729	PASS
CAT-T2D	rs9897596	17	17593453	PASS
CAT-T2D	rs7224617	17	17600579	PASS
CAT-T2D	rs12940014	17	17603317	PASS
CAT-T2D	rs9897309	17	17623988	PASS
CAT-T2D	rs4925104	17	17625185	PASS
CAT-T2D	rs9906532	17	17628241	PASS
CAT-T2D	rs4925105	17	17629285	PASS
CAT-T2D	rs11655029	17	17649172	PASS
CAT-T2D	rs941449	17	17649831	PASS
CAT-T2D	rs9900803	17	17650978	PASS
CAT-T2D	rs7208757	17	17653906	PASS
CAT-T2D	rs11656775	17	17654319	PASS
CAT-T2D	rs4925109	17	17661802	PASS
CAT-T2D	rs11649804	17	17696755	PASS
CAT-T2D	rs8067439	17	17698254	PASS
CAT-T2D	rs3818717	17	17707105	PASS
CAT-T2D	rs11654081	17	17708129	PASS
CAT-T2D	rs2350976	17	17708529	PASS
CAT-T2D	rs11652881	17	17709136	PASS
CAT-T2D	rs4925114	17	17711270	PASS
CAT-T2D	rs11868035	17	17715101	PASS
CAT-T2D	rs12941356	17	17716531	PASS
CAT-T2D	rs11656665	17	17724789	PASS
CAT-T2D	rs12953299	17	17726648	PASS
CAT-T2D	rs8066560	17	17728043	PASS
CAT-T2D	rs11657423	17	17728574	PASS
CAT-T2D	rs11078399	17	17728983	PASS
CAT-T2D	rs12450799	17	17730201	PASS
CAT-T2D	rs4925116	17	17731200	PASS
CAT-T2D	rs12952723	17	17731651	PASS
CAT-T2D	rs9894257	17	17732319	PASS
CAT-T2D	rs9902941	17	17733760	PASS
CAT-T2D	rs11657130	17	17733826	PASS
CAT-T2D	rs11652144	17	17733934	PASS
CAT-T2D	rs1889018	17	17734740	PASS
CAT-T2D	rs4924821	17	17735952	PASS
CAT-T2D	rs4925117	17	17736252	PASS
CAT-T2D	rs12938501	17	17737258	PASS
CAT-T2D	rs4925118	17	17739163	PASS
CAT-T2D	rs13306736	17	17740281	PASS
CAT-T2D	rs12946746	17	17741669	PASS
CAT-T2D	rs7359509	17	17741875	PASS
CAT-T2D	rs4925119	17	17742904	PASS
CAT-T2D	rs9891957	17	17744439	PASS
CAT-T2D	rs8078756	17	17744725	PASS
CAT-T2D	rs9906673	17	17746197	PASS
CAT-T2D	rs6502618	17	17746741	PASS
CAT-T2D	rs3183702	17	17747289	PASS
CAT-T2D	rs2236513	17	17747366	PASS
CAT-T2D	rs9915248	17	17747514	PASS
CAT-T2D	rs4924822	17	17748013	PASS
CAT-T2D	rs3744113	17	17748645	PASS
CAT-T2D	rs9915776	17	17749056	PASS
CAT-T2D	rs3744115	17	17749822	PASS
CAT-T2D	rs1052299	17	17750419	PASS
CAT-T2D	rs1108648	17	17750558	PASS
CAT-T2D	rs7501812	17	17750907	PASS
CAT-T2D	rs1108646	17	17751478	PASS
CAT-T2D	rs12951376	17	17752809	PASS
CAT-T2D	rs4925120	17	17754633	PASS
CAT-T2D	rs16960744	17	17755259	PASS
CAT-T2D	rs11078400	17	17757728	PASS
CAT-T2D	rs8079321	17	17760789	PASS
CAT-T2D	rs11658309	17	17762247	PASS
CAT-T2D	rs9911890	17	17762970	PASS
CAT-T2D	rs4924823	17	17764502	PASS
CAT-T2D	rs12941039	17	17765655	PASS
CAT-T2D	rs1889014	17	17767165	PASS
CAT-T2D	rs11657074	17	17770355	PASS
CAT-T2D	rs9907246	17	17770965	PASS
CAT-T2D	rs9907287	17	17774118	PASS
CAT-T2D	rs9908017	17	17774422	PASS
CAT-T2D	rs9908299	17	17774568	PASS
CAT-T2D	rs8080061	17	17776389	PASS
CAT-T2D	rs12936037	17	17777245	PASS
CAT-T2D	rs7503334	17	17779458	PASS
CAT-T2D	rs8065563	17	17782404	PASS
CAT-T2D	rs8065497	17	17782649	PASS
CAT-T2D	rs950966	17	17783748	PASS
CAT-T2D	rs4925123	17	17784374	PASS
CAT-T2D	rs11650649	17	17790319	PASS
CAT-T2D	rs12943500	17	17790588	PASS
CAT-T2D	rs11650890	17	17790882	PASS
CAT-T2D	rs4925125	17	17794444	PASS
CAT-T2D	rs4925126	17	17798633	PASS
CAT-T2D	rs2350977	17	17802779	PASS
CAT-T2D	rs11078403	17	17803416	PASS
CAT-T2D	rs8070128	17	17804725	PASS
CAT-T2D	rs4925129	17	17807186	PASS
CAT-T2D	rs4925130	17	17807858	PASS
CAT-T2D	rs66531105	17	17809001	PASS
CAT-T2D	rs8078138	17	17811251	PASS
CAT-T2D	rs8078583	17	17811465	PASS
CAT-T2D	rs8070722	17	17813562	PASS
CAT-T2D	rs7222480	17	17818817	PASS
CAT-T2D	rs9913724	17	17819101	PASS
CAT-T2D	rs7207043	17	17819188	PASS
CAT-T2D	rs7207395	17	17819335	PASS
CAT-T2D	rs12453825	17	17819635	PASS
CAT-T2D	rs7208190	17	17819657	PASS
CAT-T2D	rs62064156	17	17822480	PASS
CAT-T2D	rs11078405	17	17824978	PASS
CAT-T2D	rs9912895	17	17826020	PASS
CAT-T2D	rs62064158	17	17826935	PASS
CAT-T2D	rs28428991	17	17827649	PASS
CAT-T2D	rs12452219	17	17829423	PASS
CAT-T2D	rs12452254	17	17829434	PASS
CAT-T2D	rs9904163	17	17830553	PASS
CAT-T2D	rs8073001	17	17831716	PASS
CAT-T2D	rs5002487	17	17832460	PASS
CAT-T2D	rs8068820	17	17834119	PASS
CAT-T2D	rs4077198	17	17834563	PASS
CAT-T2D	rs6502622	17	17834691	PASS
CAT-T2D	rs11656840	17	17837354	PASS
CAT-T2D	rs4341796	17	17839024	PASS
CAT-T2D	rs11078406	17	17840823	PASS
CAT-T2D	rs11078407	17	17841083	PASS
CAT-T2D	rs4244602	17	17841456	PASS
CAT-T2D	rs11657773	17	17843358	PASS
CAT-T2D	rs8070624	17	17843396	PASS
CAT-T2D	rs4470201	17	17844870	PASS
CAT-T2D	rs6502624	17	17847936	PASS
CAT-T2D	rs6502626	17	17849450	PASS
CAT-T2D	rs6502627	17	17849671	PASS
CAT-T2D	rs8065416	17	17851162	PASS
CAT-T2D	rs8066982	17	17851377	PASS
CAT-T2D	rs4534911	17	17852330	PASS
CAT-T2D	rs7214536	17	17852446	PASS
CAT-T2D	rs8077530	17	17853454	PASS
CAT-T2D	rs8076747	17	17853595	PASS
CAT-T2D	rs8078105	17	17853782	PASS
CAT-T2D	rs4257260	17	17857003	PASS
CAT-T2D	rs4553680	17	17857722	PASS
CAT-T2D	rs8065970	17	17858771	PASS
CAT-T2D	rs4414547	17	17859052	PASS
CAT-T2D	rs8070748	17	17859421	PASS
CAT-T2D	rs117924544	17	17860100	PASS
CAT-T2D	rs8077338	17	17860546	PASS
CAT-T2D	rs4616340	17	17861360	PASS
CAT-T2D	rs8080823	17	17864048	PASS
CAT-T2D	rs12603148	17	17865257	PASS
CAT-T2D	rs9905284	17	17865752	PASS
CAT-T2D	rs10048206	17	17866897	PASS
CAT-T2D	rs12600546	17	17867614	PASS
CAT-T2D	rs7213225	17	17869111	PASS
CAT-T2D	rs6502629	17	17869642	PASS
CAT-T2D	rs60073596	17	17870974	PASS
CAT-T2D	rs9908832	17	17871068	PASS
CAT-T2D	rs9635698	17	17871884	PASS
CAT-T2D	rs4343339	17	17872589	PASS
CAT-T2D	rs8068175	17	17874486	PASS
CAT-T2D	rs57728924	17	17875342	PASS
CAT-T2D	rs59304093	17	17875407	PASS
CAT-T2D	rs11078408	17	17876011	PASS
CAT-T2D	rs11870660	17	17877096	PASS
CAT-T2D	rs4471742	17	17877771	PASS
CAT-T2D	rs4299203	17	17878159	PASS
CAT-T2D	rs4321247	17	17878612	PASS
CAT-T2D	rs7219320	17	17880877	PASS
CAT-T2D	rs11871231	17	17883848	PASS
CAT-T2D	rs11869491	17	17884055	PASS
CAT-T2D	rs4072738	17	17884547	PASS
CAT-T2D	rs4072739	17	17884660	PASS
CAT-T2D	rs4925133	17	17884801	PASS
CAT-T2D	rs4459604	17	17888549	PASS
CAT-T2D	rs7207821	17	17891781	PASS
CAT-T2D	rs62072048	17	17894750	PASS
CAT-T2D	rs4368210	17	17896090	PASS
CAT-T2D	rs4584886	17	17896205	PASS
CAT-T2D	rs9911850	17	17896559	PASS
CAT-T2D	rs9912096	17	17896673	PASS
CAT-T2D	rs4924832	17	17897739	PASS
CAT-T2D	rs9899355	17	17898243	PASS
CAT-T2D	rs6502631	17	17899621	PASS
CAT-T2D	rs4506969	17	17899839	PASS
CAT-T2D	rs8071238	17	17900990	PASS
CAT-T2D	rs28537385	17	17902135	PASS
CAT-T2D	rs62072049	17	17906520	PASS
CAT-T2D	rs7219324	17	17909775	PASS
CAT-T2D	rs12150369	17	17911014	PASS
CAT-T2D	rs4365348	17	17912548	PASS
CAT-T2D	rs6502632	17	17913057	PASS
CAT-T2D	rs7212167	17	17913504	PASS
CAT-T2D	rs7223696	17	17915791	PASS
CAT-T2D	rs9913277	17	17919749	PASS
CAT-T2D	rs8069811	17	17922280	PASS
CAT-T2D	rs8079418	17	17924060	PASS
CAT-T2D	rs9896837	17	17924868	PASS
CAT-T2D	rs7215524	17	17926605	PASS
CAT-T2D	rs2955378	17	17930253	PASS
CAT-T2D	rs80251201	17	17932008	PASS
CAT-T2D	rs2955377	17	17932818	PASS
CAT-T2D	rs7224047	17	17932931	PASS
CAT-T2D	rs2955385	17	17939247	PASS
CAT-T2D	rs2955384	17	17939573	PASS
CAT-T2D	rs2955383	17	17941364	PASS
CAT-T2D	rs7406982	17	17942613	PASS
CAT-T2D	rs2955380	17	17944349	PASS
CAT-T2D	rs2955357	17	17946401	PASS
CAT-T2D	rs2955358	17	17946623	PASS
CAT-T2D	rs2955359	17	17946730	PASS
CAT-T2D	rs2955382	17	17947710	PASS
CAT-T2D	rs2955355	17	17948475	PASS
CAT-T2D	rs2955353	17	17948979	PASS
CAT-T2D	rs7207461	17	17949789	PASS
CAT-T2D	rs12948749	17	17949802	PASS
CAT-T2D	rs7210400	17	17949957	PASS
CAT-T2D	rs12940282	17	17950001	PASS
CAT-T2D	rs12939020	17	17950163	PASS
CAT-T2D	rs11652894	17	17952439	PASS
CAT-T2D	rs8070731	17	17952447	PASS
CAT-T2D	rs4925135	17	17952868	PASS
CAT-T2D	rs2955350	17	17953548	PASS
CAT-T2D	rs8080334	17	17954764	PASS
CAT-T2D	rs6502634	17	17955344	PASS
CAT-T2D	rs8082590	17	17958402	PASS
CAT-T2D	rs16960835	17	17960011	PASS
CAT-T2D	rs11650021	17	17960613	PASS
CAT-T2D	rs2955368	17	17961349	PASS
CAT-T2D	rs2955352	17	17961389	PASS
CAT-T2D	rs2955369	17	17961407	PASS
CAT-T2D	rs9894138	17	17964345	PASS
CAT-T2D	rs2955356	17	17964717	PASS
CAT-T2D	rs2955370	17	17966945	PASS
CAT-T2D	rs2955371	17	17967397	PASS
CAT-T2D	rs2955372	17	17970229	PASS
CAT-T2D	rs4643387	17	17972973	PASS
CAT-T2D	rs2955373	17	17973617	PASS
CAT-T2D	rs8066764	17	17974668	PASS
CAT-T2D	rs62073573	17	17976354	PASS
CAT-T2D	rs4426402	17	17977926	PASS
CAT-T2D	rs4410135	17	17979039	PASS
CAT-T2D	rs4561528	17	17979099	PASS
CAT-T2D	rs59518074	17	17984162	PASS
CAT-T2D	rs6502637	17	17986098	PASS
CAT-T2D	rs7211714	17	17986955	PASS
CAT-T2D	rs7212447	17	17987067	PASS
CAT-T2D	rs4365346	17	17989373	PASS
CAT-T2D	rs4506967	17	17990474	PASS
CAT-T2D	rs11078410	17	17990634	PASS
CAT-T2D	rs9890563	17	17990671	PASS
CAT-T2D	rs2974998	17	17995619	PASS
CAT-T2D	rs2974999	17	17997547	PASS
CAT-T2D	rs854814	17	18003648	PASS
CAT-T2D	rs721669	17	18005073	PASS
CAT-T2D	rs854809	17	18006539	PASS
CAT-T2D	rs854808	17	18006634	PASS
CAT-T2D	rs2056842	17	18009028	PASS
CAT-T2D	rs6826	17	18011140	PASS
CAT-T2D	rs1101727	17	18016148	PASS
CAT-T2D	rs854767	17	18018263	PASS
CAT-T2D	rs854768	17	18018806	PASS
CAT-T2D	rs854769	17	18019011	PASS
CAT-T2D	rs854770	17	18019048	PASS
CAT-T2D	rs741782	17	18019712	PASS
CAT-T2D	rs712267	17	18021607	PASS
CAT-T2D	rs854817	17	18021882	PASS
CAT-T2D	rs854818	17	18022039	PASS
CAT-T2D	rs2955365	17	18023897	PASS
CAT-T2D	rs2955366	17	18024013	PASS
CAT-T2D	rs854789	17	18026566	PASS
CAT-T2D	rs1008135	17	18027143	PASS
CAT-T2D	rs854791	17	18029857	PASS
CAT-T2D	rs854792	17	18030240	PASS
CAT-T2D	rs854786	17	18036283	PASS
CAT-T2D	rs56084239	20	32387102	PASS
CAT-T2D	rs2747568	20	32393000	PASS
CAT-T2D	rs2626532	20	32393914	PASS
CAT-T2D	rs62209625	20	32398090	PASS
CAT-T2D	rs6087526	20	32398295	PASS
CAT-T2D	rs2747535	20	32402429	PASS
CAT-T2D	rs2626547	20	32404921	PASS
CAT-T2D	rs2747537	20	32405217	PASS
CAT-T2D	rs736953	20	32415089	PASS
CAT-T2D	rs17405840	20	32420074	PASS
CAT-T2D	rs2103804	20	32425403	PASS
CAT-T2D	rs2092737	20	32428135	PASS
CAT-T2D	rs2626558	20	32432387	PASS
CAT-T2D	rs13041078	20	32435497	PASS
CAT-T2D	rs7274168	20	32435978	PASS
CAT-T2D	rs1810534	20	32437142	PASS
CAT-T2D	rs6120392	20	32445183	PASS
CAT-T2D	rs62209630	20	32446313	PASS
CAT-T2D	rs6059496	20	32446931	PASS
CAT-T2D	rs6059498	20	32447282	PASS
CAT-T2D	rs6059499	20	32447920	PASS
CAT-T2D	rs62209633	20	32449364	PASS
CAT-T2D	rs6120395	20	32451693	PASS
CAT-T2D	rs718404	20	32455460	PASS
CAT-T2D	rs62209634	20	32456862	PASS
CAT-T2D	rs6059504	20	32457158	PASS
CAT-T2D	rs10154001	20	32458499	PASS
CAT-T2D	rs6059513	20	32464816	PASS
CAT-T2D	rs6057920	20	32466054	PASS
CAT-T2D	rs6059516	20	32469607	PASS
CAT-T2D	rs6059518	20	32469951	PASS
CAT-T2D	rs6059519	20	32470126	PASS
CAT-T2D	rs6059520	20	32470133	PASS
CAT-T2D	rs6057924	20	32474571	PASS
CAT-T2D	rs6057929	20	32477633	PASS
CAT-T2D	rs6057930	20	32477972	PASS
CAT-T2D	rs3888736	20	32479793	PASS
CAT-T2D	rs736264	20	32482386	PASS
CAT-T2D	rs742614	20	32482632	PASS
CAT-T2D	rs9679981	20	32514914	PASS
CAT-T2D	rs4911374	20	32516001	PASS
CAT-T2D	rs4911375	20	32516022	PASS
CAT-T2D	rs6120440	20	32517585	PASS
CAT-T2D	rs725478	20	32518354	PASS
CAT-T2D	rs761238	20	32519988	PASS
CAT-T2D	rs761236	20	32520051	PASS
CAT-T2D	rs2377955	20	32525370	PASS
CAT-T2D	rs6059581	20	32528388	PASS
CAT-T2D	rs6059583	20	32532114	PASS
CAT-T2D	rs761235	20	32534408	PASS
CAT-T2D	rs4911379	20	32535305	PASS
CAT-T2D	rs973409	20	32536364	PASS
CAT-T2D	rs6059586	20	32540501	PASS
CAT-T2D	rs6088355	20	32545887	PASS
CAT-T2D	rs6057957	20	32549858	PASS
CAT-T2D	rs2377957	20	32554473	PASS
CAT-T2D	rs4911383	20	32555779	PASS
CAT-T2D	rs6059596	20	32557119	PASS
CAT-T2D	rs6088360	20	32557189	PASS
CAT-T2D	rs6088361	20	32557326	PASS
CAT-T2D	rs4911385	20	32558593	PASS
CAT-T2D	rs4911389	20	32565041	PASS
CAT-T2D	rs4911390	20	32565207	PASS
CAT-T2D	rs4911393	20	32570926	PASS
CAT-T2D	rs6057961	20	32573811	PASS
CAT-T2D	rs4911394	20	32577327	PASS
CAT-T2D	rs1007090	20	32582871	PASS
CAT-T2D	rs2284377	20	32586682	PASS
CAT-T2D	rs2284378	20	32588095	PASS
CAT-T2D	rs2300204	20	32588773	PASS
CAT-T2D	rs2300205	20	32589780	PASS
CAT-T2D	rs2284379	20	32594642	PASS
CAT-T2D	rs2268078	20	32596704	PASS
CAT-T2D	rs2268080	20	32597716	PASS
CAT-T2D	rs4911397	20	32607846	PASS
CAT-T2D	rs4911143	20	32607854	PASS
CAT-T2D	rs1555075	20	32610401	PASS
CAT-T2D	rs1055857	20	32613873	PASS
CAT-T2D	rs6059639	20	32619136	PASS
CAT-T2D	rs6120487	20	32622608	PASS
CAT-T2D	rs2056990	20	32623464	PASS
CAT-T2D	rs1883524	20	32626107	PASS
CAT-T2D	rs3787230	20	32640272	PASS
CAT-T2D	rs6059649	20	32643877	PASS
CAT-T2D	rs2284386	20	32644396	PASS
CAT-T2D	rs2284387	20	32644588	PASS
CAT-T2D	rs6059651	20	32645052	PASS
CAT-T2D	rs8119937	20	32645551	PASS
CAT-T2D	rs909884	20	32646063	PASS
CAT-T2D	rs2268088	20	32649064	PASS
CAT-T2D	rs4911401	20	32654562	PASS
CAT-T2D	rs2284388	20	32655741	PASS
CAT-T2D	rs2235597	20	32665614	PASS
CAT-T2D	rs2268089	20	32667298	PASS
CAT-T2D	rs4911147	20	32667607	PASS
CAT-T2D	rs6119447	20	32668576	PASS
CAT-T2D	rs8123521	20	32668885	PASS
CAT-T2D	rs4911405	20	32674967	PASS
CAT-T2D	rs6059662	20	32675727	PASS
CAT-T2D	rs4911407	20	32683565	PASS
CAT-T2D	rs2235596	20	32684309	PASS
CAT-T2D	rs6142097	20	32687882	PASS
CAT-T2D	rs6120519	20	32688113	PASS
CAT-T2D	rs6142098	20	32688294	PASS
CAT-T2D	rs6087557	20	32698275	PASS
CAT-T2D	rs4911408	20	32700566	PASS
CAT-T2D	rs6059672	20	32705468	PASS
CAT-T2D	rs6059673	20	32705561	PASS
CAT-T2D	rs2206448	20	32709525	PASS
CAT-T2D	rs4911409	20	32710710	PASS
CAT-T2D	rs4911410	20	32710974	PASS
CAT-T2D	rs2378078	20	32714728	PASS
CAT-T2D	rs6087558	20	32714985	PASS
CAT-T2D	rs4911411	20	32715842	PASS
CAT-T2D	rs4911412	20	32716435	PASS
CAT-T2D	rs11907546	20	32719797	PASS
CAT-T2D	rs6059681	20	32723341	PASS
CAT-T2D	rs2143230	20	32724345	PASS
CAT-T2D	rs12480839	20	32727430	PASS
CAT-T2D	rs4911414	20	32729444	PASS
CAT-T2D	rs55913184	17	27455189	PASS
CAT-T2D	rs7213514	17	27537242	PASS
CAT-T2D	rs4795496	17	27545117	PASS
CAT-T2D	rs4795498	17	27545461	PASS
CAT-T2D	rs727999	17	27546630	PASS
CAT-T2D	rs9900880	17	27549806	PASS
CAT-T2D	rs12939777	17	27550092	PASS
CAT-T2D	rs9913643	17	27550377	PASS
CAT-T2D	rs9905413	17	27550467	PASS
CAT-T2D	rs9896064	17	27553492	PASS
CAT-T2D	rs9889399	17	27553521	PASS
CAT-T2D	rs9906526	17	27555828	PASS
CAT-T2D	rs9891654	17	27557704	PASS
CAT-T2D	rs11657946	17	27559694	PASS
CAT-T2D	rs8081159	17	27560726	PASS
CAT-T2D	rs2320815	17	27561922	PASS
CAT-T2D	rs2320816	17	27562033	PASS
CAT-T2D	rs9303624	17	27562990	PASS
CAT-T2D	rs12941933	17	27563486	PASS
CAT-T2D	rs8070877	17	27564574	PASS
CAT-T2D	rs9897323	17	27565004	PASS
CAT-T2D	rs734321	17	27565109	PASS
CAT-T2D	rs7219394	17	27566121	PASS
CAT-T2D	rs7220340	17	27566326	PASS
CAT-T2D	rs4638641	17	27567171	PASS
CAT-T2D	rs7224755	17	27567793	PASS
CAT-T2D	rs7226022	17	27567817	PASS
CAT-T2D	rs2041156	17	27568780	PASS
CAT-T2D	rs9914175	17	27570325	PASS
CAT-T2D	rs9913225	17	27570622	PASS
CAT-T2D	rs1638005	17	27573097	PASS
CAT-T2D	rs2459723	17	27575621	PASS
CAT-T2D	rs1712650	17	27595775	PASS
CAT-T2D	rs2429244	17	27597286	PASS
CAT-T2D	rs1712654	17	27600648	PASS
CAT-T2D	rs56267272	17	27601370	PASS
CAT-T2D	rs797966	17	27608774	PASS
CAT-T2D	rs797963	17	27610597	PASS
CAT-T2D	rs797962	17	27612139	PASS
CAT-T2D	rs12452857	17	27613677	PASS
CAT-T2D	rs797960	17	27614837	PASS
CAT-T2D	rs797974	17	27622518	PASS
CAT-T2D	rs12943828	17	27624479	PASS
CAT-T2D	rs2429243	17	27628979	PASS
CAT-T2D	rs797958	17	27634009	PASS
CAT-T2D	rs797957	17	27635235	PASS
CAT-T2D	rs797955	17	27635475	PASS
CAT-T2D	rs73272559	17	27644327	PASS
CAT-T2D	rs2005781	17	27645296	PASS
CAT-T2D	rs62065203	17	27645467	PASS
CAT-T2D	rs797973	17	27647630	PASS
CAT-T2D	rs797972	17	27648280	PASS
CAT-T2D	rs797970	17	27648546	PASS
CAT-T2D	rs1712655	17	27650825	PASS
CAT-T2D	rs797965	17	27655455	PASS
CAT-T2D	rs520641	17	27881872	PASS
CAT-T2D	rs117106120	20	34670988	PASS
CAT-T2D	rs817311	20	62580728	PASS
CAT-T2D	rs817313	20	62582387	PASS
CAT-T2D	rs2320225	20	62582464	PASS
CAT-T2D	rs817325	20	62595169	PASS
CAT-T2D	rs817329	20	62597694	PASS
CAT-T2D	rs2822991	21	16353531	PASS
CAT-T2D	rs17274750	21	16353809	PASS
CAT-T2D	rs29001568	6	32447341	PASS
CAT-T2D	rs9269174	6	32447364	PASS
CAT-T2D	rs9269175	6	32447451	PASS
CAT-T2D	rs4410767	6	32448129	PASS
CAT-T2D	rs9394099	6	32449160	PASS
CAT-T2D	rs9394101	6	32449198	PASS
CAT-T2D	rs5020946	6	32450089	PASS
CAT-T2D	rs13194770	6	32451570	PASS
CAT-T2D	rs71565340	6	32452506	PASS
CAT-T2D	rs113568276	6	32513127	PASS
CAT-T2D	rs72845730	6	32526731	PASS
CAT-T2D	rs78377184	16	48547052	PASS
CAT-T2D	rs73115415	12	66221021	PASS
CAT-T2D	rs115277907	6	31901090	PASS
CAT-T2D	rs35541642	3	12302262	PASS
CAT-T2D	rs142969501	7	46122731	PASS
CAT-T2D	rs139031044	10	114756079	PASS
CAT-T2D	rs1402756	3	37791729	PASS
CAT-T2D	rs75477128	12	27964205	PASS
CAT-T2D	rs17867822	7	126947813	PASS
CAT-T2D	rs142389205	12	66243764	PASS
CAT-T2D	rs34871138	9	81894451	PASS
CAT-T2D	rs73119902	12	66263991	PASS
CAT-T2D	rs185452077	10	114698876	PASS
CAT-T2D	rs80079105	20	34665536	PASS
CAT-T2D	rs114919178	6	31613571	PASS
CAT-T2D	rs2071479	6	32781112	PASS
CAT-T2D	rs28381348	6	31708910	PASS
CAT-T2D	rs73113896	12	66209669	PASS
CAT-T2D	rs11540321	6	31695368	PASS
CAT-T2D	rs2524279	6	31392906	PASS
CAT-T2D	rs113380085	22	30187265	PASS
CAT-T2D	rs11719082	3	12278528	PASS
CAT-T2D	rs73131949	12	66175765	PASS
CAT-T2D	rs13088608	3	12301116	PASS
CAT-T2D	rs1562040	3	12285405	PASS
CAT-T2D	rs9666585	11	9235473	PASS
CAT-T2D	rs73131951	12	66176700	PASS
CAT-T2D	rs41266868	6	30844116	PASS
CAT-T2D	rs112393700	6	33017895	PASS
CAT-T2D	rs13089415	3	12301360	PASS
CAT-T2D	rs141867507	12	50071794	PASS
CAT-T2D	rs73113886	12	66200514	PASS
CAT-T2D	rs115470510	6	31618511	PASS
CAT-T2D	rs112301850	7	127106025	PASS
CAT-T2D	rs112283246	7	127500457	PASS
CAT-T2D	rs73131948	12	66175662	PASS
CAT-T2D	rs8056223	16	75233867	PASS
CAT-T2D	rs118044777	10	114801264	PASS
CAT-T2D	rs2844383	3	37800658	PASS
CAT-T2D	rs35877199	3	12299660	PASS
CAT-T2D	rs62451127	7	27971300	PASS
CAT-T2D	rs184910699	10	114703294	PASS
CAT-T2D	rs181014825	10	114694425	PASS
CAT-T2D	rs9394070	6	31366295	PASS
CAT-T2D	rs34780220	3	12278113	PASS
CAT-T2D	rs13088452	3	12274961	PASS
CAT-T2D	rs17728581	22	30601779	PASS
CAT-T2D	rs73410764	6	32785841	PASS
CAT-T2D	rs150669274	7	126960273	PASS
CAT-T2D	rs2844378	3	37793669	PASS
CAT-T2D	rs115333512	6	31780239	PASS
CAT-T2D	rs115469976	6	32986508	PASS
CAT-T2D	rs16988381	22	30592808	PASS
CAT-T2D	rs146058284	3	12143636	PASS
CAT-T2D	rs11575852	6	31647001	PASS
POAG-AD	rs13013293	2	233986596	PASS
POAG-AD	rs7419666	2	234003359	PASS
POAG-AD	rs11583008	1	101085094	PASS
POAG-AD	rs6663612	1	101085835	PASS
POAG-AD	rs11586815	1	101089079	PASS
POAG-AD	rs4907918	1	101094609	PASS
POAG-AD	rs2065784	1	101096056	PASS
POAG-AD	rs12568329	1	101104588	PASS
POAG-AD	rs17403857	1	101105216	PASS
POAG-AD	rs17403878	1	101105310	PASS
POAG-AD	rs9434126	1	101106981	PASS
POAG-AD	rs1981134	1	101111205	PASS
POAG-AD	rs4907921	1	101128249	PASS
POAG-AD	rs1932351	1	101142049	PASS
POAG-AD	rs1055044	1	101171354	PASS
POAG-AD	rs2050471	1	101175651	PASS
POAG-AD	rs3176860	1	101187219	PASS
POAG-AD	rs934826	2	127825968	PASS
POAG-AD	rs4798	2	9546805	PASS
POAG-AD	rs10169262	2	9549753	PASS
POAG-AD	rs10189072	2	12871663	PASS
POAG-AD	rs2042567	2	12878642	PASS
POAG-AD	rs2042566	2	12878668	PASS
POAG-AD	rs1469215	2	12886320	PASS
POAG-AD	rs2113818	2	12890860	PASS
POAG-AD	rs730126	2	12891476	PASS
POAG-AD	rs4669869	2	12898460	PASS
POAG-AD	rs973977	2	12905490	PASS
POAG-AD	rs7581972	2	12916919	PASS
POAG-AD	rs6432335	2	12928971	PASS
POAG-AD	rs10198180	2	12936190	PASS
POAG-AD	rs1469217	2	12950124	PASS
POAG-AD	rs10191751	2	12962315	PASS
POAG-AD	rs10186351	2	12964428	PASS
POAG-AD	rs10164960	2	12965159	PASS
POAG-AD	rs4669884	2	12968885	PASS
POAG-AD	rs7558818	2	12969972	PASS
POAG-AD	rs7559029	2	12970155	PASS
POAG-AD	rs10184321	2	12970372	PASS
POAG-AD	rs4669886	2	12974244	PASS
POAG-AD	rs6732344	2	12984438	PASS
POAG-AD	rs12468536	2	12984962	PASS
POAG-AD	rs890070	2	12985129	PASS
POAG-AD	rs10188224	2	12995782	PASS
POAG-AD	rs13425286	2	13015428	PASS
POAG-AD	rs4669895	2	13018333	PASS
POAG-AD	rs1879543	2	13024831	PASS
POAG-AD	rs6432343	2	13039946	PASS
POAG-AD	rs779357	2	13052225	PASS
POAG-AD	rs6729702	2	135602156	PASS
POAG-AD	rs6730306	2	135609167	PASS
POAG-AD	rs2053726	2	135610154	PASS
POAG-AD	rs6430547	2	135612422	PASS
POAG-AD	rs1446523	2	135616621	PASS
POAG-AD	rs6706537	2	135618982	PASS
POAG-AD	rs6430552	2	135622808	PASS
POAG-AD	rs3819121	2	135622860	PASS
POAG-AD	rs7593370	2	135623517	PASS
POAG-AD	rs12469941	2	135629927	PASS
POAG-AD	rs1446524	2	135631331	PASS
POAG-AD	rs2166480	2	135637338	PASS
POAG-AD	rs4954193	2	135642180	PASS
POAG-AD	rs6714498	2	135650766	PASS
POAG-AD	rs7589297	2	135652399	PASS
POAG-AD	rs4954197	2	135662244	PASS
POAG-AD	rs12469411	2	135664556	PASS
POAG-AD	rs1374289	2	135694379	PASS
POAG-AD	rs4953938	2	135694848	PASS
POAG-AD	rs10166142	2	135710322	PASS
POAG-AD	rs3814355	2	135711516	PASS
POAG-AD	rs3814354	2	135711657	PASS
POAG-AD	rs1947112	2	135715957	PASS
POAG-AD	rs1530559	2	135755629	PASS
POAG-AD	rs1421004	3	169350733	PASS
POAG-AD	rs13076750	3	188059443	PASS
POAG-AD	rs4132172	3	188061714	PASS
POAG-AD	rs6787621	3	188066953	PASS
POAG-AD	rs2405442	7	99971313	PASS
POAG-AD	rs34995835	7	99990364	PASS
POAG-AD	rs1476679	7	100004446	PASS
POAG-AD	rs34919929	7	100012334	PASS
POAG-AD	rs2734897	7	100159567	PASS
POAG-AD	rs909152	7	100175473	PASS
POAG-AD	rs10045726	5	148352990	PASS
POAG-AD	rs4431331	5	148353574	PASS
POAG-AD	rs10038913	5	148354224	PASS
POAG-AD	rs6580590	5	148360374	PASS
POAG-AD	rs2217638	5	148364355	PASS
POAG-AD	rs250674	5	148438597	PASS
POAG-AD	rs36043	5	148440983	PASS
POAG-AD	rs250671	5	148446523	PASS
POAG-AD	rs2963485	5	148452043	PASS
POAG-AD	rs250667	5	148455134	PASS
POAG-AD	rs384979	5	148459267	PASS
POAG-AD	rs10257469	7	37604528	PASS
POAG-AD	rs10270490	7	37619144	PASS
POAG-AD	rs1525793	7	39187071	PASS
POAG-AD	rs28459466	7	39195671	PASS
POAG-AD	rs6462895	7	39198960	PASS
POAG-AD	rs7802746	7	39239783	PASS
POAG-AD	rs7784092	7	39239817	PASS
POAG-AD	rs7787466	7	39239975	PASS
POAG-AD	rs3924710	7	39241348	PASS
POAG-AD	rs4401749	7	39241623	PASS
POAG-AD	rs4720315	7	39242083	PASS
POAG-AD	rs12534084	7	39243058	PASS
POAG-AD	rs12531437	7	39243189	PASS
POAG-AD	rs12531464	7	39243299	PASS
POAG-AD	rs6923993	6	36427276	PASS
POAG-AD	rs1003250	6	36437412	PASS
POAG-AD	rs4711453	6	36439391	PASS
POAG-AD	rs4140593	6	36464958	PASS
POAG-AD	rs3752478	6	36492375	PASS
POAG-AD	rs9368938	6	36549752	PASS
POAG-AD	rs7741888	6	36552304	PASS
POAG-AD	rs2145048	6	36557580	PASS
POAG-AD	rs1812018	6	36557976	PASS
POAG-AD	rs9394363	6	36558964	PASS
POAG-AD	rs7344	6	36570366	PASS
POAG-AD	rs10947613	6	36572340	PASS
POAG-AD	rs7743396	6	36579252	PASS
POAG-AD	rs10214849	6	36601445	PASS
POAG-CAD	rs2766085	1	165471470	PASS
POAG-CAD	rs2478259	1	165494223	PASS
POAG-CAD	rs206235	1	165516740	PASS
POAG-CAD	rs10918226	1	165617972	PASS
POAG-CAD	rs1011638	1	169279707	PASS
POAG-CAD	rs7413522	1	169281036	PASS
POAG-CAD	rs10800431	1	169291205	PASS
POAG-CAD	rs929133	1	169294976	PASS
POAG-CAD	rs10919144	1	169308424	PASS
POAG-CAD	rs11800843	1	169339031	PASS
POAG-CAD	rs10919163	1	169383660	PASS
POAG-CAD	rs6427191	1	169389288	PASS
POAG-CAD	rs10489188	1	169390327	PASS
POAG-CAD	rs12021580	1	169403703	PASS
POAG-CAD	rs16862172	1	169410486	PASS
POAG-CAD	rs16862199	1	169434120	PASS
POAG-CAD	rs938662	2	45864578	PASS
POAG-CAD	rs2344662	2	45864710	PASS
POAG-CAD	rs614281	2	45866456	PASS
POAG-CAD	rs546639	2	45876655	PASS
POAG-CAD	rs666334	2	45884213	PASS
POAG-CAD	rs585156	2	45901755	PASS
POAG-CAD	rs7544462	1	37962756	PASS
POAG-CAD	rs11586828	1	38023822	PASS
POAG-CAD	rs11577094	1	38026600	PASS
POAG-CAD	rs11586555	1	38031798	PASS
POAG-CAD	rs6671265	1	38048673	PASS
POAG-CAD	rs11583122	1	38053458	PASS
POAG-CAD	rs10497673	2	187731384	PASS
POAG-CAD	rs10169039	2	187835217	PASS
POAG-CAD	rs3911202	2	187875181	PASS
POAG-CAD	rs11695426	2	187888143	PASS
POAG-CAD	rs3911199	2	187891566	PASS
POAG-CAD	rs1565078	2	187934476	PASS
POAG-CAD	rs12623026	2	187944900	PASS
POAG-CAD	rs7576895	2	187950140	PASS
POAG-CAD	rs1565076	2	187985322	PASS
POAG-CAD	rs1487395	2	187990584	PASS
POAG-CAD	rs17576323	2	188003118	PASS
POAG-CAD	rs10183059	2	188015386	PASS
POAG-CAD	rs10165029	2	188046690	PASS
POAG-CAD	rs13404250	2	188116196	PASS
POAG-CAD	rs1728672	2	188156425	PASS
POAG-CAD	rs840600	2	188159750	PASS
POAG-CAD	rs840595	2	188179494	PASS
POAG-CAD	rs880890	2	188184500	PASS
POAG-CAD	rs13417165	2	188184804	PASS
POAG-CAD	rs907463	2	188185287	PASS
POAG-CAD	rs840584	2	188186079	PASS
POAG-CAD	rs696092	2	188210214	PASS
POAG-CAD	rs858744	2	188216783	PASS
POAG-CAD	rs698579	2	188229820	PASS
POAG-CAD	rs858759	2	188235611	PASS
POAG-CAD	rs6434219	2	188241953	PASS
POAG-CAD	rs3771078	2	188270337	PASS
POAG-CAD	rs17464221	2	188278203	PASS
POAG-CAD	rs7591567	2	188304446	PASS
POAG-CAD	rs1355519	2	188308604	PASS
POAG-CAD	rs10179705	2	188315234	PASS
POAG-CAD	rs10203398	2	188315577	PASS
POAG-CAD	rs11897572	2	188316181	PASS
POAG-CAD	rs13424790	2	188323852	PASS
POAG-CAD	rs8176592	2	188332692	PASS
POAG-CAD	rs8176583	2	188334401	PASS
POAG-CAD	rs8176580	2	188335246	PASS
POAG-CAD	rs8176546	2	188340396	PASS
POAG-CAD	rs8176541	2	188341047	PASS
POAG-CAD	rs7598858	2	188343131	PASS
POAG-CAD	rs7586970	2	188343497	PASS
POAG-CAD	rs8176479	2	188357179	PASS
POAG-CAD	rs34655914	1	38397341	PASS
POAG-CAD	rs17465420	1	38398588	PASS
POAG-CAD	rs28493395	1	38400558	PASS
POAG-CAD	rs28435150	1	38407014	PASS
POAG-CAD	rs2170169	1	38408164	PASS
POAG-CAD	rs11485595	1	38411350	PASS
POAG-CAD	rs17531077	1	38415507	PASS
POAG-CAD	rs12138115	1	38452581	PASS
POAG-CAD	rs12044531	1	38453041	PASS
POAG-CAD	rs4072980	1	38456106	PASS
POAG-CAD	rs7366048	1	38463504	PASS
POAG-CAD	rs1872788	2	62817678	PASS
POAG-CAD	rs6545963	2	62822891	PASS
POAG-CAD	rs1014119	2	62825482	PASS
POAG-CAD	rs7558681	2	62840987	PASS
POAG-CAD	rs1997246	2	62867347	PASS
POAG-CAD	rs10174937	2	203047431	PASS
POAG-CAD	rs10185956	2	203082242	PASS
POAG-CAD	rs6709162	2	203098559	PASS
POAG-CAD	rs7581542	2	203131937	PASS
POAG-CAD	rs2118802	2	203671423	PASS
POAG-CAD	rs1866423	2	203697790	PASS
POAG-CAD	rs3845802	2	203740672	PASS
POAG-CAD	rs1048013	2	204154552	PASS
POAG-CAD	rs11675251	2	204249399	PASS
POAG-CAD	rs1376877	2	204272090	PASS
POAG-CAD	rs3769678	2	204276327	PASS
POAG-CAD	rs11679740	2	204315394	PASS
POAG-CAD	rs2352079	2	204316532	PASS
POAG-CAD	rs2305417	2	204360201	PASS
POAG-CAD	rs17477113	2	204366453	PASS
POAG-CAD	rs6674131	1	56991294	PASS
POAG-CAD	rs1041602	1	57013198	PASS
POAG-CAD	rs41487448	1	57015295	PASS
POAG-CAD	rs7590738	2	71525698	PASS
POAG-CAD	rs4852252	2	71539301	PASS
POAG-CAD	rs2058899	2	71580129	PASS
POAG-CAD	rs17693250	2	71601434	PASS
POAG-CAD	rs3771371	2	71627539	PASS
POAG-CAD	rs3732233	2	71633275	PASS
POAG-CAD	rs6714975	2	71633389	PASS
POAG-CAD	rs4852782	2	71636240	PASS
POAG-CAD	rs4438512	2	71645946	PASS
POAG-CAD	rs7562587	2	71662826	PASS
POAG-CAD	rs4241246	2	71676366	PASS
POAG-CAD	rs6546693	2	71680632	PASS
POAG-CAD	rs946574	1	59892655	PASS
POAG-CAD	rs1320593	1	59893383	PASS
POAG-CAD	rs34255697	2	216266225	PASS
POAG-CAD	rs6744921	2	216266736	PASS
POAG-CAD	rs10172425	2	216268355	PASS
POAG-CAD	rs2372545	2	216273625	PASS
POAG-CAD	rs1250248	2	216287093	PASS
POAG-CAD	rs1250258	2	216300185	PASS
POAG-CAD	rs3791979	2	218667372	PASS
POAG-CAD	rs3088214	2	218667836	PASS
POAG-CAD	rs1063281	2	218668732	PASS
POAG-CAD	rs918949	2	218674697	PASS
POAG-CAD	rs1035672	2	218675199	PASS
POAG-CAD	rs1991161	2	218676890	PASS
POAG-CAD	rs11695740	2	218678883	PASS
POAG-CAD	rs2161969	2	218680570	PASS
POAG-CAD	rs41383244	2	218680591	PASS
POAG-CAD	rs4674216	2	218681340	PASS
POAG-CAD	rs12694422	2	218682474	PASS
POAG-CAD	rs3796026	2	218682771	PASS
POAG-CAD	rs2571445	2	218683154	PASS
POAG-CAD	rs2552527	2	218688596	PASS
POAG-CAD	rs11897815	2	218690487	PASS
POAG-CAD	rs10188605	2	218694691	PASS
POAG-CAD	rs3796028	2	218695102	PASS
POAG-CAD	rs1481345	1	218827855	PASS
POAG-CAD	rs17048367	1	218833890	PASS
POAG-CAD	rs4846382	1	222721288	PASS
POAG-CAD	rs904323	1	222790366	PASS
POAG-CAD	rs17163303	1	222795118	PASS
POAG-CAD	rs2133188	1	222813753	PASS
POAG-CAD	rs17531300	1	222831232	PASS
POAG-CAD	rs2088514	1	222831372	PASS
POAG-CAD	rs1053316	1	222839838	PASS
POAG-CAD	rs3008633	1	222844840	PASS
POAG-CAD	rs3008634	1	222845411	PASS
POAG-CAD	rs1391558	1	222848029	PASS
POAG-CAD	rs11487815	1	222855196	PASS
POAG-CAD	rs2936049	1	222858167	PASS
POAG-CAD	rs17163431	1	222858398	PASS
POAG-CAD	rs4240934	1	222904298	PASS
POAG-CAD	rs2378605	1	222905553	PASS
POAG-CAD	rs2376280	1	103568464	PASS
POAG-CAD	rs11164719	1	103654898	PASS
POAG-CAD	rs6698843	1	109806834	PASS
POAG-CAD	rs6689614	1	109807099	PASS
POAG-CAD	rs629001	1	109838918	PASS
POAG-CAD	rs6537651	1	110585137	PASS
POAG-CAD	rs6679677	1	114303808	PASS
POAG-CAD	rs3761936	1	114449662	PASS
POAG-CAD	rs1826215	3	14887182	PASS
POAG-CAD	rs6789614	3	14890939	PASS
POAG-CAD	rs294634	3	14900551	PASS
POAG-CAD	rs13084708	3	14909380	PASS
POAG-CAD	rs7590392	2	148379602	PASS
POAG-CAD	rs17726695	2	148379820	PASS
POAG-CAD	rs12466337	2	148380769	PASS
POAG-CAD	rs12611929	2	148387591	PASS
POAG-CAD	rs6709045	2	148394342	PASS
POAG-CAD	rs10174513	2	148400418	PASS
POAG-CAD	rs4662536	2	148408694	PASS
POAG-CAD	rs6710309	2	148412269	PASS
POAG-CAD	rs1528836	2	148426069	PASS
POAG-CAD	rs1950047	2	148428613	PASS
POAG-CAD	rs4662538	2	148432631	PASS
POAG-CAD	rs956796	1	150186091	PASS
POAG-CAD	rs10888585	1	150504947	PASS
POAG-CAD	rs6665912	1	150544093	PASS
POAG-CAD	rs4970966	1	150584103	PASS
POAG-CAD	rs11204682	1	150595537	PASS
POAG-CAD	rs2292166	1	150884776	PASS
POAG-CAD	rs11204744	1	150902941	PASS
POAG-CAD	rs4845618	1	154400015	PASS
POAG-CAD	rs6427658	1	154400799	PASS
POAG-CAD	rs6694817	1	154401972	PASS
POAG-CAD	rs4845625	1	154422067	PASS
POAG-CAD	rs6689393	1	154426097	PASS
POAG-CAD	rs12897	3	172115902	PASS
POAG-CAD	rs7621785	3	48343708	PASS
POAG-CAD	rs4282054	3	52566065	PASS
POAG-CAD	rs13082960	3	52785168	PASS
POAG-CAD	rs1042779	3	52821011	PASS
POAG-CAD	rs2071508	3	52826846	PASS
POAG-CAD	rs2535629	3	52833219	PASS
POAG-CAD	rs730126	2	12891476	PASS
POAG-CAD	rs7581972	2	12916919	PASS
POAG-CAD	rs1469217	2	12950124	PASS
POAG-CAD	rs11685678	2	12953264	PASS
POAG-CAD	rs10186351	2	12964428	PASS
POAG-CAD	rs10164960	2	12965159	PASS
POAG-CAD	rs7558818	2	12969972	PASS
POAG-CAD	rs7559029	2	12970155	PASS
POAG-CAD	rs10184321	2	12970372	PASS
POAG-CAD	rs6732344	2	12984438	PASS
POAG-CAD	rs12468536	2	12984962	PASS
POAG-CAD	rs890070	2	12985129	PASS
POAG-CAD	rs6750019	2	14953583	PASS
POAG-CAD	rs10172650	2	21205457	PASS
POAG-CAD	rs10164442	2	21205563	PASS
POAG-CAD	rs10027770	4	186675371	PASS
POAG-CAD	rs10084919	4	186676294	PASS
POAG-CAD	rs7677532	4	186676774	PASS
POAG-CAD	rs6835720	4	186677134	PASS
POAG-CAD	rs10024805	4	186677519	PASS
POAG-CAD	rs6834923	4	186678732	PASS
POAG-CAD	rs6812818	4	186678891	PASS
POAG-CAD	rs10015164	4	186680257	PASS
POAG-CAD	rs10000785	4	186686045	PASS
POAG-CAD	rs11921763	3	71930263	PASS
POAG-CAD	rs11134030	5	4065252	PASS
POAG-CAD	rs17662489	5	4068808	PASS
POAG-CAD	rs2047074	5	4080229	PASS
POAG-CAD	rs2398655	5	4085030	PASS
POAG-CAD	rs2398656	5	4085070	PASS
POAG-CAD	rs2136174	5	4085896	PASS
POAG-CAD	rs17719935	5	4090300	PASS
POAG-CAD	rs9313069	5	4093896	PASS
POAG-CAD	rs10041378	5	4094165	PASS
POAG-CAD	rs765461	3	85071640	PASS
POAG-CAD	rs1016305	3	85082924	PASS
POAG-CAD	rs9814835	3	85099943	PASS
POAG-CAD	rs7645952	3	85116013	PASS
POAG-CAD	rs6790864	3	85122624	PASS
POAG-CAD	rs11127876	3	85124697	PASS
POAG-CAD	rs13097560	3	85129329	PASS
POAG-CAD	rs6796393	3	85129381	PASS
POAG-CAD	rs6775752	3	85130981	PASS
POAG-CAD	rs9820587	3	85138172	PASS
POAG-CAD	rs7636138	3	85140186	PASS
POAG-CAD	rs1994315	3	85144149	PASS
POAG-CAD	rs7647649	3	85147187	PASS
POAG-CAD	rs13061527	3	85151828	PASS
POAG-CAD	rs9875381	3	85158733	PASS
POAG-CAD	rs7632628	3	85176164	PASS
POAG-CAD	rs2171141	3	85177049	PASS
POAG-CAD	rs1452117	3	85234199	PASS
POAG-CAD	rs1376934	3	85236543	PASS
POAG-CAD	rs1013839	3	85243777	PASS
POAG-CAD	rs1452121	3	85244747	PASS
POAG-CAD	rs2123162	3	85258519	PASS
POAG-CAD	rs2167604	3	85264467	PASS
POAG-CAD	rs986132	3	85272264	PASS
POAG-CAD	rs11926317	3	85352957	PASS
POAG-CAD	rs818215	3	85371400	PASS
POAG-CAD	rs2600942	3	85384671	PASS
POAG-CAD	rs17264034	5	9557602	PASS
POAG-CAD	rs7440527	4	7826824	PASS
POAG-CAD	rs4619890	4	7853160	PASS
POAG-CAD	rs28622214	4	7879440	PASS
POAG-CAD	rs17770213	4	7896866	PASS
POAG-CAD	rs17770321	4	7901040	PASS
POAG-CAD	rs4478172	4	7902003	PASS
POAG-CAD	rs6829680	4	7912333	PASS
POAG-CAD	rs12509421	4	7929512	PASS
POAG-CAD	rs11733177	4	7931249	PASS
POAG-CAD	rs11930623	4	7931682	PASS
POAG-CAD	rs10008860	4	7969594	PASS
POAG-CAD	rs925387	4	120111190	PASS
POAG-CAD	rs17049978	4	120112049	PASS
POAG-CAD	rs11098553	4	120897847	PASS
POAG-CAD	rs13134800	4	120900282	PASS
POAG-CAD	rs11723436	4	120901336	PASS
POAG-CAD	rs17823708	4	126910200	PASS
POAG-CAD	rs7687088	4	126910914	PASS
POAG-CAD	rs13136951	4	126911762	PASS
POAG-CAD	rs6857632	4	126918413	PASS
POAG-CAD	rs13089412	3	124309917	PASS
POAG-CAD	rs6791518	3	124313604	PASS
POAG-CAD	rs7639225	3	124314560	PASS
POAG-CAD	rs6797559	3	124318900	PASS
POAG-CAD	rs3772800	3	124438586	PASS
POAG-CAD	rs17282057	3	124446077	PASS
POAG-CAD	rs645040	3	135926622	PASS
POAG-CAD	rs687339	3	135932359	PASS
POAG-CAD	rs1366691	4	148281812	PASS
POAG-CAD	rs1583003	4	148296025	PASS
POAG-CAD	rs6855875	4	148402737	PASS
POAG-CAD	rs4074793	5	52193125	PASS
POAG-CAD	rs870992	5	52193237	PASS
POAG-CAD	rs2245157	4	54596466	PASS
POAG-CAD	rs6852807	4	54621715	PASS
POAG-CAD	rs6440043	3	141589505	PASS
POAG-CAD	rs1560413	3	141596848	PASS
POAG-CAD	rs2200168	4	156504520	PASS
POAG-CAD	rs781663	4	57781754	PASS
POAG-CAD	rs3796529	4	57797414	PASS
POAG-CAD	rs2227901	4	57798189	PASS
POAG-CAD	rs7687767	4	57824932	PASS
POAG-CAD	rs3843467	5	55856375	PASS
POAG-CAD	rs7623382	3	156832894	PASS
POAG-CAD	rs4680339	3	156835419	PASS
POAG-CAD	rs7625059	3	156980018	PASS
POAG-CAD	rs833805	6	44030011	PASS
POAG-CAD	rs6458479	6	45955173	PASS
POAG-CAD	rs17472832	5	122680189	PASS
POAG-CAD	rs2303719	5	122682154	PASS
POAG-CAD	rs1047438	5	122682348	PASS
POAG-CAD	rs7736021	5	122688727	PASS
POAG-CAD	rs10061683	5	122696882	PASS
POAG-CAD	rs10065634	5	122698367	PASS
POAG-CAD	rs10075809	5	122703026	PASS
POAG-CAD	rs752200	5	122705110	PASS
POAG-CAD	rs10053995	5	122705321	PASS
POAG-CAD	rs6893539	5	122705737	PASS
POAG-CAD	rs10051787	5	122732236	PASS
POAG-CAD	rs6884993	5	122746528	PASS
POAG-CAD	rs12719311	5	122755334	PASS
POAG-CAD	rs1500187	5	122824678	PASS
POAG-CAD	rs987237	6	50803050	PASS
POAG-CAD	rs2635727	6	50820940	PASS
POAG-CAD	rs734597	6	50836279	PASS
POAG-CAD	rs943005	6	50865820	PASS
POAG-CAD	rs4715210	6	50897251	PASS
POAG-CAD	rs3857596	6	50905067	PASS
POAG-CAD	rs11759809	6	50955081	PASS
POAG-CAD	rs4711966	6	50963777	PASS
POAG-CAD	rs7775861	6	51068717	PASS
POAG-CAD	rs9463672	6	51097410	PASS
POAG-CAD	rs2439040	6	51443715	PASS
POAG-CAD	rs9296668	6	51838263	PASS
POAG-CAD	rs6922855	6	51843542	PASS
POAG-CAD	rs10948664	6	51844205	PASS
POAG-CAD	rs7746763	6	51847970	PASS
POAG-CAD	rs2017134	6	51875890	PASS
POAG-CAD	rs1896974	6	51876267	PASS
POAG-CAD	rs9296669	6	51890823	PASS
POAG-CAD	rs2499480	6	51891011	PASS
POAG-CAD	rs2499479	6	51891327	PASS
POAG-CAD	rs9370092	6	51894955	PASS
POAG-CAD	rs9382062	6	51896417	PASS
POAG-CAD	rs2435315	6	51896569	PASS
POAG-CAD	rs9370095	6	51912577	PASS
POAG-CAD	rs10948667	6	51913240	PASS
POAG-CAD	rs9370096	6	51914956	PASS
POAG-CAD	rs1896983	6	51917550	PASS
POAG-CAD	rs4715273	6	51929476	PASS
POAG-CAD	rs4715276	6	51934978	PASS
POAG-CAD	rs3936986	6	51936846	PASS
POAG-CAD	rs1892274	6	51944847	PASS
POAG-CAD	rs9370097	6	51949862	PASS
POAG-CAD	rs6906409	6	51953524	PASS
POAG-CAD	rs223287	6	57104266	PASS
POAG-CAD	rs2548993	5	131808869	PASS
POAG-CAD	rs1550437	15	74221298	PASS
POAG-CAD	rs1078967	15	74222987	PASS
POAG-CAD	rs8041642	15	74225106	PASS
POAG-CAD	rs8041685	15	74225193	PASS
POAG-CAD	rs9944214	15	74231857	PASS
POAG-CAD	rs2304719	15	74235500	PASS
POAG-CAD	rs3971872	15	78942035	PASS
POAG-CAD	rs12900519	15	78949127	PASS
POAG-CAD	rs8032156	15	78964498	PASS
POAG-CAD	rs11639372	15	78966655	PASS
POAG-CAD	rs7164529	15	79145798	PASS
POAG-CAD	rs4778909	15	79155088	PASS
POAG-CAD	rs2012627	14	75443103	PASS
POAG-CAD	rs91144	14	75449517	PASS
POAG-CAD	rs175016	14	75459633	PASS
POAG-CAD	rs175040	14	75469555	PASS
POAG-CAD	rs175045	14	75475275	PASS
POAG-CAD	rs1548807	14	75479582	PASS
POAG-CAD	rs108621	14	75480637	PASS
POAG-CAD	rs175049	14	75481368	PASS
POAG-CAD	rs13712	14	75483812	PASS
POAG-CAD	rs175057	14	75489632	PASS
POAG-CAD	rs175059	14	75490667	PASS
POAG-CAD	rs2098251	14	75492696	PASS
POAG-CAD	rs735452	14	75497984	PASS
POAG-CAD	rs175071	14	75498177	PASS
POAG-CAD	rs10136948	14	75511075	PASS
POAG-CAD	rs4903275	14	75512509	PASS
POAG-CAD	rs10140851	14	75512612	PASS
POAG-CAD	rs175084	14	75519175	PASS
POAG-CAD	rs7303	14	75520065	PASS
POAG-CAD	rs175512	14	75523382	PASS
POAG-CAD	rs10142770	14	75525449	PASS
POAG-CAD	rs175505	14	75529619	PASS
POAG-CAD	rs7156328	14	75532941	PASS
POAG-CAD	rs175502	14	75533679	PASS
POAG-CAD	rs4903278	14	75535019	PASS
POAG-CAD	rs175498	14	75536369	PASS
POAG-CAD	rs3742778	14	75538217	PASS
POAG-CAD	rs12889472	14	75543979	PASS
POAG-CAD	rs12589876	14	75544189	PASS
POAG-CAD	rs175492	14	75545220	PASS
POAG-CAD	rs175490	14	75545685	PASS
POAG-CAD	rs1043674	14	75549370	PASS
POAG-CAD	rs11159116	14	75550584	PASS
POAG-CAD	rs175479	14	75561871	PASS
POAG-CAD	rs4899545	14	75568138	PASS
POAG-CAD	rs11845639	14	75570293	PASS
POAG-CAD	rs119076	14	75572419	PASS
POAG-CAD	rs10146482	14	75574087	PASS
POAG-CAD	rs7145159	14	75583268	PASS
POAG-CAD	rs8003506	14	75586288	PASS
POAG-CAD	rs11623413	14	75588824	PASS
POAG-CAD	rs12890371	14	75593839	PASS
POAG-CAD	rs13099	14	75599155	PASS
POAG-CAD	rs4322591	14	75600697	PASS
POAG-CAD	rs12435391	14	75601737	PASS
POAG-CAD	rs876402	14	75601862	PASS
POAG-CAD	rs1047418	14	75605792	PASS
POAG-CAD	rs2098297	14	75619118	PASS
POAG-CAD	rs4903289	14	75623988	PASS
POAG-CAD	rs910316	14	75626042	PASS
POAG-CAD	rs10149880	14	75633008	PASS
POAG-CAD	rs2300601	14	75639571	PASS
POAG-CAD	rs4899550	14	75647666	PASS
POAG-CAD	rs4903292	14	75656245	PASS
POAG-CAD	rs4384542	14	75658013	PASS
POAG-CAD	rs8006587	14	75664939	PASS
POAG-CAD	rs12902447	15	86027453	PASS
POAG-CAD	rs4932206	15	89568929	PASS
POAG-CAD	rs12593383	15	89579463	PASS
POAG-CAD	rs8062565	16	75265719	PASS
POAG-CAD	rs1862737	16	75281964	PASS
POAG-CAD	rs4493083	16	75294589	PASS
POAG-CAD	rs999675	16	75306402	PASS
POAG-CAD	rs6564245	16	75308899	PASS
POAG-CAD	rs10781976	16	75314838	PASS
POAG-CAD	rs1559339	16	75318646	PASS
POAG-CAD	rs4243111	16	75320827	PASS
POAG-CAD	rs11640018	16	75328308	PASS
POAG-CAD	rs4888378	16	75332041	PASS
POAG-CAD	rs3743607	16	75338855	PASS
POAG-CAD	rs4888380	16	75347690	PASS
POAG-CAD	rs8046109	16	75360096	PASS
POAG-CAD	rs3851734	16	75371920	PASS
POAG-CAD	rs4638613	16	75425553	PASS
POAG-CAD	rs166013	16	75434146	PASS
POAG-CAD	rs12917651	16	75466696	PASS
POAG-CAD	rs4888422	16	75470576	PASS
POAG-CAD	rs12933281	16	75483064	PASS
POAG-CAD	rs6564261	16	75492242	PASS
POAG-CAD	rs8057084	16	75492706	PASS
POAG-CAD	rs1424013	16	75495986	PASS
POAG-CAD	rs977987	16	75506593	PASS
POAG-CAD	rs3745348	19	17212410	PASS
POAG-CAD	rs7246865	19	17219105	PASS
POAG-CAD	rs6512171	19	17245932	PASS
POAG-CAD	rs10424129	19	17261240	PASS
POAG-CAD	rs9894634	17	1967501	PASS
POAG-CAD	rs6503222	17	1977862	PASS
POAG-CAD	rs9901671	17	1978484	PASS
POAG-CAD	rs4790312	17	1981480	PASS
POAG-CAD	rs2236374	17	1989637	PASS
POAG-CAD	rs7225843	17	2001825	PASS
POAG-CAD	rs4061660	17	2004377	PASS
POAG-CAD	rs10459917	17	2009752	PASS
POAG-CAD	rs8082647	17	2010597	PASS
POAG-CAD	rs2760743	17	2017079	PASS
POAG-CAD	rs2760740	17	2020989	PASS
POAG-CAD	rs2760734	17	2027644	PASS
POAG-CAD	rs2984942	17	2030155	PASS
POAG-CAD	rs923862	17	2031382	PASS
POAG-CAD	rs923863	17	2031387	PASS
POAG-CAD	rs923864	17	2031507	PASS
POAG-CAD	rs2984941	17	2031543	PASS
POAG-CAD	rs2760736	17	2036653	PASS
POAG-CAD	rs7212589	17	2042393	PASS
POAG-CAD	rs7209460	17	2048713	PASS
POAG-CAD	rs903159	17	2055109	PASS
POAG-CAD	rs1565763	17	2055300	PASS
POAG-CAD	rs4790315	17	2070529	PASS
POAG-CAD	rs9894613	17	2071058	PASS
POAG-CAD	rs9898819	17	2076352	PASS
POAG-CAD	rs898749	17	2085185	PASS
POAG-CAD	rs7214741	17	2085598	PASS
POAG-CAD	rs7219557	17	2086200	PASS
POAG-CAD	rs2307143	17	2089754	PASS
POAG-CAD	rs11078855	17	2091308	PASS
POAG-CAD	rs903160	17	2091765	PASS
POAG-CAD	rs903162	17	2092200	PASS
POAG-CAD	rs2126202	17	2095712	PASS
POAG-CAD	rs1563966	17	2095954	PASS
POAG-CAD	rs7213756	17	2098339	PASS
POAG-CAD	rs11651451	17	2098417	PASS
POAG-CAD	rs6503324	17	2100512	PASS
POAG-CAD	rs2281727	17	2117945	PASS
POAG-CAD	rs11655813	17	2119101	PASS
POAG-CAD	rs8077194	17	2119475	PASS
POAG-CAD	rs143499	17	2132324	PASS
POAG-CAD	rs7217226	17	2136065	PASS
POAG-CAD	rs216215	17	2140668	PASS
POAG-CAD	rs9892016	17	2146422	PASS
POAG-CAD	rs216219	17	2147291	PASS
POAG-CAD	rs216223	17	2155948	PASS
POAG-CAD	rs216174	17	2164898	PASS
POAG-CAD	rs7213232	17	2165340	PASS
POAG-CAD	rs170040	17	2165714	PASS
POAG-CAD	rs7209564	17	2168233	PASS
POAG-CAD	rs216182	17	2173063	PASS
POAG-CAD	rs9910849	17	2175768	PASS
POAG-CAD	rs9905529	17	2177732	PASS
POAG-CAD	rs8065650	17	2180823	PASS
POAG-CAD	rs749240	17	2186100	PASS
POAG-CAD	rs216189	17	2187401	PASS
POAG-CAD	rs216206	17	2196088	PASS
POAG-CAD	rs216205	17	2196150	PASS
POAG-CAD	rs216202	17	2197387	PASS
POAG-CAD	rs177567	17	2197637	PASS
POAG-CAD	rs216201	17	2198800	PASS
POAG-CAD	rs216200	17	2199846	PASS
POAG-CAD	rs170043	17	2200434	PASS
POAG-CAD	rs216196	17	2202943	PASS
POAG-CAD	rs216195	17	2203167	PASS
POAG-CAD	rs216193	17	2203453	PASS
POAG-CAD	rs2224770	17	2205923	PASS
POAG-CAD	rs4523957	17	2208899	PASS
POAG-CAD	rs391300	17	2216258	PASS
POAG-CAD	rs12958355	18	20009603	PASS
POAG-CAD	rs8109627	19	41822986	PASS
POAG-CAD	rs8105161	19	41839631	PASS
POAG-CAD	rs11652587	17	10021642	PASS
POAG-CAD	rs3764427	17	10025448	PASS
POAG-CAD	rs2157697	17	10027566	PASS
POAG-CAD	rs9889528	17	10035337	PASS
POAG-CAD	rs8103315	19	45254168	PASS
POAG-CAD	rs4803760	19	45333834	PASS
POAG-CAD	rs157582	19	45396219	PASS
POAG-CAD	rs17356664	19	45740771	PASS
POAG-CAD	rs11672894	19	45801951	PASS
POAG-CAD	rs4803852	19	46238926	PASS
POAG-CAD	rs10775546	19	46267534	PASS
POAG-CAD	rs9911167	17	27935546	PASS
POAG-CAD	rs7220401	17	27935688	PASS
POAG-CAD	rs13723	17	27941886	PASS
POAG-CAD	rs11657079	17	27944089	PASS
POAG-CAD	rs3760456	17	27948844	PASS
POAG-CAD	rs3809790	17	27955540	PASS
POAG-CAD	rs3809789	17	27955761	PASS
POAG-CAD	rs2289629	17	27959903	PASS
POAG-CAD	rs4794859	17	27962393	PASS
POAG-CAD	rs3098948	17	27970522	PASS
POAG-CAD	rs3110494	17	27976597	PASS
POAG-CAD	rs3110495	17	27978455	PASS
POAG-CAD	rs3097118	17	27978466	PASS
POAG-CAD	rs3098949	17	27978694	PASS
POAG-CAD	rs7501472	17	28010628	PASS
POAG-CAD	rs3115099	17	28019293	PASS
POAG-CAD	rs3115086	17	28025949	PASS
POAG-CAD	rs3102559	17	28029723	PASS
POAG-CAD	rs3102560	17	28029938	PASS
POAG-CAD	rs3115088	17	28031275	PASS
POAG-CAD	rs3115090	17	28035014	PASS
POAG-CAD	rs3115092	17	28036350	PASS
POAG-CAD	rs2874505	17	28037923	PASS
POAG-CAD	rs3102562	17	28040403	PASS
POAG-CAD	rs3115101	17	28041627	PASS
POAG-CAD	rs3102555	17	28044101	PASS
POAG-CAD	rs2617867	17	28049399	PASS
POAG-CAD	rs2617865	17	28049804	PASS
POAG-CAD	rs2628191	17	28051140	PASS
POAG-CAD	rs880749	17	28059970	PASS
POAG-CAD	rs2628167	17	28064498	PASS
POAG-CAD	rs1531553	17	28066752	PASS
POAG-CAD	rs2617868	17	28073247	PASS
POAG-CAD	rs1038088	17	28074563	PASS
POAG-CAD	rs2617866	17	28076217	PASS
POAG-CAD	rs2628189	17	28088813	PASS
POAG-CAD	rs2729449	17	28089751	PASS
POAG-CAD	rs2617875	17	28090024	PASS
POAG-CAD	rs2729448	17	28091953	PASS
POAG-CAD	rs2127001	17	28098219	PASS
POAG-CAD	rs2628180	17	28101723	PASS
POAG-CAD	rs2729446	17	28102499	PASS
POAG-CAD	rs1382391	17	28111986	PASS
POAG-CAD	rs2628166	17	28113123	PASS
POAG-CAD	rs2617883	17	28120488	PASS
POAG-CAD	rs2628165	17	28121166	PASS
POAG-CAD	rs2729435	17	28121532	PASS
POAG-CAD	rs2729451	17	28131334	PASS
POAG-CAD	rs2467334	17	28135508	PASS
POAG-CAD	rs4474741	17	28148117	PASS
POAG-CAD	rs3794730	17	28150359	PASS
POAG-CAD	rs6505143	17	28150585	PASS
POAG-CAD	rs9909128	17	28161482	PASS
POAG-CAD	rs2169810	17	28167941	PASS
POAG-CAD	rs17226179	17	28168573	PASS
POAG-CAD	rs10445384	17	28182685	PASS
POAG-CAD	rs10445400	17	28183059	PASS
POAG-CAD	rs4794861	17	28183174	PASS
POAG-CAD	rs8071576	17	28188554	PASS
POAG-CAD	rs7210991	17	28190961	PASS
POAG-CAD	rs12051834	17	28192785	PASS
POAG-CAD	rs4294865	17	28205736	PASS
POAG-CAD	rs4595850	17	28206326	PASS
POAG-CAD	rs7226121	17	28208125	PASS
POAG-CAD	rs7219163	17	28210703	PASS
POAG-CAD	rs12452288	17	28235220	PASS
POAG-CAD	rs9904051	17	28244122	PASS
POAG-CAD	rs12601963	17	28246358	PASS
POAG-CAD	rs3936006	17	28257660	PASS
POAG-CAD	rs4567782	17	28268800	PASS
POAG-CAD	rs9894893	17	28270350	PASS
POAG-CAD	rs7222308	17	28277041	PASS
POAG-CAD	rs12600855	17	28279591	PASS
POAG-CAD	rs9897794	17	28296327	PASS
POAG-CAD	rs12150261	17	28320473	PASS
POAG-CAD	rs7225462	17	28321226	PASS
POAG-CAD	rs11868086	17	28327582	PASS
POAG-CAD	rs9900911	17	28330280	PASS
POAG-CAD	rs7223786	17	28332107	PASS
POAG-CAD	rs7212497	17	28335949	PASS
POAG-CAD	rs7217638	17	28336772	PASS
POAG-CAD	rs4328498	17	28344276	PASS
POAG-CAD	rs9902453	17	28349095	PASS
POAG-CAD	rs4528633	17	28356136	PASS
POAG-CAD	rs7225686	17	28356744	PASS
POAG-CAD	rs9896062	17	28357047	PASS
POAG-CAD	rs9912741	17	28359511	PASS
POAG-CAD	rs8071742	17	28361669	PASS
POAG-CAD	rs9900974	17	28364456	PASS
POAG-CAD	rs4547389	17	28364768	PASS
POAG-CAD	rs7220004	17	28369548	PASS
POAG-CAD	rs7219456	17	28374112	PASS
POAG-CAD	rs11653805	17	28378276	PASS
POAG-CAD	rs9890205	17	28382704	PASS
POAG-CAD	rs4075623	17	28386526	PASS
POAG-CAD	rs4239227	17	28389103	PASS
POAG-CAD	rs7213462	17	28389576	PASS
POAG-CAD	rs9890886	17	28391076	PASS
POAG-CAD	rs9906340	17	28398977	PASS
POAG-CAD	rs7207021	17	28400516	PASS
POAG-CAD	rs7213517	17	28401740	PASS
POAG-CAD	rs7218379	17	28402737	PASS
POAG-CAD	rs7217961	17	28403112	PASS
POAG-CAD	rs6505158	17	28403348	PASS
POAG-CAD	rs11080114	17	28407287	PASS
POAG-CAD	rs7221743	17	28407876	PASS
POAG-CAD	rs11080115	17	28408070	PASS
POAG-CAD	rs12103671	17	28408217	PASS
POAG-CAD	rs12941382	17	28410124	PASS
POAG-CAD	rs12948898	17	28410324	PASS
POAG-CAD	rs8065059	17	28417376	PASS
POAG-CAD	rs8065261	17	28418041	PASS
POAG-CAD	rs7213076	17	28419428	PASS
POAG-CAD	rs4350617	17	28423088	PASS
POAG-CAD	rs4581755	17	28427898	PASS
POAG-CAD	rs8082175	17	28430303	PASS
POAG-CAD	rs4795529	17	28443549	PASS
POAG-CAD	rs6505162	17	28444183	PASS
POAG-CAD	rs8080343	17	28456758	PASS
POAG-CAD	rs4429345	17	28458105	PASS
POAG-CAD	rs8074028	17	28461687	PASS
POAG-CAD	rs9896012	17	28470091	PASS
POAG-CAD	rs11080118	17	28475379	PASS
POAG-CAD	rs9902340	17	28476458	PASS
POAG-CAD	rs4343336	17	28488236	PASS
POAG-CAD	rs4356528	17	28489670	PASS
POAG-CAD	rs4533341	17	28495672	PASS
POAG-CAD	rs7221154	17	28505024	PASS
POAG-CAD	rs2054846	17	28507693	PASS
POAG-CAD	rs17825877	17	28515188	PASS
POAG-CAD	rs1906451	17	28515479	PASS
POAG-CAD	rs8066731	17	28523121	PASS
POAG-CAD	rs7224199	17	28523726	PASS
POAG-CAD	rs3813034	17	28524804	PASS
POAG-CAD	rs1042173	17	28525011	PASS
POAG-CAD	rs9303628	17	28527228	PASS
POAG-CAD	rs3794808	17	28531793	PASS
POAG-CAD	rs140701	17	28538532	PASS
POAG-CAD	rs4583306	17	28538715	PASS
POAG-CAD	rs2020939	17	28550732	PASS
POAG-CAD	rs2066713	17	28551665	PASS
POAG-CAD	rs7233748	18	47184684	PASS
POAG-CAD	rs1943979	18	47187977	PASS
POAG-CAD	rs6507940	18	47189138	PASS
POAG-CAD	rs10502900	18	47195880	PASS
POAG-CAD	rs9955622	18	47203955	PASS
POAG-CAD	rs11660468	18	47209143	PASS
POAG-CAD	rs17656948	18	47209971	PASS
POAG-CAD	rs8083571	18	47218121	PASS
POAG-CAD	rs8084139	18	47218415	PASS
POAG-CAD	rs7276739	21	35588864	PASS
POAG-CAD	rs2211695	21	35663453	PASS
POAG-CAD	rs963987	17	40561679	PASS
POAG-CAD	rs7224135	17	40574281	PASS
POAG-CAD	rs1905339	17	40582296	PASS
POAG-CAD	rs11079045	17	40587669	PASS
POAG-CAD	rs646123	17	40720632	PASS
POAG-CAD	rs665268	17	40722029	PASS
POAG-CAD	rs10454087	17	40735641	PASS
POAG-CAD	rs2292749	17	40818584	PASS
POAG-CAD	rs1893202	21	40060766	PASS
POAG-CAD	rs2070527	21	40067495	PASS
POAG-CAD	rs2165846	17	44941366	PASS
POAG-CAD	rs4968281	17	44950122	PASS
POAG-CAD	rs11874	17	45017193	PASS
POAG-CAD	rs4334340	17	47244412	PASS
POAG-CAD	rs12948798	17	47275360	PASS
POAG-CAD	rs4794029	17	47280301	PASS
POAG-CAD	rs7222840	17	47280915	PASS
POAG-CAD	rs2233362	17	47287067	PASS
POAG-CAD	rs2233368	17	47293848	PASS
POAG-CAD	rs671095	17	47315357	PASS
POAG-CAD	rs11079866	17	47324485	PASS
POAG-CAD	rs686112	17	47325717	PASS
POAG-CAD	rs850521	17	47332807	PASS
POAG-CAD	rs4794031	17	47342153	PASS
POAG-CAD	rs8075803	17	47346529	PASS
POAG-CAD	rs2107634	17	47356100	PASS
POAG-CAD	rs11079868	17	47357969	PASS
POAG-CAD	rs3179840	17	47367536	PASS
POAG-CAD	rs2906093	17	47397579	PASS
POAG-CAD	rs12940887	17	47402807	PASS
POAG-CAD	rs747039	17	47406913	PASS
POAG-CAD	rs7225787	17	47428573	PASS
POAG-CAD	rs16948048	17	47440466	PASS
POAG-CAD	rs7209400	17	47450057	PASS
POAG-CAD	rs17637472	17	47461433	PASS
POAG-CAD	rs4987082	17	47481374	PASS
POAG-CAD	rs2898883	17	47482953	PASS
POAG-CAD	rs2233669	17	47484003	PASS
POAG-CAD	rs7502499	17	47490102	PASS
POAG-CAD	rs2233659	17	47492587	PASS
POAG-CAD	rs7222591	17	47507019	PASS
POAG-CAD	rs8079832	17	47513548	PASS
POAG-CAD	rs2165703	17	47513874	PASS
POAG-CAD	rs2058254	17	49143468	PASS
POAG-CAD	rs2526378	17	56404349	PASS
POAG-CAD	rs11655927	17	58828402	PASS
POAG-CAD	rs8076615	17	58828449	PASS
POAG-CAD	rs7503760	17	58832644	PASS
POAG-CAD	rs12601554	17	58832977	PASS
POAG-CAD	rs7501556	17	58833214	PASS
POAG-CAD	rs8078216	17	58837937	PASS
POAG-CAD	rs8068324	17	58846114	PASS
POAG-CAD	rs7211703	17	58846364	PASS
POAG-CAD	rs8078607	17	58853216	PASS
POAG-CAD	rs9908999	17	58861199	PASS
POAG-CAD	rs8070938	17	58869753	PASS
POAG-CAD	rs7210374	17	58872391	PASS
POAG-CAD	rs9894387	17	58889677	PASS
POAG-CAD	rs9899338	17	58907917	PASS
POAG-CAD	rs7208501	17	58912708	PASS
POAG-CAD	rs9911155	17	58916059	PASS
POAG-CAD	rs9904438	17	58917031	PASS
POAG-CAD	rs4456565	17	58921974	PASS
POAG-CAD	rs6504003	17	58939995	PASS
POAG-CAD	rs7210917	17	58946691	PASS
POAG-CAD	rs16944672	17	58957420	PASS
POAG-CAD	rs2165854	17	58974447	PASS
POAG-CAD	rs8064787	17	58977757	PASS
POAG-CAD	rs8071654	17	58982924	PASS
POAG-CAD	rs6504005	17	58986037	PASS
POAG-CAD	rs9900518	17	58990779	PASS
POAG-CAD	rs7213603	17	59003189	PASS
POAG-CAD	rs9894263	17	59005591	PASS
POAG-CAD	rs6504010	17	59018306	PASS
POAG-CAD	rs9914370	17	59022395	PASS
POAG-CAD	rs9912699	17	59034931	PASS
POAG-CAD	rs9303437	17	59135815	PASS
POAG-CAD	rs8064681	17	59155210	PASS
POAG-CAD	rs2052074	17	59161646	PASS
POAG-CAD	rs9899415	17	59164245	PASS
POAG-CAD	rs4968427	17	59220844	PASS
POAG-CAD	rs11868441	17	59239221	PASS
POAG-CAD	rs6504021	17	59240473	PASS
POAG-CAD	rs4968531	17	59242442	PASS
POAG-CAD	rs4968535	17	59245274	PASS
POAG-CAD	rs4968428	17	59248829	PASS
POAG-CAD	rs917571	17	59255231	PASS
POAG-CAD	rs12940510	17	59260643	PASS
POAG-CAD	rs11652263	17	59265017	PASS
POAG-CAD	rs12952507	17	59265044	PASS
POAG-CAD	rs12940987	17	59269257	PASS
POAG-CAD	rs11867840	17	59273265	PASS
POAG-CAD	rs1860374	17	59277614	PASS
POAG-CAD	rs16945010	17	59279028	PASS
POAG-CAD	rs11651885	17	59286263	PASS
POAG-CAD	rs7288631	22	19836148	PASS
POAG-CAD	rs17534001	22	19842310	PASS
POAG-CAD	rs7285948	22	19861127	PASS
POAG-CAD	rs1044732	22	19863142	PASS
POAG-CAD	rs16984299	22	19863593	PASS
POAG-CAD	rs7288061	22	19864239	PASS
POAG-CAD	rs8141610	22	19870147	PASS
POAG-CAD	rs12158214	22	19871691	PASS
POAG-CAD	rs2073750	22	19873357	PASS
POAG-CAD	rs756653	22	19976845	PASS
POAG-CAD	rs4819527	22	19978022	PASS
POAG-CAD	rs1034564	22	19984013	PASS
POAG-CAD	rs1034565	22	19984211	PASS
POAG-CAD	rs7285377	22	19987202	PASS
POAG-CAD	rs4819852	22	19988167	PASS
POAG-CAD	rs8142788	22	29400515	PASS
POAG-CAD	rs9608859	22	30667277	PASS
POAG-CAD	rs6006426	22	30669883	PASS
POAG-CAD	rs5994617	22	33142908	PASS
POAG-CAD	rs4992163	22	33170856	PASS
POAG-CAD	rs5754265	22	33171838	PASS
POAG-CAD	rs978808	22	33171931	PASS
POAG-CAD	rs4821103	22	33172612	PASS
POAG-CAD	rs137500	22	33276686	PASS
POAG-CAD	rs137507	22	33282971	PASS
POAG-CAD	rs715555	22	33288875	PASS
POAG-CAD	rs137515	22	33289751	PASS
POAG-CAD	rs137525	22	33296139	PASS
POAG-CAD	rs137528	22	33298130	PASS
POAG-CAD	rs137548	22	33313367	PASS
POAG-CKD	rs6719306	2	106192040	PASS
POAG-CKD	rs7528764	1	243380482	PASS
POAG-CKD	rs7518350	1	243380513	PASS
POAG-CKD	rs10926971	1	243381354	PASS
POAG-CKD	rs2171972	1	243383661	PASS
POAG-CKD	rs12079702	1	243385960	PASS
POAG-CKD	rs12080886	1	243386036	PASS
POAG-CKD	rs10926975	1	243397782	PASS
POAG-CKD	rs4658552	1	243412936	PASS
POAG-CKD	rs3904683	1	243416525	PASS
POAG-CKD	rs12741781	1	243428152	PASS
POAG-CKD	rs10926978	1	243431654	PASS
POAG-CKD	rs2275154	1	243433654	PASS
POAG-CKD	rs12091558	1	243453910	PASS
POAG-CKD	rs3943093	1	243458502	PASS
POAG-CKD	rs6429422	1	243472801	PASS
POAG-CKD	rs10926994	1	243500994	PASS
POAG-CKD	rs10927002	1	243531649	PASS
POAG-CKD	rs12129652	1	243575469	PASS
POAG-CKD	rs890069	2	12867504	PASS
POAG-CKD	rs7569039	2	12867992	PASS
POAG-CKD	rs10189072	2	12871663	PASS
POAG-CKD	rs2042567	2	12878642	PASS
POAG-CKD	rs2042566	2	12878668	PASS
POAG-CKD	rs1469215	2	12886320	PASS
POAG-CKD	rs2113818	2	12890860	PASS
POAG-CKD	rs730126	2	12891476	PASS
POAG-CKD	rs2059428	2	12892929	PASS
POAG-CKD	rs12616457	2	12896713	PASS
POAG-CKD	rs7562714	2	12898382	PASS
POAG-CKD	rs4669869	2	12898460	PASS
POAG-CKD	rs7581972	2	12916919	PASS
POAG-CKD	rs11674847	2	12922923	PASS
POAG-CKD	rs6432335	2	12928971	PASS
POAG-CKD	rs10198180	2	12936190	PASS
POAG-CKD	rs2194724	2	12942042	PASS
POAG-CKD	rs1469217	2	12950124	PASS
POAG-CKD	rs4668787	2	12950612	PASS
POAG-CKD	rs11685678	2	12953264	PASS
POAG-CKD	rs10191751	2	12962315	PASS
POAG-CKD	rs17465721	2	12962818	PASS
POAG-CKD	rs10186351	2	12964428	PASS
POAG-CKD	rs10164960	2	12965159	PASS
POAG-CKD	rs4669884	2	12968885	PASS
POAG-CKD	rs7558818	2	12969972	PASS
POAG-CKD	rs7559029	2	12970155	PASS
POAG-CKD	rs10184321	2	12970372	PASS
POAG-CKD	rs4669886	2	12974244	PASS
POAG-CKD	rs6732344	2	12984438	PASS
POAG-CKD	rs12468536	2	12984962	PASS
POAG-CKD	rs890070	2	12985129	PASS
POAG-CKD	rs2055975	1	150618632	PASS
POAG-CKD	rs10019829	4	77188058	PASS
POAG-CKD	rs10025494	4	77189380	PASS
POAG-CKD	rs6822055	4	77196188	PASS
POAG-CKD	rs17236661	4	77196476	PASS
POAG-CKD	rs1946959	4	77196677	PASS
POAG-CKD	rs6812193	4	77198986	PASS
POAG-PD	rs13415164	2	28305663	PASS
POAG-PD	rs3863	2	28319134	PASS
POAG-PD	rs11679638	2	28319739	PASS
POAG-PD	rs7581912	2	28357270	PASS
POAG-PD	rs11689563	2	28357708	PASS
POAG-PD	rs10189434	2	28358751	PASS
POAG-PD	rs13431389	2	28360228	PASS
POAG-PD	rs7559376	2	28368275	PASS
POAG-PD	rs6741499	2	28369436	PASS
POAG-PD	rs206235	1	165516740	PASS
POAG-PD	rs407380	1	165531053	PASS
POAG-PD	rs10918226	1	165617972	PASS
POAG-PD	rs4657468	1	165668293	PASS
POAG-PD	rs10800149	1	165685067	PASS
POAG-PD	rs2814466	1	165785503	PASS
POAG-PD	rs2153264	1	165787477	PASS
POAG-PD	rs17034501	1	10193026	PASS
POAG-PD	rs1775151	1	205745684	PASS
POAG-PD	rs7664	1	47682017	PASS
POAG-PD	rs977747	1	47684677	PASS
POAG-PD	rs11211480	1	47693220	PASS
POAG-PD	rs11211481	1	47694167	PASS
POAG-PD	rs6700838	1	47700027	PASS
POAG-PD	rs2635727	6	50820940	PASS
POAG-PD	rs2796909	6	51183658	PASS
POAG-PD	rs1536504	6	51206168	PASS
POAG-PD	rs1327282	6	51248757	PASS
POAG-PD	rs2397046	6	51271813	PASS
POAG-PD	rs2767729	6	51279603	PASS
POAG-PD	rs6919930	6	51309473	PASS
POAG-PD	rs9474014	6	51314245	PASS
POAG-PD	rs10807424	6	51365011	PASS
POAG-PD	rs10498788	6	51382397	PASS
POAG-PD	rs2784233	6	51513501	PASS
POAG-PD	rs6596166	5	133390694	PASS
POAG-PD	rs11242206	5	133417248	PASS
POAG-PD	rs2515596	8	6355213	PASS
POAG-PD	rs2442476	8	6356157	PASS
POAG-PD	rs17063434	8	6371303	PASS
POAG-PD	rs2515429	8	6373996	PASS
POAG-PD	rs2515433	8	6374798	PASS
POAG-PD	rs2515434	8	6374893	PASS
POAG-PD	rs2442624	8	6375904	PASS
POAG-PD	rs2442623	8	6376338	PASS
POAG-PD	rs2442621	8	6377850	PASS
POAG-PD	rs1960369	8	6379236	PASS
POAG-PD	rs3020223	8	6380878	PASS
POAG-PD	rs2515458	8	6382685	PASS
POAG-PD	rs2442612	8	6383396	PASS
POAG-PD	rs1715896	15	56828094	PASS
POAG-PD	rs2681976	15	56837997	PASS
POAG-PD	rs6494412	15	63856544	PASS
POAG-PD	rs4556742	15	63864433	PASS
POAG-PD	rs8023506	15	63884462	PASS
POAG-PD	rs7978455	12	43592379	PASS
POAG-PD	rs1399376	12	43691383	PASS
POAG-PD	rs2350890	14	60785724	PASS
POAG-PD	rs7146988	14	60811204	PASS
POAG-PD	rs3783819	14	61316264	PASS
POAG-PD	rs7152640	14	61493778	PASS
POAG-PD	rs12893450	14	61536933	PASS
POAG-STROKE	rs2723298	4	111608485	PASS
POAG-STROKE	rs1448798	4	111623185	PASS
POAG-STROKE	rs2723313	4	111627489	PASS
POAG-STROKE	rs2723316	4	111634287	PASS
POAG-STROKE	rs2723318	4	111636972	PASS
POAG-STROKE	rs1448817	4	111641053	PASS
POAG-STROKE	rs10032150	4	111646618	PASS
POAG-STROKE	rs12647316	4	111649251	PASS
POAG-STROKE	rs4626276	4	111649989	PASS
POAG-STROKE	rs17042088	4	111654814	PASS
POAG-STROKE	rs11930528	4	111660194	PASS
POAG-STROKE	rs2634073	4	111665783	PASS
POAG-STROKE	rs2634071	4	111669220	PASS
POAG-STROKE	rs17042121	4	111677101	PASS
POAG-STROKE	rs10516563	4	111677722	PASS
POAG-STROKE	rs4605724	4	111685081	PASS
POAG-STROKE	rs17042144	4	111689666	PASS
POAG-STROKE	rs17042171	4	111708287	PASS
POAG-STROKE	rs2200733	4	111710169	PASS
POAG-STROKE	rs2220427	4	111714889	PASS
POAG-STROKE	rs12644625	4	111716513	PASS
POAG-STROKE	rs6843082	4	111718067	PASS
POAG-STROKE	rs2285777	4	7726847	PASS
POAG-STROKE	rs12498937	4	7744367	PASS
POAG-STROKE	rs6821044	4	7802686	PASS
POAG-STROKE	rs34696	5	66292389	PASS
POAG-STROKE	rs34697	5	66298637	PASS
POAG-STROKE	rs13133181	4	143610293	PASS
POAG-STROKE	rs10471103	4	144033656	PASS
POAG-STROKE	rs4690768	4	144039278	PASS
POAG-STROKE	rs13116507	4	144039438	PASS
POAG-STROKE	rs4333135	4	144039589	PASS
POAG-STROKE	rs12640330	4	144043024	PASS
POAG-STROKE	rs4270544	4	144044338	PASS
POAG-STROKE	rs4277733	4	144048046	PASS
POAG-STROKE	rs7682068	4	144050379	PASS
POAG-STROKE	rs11100771	4	144053881	PASS
POAG-STROKE	rs7684847	4	144054567	PASS
POAG-STROKE	rs7666785	4	144060464	PASS
POAG-STROKE	rs4337690	4	144069561	PASS
POAG-STROKE	rs11100775	4	144073912	PASS
POAG-STROKE	rs7670439	4	144080267	PASS
POAG-STROKE	rs4132266	4	144086245	PASS
POAG-STROKE	rs11100780	4	144104906	PASS
POAG-STROKE	rs9998017	4	144105382	PASS
POAG-STROKE	rs13137565	4	144105698	PASS
POAG-STROKE	rs10155434	4	144117652	PASS
POAG-STROKE	rs4234886	4	144124492	PASS
POAG-STROKE	rs4285045	4	144135718	PASS
POAG-STROKE	rs10000911	4	144136193	PASS
POAG-STROKE	rs11725565	4	144137359	PASS
POAG-STROKE	rs11724872	4	144140665	PASS
POAG-STROKE	rs1440418	4	144162943	PASS
POAG-STROKE	rs300934	4	144171748	PASS
POAG-STROKE	rs10033104	4	144173483	PASS
POAG-STROKE	rs1470130	4	144178902	PASS
POAG-STROKE	rs10519678	4	144182073	PASS
POAG-STROKE	rs300925	4	144184193	PASS
POAG-STROKE	rs9308169	4	144184743	PASS
POAG-STROKE	rs542555	4	144185956	PASS
POAG-STROKE	rs6844866	4	144186457	PASS
POAG-STROKE	rs763918	4	144193117	PASS
POAG-STROKE	rs724517	4	144196536	PASS
POAG-STROKE	rs300951	4	144201383	PASS
POAG-STROKE	rs300943	4	144206153	PASS
POAG-STROKE	rs12643013	4	144206948	PASS
POAG-STROKE	rs13118846	4	144210162	PASS
POAG-STROKE	rs592349	4	144220383	PASS
POAG-STROKE	rs6537153	4	144230902	PASS
POAG-STROKE	rs300904	4	144239825	PASS
POAG-STROKE	rs300905	4	144240473	PASS
POAG-STROKE	rs300895	4	144255838	PASS
POAG-STROKE	rs300893	4	144257116	PASS
POAG-STROKE	rs300919	4	144264722	PASS
POAG-STROKE	rs300915	4	144274156	PASS
POAG-STROKE	rs300913	4	144276643	PASS
POAG-STROKE	rs300912	4	144276717	PASS
POAG-STROKE	rs3805256	4	144282390	PASS
POAG-STROKE	rs2055730	4	144288653	PASS
POAG-STROKE	rs1472873	4	144289305	PASS
POAG-STROKE	rs3805253	4	144289502	PASS
POAG-STROKE	rs6537155	4	144293053	PASS
POAG-STROKE	rs3805251	4	144295952	PASS
POAG-STROKE	rs3805247	4	144303897	PASS
POAG-STROKE	rs3828513	4	144310659	PASS
POAG-STROKE	rs13123498	4	144316247	PASS
POAG-STROKE	rs333322	3	124331571	PASS
POAG-STROKE	rs333321	3	124331600	PASS
POAG-STROKE	rs4634201	4	155435421	PASS
POAG-STROKE	rs4235247	4	155438339	PASS
POAG-STROKE	rs10008078	4	155448553	PASS
POAG-STROKE	rs4622984	4	155452233	PASS
POAG-STROKE	rs12642770	4	155460459	PASS
POAG-STROKE	rs1025154	4	155481363	PASS
POAG-STROKE	rs1800788	4	155483914	PASS
POAG-STROKE	rs6825454	4	155501188	PASS
POAG-STROKE	rs6050	4	155507590	PASS
POAG-STROKE	rs7659024	4	155520930	PASS
POAG-STROKE	rs2066865	4	155525276	PASS
POAG-STROKE	rs2066861	4	155527436	PASS
POAG-STROKE	rs17083818	5	93947146	PASS
POAG-STROKE	rs2309533	4	182630893	PASS
POAG-STROKE	rs992788	5	121532424	PASS
POAG-STROKE	rs4378452	12	111504033	PASS
POAG-STROKE	rs11065822	12	111600134	PASS
POAG-STROKE	rs1265566	12	111716376	PASS
POAG-STROKE	rs3809272	12	111800258	PASS
POAG-STROKE	rs3184504	12	111884608	PASS
POAG-STROKE	rs653178	12	112007756	PASS
POAG-STROKE	rs11065987	12	112072424	PASS
POAG-STROKE	rs2238151	12	112211833	PASS
POAG-STROKE	rs10744777	12	112233018	PASS
POAG-STROKE	rs4767293	12	112463296	PASS
POAG-STROKE	rs17696736	12	112486818	PASS
POAG-STROKE	rs17630235	12	112591686	PASS
POAG-STROKE	rs11066188	12	112610714	PASS
POAG-STROKE	rs11066301	12	112871372	PASS
POAG-STROKE	rs11066320	12	112906415	PASS
POAG-STROKE	rs2891403	12	113137572	PASS
POAG-STROKE	rs10744782	12	113166569	PASS
POAG-STROKE	rs1727309	12	123658258	PASS
POAG-STROKE	rs1790123	12	123659542	PASS
POAG-STROKE	rs1790095	12	123681222	PASS
POAG-STROKE	rs2695478	12	123689521	PASS
POAG-STROKE	rs11057192	12	123693420	PASS
POAG-STROKE	rs2682434	12	123694724	PASS
POAG-STROKE	rs1790131	12	123701010	PASS
POAG-STROKE	rs10851610	15	56905983	PASS
POAG-STROKE	rs663599	13	21558454	PASS
POAG-STROKE	rs685167	13	21563715	PASS
POAG-STROKE	rs8026593	15	74120385	PASS
POAG-STROKE	rs4145873	15	74123273	PASS
POAG-STROKE	rs4145874	15	74123564	PASS
POAG-STROKE	rs10483619	14	53455005	PASS
POAG-T2D	rs7560488	2	25568821	PASS
POAG-T2D	rs16842981	2	159373089	PASS
POAG-T2D	rs16843006	2	159388726	PASS
POAG-T2D	rs16843009	2	159388862	PASS
POAG-T2D	rs17421406	2	159390316	PASS
POAG-T2D	rs4667757	2	165386508	PASS
POAG-T2D	rs1106257	2	165395437	PASS
POAG-T2D	rs3942459	2	165417234	PASS
POAG-T2D	rs12328675	2	165540800	PASS
POAG-T2D	rs10490694	2	165548569	PASS
POAG-T2D	rs7607980	2	165551201	PASS
POAG-T2D	rs10489284	1	172367062	PASS
POAG-T2D	rs6716337	2	43856927	PASS
POAG-T2D	rs13412979	2	43859090	PASS
POAG-T2D	rs13012438	2	60584283	PASS
POAG-T2D	rs1872788	2	62817678	PASS
POAG-T2D	rs1014119	2	62825482	PASS
POAG-T2D	rs7572857	2	65296798	PASS
POAG-T2D	rs174847	2	65605194	PASS
POAG-T2D	rs1194849	2	65606653	PASS
POAG-T2D	rs1876518	2	65608909	PASS
POAG-T2D	rs268132	2	65609677	PASS
POAG-T2D	rs2661796	2	65627406	PASS
POAG-T2D	rs7557569	2	65644561	PASS
POAG-T2D	rs7569113	2	65657041	PASS
POAG-T2D	rs1437466	2	65664350	PASS
POAG-T2D	rs2860773	2	65665641	PASS
POAG-T2D	rs11811115	1	205134090	PASS
POAG-T2D	rs3851287	1	205152596	PASS
POAG-T2D	rs12042196	1	205157759	PASS
POAG-T2D	rs1572931	1	205744218	PASS
POAG-T2D	rs1223742	1	214280532	PASS
POAG-T2D	rs11118295	1	219581430	PASS
POAG-T2D	rs11118296	1	219581980	PASS
POAG-T2D	rs1538748	1	219623621	PASS
POAG-T2D	rs12034686	1	219624387	PASS
POAG-T2D	rs12029812	1	219626997	PASS
POAG-T2D	rs12403367	1	219627355	PASS
POAG-T2D	rs12025220	1	219634380	PASS
POAG-T2D	rs12025363	1	219634787	PASS
POAG-T2D	rs2605096	1	219641900	PASS
POAG-T2D	rs2605097	1	219642109	PASS
POAG-T2D	rs2605098	1	219643649	PASS
POAG-T2D	rs2605100	1	219644224	PASS
POAG-T2D	rs2605107	1	219650741	PASS
POAG-T2D	rs2605110	1	219654392	PASS
POAG-T2D	rs2791550	1	219655369	PASS
POAG-T2D	rs2820426	1	219660535	PASS
POAG-T2D	rs2061155	1	219665008	PASS
POAG-T2D	rs1538742	1	219668252	PASS
POAG-T2D	rs765751	1	219669226	PASS
POAG-T2D	rs1417066	1	219673828	PASS
POAG-T2D	rs2791553	1	219676042	PASS
POAG-T2D	rs6672377	1	219678736	PASS
POAG-T2D	rs2785990	1	219687432	PASS
POAG-T2D	rs2494195	1	219688634	PASS
POAG-T2D	rs11118327	1	219692313	PASS
POAG-T2D	rs2820464	1	219693220	PASS
POAG-T2D	rs12034581	1	219694903	PASS
POAG-T2D	rs6704014	1	219700334	PASS
POAG-T2D	rs2785980	1	219700519	PASS
POAG-T2D	rs12121613	1	219700978	PASS
POAG-T2D	rs4500327	1	219705205	PASS
POAG-T2D	rs10746385	1	219706428	PASS
POAG-T2D	rs1572505	1	219708773	PASS
POAG-T2D	rs2820449	1	219714999	PASS
POAG-T2D	rs11118336	1	219721283	PASS
POAG-T2D	rs4846565	1	219722104	PASS
POAG-T2D	rs10735496	1	219723406	PASS
POAG-T2D	rs1932963	1	219723599	PASS
POAG-T2D	rs3001032	1	219727779	PASS
POAG-T2D	rs2820441	1	219734960	PASS
POAG-T2D	rs2785998	1	219734998	PASS
POAG-T2D	rs11118341	1	219735983	PASS
POAG-T2D	rs2820444	1	219741820	PASS
POAG-T2D	rs7526373	1	219748588	PASS
POAG-T2D	rs4846567	1	219750717	PASS
POAG-T2D	rs2820443	1	219753509	PASS
POAG-T2D	rs2494196	1	219762581	PASS
POAG-T2D	rs10195178	2	227199263	PASS
POAG-T2D	rs17718958	4	6275735	PASS
POAG-T2D	rs10022249	4	7794001	PASS
POAG-T2D	rs4619890	4	7853160	PASS
POAG-T2D	rs28622214	4	7879440	PASS
POAG-T2D	rs17770213	4	7896866	PASS
POAG-T2D	rs17770321	4	7901040	PASS
POAG-T2D	rs4478172	4	7902003	PASS
POAG-T2D	rs6829680	4	7912333	PASS
POAG-T2D	rs12509421	4	7929512	PASS
POAG-T2D	rs11733177	4	7931249	PASS
POAG-T2D	rs11930623	4	7931682	PASS
POAG-T2D	rs11732351	4	7955488	PASS
POAG-T2D	rs1248825	3	84993411	PASS
POAG-T2D	rs6549007	3	85044736	PASS
POAG-T2D	rs765461	3	85071640	PASS
POAG-T2D	rs6549009	3	85086403	PASS
POAG-T2D	rs9814835	3	85099943	PASS
POAG-T2D	rs722822	5	52007218	PASS
POAG-T2D	rs13184560	5	52020252	PASS
POAG-T2D	rs351923	5	52042919	PASS
POAG-T2D	rs173417	5	52065181	PASS
POAG-T2D	rs13189973	5	52079002	PASS
POAG-T2D	rs3762991	5	52085403	PASS
POAG-T2D	rs4865747	5	52094912	PASS
POAG-T2D	rs17209947	5	52098919	PASS
POAG-T2D	rs17210759	5	52111796	PASS
POAG-T2D	rs2454586	5	52125378	PASS
POAG-T2D	rs10940505	5	55797753	PASS
POAG-T2D	rs456867	5	55811092	PASS
POAG-T2D	rs455660	5	55816888	PASS
POAG-T2D	rs6867983	5	55854153	PASS
POAG-T2D	rs3843467	5	55856375	PASS
POAG-T2D	rs4301182	5	55857675	PASS
POAG-T2D	rs34696	5	66292389	PASS
POAG-T2D	rs34697	5	66298637	PASS
POAG-T2D	rs253388	5	74975912	PASS
POAG-T2D	rs17649055	5	74984269	PASS
POAG-T2D	rs4704231	5	74986576	PASS
POAG-T2D	rs34905687	5	74997736	PASS
POAG-T2D	rs2307113	5	74998264	PASS
POAG-T2D	rs4704234	5	75001432	PASS
POAG-T2D	rs2047059	5	75008193	PASS
POAG-T2D	rs7708285	5	76425867	PASS
POAG-T2D	rs7732628	5	76435346	PASS
POAG-T2D	rs6885904	5	76439250	PASS
POAG-T2D	rs9825379	3	141137035	PASS
POAG-T2D	rs6802753	3	141145473	PASS
POAG-T2D	rs154355	5	102498881	PASS
POAG-T2D	rs26821	5	102520400	PASS
POAG-T2D	rs26817	5	102540366	PASS
POAG-T2D	rs26816	5	102540522	PASS
POAG-T2D	rs4630883	3	149199160	PASS
POAG-T2D	rs2409745	8	11076635	PASS
POAG-T2D	rs509342	6	136481391	PASS
POAG-T2D	rs487278	6	136501828	PASS
POAG-T2D	rs560713	6	136505036	PASS
POAG-T2D	rs1179594	7	75274068	PASS
POAG-T2D	rs42019	7	83248171	PASS
POAG-T2D	rs536299	7	83267983	PASS
POAG-T2D	rs109467	7	83278893	PASS
POAG-T2D	rs302113	7	83280198	PASS
POAG-T2D	rs1972459	7	83287607	PASS
POAG-T2D	rs6985028	8	30822094	PASS
POAG-T2D	rs2042073	8	30835535	PASS
POAG-T2D	rs2111861	8	30840591	PASS
POAG-T2D	rs2160935	8	30840651	PASS
POAG-T2D	rs2543601	8	30848776	PASS
POAG-T2D	rs1125841	8	30858054	PASS
POAG-T2D	rs10954771	8	30859050	PASS
POAG-T2D	rs2241896	8	41555473	PASS
POAG-T2D	rs575427	9	22011477	PASS
POAG-T2D	rs13298881	9	22012051	PASS
POAG-T2D	rs1759417	9	22033389	PASS
POAG-T2D	rs1547705	9	22082375	PASS
POAG-T2D	rs10965228	9	22082380	PASS
POAG-T2D	rs1333040	9	22083404	PASS
POAG-T2D	rs1333050	9	22125913	PASS
POAG-T2D	rs10811658	9	22128600	PASS
POAG-T2D	rs2891169	9	22131825	PASS
POAG-T2D	rs2065501	9	22140224	PASS
POAG-T2D	rs896854	8	95960511	PASS
POAG-T2D	rs231361	11	2691500	PASS
POAG-T2D	rs231359	11	2694606	PASS
POAG-T2D	rs10766311	11	2738696	PASS
POAG-T2D	rs2464592	8	118183551	PASS
POAG-T2D	rs2353369	11	17007220	PASS
POAG-T2D	rs10832709	11	17008644	PASS
POAG-T2D	rs10832710	11	17012956	PASS
POAG-T2D	rs4757473	11	17013607	PASS
POAG-T2D	rs6486334	11	17015557	PASS
POAG-T2D	rs17560341	11	17107163	PASS
POAG-T2D	rs3950680	11	17138666	PASS
POAG-T2D	rs17561348	11	17161615	PASS
POAG-T2D	rs214933	11	17194584	PASS
POAG-T2D	rs644419	11	17212375	PASS
POAG-T2D	rs12577525	11	17260116	PASS
POAG-T2D	rs214091	11	17296463	PASS
POAG-T2D	rs214105	11	17313521	PASS
POAG-T2D	rs1330	11	17316029	PASS
POAG-T2D	rs11024256	11	17354775	PASS
POAG-T2D	rs2354867	11	17370701	PASS
POAG-T2D	rs10766390	11	17386949	PASS
POAG-T2D	rs10832781	11	17396517	PASS
POAG-T2D	rs4757512	11	17406051	PASS
POAG-T2D	rs2074311	11	17421860	PASS
POAG-T2D	rs4295736	9	81882339	PASS
POAG-T2D	rs17198915	9	81897365	PASS
POAG-T2D	rs17791483	9	81898980	PASS
POAG-T2D	rs13292347	9	81908202	PASS
POAG-T2D	rs12551737	9	81908842	PASS
POAG-T2D	rs11999051	9	81915874	PASS
POAG-T2D	rs10512085	9	81924713	PASS
POAG-T2D	rs11138147	9	81940114	PASS
POAG-T2D	rs17791633	9	81956349	PASS
POAG-T2D	rs10090519	8	129597629	PASS
POAG-T2D	rs920259	10	60396065	PASS
POAG-T2D	rs11604717	11	26180662	PASS
POAG-T2D	rs3217893	12	4403876	PASS
POAG-T2D	rs6538805	12	97849120	PASS
POAG-T2D	rs10777867	12	97855178	PASS
POAG-T2D	rs11064255	12	6669257	PASS
POAG-T2D	rs7316626	12	6691452	PASS
POAG-T2D	rs11539542	12	6709059	PASS
POAG-T2D	rs12099908	12	6713636	PASS
POAG-T2D	rs11623869	14	103883633	PASS
POAG-T2D	rs4762699	12	21504068	PASS
POAG-T2D	rs3184504	12	111884608	PASS
POAG-T2D	rs10774625	12	111910219	PASS
POAG-T2D	rs653178	12	112007756	PASS
POAG-T2D	rs718314	12	26453283	PASS
POAG-T2D	rs10842708	12	26474867	PASS
POAG-T2D	rs2319627	14	21565189	PASS
POAG-T2D	rs4275659	12	123447928	PASS
POAG-T2D	rs7296418	12	123457619	PASS
POAG-T2D	rs3759115	12	123464279	PASS
POAG-T2D	rs1463877	12	123473254	PASS
POAG-T2D	rs7135296	12	123476586	PASS
POAG-T2D	rs937564	12	123477311	PASS
POAG-T2D	rs940904	12	123491572	PASS
POAG-T2D	rs7305511	12	123498253	PASS
POAG-T2D	rs12425009	12	123502044	PASS
POAG-T2D	rs641760	12	123518866	PASS
POAG-T2D	rs655293	12	123528405	PASS
POAG-T2D	rs11608811	12	123529056	PASS
POAG-T2D	rs10773921	12	123541606	PASS
POAG-T2D	rs585522	12	123550813	PASS
POAG-T2D	rs1260294	12	123560289	PASS
POAG-T2D	rs4148863	12	123569375	PASS
POAG-T2D	rs10848428	12	123572495	PASS
POAG-T2D	rs1727307	12	123575742	PASS
POAG-T2D	rs1790094	12	123586688	PASS
POAG-T2D	rs1617156	12	123590165	PASS
POAG-T2D	rs1790106	12	123591596	PASS
POAG-T2D	rs7132277	12	123593382	PASS
POAG-T2D	rs949143	12	123595163	PASS
POAG-T2D	rs1790121	12	123604492	PASS
POAG-T2D	rs1790116	12	123618544	PASS
POAG-T2D	rs1106240	12	123626982	PASS
POAG-T2D	rs1106241	12	123627016	PASS
POAG-T2D	rs1569068	12	123632276	PASS
POAG-T2D	rs1727302	12	123632930	PASS
POAG-T2D	rs1790108	12	123636841	PASS
POAG-T2D	rs1727315	12	123638930	PASS
POAG-T2D	rs1051434	12	123641200	PASS
POAG-T2D	rs1051431	12	123645803	PASS
POAG-T2D	rs1727293	12	123648032	PASS
POAG-T2D	rs1716165	12	123648881	PASS
POAG-T2D	rs1615350	12	123650335	PASS
POAG-T2D	rs1716167	12	123651162	PASS
POAG-T2D	rs1790098	12	123655481	PASS
POAG-T2D	rs1790099	12	123656533	PASS
POAG-T2D	rs1727309	12	123658258	PASS
POAG-T2D	rs1790123	12	123659542	PASS
POAG-T2D	rs1716164	12	123663660	PASS
POAG-T2D	rs1716157	12	123670473	PASS
POAG-T2D	rs4460848	12	123677810	PASS
POAG-T2D	rs1790095	12	123681222	PASS
POAG-T2D	rs1402274	12	123686224	PASS
POAG-T2D	rs2695478	12	123689521	PASS
POAG-T2D	rs11057192	12	123693420	PASS
POAG-T2D	rs2682434	12	123694724	PASS
POAG-T2D	rs1727323	12	123698790	PASS
POAG-T2D	rs1716160	12	123700225	PASS
POAG-T2D	rs1790131	12	123701010	PASS
POAG-T2D	rs1716171	12	123716376	PASS
POAG-T2D	rs1716170	12	123716513	PASS
POAG-T2D	rs7304782	12	123719444	PASS
POAG-T2D	rs1609520	12	123735937	PASS
POAG-T2D	rs1568427	12	123738678	PASS
POAG-T2D	rs1568428	12	123738876	PASS
POAG-T2D	rs1879380	12	123739111	PASS
POAG-T2D	rs1969354	12	123741776	PASS
POAG-T2D	rs4759371	12	123742563	PASS
POAG-T2D	rs4759415	12	123743674	PASS
POAG-T2D	rs10846489	12	123743927	PASS
POAG-T2D	rs2337934	12	123745359	PASS
POAG-T2D	rs1109559	12	123757861	PASS
POAG-T2D	rs11057251	12	123791227	PASS
POAG-T2D	rs6488868	12	123799974	PASS
POAG-T2D	rs1060105	12	123806219	PASS
POAG-T2D	rs12316131	12	123817796	PASS
POAG-T2D	rs11057276	12	123820397	PASS
POAG-T2D	rs12322888	12	123825559	PASS
POAG-T2D	rs12298826	12	123829028	PASS
POAG-T2D	rs28458312	12	123863265	PASS
POAG-T2D	rs28636834	12	123871070	PASS
POAG-T2D	rs28472704	12	123887369	PASS
POAG-T2D	rs28406193	12	123891865	PASS
POAG-T2D	rs28569885	12	123897177	PASS
POAG-T2D	rs28625019	12	123907563	PASS
POAG-T2D	rs28706696	12	123908126	PASS
POAG-T2D	rs4930718	12	123913433	PASS
POAG-T2D	rs2303518	15	42109975	PASS
POAG-T2D	rs7180600	15	53070141	PASS
POAG-T2D	rs10518694	15	53072673	PASS
POAG-T2D	rs2456507	15	53077634	PASS
POAG-T2D	rs2456525	15	53080413	PASS
POAG-T2D	rs2456526	15	53089442	PASS
POAG-T2D	rs2440375	15	53093260	PASS
POAG-T2D	rs12907686	15	56846054	PASS
POAG-T2D	rs8034366	15	56890901	PASS
POAG-T2D	rs4774879	15	56905484	PASS
POAG-T2D	rs3199	15	56929776	PASS
POAG-T2D	rs11630168	15	56948527	PASS
POAG-T2D	rs8043223	15	56953740	PASS
POAG-T2D	rs12592389	15	56960626	PASS
POAG-T2D	rs2279299	15	56968121	PASS
POAG-T2D	rs3816752	15	56992844	PASS
POAG-T2D	rs7168178	15	57012816	PASS
POAG-T2D	rs715338	15	57215867	PASS
POAG-T2D	rs2733170	15	57320664	PASS
POAG-T2D	rs2470082	15	57337093	PASS
POAG-T2D	rs2962992	15	57346505	PASS
POAG-T2D	rs2962990	15	57350965	PASS
POAG-T2D	rs2703580	15	57353034	PASS
POAG-T2D	rs2585112	15	57358428	PASS
POAG-T2D	rs2951904	15	57364814	PASS
POAG-T2D	rs2951899	15	57381851	PASS
POAG-T2D	rs2733332	15	57388349	PASS
POAG-T2D	rs967514	15	57413776	PASS
POAG-T2D	rs7175436	15	57418814	PASS
POAG-T2D	rs8037901	15	57421355	PASS
POAG-T2D	rs1037958	15	57523542	PASS
POAG-T2D	rs2290938	15	57524857	PASS
POAG-T2D	rs978274	15	57528500	PASS
POAG-T2D	rs3794613	15	57539638	PASS
POAG-T2D	rs935326	15	57567244	PASS
POAG-T2D	rs4775426	15	61951110	PASS
POAG-T2D	rs4775427	15	61951235	PASS
POAG-T2D	rs2249197	15	61958063	PASS
POAG-T2D	rs10519127	15	61958167	PASS
POAG-T2D	rs2249312	15	61958660	PASS
POAG-T2D	rs1346037	15	62137911	PASS
POAG-T2D	rs8033816	15	62233167	PASS
POAG-T2D	rs8029942	15	62353458	PASS
POAG-T2D	rs12912208	15	62354570	PASS
POAG-T2D	rs1436966	15	62358682	PASS
POAG-T2D	rs4502156	15	62383155	PASS
POAG-T2D	rs7172432	15	62396389	PASS
POAG-T2D	rs10083587	15	62398533	PASS
POAG-T2D	rs6494412	15	63856544	PASS
POAG-T2D	rs4556742	15	63864433	PASS
POAG-T2D	rs8023506	15	63884462	PASS
POAG-T2D	rs8034342	15	64038870	PASS
POAG-T2D	rs8034675	15	64039050	PASS
POAG-T2D	rs2271241	15	64048990	PASS
POAG-T2D	rs3764186	15	64056437	PASS
POAG-T2D	rs9972569	15	64066513	PASS
POAG-T2D	rs7173984	15	64070881	PASS
POAG-T2D	rs11632919	15	64078438	PASS
POAG-T2D	rs12148660	15	64110521	PASS
POAG-T2D	rs8036500	15	64123980	PASS
POAG-T2D	rs9972527	15	64127531	PASS
POAG-T2D	rs2612056	12	66165471	PASS
POAG-T2D	rs10878333	12	66167085	PASS
POAG-T2D	rs7134682	12	66168151	PASS
POAG-T2D	rs2612067	12	66170163	PASS
POAG-T2D	rs1122590	12	66174856	PASS
POAG-T2D	rs2261070	12	66175178	PASS
POAG-T2D	rs343087	12	66260924	PASS
POAG-T2D	rs10784502	12	66343810	PASS
POAG-T2D	rs1351394	12	66351826	PASS
POAG-T2D	rs1042725	12	66358347	PASS
POAG-T2D	rs8756	12	66359752	PASS
POAG-T2D	rs7968902	12	66363070	PASS
POAG-T2D	rs7968682	12	66371880	PASS
POAG-T2D	rs10400419	12	66389968	PASS
POAG-T2D	rs4075802	15	73963239	PASS
POAG-T2D	rs7497012	15	73968719	PASS
POAG-T2D	rs7176654	15	73999006	PASS
POAG-T2D	rs10506619	12	71381918	PASS
POAG-T2D	rs10784885	12	71387093	PASS
POAG-T2D	rs7956057	12	71394179	PASS
POAG-T2D	rs6581981	12	71394564	PASS
POAG-T2D	rs6581982	12	71397788	PASS
POAG-T2D	rs6581983	12	71398393	PASS
POAG-T2D	rs11178531	12	71408690	PASS
POAG-T2D	rs7132840	12	71411561	PASS
POAG-T2D	rs7959965	12	71425164	PASS
POAG-T2D	rs6581987	12	71432168	PASS
POAG-T2D	rs7955901	12	71433293	PASS
POAG-T2D	rs7138300	12	71439589	PASS
POAG-T2D	rs1913201	12	71439825	PASS
POAG-T2D	rs2270588	12	71526414	PASS
POAG-T2D	rs2296091	14	57419385	PASS
POAG-T2D	rs11622910	14	57434818	PASS
POAG-T2D	rs7144734	14	57441980	PASS
POAG-T2D	rs12434068	14	57453509	PASS
POAG-T2D	rs2345838	14	57459136	PASS
POAG-T2D	rs2350893	14	60795621	PASS
POAG-T2D	rs2145540	14	60799834	PASS
POAG-T2D	rs7146988	14	60811204	PASS
POAG-T2D	rs1956556	14	60818257	PASS
POAG-T2D	rs7147083	14	60841070	PASS
POAG-T2D	rs12588784	14	60896740	PASS
POAG-T2D	rs8008796	14	60927248	PASS
POAG-T2D	rs1126103	14	60933539	PASS
POAG-T2D	rs7152532	14	61000665	PASS
POAG-T2D	rs3783820	14	61105736	PASS
POAG-T2D	rs11628064	14	61108569	PASS
POAG-T2D	rs2284704	14	61211868	PASS
POAG-T2D	rs3783819	14	61316264	PASS
POAG-T2D	rs4151330	14	61371545	PASS
POAG-T2D	rs11624664	14	61489290	PASS
POAG-T2D	rs7152640	14	61493778	PASS
POAG-T2D	rs12893450	14	61536933	PASS
POAG-T2D	rs7161156	14	61558713	PASS
POAG-T2D	rs904091	12	83950668	PASS
POAG-T2D	rs324782	12	83991479	PASS
POAG-T2D	rs1497341	12	84007581	PASS
POAG-T2D	rs9562987	13	51095908	PASS
POAG-T2D	rs770391	13	51146641	PASS
POAG-T2D	rs1239695	13	51160663	PASS
POAG-T2D	rs1239690	13	51163259	PASS
POAG-T2D	rs1239687	13	51163561	PASS
POAG-T2D	rs10779044	12	84199820	PASS
POAG-T2D	rs1841335	12	84213699	PASS
POAG-T2D	rs7960073	12	84216310	PASS
POAG-T2D	rs1599259	12	84220337	PASS
POAG-T2D	rs12308738	12	84220855	PASS
POAG-T2D	rs7503922	17	29641935	PASS
POAG-T2D	rs9894648	17	29653293	PASS
POAG-T2D	rs2525570	17	29681245	PASS
POAG-T2D	rs1048317	17	29704002	PASS
POAG-T2D	rs138351	22	41262852	PASS
POAG-T2D	rs3094515	17	36043653	PASS
POAG-T2D	rs7224135	17	40574281	PASS
POAG-T2D	rs1905339	17	40582296	PASS
POAG-T2D	rs11079045	17	40587669	PASS
POAG-T2D	rs646123	17	40720632	PASS
POAG-T2D	rs665268	17	40722029	PASS
POAG-T2D	rs10454087	17	40735641	PASS
POAG-T2D	rs2292749	17	40818584	PASS
POAG-T2D	rs2165846	17	44941366	PASS
POAG-T2D	rs4794008	17	47048961	PASS
POAG-T2D	rs17700633	18	57929432	PASS
POAG-T2D	rs9963410	18	57962862	PASS
POAG-T2D	rs9953008	18	57962981	PASS
POAG-T2D	rs17773430	18	57963117	PASS
POAG-T2D	rs9675886	18	57969322	PASS
POAG-T2D	rs9960448	18	57986377	PASS
POAG-T2D	rs6124882	20	45523914	PASS
POAG-T2D	rs6124885	20	45534053	PASS
AMD-AD	rs2334892	1	195967548	PASS
AMD-AD	rs3851973	2	201732878	PASS
AMD-AD	rs11892119	2	201736112	PASS
AMD-AD	rs7562391	2	201736166	PASS
AMD-AD	rs6747253	2	201748415	PASS
AMD-AD	rs1125952	1	197968474	PASS
AMD-AD	rs7544288	1	207509022	PASS
AMD-AD	rs6690215	1	207656050	PASS
AMD-AD	rs1342135	1	210389417	PASS
AMD-AD	rs7590738	2	71525698	PASS
AMD-AD	rs4852252	2	71539301	PASS
AMD-AD	rs2058899	2	71580129	PASS
AMD-AD	rs17693250	2	71601434	PASS
AMD-AD	rs3771371	2	71627539	PASS
AMD-AD	rs3732233	2	71633275	PASS
AMD-AD	rs6714975	2	71633389	PASS
AMD-AD	rs4852782	2	71636240	PASS
AMD-AD	rs4438512	2	71645946	PASS
AMD-AD	rs7562587	2	71662826	PASS
AMD-AD	rs4241246	2	71676366	PASS
AMD-AD	rs13013293	2	233986596	PASS
AMD-AD	rs9288685	2	233987114	PASS
AMD-AD	rs10193128	2	233987722	PASS
AMD-AD	rs7419666	2	234003359	PASS
AMD-AD	rs35349669	2	234068476	PASS
AMD-AD	rs7581787	2	234077240	PASS
AMD-AD	rs13385922	2	234081324	PASS
AMD-AD	rs1157331	8	136212232	PASS
AMD-AD	rs326217	11	47303275	PASS
AMD-AD	rs1017730	11	47733494	PASS
AMD-AD	rs11039359	11	47747809	PASS
AMD-AD	rs3780543	9	107588572	PASS
AMD-AD	rs4743762	9	107592189	PASS
AMD-AD	rs4149268	9	107647220	PASS
AMD-AD	rs4149267	9	107651945	PASS
AMD-AD	rs12686004	9	107653426	PASS
AMD-AD	rs2575875	9	107662494	PASS
AMD-AD	rs2777790	9	107663039	PASS
AMD-AD	rs1883025	9	107664301	PASS
AMD-AD	rs2575876	9	107665739	PASS
AMD-AD	rs2740486	9	107666513	PASS
AMD-AD	rs2777795	9	107672365	PASS
AMD-AD	rs873259	10	82279927	PASS
AMD-AD	rs7109274	11	59720416	PASS
AMD-AD	rs11786896	8	145018354	PASS
AMD-AD	rs11136343	8	145058986	PASS
AMD-AD	rs11779776	8	145072539	PASS
AMD-AD	rs646260	11	85824288	PASS
AMD-AD	rs4944558	11	85829867	PASS
AMD-AD	rs10501610	11	85844486	PASS
AMD-AD	rs11234552	11	85846187	PASS
AMD-AD	rs10898437	11	85847881	PASS
AMD-AD	rs7480193	11	85861419	PASS
AMD-AD	rs11234568	11	85876222	PASS
AMD-AD	rs11234569	11	85886994	PASS
AMD-AD	rs12295362	11	85900117	PASS
AMD-AD	rs10898445	11	85908139	PASS
AMD-AD	rs10788271	10	124036619	PASS
AMD-AD	rs11596483	10	124037599	PASS
AMD-AD	rs11592862	10	124039222	PASS
AMD-AD	rs8181295	10	124041678	PASS
AMD-AD	rs17103336	10	124041701	PASS
AMD-AD	rs2268346	10	124246380	PASS
AMD-AD	rs2268347	10	124246862	PASS
AMD-AD	rs2239586	10	124249235	PASS
AMD-AD	rs2268349	10	124250384	PASS
AMD-AD	rs2300434	10	124251697	PASS
AMD-AD	rs2268353	10	124254061	PASS
AMD-AD	rs736960	10	124258136	PASS
AMD-AD	rs2736923	10	124259062	PASS
AMD-AD	rs1003079	10	124261348	PASS
AMD-AD	rs3019497	10	124456767	PASS
AMD-AD	rs2947594	10	124457452	PASS
AMD-AD	rs1341393	10	124512299	PASS
AMD-AD	rs10502249	11	122504251	PASS
AMD-AD	rs10892871	11	122525308	PASS
AMD-AD	rs7127978	11	122526501	PASS
AMD-AD	rs10750219	11	122558850	PASS
AMD-AD	rs11602361	11	122563338	PASS
AMD-CAD	rs2493292	1	3328659	PASS
AMD-CAD	rs2493291	1	3329384	PASS
AMD-CAD	rs17037390	1	11860843	PASS
AMD-CAD	rs17367504	1	11862778	PASS
AMD-CAD	rs3753584	1	11864586	PASS
AMD-CAD	rs13306561	1	11865804	PASS
AMD-CAD	rs17037425	1	11870383	PASS
AMD-CAD	rs17037429	1	11873787	PASS
AMD-CAD	rs2050265	1	11879699	PASS
AMD-CAD	rs12567136	1	11883731	PASS
AMD-CAD	rs7537765	1	11887303	PASS
AMD-CAD	rs714839	1	171298940	PASS
AMD-CAD	rs2294482	1	171300959	PASS
AMD-CAD	rs12044691	1	171301303	PASS
AMD-CAD	rs3811461	1	26759149	PASS
AMD-CAD	rs11247958	1	26767367	PASS
AMD-CAD	rs3816539	1	26786627	PASS
AMD-CAD	rs4659375	1	26804090	PASS
AMD-CAD	rs4659444	1	26825116	PASS
AMD-CAD	rs4970498	1	26844195	PASS
AMD-CAD	rs4970514	1	26846195	PASS
AMD-CAD	rs12094989	1	26848386	PASS
AMD-CAD	rs17162190	1	26872832	PASS
AMD-CAD	rs7512595	1	27857171	PASS
AMD-CAD	rs17361679	1	27859036	PASS
AMD-CAD	rs2291297	1	38272660	PASS
AMD-CAD	rs28411034	1	38276997	PASS
AMD-CAD	rs12404243	1	196862569	PASS
AMD-CAD	rs6700180	1	197064496	PASS
AMD-CAD	rs10801589	1	197076194	PASS
AMD-CAD	rs12083773	1	197343763	PASS
AMD-CAD	rs10754222	1	197344461	PASS
AMD-CAD	rs2494271	1	197347920	PASS
AMD-CAD	rs2759662	1	197361571	PASS
AMD-CAD	rs10922215	1	197363948	PASS
AMD-CAD	rs4915551	1	197508901	PASS
AMD-CAD	rs1421399	1	197566842	PASS
AMD-CAD	rs17564924	1	197574134	PASS
AMD-CAD	rs12751508	1	197646544	PASS
AMD-CAD	rs12354257	1	197674344	PASS
AMD-CAD	rs12092948	1	197689967	PASS
AMD-CAD	rs10922305	1	197821769	PASS
AMD-CAD	rs10922326	1	197867662	PASS
AMD-CAD	rs7370877	2	69525721	PASS
AMD-CAD	rs7422275	2	69528697	PASS
AMD-CAD	rs11690738	2	69530084	PASS
AMD-CAD	rs10185891	2	69538218	PASS
AMD-CAD	rs13751	2	69549262	PASS
AMD-CAD	rs7579532	2	69550036	PASS
AMD-CAD	rs7568296	2	69550256	PASS
AMD-CAD	rs4428054	2	69567341	PASS
AMD-CAD	rs4592895	2	69567984	PASS
AMD-CAD	rs4340572	2	69568682	PASS
AMD-CAD	rs4369907	2	69571124	PASS
AMD-CAD	rs6722492	2	69573029	PASS
AMD-CAD	rs6546503	2	69578292	PASS
AMD-CAD	rs13429805	2	69580686	PASS
AMD-CAD	rs4473430	2	69582895	PASS
AMD-CAD	rs6724567	2	69585176	PASS
AMD-CAD	rs6546505	2	69586293	PASS
AMD-CAD	rs7578692	2	69593314	PASS
AMD-CAD	rs13419122	2	69596192	PASS
AMD-CAD	rs6546509	2	69602633	PASS
AMD-CAD	rs9808023	2	69611485	PASS
AMD-CAD	rs5013338	2	69613418	PASS
AMD-CAD	rs6725340	2	69613926	PASS
AMD-CAD	rs6546511	2	69615295	PASS
AMD-CAD	rs7586596	2	69618575	PASS
AMD-CAD	rs4535086	2	69621199	PASS
AMD-CAD	rs7571860	2	69621945	PASS
AMD-CAD	rs5017686	2	69622299	PASS
AMD-CAD	rs10170036	2	69623136	PASS
AMD-CAD	rs10182682	2	69625157	PASS
AMD-CAD	rs7592828	2	69625497	PASS
AMD-CAD	rs7580642	2	69625638	PASS
AMD-CAD	rs10172839	2	69629553	PASS
AMD-CAD	rs7585758	2	69630805	PASS
AMD-CAD	rs4481034	2	69638485	PASS
AMD-CAD	rs10175692	2	69642970	PASS
AMD-CAD	rs2495477	1	55518467	PASS
AMD-CAD	rs693668	1	55521109	PASS
AMD-CAD	rs7559850	2	69648520	PASS
AMD-CAD	rs13398500	2	69661800	PASS
AMD-CAD	rs13418928	2	69665216	PASS
AMD-CAD	rs6713536	2	69667420	PASS
AMD-CAD	rs6758228	2	69667987	PASS
AMD-CAD	rs4346430	2	69668802	PASS
AMD-CAD	rs35681682	2	69678079	PASS
AMD-CAD	rs10221903	2	69679500	PASS
AMD-CAD	rs7577689	2	69686286	PASS
AMD-CAD	rs4441525	2	69687224	PASS
AMD-CAD	rs13427243	2	69690187	PASS
AMD-CAD	rs9309428	2	69693006	PASS
AMD-CAD	rs7420531	2	69696001	PASS
AMD-CAD	rs3552	2	69698158	PASS
AMD-CAD	rs12151791	2	69702628	PASS
AMD-CAD	rs4852232	2	69726061	PASS
AMD-CAD	rs1889145	1	56915820	PASS
AMD-CAD	rs6698602	1	56921252	PASS
AMD-CAD	rs6421497	1	56923735	PASS
AMD-CAD	rs7368386	1	56929525	PASS
AMD-CAD	rs7527084	1	56930365	PASS
AMD-CAD	rs7513178	1	56930449	PASS
AMD-CAD	rs7535319	1	56930618	PASS
AMD-CAD	rs7590738	2	71525698	PASS
AMD-CAD	rs4852252	2	71539301	PASS
AMD-CAD	rs2058899	2	71580129	PASS
AMD-CAD	rs17693250	2	71601434	PASS
AMD-CAD	rs3732233	2	71633275	PASS
AMD-CAD	rs6714975	2	71633389	PASS
AMD-CAD	rs4852782	2	71636240	PASS
AMD-CAD	rs4438512	2	71645946	PASS
AMD-CAD	rs6546693	2	71680632	PASS
AMD-CAD	rs4268945	2	71688249	PASS
AMD-CAD	rs7528731	1	59404995	PASS
AMD-CAD	rs6677752	1	59406024	PASS
AMD-CAD	rs6709607	2	216256615	PASS
AMD-CAD	rs10804242	2	216256707	PASS
AMD-CAD	rs2372544	2	216264270	PASS
AMD-CAD	rs34255697	2	216266225	PASS
AMD-CAD	rs6744921	2	216266736	PASS
AMD-CAD	rs10172425	2	216268355	PASS
AMD-CAD	rs2372545	2	216273625	PASS
AMD-CAD	rs1437795	2	216278495	PASS
AMD-CAD	rs10199059	2	216282974	PASS
AMD-CAD	rs16854041	2	216287497	PASS
AMD-CAD	rs1250258	2	216300185	PASS
AMD-CAD	rs1250252	2	216313591	PASS
AMD-CAD	rs1250220	2	216320050	PASS
AMD-CAD	rs2044475	2	85738944	PASS
AMD-CAD	rs7579665	2	85742616	PASS
AMD-CAD	rs1446669	2	85762209	PASS
AMD-CAD	rs4258795	2	85765439	PASS
AMD-CAD	rs17476328	2	230016151	PASS
AMD-CAD	rs7597807	2	230021055	PASS
AMD-CAD	rs4897473	6	131215271	PASS
AMD-CAD	rs9375791	6	131313416	PASS
AMD-CAD	rs6921207	6	131327956	PASS
AMD-CAD	rs12203224	6	134101494	PASS
AMD-CAD	rs1414668	6	134108060	PASS
AMD-CAD	rs1209415	6	134110247	PASS
AMD-CAD	rs6909803	6	134111198	PASS
AMD-CAD	rs969282	6	134205092	PASS
AMD-CAD	rs3800471	6	34481140	PASS
AMD-CAD	rs11753634	6	34482267	PASS
AMD-CAD	rs11758326	6	34482498	PASS
AMD-CAD	rs11758426	6	34503338	PASS
AMD-CAD	rs7754038	6	34505194	PASS
AMD-CAD	rs3798548	6	34517428	PASS
AMD-CAD	rs2814982	6	34546560	PASS
AMD-CAD	rs2814985	6	34548296	PASS
AMD-CAD	rs2814943	6	34552736	PASS
AMD-CAD	rs2814944	6	34552797	PASS
AMD-CAD	rs2744937	6	34557246	PASS
AMD-CAD	rs205262	6	34563164	PASS
AMD-CAD	rs2814983	6	34591207	PASS
AMD-CAD	rs2814993	6	34618893	PASS
AMD-CAD	rs2815005	6	34638847	PASS
AMD-CAD	rs2744972	6	34659054	PASS
AMD-CAD	rs3800457	6	34663598	PASS
AMD-CAD	rs9462007	6	34715341	PASS
AMD-CAD	rs9462014	6	34728253	PASS
AMD-CAD	rs6457792	6	34764443	PASS
AMD-CAD	rs2395607	6	34773727	PASS
AMD-CAD	rs9462027	6	34797241	PASS
AMD-CAD	rs16894959	6	34825662	PASS
AMD-CAD	rs6457796	6	34828553	PASS
AMD-CAD	rs11755266	6	35162141	PASS
AMD-CAD	rs9456496	6	160443390	PASS
AMD-CAD	rs2297362	6	160499565	PASS
AMD-CAD	rs9295124	6	160570172	PASS
AMD-CAD	rs13212914	6	160570624	PASS
AMD-CAD	rs9347386	6	160571499	PASS
AMD-CAD	rs1382785	6	160573407	PASS
AMD-CAD	rs1443844	6	160574802	PASS
AMD-CAD	rs3798164	6	160575202	PASS
AMD-CAD	rs2297374	6	160575985	PASS
AMD-CAD	rs9295125	6	160578271	PASS
AMD-CAD	rs10945656	6	160635886	PASS
AMD-CAD	rs3127592	6	160637844	PASS
AMD-CAD	rs3103353	6	160638076	PASS
AMD-CAD	rs512077	6	160774928	PASS
AMD-CAD	rs4708867	6	160842725	PASS
AMD-CAD	rs3106164	6	160850273	PASS
AMD-CAD	rs1247571	6	161218651	PASS
AMD-CAD	rs7760467	6	161385757	PASS
AMD-CAD	rs9355860	6	161390787	PASS
AMD-CAD	rs1123181	6	161394053	PASS
AMD-CAD	rs2811708	9	21973422	PASS
AMD-CAD	rs7018475	9	22137685	PASS
AMD-CAD	rs7911992	10	25059463	PASS
AMD-CAD	rs4747500	10	25066353	PASS
AMD-CAD	rs628590	10	28945223	PASS
AMD-CAD	rs7924201	10	44456029	PASS
AMD-CAD	rs898549	10	44458714	PASS
AMD-CAD	rs4948800	10	44471284	PASS
AMD-CAD	rs2085797	10	44471736	PASS
AMD-CAD	rs10899957	10	44472469	PASS
AMD-CAD	rs4948806	10	44489563	PASS
AMD-CAD	rs12570314	10	44529320	PASS
AMD-CAD	rs10508881	10	44541565	PASS
AMD-CAD	rs2802493	10	44553583	PASS
AMD-CAD	rs2154401	10	44655275	PASS
AMD-CAD	rs2802487	10	44664524	PASS
AMD-CAD	rs392793	8	109113017	PASS
AMD-CAD	rs398603	8	109124018	PASS
AMD-CAD	rs425932	8	109142353	PASS
AMD-CAD	rs10111457	8	109433315	PASS
AMD-CAD	rs2781006	9	86273487	PASS
AMD-CAD	rs2781002	9	86279025	PASS
AMD-CAD	rs5754222	22	33103968	PASS
AMD-CAD	rs5749499	22	33120220	PASS
AMD-CAD	rs762884	22	33135922	PASS
AMD-CAD	rs1132274	20	17596155	PASS
AMD-CAD	rs12479820	20	17596219	PASS
AMD-CAD	rs476828	18	57852587	PASS
AMD-CAD	rs17303568	20	33022797	PASS
AMD-CAD	rs10485505	20	33025567	PASS
AMD-CAD	rs9899404	17	47053828	PASS
AMD-CAD	rs4794013	17	47065288	PASS
AMD-CAD	rs1390154	17	47071483	PASS
AMD-CAD	rs9890278	17	47073949	PASS
AMD-CAD	rs2898857	17	47356023	PASS
AMD-CAD	rs6065906	20	44554015	PASS
AMD-CAD	rs7679	20	44576502	PASS
AMD-CAD	rs11655927	17	58828402	PASS
AMD-CAD	rs8076615	17	58828449	PASS
AMD-CAD	rs7503760	17	58832644	PASS
AMD-CAD	rs12601554	17	58832977	PASS
AMD-CAD	rs7501556	17	58833214	PASS
AMD-CAD	rs8068324	17	58846114	PASS
AMD-CAD	rs7211703	17	58846364	PASS
AMD-CAD	rs8078607	17	58853216	PASS
AMD-CAD	rs9908999	17	58861199	PASS
AMD-CAD	rs8070938	17	58869753	PASS
AMD-CAD	rs7210374	17	58872391	PASS
AMD-CAD	rs9894387	17	58889677	PASS
AMD-CAD	rs9899338	17	58907917	PASS
AMD-CAD	rs7208501	17	58912708	PASS
AMD-CAD	rs9911155	17	58916059	PASS
AMD-CAD	rs9904438	17	58917031	PASS
AMD-CAD	rs4456565	17	58921974	PASS
AMD-CAD	rs6504003	17	58939995	PASS
AMD-CAD	rs7210917	17	58946691	PASS
AMD-CAD	rs16944672	17	58957420	PASS
AMD-CAD	rs2165854	17	58974447	PASS
AMD-CAD	rs8064787	17	58977757	PASS
AMD-CAD	rs8071654	17	58982924	PASS
AMD-CAD	rs6504005	17	58986037	PASS
AMD-CAD	rs9900518	17	58990779	PASS
AMD-CAD	rs7213603	17	59003189	PASS
AMD-CAD	rs9894263	17	59005591	PASS
AMD-CAD	rs6504010	17	59018306	PASS
AMD-CAD	rs9914370	17	59022395	PASS
AMD-CAD	rs9912699	17	59034931	PASS
AMD-CAD	rs9303437	17	59135815	PASS
AMD-CAD	rs8064681	17	59155210	PASS
AMD-CAD	rs2052074	17	59161646	PASS
AMD-CAD	rs9899415	17	59164245	PASS
AMD-CAD	rs4968427	17	59220844	PASS
AMD-CAD	rs11868441	17	59239221	PASS
AMD-CAD	rs6504021	17	59240473	PASS
AMD-CAD	rs4968531	17	59242442	PASS
AMD-CAD	rs872626	20	61290360	PASS
AMD-CAD	rs2043332	19	10891239	PASS
AMD-CAD	rs11880628	19	10991827	PASS
AMD-CAD	rs12977506	19	10992724	PASS
AMD-CAD	rs12971616	19	11014937	PASS
AMD-CAD	rs8106381	19	11042743	PASS
AMD-CAD	rs35887384	19	11044365	PASS
AMD-CAD	rs4804554	19	11083210	PASS
AMD-CAD	rs12610607	19	11084994	PASS
AMD-CAD	rs1019194	19	11138226	PASS
AMD-CAD	rs4804561	19	11140144	PASS
AMD-CAD	rs1003723	19	11224181	PASS
AMD-CAD	rs5930	19	11224265	PASS
AMD-CAD	rs892114	19	11266584	PASS
AMD-CKD	rs7751638	6	50356726	PASS
AMD-CKD	rs987237	6	50803050	PASS
AMD-CKD	rs6966728	7	104618318	PASS
AMD-CKD	rs888086	7	104626690	PASS
AMD-CKD	rs6976394	7	104632980	PASS
AMD-CKD	rs6980244	7	104636940	PASS
AMD-CKD	rs11978288	7	104643470	PASS
AMD-CKD	rs6466035	7	104646899	PASS
AMD-CKD	rs6950894	7	104652671	PASS
AMD-CKD	rs2192932	7	104653265	PASS
AMD-CKD	rs10808141	7	104715490	PASS
AMD-CKD	rs2097942	7	104725105	PASS
AMD-CKD	rs7797912	7	104769415	PASS
AMD-CKD	rs6950620	7	104770386	PASS
AMD-CKD	rs2299304	7	104771857	PASS
AMD-CKD	rs2299305	7	104791075	PASS
AMD-CKD	rs10487150	7	104797450	PASS
AMD-CKD	rs10238507	7	104807207	PASS
AMD-CKD	rs10266871	7	104812129	PASS
AMD-CKD	rs6943183	7	104819479	PASS
AMD-CKD	rs2299308	7	104825819	PASS
AMD-CKD	rs3779210	7	104828098	PASS
AMD-CKD	rs1010340	7	104830695	PASS
AMD-CKD	rs6974874	7	104834293	PASS
AMD-CKD	rs6949073	7	104837009	PASS
AMD-CKD	rs3801285	7	104837801	PASS
AMD-CKD	rs7796945	7	104838050	PASS
AMD-CKD	rs17640508	7	104842643	PASS
AMD-CKD	rs6972563	7	104842960	PASS
AMD-CKD	rs41562	7	104845094	PASS
AMD-CKD	rs41563	7	104852654	PASS
AMD-CKD	rs4730073	7	104855871	PASS
AMD-CKD	rs12154942	7	104859435	PASS
AMD-CKD	rs7794036	7	104870448	PASS
AMD-CKD	rs2299319	7	104877916	PASS
AMD-CKD	rs3801282	7	104881530	PASS
AMD-CKD	rs12538590	7	104896470	PASS
AMD-CKD	rs6466051	7	104897225	PASS
AMD-CKD	rs2079340	7	104897964	PASS
AMD-CKD	rs2079341	7	104904235	PASS
AMD-CKD	rs3801279	7	104904868	PASS
AMD-CKD	rs3801278	7	104907017	PASS
AMD-CKD	rs917114	7	104907507	PASS
AMD-CKD	rs17640599	7	104911576	PASS
AMD-CKD	rs7808226	7	104916166	PASS
AMD-CKD	rs17640644	7	104918169	PASS
AMD-CKD	rs4406343	7	104918313	PASS
AMD-CKD	rs1468359	7	104922022	PASS
AMD-CKD	rs6963624	7	104923811	PASS
AMD-CKD	rs6466053	7	104923929	PASS
AMD-CKD	rs6954844	7	104926183	PASS
AMD-CKD	rs6466056	7	104929267	PASS
AMD-CKD	rs2057884	7	104930250	PASS
AMD-CKD	rs7790653	7	104931545	PASS
AMD-CKD	rs7805928	7	104934662	PASS
AMD-CKD	rs7780006	7	104936469	PASS
AMD-CKD	rs12155351	7	104943302	PASS
AMD-CKD	rs12534381	7	104947195	PASS
AMD-CKD	rs10241415	7	104948076	PASS
AMD-CKD	rs6466057	7	104952483	PASS
AMD-CKD	rs1204056	7	104957761	PASS
AMD-CKD	rs1204058	7	104958129	PASS
AMD-CKD	rs10953475	7	104961873	PASS
AMD-CKD	rs1204066	7	104971987	PASS
AMD-CKD	rs2040914	7	104972174	PASS
AMD-CKD	rs1204077	7	104984019	PASS
AMD-CKD	rs12536794	7	104990954	PASS
AMD-CKD	rs12334245	7	104995627	PASS
AMD-CKD	rs7792628	7	105009612	PASS
AMD-CKD	rs17270450	7	105013788	PASS
AMD-CKD	rs6466064	7	105024217	PASS
AMD-CKD	rs4730082	7	105027509	PASS
AMD-CKD	rs3801999	7	105027646	PASS
AMD-CKD	rs16174	7	24297082	PASS
AMD-CKD	rs873155	7	24383768	PASS
AMD-CKD	rs12673094	7	24385049	PASS
AMD-CKD	rs12187932	5	176643151	PASS
AMD-CKD	rs6872201	5	176720766	PASS
AMD-CKD	rs4720197	7	36201102	PASS
AMD-CKD	rs10230457	7	36210289	PASS
AMD-CKD	rs16880939	7	36219846	PASS
AMD-CKD	rs6569648	6	130349119	PASS
AMD-CKD	rs36555	14	71364561	PASS
AMD-CKD	rs2526868	14	71390389	PASS
AMD-CKD	rs2810114	14	71395604	PASS
AMD-CKD	rs2526858	14	71412340	PASS
AMD-CKD	rs2810104	14	71424813	PASS
AMD-CKD	rs2810099	14	71432421	PASS
AMD-CKD	rs2810097	14	71434114	PASS
AMD-CKD	rs2240533	14	71541026	PASS
AMD-CKD	rs17093738	14	71586648	PASS
AMD-CKD	rs12586714	14	88826841	PASS
AMD-CKD	rs845758	14	88900090	PASS
AMD-CKD	rs845757	14	88921716	PASS
AMD-CKD	rs247617	16	56990716	PASS
AMD-CKD	rs3764261	16	56993324	PASS
AMD-CKD	rs1800775	16	56995236	PASS
AMD-CKD	rs1864163	16	56997233	PASS
AMD-CKD	rs7205804	16	57004889	PASS
AMD-CKD	rs1532625	16	57005301	PASS
AMD-CKD	rs1532624	16	57005479	PASS
AMD-CKD	rs157580	19	45395266	PASS
AMD-CKD	rs281392	19	49164952	PASS
AMD-PD	rs7439493	4	110656730	PASS
AMD-PD	rs10033900	4	110659067	PASS
AMD-PD	rs4928144	3	99468234	PASS
AMD-PD	rs7614366	3	99496351	PASS
AMD-PD	rs4836108	5	124010261	PASS
AMD-PD	rs2727229	8	146070496	PASS
AMD-PD	rs1735405	8	146070554	PASS
AMD-PD	rs292096	11	86078782	PASS
AMD-PD	rs292103	11	86082980	PASS
AMD-PD	rs4944575	11	86121937	PASS
AMD-PD	rs1056194	11	86133784	PASS
AMD-PD	rs4944580	11	86157998	PASS
AMD-PD	rs1045934	10	123990244	PASS
AMD-PD	rs10788261	10	123990683	PASS
AMD-PD	rs10788262	10	123991774	PASS
AMD-PD	rs12412736	10	125184436	PASS
AMD-PD	rs10902931	10	125191205	PASS
AMD-PD	rs11212078	11	97517248	PASS
AMD-PD	rs11212092	11	97522360	PASS
AMD-PD	rs2187449	11	133712682	PASS
AMD-PD	rs329652	11	133769699	PASS
AMD-STROKE	rs226251	1	8024690	PASS
AMD-STROKE	rs226242	1	8033468	PASS
AMD-STROKE	rs225119	1	8044361	PASS
AMD-STROKE	rs1998652	1	196236425	PASS
AMD-STROKE	rs2477556	1	196239475	PASS
AMD-STROKE	rs16839785	1	196291365	PASS
AMD-STROKE	rs12407399	1	196291977	PASS
AMD-STROKE	rs12410633	1	196303319	PASS
AMD-STROKE	rs10494742	1	196346553	PASS
AMD-STROKE	rs12751508	1	197646544	PASS
AMD-STROKE	rs11126425	2	74380989	PASS
AMD-STROKE	rs12207548	6	36656256	PASS
AMD-STROKE	rs7777732	7	92068523	PASS
AMD-STROKE	rs7781900	7	92069057	PASS
AMD-STROKE	rs3814099	7	92082767	PASS
AMD-STROKE	rs10257545	7	92096133	PASS
AMD-STROKE	rs10235602	7	92110467	PASS
AMD-STROKE	rs6954806	7	92124817	PASS
AMD-STROKE	rs10278857	7	92131289	PASS
AMD-STROKE	rs10236856	7	92135686	PASS
AMD-STROKE	rs8179	7	92236164	PASS
AMD-STROKE	rs4272	7	92236829	PASS
AMD-STROKE	rs42377	7	92243672	PASS
AMD-STROKE	rs42038	7	92243719	PASS
AMD-STROKE	rs42039	7	92244422	PASS
AMD-STROKE	rs42235	7	92248076	PASS
AMD-STROKE	rs10269774	7	92253972	PASS
AMD-STROKE	rs17766836	7	92258961	PASS
AMD-STROKE	rs11771637	7	92260161	PASS
AMD-STROKE	rs2282978	7	92264410	PASS
AMD-STROKE	rs2282979	7	92264993	PASS
AMD-STROKE	rs6960181	7	92277477	PASS
AMD-STROKE	rs2282983	7	92279363	PASS
AMD-STROKE	rs11765954	7	92280695	PASS
AMD-STROKE	rs6954221	7	92283262	PASS
AMD-STROKE	rs17164683	7	92286980	PASS
AMD-STROKE	rs7804722	7	92288106	PASS
AMD-STROKE	rs3218020	9	21997872	PASS
AMD-STROKE	rs3217992	9	22003223	PASS
AMD-STROKE	rs1063192	9	22003367	PASS
AMD-STROKE	rs573687	9	22011642	PASS
AMD-STROKE	rs2106119	9	22017550	PASS
AMD-STROKE	rs523096	9	22019129	PASS
AMD-STROKE	rs10757264	9	22019732	PASS
AMD-STROKE	rs10738604	9	22025493	PASS
AMD-STROKE	rs7049105	9	22028801	PASS
AMD-STROKE	rs10965215	9	22029445	PASS
AMD-STROKE	rs564398	9	22029547	PASS
AMD-STROKE	rs7865618	9	22031005	PASS
AMD-STROKE	rs2157719	9	22033366	PASS
AMD-STROKE	rs2151280	9	22034719	PASS
AMD-STROKE	rs1412829	9	22043926	PASS
AMD-STROKE	rs10965219	9	22053687	PASS
AMD-STROKE	rs10120688	9	22056499	PASS
AMD-STROKE	rs8181047	9	22064465	PASS
AMD-STROKE	rs10811650	9	22067593	PASS
AMD-STROKE	rs4977756	9	22068652	PASS
AMD-STROKE	rs10757270	9	22072719	PASS
AMD-STROKE	rs1412832	9	22077543	PASS
AMD-STROKE	rs10116277	9	22081397	PASS
AMD-STROKE	rs6475606	9	22081850	PASS
AMD-STROKE	rs1537370	9	22084310	PASS
AMD-STROKE	rs10738607	9	22088094	PASS
AMD-STROKE	rs10757272	9	22088260	PASS
AMD-STROKE	rs4977574	9	22098574	PASS
AMD-STROKE	rs2891168	9	22098619	PASS
AMD-STROKE	rs1333042	9	22103813	PASS
AMD-STROKE	rs944797	9	22115286	PASS
AMD-STROKE	rs2383207	9	22115959	PASS
AMD-STROKE	rs1537375	9	22116071	PASS
AMD-STROKE	rs1333048	9	22125347	PASS
AMD-STROKE	rs2367070	10	24914386	PASS
AMD-STROKE	rs11601940	11	9827871	PASS
AMD-STROKE	rs2649049	11	9873283	PASS
AMD-STROKE	rs12344391	9	76657335	PASS
AMD-STROKE	rs7039984	9	76668786	PASS
AMD-STROKE	rs10114881	9	76676071	PASS
AMD-STROKE	rs1388364	9	76693382	PASS
AMD-STROKE	rs7020553	9	76710284	PASS
AMD-STROKE	rs1283688	8	108416308	PASS
AMD-STROKE	rs892248	8	108422946	PASS
AMD-STROKE	rs11025149	11	19495799	PASS
AMD-STROKE	rs5754222	22	33103968	PASS
AMD-STROKE	rs1011420	18	46282982	PASS
AMD-STROKE	rs9900803	17	17650978	PASS
AMD-STROKE	rs11656775	17	17654319	PASS
AMD-STROKE	rs4925109	17	17661802	PASS
AMD-STROKE	rs2208133	20	15448563	PASS
AMD-STROKE	rs1557404	18	57190848	PASS
AMD-STROKE	rs17303568	20	33022797	PASS
AMD-STROKE	rs10485505	20	33025567	PASS
AMD-STROKE	rs6092588	20	56591367	PASS
AMD-STROKE	rs6015170	20	56631553	PASS
AMD-STROKE	rs8125204	20	56632192	PASS
AMD-STROKE	rs7266392	20	56651542	PASS
AMD-STROKE	rs4807895	19	6711958	PASS
AMD-T2D	rs4460308	7	104420060	PASS
AMD-T2D	rs2470943	7	104583843	PASS
AMD-T2D	rs7776707	7	104605530	PASS
AMD-T2D	rs6966728	7	104618318	PASS
AMD-T2D	rs888086	7	104626690	PASS
AMD-T2D	rs6976394	7	104632980	PASS
AMD-T2D	rs6980244	7	104636940	PASS
AMD-T2D	rs11978288	7	104643470	PASS
AMD-T2D	rs6466035	7	104646899	PASS
AMD-T2D	rs6950894	7	104652671	PASS
AMD-T2D	rs2192932	7	104653265	PASS
AMD-T2D	rs10808141	7	104715490	PASS
AMD-T2D	rs2097942	7	104725105	PASS
AMD-T2D	rs7797912	7	104769415	PASS
AMD-T2D	rs6950620	7	104770386	PASS
AMD-T2D	rs2299304	7	104771857	PASS
AMD-T2D	rs2299305	7	104791075	PASS
AMD-T2D	rs10487150	7	104797450	PASS
AMD-T2D	rs10238507	7	104807207	PASS
AMD-T2D	rs10266871	7	104812129	PASS
AMD-T2D	rs6943183	7	104819479	PASS
AMD-T2D	rs2299308	7	104825819	PASS
AMD-T2D	rs3779210	7	104828098	PASS
AMD-T2D	rs1010340	7	104830695	PASS
AMD-T2D	rs6974874	7	104834293	PASS
AMD-T2D	rs6949073	7	104837009	PASS
AMD-T2D	rs3801285	7	104837801	PASS
AMD-T2D	rs7796945	7	104838050	PASS
AMD-T2D	rs17640508	7	104842643	PASS
AMD-T2D	rs6972563	7	104842960	PASS
AMD-T2D	rs41562	7	104845094	PASS
AMD-T2D	rs41563	7	104852654	PASS
AMD-T2D	rs4730073	7	104855871	PASS
AMD-T2D	rs12154942	7	104859435	PASS
AMD-T2D	rs7794036	7	104870448	PASS
AMD-T2D	rs2299319	7	104877916	PASS
AMD-T2D	rs3801282	7	104881530	PASS
AMD-T2D	rs12538590	7	104896470	PASS
AMD-T2D	rs6466051	7	104897225	PASS
AMD-T2D	rs2079340	7	104897964	PASS
AMD-T2D	rs2079341	7	104904235	PASS
AMD-T2D	rs3801279	7	104904868	PASS
AMD-T2D	rs3801278	7	104907017	PASS
AMD-T2D	rs917114	7	104907507	PASS
AMD-T2D	rs17640599	7	104911576	PASS
AMD-T2D	rs7808226	7	104916166	PASS
AMD-T2D	rs17640644	7	104918169	PASS
AMD-T2D	rs4406343	7	104918313	PASS
AMD-T2D	rs1468359	7	104922022	PASS
AMD-T2D	rs6963624	7	104923811	PASS
AMD-T2D	rs6466053	7	104923929	PASS
AMD-T2D	rs6954844	7	104926183	PASS
AMD-T2D	rs6466056	7	104929267	PASS
AMD-T2D	rs2057884	7	104930250	PASS
AMD-T2D	rs7790653	7	104931545	PASS
AMD-T2D	rs7805928	7	104934662	PASS
AMD-T2D	rs7780006	7	104936469	PASS
AMD-T2D	rs12155351	7	104943302	PASS
AMD-T2D	rs12534381	7	104947195	PASS
AMD-T2D	rs10241415	7	104948076	PASS
AMD-T2D	rs6466057	7	104952483	PASS
AMD-T2D	rs1204056	7	104957761	PASS
AMD-T2D	rs1204058	7	104958129	PASS
AMD-T2D	rs10953475	7	104961873	PASS
AMD-T2D	rs1204066	7	104971987	PASS
AMD-T2D	rs2040914	7	104972174	PASS
AMD-T2D	rs1204077	7	104984019	PASS
AMD-T2D	rs12536794	7	104990954	PASS
AMD-T2D	rs12334245	7	104995627	PASS
AMD-T2D	rs7792628	7	105009612	PASS
AMD-T2D	rs17270450	7	105013788	PASS
AMD-T2D	rs6466064	7	105024217	PASS
AMD-T2D	rs4730082	7	105027509	PASS
AMD-T2D	rs3801999	7	105027646	PASS
AMD-T2D	rs4266584	7	105059606	PASS
AMD-T2D	rs12528998	6	50664180	PASS
AMD-T2D	rs987237	6	50803050	PASS
AMD-T2D	rs9473924	6	50834157	PASS
AMD-T2D	rs734597	6	50836279	PASS
AMD-T2D	rs9473932	6	50857995	PASS
AMD-T2D	rs943005	6	50865820	PASS
AMD-T2D	rs4715210	6	50897251	PASS
AMD-T2D	rs3857596	6	50905067	PASS
AMD-T2D	rs10484665	6	50942550	PASS
AMD-T2D	rs11759809	6	50955081	PASS
AMD-T2D	rs4711966	6	50963777	PASS
AMD-T2D	rs6971086	7	28138193	PASS
AMD-T2D	rs4428573	7	28249294	PASS
AMD-T2D	rs1513275	7	28259233	PASS
AMD-T2D	rs10231759	7	150512172	PASS
AMD-T2D	rs10952289	7	150524681	PASS
AMD-T2D	rs6977081	7	150542515	PASS
AMD-T2D	rs6979947	7	157005863	PASS
AMD-T2D	rs730497	7	44223721	PASS
AMD-T2D	rs1799884	7	44229068	PASS
AMD-T2D	rs3757840	7	44231216	PASS
AMD-T2D	rs4607517	7	44235668	PASS
AMD-T2D	rs1004558	7	44240407	PASS
AMD-T2D	rs2908282	7	44248828	PASS
AMD-T2D	rs9505008	6	7033860	PASS
AMD-T2D	rs9328398	6	7046763	PASS
AMD-T2D	rs560131	6	7047411	PASS
AMD-T2D	rs11963450	6	20534974	PASS
AMD-T2D	rs13212040	6	20540617	PASS
AMD-T2D	rs10484634	6	20542197	PASS
AMD-T2D	rs9350257	6	20554951	PASS
AMD-T2D	rs9350258	6	20556905	PASS
AMD-T2D	rs16883914	6	20559611	PASS
AMD-T2D	rs13205786	6	20578852	PASS
AMD-T2D	rs13212326	6	20598303	PASS
AMD-T2D	rs2294809	6	20599888	PASS
AMD-T2D	rs13200415	6	20613216	PASS
AMD-T2D	rs9465874	6	20737354	PASS
AMD-T2D	rs4710945	6	20745074	PASS
AMD-T2D	rs10806923	6	20790477	PASS
AMD-T2D	rs9465895	6	20804563	PASS
AMD-T2D	rs4645410	6	20873848	PASS
AMD-T2D	rs4712564	6	20920123	PASS
AMD-T2D	rs4273712	6	126964510	PASS
AMD-T2D	rs242105	14	69459229	PASS
AMD-T2D	rs537435	13	80757310	PASS
AMD-T2D	rs3212741	19	17951178	PASS
AMD-T2D	rs8047814	16	75236154	PASS
AMD-T2D	rs9928736	16	75242729	PASS
AMD-T2D	rs3743613	16	75269534	PASS
AMD-T2D	rs4887810	16	75277480	PASS
AMD-T2D	rs3743614	16	75280958	PASS
AMD-T2D	rs4261573	16	75294211	PASS
AMD-T2D	rs13337397	16	75295639	PASS
AMD-T2D	rs6564245	16	75308899	PASS
AMD-T2D	rs10871308	16	75342846	PASS
AMD-T2D	rs10781977	16	75342932	PASS
AMD-T2D	rs1017239	16	75358207	PASS
AMD-T2D	rs8050662	16	75360734	PASS
AMD-T2D	rs8053632	16	75364940	PASS
AMD-T2D	rs2059257	16	75396376	PASS
AMD-T2D	rs8048816	16	75422201	PASS
AMD-T2D	rs766522	16	75424110	PASS
AMD-T2D	rs247427	16	75439132	PASS
AMD-T2D	rs2242405	16	75481771	PASS
AMD-T2D	rs247447	16	75486648	PASS
AMD-T2D	rs8046416	16	75487758	PASS
AMD-T2D	rs37602	16	75505046	PASS
AMD-T2D	rs12610813	19	31850047	PASS
AMD-T2D	rs17583023	19	31857778	PASS
AMD-T2D	rs10853912	19	31865517	PASS
AMD-T2D	rs1390754	19	31866105	PASS
AMD-T2D	rs11084582	19	31866756	PASS
AMD-T2D	rs924151	19	31872270	PASS
AMD-T2D	rs747730	19	31872738	PASS
AMD-T2D	rs2645150	19	31874131	PASS
AMD-T2D	rs7260437	19	31892178	PASS
AMD-T2D	rs1008144	19	31894873	PASS
AMD-T2D	rs8108330	19	31898275	PASS
AMD-T2D	rs6510202	19	31900008	PASS
AMD-T2D	rs10409230	19	31902401	PASS
AMD-T2D	rs1820183	19	31910364	PASS
AMD-T2D	rs10424941	19	31913313	PASS
AMD-T2D	rs10426136	19	31917040	PASS
AMD-T2D	rs10406589	19	31922887	PASS
AMD-T2D	rs8107017	19	31931317	PASS
AMD-T2D	rs6510206	19	31931845	PASS
AMD-T2D	rs384114	19	31937086	PASS
AMD-T2D	rs10402271	19	45329214	PASS
AMD-T2D	rs6859	19	45382034	PASS
AMD-T2D	rs157580	19	45395266	PASS
AMD-T2D	rs439401	19	45414451	PASS
AMD-T2D	rs584007	19	45416478	PASS
AMD-T2D	rs11670462	19	46148386	PASS
AMD-T2D	rs4803848	19	46205050	PASS
AMD-T2D	rs8109951	19	46289503	PASS
AMD-T2D	rs17571725	19	46290822	PASS
AMD-T2D	rs1076902	17	3828822	PASS
AMD-T2D	rs7222628	17	3890429	PASS
AMD-T2D	rs6502764	17	3901502	PASS
AMD-T2D	rs8075429	17	3907308	PASS
AMD-T2D	rs1052617	17	3909404	PASS
AMD-T2D	rs2676276	17	3919981	PASS
AMD-T2D	rs711178	17	3922918	PASS
AMD-T2D	rs2603029	17	3941396	PASS
AMD-T2D	rs781831	17	3947644	PASS
AMD-T2D	rs781853	17	3953083	PASS
AMD-T2D	rs781852	17	3953102	PASS
AMD-T2D	rs781850	17	3957124	PASS
AMD-T2D	rs781848	17	3958105	PASS
AMD-T2D	rs781845	17	3958341	PASS
AMD-T2D	rs781839	17	3961489	PASS
AMD-T2D	rs781825	17	3966064	PASS
AMD-T2D	rs897026	17	3980318	PASS
AMD-T2D	rs8081968	17	3984117	PASS
AMD-T2D	rs2727061	17	3985832	PASS
AMD-T2D	rs8068804	17	3985864	PASS
AMD-T2D	rs2727060	17	3989968	PASS
AMD-T2D	rs2727074	17	3994670	PASS
AMD-T2D	rs2603025	17	3996964	PASS
AMD-T2D	rs1377806	17	4019966	PASS
AMD-T2D	rs17176322	17	4056376	PASS
AMD-T2D	rs4790581	17	4066657	PASS
AMD-T2D	rs11651767	17	4073398	PASS
AMD-T2D	rs2278524	17	4081975	PASS
AMD-T2D	rs9915922	17	4083242	PASS
AMD-T2D	rs4790587	17	4090060	PASS
AMD-T2D	rs2304586	17	4098998	PASS
AMD-T2D	rs10521130	17	4110024	PASS
AMD-T2D	rs4790185	17	4115617	PASS
AMD-T2D	rs4284685	17	4117199	PASS
AMD-T2D	rs1982177	17	4119994	PASS
AMD-T2D	rs12602879	17	4133394	PASS
AMD-T2D	rs1821860	17	4134119	PASS
AMD-T2D	rs4790594	17	4137919	PASS
AMD-T2D	rs2053254	17	4140669	PASS
AMD-T2D	rs9915670	17	4143290	PASS
AMD-T2D	rs12709336	17	4145818	PASS
AMD-T2D	rs4573968	17	4147047	PASS
AMD-T2D	rs12601993	17	4151421	PASS
AMD-T2D	rs9913077	17	4153807	PASS
AMD-T2D	rs7504064	17	4154376	PASS
AMD-T2D	rs11078490	17	4154426	PASS
AMD-T2D	rs4790598	17	4156620	PASS
AMD-T2D	rs8069769	17	4162965	PASS
AMD-T2D	rs2325881	17	4166804	PASS
AMD-T2D	rs733622	17	4181122	PASS
AMD-T2D	rs9913489	17	4184641	PASS
AMD-T2D	rs4508454	17	4198650	PASS
AMD-T2D	rs1866176	17	4205445	PASS
AMD-T2D	rs8072251	17	4212108	PASS
AMD-T2D	rs9303185	17	4212894	PASS
AMD-T2D	rs11868498	17	4213245	PASS
AMD-T2D	rs12950048	17	4215748	PASS
AMD-T2D	rs7222362	17	4218344	PASS
AMD-T2D	rs12453940	17	4235975	PASS
AMD-T2D	rs6502779	17	4238324	PASS
AMD-T2D	rs8074770	17	4242178	PASS
AMD-T2D	rs6502780	17	4244514	PASS
AMD-T2D	rs12937759	17	4245305	PASS
AMD-T2D	rs6005754	22	28682616	PASS
AMD-T2D	rs134529	22	28781758	PASS
AMD-T2D	rs5762730	22	29039615	PASS
AMD-T2D	rs738722	22	29130012	PASS
AMD-T2D	rs1033667	22	29130300	PASS
CAT-AD	rs2241526	2	220427680	PASS
CAT-AD	rs7521639	1	227223736	PASS
CAT-AD	rs12144369	1	227254045	PASS
CAT-AD	rs12068632	1	227399214	PASS
CAT-AD	rs7633815	3	181455914	PASS
CAT-AD	rs938226	3	124867634	PASS
CAT-AD	rs3772216	3	124869785	PASS
CAT-AD	rs10014567	4	164570581	PASS
CAT-AD	rs4541642	5	92588936	PASS
CAT-AD	rs4401561	5	92592166	PASS
CAT-AD	rs6557073	5	92594771	PASS
CAT-AD	rs6880218	5	92604242	PASS
CAT-AD	rs4869421	5	92617815	PASS
CAT-AD	rs6557075	5	92618797	PASS
CAT-AD	rs6881337	5	92621189	PASS
CAT-AD	rs6888826	5	92623911	PASS
CAT-AD	rs11135569	5	92627491	PASS
CAT-AD	rs1824487	5	92629522	PASS
CAT-AD	rs2343695	5	92629776	PASS
CAT-AD	rs2343696	5	92629782	PASS
CAT-AD	rs7708497	5	159564162	PASS
CAT-AD	rs7791765	7	143099107	PASS
CAT-AD	rs10808026	7	143099133	PASS
CAT-AD	rs56402156	7	143103481	PASS
CAT-AD	rs11762262	7	143107876	PASS
CAT-AD	rs11763230	7	143108841	PASS
CAT-AD	rs11767557	7	143109139	PASS
CAT-AD	rs11771145	7	143110762	PASS
CAT-AD	rs535787	6	84232697	PASS
CAT-AD	rs645252	6	84240606	PASS
CAT-AD	rs1171105	6	84240865	PASS
CAT-AD	rs7752339	6	84280169	PASS
CAT-AD	rs2023238	6	84282761	PASS
CAT-AD	rs9341963	6	84287238	PASS
CAT-AD	rs10223479	6	84297488	PASS
CAT-AD	rs200477	6	27769705	PASS
CAT-AD	rs200480	6	27773664	PASS
CAT-AD	rs200988	6	27819353	PASS
CAT-AD	rs200951	6	27835930	PASS
CAT-AD	rs510987	6	27847517	PASS
CAT-AD	rs200972	6	27858837	PASS
CAT-AD	rs200971	6	27858904	PASS
CAT-AD	rs200967	6	27862127	PASS
CAT-AD	rs149878	6	27878738	PASS
CAT-AD	rs2130357	6	27886830	PASS
CAT-AD	rs156737	6	27895213	PASS
CAT-AD	rs156740	6	27960435	PASS
CAT-AD	rs149971	6	27982152	PASS
CAT-AD	rs149973	6	27983613	PASS
CAT-AD	rs149974	6	27985096	PASS
CAT-AD	rs149976	6	27987776	PASS
CAT-AD	rs156735	6	28004078	PASS
CAT-AD	rs149963	6	28017132	PASS
CAT-AD	rs149956	6	28036251	PASS
CAT-AD	rs203878	6	28048996	PASS
CAT-AD	rs1225710	6	28100640	PASS
CAT-AD	rs2791333	6	28111114	PASS
CAT-AD	rs1225715	6	28113373	PASS
CAT-AD	rs1225618	6	28129713	PASS
CAT-AD	rs1150670	6	28130559	PASS
CAT-AD	rs2021826	6	28132756	PASS
CAT-AD	rs1233696	6	28143010	PASS
CAT-AD	rs1225592	6	28150242	PASS
CAT-AD	rs1233691	6	28153897	PASS
CAT-AD	rs1150686	6	28161271	PASS
CAT-AD	rs1225597	6	28162087	PASS
CAT-AD	rs1150688	6	28162780	PASS
CAT-AD	rs1233708	6	28173219	PASS
CAT-AD	rs1150694	6	28175153	PASS
CAT-AD	rs1736891	6	28187101	PASS
CAT-AD	rs1150705	6	28193786	PASS
CAT-AD	rs1150707	6	28197605	PASS
CAT-AD	rs1233713	6	28198281	PASS
CAT-AD	rs7206	6	28201138	PASS
CAT-AD	rs1150709	6	28207363	PASS
CAT-AD	rs13408	6	28212748	PASS
CAT-AD	rs1736895	6	28219826	PASS
CAT-AD	rs12214383	6	28223731	PASS
CAT-AD	rs1531681	6	28226878	PASS
CAT-AD	rs2394049	6	28239681	PASS
CAT-AD	rs1150716	6	28262698	PASS
CAT-AD	rs2142730	6	28266149	PASS
CAT-AD	rs9301	6	28292706	PASS
CAT-AD	rs853684	6	28294550	PASS
CAT-AD	rs213240	6	28315875	PASS
CAT-AD	rs213238	6	28321993	PASS
CAT-AD	rs213237	6	28323938	PASS
CAT-AD	rs213236	6	28324397	PASS
CAT-AD	rs213232	6	28326490	PASS
CAT-AD	rs10946954	6	28340625	PASS
CAT-AD	rs9368565	6	28345210	PASS
CAT-AD	rs1052215	6	28348158	PASS
CAT-AD	rs2531825	6	28349264	PASS
CAT-AD	rs1005125	6	28367355	PASS
CAT-AD	rs2531827	6	28373154	PASS
CAT-AD	rs9468371	6	28379360	PASS
CAT-AD	rs1124132	6	28380321	PASS
CAT-AD	rs2108927	6	28382526	PASS
CAT-AD	rs2531832	6	28389222	PASS
CAT-AD	rs2859365	6	28391465	PASS
CAT-AD	rs728122	6	28399124	PASS
CAT-AD	rs2023493	6	28400162	PASS
CAT-AD	rs2531809	6	28421368	PASS
CAT-AD	rs2531814	6	28425755	PASS
CAT-AD	rs2021745	6	28426986	PASS
CAT-AD	rs2859372	6	28427130	PASS
CAT-AD	rs2859373	6	28427228	PASS
CAT-AD	rs2859374	6	28428145	PASS
CAT-AD	rs1016070	6	28440511	PASS
CAT-AD	rs12663002	6	28441634	PASS
CAT-AD	rs389118	6	28507379	PASS
CAT-AD	rs62402376	6	28507446	PASS
CAT-AD	rs4711173	6	28514583	PASS
CAT-AD	rs437691	6	28518316	PASS
CAT-AD	rs6926470	6	28521570	PASS
CAT-AD	rs6456825	6	28522695	PASS
CAT-AD	rs9295772	6	28525265	PASS
CAT-AD	rs9295773	6	28525301	PASS
CAT-AD	rs420478	6	28533265	PASS
CAT-AD	rs450630	6	28542424	PASS
CAT-AD	rs370520	6	28542520	PASS
CAT-AD	rs380914	6	28569949	PASS
CAT-AD	rs9501180	6	28579471	PASS
CAT-AD	rs9393920	6	28580593	PASS
CAT-AD	rs9380079	6	28585581	PASS
CAT-AD	rs9348810	6	28595646	PASS
CAT-AD	rs9368568	6	28601301	PASS
CAT-AD	rs6926221	6	28601796	PASS
CAT-AD	rs12211927	6	28602631	PASS
CAT-AD	rs9378185	6	28606662	PASS
CAT-AD	rs1810619	6	28609097	PASS
CAT-AD	rs6925714	6	28629873	PASS
CAT-AD	rs9380083	6	28643896	PASS
CAT-AD	rs9393921	6	28645170	PASS
CAT-AD	rs9885928	6	28650353	PASS
CAT-AD	rs9348811	6	28656119	PASS
CAT-AD	rs12180700	6	28657190	PASS
CAT-AD	rs4289643	6	28659035	PASS
CAT-AD	rs7752875	6	28659863	PASS
CAT-AD	rs1319075	6	28662521	PASS
CAT-AD	rs6902736	6	28663410	PASS
CAT-AD	rs6456831	6	28663530	PASS
CAT-AD	rs4143771	6	28664631	PASS
CAT-AD	rs7382112	6	28665109	PASS
CAT-AD	rs7382146	6	28665362	PASS
CAT-AD	rs2394149	6	28665934	PASS
CAT-AD	rs1337585	6	28665944	PASS
CAT-AD	rs7383248	6	28668480	PASS
CAT-AD	rs9295777	6	28669698	PASS
CAT-AD	rs10456364	6	28681444	PASS
CAT-AD	rs10456365	6	28681804	PASS
CAT-AD	rs9404960	6	28683649	PASS
CAT-AD	rs9391676	6	28683743	PASS
CAT-AD	rs9366725	6	28685981	PASS
CAT-AD	rs2394152	6	28686284	PASS
CAT-AD	rs4713178	6	28690100	PASS
CAT-AD	rs9348813	6	28694608	PASS
CAT-AD	rs1233572	6	28703244	PASS
CAT-AD	rs1233575	6	28709895	PASS
CAT-AD	rs1233576	6	28710244	PASS
CAT-AD	rs1233586	6	28718215	PASS
CAT-AD	rs1233590	6	28720712	PASS
CAT-AD	rs1233591	6	28720982	PASS
CAT-AD	rs9257134	6	28723426	PASS
CAT-AD	rs9257135	6	28723835	PASS
CAT-AD	rs1235176	6	28723978	PASS
CAT-AD	rs1233596	6	28727673	PASS
CAT-AD	rs1233601	6	28733212	PASS
CAT-AD	rs1233602	6	28733403	PASS
CAT-AD	rs1233605	6	28734806	PASS
CAT-AD	rs1233607	6	28735842	PASS
CAT-AD	rs1233615	6	28739584	PASS
CAT-AD	rs1233616	6	28739884	PASS
CAT-AD	rs1233617	6	28741162	PASS
CAT-AD	rs1311915	6	28742340	PASS
CAT-AD	rs1233622	6	28747902	PASS
CAT-AD	rs1311916	6	28750872	PASS
CAT-AD	rs1233627	6	28751727	PASS
CAT-AD	rs2754764	6	28769011	PASS
CAT-AD	rs2765219	6	28770349	PASS
CAT-AD	rs2765218	6	28770696	PASS
CAT-AD	rs3132371	6	28773983	PASS
CAT-AD	rs2208536	6	28774579	PASS
CAT-AD	rs2754767	6	28775241	PASS
CAT-AD	rs209203	6	28777577	PASS
CAT-AD	rs169683	6	28778419	PASS
CAT-AD	rs3131342	6	28778475	PASS
CAT-AD	rs386628	6	28784396	PASS
CAT-AD	rs377392	6	28784741	PASS
CAT-AD	rs209186	6	28791134	PASS
CAT-AD	rs209184	6	28791289	PASS
CAT-AD	rs209182	6	28792338	PASS
CAT-AD	rs3131338	6	28794872	PASS
CAT-AD	rs1002925	6	28801383	PASS
CAT-AD	rs209176	6	28804186	PASS
CAT-AD	rs209175	6	28805638	PASS
CAT-AD	rs209174	6	28806218	PASS
CAT-AD	rs209173	6	28806334	PASS
CAT-AD	rs183289	6	28808832	PASS
CAT-AD	rs526983	6	28815213	PASS
CAT-AD	rs209171	6	28817300	PASS
CAT-AD	rs209169	6	28818084	PASS
CAT-AD	rs6456857	6	28819159	PASS
CAT-AD	rs3132386	6	28825017	PASS
CAT-AD	rs393431	6	28833172	PASS
CAT-AD	rs413158	6	28833442	PASS
CAT-AD	rs209164	6	28836456	PASS
CAT-AD	rs209163	6	28836817	PASS
CAT-AD	rs209161	6	28838820	PASS
CAT-AD	rs209160	6	28839879	PASS
CAT-AD	rs209153	6	28846249	PASS
CAT-AD	rs209152	6	28846462	PASS
CAT-AD	rs2032500	6	28854269	PASS
CAT-AD	rs209149	6	28855082	PASS
CAT-AD	rs209148	6	28857269	PASS
CAT-AD	rs184093	6	28863369	PASS
CAT-AD	rs209137	6	28865713	PASS
CAT-AD	rs209135	6	28867085	PASS
CAT-AD	rs209133	6	28867396	PASS
CAT-AD	rs209130	6	28867800	PASS
CAT-AD	rs209129	6	28869010	PASS
CAT-AD	rs209128	6	28869173	PASS
CAT-AD	rs209126	6	28872446	PASS
CAT-AD	rs209123	6	28873060	PASS
CAT-AD	rs209122	6	28875502	PASS
CAT-AD	rs1794587	6	28877770	PASS
CAT-AD	rs388035	6	28880629	PASS
CAT-AD	rs3131099	6	28884150	PASS
CAT-AD	rs3131100	6	28885752	PASS
CAT-AD	rs3131102	6	28891839	PASS
CAT-AD	rs1237485	6	28894344	PASS
CAT-AD	rs932776	6	28901034	PASS
CAT-AD	rs1004062	6	28902133	PASS
CAT-AD	rs3130889	6	28902974	PASS
CAT-AD	rs2006173	6	28905612	PASS
CAT-AD	rs3130842	6	28906706	PASS
CAT-AD	rs3130897	6	28907055	PASS
CAT-AD	rs6914955	6	28908612	PASS
CAT-AD	rs4713186	6	28909465	PASS
CAT-AD	rs2071790	6	28911802	PASS
CAT-AD	rs2071785	6	28912458	PASS
CAT-AD	rs3135328	6	28913772	PASS
CAT-AD	rs3135327	6	28913922	PASS
CAT-AD	rs2013848	6	28914833	PASS
CAT-AD	rs763009	6	28915108	PASS
CAT-AD	rs763008	6	28915420	PASS
CAT-AD	rs4947339	6	28916252	PASS
CAT-AD	rs9257401	6	28916889	PASS
CAT-AD	rs9257404	6	28917091	PASS
CAT-AD	rs6456876	6	28918936	PASS
CAT-AD	rs1476016	6	28922719	PASS
CAT-AD	rs3131074	6	28924530	PASS
CAT-AD	rs4713187	6	28925858	PASS
CAT-AD	rs4713188	6	28926026	PASS
CAT-AD	rs6901599	6	28926745	PASS
CAT-AD	rs2187808	6	28926900	PASS
CAT-AD	rs2187807	6	28926918	PASS
CAT-AD	rs2157313	6	28927134	PASS
CAT-AD	rs3135324	6	28929470	PASS
CAT-AD	rs3131077	6	28930866	PASS
CAT-AD	rs7743189	6	28931616	PASS
CAT-AD	rs9257421	6	28933672	PASS
CAT-AD	rs4427026	6	28935666	PASS
CAT-AD	rs7761547	6	28936616	PASS
CAT-AD	rs3130886	6	28941979	PASS
CAT-AD	rs4713190	6	28942833	PASS
CAT-AD	rs4713192	6	28943880	PASS
CAT-AD	rs3135322	6	28946920	PASS
CAT-AD	rs9257447	6	28950957	PASS
CAT-AD	rs3135321	6	28955526	PASS
CAT-AD	rs3129792	6	28956416	PASS
CAT-AD	rs9257449	6	28957545	PASS
CAT-AD	rs6456880	6	28963248	PASS
CAT-AD	rs2269555	6	28964847	PASS
CAT-AD	rs6920392	6	28967038	PASS
CAT-AD	rs6906909	6	28968146	PASS
CAT-AD	rs6933976	6	28969522	PASS
CAT-AD	rs3129793	6	28970176	PASS
CAT-AD	rs6456883	6	28970369	PASS
CAT-AD	rs9257455	6	28970745	PASS
CAT-AD	rs6925178	6	28973215	PASS
CAT-AD	rs4713193	6	28974825	PASS
CAT-AD	rs4565335	6	28975787	PASS
CAT-AD	rs6923005	6	28976071	PASS
CAT-AD	rs9257461	6	28977925	PASS
CAT-AD	rs6930903	6	28981244	PASS
CAT-AD	rs3135319	6	28982823	PASS
CAT-AD	rs9257464	6	28983048	PASS
CAT-AD	rs6916161	6	28983846	PASS
CAT-AD	rs1005123	6	28984148	PASS
CAT-AD	rs3129795	6	28984755	PASS
CAT-AD	rs4562166	6	28987532	PASS
CAT-AD	rs6941946	6	28988583	PASS
CAT-AD	rs9393939	6	28989067	PASS
CAT-AD	rs9348816	6	28989083	PASS
CAT-AD	rs7768299	6	28990195	PASS
CAT-AD	rs1543796	6	28990618	PASS
CAT-AD	rs2394512	6	28992184	PASS
CAT-AD	rs7741520	6	28994570	PASS
CAT-AD	rs9461498	6	29000873	PASS
CAT-AD	rs9368587	6	29003069	PASS
CAT-AD	rs9468471	6	29004091	PASS
CAT-AD	rs9380105	6	29005595	PASS
CAT-AD	rs9468472	6	29005789	PASS
CAT-AD	rs9468473	6	29006250	PASS
CAT-AD	rs9461499	6	29006493	PASS
CAT-AD	rs7743837	6	29006844	PASS
CAT-AD	rs7764481	6	29007088	PASS
CAT-AD	rs7744795	6	29007182	PASS
CAT-AD	rs7744689	6	29007294	PASS
CAT-AD	rs7775633	6	29009234	PASS
CAT-AD	rs6918712	6	29009373	PASS
CAT-AD	rs6919044	6	29009568	PASS
CAT-AD	rs6919687	6	29009643	PASS
CAT-AD	rs9501291	6	29009958	PASS
CAT-AD	rs6924824	6	29010153	PASS
CAT-AD	rs3117140	6	29010282	PASS
CAT-AD	rs6456886	6	29010587	PASS
CAT-AD	rs6456887	6	29010589	PASS
CAT-AD	rs6456888	6	29010803	PASS
CAT-AD	rs6456889	6	29010824	PASS
CAT-AD	rs2050230	6	29011927	PASS
CAT-AD	rs2143574	6	29014026	PASS
CAT-AD	rs6456891	6	29016587	PASS
CAT-AD	rs3130756	6	29017101	PASS
CAT-AD	rs9391653	6	29017167	PASS
CAT-AD	rs9357076	6	29021612	PASS
CAT-AD	rs9366736	6	29021897	PASS
CAT-AD	rs9295788	6	29034376	PASS
CAT-AD	rs9295789	6	29034525	PASS
CAT-AD	rs3129786	6	29036444	PASS
CAT-AD	rs2179648	6	29036528	PASS
CAT-AD	rs6900967	6	29036678	PASS
CAT-AD	rs6456895	6	29039895	PASS
CAT-AD	rs3131083	6	29039977	PASS
CAT-AD	rs3131084	6	29042672	PASS
CAT-AD	rs1159519	6	29043580	PASS
CAT-AD	rs9393941	6	29045632	PASS
CAT-AD	rs9468480	6	29046943	PASS
CAT-AD	rs9348822	6	29047387	PASS
CAT-AD	rs11758255	6	29050714	PASS
CAT-AD	rs4947360	6	29051397	PASS
CAT-AD	rs6903904	6	29052480	PASS
CAT-AD	rs9468482	6	29052935	PASS
CAT-AD	rs6456901	6	29055442	PASS
CAT-AD	rs9380109	6	29057971	PASS
CAT-AD	rs717203	6	29059018	PASS
CAT-AD	rs2394515	6	29059714	PASS
CAT-AD	rs3129789	6	29059962	PASS
CAT-AD	rs9393942	6	29062170	PASS
CAT-AD	rs6917293	6	29063058	PASS
CAT-AD	rs3131088	6	29069016	PASS
CAT-AD	rs2394516	6	29069264	PASS
CAT-AD	rs2394517	6	29069299	PASS
CAT-AD	rs9295790	6	29070428	PASS
CAT-AD	rs3131089	6	29071071	PASS
CAT-AD	rs3131090	6	29072288	PASS
CAT-AD	rs3131091	6	29073094	PASS
CAT-AD	rs3130760	6	29073584	PASS
CAT-AD	rs6456908	6	29075072	PASS
CAT-AD	rs3131092	6	29076372	PASS
CAT-AD	rs3129097	6	29077353	PASS
CAT-AD	rs9380110	6	29078734	PASS
CAT-AD	rs3130763	6	29079156	PASS
CAT-AD	rs3749977	6	29080344	PASS
CAT-AD	rs6908651	6	29081042	PASS
CAT-AD	rs3129108	6	29084087	PASS
CAT-AD	rs3129109	6	29084232	PASS
CAT-AD	rs3129110	6	29085228	PASS
CAT-AD	rs3130766	6	29086829	PASS
CAT-AD	rs3130767	6	29087073	PASS
CAT-AD	rs3130768	6	29088230	PASS
CAT-AD	rs2064162	6	29088815	PASS
CAT-AD	rs3116842	6	29093659	PASS
CAT-AD	rs3129116	6	29093788	PASS
CAT-AD	rs9380111	6	29095234	PASS
CAT-AD	rs3130774	6	29096414	PASS
CAT-AD	rs4713203	6	29096995	PASS
CAT-AD	rs3116843	6	29097127	PASS
CAT-AD	rs9283885	6	29097247	PASS
CAT-AD	rs3116844	6	29097936	PASS
CAT-AD	rs3130775	6	29098369	PASS
CAT-AD	rs3130778	6	29099579	PASS
CAT-AD	rs3130717	6	29110505	PASS
CAT-AD	rs3116846	6	29114616	PASS
CAT-AD	rs3130718	6	29114621	PASS
CAT-AD	rs3129121	6	29115934	PASS
CAT-AD	rs3130721	6	29116198	PASS
CAT-AD	rs2179273	6	29117423	PASS
CAT-AD	rs3129123	6	29119159	PASS
CAT-AD	rs3129124	6	29121320	PASS
CAT-AD	rs3129126	6	29121631	PASS
CAT-AD	rs3130727	6	29124632	PASS
CAT-AD	rs3129131	6	29125402	PASS
CAT-AD	rs3130729	6	29125747	PASS
CAT-AD	rs3130730	6	29126943	PASS
CAT-AD	rs6919344	6	29127687	PASS
CAT-AD	rs3130734	6	29128575	PASS
CAT-AD	rs2142906	6	29129983	PASS
CAT-AD	rs3129137	6	29130276	PASS
CAT-AD	rs3129138	6	29130282	PASS
CAT-AD	rs1073820	6	29132520	PASS
CAT-AD	rs3129143	6	29132776	PASS
CAT-AD	rs3129144	6	29132828	PASS
CAT-AD	rs3130736	6	29132950	PASS
CAT-AD	rs3129145	6	29133301	PASS
CAT-AD	rs7382657	6	29133556	PASS
CAT-AD	rs3129146	6	29134229	PASS
CAT-AD	rs3130737	6	29135208	PASS
CAT-AD	rs3116852	6	29135647	PASS
CAT-AD	rs3130738	6	29136110	PASS
CAT-AD	rs3116853	6	29136244	PASS
CAT-AD	rs3129148	6	29136980	PASS
CAT-AD	rs3129150	6	29138018	PASS
CAT-AD	rs3129154	6	29139786	PASS
CAT-AD	rs3130741	6	29139916	PASS
CAT-AD	rs3116855	6	29141632	PASS
CAT-AD	rs3116856	6	29141849	PASS
CAT-AD	rs3130743	6	29142064	PASS
CAT-AD	rs2206042	6	29142476	PASS
CAT-AD	rs3116857	6	29144127	PASS
CAT-AD	rs3129161	6	29145475	PASS
CAT-AD	rs3116858	6	29145681	PASS
CAT-AD	rs9257572	6	29146107	PASS
CAT-AD	rs9257573	6	29146472	PASS
CAT-AD	rs9257580	6	29146735	PASS
CAT-AD	rs9257585	6	29147345	PASS
CAT-AD	rs3129166	6	29148762	PASS
CAT-AD	rs3116817	6	29149561	PASS
CAT-AD	rs3116818	6	29149605	PASS
CAT-AD	rs3129168	6	29149632	PASS
CAT-AD	rs3116819	6	29149645	PASS
CAT-AD	rs2006770	6	29151145	PASS
CAT-AD	rs2006752	6	29151312	PASS
CAT-AD	rs3116820	6	29151671	PASS
CAT-AD	rs3116822	6	29154709	PASS
CAT-AD	rs3116823	6	29154928	PASS
CAT-AD	rs3116824	6	29158080	PASS
CAT-AD	rs3116825	6	29158195	PASS
CAT-AD	rs3130748	6	29158872	PASS
CAT-AD	rs3130749	6	29159271	PASS
CAT-AD	rs3129175	6	29159961	PASS
CAT-AD	rs3129176	6	29160671	PASS
CAT-AD	rs3130751	6	29161084	PASS
CAT-AD	rs3130752	6	29161409	PASS
CAT-AD	rs3116826	6	29161435	PASS
CAT-AD	rs3130754	6	29163658	PASS
CAT-AD	rs3130755	6	29163686	PASS
CAT-AD	rs1977074	6	29163834	PASS
CAT-AD	rs2005985	6	29175769	PASS
CAT-AD	rs2206040	6	29178514	PASS
CAT-AD	rs2206041	6	29178606	PASS
CAT-AD	rs9257616	6	29180721	PASS
CAT-AD	rs719746	6	29181600	PASS
CAT-AD	rs2142904	6	29187640	PASS
CAT-AD	rs3130803	6	29189155	PASS
CAT-AD	rs3117345	6	29202465	PASS
CAT-AD	rs3130816	6	29203911	PASS
CAT-AD	rs3117343	6	29205333	PASS
CAT-AD	rs3130818	6	29205501	PASS
CAT-AD	rs3129103	6	29207570	PASS
CAT-AD	rs3129105	6	29213070	PASS
CAT-AD	rs3117334	6	29217514	PASS
CAT-AD	rs3130823	6	29219059	PASS
CAT-AD	rs3117332	6	29219510	PASS
CAT-AD	rs2024679	6	29227117	PASS
CAT-AD	rs3117329	6	29227643	PASS
CAT-AD	rs3117328	6	29230577	PASS
CAT-AD	rs3130829	6	29235900	PASS
CAT-AD	rs3130830	6	29236722	PASS
CAT-AD	rs3117327	6	29239150	PASS
CAT-AD	rs3130833	6	29244226	PASS
CAT-AD	rs142403264	6	29245760	PASS
CAT-AD	rs9257669	6	29246239	PASS
CAT-AD	rs2394550	6	29248461	PASS
CAT-AD	rs7743489	6	29249632	PASS
CAT-AD	rs2180000	6	29250491	PASS
CAT-AD	rs2394551	6	29251400	PASS
CAT-AD	rs4446587	6	29259623	PASS
CAT-AD	rs9257689	6	29268160	PASS
CAT-AD	rs7750305	6	29268496	PASS
CAT-AD	rs9257691	6	29268929	PASS
CAT-AD	rs9257692	6	29269000	PASS
CAT-AD	rs9257693	6	29274348	PASS
CAT-AD	rs9257694	6	29274486	PASS
CAT-AD	rs10456370	6	29280736	PASS
CAT-AD	rs13214370	6	29289324	PASS
CAT-AD	rs10946982	6	29290172	PASS
CAT-AD	rs10946983	6	29306451	PASS
CAT-AD	rs9257773	6	29327036	PASS
CAT-AD	rs9257774	6	29327043	PASS
CAT-AD	rs9257775	6	29327079	PASS
CAT-AD	rs12197616	6	29330638	PASS
CAT-AD	rs10456371	6	29335925	PASS
CAT-AD	rs9295804	6	29336147	PASS
CAT-AD	rs10456372	6	29341449	PASS
CAT-AD	rs3749970	6	29342825	PASS
CAT-AD	rs10456373	6	29343333	PASS
CAT-AD	rs5003264	6	29343989	PASS
CAT-AD	rs5003265	6	29344036	PASS
CAT-AD	rs5003266	6	29344083	PASS
CAT-AD	rs5003267	6	29344102	PASS
CAT-AD	rs28359953	6	29344179	PASS
CAT-AD	rs28359954	6	29344447	PASS
CAT-AD	rs4598109	6	29344704	PASS
CAT-AD	rs2144425	6	29344939	PASS
CAT-AD	rs2144426	6	29345029	PASS
CAT-AD	rs238885	6	29345631	PASS
CAT-AD	rs238882	6	29346363	PASS
CAT-AD	rs238881	6	29346989	PASS
CAT-AD	rs238880	6	29347044	PASS
CAT-AD	rs3117441	6	29348074	PASS
CAT-AD	rs3094558	6	29348942	PASS
CAT-AD	rs3117442	6	29349091	PASS
CAT-AD	rs238878	6	29349232	PASS
CAT-AD	rs2158280	6	29349327	PASS
CAT-AD	rs238877	6	29349494	PASS
CAT-AD	rs238876	6	29349609	PASS
CAT-AD	rs3117444	6	29352943	PASS
CAT-AD	rs1419635	6	29355918	PASS
CAT-AD	rs9380123	6	29356118	PASS
CAT-AD	rs379157	6	29356587	PASS
CAT-AD	rs9348829	6	29360031	PASS
CAT-AD	rs9405124	6	29368813	PASS
CAT-AD	rs2394608	6	29372429	PASS
CAT-AD	rs12202249	6	29378575	PASS
CAT-AD	rs9393957	6	29378975	PASS
CAT-AD	rs9393958	6	29386387	PASS
CAT-AD	rs12193979	6	29386802	PASS
CAT-AD	rs9393959	6	29388652	PASS
CAT-AD	rs10807056	6	29390359	PASS
CAT-AD	rs10946990	6	29396646	PASS
CAT-AD	rs9295805	6	29397779	PASS
CAT-AD	rs7349863	6	29398859	PASS
CAT-AD	rs7349875	6	29398939	PASS
CAT-AD	rs7349876	6	29398941	PASS
CAT-AD	rs3117193	6	29411323	PASS
CAT-AD	rs12206077	6	29440741	PASS
CAT-AD	rs3117197	6	29449453	PASS
CAT-AD	rs1345227	6	29466956	PASS
CAT-AD	rs3131019	6	29470985	PASS
CAT-AD	rs734959	6	29474662	PASS
CAT-AD	rs734962	6	29474824	PASS
CAT-AD	rs3131021	6	29476142	PASS
CAT-AD	rs3130849	6	29480556	PASS
CAT-AD	rs3094572	6	29480993	PASS
CAT-AD	rs1362075	6	29482128	PASS
CAT-AD	rs3130852	6	29483598	PASS
CAT-AD	rs1592412	6	29483839	PASS
CAT-AD	rs3130854	6	29486070	PASS
CAT-AD	rs3094564	6	29486345	PASS
CAT-AD	rs3094577	6	29533870	PASS
CAT-AD	rs3094578	6	29534057	PASS
CAT-AD	rs3117072	6	29534240	PASS
CAT-AD	rs3117073	6	29544825	PASS
CAT-AD	rs1233397	6	29545715	PASS
CAT-AD	rs2023497	6	29551333	PASS
CAT-AD	rs3129034	6	29555809	PASS
CAT-AD	rs3025643	6	29569955	PASS
CAT-AD	rs115938232	6	29725013	PASS
CAT-AD	rs28986310	6	29735797	PASS
CAT-AD	rs12722482	6	29797420	PASS
CAT-AD	rs2975031	6	29832919	PASS
CAT-AD	rs3132723	6	29834918	PASS
CAT-AD	rs3132722	6	29834951	PASS
CAT-AD	rs1611637	6	29836741	PASS
CAT-AD	rs9258883	6	29837188	PASS
CAT-AD	rs9258886	6	29837259	PASS
CAT-AD	rs3873265	6	29838009	PASS
CAT-AD	rs3132711	6	29841162	PASS
CAT-AD	rs9260052	6	29908111	PASS
CAT-AD	rs9260368	6	29917801	PASS
CAT-AD	rs17186335	6	29925268	PASS
CAT-AD	rs2571405	6	29934109	PASS
CAT-AD	rs2735080	6	29938853	PASS
CAT-AD	rs2735079	6	29938932	PASS
CAT-AD	rs435766	6	29939852	PASS
CAT-AD	rs380924	6	29939885	PASS
CAT-AD	rs2523957	6	29940260	PASS
CAT-AD	rs2256919	6	29940750	PASS
CAT-AD	rs444252	6	29941813	PASS
CAT-AD	rs2523948	6	29941857	PASS
CAT-AD	rs28780084	6	30081742	PASS
CAT-AD	rs28780085	6	30089257	PASS
CAT-AD	rs28780087	6	30109773	PASS
CAT-AD	rs28780088	6	30114289	PASS
CAT-AD	rs28780089	6	30115946	PASS
CAT-AD	rs12205877	6	30366143	PASS
CAT-AD	rs12205979	6	30366301	PASS
CAT-AD	rs7751647	6	30366910	PASS
CAT-AD	rs35118048	6	30367227	PASS
CAT-AD	rs35764894	6	30367313	PASS
CAT-AD	rs12203316	6	30368012	PASS
CAT-AD	rs1034324	6	30368612	PASS
CAT-AD	rs1034322	6	30368854	PASS
CAT-AD	rs10947071	6	30370753	PASS
CAT-AD	rs28780101	6	30374408	PASS
CAT-AD	rs28780102	6	30374481	PASS
CAT-AD	rs35736039	6	30375601	PASS
CAT-AD	rs1592415	6	30377906	PASS
CAT-AD	rs13199247	6	30378789	PASS
CAT-AD	rs17195054	6	30384604	PASS
CAT-AD	rs12210448	6	30386236	PASS
CAT-AD	rs12198379	6	30386618	PASS
CAT-AD	rs4713331	6	30392795	PASS
CAT-AD	rs12215239	6	30393658	PASS
CAT-AD	rs34723946	6	30398055	PASS
CAT-AD	rs33976297	6	30398186	PASS
CAT-AD	rs35454801	6	30401676	PASS
CAT-AD	rs35743618	6	30403006	PASS
CAT-AD	rs17410877	6	30409156	PASS
CAT-AD	rs34111681	6	30418354	PASS
CAT-AD	rs1076832	6	30419831	PASS
CAT-AD	rs34521355	6	30429330	PASS
CAT-AD	rs34039931	6	30429355	PASS
CAT-AD	rs34124993	6	30432402	PASS
CAT-AD	rs6930977	6	30435288	PASS
CAT-AD	rs12214645	6	30435930	PASS
CAT-AD	rs17189001	6	30436976	PASS
CAT-AD	rs13220360	6	30440534	PASS
CAT-AD	rs6941668	6	30447353	PASS
CAT-AD	rs28780105	6	30448017	PASS
CAT-AD	rs28780106	6	30451515	PASS
CAT-AD	rs3734843	6	30453795	PASS
CAT-AD	rs34847854	6	30939237	PASS
CAT-AD	rs35101948	6	30959417	PASS
CAT-AD	rs34827119	6	30962136	PASS
CAT-AD	rs35955137	6	30963679	PASS
CAT-AD	rs35281047	6	30969168	PASS
CAT-AD	rs1819786	6	30969304	PASS
CAT-AD	rs9283889	6	30971466	PASS
CAT-AD	rs34746900	6	30979318	PASS
CAT-AD	rs12211782	6	30984878	PASS
CAT-AD	rs76075941	6	30988895	PASS
CAT-AD	rs147171105	6	30988909	PASS
CAT-AD	rs75217879	6	30990037	PASS
CAT-AD	rs35590025	6	30992111	PASS
CAT-AD	rs2523898	6	30993533	PASS
CAT-AD	rs34416364	6	31003469	PASS
CAT-AD	rs34507986	6	31052361	PASS
CAT-AD	rs2535298	6	31059462	PASS
CAT-AD	rs6901708	6	31061581	PASS
CAT-AD	rs35944195	6	31074829	PASS
CAT-AD	rs1042148	6	31083107	PASS
CAT-AD	rs3130981	6	31083813	PASS
CAT-AD	rs707913	6	31084787	PASS
CAT-AD	rs3095304	6	31092767	PASS
CAT-AD	rs3094199	6	31093326	PASS
CAT-AD	rs3094197	6	31093485	PASS
CAT-AD	rs3094196	6	31093947	PASS
CAT-AD	rs3131004	6	31095294	PASS
CAT-AD	rs3131005	6	31095864	PASS
CAT-AD	rs2844633	6	31096189	PASS
CAT-AD	rs3130559	6	31097301	PASS
CAT-AD	rs3130560	6	31097453	PASS
CAT-AD	rs3131008	6	31098381	PASS
CAT-AD	rs9468874	6	31102241	PASS
CAT-AD	rs1265102	6	31102781	PASS
CAT-AD	rs3130568	6	31102884	PASS
CAT-AD	rs3132565	6	31102964	PASS
CAT-AD	rs1265100	6	31105310	PASS
CAT-AD	rs1265099	6	31105413	PASS
CAT-AD	rs1265096	6	31106489	PASS
CAT-AD	rs1265090	6	31108169	PASS
CAT-AD	rs3132540	6	31109943	PASS
CAT-AD	rs1265082	6	31111606	PASS
CAT-AD	rs3131011	6	31111625	PASS
CAT-AD	rs3132539	6	31113030	PASS
CAT-AD	rs1265075	6	31113113	PASS
CAT-AD	rs3132538	6	31113842	PASS
CAT-AD	rs2240065	6	31114449	PASS
CAT-AD	rs2240062	6	31114762	PASS
CAT-AD	rs1265070	6	31115207	PASS
CAT-AD	rs9263761	6	31116739	PASS
CAT-AD	rs3094227	6	31117378	PASS
CAT-AD	rs1265110	6	31119422	PASS
CAT-AD	rs1265107	6	31121529	PASS
CAT-AD	rs3094187	6	31126944	PASS
CAT-AD	rs9263788	6	31128259	PASS
CAT-AD	rs3130934	6	31128552	PASS
CAT-AD	rs2394882	6	31132649	PASS
CAT-AD	rs2106074	6	31133509	PASS
CAT-AD	rs3130932	6	31133943	PASS
CAT-AD	rs3130931	6	31134888	PASS
CAT-AD	rs1419880	6	31135197	PASS
CAT-AD	rs3094195	6	31135966	PASS
CAT-AD	rs3130503	6	31137165	PASS
CAT-AD	rs1265160	6	31138371	PASS
CAT-AD	rs3132517	6	31141836	PASS
CAT-AD	rs887464	6	31145920	PASS
CAT-AD	rs9357113	6	31149091	PASS
CAT-AD	rs9380221	6	31150873	PASS
CAT-AD	rs7753892	6	31154262	PASS
CAT-AD	rs7772290	6	31154358	PASS
CAT-AD	rs6921663	6	31154620	PASS
CAT-AD	rs6922051	6	31154820	PASS
CAT-AD	rs4713442	6	31155405	PASS
CAT-AD	rs28360056	6	31155434	PASS
CAT-AD	rs28360057	6	31155532	PASS
CAT-AD	rs28360058	6	31155615	PASS
CAT-AD	rs28360059	6	31155920	PASS
CAT-AD	rs9357115	6	31155991	PASS
CAT-AD	rs9378115	6	31156465	PASS
CAT-AD	rs9295957	6	31157593	PASS
CAT-AD	rs9391818	6	31157738	PASS
CAT-AD	rs28749549	6	31157830	PASS
CAT-AD	rs7755702	6	31158373	PASS
CAT-AD	rs7741829	6	31158832	PASS
CAT-AD	rs28360060	6	31159533	PASS
CAT-AD	rs28749550	6	31159911	PASS
CAT-AD	rs28360063	6	31160298	PASS
CAT-AD	rs6899874	6	31162328	PASS
CAT-AD	rs28360064	6	31162384	PASS
CAT-AD	rs9295960	6	31163566	PASS
CAT-AD	rs9391819	6	31163569	PASS
CAT-AD	rs6901685	6	31163796	PASS
CAT-AD	rs6922744	6	31164352	PASS
CAT-AD	rs6922756	6	31164410	PASS
CAT-AD	rs6927253	6	31164472	PASS
CAT-AD	rs28360067	6	31164580	PASS
CAT-AD	rs28397268	6	31164590	PASS
CAT-AD	rs28397269	6	31164595	PASS
CAT-AD	rs28397270	6	31164635	PASS
CAT-AD	rs28397271	6	31164643	PASS
CAT-AD	rs28397273	6	31164750	PASS
CAT-AD	rs28397275	6	31164770	PASS
CAT-AD	rs28397277	6	31164943	PASS
CAT-AD	rs28397282	6	31165846	PASS
CAT-AD	rs9391712	6	31166719	PASS
CAT-AD	rs28397284	6	31166936	PASS
CAT-AD	rs9394042	6	31167011	PASS
CAT-AD	rs9380222	6	31167213	PASS
CAT-AD	rs28397285	6	31167347	PASS
CAT-AD	rs28397286	6	31167573	PASS
CAT-AD	rs4122189	6	31167927	PASS
CAT-AD	rs11961983	6	31168483	PASS
CAT-AD	rs9380223	6	31168588	PASS
CAT-AD	rs9366769	6	31169289	PASS
CAT-AD	rs10807081	6	31169764	PASS
CAT-AD	rs9263869	6	31170014	PASS
CAT-AD	rs9263875	6	31170914	PASS
CAT-AD	rs17191181	6	31171876	PASS
CAT-AD	rs6913015	6	31174655	PASS
CAT-AD	rs6914710	6	31175284	PASS
CAT-AD	rs3887152	6	31176335	PASS
CAT-AD	rs3887153	6	31176461	PASS
CAT-AD	rs34837204	6	31188436	PASS
CAT-AD	rs28397289	6	31197407	PASS
CAT-AD	rs6908994	6	31198709	PASS
CAT-AD	rs6932070	6	31198896	PASS
CAT-AD	rs11967600	6	31199573	PASS
CAT-AD	rs9501530	6	31201207	PASS
CAT-AD	rs9501532	6	31201665	PASS
CAT-AD	rs7745197	6	31203766	PASS
CAT-AD	rs7745906	6	31204008	PASS
CAT-AD	rs28397302	6	31218452	PASS
CAT-AD	rs11962994	6	31219289	PASS
CAT-AD	rs28397303	6	31219763	PASS
CAT-AD	rs17197839	6	31221299	PASS
CAT-AD	rs11967011	6	31221540	PASS
CAT-AD	rs3095256	6	31221573	PASS
CAT-AD	rs3095255	6	31221581	PASS
CAT-AD	rs9264227	6	31222119	PASS
CAT-AD	rs9264341	6	31227713	PASS
CAT-AD	rs9264346	6	31228040	PASS
CAT-AD	rs9264358	6	31228267	PASS
CAT-AD	rs9264368	6	31228460	PASS
CAT-AD	rs9264374	6	31228666	PASS
CAT-AD	rs9264375	6	31228707	PASS
CAT-AD	rs3132493	6	31228868	PASS
CAT-AD	rs3130541	6	31229041	PASS
CAT-AD	rs9264396	6	31229307	PASS
CAT-AD	rs9264405	6	31229593	PASS
CAT-AD	rs9264406	6	31229610	PASS
CAT-AD	rs11966319	6	31229678	PASS
CAT-AD	rs9264411	6	31229845	PASS
CAT-AD	rs2245731	6	31229966	PASS
CAT-AD	rs9264417	6	31230078	PASS
CAT-AD	rs9264427	6	31230356	PASS
CAT-AD	rs9264428	6	31230452	PASS
CAT-AD	rs2394951	6	31230759	PASS
CAT-AD	rs2394952	6	31230882	PASS
CAT-AD	rs3130445	6	31231809	PASS
CAT-AD	rs3130542	6	31232111	PASS
CAT-AD	rs9264482	6	31232412	PASS
CAT-AD	rs9264502	6	31232913	PASS
CAT-AD	rs9264505	6	31233121	PASS
CAT-AD	rs9264507	6	31233152	PASS
CAT-AD	rs9264508	6	31233214	PASS
CAT-AD	rs2894202	6	31233270	PASS
CAT-AD	rs2394956	6	31233456	PASS
CAT-AD	rs9264533	6	31234494	PASS
CAT-AD	rs9264548	6	31234771	PASS
CAT-AD	rs9264554	6	31234855	PASS
CAT-AD	rs9264556	6	31234948	PASS
CAT-AD	rs9264559	6	31235127	PASS
CAT-AD	rs9264570	6	31235421	PASS
CAT-AD	rs9264582	6	31235816	PASS
CAT-AD	rs6923313	6	31241370	PASS
CAT-AD	rs2524084	6	31241639	PASS
CAT-AD	rs2844616	6	31242639	PASS
CAT-AD	rs3132489	6	31242674	PASS
CAT-AD	rs3130693	6	31242859	PASS
CAT-AD	rs3132486	6	31243170	PASS
CAT-AD	rs3132484	6	31243410	PASS
CAT-AD	rs3132483	6	31243414	PASS
CAT-AD	rs3132482	6	31243420	PASS
CAT-AD	rs2844607	6	31247441	PASS
CAT-AD	rs2524062	6	31248204	PASS
CAT-AD	rs35193884	6	31249611	PASS
CAT-AD	rs2853915	6	31275289	PASS
CAT-AD	rs34972021	6	31299958	PASS
CAT-AD	rs6902116	6	31300286	PASS
CAT-AD	rs9265909	6	31313714	PASS
CAT-AD	rs9265988	6	31316387	PASS
CAT-AD	rs9265995	6	31316535	PASS
CAT-AD	rs9266002	6	31316713	PASS
CAT-AD	rs2923006	6	31317099	PASS
CAT-AD	rs2156875	6	31317347	PASS
CAT-AD	rs2187578	6	31317478	PASS
CAT-AD	rs2596506	6	31318553	PASS
CAT-AD	rs2523615	6	31320642	PASS
CAT-AD	rs2523614	6	31320654	PASS
CAT-AD	rs2844585	6	31321360	PASS
CAT-AD	rs34265426	6	31325684	PASS
CAT-AD	rs9405085	6	31326292	PASS
CAT-AD	rs9380248	6	31328475	PASS
CAT-AD	rs2523572	6	31329494	PASS
CAT-AD	rs73390248	6	31329834	PASS
CAT-AD	rs9266635	6	31346979	PASS
CAT-AD	rs9266640	6	31347070	PASS
CAT-AD	rs9266642	6	31347201	PASS
CAT-AD	rs2244027	6	31347566	PASS
CAT-AD	rs9266658	6	31347644	PASS
CAT-AD	rs9266663	6	31347982	PASS
CAT-AD	rs9266688	6	31348543	PASS
CAT-AD	rs9266701	6	31349030	PASS
CAT-AD	rs9266703	6	31349120	PASS
CAT-AD	rs9266722	6	31349922	PASS
CAT-AD	rs4293988	6	31350380	PASS
CAT-AD	rs9266749	6	31351313	PASS
CAT-AD	rs6920323	6	31352060	PASS
CAT-AD	rs9266774	6	31352880	PASS
CAT-AD	rs9266775	6	31353417	PASS
CAT-AD	rs12524487	6	31354238	PASS
CAT-AD	rs2596560	6	31355318	PASS
CAT-AD	rs9368692	6	31359449	PASS
CAT-AD	rs2523466	6	31363026	PASS
CAT-AD	rs2251396	6	31364707	PASS
CAT-AD	rs2523457	6	31365707	PASS
CAT-AD	rs2523454	6	31367865	PASS
CAT-AD	rs2523451	6	31369151	PASS
CAT-AD	rs2844518	6	31372569	PASS
CAT-AD	rs2442715	6	31373174	PASS
CAT-AD	rs12174396	6	31374579	PASS
CAT-AD	rs3828879	6	31379391	PASS
CAT-AD	rs62395263	6	31381611	PASS
CAT-AD	rs9501109	6	31392118	PASS
CAT-AD	rs2596468	6	31392308	PASS
CAT-AD	rs2524278	6	31398784	PASS
CAT-AD	rs2848709	6	31404690	PASS
CAT-AD	rs73404245	6	31410327	PASS
CAT-AD	rs3899823	6	31410597	PASS
CAT-AD	rs3869129	6	31410649	PASS
CAT-AD	rs3869130	6	31410751	PASS
CAT-AD	rs3869131	6	31410885	PASS
CAT-AD	rs7769942	6	31411377	PASS
CAT-AD	rs34259803	6	31411519	PASS
CAT-AD	rs2395005	6	31412652	PASS
CAT-AD	rs2596465	6	31412948	PASS
CAT-AD	rs2596464	6	31412961	PASS
CAT-AD	rs2516466	6	31414327	PASS
CAT-AD	rs2523674	6	31436789	PASS
CAT-AD	rs2523673	6	31436995	PASS
CAT-AD	rs2523669	6	31437872	PASS
CAT-AD	rs2596450	6	31438243	PASS
CAT-AD	rs2523663	6	31439740	PASS
CAT-AD	rs2596443	6	31443436	PASS
CAT-AD	rs2516516	6	31443570	PASS
CAT-AD	rs2516435	6	31444934	PASS
CAT-AD	rs2516515	6	31444967	PASS
CAT-AD	rs2844502	6	31445216	PASS
CAT-AD	rs2248251	6	31445498	PASS
CAT-AD	rs2395488	6	31445909	PASS
CAT-AD	rs2395489	6	31446007	PASS
CAT-AD	rs2248351	6	31446009	PASS
CAT-AD	rs2248352	6	31446018	PASS
CAT-AD	rs2904777	6	31446129	PASS
CAT-AD	rs2516425	6	31446200	PASS
CAT-AD	rs2248459	6	31446710	PASS
CAT-AD	rs2243429	6	31446820	PASS
CAT-AD	rs2596536	6	31447848	PASS
CAT-AD	rs2516424	6	31448315	PASS
CAT-AD	rs2248613	6	31448432	PASS
CAT-AD	rs2248617	6	31448533	PASS
CAT-AD	rs2248709	6	31449046	PASS
CAT-AD	rs2905722	6	31449327	PASS
CAT-AD	rs2516510	6	31449914	PASS
CAT-AD	rs2516508	6	31450340	PASS
CAT-AD	rs2860233	6	31450702	PASS
CAT-AD	rs2523708	6	31451279	PASS
CAT-AD	rs2905747	6	31451476	PASS
CAT-AD	rs2523707	6	31451532	PASS
CAT-AD	rs2523706	6	31451567	PASS
CAT-AD	rs2904602	6	31451847	PASS
CAT-AD	rs2516504	6	31452475	PASS
CAT-AD	rs2516419	6	31452673	PASS
CAT-AD	rs2523701	6	31452959	PASS
CAT-AD	rs2516500	6	31453640	PASS
CAT-AD	rs3132469	6	31456567	PASS
CAT-AD	rs2428499	6	31458293	PASS
CAT-AD	rs9267294	6	31458514	PASS
CAT-AD	rs2905724	6	31458954	PASS
CAT-AD	rs2516415	6	31459742	PASS
CAT-AD	rs2395039	6	31460518	PASS
CAT-AD	rs2516413	6	31461509	PASS
CAT-AD	rs2253040	6	31461778	PASS
CAT-AD	rs2534685	6	31462245	PASS
CAT-AD	rs2516412	6	31462321	PASS
CAT-AD	rs2534684	6	31462672	PASS
CAT-AD	rs2516499	6	31463325	PASS
CAT-AD	rs2516408	6	31463491	PASS
CAT-AD	rs2534680	6	31463577	PASS
CAT-AD	rs3130925	6	31463621	PASS
CAT-AD	rs3130926	6	31463680	PASS
CAT-AD	rs2534679	6	31463790	PASS
CAT-AD	rs2534676	6	31464029	PASS
CAT-AD	rs3095234	6	31464571	PASS
CAT-AD	rs2534675	6	31464798	PASS
CAT-AD	rs3130927	6	31464992	PASS
CAT-AD	rs2534674	6	31465103	PASS
CAT-AD	rs3134897	6	31466547	PASS
CAT-AD	rs2855816	6	31466879	PASS
CAT-AD	rs2855817	6	31466885	PASS
CAT-AD	rs2855802	6	31467111	PASS
CAT-AD	rs2855804	6	31467365	PASS
CAT-AD	rs2534666	6	31468546	PASS
CAT-AD	rs2855807	6	31469323	PASS
CAT-AD	rs3093955	6	31469649	PASS
CAT-AD	rs2855808	6	31469668	PASS
CAT-AD	rs2534663	6	31469933	PASS
CAT-AD	rs3095232	6	31470148	PASS
CAT-AD	rs3095231	6	31470343	PASS
CAT-AD	rs3095230	6	31470673	PASS
CAT-AD	rs2855810	6	31471129	PASS
CAT-AD	rs3094002	6	31471222	PASS
CAT-AD	rs2516427	6	31471454	PASS
CAT-AD	rs2534659	6	31472149	PASS
CAT-AD	rs2516426	6	31472308	PASS
CAT-AD	rs2855812	6	31472720	PASS
CAT-AD	rs28703977	6	31472792	PASS
CAT-AD	rs3134899	6	31473286	PASS
CAT-AD	rs3131639	6	31473546	PASS
CAT-AD	rs1065075	6	31473561	PASS
CAT-AD	rs2286713	6	31473844	PASS
CAT-AD	rs1051788	6	31474000	PASS
CAT-AD	rs2242955	6	31474280	PASS
CAT-AD	rs3093954	6	31474449	PASS
CAT-AD	rs2844500	6	31474685	PASS
CAT-AD	rs3093953	6	31474688	PASS
CAT-AD	rs3131638	6	31475127	PASS
CAT-AD	rs3130615	6	31475413	PASS
CAT-AD	rs3132468	6	31475486	PASS
CAT-AD	rs3093952	6	31475764	PASS
CAT-AD	rs28729827	6	31475811	PASS
CAT-AD	rs3131636	6	31476094	PASS
CAT-AD	rs3131635	6	31476134	PASS
CAT-AD	rs3134891	6	31476265	PASS
CAT-AD	rs3132466	6	31476339	PASS
CAT-AD	rs3134892	6	31476340	PASS
CAT-AD	rs3134893	6	31476514	PASS
CAT-AD	rs3134894	6	31476833	PASS
CAT-AD	rs3132465	6	31476995	PASS
CAT-AD	rs3134895	6	31477022	PASS
CAT-AD	rs3131634	6	31477189	PASS
CAT-AD	rs3132464	6	31477461	PASS
CAT-AD	rs1065076	6	31477681	PASS
CAT-AD	rs2246618	6	31478986	PASS
CAT-AD	rs3132463	6	31479645	PASS
CAT-AD	rs2844497	6	31480133	PASS
CAT-AD	rs3132462	6	31480578	PASS
CAT-AD	rs3132460	6	31480671	PASS
CAT-AD	rs2516404	6	31480744	PASS
CAT-AD	rs2516403	6	31480874	PASS
CAT-AD	rs3132459	6	31481092	PASS
CAT-AD	rs2516400	6	31481105	PASS
CAT-AD	rs2516398	6	31481526	PASS
CAT-AD	rs2516494	6	31482592	PASS
CAT-AD	rs2844494	6	31483415	PASS
CAT-AD	rs3131632	6	31483752	PASS
CAT-AD	rs3094000	6	31484054	PASS
CAT-AD	rs2395045	6	31484517	PASS
CAT-AD	rs3132457	6	31484561	PASS
CAT-AD	rs3868087	6	31484892	PASS
CAT-AD	rs3131630	6	31485354	PASS
CAT-AD	rs3132456	6	31486300	PASS
CAT-AD	rs72847209	6	31487067	PASS
CAT-AD	rs3130639	6	31487320	PASS
CAT-AD	rs3130637	6	31488145	PASS
CAT-AD	rs3130636	6	31488191	PASS
CAT-AD	rs3095228	6	31488763	PASS
CAT-AD	rs3093994	6	31490372	PASS
CAT-AD	rs3093993	6	31490725	PASS
CAT-AD	rs9469021	6	31490970	PASS
CAT-AD	rs3095227	6	31491000	PASS
CAT-AD	rs3093992	6	31491131	PASS
CAT-AD	rs3093991	6	31491467	PASS
CAT-AD	rs3130635	6	31492004	PASS
CAT-AD	rs3095226	6	31492025	PASS
CAT-AD	rs3130634	6	31492970	PASS
CAT-AD	rs2516486	6	31494202	PASS
CAT-AD	rs3130055	6	31497399	PASS
CAT-AD	rs1055388	6	31501737	PASS
CAT-AD	rs9267485	6	31505790	PASS
CAT-AD	rs933208	6	31506648	PASS
CAT-AD	rs2523507	6	31509355	PASS
CAT-AD	rs2239525	6	31509372	PASS
CAT-AD	rs2239526	6	31509432	PASS
CAT-AD	rs2239528	6	31510105	PASS
CAT-AD	rs2523504	6	31510858	PASS
CAT-AD	rs111874448	6	31512123	PASS
CAT-AD	rs116282626	6	31515619	PASS
CAT-AD	rs2256965	6	31555130	PASS
CAT-AD	rs3135041	6	31555657	PASS
CAT-AD	rs2736192	6	31559353	PASS
CAT-AD	rs139139829	6	31563571	PASS
CAT-AD	rs2736186	6	31572333	PASS
CAT-AD	rs28732147	6	31572634	PASS
CAT-AD	rs2857600	6	31582287	PASS
CAT-AD	rs2736177	6	31586094	PASS
CAT-AD	rs3130621	6	31587083	PASS
CAT-AD	rs3130070	6	31591808	PASS
CAT-AD	rs3115664	6	31592636	PASS
CAT-AD	rs3132450	6	31596138	PASS
CAT-AD	rs3130623	6	31597700	PASS
CAT-AD	rs3130624	6	31597875	PASS
CAT-AD	rs3130625	6	31597915	PASS
CAT-AD	rs3130626	6	31598489	PASS
CAT-AD	rs2736157	6	31600820	PASS
CAT-AD	rs3130627	6	31600851	PASS
CAT-AD	rs3115663	6	31601843	PASS
CAT-AD	rs11229	6	31603770	PASS
CAT-AD	rs10885	6	31604591	PASS
CAT-AD	rs3130628	6	31609272	PASS
CAT-AD	rs3130047	6	31610479	PASS
CAT-AD	rs3130050	6	31618761	PASS
CAT-AD	rs3115669	6	31619024	PASS
CAT-AD	rs3117583	6	31619576	PASS
CAT-AD	rs3117582	6	31620520	PASS
CAT-AD	rs3117581	6	31624864	PASS
CAT-AD	rs3132449	6	31626013	PASS
CAT-AD	rs3130617	6	31627523	PASS
CAT-AD	rs3117580	6	31630968	PASS
CAT-AD	rs3130618	6	31632134	PASS
CAT-AD	rs3117579	6	31633496	PASS
CAT-AD	rs3117578	6	31636031	PASS
CAT-AD	rs9267531	6	31636742	PASS
CAT-AD	rs3131376	6	31646683	PASS
CAT-AD	rs1475865	6	31657413	PASS
CAT-AD	rs9267539	6	31666424	PASS
CAT-AD	rs9267544	6	31671557	PASS
CAT-AD	rs9267549	6	31677391	PASS
CAT-AD	rs2272592	6	31698352	PASS
CAT-AD	rs17201046	6	31699573	PASS
CAT-AD	rs3131383	6	31704294	PASS
CAT-AD	rs3101018	6	31705864	PASS
CAT-AD	rs3131381	6	31708463	PASS
CAT-AD	rs3131380	6	31709778	PASS
CAT-AD	rs28745895	6	31709969	PASS
CAT-AD	rs3132445	6	31712196	PASS
CAT-AD	rs3132443	6	31714031	PASS
CAT-AD	rs3130484	6	31715882	PASS
CAT-AD	rs3117572	6	31717692	PASS
CAT-AD	rs3131379	6	31721033	PASS
CAT-AD	rs3130487	6	31723389	PASS
CAT-AD	rs3117574	6	31725230	PASS
CAT-AD	rs3131378	6	31725285	PASS
CAT-AD	rs3117575	6	31726253	PASS
CAT-AD	rs3117576	6	31726794	PASS
CAT-AD	rs3117577	6	31727474	PASS
CAT-AD	rs3115672	6	31727897	PASS
CAT-AD	rs113525864	6	31733186	PASS
CAT-AD	rs3101017	6	31733466	PASS
CAT-AD	rs3115671	6	31734345	PASS
CAT-AD	rs3130490	6	31739120	PASS
CAT-AD	rs114936741	6	31744148	PASS
CAT-AD	rs3130491	6	31745464	PASS
CAT-AD	rs915652	6	31749142	PASS
CAT-AD	rs915651	6	31749184	PASS
CAT-AD	rs142006308	6	31757791	PASS
CAT-AD	rs2607014	6	31761213	PASS
CAT-AD	rs2736425	6	31765984	PASS
CAT-AD	rs2763980	6	31766660	PASS
CAT-AD	rs146752130	6	31768538	PASS
CAT-AD	rs681331	6	31768799	PASS
CAT-AD	rs625421	6	31772093	PASS
CAT-AD	rs553414	6	31777192	PASS
CAT-AD	rs2227956	6	31778272	PASS
CAT-AD	rs1265947	6	31787167	PASS
CAT-AD	rs11576014	6	31795536	PASS
CAT-AD	rs3115674	6	31799076	PASS
CAT-AD	rs9267576	6	31812038	PASS
CAT-AD	rs9267577	6	31813774	PASS
CAT-AD	rs7451017	6	31820659	PASS
CAT-AD	rs9267649	6	31824828	PASS
CAT-AD	rs11965547	6	31836151	PASS
CAT-AD	rs57165260	6	31836202	PASS
CAT-AD	rs9267653	6	31840415	PASS
CAT-AD	rs9267654	6	31841009	PASS
CAT-AD	rs9267658	6	31845985	PASS
CAT-AD	rs9267659	6	31846234	PASS
CAT-AD	rs6457457	6	31878108	PASS
CAT-AD	rs3130681	6	31880611	PASS
CAT-AD	rs3130682	6	31884823	PASS
CAT-AD	rs3130683	6	31888367	PASS
CAT-AD	rs12524149	6	31945230	PASS
CAT-AD	rs2734325	6	31945646	PASS
CAT-AD	rs3132942	6	32176512	PASS
CAT-AD	rs3131290	6	32183175	PASS
CAT-AD	rs915894	6	32190390	PASS
CAT-AD	rs439303	6	32208921	PASS
CAT-AD	rs12529559	6	32209198	PASS
CAT-AD	rs12526413	6	32212611	PASS
CAT-AD	rs9267951	6	32212655	PASS
CAT-AD	rs9267952	6	32212694	PASS
CAT-AD	rs9267953	6	32212699	PASS
CAT-AD	rs9267955	6	32213150	PASS
CAT-AD	rs454748	6	32213210	PASS
CAT-AD	rs9267956	6	32213638	PASS
CAT-AD	rs440169	6	32213788	PASS
CAT-AD	rs547153	6	32214193	PASS
CAT-AD	rs9267958	6	32214616	PASS
CAT-AD	rs2894239	6	32215796	PASS
CAT-AD	rs3115575	6	32216891	PASS
CAT-AD	rs6457508	6	32216963	PASS
CAT-AD	rs6457510	6	32217046	PASS
CAT-AD	rs9267970	6	32217160	PASS
CAT-AD	rs9267971	6	32217185	PASS
CAT-AD	rs3130312	6	32217436	PASS
CAT-AD	rs3130313	6	32217453	PASS
CAT-AD	rs2894240	6	32217846	PASS
CAT-AD	rs3115573	6	32218843	PASS
CAT-AD	rs3096701	6	32219159	PASS
CAT-AD	rs9267992	6	32220397	PASS
CAT-AD	rs3130315	6	32220685	PASS
CAT-AD	rs9267996	6	32221934	PASS
CAT-AD	rs3115570	6	32222706	PASS
CAT-AD	rs9268000	6	32223531	PASS
CAT-AD	rs9268005	6	32224388	PASS
CAT-AD	rs9268035	6	32227488	PASS
CAT-AD	rs111750542	6	32227556	PASS
CAT-AD	rs9268043	6	32229572	PASS
CAT-AD	rs9268045	6	32229655	PASS
CAT-AD	rs4959091	6	32231014	PASS
CAT-AD	rs2395114	6	32233547	PASS
CAT-AD	rs9268081	6	32234412	PASS
CAT-AD	rs9268082	6	32234953	PASS
CAT-AD	rs9268086	6	32238266	PASS
CAT-AD	rs6928678	6	32238280	PASS
CAT-AD	rs2395115	6	32238802	PASS
CAT-AD	rs2022539	6	32239558	PASS
CAT-AD	rs9268104	6	32246919	PASS
CAT-AD	rs9268112	6	32247990	PASS
CAT-AD	rs9268115	6	32248364	PASS
CAT-AD	rs9268118	6	32249987	PASS
CAT-AD	rs7454557	6	32252274	PASS
CAT-AD	rs9268128	6	32253884	PASS
CAT-AD	rs9268138	6	32255454	PASS
CAT-AD	rs9268141	6	32256132	PASS
CAT-AD	rs9268145	6	32257284	PASS
CAT-AD	rs4713518	6	32257337	PASS
CAT-AD	rs926070	6	32257566	PASS
CAT-AD	rs482194	6	32260559	PASS
CAT-AD	rs560505	6	32261771	PASS
CAT-AD	rs6457535	6	32262406	PASS
CAT-AD	rs17422797	6	32265528	PASS
CAT-AD	rs518374	6	32265710	PASS
CAT-AD	rs565571	6	32266535	PASS
CAT-AD	rs533876	6	32268980	PASS
CAT-AD	rs9268157	6	32269359	PASS
CAT-AD	rs477005	6	32270500	PASS
CAT-AD	rs522254	6	32273060	PASS
CAT-AD	rs1265776	6	32276502	PASS
CAT-AD	rs113136355	6	32277509	PASS
CAT-AD	rs502626	6	32278266	PASS
CAT-AD	rs547261	6	32282033	PASS
CAT-AD	rs2395141	6	32282068	PASS
CAT-AD	rs6910071	6	32282854	PASS
CAT-AD	rs543928	6	32285248	PASS
CAT-AD	rs557539	6	32286680	PASS
CAT-AD	rs2022542	6	32286685	PASS
CAT-AD	rs560324	6	32286984	PASS
CAT-AD	rs580921	6	32287496	PASS
CAT-AD	rs9268230	6	32287567	PASS
CAT-AD	rs575765	6	32288041	PASS
CAT-AD	rs574710	6	32288190	PASS
CAT-AD	rs539703	6	32288462	PASS
CAT-AD	rs540639	6	32288564	PASS
CAT-AD	rs542525	6	32288805	PASS
CAT-AD	rs546857	6	32289240	PASS
CAT-AD	rs547077	6	32289318	PASS
CAT-AD	rs572730	6	32289764	PASS
CAT-AD	rs72849457	6	32289808	PASS
CAT-AD	rs4428543	6	32290704	PASS
CAT-AD	rs487649	6	32290748	PASS
CAT-AD	rs4279480	6	32290927	PASS
CAT-AD	rs485774	6	32290954	PASS
CAT-AD	rs4348357	6	32291359	PASS
CAT-AD	rs742697	6	32291542	PASS
CAT-AD	rs523627	6	32291837	PASS
CAT-AD	rs525607	6	32292084	PASS
CAT-AD	rs552339	6	32292715	PASS
CAT-AD	rs3132957	6	32292956	PASS
CAT-AD	rs533885	6	32293152	PASS
CAT-AD	rs510181	6	32293434	PASS
CAT-AD	rs2077002	6	32293532	PASS
CAT-AD	rs471964	6	32293671	PASS
CAT-AD	rs504703	6	32294017	PASS
CAT-AD	rs476584	6	32294192	PASS
CAT-AD	rs3129905	6	32294563	PASS
CAT-AD	rs501545	6	32294566	PASS
CAT-AD	rs476885	6	32294712	PASS
CAT-AD	rs504203	6	32294843	PASS
CAT-AD	rs505274	6	32294992	PASS
CAT-AD	rs508805	6	32295350	PASS
CAT-AD	rs524578	6	32295357	PASS
CAT-AD	rs6913605	6	32295694	PASS
CAT-AD	rs6457542	6	32295828	PASS
CAT-AD	rs6457543	6	32296029	PASS
CAT-AD	rs6457544	6	32296057	PASS
CAT-AD	rs12528615	6	32296316	PASS
CAT-AD	rs10947252	6	32296375	PASS
CAT-AD	rs9348880	6	32296780	PASS
CAT-AD	rs9368711	6	32297156	PASS
CAT-AD	rs9368712	6	32297328	PASS
CAT-AD	rs9368713	6	32297337	PASS
CAT-AD	rs9368714	6	32297341	PASS
CAT-AD	rs9380289	6	32297417	PASS
CAT-AD	rs9296021	6	32297690	PASS
CAT-AD	rs9296022	6	32297955	PASS
CAT-AD	rs9405090	6	32298372	PASS
CAT-AD	rs72843213	6	32299173	PASS
CAT-AD	rs742582	6	32299715	PASS
CAT-AD	rs910052	6	32299873	PASS
CAT-AD	rs761190	6	32300470	PASS
CAT-AD	rs9394087	6	32300848	PASS
CAT-AD	rs9366793	6	32301289	PASS
CAT-AD	rs9348882	6	32301322	PASS
CAT-AD	rs9357140	6	32301514	PASS
CAT-AD	rs1474729	6	32302045	PASS
CAT-AD	rs1474728	6	32302067	PASS
CAT-AD	rs9405091	6	32302539	PASS
CAT-AD	rs9378257	6	32302541	PASS
CAT-AD	rs9405092	6	32302728	PASS
CAT-AD	rs9405093	6	32302741	PASS
CAT-AD	rs9378258	6	32302757	PASS
CAT-AD	rs10807100	6	32303068	PASS
CAT-AD	rs6929776	6	32303511	PASS
CAT-AD	rs28361060	6	32303848	PASS
CAT-AD	rs6930681	6	32304031	PASS
CAT-AD	rs973037	6	32305125	PASS
CAT-AD	rs2022535	6	32305142	PASS
CAT-AD	rs926594	6	32305370	PASS
CAT-AD	rs926591	6	32305690	PASS
CAT-AD	rs9368715	6	32306022	PASS
CAT-AD	rs9368716	6	32306090	PASS
CAT-AD	rs3817982	6	32306262	PASS
CAT-AD	rs2022534	6	32307137	PASS
CAT-AD	rs2022533	6	32307260	PASS
CAT-AD	rs1033500	6	32307382	PASS
CAT-AD	rs1033498	6	32307869	PASS
CAT-AD	rs1033497	6	32308062	PASS
CAT-AD	rs2395144	6	32308345	PASS
CAT-AD	rs4469285	6	32308642	PASS
CAT-AD	rs7453102	6	32308690	PASS
CAT-AD	rs2179579	6	32308734	PASS
CAT-AD	rs2179578	6	32308770	PASS
CAT-AD	rs2143466	6	32309323	PASS
CAT-AD	rs2143465	6	32309352	PASS
CAT-AD	rs2143464	6	32309434	PASS
CAT-AD	rs9268256	6	32309864	PASS
CAT-AD	rs9268257	6	32310103	PASS
CAT-AD	rs9268258	6	32310684	PASS
CAT-AD	rs9268259	6	32310803	PASS
CAT-AD	rs9268260	6	32310967	PASS
CAT-AD	rs1555116	6	32312740	PASS
CAT-AD	rs4576282	6	32312796	PASS
CAT-AD	rs9268271	6	32312883	PASS
CAT-AD	rs4959093	6	32313097	PASS
CAT-AD	rs4959094	6	32313136	PASS
CAT-AD	rs4959025	6	32313143	PASS
CAT-AD	rs4959026	6	32313461	PASS
CAT-AD	rs4959096	6	32314676	PASS
CAT-AD	rs9268283	6	32315173	PASS
CAT-AD	rs9268284	6	32315216	PASS
CAT-AD	rs9268285	6	32315557	PASS
CAT-AD	rs2076542	6	32317127	PASS
CAT-AD	rs2076541	6	32317215	PASS
CAT-AD	rs2076540	6	32317276	PASS
CAT-AD	rs2076538	6	32317471	PASS
CAT-AD	rs761187	6	32318036	PASS
CAT-AD	rs2143463	6	32318729	PASS
CAT-AD	rs9268301	6	32319637	PASS
CAT-AD	rs1265762	6	32321115	PASS
CAT-AD	rs1265760	6	32321872	PASS
CAT-AD	rs1265759	6	32322393	PASS
CAT-AD	rs1265758	6	32323529	PASS
CAT-AD	rs3129908	6	32325707	PASS
CAT-AD	rs3129909	6	32325710	PASS
CAT-AD	rs2395150	6	32326045	PASS
CAT-AD	rs9268307	6	32326531	PASS
CAT-AD	rs7775581	6	32326653	PASS
CAT-AD	rs6904608	6	32327727	PASS
CAT-AD	rs6904636	6	32327781	PASS
CAT-AD	rs3129910	6	32328296	PASS
CAT-AD	rs3129911	6	32328403	PASS
CAT-AD	rs7775978	6	32328895	PASS
CAT-AD	rs7776257	6	32328964	PASS
CAT-AD	rs7763071	6	32329644	PASS
CAT-AD	rs9268326	6	32330153	PASS
CAT-AD	rs9268329	6	32330174	PASS
CAT-AD	rs9268333	6	32330651	PASS
CAT-AD	rs6934200	6	32331069	PASS
CAT-AD	rs9268343	6	32331824	PASS
CAT-AD	rs9268344	6	32331837	PASS
CAT-AD	rs9268345	6	32331841	PASS
CAT-AD	rs3129921	6	32333093	PASS
CAT-AD	rs3129922	6	32333098	PASS
CAT-AD	rs3129923	6	32333195	PASS
CAT-AD	rs9268362	6	32333341	PASS
CAT-AD	rs9268363	6	32333410	PASS
CAT-AD	rs9268368	6	32333955	PASS
CAT-AD	rs9268370	6	32334258	PASS
CAT-AD	rs2073046	6	32336074	PASS
CAT-AD	rs9268384	6	32336586	PASS
CAT-AD	rs9268387	6	32337367	PASS
CAT-AD	rs2273017	6	32337630	PASS
CAT-AD	rs2073044	6	32338986	PASS
CAT-AD	rs2073045	6	32339548	PASS
CAT-AD	rs111625658	6	32339988	PASS
CAT-AD	rs1967688	6	32340068	PASS
CAT-AD	rs1980496	6	32340070	PASS
CAT-AD	rs9268400	6	32340654	PASS
CAT-AD	rs9378202	6	32341208	PASS
CAT-AD	rs9268401	6	32341318	PASS
CAT-AD	rs9391858	6	32341398	PASS
CAT-AD	rs9268403	6	32341473	PASS
CAT-AD	rs9268404	6	32341719	PASS
CAT-AD	rs9268405	6	32342087	PASS
CAT-AD	rs9268406	6	32342129	PASS
CAT-AD	rs9268407	6	32342166	PASS
CAT-AD	rs9268409	6	32342639	PASS
CAT-AD	rs9268413	6	32343095	PASS
CAT-AD	rs9268414	6	32343096	PASS
CAT-AD	rs9268416	6	32343384	PASS
CAT-AD	rs9268417	6	32343616	PASS
CAT-AD	rs9268418	6	32343686	PASS
CAT-AD	rs17208517	6	32343743	PASS
CAT-AD	rs9268421	6	32343869	PASS
CAT-AD	rs9268422	6	32343873	PASS
CAT-AD	rs9268423	6	32343882	PASS
CAT-AD	rs9268424	6	32343985	PASS
CAT-AD	rs9268425	6	32344376	PASS
CAT-AD	rs9268426	6	32344731	PASS
CAT-AD	rs9268427	6	32344808	PASS
CAT-AD	rs9268428	6	32344973	PASS
CAT-AD	rs9268429	6	32345052	PASS
CAT-AD	rs7758215	6	32345131	PASS
CAT-AD	rs2894252	6	32345443	PASS
CAT-AD	rs9268431	6	32345514	PASS
CAT-AD	rs9268432	6	32345667	PASS
CAT-AD	rs9268433	6	32345891	PASS
CAT-AD	rs9268436	6	32346637	PASS
CAT-AD	rs9268439	6	32346701	PASS
CAT-AD	rs1980495	6	32346794	PASS
CAT-AD	rs1980494	6	32347016	PASS
CAT-AD	rs8180659	6	32347280	PASS
CAT-AD	rs8180664	6	32347490	PASS
CAT-AD	rs8180673	6	32347532	PASS
CAT-AD	rs8180672	6	32347533	PASS
CAT-AD	rs9268446	6	32347749	PASS
CAT-AD	rs9268447	6	32347831	PASS
CAT-AD	rs2395155	6	32347897	PASS
CAT-AD	rs2395156	6	32348098	PASS
CAT-AD	rs2395157	6	32348145	PASS
CAT-AD	rs9268449	6	32348467	PASS
CAT-AD	rs9268450	6	32348690	PASS
CAT-AD	rs9268451	6	32349086	PASS
CAT-AD	rs9268452	6	32349494	PASS
CAT-AD	rs9268453	6	32349571	PASS
CAT-AD	rs9268454	6	32349711	PASS
CAT-AD	rs9268455	6	32349772	PASS
CAT-AD	rs9268456	6	32349946	PASS
CAT-AD	rs9268457	6	32350036	PASS
CAT-AD	rs9268458	6	32350384	PASS
CAT-AD	rs12527478	6	32350591	PASS
CAT-AD	rs9268459	6	32350776	PASS
CAT-AD	rs9268461	6	32351901	PASS
CAT-AD	rs9268462	6	32351991	PASS
CAT-AD	rs7767483	6	32352383	PASS
CAT-AD	rs1555114	6	32354629	PASS
CAT-AD	rs28362674	6	32354834	PASS
CAT-AD	rs17202211	6	32354888	PASS
CAT-AD	rs17202218	6	32355003	PASS
CAT-AD	rs17202225	6	32355109	PASS
CAT-AD	rs17208573	6	32355285	PASS
CAT-AD	rs17202239	6	32355677	PASS
CAT-AD	rs17202252	6	32355724	PASS
CAT-AD	rs17208601	6	32355808	PASS
CAT-AD	rs17208608	6	32355858	PASS
CAT-AD	rs62402731	6	32355981	PASS
CAT-AD	rs62402732	6	32356097	PASS
CAT-AD	rs72843281	6	32356272	PASS
CAT-AD	rs60219037	6	32356307	PASS
CAT-AD	rs66955287	6	32356356	PASS
CAT-AD	rs62402734	6	32356489	PASS
CAT-AD	rs62402735	6	32356573	PASS
CAT-AD	rs62402736	6	32356667	PASS
CAT-AD	rs62402738	6	32356755	PASS
CAT-AD	rs72843285	6	32356829	PASS
CAT-AD	rs72843287	6	32356839	PASS
CAT-AD	rs66812458	6	32356876	PASS
CAT-AD	rs67927165	6	32356917	PASS
CAT-AD	rs62402739	6	32357023	PASS
CAT-AD	rs17423649	6	32357133	PASS
CAT-AD	rs9268474	6	32357165	PASS
CAT-AD	rs17208615	6	32357333	PASS
CAT-AD	rs17208622	6	32357339	PASS
CAT-AD	rs72843289	6	32357344	PASS
CAT-AD	rs17208629	6	32357397	PASS
CAT-AD	rs17202259	6	32357489	PASS
CAT-AD	rs17202274	6	32357529	PASS
CAT-AD	rs12529049	6	32357715	PASS
CAT-AD	rs12529106	6	32358008	PASS
CAT-AD	rs12529107	6	32358011	PASS
CAT-AD	rs17208650	6	32358113	PASS
CAT-AD	rs17208657	6	32358144	PASS
CAT-AD	rs12525722	6	32358163	PASS
CAT-AD	rs17202302	6	32358205	PASS
CAT-AD	rs17202309	6	32358213	PASS
CAT-AD	rs9268475	6	32358231	PASS
CAT-AD	rs3129951	6	32358286	PASS
CAT-AD	rs17423691	6	32358345	PASS
CAT-AD	rs17423698	6	32358368	PASS
CAT-AD	rs114386417	6	32358458	PASS
CAT-AD	rs115303880	6	32358459	PASS
CAT-AD	rs17495592	6	32358533	PASS
CAT-AD	rs62402741	6	32358728	PASS
CAT-AD	rs72847903	6	32358834	PASS
CAT-AD	rs67019312	6	32358883	PASS
CAT-AD	rs1143257	6	32359133	PASS
CAT-AD	rs1143258	6	32359156	PASS
CAT-AD	rs62402742	6	32359163	PASS
CAT-AD	rs62402743	6	32359171	PASS
CAT-AD	rs1143259	6	32359208	PASS
CAT-AD	rs1143260	6	32359227	PASS
CAT-AD	rs1143261	6	32359230	PASS
CAT-AD	rs113373443	6	32359241	PASS
CAT-AD	rs62402754	6	32359389	PASS
CAT-AD	rs17495612	6	32359431	PASS
CAT-AD	rs16870123	6	32359460	PASS
CAT-AD	rs200277885	6	32359513	PASS
CAT-AD	rs72847907	6	32359611	PASS
CAT-AD	rs17423732	6	32359617	PASS
CAT-AD	rs68146269	6	32359904	PASS
CAT-AD	rs75624717	6	32360050	PASS
CAT-AD	rs78659081	6	32360060	PASS
CAT-AD	rs80301380	6	32360069	PASS
CAT-AD	rs111682962	6	32360443	PASS
CAT-AD	rs67722415	6	32360532	PASS
CAT-AD	rs66987263	6	32360589	PASS
CAT-AD	rs72847912	6	32360641	PASS
CAT-AD	rs72847914	6	32360644	PASS
CAT-AD	rs62402755	6	32360714	PASS
CAT-AD	rs17208671	6	32360849	PASS
CAT-AD	rs3817981	6	32360945	PASS
CAT-AD	rs17202316	6	32360955	PASS
CAT-AD	rs3817980	6	32360970	PASS
CAT-AD	rs3817978	6	32360986	PASS
CAT-AD	rs3817977	6	32360987	PASS
CAT-AD	rs3817976	6	32361003	PASS
CAT-AD	rs3817974	6	32361035	PASS
CAT-AD	rs17208699	6	32361080	PASS
CAT-AD	rs3817972	6	32361130	PASS
CAT-AD	rs17202358	6	32361223	PASS
CAT-AD	rs17202365	6	32361251	PASS
CAT-AD	rs17202372	6	32361255	PASS
CAT-AD	rs3817969	6	32361388	PASS
CAT-AD	rs17208727	6	32361408	PASS
CAT-AD	rs17208734	6	32361424	PASS
CAT-AD	rs17208741	6	32361445	PASS
CAT-AD	rs17202379	6	32361449	PASS
CAT-AD	rs3817967	6	32361469	PASS
CAT-AD	rs17202393	6	32361485	PASS
CAT-AD	rs17202400	6	32361525	PASS
CAT-AD	rs17208748	6	32361566	PASS
CAT-AD	rs17202414	6	32361677	PASS
CAT-AD	rs17202428	6	32361694	PASS
CAT-AD	rs35624343	6	32361762	PASS
CAT-AD	rs34926345	6	32361809	PASS
CAT-AD	rs41423345	6	32361841	PASS
CAT-AD	rs41323148	6	32361842	PASS
CAT-AD	rs114951345	6	32361858	PASS
CAT-AD	rs114484311	6	32361859	PASS
CAT-AD	rs34525489	6	32361894	PASS
CAT-AD	rs35194487	6	32361943	PASS
CAT-AD	rs35837993	6	32361953	PASS
CAT-AD	rs67124304	6	32362128	PASS
CAT-AD	rs72847934	6	32362182	PASS
CAT-AD	rs67588283	6	32362217	PASS
CAT-AD	rs72847937	6	32362262	PASS
CAT-AD	rs72847940	6	32362389	PASS
CAT-AD	rs41407045	6	32362408	PASS
CAT-AD	rs41443753	6	32362433	PASS
CAT-AD	rs41499544	6	32362453	PASS
CAT-AD	rs41535850	6	32362639	PASS
CAT-AD	rs41449245	6	32362669	PASS
CAT-AD	rs41342846	6	32362702	PASS
CAT-AD	rs41521946	6	32362703	PASS
CAT-AD	rs28362677	6	32362741	PASS
CAT-AD	rs28362678	6	32362745	PASS
CAT-AD	rs17202435	6	32362832	PASS
CAT-AD	rs12528939	6	32362930	PASS
CAT-AD	rs17202456	6	32363774	PASS
CAT-AD	rs9268480	6	32363844	PASS
CAT-AD	rs9268481	6	32364356	PASS
CAT-AD	rs3117139	6	32364667	PASS
CAT-AD	rs67603244	6	32364984	PASS
CAT-AD	rs62402759	6	32365707	PASS
CAT-AD	rs62404560	6	32365896	PASS
CAT-AD	rs113669229	6	32365928	PASS
CAT-AD	rs4959097	6	32366625	PASS
CAT-AD	rs3117116	6	32367017	PASS
CAT-AD	rs2294884	6	32367259	PASS
CAT-AD	rs2294882	6	32367515	PASS
CAT-AD	rs2294881	6	32367604	PASS
CAT-AD	rs2294880	6	32367722	PASS
CAT-AD	rs3817966	6	32367847	PASS
CAT-AD	rs3817965	6	32367927	PASS
CAT-AD	rs3817963	6	32368087	PASS
CAT-AD	rs3817962	6	32368314	PASS
CAT-AD	rs3763304	6	32369355	PASS
CAT-AD	rs3763306	6	32369643	PASS
CAT-AD	rs4935352	6	32369886	PASS
CAT-AD	rs2076525	6	32370616	PASS
CAT-AD	rs2076524	6	32370684	PASS
CAT-AD	rs2076523	6	32370835	PASS
CAT-AD	rs2076520	6	32371269	PASS
CAT-AD	rs3793126	6	32371619	PASS
CAT-AD	rs3793127	6	32371915	PASS
CAT-AD	rs3806156	6	32373698	PASS
CAT-AD	rs3806157	6	32373801	PASS
CAT-AD	rs9268493	6	32375330	PASS
CAT-AD	rs9268494	6	32375352	PASS
CAT-AD	rs9268496	6	32375374	PASS
CAT-AD	rs9268497	6	32375424	PASS
CAT-AD	rs9268499	6	32375695	PASS
CAT-AD	rs3763309	6	32375973	PASS
CAT-AD	rs3763311	6	32376176	PASS
CAT-AD	rs3763312	6	32376348	PASS
CAT-AD	rs17208853	6	32376360	PASS
CAT-AD	rs3763313	6	32376471	PASS
CAT-AD	rs3763316	6	32376746	PASS
CAT-AD	rs9268516	6	32379489	PASS
CAT-AD	rs17208902	6	32379547	PASS
CAT-AD	rs9469108	6	32380892	PASS
CAT-AD	rs9268528	6	32383108	PASS
CAT-AD	rs4959098	6	32383256	PASS
CAT-AD	rs9268542	6	32384721	PASS
CAT-AD	rs28732208	6	32385119	PASS
CAT-AD	rs9268544	6	32385453	PASS
CAT-AD	rs9268545	6	32385750	PASS
CAT-AD	rs4355646	6	32386554	PASS
CAT-AD	rs4335021	6	32386619	PASS
CAT-AD	rs9268556	6	32386964	PASS
CAT-AD	rs2395163	6	32387809	PASS
CAT-AD	rs2395166	6	32388275	PASS
CAT-AD	rs6923872	6	32390857	PASS
CAT-AD	rs9268568	6	32390904	PASS
CAT-AD	rs28895026	6	32391695	PASS
CAT-AD	rs2157332	6	32392661	PASS
CAT-AD	rs3135344	6	32395036	PASS
CAT-AD	rs2187818	6	32395568	PASS
CAT-AD	rs9268578	6	32396057	PASS
CAT-AD	rs9268579	6	32396450	PASS
CAT-AD	rs9268581	6	32396930	PASS
CAT-AD	rs9268582	6	32396964	PASS
CAT-AD	rs9268583	6	32397266	PASS
CAT-AD	rs3129849	6	32397309	PASS
CAT-AD	rs9268585	6	32397403	PASS
CAT-AD	rs3129852	6	32397784	PASS
CAT-AD	rs9268589	6	32398202	PASS
CAT-AD	rs7774047	6	32398563	PASS
CAT-AD	rs3135341	6	32398748	PASS
CAT-AD	rs4348358	6	32399092	PASS
CAT-AD	rs4504509	6	32399159	PASS
CAT-AD	rs4321864	6	32399187	PASS
CAT-AD	rs9268605	6	32399833	PASS
CAT-AD	rs9268606	6	32400070	PASS
CAT-AD	rs9268607	6	32400538	PASS
CAT-AD	rs9268608	6	32400865	PASS
CAT-AD	rs9268609	6	32401261	PASS
CAT-AD	rs9268610	6	32401263	PASS
CAT-AD	rs1987305	6	32401996	PASS
CAT-AD	rs960736	6	32402225	PASS
CAT-AD	rs7753264	6	32402440	PASS
CAT-AD	rs7773756	6	32402464	PASS
CAT-AD	rs3135334	6	32402686	PASS
CAT-AD	rs9268613	6	32402692	PASS
CAT-AD	rs9268614	6	32402778	PASS
CAT-AD	rs9268615	6	32402889	PASS
CAT-AD	rs4612206	6	32404093	PASS
CAT-AD	rs2395175	6	32405026	PASS
CAT-AD	rs9268627	6	32405821	PASS
CAT-AD	rs9268633	6	32406473	PASS
CAT-AD	rs9268634	6	32406530	PASS
CAT-AD	rs3763321	6	32406704	PASS
CAT-AD	rs14004	6	32407709	PASS
CAT-AD	rs3129880	6	32408917	PASS
CAT-AD	rs9268652	6	32409056	PASS
CAT-AD	rs6926374	6	32409305	PASS
CAT-AD	rs3129882	6	32409530	PASS
CAT-AD	rs9268657	6	32409656	PASS
CAT-AD	rs6931646	6	32409781	PASS
CAT-AD	rs6911419	6	32409787	PASS
CAT-AD	rs3129883	6	32410137	PASS
CAT-AD	rs3129886	6	32410576	PASS
CAT-AD	rs9268658	6	32410716	PASS
CAT-AD	rs13218331	6	32411362	PASS
CAT-AD	rs2239804	6	32411523	PASS
CAT-AD	rs2239803	6	32411833	PASS
CAT-AD	rs3177928	6	32412435	PASS
CAT-AD	rs28732216	6	32413978	PASS
CAT-AD	rs28895027	6	32414948	PASS
CAT-AD	rs9469112	6	32415153	PASS
CAT-AD	rs28895028	6	32415211	PASS
CAT-AD	rs9268681	6	32415386	PASS
CAT-AD	rs9268682	6	32415422	PASS
CAT-AD	rs9268687	6	32415540	PASS
CAT-AD	rs2894256	6	32415585	PASS
CAT-AD	rs12525707	6	32415637	PASS
CAT-AD	rs12529078	6	32415762	PASS
CAT-AD	rs13194556	6	32415805	PASS
CAT-AD	rs12529093	6	32415858	PASS
CAT-AD	rs13209234	6	32415975	PASS
CAT-AD	rs28895029	6	32415982	PASS
CAT-AD	rs13209059	6	32416078	PASS
CAT-AD	rs28895030	6	32416161	PASS
CAT-AD	rs28895031	6	32416175	PASS
CAT-AD	rs28895049	6	32416806	PASS
CAT-AD	rs28895070	6	32417674	PASS
CAT-AD	rs9268759	6	32417704	PASS
CAT-AD	rs28895071	6	32417715	PASS
CAT-AD	rs28895072	6	32417720	PASS
CAT-AD	rs28895073	6	32417723	PASS
CAT-AD	rs28895074	6	32417766	PASS
CAT-AD	rs28895075	6	32417825	PASS
CAT-AD	rs28895076	6	32417845	PASS
CAT-AD	rs28895077	6	32417877	PASS
CAT-AD	rs28895079	6	32417901	PASS
CAT-AD	rs28895080	6	32417932	PASS
CAT-AD	rs28895081	6	32418067	PASS
CAT-AD	rs28895082	6	32418114	PASS
CAT-AD	rs9268762	6	32418157	PASS
CAT-AD	rs28895084	6	32418169	PASS
CAT-AD	rs28895085	6	32418251	PASS
CAT-AD	rs28895087	6	32418330	PASS
CAT-AD	rs28895088	6	32418396	PASS
CAT-AD	rs9268763	6	32418416	PASS
CAT-AD	rs28895089	6	32418434	PASS
CAT-AD	rs28895090	6	32418546	PASS
CAT-AD	rs9268764	6	32418561	PASS
CAT-AD	rs28895091	6	32418622	PASS
CAT-AD	rs28895092	6	32418649	PASS
CAT-AD	rs28895093	6	32418657	PASS
CAT-AD	rs28895095	6	32418848	PASS
CAT-AD	rs28895097	6	32418869	PASS
CAT-AD	rs13215109	6	32418880	PASS
CAT-AD	rs13198982	6	32418893	PASS
CAT-AD	rs13215138	6	32418923	PASS
CAT-AD	rs13199346	6	32418986	PASS
CAT-AD	rs13199014	6	32419012	PASS
CAT-AD	rs9268767	6	32419022	PASS
CAT-AD	rs9268768	6	32419291	PASS
CAT-AD	rs13199443	6	32419312	PASS
CAT-AD	rs28895100	6	32419415	PASS
CAT-AD	rs28895101	6	32419439	PASS
CAT-AD	rs28895102	6	32419447	PASS
CAT-AD	rs28895103	6	32419464	PASS
CAT-AD	rs28895104	6	32419527	PASS
CAT-AD	rs6912728	6	32419547	PASS
CAT-AD	rs28895105	6	32419553	PASS
CAT-AD	rs28895106	6	32419576	PASS
CAT-AD	rs28895107	6	32419782	PASS
CAT-AD	rs28895108	6	32419860	PASS
CAT-AD	rs28895109	6	32419880	PASS
CAT-AD	rs6457588	6	32419908	PASS
CAT-AD	rs28895114	6	32420071	PASS
CAT-AD	rs28895115	6	32420133	PASS
CAT-AD	rs28895116	6	32420164	PASS
CAT-AD	rs28895117	6	32420324	PASS
CAT-AD	rs13204032	6	32420469	PASS
CAT-AD	rs9268780	6	32420489	PASS
CAT-AD	rs13204271	6	32420525	PASS
CAT-AD	rs13207455	6	32420600	PASS
CAT-AD	rs28895118	6	32420701	PASS
CAT-AD	rs28895119	6	32420739	PASS
CAT-AD	rs13207824	6	32421129	PASS
CAT-AD	rs9268792	6	32421154	PASS
CAT-AD	rs28895131	6	32421190	PASS
CAT-AD	rs3129895	6	32421227	PASS
CAT-AD	rs28895132	6	32421271	PASS
CAT-AD	rs28895133	6	32421391	PASS
CAT-AD	rs28895134	6	32421423	PASS
CAT-AD	rs28895135	6	32421442	PASS
CAT-AD	rs28895136	6	32421504	PASS
CAT-AD	rs28895137	6	32421564	PASS
CAT-AD	rs28895138	6	32421626	PASS
CAT-AD	rs28895139	6	32421671	PASS
CAT-AD	rs28895140	6	32421672	PASS
CAT-AD	rs28895141	6	32421689	PASS
CAT-AD	rs28895142	6	32421709	PASS
CAT-AD	rs9268798	6	32421735	PASS
CAT-AD	rs28895143	6	32421739	PASS
CAT-AD	rs28895144	6	32421794	PASS
CAT-AD	rs28895145	6	32421861	PASS
CAT-AD	rs28895146	6	32421910	PASS
CAT-AD	rs3129898	6	32422125	PASS
CAT-AD	rs28895154	6	32422136	PASS
CAT-AD	rs2097441	6	32422259	PASS
CAT-AD	rs13212411	6	32422305	PASS
CAT-AD	rs13212435	6	32422348	PASS
CAT-AD	rs28895155	6	32422373	PASS
CAT-AD	rs28895156	6	32422419	PASS
CAT-AD	rs13212453	6	32422430	PASS
CAT-AD	rs13215827	6	32422566	PASS
CAT-AD	rs28895157	6	32422677	PASS
CAT-AD	rs28895165	6	32422749	PASS
CAT-AD	rs28895166	6	32422833	PASS
CAT-AD	rs28895167	6	32422844	PASS
CAT-AD	rs28895168	6	32422867	PASS
CAT-AD	rs28895169	6	32422920	PASS
CAT-AD	rs28895170	6	32422934	PASS
CAT-AD	rs28895171	6	32423021	PASS
CAT-AD	rs13220485	6	32423727	PASS
CAT-AD	rs13220531	6	32423933	PASS
CAT-AD	rs13206262	6	32423991	PASS
CAT-AD	rs13206273	6	32424013	PASS
CAT-AD	rs13220657	6	32424031	PASS
CAT-AD	rs13220667	6	32424094	PASS
CAT-AD	rs9268808	6	32424176	PASS
CAT-AD	rs9268809	6	32424265	PASS
CAT-AD	rs9268810	6	32424296	PASS
CAT-AD	rs9268811	6	32424370	PASS
CAT-AD	rs28895187	6	32424380	PASS
CAT-AD	rs28895188	6	32424574	PASS
CAT-AD	rs28895189	6	32424610	PASS
CAT-AD	rs28895190	6	32424895	PASS
CAT-AD	rs28895191	6	32424918	PASS
CAT-AD	rs28895192	6	32424943	PASS
CAT-AD	rs28895193	6	32424954	PASS
CAT-AD	rs28895194	6	32424966	PASS
CAT-AD	rs28895195	6	32424969	PASS
CAT-AD	rs28895196	6	32424981	PASS
CAT-AD	rs28895197	6	32425020	PASS
CAT-AD	rs28895198	6	32425044	PASS
CAT-AD	rs28895199	6	32425045	PASS
CAT-AD	rs7743662	6	32425049	PASS
CAT-AD	rs28895200	6	32425074	PASS
CAT-AD	rs28895201	6	32425109	PASS
CAT-AD	rs13194769	6	32425147	PASS
CAT-AD	rs13210879	6	32425247	PASS
CAT-AD	rs28895205	6	32425304	PASS
CAT-AD	rs13194925	6	32425336	PASS
CAT-AD	rs13195258	6	32425472	PASS
CAT-AD	rs13195262	6	32425486	PASS
CAT-AD	rs7748310	6	32425605	PASS
CAT-AD	rs13198610	6	32425672	PASS
CAT-AD	rs7748085	6	32425742	PASS
CAT-AD	rs13198543	6	32425787	PASS
CAT-AD	rs13198439	6	32425823	PASS
CAT-AD	rs13198784	6	32425958	PASS
CAT-AD	rs13198660	6	32425964	PASS
CAT-AD	rs6457592	6	32425983	PASS
CAT-AD	rs28895207	6	32426039	PASS
CAT-AD	rs28895208	6	32426049	PASS
CAT-AD	rs28895209	6	32426152	PASS
CAT-AD	rs28895210	6	32426163	PASS
CAT-AD	rs28895211	6	32426188	PASS
CAT-AD	rs28895212	6	32426216	PASS
CAT-AD	rs28895213	6	32426252	PASS
CAT-AD	rs28895214	6	32426280	PASS
CAT-AD	rs28895215	6	32426322	PASS
CAT-AD	rs113041772	6	32426538	PASS
CAT-AD	rs9268828	6	32426540	PASS
CAT-AD	rs79464894	6	32426541	PASS
CAT-AD	rs74732642	6	32426577	PASS
CAT-AD	rs9268829	6	32426602	PASS
CAT-AD	rs28895219	6	32426710	PASS
CAT-AD	rs28732217	6	32426899	PASS
CAT-AD	rs28732219	6	32426962	PASS
CAT-AD	rs28732220	6	32427042	PASS
CAT-AD	rs28732221	6	32427073	PASS
CAT-AD	rs28732222	6	32427098	PASS
CAT-AD	rs28732224	6	32427170	PASS
CAT-AD	rs28732229	6	32427381	PASS
CAT-AD	rs28732230	6	32427434	PASS
CAT-AD	rs28732231	6	32427467	PASS
CAT-AD	rs28732232	6	32427512	PASS
CAT-AD	rs28732234	6	32427735	PASS
CAT-AD	rs9268831	6	32427748	PASS
CAT-AD	rs28732235	6	32427841	PASS
CAT-AD	rs17209105	6	32427871	PASS
CAT-AD	rs17209112	6	32427894	PASS
CAT-AD	rs17209119	6	32427899	PASS
CAT-AD	rs17209126	6	32427946	PASS
CAT-AD	rs9268833	6	32428062	PASS
CAT-AD	rs9268834	6	32428079	PASS
CAT-AD	rs9268835	6	32428115	PASS
CAT-AD	rs6903608	6	32428285	PASS
CAT-AD	rs9791337	6	32428500	PASS
CAT-AD	rs9268838	6	32428715	PASS
CAT-AD	rs6919855	6	32429011	PASS
CAT-AD	rs9268847	6	32429277	PASS
CAT-AD	rs9268848	6	32429303	PASS
CAT-AD	rs9268849	6	32429327	PASS
CAT-AD	rs9268851	6	32429582	PASS
CAT-AD	rs9268852	6	32429594	PASS
CAT-AD	rs9268853	6	32429643	PASS
CAT-AD	rs9268858	6	32429758	PASS
CAT-AD	rs9268863	6	32430289	PASS
CAT-AD	rs7747529	6	32431124	PASS
CAT-AD	rs9268877	6	32431147	PASS
CAT-AD	rs9268880	6	32431358	PASS
CAT-AD	rs9268882	6	32431623	PASS
CAT-AD	rs9268888	6	32431867	PASS
CAT-AD	rs9268889	6	32431886	PASS
CAT-AD	rs9268893	6	32431927	PASS
CAT-AD	rs9268906	6	32432181	PASS
CAT-AD	rs9268912	6	32432509	PASS
CAT-AD	rs9268914	6	32432556	PASS
CAT-AD	rs9268923	6	32432835	PASS
CAT-AD	rs9268925	6	32432969	PASS
CAT-AD	rs9268926	6	32433067	PASS
CAT-AD	rs2395185	6	32433167	PASS
CAT-AD	rs9268949	6	32433798	PASS
CAT-AD	rs9268951	6	32433907	PASS
CAT-AD	rs9268961	6	32434135	PASS
CAT-AD	rs9268965	6	32434240	PASS
CAT-AD	rs9268969	6	32434349	PASS
CAT-AD	rs9268970	6	32434361	PASS
CAT-AD	rs9268978	6	32434978	PASS
CAT-AD	rs9268979	6	32435044	PASS
CAT-AD	rs9405038	6	32437614	PASS
CAT-AD	rs9368725	6	32438159	PASS
CAT-AD	rs9269041	6	32438243	PASS
CAT-AD	rs9380306	6	32438298	PASS
CAT-AD	rs9269042	6	32438387	PASS
CAT-AD	rs9368726	6	32438542	PASS
CAT-AD	rs9405108	6	32438648	PASS
CAT-AD	rs9391877	6	32438867	PASS
CAT-AD	rs7452864	6	32439077	PASS
CAT-AD	rs9286790	6	32439828	PASS
CAT-AD	rs5026743	6	32439964	PASS
CAT-AD	rs9269081	6	32441100	PASS
CAT-AD	rs9269109	6	32443266	PASS
CAT-AD	rs9269110	6	32443269	PASS
CAT-AD	rs9269114	6	32443425	PASS
CAT-AD	rs6457598	6	32444475	PASS
CAT-AD	rs7776032	6	32444896	PASS
CAT-AD	rs9269135	6	32445030	PASS
CAT-AD	rs9269137	6	32445147	PASS
CAT-AD	rs9269138	6	32445155	PASS
CAT-AD	rs9269139	6	32445156	PASS
CAT-AD	rs9269141	6	32445270	PASS
CAT-AD	rs9269142	6	32445423	PASS
CAT-AD	rs62502392	8	27190945	PASS
CAT-AD	rs7017417	8	27345305	PASS
CAT-AD	rs9314348	8	27345426	PASS
CAT-AD	rs34476881	8	27350981	PASS
CAT-AD	rs62504296	8	27380267	PASS
CAT-AD	rs55872532	8	27384876	PASS
CAT-AD	rs62504298	8	27386438	PASS
CAT-AD	rs62504299	8	27387015	PASS
CAT-AD	rs7357432	8	27387845	PASS
CAT-AD	rs17057310	8	27387872	PASS
CAT-AD	rs62504300	8	27388408	PASS
CAT-AD	rs56245849	8	27389702	PASS
CAT-AD	rs55995218	8	27390028	PASS
CAT-AD	rs56290433	8	27393053	PASS
CAT-AD	rs13439459	8	27394366	PASS
CAT-AD	rs13438899	8	27394539	PASS
CAT-AD	rs35889509	8	27395098	PASS
CAT-AD	rs10283341	8	27397363	PASS
CAT-AD	rs17057330	8	27397683	PASS
CAT-AD	rs2269461	8	27398620	PASS
CAT-AD	rs4149258	8	27400044	PASS
CAT-AD	rs68012375	8	27400682	PASS
CAT-AD	rs66571477	8	27400903	PASS
CAT-AD	rs2291635	8	27401142	PASS
CAT-AD	rs7341557	8	27402777	PASS
CAT-AD	rs10096092	8	27403777	PASS
CAT-AD	rs149467044	8	27411100	PASS
CAT-AD	rs11782089	8	27411792	PASS
CAT-AD	rs7839435	8	27412953	PASS
CAT-AD	rs73227362	8	27415350	PASS
CAT-AD	rs59339059	8	27416122	PASS
CAT-AD	rs11776293	8	27418429	PASS
CAT-AD	rs11780592	8	27418747	PASS
CAT-AD	rs11780834	8	27419603	PASS
CAT-AD	rs11778040	8	27419807	PASS
CAT-AD	rs9632863	8	27425117	PASS
CAT-AD	rs1565736	8	27426229	PASS
CAT-AD	rs1316801	8	27429228	PASS
CAT-AD	rs1000108	8	27429649	PASS
CAT-AD	rs937220	8	27429730	PASS
CAT-AD	rs7831810	8	27430506	PASS
CAT-AD	rs7814146	8	27430572	PASS
CAT-AD	rs10780145	8	27434722	PASS
CAT-AD	rs4352801	8	27435201	PASS
CAT-AD	rs6558008	8	27438306	PASS
CAT-AD	rs7828131	8	27441010	PASS
CAT-AD	rs7844965	8	27442064	PASS
CAT-AD	rs73229093	8	27442329	PASS
CAT-AD	rs28361904	8	27444749	PASS
CAT-AD	rs28633173	8	27446980	PASS
CAT-AD	rs12680584	8	27447024	PASS
CAT-AD	rs6983452	8	27448028	PASS
CAT-AD	rs7012010	8	27448729	PASS
CAT-AD	rs7012217	8	27448888	PASS
CAT-AD	rs56031191	8	27449192	PASS
CAT-AD	rs17057438	8	27450073	PASS
CAT-AD	rs10111053	8	27450251	PASS
CAT-AD	rs10088244	8	27451606	PASS
CAT-AD	rs10091215	8	27451719	PASS
CAT-AD	rs7817366	8	27451727	PASS
CAT-AD	rs7821500	8	27452044	PASS
CAT-AD	rs10092082	8	27452504	PASS
CAT-AD	rs35236974	8	27453579	PASS
CAT-AD	rs11777131	8	27453762	PASS
CAT-AD	rs9331950	8	27454682	PASS
CAT-AD	rs9331930	8	27458294	PASS
CAT-AD	rs60056423	8	27459205	PASS
CAT-AD	rs66969288	8	27459640	PASS
CAT-AD	rs7812347	8	27460185	PASS
CAT-AD	rs4732729	8	27461492	PASS
CAT-AD	rs9331908	8	27463618	PASS
CAT-AD	rs9331905	8	27464244	PASS
CAT-AD	rs867232	8	27467183	PASS
CAT-AD	rs17515931	8	27470196	PASS
CAT-AD	rs34109053	8	27470597	PASS
CAT-AD	rs504038	8	27475320	PASS
CAT-AD	rs538181	8	27476815	PASS
CAT-AD	rs484377	8	27477509	PASS
CAT-AD	rs520186	8	27479103	PASS
CAT-AD	rs492638	8	27479227	PASS
CAT-AD	rs2582367	8	27480025	PASS
CAT-AD	rs1073743	8	27480210	PASS
CAT-AD	rs507341	8	27481984	PASS
CAT-AD	rs495150	8	27482354	PASS
CAT-AD	rs576748	8	27486916	PASS
CAT-AD	rs28357082	6	32558176	PASS
CAT-AD	rs77122291	6	32559019	PASS
CAT-AD	rs114335056	6	32559191	PASS
CAT-AD	rs9270505	6	32559216	PASS
CAT-AD	rs9270537	6	32559725	PASS
CAT-AD	rs9270551	6	32560501	PASS
CAT-AD	rs9270552	6	32560520	PASS
CAT-AD	rs9270553	6	32560523	PASS
CAT-AD	rs9270554	6	32560546	PASS
CAT-AD	rs9270555	6	32560584	PASS
CAT-AD	rs35118762	6	32560631	PASS
CAT-AD	rs9270557	6	32560645	PASS
CAT-AD	rs9270563	6	32560764	PASS
CAT-AD	rs9270568	6	32560808	PASS
CAT-AD	rs28366298	6	32560859	PASS
CAT-AD	rs9270569	6	32560899	PASS
CAT-AD	rs28366314	6	32561201	PASS
CAT-AD	rs28366316	6	32561246	PASS
CAT-AD	rs9270584	6	32561277	PASS
CAT-AD	rs35525122	6	32561283	PASS
CAT-AD	rs9270587	6	32561305	PASS
CAT-AD	rs28366317	6	32561411	PASS
CAT-AD	rs28366319	6	32561495	PASS
CAT-AD	rs9270594	6	32561526	PASS
CAT-AD	rs28366323	6	32561609	PASS
CAT-AD	rs9270599	6	32561656	PASS
CAT-AD	rs28366328	6	32561766	PASS
CAT-AD	rs28366329	6	32561819	PASS
CAT-AD	rs9270605	6	32564861	PASS
CAT-AD	rs9270608	6	32565042	PASS
CAT-AD	rs9270617	6	32565192	PASS
CAT-AD	rs9270619	6	32565243	PASS
CAT-AD	rs9270622	6	32565329	PASS
CAT-AD	rs9270627	6	32565447	PASS
CAT-AD	rs9270650	6	32565854	PASS
CAT-AD	rs9270664	6	32566149	PASS
CAT-AD	rs62405651	6	32566296	PASS
CAT-AD	rs9270668	6	32566308	PASS
CAT-AD	rs2760985	6	32566398	PASS
CAT-AD	rs9270670	6	32566533	PASS
CAT-AD	rs9270671	6	32566549	PASS
CAT-AD	rs9270674	6	32566598	PASS
CAT-AD	rs9270677	6	32566655	PASS
CAT-AD	rs9270679	6	32566743	PASS
CAT-AD	rs9270680	6	32566744	PASS
CAT-AD	rs9270682	6	32566772	PASS
CAT-AD	rs9270687	6	32566871	PASS
CAT-AD	rs9270688	6	32566872	PASS
CAT-AD	rs9270690	6	32566948	PASS
CAT-AD	rs9270692	6	32567006	PASS
CAT-AD	rs9270693	6	32567007	PASS
CAT-AD	rs9270694	6	32567024	PASS
CAT-AD	rs9270695	6	32567154	PASS
CAT-AD	rs9270696	6	32567155	PASS
CAT-AD	rs9270719	6	32567586	PASS
CAT-AD	rs9270723	6	32567798	PASS
CAT-AD	rs4341046	6	32567880	PASS
CAT-AD	rs9270727	6	32567954	PASS
CAT-AD	rs9270729	6	32567960	PASS
CAT-AD	rs9270732	6	32568018	PASS
CAT-AD	rs9270809	6	32569608	PASS
CAT-AD	rs9270810	6	32569659	PASS
CAT-AD	rs477515	6	32569691	PASS
CAT-AD	rs9270811	6	32569721	PASS
CAT-AD	rs9270813	6	32569790	PASS
CAT-AD	rs622137	6	32569852	PASS
CAT-AD	rs9270816	6	32569879	PASS
CAT-AD	rs9270817	6	32569911	PASS
CAT-AD	rs9270827	6	32570132	PASS
CAT-AD	rs9270828	6	32570144	PASS
CAT-AD	rs9270830	6	32570181	PASS
CAT-AD	rs2516051	6	32570184	PASS
CAT-AD	rs9270831	6	32570221	PASS
CAT-AD	rs9270832	6	32570228	PASS
CAT-AD	rs9270833	6	32570238	PASS
CAT-AD	rs9270834	6	32570266	PASS
CAT-AD	rs9270835	6	32570281	PASS
CAT-AD	rs9270836	6	32570325	PASS
CAT-AD	rs9270839	6	32570375	PASS
CAT-AD	rs9270841	6	32570418	PASS
CAT-AD	rs9270842	6	32570461	PASS
CAT-AD	rs9270843	6	32570478	PASS
CAT-AD	rs9270844	6	32570550	PASS
CAT-AD	rs9270845	6	32570571	PASS
CAT-AD	rs9270847	6	32570602	PASS
CAT-AD	rs9270848	6	32570609	PASS
CAT-AD	rs9270850	6	32570717	PASS
CAT-AD	rs9270851	6	32570776	PASS
CAT-AD	rs9270853	6	32570800	PASS
CAT-AD	rs9270854	6	32570809	PASS
CAT-AD	rs9270856	6	32570839	PASS
CAT-AD	rs9270857	6	32570849	PASS
CAT-AD	rs9270858	6	32570859	PASS
CAT-AD	rs9270859	6	32570894	PASS
CAT-AD	rs679242	6	32570958	PASS
CAT-AD	rs9270864	6	32571001	PASS
CAT-AD	rs9270866	6	32571043	PASS
CAT-AD	rs9270873	6	32571201	PASS
CAT-AD	rs9270874	6	32571227	PASS
CAT-AD	rs9270902	6	32571962	PASS
CAT-AD	rs9270904	6	32572060	PASS
CAT-AD	rs585669	6	32572113	PASS
CAT-AD	rs9270908	6	32572148	PASS
CAT-AD	rs9270909	6	32572179	PASS
CAT-AD	rs9270912	6	32572224	PASS
CAT-AD	rs9270913	6	32572229	PASS
CAT-AD	rs9270920	6	32572322	PASS
CAT-AD	rs9270921	6	32572326	PASS
CAT-AD	rs9270922	6	32572388	PASS
CAT-AD	rs9270927	6	32572451	PASS
CAT-AD	rs9270935	6	32572701	PASS
CAT-AD	rs9270939	6	32572806	PASS
CAT-AD	rs9270944	6	32572911	PASS
CAT-AD	rs9270945	6	32572948	PASS
CAT-AD	rs9270946	6	32572952	PASS
CAT-AD	rs9270948	6	32572972	PASS
CAT-AD	rs9270949	6	32572975	PASS
CAT-AD	rs9270952	6	32573040	PASS
CAT-AD	rs9270953	6	32573045	PASS
CAT-AD	rs9270954	6	32573058	PASS
CAT-AD	rs601945	6	32573415	PASS
CAT-AD	rs9270962	6	32573434	PASS
CAT-AD	rs9270967	6	32573543	PASS
CAT-AD	rs9270968	6	32573554	PASS
CAT-AD	rs9270969	6	32573560	PASS
CAT-AD	rs9270970	6	32573574	PASS
CAT-AD	rs9270971	6	32573598	PASS
CAT-AD	rs9270972	6	32573621	PASS
CAT-AD	rs9270974	6	32573713	PASS
CAT-AD	rs9270979	6	32573780	PASS
CAT-AD	rs9270981	6	32573932	PASS
CAT-AD	rs9270983	6	32573973	PASS
CAT-AD	rs9270985	6	32574027	PASS
CAT-AD	rs9270987	6	32574127	PASS
CAT-AD	rs9270988	6	32574130	PASS
CAT-AD	rs2760994	6	32574308	PASS
CAT-AD	rs2647074	6	32574360	PASS
CAT-AD	rs9270998	6	32574379	PASS
CAT-AD	rs9270999	6	32574438	PASS
CAT-AD	rs9271049	6	32575265	PASS
CAT-AD	rs9271050	6	32575275	PASS
CAT-AD	rs9271051	6	32575290	PASS
CAT-AD	rs9271052	6	32575309	PASS
CAT-AD	rs9271053	6	32575319	PASS
CAT-AD	rs9271072	6	32575749	PASS
CAT-AD	rs9271073	6	32575803	PASS
CAT-AD	rs9271074	6	32575849	PASS
CAT-AD	rs9271075	6	32575852	PASS
CAT-AD	rs9271076	6	32575873	PASS
CAT-AD	rs9271077	6	32575925	PASS
CAT-AD	rs9271078	6	32575930	PASS
CAT-AD	rs9271083	6	32576102	PASS
CAT-AD	rs9271090	6	32576247	PASS
CAT-AD	rs9271091	6	32576275	PASS
CAT-AD	rs9271092	6	32576296	PASS
CAT-AD	rs9271096	6	32576426	PASS
CAT-AD	rs9271098	6	32576440	PASS
CAT-AD	rs9271100	6	32576478	PASS
CAT-AD	rs9271101	6	32576493	PASS
CAT-AD	rs9271103	6	32576540	PASS
CAT-AD	rs9271104	6	32576561	PASS
CAT-AD	rs9271105	6	32576577	PASS
CAT-AD	rs646984	6	32576592	PASS
CAT-AD	rs9271106	6	32576595	PASS
CAT-AD	rs647035	6	32576626	PASS
CAT-AD	rs9271108	6	32576633	PASS
CAT-AD	rs9271144	6	32577220	PASS
CAT-AD	rs9271146	6	32577282	PASS
CAT-AD	rs660895	6	32577380	PASS
CAT-AD	rs9271149	6	32577455	PASS
CAT-AD	rs9271150	6	32577470	PASS
CAT-AD	rs535852	6	32577604	PASS
CAT-AD	rs9271163	6	32577733	PASS
CAT-AD	rs9271165	6	32577785	PASS
CAT-AD	rs9271166	6	32577811	PASS
CAT-AD	rs9271168	6	32577854	PASS
CAT-AD	rs9271170	6	32577889	PASS
CAT-AD	rs9271171	6	32577907	PASS
CAT-AD	rs532965	6	32577973	PASS
CAT-AD	rs9271172	6	32577975	PASS
CAT-AD	rs9271173	6	32577981	PASS
CAT-AD	rs532098	6	32578052	PASS
CAT-AD	rs9271176	6	32578127	PASS
CAT-AD	rs9271178	6	32578191	PASS
CAT-AD	rs9271179	6	32578196	PASS
CAT-AD	rs9271180	6	32578209	PASS
CAT-AD	rs9271182	6	32578230	PASS
CAT-AD	rs9271186	6	32578297	PASS
CAT-AD	rs17211342	6	32578323	PASS
CAT-AD	rs17204995	6	32578328	PASS
CAT-AD	rs9271189	6	32578357	PASS
CAT-AD	rs5021726	6	32578481	PASS
CAT-AD	rs9271192	6	32578530	PASS
CAT-AD	rs9271193	6	32578566	PASS
CAT-AD	rs3997868	6	32578590	PASS
CAT-AD	rs9271194	6	32578612	PASS
CAT-AD	rs9271198	6	32578726	PASS
CAT-AD	rs9271199	6	32578735	PASS
CAT-AD	rs9271200	6	32578756	PASS
CAT-AD	rs9271201	6	32578818	PASS
CAT-AD	rs9271202	6	32578837	PASS
CAT-AD	rs9271205	6	32578941	PASS
CAT-AD	rs9271209	6	32579035	PASS
CAT-AD	rs9271236	6	32579645	PASS
CAT-AD	rs13191975	6	32579671	PASS
CAT-AD	rs13207945	6	32579708	PASS
CAT-AD	rs9271239	6	32579769	PASS
CAT-AD	rs9271242	6	32579940	PASS
CAT-AD	rs9271243	6	32579951	PASS
CAT-AD	rs9271246	6	32580084	PASS
CAT-AD	rs9271247	6	32580112	PASS
CAT-AD	rs3104419	6	32580136	PASS
CAT-AD	rs9271248	6	32580157	PASS
CAT-AD	rs9271250	6	32580234	PASS
CAT-AD	rs9271251	6	32580241	PASS
CAT-AD	rs2858861	6	32580331	PASS
CAT-AD	rs9271255	6	32580357	PASS
CAT-AD	rs3997871	6	32580456	PASS
CAT-AD	rs9271260	6	32580507	PASS
CAT-AD	rs2395516	6	32580657	PASS
CAT-AD	rs3997874	6	32580741	PASS
CAT-AD	rs2894378	6	32580880	PASS
CAT-AD	rs3104416	6	32581502	PASS
CAT-AD	rs62406297	6	32581650	PASS
CAT-AD	rs522308	6	32581922	PASS
CAT-AD	rs521539	6	32581973	PASS
CAT-AD	rs3129751	6	32582189	PASS
CAT-AD	rs6605556	6	32583099	PASS
CAT-AD	rs4959105	6	32583146	PASS
CAT-AD	rs6941393	6	32583200	PASS
CAT-AD	rs6941395	6	32583206	PASS
CAT-AD	rs9271346	6	32583468	PASS
CAT-AD	rs9271348	6	32583742	PASS
CAT-AD	rs1281935	6	32583820	PASS
CAT-AD	rs33964890	6	32583919	PASS
CAT-AD	rs33915496	6	32583979	PASS
CAT-AD	rs3129758	6	32584625	PASS
CAT-AD	rs111290278	6	32584863	PASS
CAT-AD	rs28752526	6	32584918	PASS
CAT-AD	rs3104412	6	32585967	PASS
CAT-AD	rs11751024	6	32586236	PASS
CAT-AD	rs9271364	6	32586787	PASS
CAT-AD	rs9271365	6	32586794	PASS
CAT-AD	rs9271367	6	32586908	PASS
CAT-AD	rs28383310	6	32586930	PASS
CAT-AD	rs9271368	6	32586934	PASS
CAT-AD	rs557011	6	32587013	PASS
CAT-AD	rs9271375	6	32587067	PASS
CAT-AD	rs9271408	6	32587613	PASS
CAT-AD	rs9271411	6	32587661	PASS
CAT-AD	rs34821853	6	32587677	PASS
CAT-AD	rs9271415	6	32587786	PASS
CAT-AD	rs116300229	6	32587808	PASS
CAT-AD	rs9271416	6	32587812	PASS
CAT-AD	rs9271418	6	32587832	PASS
CAT-AD	rs9271420	6	32587852	PASS
CAT-AD	rs9271421	6	32587859	PASS
CAT-AD	rs1281931	6	32587966	PASS
CAT-AD	rs9271426	6	32587973	PASS
CAT-AD	rs9271430	6	32588002	PASS
CAT-AD	rs115076650	6	32588215	PASS
CAT-AD	rs9271457	6	32588446	PASS
CAT-AD	rs9271459	6	32588457	PASS
CAT-AD	rs9271465	6	32588554	PASS
CAT-AD	rs9271467	6	32588613	PASS
CAT-AD	rs9271468	6	32588616	PASS
CAT-AD	rs9271469	6	32588630	PASS
CAT-AD	rs9271470	6	32588662	PASS
CAT-AD	rs9271472	6	32588700	PASS
CAT-AD	rs9271474	6	32588707	PASS
CAT-AD	rs9271477	6	32588815	PASS
CAT-AD	rs9271478	6	32588821	PASS
CAT-AD	rs9271479	6	32588830	PASS
CAT-AD	rs114014117	6	32588842	PASS
CAT-AD	rs9271485	6	32588953	PASS
CAT-AD	rs9271487	6	32588985	PASS
CAT-AD	rs9271490	6	32589060	PASS
CAT-AD	rs9271491	6	32589061	PASS
CAT-AD	rs9271493	6	32589158	PASS
CAT-AD	rs9271498	6	32589282	PASS
CAT-AD	rs9271503	6	32589326	PASS
CAT-AD	rs9271504	6	32589368	PASS
CAT-AD	rs9271505	6	32589375	PASS
CAT-AD	rs9271506	6	32589380	PASS
CAT-AD	rs9271507	6	32589394	PASS
CAT-AD	rs9271509	6	32589415	PASS
CAT-AD	rs112401673	6	32589416	PASS
CAT-AD	rs9271510	6	32589467	PASS
CAT-AD	rs9271511	6	32589483	PASS
CAT-AD	rs9271512	6	32589510	PASS
CAT-AD	rs114785125	6	32589520	PASS
CAT-AD	rs112447098	6	32589544	PASS
CAT-AD	rs9271514	6	32589613	PASS
CAT-AD	rs9271515	6	32589645	PASS
CAT-AD	rs9271516	6	32589668	PASS
CAT-AD	rs9271519	6	32589751	PASS
CAT-AD	rs9271520	6	32589771	PASS
CAT-AD	rs9271521	6	32589783	PASS
CAT-AD	rs9271544	6	32590120	PASS
CAT-AD	rs9271549	6	32590248	PASS
CAT-AD	rs9271555	6	32590319	PASS
CAT-AD	rs9271557	6	32590331	PASS
CAT-AD	rs9271574	6	32590590	PASS
CAT-AD	rs9271576	6	32590612	PASS
CAT-AD	rs34043628	6	32590619	PASS
CAT-AD	rs35700251	6	32590639	PASS
CAT-AD	rs9271580	6	32590641	PASS
CAT-AD	rs9271582	6	32590774	PASS
CAT-AD	rs9271583	6	32590780	PASS
CAT-AD	rs9271584	6	32590870	PASS
CAT-AD	rs9271585	6	32590879	PASS
CAT-AD	rs9271589	6	32591128	PASS
CAT-AD	rs9271592	6	32591173	PASS
CAT-AD	rs9271594	6	32591213	PASS
CAT-AD	rs9271595	6	32591235	PASS
CAT-AD	rs9271596	6	32591237	PASS
CAT-AD	rs9271604	6	32591430	PASS
CAT-AD	rs9271605	6	32591448	PASS
CAT-AD	rs112953812	6	32591500	PASS
CAT-AD	rs9271607	6	32591566	PASS
CAT-AD	rs9271608	6	32591588	PASS
CAT-AD	rs9271609	6	32591597	PASS
CAT-AD	rs114076271	6	32591717	PASS
CAT-AD	rs4959030	6	32591751	PASS
CAT-AD	rs34412149	6	32591892	PASS
CAT-AD	rs9271624	6	32591921	PASS
CAT-AD	rs9271628	6	32591971	PASS
CAT-AD	rs1281947	6	32592009	PASS
CAT-AD	rs9271643	6	32592229	PASS
CAT-AD	rs9271693	6	32593033	PASS
CAT-AD	rs9271765	6	32594166	PASS
CAT-AD	rs9271767	6	32594176	PASS
CAT-AD	rs9271769	6	32594217	PASS
CAT-AD	rs9271773	6	32594304	PASS
CAT-AD	rs35879651	6	32595857	PASS
CAT-AD	rs115826298	6	32596985	PASS
CAT-AD	rs3129769	6	32597022	PASS
CAT-AD	rs146668528	6	32598028	PASS
CAT-AD	rs115527034	6	32598356	PASS
CAT-AD	rs151002495	6	32598680	PASS
CAT-AD	rs3104378	6	32599163	PASS
CAT-AD	rs9272131	6	32600671	PASS
CAT-AD	rs17205184	6	32602551	PASS
CAT-AD	rs28393315	6	32603177	PASS
CAT-AD	rs62404084	6	32603321	PASS
CAT-AD	rs115878164	6	32603405	PASS
CAT-AD	rs3104367	6	32603487	PASS
CAT-AD	rs3104364	6	32603968	PASS
CAT-AD	rs3104363	6	32604000	PASS
CAT-AD	rs62404085	6	32604384	PASS
CAT-AD	rs9272347	6	32604394	PASS
CAT-AD	rs36216571	6	32611215	PASS
CAT-AD	rs9273009	6	32611579	PASS
CAT-AD	rs36214506	6	32611709	PASS
CAT-AD	rs9273032	6	32611860	PASS
CAT-AD	rs78846394	6	32612096	PASS
CAT-AD	rs9273056	6	32612097	PASS
CAT-AD	rs9273062	6	32612161	PASS
CAT-AD	rs9273063	6	32612166	PASS
CAT-AD	rs9273069	6	32612233	PASS
CAT-AD	rs9273076	6	32612301	PASS
CAT-AD	rs9273084	6	32612396	PASS
CAT-AD	rs6927022	6	32612397	PASS
CAT-AD	rs9273086	6	32612410	PASS
CAT-AD	rs62404117	6	32612417	PASS
CAT-AD	rs62404120	6	32612962	PASS
CAT-AD	rs17843564	6	32614842	PASS
CAT-AD	rs17612555	6	32615366	PASS
CAT-AD	rs17843573	6	32615400	PASS
CAT-AD	rs7745002	6	32615421	PASS
CAT-AD	rs17843575	6	32615427	PASS
CAT-AD	rs17843576	6	32615431	PASS
CAT-AD	rs17612562	6	32615446	PASS
CAT-AD	rs28479464	6	32615457	PASS
CAT-AD	rs17612576	6	32615458	PASS
CAT-AD	rs17612583	6	32615470	PASS
CAT-AD	rs17843577	6	32615510	PASS
CAT-AD	rs17843578	6	32615520	PASS
CAT-AD	rs17612625	6	32615702	PASS
CAT-AD	rs17612640	6	32615754	PASS
CAT-AD	rs12527758	6	32620286	PASS
CAT-AD	rs17612781	6	32620311	PASS
CAT-AD	rs9273326	6	32623219	PASS
CAT-AD	rs9273328	6	32623233	PASS
CAT-AD	rs9273329	6	32623242	PASS
CAT-AD	rs6905775	6	32626021	PASS
CAT-AD	rs9273363	6	32626272	PASS
CAT-AD	rs9273364	6	32626302	PASS
CAT-AD	rs9273368	6	32626475	PASS
CAT-AD	rs9273444	6	32627635	PASS
CAT-AD	rs9273445	6	32627646	PASS
CAT-AD	rs1063355	6	32627714	PASS
CAT-AD	rs28746835	6	32633959	PASS
CAT-AD	rs3830060	6	32633971	PASS
CAT-AD	rs3830059	6	32634007	PASS
CAT-AD	rs28746838	6	32634057	PASS
CAT-AD	rs9274529	6	32634514	PASS
CAT-AD	rs9274561	6	32634953	PASS
CAT-AD	rs9274562	6	32635000	PASS
CAT-AD	rs9274564	6	32635048	PASS
CAT-AD	rs28746863	6	32635172	PASS
CAT-AD	rs9274573	6	32635205	PASS
CAT-AD	rs9274575	6	32635226	PASS
CAT-AD	rs3828789	6	32635754	PASS
CAT-AD	rs3828790	6	32635809	PASS
CAT-AD	rs3828791	6	32635813	PASS
CAT-AD	rs2647025	6	32635949	PASS
CAT-AD	rs9274619	6	32635954	PASS
CAT-AD	rs3828796	6	32635974	PASS
CAT-AD	rs9274656	6	32636351	PASS
CAT-AD	rs9274660	6	32636434	PASS
CAT-AD	rs9274661	6	32636443	PASS
CAT-AD	rs3134998	6	32636757	PASS
CAT-AD	rs9274699	6	32637096	PASS
CAT-AD	rs9274727	6	32637696	PASS
CAT-AD	rs9274728	6	32637772	PASS
CAT-AD	rs3134993	6	32637778	PASS
CAT-AD	rs9274742	6	32638037	PASS
CAT-AD	rs1694122	6	32642845	PASS
CAT-AD	rs9275006	6	32642852	PASS
CAT-AD	rs3129781	6	32648500	PASS
CAT-AD	rs9275079	6	32648614	PASS
CAT-AD	rs9275080	6	32648627	PASS
CAT-AD	rs9275083	6	32648694	PASS
CAT-AD	rs9275090	6	32648971	PASS
CAT-AD	rs9275092	6	32648987	PASS
CAT-AD	rs9275093	6	32649047	PASS
CAT-AD	rs9275094	6	32649062	PASS
CAT-AD	rs9275096	6	32649096	PASS
CAT-AD	rs9275097	6	32649126	PASS
CAT-AD	rs9275098	6	32649161	PASS
CAT-AD	rs9275100	6	32649308	PASS
CAT-AD	rs9275104	6	32649388	PASS
CAT-AD	rs9275107	6	32649508	PASS
CAT-AD	rs9275108	6	32649609	PASS
CAT-AD	rs9275110	6	32649723	PASS
CAT-AD	rs9275111	6	32649735	PASS
CAT-AD	rs9275113	6	32649825	PASS
CAT-AD	rs9275115	6	32649941	PASS
CAT-AD	rs9275121	6	32650185	PASS
CAT-AD	rs9275122	6	32650233	PASS
CAT-AD	rs9275127	6	32650314	PASS
CAT-AD	rs9275132	6	32650500	PASS
CAT-AD	rs9275140	6	32651018	PASS
CAT-AD	rs9275147	6	32651557	PASS
CAT-AD	rs9275149	6	32651616	PASS
CAT-AD	rs9275150	6	32651617	PASS
CAT-AD	rs3021062	6	32651741	PASS
CAT-AD	rs9275152	6	32652196	PASS
CAT-AD	rs3021059	6	32652344	PASS
CAT-AD	rs9275156	6	32652486	PASS
CAT-AD	rs9275157	6	32652552	PASS
CAT-AD	rs9275159	6	32652607	PASS
CAT-AD	rs9275163	6	32652880	PASS
CAT-AD	rs9275164	6	32652929	PASS
CAT-AD	rs9275165	6	32652956	PASS
CAT-AD	rs9275166	6	32652963	PASS
CAT-AD	rs4947342	6	32653070	PASS
CAT-AD	rs9275167	6	32653263	PASS
CAT-AD	rs2856692	6	32653385	PASS
CAT-AD	rs9275171	6	32653972	PASS
CAT-AD	rs9275182	6	32654390	PASS
CAT-AD	rs9275183	6	32654502	PASS
CAT-AD	rs2856688	6	32654640	PASS
CAT-AD	rs9275184	6	32654714	PASS
CAT-AD	rs2856683	6	32655218	PASS
CAT-AD	rs9275185	6	32655305	PASS
CAT-AD	rs3104362	6	32656697	PASS
CAT-AD	rs9275201	6	32656723	PASS
CAT-AD	rs3129785	6	32656724	PASS
CAT-AD	rs2856677	6	32656815	PASS
CAT-AD	rs9275203	6	32656947	PASS
CAT-AD	rs9275205	6	32657560	PASS
CAT-AD	rs9275206	6	32657565	PASS
CAT-AD	rs9275211	6	32657844	PASS
CAT-AD	rs12528622	6	32658259	PASS
CAT-AD	rs9275213	6	32658335	PASS
CAT-AD	rs9275221	6	32659099	PASS
CAT-AD	rs3129718	6	32659838	PASS
CAT-AD	rs9275223	6	32659839	PASS
CAT-AD	rs9275273	6	32662559	PASS
CAT-AD	rs9275275	6	32662607	PASS
CAT-AD	rs112927854	6	32663259	PASS
CAT-AD	rs9275293	6	32663308	PASS
CAT-AD	rs68067315	6	32663340	PASS
CAT-AD	rs9275296	6	32663431	PASS
CAT-AD	rs9275297	6	32663446	PASS
CAT-AD	rs13206018	6	32663497	PASS
CAT-AD	rs5000634	6	32663564	PASS
CAT-AD	rs17427431	6	32663644	PASS
CAT-AD	rs35122881	6	32663677	PASS
CAT-AD	rs373544996	6	32663873	PASS
CAT-AD	rs9275300	6	32664126	PASS
CAT-AD	rs6457622	6	32664163	PASS
CAT-AD	rs7745040	6	32664332	PASS
CAT-AD	rs2894380	6	32664675	PASS
CAT-AD	rs9275310	6	32665319	PASS
CAT-AD	rs9275311	6	32665640	PASS
CAT-AD	rs9275312	6	32665728	PASS
CAT-AD	rs9275313	6	32665759	PASS
CAT-AD	rs9275318	6	32666173	PASS
CAT-AD	rs9275319	6	32666295	PASS
CAT-AD	rs9275324	6	32666635	PASS
CAT-AD	rs9275325	6	32666651	PASS
CAT-AD	rs9275326	6	32666660	PASS
CAT-AD	rs9275327	6	32666802	PASS
CAT-AD	rs9275328	6	32666822	PASS
CAT-AD	rs9275330	6	32666875	PASS
CAT-AD	rs9275331	6	32666899	PASS
CAT-AD	rs9275333	6	32666968	PASS
CAT-AD	rs9275334	6	32667107	PASS
CAT-AD	rs2647045	6	32668100	PASS
CAT-AD	rs9275365	6	32668125	PASS
CAT-AD	rs9275373	6	32668411	PASS
CAT-AD	rs9275380	6	32668814	PASS
CAT-AD	rs9275382	6	32668831	PASS
CAT-AD	rs9275383	6	32668846	PASS
CAT-AD	rs9275387	6	32669013	PASS
CAT-AD	rs9275394	6	32669454	PASS
CAT-AD	rs9275395	6	32669483	PASS
CAT-AD	rs9275422	6	32670548	PASS
CAT-AD	rs9275426	6	32670912	PASS
CAT-AD	rs9275429	6	32671057	PASS
CAT-AD	rs9275430	6	32671086	PASS
CAT-AD	rs9275434	6	32671247	PASS
CAT-AD	rs9275437	6	32671412	PASS
CAT-AD	rs9275476	6	32672624	PASS
CAT-AD	rs9275477	6	32672641	PASS
CAT-AD	rs1794269	6	32673894	PASS
CAT-AD	rs17206350	6	32675067	PASS
CAT-AD	rs4273728	6	32678491	PASS
CAT-AD	rs9275583	6	32680299	PASS
CAT-AD	rs9275592	6	32680620	PASS
CAT-AD	rs2858331	6	32681277	PASS
CAT-AD	rs3957146	6	32681530	PASS
CAT-AD	rs3998159	6	32682019	PASS
CAT-AD	rs3957148	6	32682137	PASS
CAT-AD	rs3104405	6	32682308	PASS
CAT-AD	rs9275599	6	32682429	PASS
CAT-AD	rs3104407	6	32682452	PASS
CAT-AD	rs3873446	6	32683011	PASS
CAT-AD	rs3104410	6	32683324	PASS
CAT-AD	rs9275607	6	32683645	PASS
CAT-AD	rs3104411	6	32683653	PASS
CAT-AD	rs6935940	6	32683691	PASS
CAT-AD	rs9275608	6	32683708	PASS
CAT-AD	rs9275610	6	32683750	PASS
CAT-AD	rs9275611	6	32683763	PASS
CAT-AD	rs9275614	6	32684257	PASS
CAT-AD	rs6916779	6	32684317	PASS
CAT-AD	rs5024431	6	32684344	PASS
CAT-AD	rs9275618	6	32684387	PASS
CAT-AD	rs9275638	6	32684760	PASS
CAT-AD	rs3916765	6	32685550	PASS
CAT-AD	rs9276189	6	32699325	PASS
CAT-AD	rs9276434	6	32712666	PASS
CAT-AD	rs2857212	6	32740411	PASS
CAT-AD	rs9276702	6	32756741	PASS
CAT-AD	rs2621373	6	32765130	PASS
CAT-AD	rs7767167	6	32765182	PASS
CAT-AD	rs2621372	6	32765302	PASS
CAT-AD	rs9501663	6	32768474	PASS
CAT-AD	rs9501664	6	32768488	PASS
CAT-AD	rs2621367	6	32768721	PASS
CAT-AD	rs2621366	6	32768980	PASS
CAT-AD	rs2621365	6	32769140	PASS
CAT-AD	rs2621364	6	32769204	PASS
CAT-AD	rs2621362	6	32769536	PASS
CAT-AD	rs2621360	6	32769575	PASS
CAT-AD	rs2219893	6	32769663	PASS
CAT-AD	rs17213609	6	32769691	PASS
CAT-AD	rs2199874	6	32769926	PASS
CAT-AD	rs2199873	6	32770125	PASS
CAT-AD	rs2857147	6	32770180	PASS
CAT-AD	rs2621358	6	32770808	PASS
CAT-AD	rs2621357	6	32770916	PASS
CAT-AD	rs2857146	6	32770983	PASS
CAT-AD	rs2621356	6	32771033	PASS
CAT-AD	rs2857145	6	32771560	PASS
CAT-AD	rs9501215	6	32772404	PASS
CAT-AD	rs2621347	6	32772669	PASS
CAT-AD	rs2199872	6	32772978	PASS
CAT-AD	rs2621342	6	32775004	PASS
CAT-AD	rs2621340	6	32775480	PASS
CAT-AD	rs2621339	6	32775582	PASS
CAT-AD	rs2857134	6	32775828	PASS
CAT-AD	rs2857132	6	32776179	PASS
CAT-AD	rs2621338	6	32776583	PASS
CAT-AD	rs2621337	6	32776649	PASS
CAT-AD	rs2127674	6	32777150	PASS
CAT-AD	rs2857120	6	32777605	PASS
CAT-AD	rs2857119	6	32777853	PASS
CAT-AD	rs2857117	6	32778026	PASS
CAT-AD	rs2621333	6	32778263	PASS
CAT-AD	rs11244	6	32780724	PASS
CAT-AD	rs2071474	6	32782582	PASS
CAT-AD	rs1383258	6	32783405	PASS
CAT-AD	rs2859579	6	32784073	PASS
CAT-AD	rs2071472	6	32784620	PASS
CAT-AD	rs2071470	6	32784753	PASS
CAT-AD	rs2071469	6	32784783	PASS
CAT-AD	rs2157077	6	32785904	PASS
CAT-AD	rs1894406	6	32787056	PASS
CAT-AD	rs2857106	6	32787570	PASS
CAT-AD	rs2621322	6	32788712	PASS
CAT-AD	rs2621321	6	32789480	PASS
CAT-AD	rs2857101	6	32794676	PASS
CAT-AD	rs241456	6	32795965	PASS
CAT-AD	rs241455	6	32796019	PASS
CAT-AD	rs2071546	6	32796057	PASS
CAT-AD	rs2071545	6	32796058	PASS
CAT-AD	rs241454	6	32796144	PASS
CAT-AD	rs241453	6	32796226	PASS
CAT-AD	rs241452	6	32796346	PASS
CAT-AD	rs17034	6	32796521	PASS
CAT-AD	rs241449	6	32796653	PASS
CAT-AD	rs241448	6	32796685	PASS
CAT-AD	rs241447	6	32796751	PASS
CAT-AD	rs241446	6	32796967	PASS
CAT-AD	rs241445	6	32797072	PASS
CAT-AD	rs241444	6	32797109	PASS
CAT-AD	rs241442	6	32797168	PASS
CAT-AD	rs241441	6	32797297	PASS
CAT-AD	rs241440	6	32797361	PASS
CAT-AD	rs62397687	6	32802009	PASS
CAT-AD	rs3819720	6	32804570	PASS
CAT-AD	rs3819721	6	32804798	PASS
CAT-AD	rs1871665	6	32804879	PASS
CAT-AD	rs1871664	6	32804881	PASS
CAT-AD	rs241425	6	32804909	PASS
CAT-AD	rs9357155	6	32809848	PASS
CAT-AD	rs2071543	6	32811629	PASS
CAT-AD	rs2071540	6	32812916	PASS
CAT-AD	rs1053752	6	32814127	PASS
CAT-AD	rs6457684	6	32814447	PASS
CAT-AD	rs4148882	6	32816958	PASS
CAT-AD	rs2071536	6	32821447	PASS
CAT-AD	rs9276821	6	32829304	PASS
CAT-AD	rs4959116	6	32831661	PASS
CAT-AD	rs3752430	6	32832667	PASS
CAT-AD	rs115493740	6	32838539	PASS
CAT-AD	rs6923186	6	32840980	PASS
CAT-AD	rs6903433	6	32842975	PASS
CAT-AD	rs2857219	6	32851432	PASS
CAT-AD	rs2018501	6	32856208	PASS
CAT-AD	rs9276913	6	32857496	PASS
CAT-AD	rs241412	6	32861616	PASS
CAT-AD	rs241409	6	32861920	PASS
CAT-AD	rs3749981	6	32862682	PASS
CAT-AD	rs241408	6	32862711	PASS
CAT-AD	rs241407	6	32862740	PASS
CAT-AD	rs241404	6	32865997	PASS
CAT-AD	rs9276916	6	32866095	PASS
CAT-AD	rs241402	6	32869045	PASS
CAT-AD	rs3101942	6	32870057	PASS
CAT-AD	rs241400	6	32871536	PASS
CAT-AD	rs241398	6	32875450	PASS
CAT-AD	rs28744290	6	32891841	PASS
CAT-AD	rs114463908	6	32891884	PASS
CAT-AD	rs194676	6	32896330	PASS
CAT-AD	rs3132131	6	32899485	PASS
CAT-AD	rs151719	6	32903900	PASS
CAT-AD	rs11039138	11	47249223	PASS
CAT-AD	rs11039139	11	47250319	PASS
CAT-AD	rs11039159	11	47294021	PASS
CAT-AD	rs3824869	11	47378245	PASS
CAT-AD	rs12801188	11	47388214	PASS
CAT-AD	rs34937994	11	47389638	PASS
CAT-AD	rs2278890	11	47399602	PASS
CAT-AD	rs3758675	11	47400602	PASS
CAT-AD	rs11606287	11	47407439	PASS
CAT-AD	rs35032070	11	47408592	PASS
CAT-AD	rs7847528	9	107792274	PASS
CAT-AD	rs7850780	9	107792347	PASS
CAT-AD	rs12346607	9	107792622	PASS
CAT-AD	rs7851355	9	107793004	PASS
CAT-AD	rs3862532	10	82015725	PASS
CAT-AD	rs10788541	10	82016530	PASS
CAT-AD	rs946893	10	82023524	PASS
CAT-AD	rs3120976	10	82025682	PASS
CAT-AD	rs7923366	10	82027088	PASS
CAT-AD	rs9420349	10	82031160	PASS
CAT-AD	rs10749550	10	82031197	PASS
CAT-AD	rs10788545	10	82034675	PASS
CAT-AD	rs873395	10	82037215	PASS
CAT-AD	rs1143694	10	82040052	PASS
CAT-AD	rs2282367	10	82040346	PASS
CAT-AD	rs1417219	10	82041409	PASS
CAT-AD	rs756208	10	82041751	PASS
CAT-AD	rs9421464	10	82043426	PASS
CAT-AD	rs2236569	10	82043576	PASS
CAT-AD	rs1890578	10	82045719	PASS
CAT-AD	rs2342813	10	82046302	PASS
CAT-AD	rs10749551	10	82054001	PASS
CAT-AD	rs9420359	10	82054873	PASS
CAT-AD	rs2185427	10	82056667	PASS
CAT-AD	rs4934038	10	82057334	PASS
CAT-AD	rs1340385	10	82058851	PASS
CAT-AD	rs10736340	10	82061071	PASS
CAT-AD	rs2486304	10	82064015	PASS
CAT-AD	rs2487074	10	82064104	PASS
CAT-AD	rs2486303	10	82064449	PASS
CAT-AD	rs9663163	10	82068404	PASS
CAT-AD	rs7072845	10	82070014	PASS
CAT-AD	rs7089058	10	82071263	PASS
CAT-AD	rs7895042	10	82095276	PASS
CAT-AD	rs7082102	10	82104890	PASS
CAT-AD	rs10749562	10	82108253	PASS
CAT-AD	rs7100689	10	82222178	PASS
CAT-AD	rs7080169	10	82232706	PASS
CAT-AD	rs10750219	11	122558850	PASS
CAT-AD	rs66908664	15	27983879	PASS
CAT-AD	rs17565757	15	27984185	PASS
CAT-AD	rs117567274	12	109885229	PASS
CAT-AD	rs55816288	12	109889113	PASS
CAT-AD	rs1558804	12	109898732	PASS
CAT-AD	rs56406401	12	109900538	PASS
CAT-AD	rs72647799	12	109901470	PASS
CAT-AD	rs72648061	12	109904436	PASS
CAT-AD	rs6606725	12	109905368	PASS
CAT-AD	rs72649521	12	109905564	PASS
CAT-AD	rs76999751	12	109908530	PASS
CAT-AD	rs55990265	12	109910798	PASS
CAT-AD	rs10850240	12	109919337	PASS
CAT-AD	rs10850274	12	109935081	PASS
CAT-AD	rs17181453	12	109937092	PASS
CAT-AD	rs7358739	12	109942909	PASS
CAT-AD	rs2287188	12	109960283	PASS
CAT-AD	rs56330650	12	109961122	PASS
CAT-AD	rs2241209	12	109962518	PASS
CAT-AD	rs10850338	12	109966932	PASS
CAT-AD	rs7966629	12	109971100	PASS
CAT-AD	rs75507630	12	109975290	PASS
CAT-AD	rs12309013	12	109977088	PASS
CAT-AD	rs76251788	12	109977283	PASS
CAT-AD	rs7975756	12	109978341	PASS
CAT-AD	rs10850349	12	109981796	PASS
CAT-AD	rs76302808	12	109982303	PASS
CAT-AD	rs11067208	12	109987862	PASS
CAT-AD	rs56089724	12	109988188	PASS
CAT-AD	rs55746902	12	109988203	PASS
CAT-AD	rs11067211	12	109988214	PASS
CAT-AD	rs11067227	12	109991685	PASS
CAT-AD	rs72650177	12	109993424	PASS
CAT-AD	rs877709	12	109993942	PASS
CAT-AD	rs11067253	12	109997978	PASS
CAT-AD	rs10850379	12	110002777	PASS
CAT-AD	rs754179	12	110004040	PASS
CAT-AD	rs11836136	12	110006512	PASS
CAT-AD	rs12322541	12	110009756	PASS
CAT-AD	rs12314392	12	110010866	PASS
CAT-AD	rs10774774	12	110011229	PASS
CAT-AD	rs10774775	12	110011230	PASS
CAT-AD	rs3759387	12	110012467	PASS
CAT-AD	rs61940512	12	110012766	PASS
CAT-AD	rs3752662	12	110014055	PASS
CAT-AD	rs9783487	12	110015564	PASS
CAT-AD	rs7300998	12	110016450	PASS
CAT-AD	rs3742015	12	110017125	PASS
CAT-AD	rs7311653	12	110023672	PASS
CAT-AD	rs72648019	12	110026822	PASS
CAT-AD	rs10850436	12	110033734	PASS
CAT-AD	rs117514387	12	110042391	PASS
CAT-AD	rs117249174	12	110043679	PASS
CAT-AD	rs17608087	12	110044342	PASS
CAT-AD	rs1541597	12	110044918	PASS
CAT-AD	rs77104423	12	110045239	PASS
CAT-AD	rs12316253	12	110046051	PASS
CAT-AD	rs2160593	12	110046393	PASS
CAT-AD	rs10850453	12	110046576	PASS
CAT-AD	rs17608150	12	110046698	PASS
CAT-AD	rs17670859	12	110051985	PASS
CAT-AD	rs56269841	12	110054362	PASS
CAT-AD	rs114574296	12	110062572	PASS
CAT-AD	rs80345566	12	110068882	PASS
CAT-AD	rs7484578	12	110070108	PASS
CAT-AD	rs79770647	12	110074922	PASS
CAT-AD	rs77387437	12	110076073	PASS
CAT-AD	rs9539818	13	64156606	PASS
CAT-AD	rs34341874	17	5156235	PASS
CAT-AD	rs7221353	17	5166760	PASS
CAT-AD	rs80533	22	41085969	PASS
CAT-AD	rs56176579	17	5262253	PASS
CAT-AD	rs34121753	17	7733833	PASS
CAT-AD	rs12945870	17	7737331	PASS
CAT-AD	rs12939056	17	7754993	PASS
CAT-AD	rs55809496	17	7759477	PASS
CAT-AD	rs4321249	17	7795529	PASS
CAT-AD	rs62091656	18	52458881	PASS
CAT-AD	rs56096694	18	52722378	PASS
CAT-AD	rs11656665	17	17724789	PASS
CAT-AD	rs12953299	17	17726648	PASS
CAT-AD	rs12936927	17	17726965	PASS
CAT-AD	rs8066560	17	17728043	PASS
CAT-AD	rs11657423	17	17728574	PASS
CAT-AD	rs11078399	17	17728983	PASS
CAT-AD	rs4925116	17	17731200	PASS
CAT-AD	rs12952723	17	17731651	PASS
CAT-AD	rs9894257	17	17732319	PASS
CAT-AD	rs7503747	17	17732469	PASS
CAT-AD	rs9902941	17	17733760	PASS
CAT-AD	rs11657130	17	17733826	PASS
CAT-AD	rs11652144	17	17733934	PASS
CAT-AD	rs1889018	17	17734740	PASS
CAT-AD	rs12938501	17	17737258	PASS
CAT-AD	rs12946746	17	17741669	PASS
CAT-AD	rs7359509	17	17741875	PASS
CAT-AD	rs4925119	17	17742904	PASS
CAT-AD	rs9891957	17	17744439	PASS
CAT-AD	rs8078756	17	17744725	PASS
CAT-AD	rs9906673	17	17746197	PASS
CAT-AD	rs6502618	17	17746741	PASS
CAT-AD	rs3183702	17	17747289	PASS
CAT-AD	rs2236513	17	17747366	PASS
CAT-AD	rs9915248	17	17747514	PASS
CAT-AD	rs4924822	17	17748013	PASS
CAT-AD	rs3744113	17	17748645	PASS
CAT-AD	rs9915776	17	17749056	PASS
CAT-AD	rs3744115	17	17749822	PASS
CAT-AD	rs1052299	17	17750419	PASS
CAT-AD	rs1108648	17	17750558	PASS
CAT-AD	rs7501812	17	17750907	PASS
CAT-AD	rs12951376	17	17752809	PASS
CAT-AD	rs12941550	17	17753828	PASS
CAT-AD	rs4925120	17	17754633	PASS
CAT-AD	rs16960744	17	17755259	PASS
CAT-AD	rs11078400	17	17757728	PASS
CAT-AD	rs8079321	17	17760789	PASS
CAT-AD	rs11658309	17	17762247	PASS
CAT-AD	rs4924823	17	17764502	PASS
CAT-AD	rs12941039	17	17765655	PASS
CAT-AD	rs9895335	17	17767767	PASS
CAT-AD	rs9895750	17	17767819	PASS
CAT-AD	rs11657074	17	17770355	PASS
CAT-AD	rs9907246	17	17770965	PASS
CAT-AD	rs9907287	17	17774118	PASS
CAT-AD	rs9908017	17	17774422	PASS
CAT-AD	rs9908299	17	17774568	PASS
CAT-AD	rs8080061	17	17776389	PASS
CAT-AD	rs12936037	17	17777245	PASS
CAT-AD	rs7503334	17	17779458	PASS
CAT-AD	rs8065563	17	17782404	PASS
CAT-AD	rs950966	17	17783748	PASS
CAT-AD	rs4925123	17	17784374	PASS
CAT-AD	rs11650649	17	17790319	PASS
CAT-AD	rs4925125	17	17794444	PASS
CAT-AD	rs4925126	17	17798633	PASS
CAT-AD	rs2350977	17	17802779	PASS
CAT-AD	rs11078403	17	17803416	PASS
CAT-AD	rs8070128	17	17804725	PASS
CAT-AD	rs4925129	17	17807186	PASS
CAT-AD	rs66531105	17	17809001	PASS
CAT-AD	rs8078138	17	17811251	PASS
CAT-AD	rs8078583	17	17811465	PASS
CAT-AD	rs8070722	17	17813562	PASS
CAT-AD	rs77681052	17	17816347	PASS
CAT-AD	rs7222480	17	17818817	PASS
CAT-AD	rs9913724	17	17819101	PASS
CAT-AD	rs7207043	17	17819188	PASS
CAT-AD	rs7207395	17	17819335	PASS
CAT-AD	rs12453825	17	17819635	PASS
CAT-AD	rs7208190	17	17819657	PASS
CAT-AD	rs62064156	17	17822480	PASS
CAT-AD	rs11078405	17	17824978	PASS
CAT-AD	rs9912895	17	17826020	PASS
CAT-AD	rs62064158	17	17826935	PASS
CAT-AD	rs28428991	17	17827649	PASS
CAT-AD	rs12452219	17	17829423	PASS
CAT-AD	rs12452254	17	17829434	PASS
CAT-AD	rs63721860	17	17829576	PASS
CAT-AD	rs9904163	17	17830553	PASS
CAT-AD	rs56886154	17	17831473	PASS
CAT-AD	rs8073001	17	17831716	PASS
CAT-AD	rs5002487	17	17832460	PASS
CAT-AD	rs8068820	17	17834119	PASS
CAT-AD	rs4077198	17	17834563	PASS
CAT-AD	rs6502622	17	17834691	PASS
CAT-AD	rs11656840	17	17837354	PASS
CAT-AD	rs4341796	17	17839024	PASS
CAT-AD	rs11078406	17	17840823	PASS
CAT-AD	rs11078407	17	17841083	PASS
CAT-AD	rs4244602	17	17841456	PASS
CAT-AD	rs11657773	17	17843358	PASS
CAT-AD	rs4470201	17	17844870	PASS
CAT-AD	rs6502624	17	17847936	PASS
CAT-AD	rs6502626	17	17849450	PASS
CAT-AD	rs6502627	17	17849671	PASS
CAT-AD	rs8065416	17	17851162	PASS
CAT-AD	rs8066982	17	17851377	PASS
CAT-AD	rs4534911	17	17852330	PASS
CAT-AD	rs7214536	17	17852446	PASS
CAT-AD	rs8077530	17	17853454	PASS
CAT-AD	rs8076747	17	17853595	PASS
CAT-AD	rs8078105	17	17853782	PASS
CAT-AD	rs4257260	17	17857003	PASS
CAT-AD	rs4553680	17	17857722	PASS
CAT-AD	rs8065970	17	17858771	PASS
CAT-AD	rs4414547	17	17859052	PASS
CAT-AD	rs8070748	17	17859421	PASS
CAT-AD	rs4616340	17	17861360	PASS
CAT-AD	rs8080823	17	17864048	PASS
CAT-AD	rs12603148	17	17865257	PASS
CAT-AD	rs9905284	17	17865752	PASS
CAT-AD	rs10048206	17	17866897	PASS
CAT-AD	rs12600546	17	17867614	PASS
CAT-AD	rs7213225	17	17869111	PASS
CAT-AD	rs60073596	17	17870974	PASS
CAT-AD	rs9908832	17	17871068	PASS
CAT-AD	rs9635698	17	17871884	PASS
CAT-AD	rs4343339	17	17872589	PASS
CAT-AD	rs11871231	17	17883848	PASS
CAT-AD	rs11869491	17	17884055	PASS
CAT-AD	rs4072738	17	17884547	PASS
CAT-AD	rs4072739	17	17884660	PASS
CAT-AD	rs4925133	17	17884801	PASS
CAT-AD	rs4459604	17	17888549	PASS
CAT-AD	rs7207821	17	17891781	PASS
CAT-AD	rs62072048	17	17894750	PASS
CAT-AD	rs4368210	17	17896090	PASS
CAT-AD	rs4584886	17	17896205	PASS
CAT-AD	rs9911850	17	17896559	PASS
CAT-AD	rs9912096	17	17896673	PASS
CAT-AD	rs4924832	17	17897739	PASS
CAT-AD	rs9899355	17	17898243	PASS
CAT-AD	rs6502631	17	17899621	PASS
CAT-AD	rs4506969	17	17899839	PASS
CAT-AD	rs8071238	17	17900990	PASS
CAT-AD	rs28537385	17	17902135	PASS
CAT-AD	rs62072049	17	17906520	PASS
CAT-AD	rs7219324	17	17909775	PASS
CAT-AD	rs12150369	17	17911014	PASS
CAT-AD	rs4365348	17	17912548	PASS
CAT-AD	rs6502632	17	17913057	PASS
CAT-AD	rs7212167	17	17913504	PASS
CAT-AD	rs7223696	17	17915791	PASS
CAT-AD	rs9913277	17	17919749	PASS
CAT-AD	rs8069811	17	17922280	PASS
CAT-AD	rs9896837	17	17924868	PASS
CAT-AD	rs7215524	17	17926605	PASS
CAT-AD	rs2955378	17	17930253	PASS
CAT-AD	rs2955377	17	17932818	PASS
CAT-AD	rs7224047	17	17932931	PASS
CAT-AD	rs2955385	17	17939247	PASS
CAT-AD	rs2955384	17	17939573	PASS
CAT-AD	rs2955383	17	17941364	PASS
CAT-AD	rs7406982	17	17942613	PASS
CAT-AD	rs2955380	17	17944349	PASS
CAT-AD	rs2955357	17	17946401	PASS
CAT-AD	rs2955358	17	17946623	PASS
CAT-AD	rs2955359	17	17946730	PASS
CAT-AD	rs2955355	17	17948475	PASS
CAT-AD	rs2955353	17	17948979	PASS
CAT-AD	rs7207461	17	17949789	PASS
CAT-AD	rs7210400	17	17949957	PASS
CAT-AD	rs12940282	17	17950001	PASS
CAT-AD	rs12939020	17	17950163	PASS
CAT-AD	rs8070731	17	17952447	PASS
CAT-AD	rs4925135	17	17952868	PASS
CAT-AD	rs2955350	17	17953548	PASS
CAT-AD	rs8080334	17	17954764	PASS
CAT-AD	rs6502634	17	17955344	PASS
CAT-AD	rs8082590	17	17958402	PASS
CAT-AD	rs11650021	17	17960613	PASS
CAT-AD	rs2955368	17	17961349	PASS
CAT-AD	rs2955352	17	17961389	PASS
CAT-AD	rs2955369	17	17961407	PASS
CAT-AD	rs9894138	17	17964345	PASS
CAT-AD	rs2955356	17	17964717	PASS
CAT-AD	rs2955370	17	17966945	PASS
CAT-AD	rs2955372	17	17970229	PASS
CAT-AD	rs4643387	17	17972973	PASS
CAT-AD	rs8066764	17	17974668	PASS
CAT-AD	rs62073573	17	17976354	PASS
CAT-AD	rs4426402	17	17977926	PASS
CAT-AD	rs4410135	17	17979039	PASS
CAT-AD	rs4561528	17	17979099	PASS
CAT-AD	rs6502637	17	17986098	PASS
CAT-AD	rs7212447	17	17987067	PASS
CAT-AD	rs11867241	17	17988586	PASS
CAT-AD	rs4365346	17	17989373	PASS
CAT-AD	rs854789	17	18026566	PASS
CAT-AD	rs1008135	17	18027143	PASS
CAT-AD	rs854791	17	18029857	PASS
CAT-AD	rs7980444	12	9483614	PASS
CAT-AD	rs28732200	6	32350328	PASS
CAT-AD	rs3094211	6	31086402	PASS
CAT-AD	rs41293899	6	31481753	PASS
CAT-AD	rs3131086	6	29065394	PASS
CAT-AD	rs75974038	19	45200210	PASS
CAT-AD	rs28732191	6	32303474	PASS
CAT-AD	rs11903472	2	127773898	PASS
CAT-AD	rs13220590	6	32423788	PASS
CAT-AD	rs34018127	6	30122978	PASS
CAT-AD	rs11899372	2	127773880	PASS
CAT-AD	rs28746898	6	32648594	PASS
CAT-AD	rs28732207	6	32383458	PASS
CAT-AD	rs41293883	6	31474820	PASS
CAT-AD	rs534178240	19	45338336	PASS
CAT-AD	rs138117378	6	31400705	PASS
CAT-AD	rs114765365	6	32199517	PASS
CAT-AD	rs138130755	6	31400137	PASS
CAT-AD	rs28732183	6	32234922	PASS
CAT-AD	rs9267987	6	32218198	PASS
CAT-AD	rs11544315	6	32411573	PASS
CAT-AD	rs28732106	6	31243660	PASS
CAT-AD	rs28732213	6	32403119	PASS
CAT-AD	rs28732214	6	32406122	PASS
CAT-AD	rs11587052	1	207380573	PASS
CAT-AD	rs140810304	6	31382495	PASS
CAT-AD	rs3095323	6	31087240	PASS
CAT-AD	rs77152259	6	32793534	PASS
CAT-AD	rs28732233	6	32427699	PASS
CAT-AD	rs114882073	6	29659591	PASS
CAT-AD	rs3021366	6	31445771	PASS
CAT-AD	rs73410785	6	32792533	PASS
CAT-AD	rs9357133	6	31380897	PASS
CAT-AD	rs115521560	6	32019382	PASS
CAT-AD	rs7757383	6	31479223	PASS
CAT-AD	rs28895015	6	31562107	PASS
CAT-AD	rs9271081	6	32576083	PASS
CAT-AD	rs58102217	6	31346655	PASS
CAT-AD	rs7757162	6	31478960	PASS
CAT-AD	rs3132548	6	31086884	PASS
CAT-AD	rs28732184	6	32238381	PASS
CAT-AD	rs3997854	6	32682915	PASS
CAT-AD	rs116746348	6	32653062	PASS
CAT-AD	rs1426576929			MISSING_OR_NONNUMERIC
CAT-AD	rs2905734	6	31453711	PASS
CAT-AD	rs2263323	6	31401466	PASS
CAT-AD	rs77311173	6	31412271	PASS
CAT-AD	rs3997855	6	32682965	PASS
CAT-AD	rs185871441	12	110077613	PASS
CAT-AD	rs145269503	6	31705126	PASS
CAT-AD	rs146940622	21	30540912	PASS
CAT-AD	rs28895022	6	32328421	PASS
CAT-AD	rs115841246	6	31383613	PASS
CAT-AD	rs41293919	6	31509980	PASS
CAT-AD	rs28732162	6	31816059	PASS
CAT-AD	rs9394070	6	31366295	PASS
CAT-AD	rs62621812	7	127015083	PASS
CAT-AD	rs12084751	1	213999742	PASS
CAT-AD	rs17220157	6	32787592	PASS
CAT-AD	rs112168410	6	31335189	PASS
CAT-AD	rs201023435	6	31390365	PASS
CAT-AD	rs12816390	12	9425900	PASS
CAT-CKD	rs3918226	7	150690176	PASS
CAT-CKD	rs58936790	5	174179520	PASS
CAT-CKD	rs58897526	5	174179812	PASS
CAT-CKD	rs10071232	5	174180140	PASS
CAT-CKD	rs10063922	5	174181684	PASS
CAT-CKD	rs28676880	5	174183107	PASS
CAT-CKD	rs1848326	5	174190130	PASS
CAT-CKD	rs4867777	5	174190638	PASS
CAT-CKD	rs6873128	5	174191419	PASS
CAT-CKD	rs6892003	5	174191465	PASS
CAT-CKD	rs1507805	5	174193309	PASS
CAT-CKD	rs7704464	5	174193745	PASS
CAT-CKD	rs34799282	5	174194805	PASS
CAT-CKD	rs6870098	5	174195202	PASS
CAT-CKD	rs13172820	5	174196542	PASS
CAT-CKD	rs6947064	7	151397343	PASS
CAT-CKD	rs6967507	7	151397487	PASS
CAT-CKD	rs6967838	7	151397688	PASS
CAT-CKD	rs6948449	7	151398133	PASS
CAT-CKD	rs2888788	7	151398668	PASS
CAT-CKD	rs7786782	7	151398710	PASS
CAT-CKD	rs73158180	7	151402852	PASS
CAT-CKD	rs7896881	10	124128076	PASS
CAT-CKD	rs11200606	10	124148765	PASS
CAT-CKD	rs2421021	10	124157046	PASS
CAT-CKD	rs11200608	10	124157821	PASS
CAT-CKD	rs2421016	10	124167512	PASS
CAT-CKD	rs7097701	10	124171857	PASS
CAT-CKD	rs7079976	10	124172108	PASS
CAT-CKD	rs7908662	10	124172912	PASS
CAT-CKD	rs4612730	10	124176452	PASS
CAT-CKD	rs4311997	10	124179299	PASS
CAT-CKD	rs10887150	10	124180578	PASS
CAT-CKD	rs10887151	10	124180766	PASS
CAT-CKD	rs2292626	10	124186714	PASS
CAT-CKD	rs10510110	10	124192430	PASS
CAT-CKD	rs7072204	10	124195485	PASS
CAT-CKD	rs61871744	10	124203787	PASS
CAT-CKD	rs11200630	10	124209684	PASS
CAT-CKD	rs61871745	10	124210369	PASS
CAT-CKD	rs11200632	10	124211536	PASS
CAT-CKD	rs11200633	10	124211596	PASS
CAT-CKD	rs61871746	10	124212913	PASS
CAT-CKD	rs61871747	10	124213046	PASS
CAT-CKD	rs10490924	10	124214448	PASS
CAT-CKD	rs36212731	10	124214976	PASS
CAT-CKD	rs36212732	10	124215198	PASS
CAT-CKD	rs36212733	10	124215211	PASS
CAT-CKD	rs3750848	10	124215315	PASS
CAT-CKD	rs3750847	10	124215421	PASS
CAT-CKD	rs3750846	10	124215565	PASS
CAT-CKD	rs3763764	10	124220061	PASS
CAT-CKD	rs11200638	10	124220544	PASS
CAT-CKD	rs2248929	10	124224916	PASS
CAT-CKD	rs932274	10	124225364	PASS
CAT-CKD	rs2672597	10	124226199	PASS
CAT-CKD	rs2284665	10	124226630	PASS
CAT-CKD	rs2672596	10	124226793	PASS
CAT-CKD	rs2672595	10	124227288	PASS
CAT-CKD	rs60401382	10	124227624	PASS
CAT-CKD	rs11200643	10	124229203	PASS
CAT-CKD	rs58077526	10	124230024	PASS
CAT-CKD	rs932275	10	124231464	PASS
CAT-CKD	rs763720	10	124262444	PASS
CAT-CKD	rs28479771	10	124264816	PASS
CAT-CKD	rs28637696	10	124265193	PASS
CAT-CKD	rs2268356	10	124265326	PASS
CAT-CKD	rs28414499	10	124266616	PASS
CAT-CKD	rs4750356	10	13480789	PASS
CAT-CKD	rs11258384	10	13482031	PASS
CAT-CKD	rs11258385	10	13482073	PASS
CAT-CKD	rs1890876	10	13482731	PASS
CAT-CKD	rs4750358	10	13485445	PASS
CAT-CKD	rs10430801	10	13490742	PASS
CAT-CKD	rs2277222	10	13494594	PASS
CAT-CKD	rs7071421	10	13494787	PASS
CAT-CKD	rs7089073	10	13494876	PASS
CAT-CKD	rs7092928	10	13495043	PASS
CAT-CKD	rs7092750	10	13495104	PASS
CAT-CKD	rs7075255	10	13495176	PASS
CAT-CKD	rs7096540	10	13495241	PASS
CAT-CKD	rs7092954	10	13495287	PASS
CAT-CKD	rs7074617	10	13495416	PASS
CAT-CKD	rs7075673	10	13495447	PASS
CAT-CKD	rs11258393	10	13495589	PASS
CAT-CKD	rs4748034	10	13496208	PASS
CAT-CKD	rs4750360	10	13496244	PASS
CAT-CKD	rs7079554	10	13496479	PASS
CAT-CKD	rs7093157	10	13497653	PASS
CAT-CKD	rs7077708	10	13497671	PASS
CAT-CKD	rs11258395	10	13498002	PASS
CAT-CKD	rs10906374	10	13498266	PASS
CAT-CKD	rs10906375	10	13498371	PASS
CAT-CKD	rs10796081	10	13498418	PASS
CAT-CKD	rs10906376	10	13499253	PASS
CAT-CKD	rs10906377	10	13499395	PASS
CAT-CKD	rs10906378	10	13507432	PASS
CAT-CKD	rs2153442	10	13511130	PASS
CAT-CKD	rs4748035	10	13511986	PASS
CAT-CKD	rs4748036	10	13512223	PASS
CAT-CKD	rs10508461	10	13513430	PASS
CAT-CKD	rs7922196	10	13514181	PASS
CAT-CKD	rs11258402	10	13515094	PASS
CAT-CKD	rs11258403	10	13515117	PASS
CAT-CKD	rs28519437	10	13515335	PASS
CAT-CKD	rs10906382	10	13516426	PASS
CAT-CKD	rs10508462	10	13519743	PASS
CAT-CKD	rs10906386	10	13520163	PASS
CAT-CKD	rs11258407	10	13520466	PASS
CAT-CKD	rs55749906	10	13520613	PASS
CAT-CKD	rs10906387	10	13521093	PASS
CAT-CKD	rs10906388	10	13521095	PASS
CAT-CKD	rs10796086	10	13521916	PASS
CAT-CKD	rs10906389	10	13522661	PASS
CAT-CKD	rs10906390	10	13523864	PASS
CAT-CKD	rs10906391	10	13523937	PASS
CAT-CKD	rs1519962	12	89562599	PASS
CAT-CKD	rs1519965	12	89566879	PASS
CAT-CKD	rs1949537	12	89568689	PASS
CAT-CKD	rs10858833	12	89588699	PASS
CAT-CKD	rs2059333	11	110722129	PASS
CAT-CKD	rs4924316	15	39250179	PASS
CAT-CKD	rs1426434	12	115666362	PASS
CAT-CKD	rs10775010	12	119425898	PASS
CAT-CKD	rs872192	15	45614502	PASS
CAT-CKD	rs1617634	15	45615578	PASS
CAT-CKD	rs1145080	15	45681338	PASS
CAT-CKD	rs1145077	15	45683795	PASS
CAT-CKD	rs1145076	15	45684508	PASS
CAT-CKD	rs1426932	15	45687256	PASS
CAT-CKD	rs1346267	15	45690989	PASS
CAT-CKD	rs986890	15	53781223	PASS
CAT-CKD	rs1189399	15	53782103	PASS
CAT-CKD	rs62007597	15	53785501	PASS
CAT-CKD	rs56153619	15	53791261	PASS
CAT-CKD	rs59557641	15	53791815	PASS
CAT-CKD	rs2129770	15	53793335	PASS
CAT-CKD	rs1211192	15	53798202	PASS
CAT-CKD	rs10220852	15	53839779	PASS
CAT-CKD	rs10775154	15	53846607	PASS
CAT-CKD	rs12901825	15	53848895	PASS
CAT-CKD	rs7497252	15	53852478	PASS
CAT-CKD	rs12440881	15	53854269	PASS
CAT-CKD	rs4774667	15	53855925	PASS
CAT-CKD	rs11070991	15	53856688	PASS
CAT-CKD	rs73053655	12	13924683	PASS
CAT-CKD	rs11055613	12	13933030	PASS
CAT-CKD	rs77673790	16	24068209	PASS
CAT-CKD	rs8044650	16	20350163	PASS
CAT-CKD	rs11859916	16	20351231	PASS
CAT-CKD	rs7198000	16	20351937	PASS
CAT-CKD	rs4780884	16	20353127	PASS
CAT-CKD	rs8054296	16	20355651	PASS
CAT-CKD	rs73541299	16	20356477	PASS
CAT-CKD	rs4506906	16	20357398	PASS
CAT-CKD	rs4496151	16	20373290	PASS
CAT-CKD	rs9921327	16	20375168	PASS
CAT-CKD	rs7498579	16	20375285	PASS
CAT-CKD	rs4321205	16	20375536	PASS
CAT-CKD	rs4280249	16	20375549	PASS
CAT-CKD	rs4369676	16	20375667	PASS
CAT-CKD	rs8053057	16	20376030	PASS
CAT-CKD	rs8052144	16	20376038	PASS
CAT-CKD	rs8052161	16	20376078	PASS
CAT-CKD	rs8053146	16	20376588	PASS
CAT-CKD	rs8052918	16	20376734	PASS
CAT-CKD	rs8054266	16	20376755	PASS
CAT-CKD	rs9806861	16	20377587	PASS
CAT-CKD	rs11641045	16	20404043	PASS
CAT-CKD	rs12920708	16	20407237	PASS
CAT-CKD	rs66891425	16	20408529	PASS
CAT-CKD	rs7195855	16	20408696	PASS
CAT-CKD	rs7195719	16	20408733	PASS
CAT-CKD	rs7185389	16	20410263	PASS
CAT-CKD	rs7185940	16	20410488	PASS
CAT-CKD	rs9926580	16	20410547	PASS
CAT-CKD	rs9928648	16	20410669	PASS
CAT-CKD	rs6040069	20	10645197	PASS
CAT-CKD	rs3790163	20	10647951	PASS
CAT-CKD	rs6040107	20	10701594	PASS
CAT-CKD	rs2423515	20	10703993	PASS
CAT-CKD	rs6046128	20	19456621	PASS
CAT-CKD	rs6046129	20	19456637	PASS
CAT-CKD	rs3790222	20	19457510	PASS
CAT-CKD	rs3790224	20	19457878	PASS
CAT-CKD	rs6112406	20	19462322	PASS
CAT-CKD	rs761221	20	19463491	PASS
CAT-CKD	rs4814859	20	19464703	PASS
CAT-CKD	rs6046135	20	19465476	PASS
CAT-CKD	rs6046136	20	19466399	PASS
CAT-CKD	rs3790226	20	19468869	PASS
CAT-CKD	rs1474732	20	19472195	PASS
CAT-CKD	rs1569676	20	19475138	PASS
CAT-CKD	rs6035356	20	19478604	PASS
CAT-CKD	rs2294899	20	19483913	PASS
CAT-CKD	rs55893874	20	19520273	PASS
CAT-CKD	rs3785632	17	15945608	PASS
CAT-CKD	rs11656665	17	17724789	PASS
CAT-CKD	rs12953299	17	17726648	PASS
CAT-CKD	rs12936927	17	17726965	PASS
CAT-CKD	rs8066560	17	17728043	PASS
CAT-CKD	rs11657423	17	17728574	PASS
CAT-CKD	rs11078399	17	17728983	PASS
CAT-CKD	rs4925116	17	17731200	PASS
CAT-CKD	rs12952723	17	17731651	PASS
CAT-CKD	rs9894257	17	17732319	PASS
CAT-CKD	rs7503747	17	17732469	PASS
CAT-CKD	rs9902941	17	17733760	PASS
CAT-CKD	rs11657130	17	17733826	PASS
CAT-CKD	rs11652144	17	17733934	PASS
CAT-CKD	rs1889018	17	17734740	PASS
CAT-CKD	rs4925117	17	17736252	PASS
CAT-CKD	rs12938501	17	17737258	PASS
CAT-CKD	rs12946746	17	17741669	PASS
CAT-CKD	rs7359509	17	17741875	PASS
CAT-CKD	rs4925119	17	17742904	PASS
CAT-CKD	rs9891957	17	17744439	PASS
CAT-CKD	rs8078756	17	17744725	PASS
CAT-CKD	rs9906673	17	17746197	PASS
CAT-CKD	rs6502618	17	17746741	PASS
CAT-CKD	rs3183702	17	17747289	PASS
CAT-CKD	rs2236513	17	17747366	PASS
CAT-CKD	rs9915248	17	17747514	PASS
CAT-CKD	rs4924822	17	17748013	PASS
CAT-CKD	rs3744113	17	17748645	PASS
CAT-CKD	rs9915776	17	17749056	PASS
CAT-CKD	rs3744115	17	17749822	PASS
CAT-CKD	rs1052299	17	17750419	PASS
CAT-CKD	rs1108648	17	17750558	PASS
CAT-CKD	rs7501812	17	17750907	PASS
CAT-CKD	rs1108646	17	17751478	PASS
CAT-CKD	rs12941550	17	17753828	PASS
CAT-CKD	rs4925120	17	17754633	PASS
CAT-CKD	rs16960744	17	17755259	PASS
CAT-CKD	rs11078400	17	17757728	PASS
CAT-CKD	rs8079321	17	17760789	PASS
CAT-CKD	rs11658309	17	17762247	PASS
CAT-CKD	rs4924823	17	17764502	PASS
CAT-CKD	rs12941039	17	17765655	PASS
CAT-CKD	rs9895335	17	17767767	PASS
CAT-CKD	rs9895750	17	17767819	PASS
CAT-CKD	rs11657074	17	17770355	PASS
CAT-CKD	rs9907246	17	17770965	PASS
CAT-CKD	rs9907287	17	17774118	PASS
CAT-CKD	rs9908017	17	17774422	PASS
CAT-CKD	rs9908299	17	17774568	PASS
CAT-CKD	rs8080061	17	17776389	PASS
CAT-CKD	rs12936037	17	17777245	PASS
CAT-CKD	rs7503334	17	17779458	PASS
CAT-CKD	rs8065563	17	17782404	PASS
CAT-CKD	rs950966	17	17783748	PASS
CAT-CKD	rs4925123	17	17784374	PASS
CAT-CKD	rs11650649	17	17790319	PASS
CAT-CKD	rs11650890	17	17790882	PASS
CAT-CKD	rs4925125	17	17794444	PASS
CAT-CKD	rs4925126	17	17798633	PASS
CAT-CKD	rs2350977	17	17802779	PASS
CAT-CKD	rs11078403	17	17803416	PASS
CAT-CKD	rs8070128	17	17804725	PASS
CAT-CKD	rs8066145	17	17806914	PASS
CAT-CKD	rs4925129	17	17807186	PASS
CAT-CKD	rs4925130	17	17807858	PASS
CAT-CKD	rs66531105	17	17809001	PASS
CAT-CKD	rs8078138	17	17811251	PASS
CAT-CKD	rs8078583	17	17811465	PASS
CAT-CKD	rs8070722	17	17813562	PASS
CAT-CKD	rs7222480	17	17818817	PASS
CAT-CKD	rs9913724	17	17819101	PASS
CAT-CKD	rs7207043	17	17819188	PASS
CAT-CKD	rs7207395	17	17819335	PASS
CAT-CKD	rs7208190	17	17819657	PASS
CAT-CKD	rs62064156	17	17822480	PASS
CAT-CKD	rs11078405	17	17824978	PASS
CAT-CKD	rs9912895	17	17826020	PASS
CAT-CKD	rs62064158	17	17826935	PASS
CAT-CKD	rs28428991	17	17827649	PASS
CAT-CKD	rs12452219	17	17829423	PASS
CAT-CKD	rs12452254	17	17829434	PASS
CAT-CKD	rs9904163	17	17830553	PASS
CAT-CKD	rs8073001	17	17831716	PASS
CAT-CKD	rs5002487	17	17832460	PASS
CAT-CKD	rs8068820	17	17834119	PASS
CAT-CKD	rs4077198	17	17834563	PASS
CAT-CKD	rs6502622	17	17834691	PASS
CAT-CKD	rs11656840	17	17837354	PASS
CAT-CKD	rs4341796	17	17839024	PASS
CAT-CKD	rs11078406	17	17840823	PASS
CAT-CKD	rs11078407	17	17841083	PASS
CAT-CKD	rs4244602	17	17841456	PASS
CAT-CKD	rs11657773	17	17843358	PASS
CAT-CKD	rs4470201	17	17844870	PASS
CAT-CKD	rs6502624	17	17847936	PASS
CAT-CKD	rs6502626	17	17849450	PASS
CAT-CKD	rs6502627	17	17849671	PASS
CAT-CKD	rs8065416	17	17851162	PASS
CAT-CKD	rs8066982	17	17851377	PASS
CAT-CKD	rs4534911	17	17852330	PASS
CAT-CKD	rs7214536	17	17852446	PASS
CAT-CKD	rs8077530	17	17853454	PASS
CAT-CKD	rs8076747	17	17853595	PASS
CAT-CKD	rs8078105	17	17853782	PASS
CAT-CKD	rs4257260	17	17857003	PASS
CAT-CKD	rs4553680	17	17857722	PASS
CAT-CKD	rs8065970	17	17858771	PASS
CAT-CKD	rs4414547	17	17859052	PASS
CAT-CKD	rs8070748	17	17859421	PASS
CAT-CKD	rs4616340	17	17861360	PASS
CAT-CKD	rs8080823	17	17864048	PASS
CAT-CKD	rs12603148	17	17865257	PASS
CAT-CKD	rs9905284	17	17865752	PASS
CAT-CKD	rs10048206	17	17866897	PASS
CAT-CKD	rs12600546	17	17867614	PASS
CAT-CKD	rs7213225	17	17869111	PASS
CAT-CKD	rs9908832	17	17871068	PASS
CAT-CKD	rs9635698	17	17871884	PASS
CAT-CKD	rs4343339	17	17872589	PASS
CAT-CKD	rs8068175	17	17874486	PASS
CAT-CKD	rs57728924	17	17875342	PASS
CAT-CKD	rs59304093	17	17875407	PASS
CAT-CKD	rs11078408	17	17876011	PASS
CAT-CKD	rs11870660	17	17877096	PASS
CAT-CKD	rs4471742	17	17877771	PASS
CAT-CKD	rs4299203	17	17878159	PASS
CAT-CKD	rs4321247	17	17878612	PASS
CAT-CKD	rs7219320	17	17880877	PASS
CAT-CKD	rs11871231	17	17883848	PASS
CAT-CKD	rs11869491	17	17884055	PASS
CAT-CKD	rs4459604	17	17888549	PASS
CAT-CKD	rs8071238	17	17900990	PASS
CAT-CKD	rs62072049	17	17906520	PASS
CAT-CKD	rs12948749	17	17949802	PASS
CAT-CKD	rs11652894	17	17952439	PASS
CAT-CKD	rs2955352	17	17961389	PASS
CAT-CKD	rs2955371	17	17967397	PASS
CAT-CKD	rs34642860	20	60895234	PASS
CAT-CKD	rs623834	20	60927538	PASS
CAT-CKD	rs41282840	20	60931224	PASS
CAT-CKD	rs3827045	20	60944372	PASS
CAT-CKD	rs6089354	20	60944803	PASS
CAT-CKD	rs817318	20	62586262	PASS
CAT-CKD	rs6062599	20	62595547	PASS
CAT-CKD	rs817326	20	62595990	PASS
CAT-CKD	rs45486695	20	62597666	PASS
CAT-CKD	rs817330	20	62598815	PASS
CAT-CKD	rs6062343	20	62695931	PASS
CAT-CKD	rs34848242	20	62698188	PASS
CAT-CKD	rs10460612	20	62698484	PASS
CAT-CKD	rs6011275	20	62700228	PASS
CAT-CKD	rs4809393	20	62701092	PASS
CAT-CKD	rs6062345	20	62702482	PASS
CAT-CKD	rs6011280	20	62705140	PASS
CAT-CKD	rs4408777	20	62706105	PASS
CAT-CKD	rs6122051	20	62714026	PASS
CAT-CKD	rs2026852	21	16488686	PASS
CAT-CKD	rs2823139	21	16576783	PASS
CAT-CKD	rs1997595	21	16578159	PASS
CAT-CKD	rs1997596	21	16578448	PASS
CAT-CKD	rs2823140	21	16578800	PASS
CAT-CKD	rs2823141	21	16579805	PASS
CAT-CKD	rs2823142	21	16579952	PASS
CAT-CKD	rs56038390	21	16582710	PASS
CAT-CKD	rs10424699	19	14297298	PASS
CAT-CKD	rs35845368	19	14301821	PASS
CAT-CKD	rs7276222	21	18853371	PASS
CAT-CKD	rs2776061	21	18860914	PASS
CAT-CKD	rs2846875	21	18861482	PASS
CAT-CKD	rs2064031	21	18867985	PASS
CAT-CKD	rs2064032	21	18868140	PASS
CAT-CKD	rs1888402	21	18869013	PASS
CAT-CKD	rs2737859	21	18872297	PASS
CAT-CKD	rs2019496	21	18872972	PASS
CAT-CKD	rs2776065	21	18876040	PASS
CAT-CKD	rs2846880	21	18876771	PASS
CAT-CKD	rs2776068	21	18877791	PASS
CAT-CKD	rs431204	6	32005267	PASS
CAT-CKD	rs72919076	2	176934081	PASS
CAT-CKD	rs79101765	10	95263603	PASS
CAT-CKD	rs146426563	14	65326348	PASS
CAT-CKD	rs112732388	2	226113840	PASS
CAT-CKD	rs79029826	17	4670182	PASS
CAT-CKD	rs72919095	2	176950317	PASS
CAT-CKD	rs77504888	9	121586922	PASS
CAT-CKD	rs75845850	6	78031851	PASS
CAT-CKD	rs72923454	2	176984544	PASS
CAT-CKD	rs117359074	14	65446268	PASS
CAT-CKD	rs56317418	3	153750121	PASS
CAT-CKD	rs72912927	2	176803773	PASS
CAT-CKD	rs622076	6	31826705	PASS
CAT-CKD	rs539365161	7	105439000	PASS
CAT-CKD	rs72912951	2	176847944	PASS
CAT-CKD	rs3132953	6	32219898	PASS
CAT-CKD	rs75523765	6	78062213	PASS
CAT-CKD	rs357467	3	153901694	PASS
CAT-CKD	rs113727529	14	65415936	PASS
CAT-CKD	rs28780100	6	30373885	PASS
CAT-PD	rs6815138	4	941290	PASS
CAT-PD	rs6813110	4	942660	PASS
CAT-PD	rs2290404	4	945225	PASS
CAT-PD	rs3733343	4	950737	PASS
CAT-PD	rs1051613	4	951179	PASS
CAT-PD	rs4690326	4	953698	PASS
CAT-PD	rs11724804	4	965779	PASS
CAT-PD	rs4690220	4	980464	PASS
CAT-PD	rs3796621	4	982852	PASS
CAT-PD	rs820273	3	81547966	PASS
CAT-PD	rs9871153	3	81581064	PASS
CAT-PD	rs6548769	3	81607163	PASS
CAT-PD	rs9309872	3	81611837	PASS
CAT-PD	rs9846154	3	81615017	PASS
CAT-PD	rs6785616	3	81628976	PASS
CAT-PD	rs3772914	3	81634571	PASS
CAT-PD	rs6800135	3	81650488	PASS
CAT-PD	rs9814053	3	81660022	PASS
CAT-PD	rs1992612	5	60044870	PASS
CAT-PD	rs4836108	5	124010261	PASS
CAT-PD	rs7500321	16	28977020	PASS
CAT-PD	rs8045689	16	28988269	PASS
CAT-PD	rs7187575	16	28990101	PASS
CAT-PD	rs6565300	16	28993049	PASS
CAT-PD	rs4889490	16	30823047	PASS
CAT-PD	rs11864054	16	30846134	PASS
CAT-PD	rs2032915	16	31117413	PASS
CAT-PD	rs14235	16	31121793	PASS
CAT-PD	rs749767	16	31124407	PASS
CAT-PD	rs1978487	16	31129942	PASS
CAT-PD	rs4527034	16	31131614	PASS
CAT-PD	rs889548	16	31137712	PASS
CAT-PD	rs9936329	16	31140799	PASS
CAT-PD	rs1549293	16	31141993	PASS
CAT-PD	rs12597511	16	31145219	PASS
CAT-PD	rs2855475	16	31147548	PASS
CAT-PD	rs12450896	17	74629867	PASS
CAT-PD	rs973630	17	74641930	PASS
CAT-PD	rs7214860	17	74642414	PASS
CAT-PD	rs1117059	17	74642974	PASS
CAT-PD	rs2098092	17	74646757	PASS
CAT-PD	rs2079778	17	74647097	PASS
CAT-PD	rs9889862	17	74647976	PASS
CAT-PD	rs9909137	17	74648029	PASS
CAT-PD	rs4261576	17	74648486	PASS
CAT-PD	rs8067445	17	74687777	PASS
CAT-PD	rs7211963	17	74696446	PASS
CAT-PD	rs11868472	17	74701165	PASS
CAT-PD	rs7215451	17	74701717	PASS
CAT-PD	rs2240775	17	74710128	PASS
CAT-PD	rs2240774	17	74710572	PASS
CAT-PD	rs2286585	17	74712310	PASS
CAT-PD	rs2240769	17	74718155	PASS
CAT-PD	rs2429452	17	74745014	PASS
CAT-STROKE	rs2723298	4	111608485	PASS
CAT-STROKE	rs1448799	4	111622782	PASS
CAT-STROKE	rs1448798	4	111623185	PASS
CAT-STROKE	rs969642	4	111625925	PASS
CAT-STROKE	rs2723313	4	111627489	PASS
CAT-STROKE	rs2723316	4	111634287	PASS
CAT-STROKE	rs2723318	4	111636972	PASS
CAT-STROKE	rs1448817	4	111641053	PASS
CAT-STROKE	rs10032150	4	111646618	PASS
CAT-STROKE	rs12647316	4	111649251	PASS
CAT-STROKE	rs4626276	4	111649989	PASS
CAT-STROKE	rs17042088	4	111654814	PASS
CAT-STROKE	rs11930528	4	111660194	PASS
CAT-STROKE	rs2634073	4	111665783	PASS
CAT-STROKE	rs2634071	4	111669220	PASS
CAT-STROKE	rs17042121	4	111677101	PASS
CAT-STROKE	rs10516563	4	111677722	PASS
CAT-STROKE	rs4605724	4	111685081	PASS
CAT-STROKE	rs2723334	4	111688752	PASS
CAT-STROKE	rs17042144	4	111689666	PASS
CAT-STROKE	rs2129982	4	111704143	PASS
CAT-STROKE	rs17042171	4	111708287	PASS
CAT-STROKE	rs2200733	4	111710169	PASS
CAT-STROKE	rs1906599	4	111712686	PASS
CAT-STROKE	rs2220427	4	111714889	PASS
CAT-STROKE	rs12644625	4	111716513	PASS
CAT-STROKE	rs6843082	4	111718067	PASS
CAT-STROKE	rs723363	4	111724501	PASS
CAT-STROKE	rs13141190	4	111728614	PASS
CAT-STROKE	rs6533530	4	111731936	PASS
CAT-STROKE	rs6533531	4	111731965	PASS
CAT-STROKE	rs3866831	4	111732114	PASS
CAT-STROKE	rs7693234	4	7809979	PASS
CAT-STROKE	rs4580651	4	7841487	PASS
CAT-STROKE	rs9823492	3	142411287	PASS
CAT-STROKE	rs7685555	4	185331345	PASS
CAT-STROKE	rs9364687	6	163817911	PASS
CAT-STROKE	rs4263561	6	163822296	PASS
CAT-STROKE	rs11948266	5	121522316	PASS
CAT-STROKE	rs17148957	5	121523176	PASS
CAT-STROKE	rs10881931	10	93373287	PASS
CAT-STROKE	rs17110867	10	100551363	PASS
CAT-STROKE	rs11189859	10	100657705	PASS
CAT-STROKE	rs11189867	10	100682448	PASS
CAT-STROKE	rs11189897	10	100704114	PASS
CAT-STROKE	rs11189925	10	100750987	PASS
CAT-STROKE	rs11189939	10	100781974	PASS
CAT-STROKE	rs7080467	10	100810339	PASS
CAT-STROKE	rs11244053	9	136129360	PASS
CAT-STROKE	rs8176732	9	136132303	PASS
CAT-STROKE	rs8176717	9	136133034	PASS
CAT-STROKE	rs8176714	9	136133178	PASS
CAT-STROKE	rs641943	9	136133714	PASS
CAT-STROKE	rs517414	9	136134034	PASS
CAT-STROKE	rs624601	9	136135365	PASS
CAT-STROKE	rs8176694	9	136137646	PASS
CAT-STROKE	rs672316	9	136138125	PASS
CAT-STROKE	rs630014	9	136149722	PASS
CAT-STROKE	rs568203	9	136151445	PASS
CAT-STROKE	rs651007	9	136153875	PASS
CAT-STROKE	rs579459	9	136154168	PASS
CAT-STROKE	rs495828	9	136154867	PASS
CAT-STROKE	rs500428	9	136155343	PASS
CAT-STROKE	rs1538320	10	115067809	PASS
CAT-STROKE	rs10896384	11	68720011	PASS
CAT-STROKE	rs10897963	11	69813245	PASS
CAT-STROKE	rs10788284	10	124149917	PASS
CAT-STROKE	rs4565845	10	124159050	PASS
CAT-STROKE	rs7097701	10	124171857	PASS
CAT-STROKE	rs10510110	10	124192430	PASS
CAT-STROKE	rs2280141	10	124193181	PASS
CAT-STROKE	rs2292627	10	124201665	PASS
CAT-STROKE	rs2736911	10	124214355	PASS
CAT-STROKE	rs10490924	10	124214448	PASS
CAT-STROKE	rs3750848	10	124215315	PASS
CAT-STROKE	rs3750847	10	124215421	PASS
CAT-STROKE	rs2248799	10	124223944	PASS
CAT-STROKE	rs2284665	10	124226630	PASS
CAT-STROKE	rs932275	10	124231464	PASS
CAT-STROKE	rs4750356	10	13480789	PASS
CAT-STROKE	rs1890876	10	13482731	PASS
CAT-STROKE	rs2277222	10	13494594	PASS
CAT-STROKE	rs10906375	10	13498371	PASS
CAT-STROKE	rs10796083	10	13507384	PASS
CAT-STROKE	rs4748035	10	13511986	PASS
CAT-STROKE	rs4748040	10	13526000	PASS
CAT-STROKE	rs7090963	10	13529789	PASS
CAT-STROKE	rs2251555	10	13534851	PASS
CAT-STROKE	rs6602661	10	13542425	PASS
CAT-STROKE	rs681390	11	75274630	PASS
CAT-STROKE	rs615896	11	75275301	PASS
CAT-STROKE	rs17413928	11	80764156	PASS
CAT-T2D	rs66787104	5	75015698	PASS
CAT-T2D	rs7685296	4	153254121	PASS
CAT-T2D	rs6827821	4	153513864	PASS
CAT-T2D	rs1844593	6	126897827	PASS
CAT-T2D	rs3861455	6	126897969	PASS
CAT-T2D	rs9372841	6	126898541	PASS
CAT-T2D	rs3861456	6	126898660	PASS
CAT-T2D	rs3861457	6	126902245	PASS
CAT-T2D	rs9388501	6	126903011	PASS
CAT-T2D	rs9401893	6	126907644	PASS
CAT-T2D	rs9388502	6	126909389	PASS
CAT-T2D	rs3861458	6	126912162	PASS
CAT-T2D	rs9372842	6	126920481	PASS
CAT-T2D	rs1826189	6	126922214	PASS
CAT-T2D	rs9482757	6	126923877	PASS
CAT-T2D	rs12208811	6	126926898	PASS
CAT-T2D	rs7743860	6	126927717	PASS
CAT-T2D	rs4584000	6	126931822	PASS
CAT-T2D	rs6914367	6	126933359	PASS
CAT-T2D	rs4339479	6	126936953	PASS
CAT-T2D	rs4629707	6	126937890	PASS
CAT-T2D	rs4243491	6	126938536	PASS
CAT-T2D	rs9401897	6	126940641	PASS
CAT-T2D	rs9491653	6	126943630	PASS
CAT-T2D	rs1340952	6	126951510	PASS
CAT-T2D	rs1340953	6	126951748	PASS
CAT-T2D	rs1417572	6	126958727	PASS
CAT-T2D	rs9375449	6	126963807	PASS
CAT-T2D	rs1538956	6	126964026	PASS
CAT-T2D	rs4273712	6	126964510	PASS
CAT-T2D	rs4626447	6	126964675	PASS
CAT-T2D	rs4549631	6	126966308	PASS
CAT-T2D	rs9388507	6	126970895	PASS
CAT-T2D	rs3905044	6	126972883	PASS
CAT-T2D	rs6911485	6	126975115	PASS
CAT-T2D	rs4895813	6	126975786	PASS
CAT-T2D	rs6913430	6	126976616	PASS
CAT-T2D	rs9375450	6	126985351	PASS
CAT-T2D	rs9388509	6	126989977	PASS
CAT-T2D	rs6918725	6	126990392	PASS
CAT-T2D	rs8180649	6	126992202	PASS
CAT-T2D	rs6925607	6	126995068	PASS
CAT-T2D	rs853961	6	127003464	PASS
CAT-T2D	rs6569469	6	127008431	PASS
CAT-T2D	rs864937	6	127015083	PASS
CAT-T2D	rs853985	6	127020173	PASS
CAT-T2D	rs853987	6	127024775	PASS
CAT-T2D	rs853962	6	127027650	PASS
CAT-T2D	rs4460221	6	127031221	PASS
CAT-T2D	rs1269195	6	127031550	PASS
CAT-T2D	rs1262543	6	127032499	PASS
CAT-T2D	rs853965	6	127036174	PASS
CAT-T2D	rs853981	6	127045460	PASS
CAT-T2D	rs853982	6	127046121	PASS
CAT-T2D	rs853983	6	127046153	PASS
CAT-T2D	rs1101558	6	127047607	PASS
CAT-T2D	rs1101559	6	127047683	PASS
CAT-T2D	rs1101561	6	127048523	PASS
CAT-T2D	rs1101563	6	127049198	PASS
CAT-T2D	rs1313697	6	127052479	PASS
CAT-T2D	rs1262555	6	127052816	PASS
CAT-T2D	rs1262557	6	127054588	PASS
CAT-T2D	rs1022573	6	127054914	PASS
CAT-T2D	rs853976	6	127055655	PASS
CAT-T2D	rs853977	6	127055785	PASS
CAT-T2D	rs853969	6	127061318	PASS
CAT-T2D	rs853970	6	127063983	PASS
CAT-T2D	rs853971	6	127066190	PASS
CAT-T2D	rs1101556	6	127067803	PASS
CAT-T2D	rs1101557	6	127067996	PASS
CAT-T2D	rs853973	6	127068347	PASS
CAT-T2D	rs853974	6	127068983	PASS
CAT-T2D	rs853975	6	127070234	PASS
CAT-T2D	rs853968	6	127071753	PASS
CAT-T2D	rs861237	6	127073798	PASS
CAT-T2D	rs1262545	6	127074587	PASS
CAT-T2D	rs1262546	6	127075491	PASS
CAT-T2D	rs979197	6	127075696	PASS
CAT-T2D	rs1262550	6	127078110	PASS
CAT-T2D	rs1262551	6	127078211	PASS
CAT-T2D	rs1262552	6	127078752	PASS
CAT-T2D	rs1262553	6	127078785	PASS
CAT-T2D	rs1015446	6	127080700	PASS
CAT-T2D	rs12199006	6	127180738	PASS
CAT-T2D	rs9402210	6	130323447	PASS
CAT-T2D	rs1415700	6	130345791	PASS
CAT-T2D	rs7740188	6	130346105	PASS
CAT-T2D	rs6926186	6	130350294	PASS
CAT-T2D	rs9402211	6	130353612	PASS
CAT-T2D	rs9388766	6	130354855	PASS
CAT-T2D	rs9375694	6	130356608	PASS
CAT-T2D	rs9388767	6	130357553	PASS
CAT-T2D	rs6899976	6	130358428	PASS
CAT-T2D	rs9375695	6	130358944	PASS
CAT-T2D	rs4594967	6	130366161	PASS
CAT-T2D	rs7744830	6	130367725	PASS
CAT-T2D	rs7763108	6	130367793	PASS
CAT-T2D	rs9375698	6	130368602	PASS
CAT-T2D	rs4404788	6	130369323	PASS
CAT-T2D	rs4279458	6	130369871	PASS
CAT-T2D	rs4321845	6	130369983	PASS
CAT-T2D	rs9385532	6	130371227	PASS
CAT-T2D	rs7746589	6	130371840	PASS
CAT-T2D	rs6914670	6	130372984	PASS
CAT-T2D	rs9402213	6	130373188	PASS
CAT-T2D	rs9375699	6	130373214	PASS
CAT-T2D	rs9385533	6	130373313	PASS
CAT-T2D	rs9372954	6	130373529	PASS
CAT-T2D	rs4373379	6	130374569	PASS
CAT-T2D	rs6900473	6	130375810	PASS
CAT-T2D	rs6923819	6	130376095	PASS
CAT-T2D	rs11759018	6	130377843	PASS
CAT-T2D	rs11752200	6	130377847	PASS
CAT-T2D	rs12661188	6	130378833	PASS
CAT-T2D	rs7760760	6	130379852	PASS
CAT-T2D	rs9375700	6	130379854	PASS
CAT-T2D	rs7761063	6	130379973	PASS
CAT-T2D	rs7451021	6	130381246	PASS
CAT-T2D	rs9375702	6	130384187	PASS
CAT-T2D	rs9375703	6	130386971	PASS
CAT-T2D	rs9402214	6	130387773	PASS
CAT-T2D	rs2023497	6	29551333	PASS
CAT-T2D	rs3129034	6	29555809	PASS
CAT-T2D	rs1736982	6	29769521	PASS
CAT-T2D	rs753545	6	29780940	PASS
CAT-T2D	rs6976362	7	69631886	PASS
CAT-T2D	rs12672930	7	69783198	PASS
CAT-T2D	rs3130118	6	30365740	PASS
CAT-T2D	rs3131064	6	30763893	PASS
CAT-T2D	rs3129987	6	30766204	PASS
CAT-T2D	rs3129988	6	30769478	PASS
CAT-T2D	rs3094123	6	30772378	PASS
CAT-T2D	rs3094113	6	30772629	PASS
CAT-T2D	rs3129989	6	30773522	PASS
CAT-T2D	rs1264361	6	30777498	PASS
CAT-T2D	rs886425	6	30781301	PASS
CAT-T2D	rs886424	6	30782002	PASS
CAT-T2D	rs1264353	6	30787762	PASS
CAT-T2D	rs3094111	6	30788191	PASS
CAT-T2D	rs3130784	6	30796106	PASS
CAT-T2D	rs3130785	6	30796738	PASS
CAT-T2D	rs3130648	6	30800326	PASS
CAT-T2D	rs3130788	6	30810993	PASS
CAT-T2D	rs3131028	6	30814051	PASS
CAT-T2D	rs3095350	6	30817866	PASS
CAT-T2D	rs3095345	6	30822413	PASS
CAT-T2D	rs3131032	6	30841631	PASS
CAT-T2D	rs3094719	6	30844972	PASS
CAT-T2D	rs3130797	6	30846088	PASS
CAT-T2D	rs3094108	6	30850395	PASS
CAT-T2D	rs3131034	6	30853796	PASS
CAT-T2D	rs3132572	6	30861729	PASS
CAT-T2D	rs1264319	6	30862423	PASS
CAT-T2D	rs3130779	6	30872203	PASS
CAT-T2D	rs3131922	6	30872573	PASS
CAT-T2D	rs3130780	6	30874308	PASS
CAT-T2D	rs2532932	6	30895444	PASS
CAT-T2D	rs2517459	6	30897022	PASS
CAT-T2D	rs2253705	6	30900094	PASS
CAT-T2D	rs2844650	6	30902533	PASS
CAT-T2D	rs2844649	6	30904272	PASS
CAT-T2D	rs3132571	6	30905313	PASS
CAT-T2D	rs3131921	6	30907335	PASS
CAT-T2D	rs2844701	6	30912691	PASS
CAT-T2D	rs2517451	6	30914751	PASS
CAT-T2D	rs3130782	6	30914843	PASS
CAT-T2D	rs3094085	6	30922088	PASS
CAT-T2D	rs3131934	6	30931844	PASS
CAT-T2D	rs3131783	6	30932068	PASS
CAT-T2D	rs2844697	6	30932309	PASS
CAT-T2D	rs3095089	6	30933794	PASS
CAT-T2D	rs3131933	6	30933864	PASS
CAT-T2D	rs3095148	6	30933967	PASS
CAT-T2D	rs2894053	6	30935226	PASS
CAT-T2D	rs2394437	6	30936534	PASS
CAT-T2D	rs3095086	6	30936663	PASS
CAT-T2D	rs3095085	6	30937377	PASS
CAT-T2D	rs2394436	6	30937727	PASS
CAT-T2D	rs3131781	6	30937732	PASS
CAT-T2D	rs34847854	6	30939237	PASS
CAT-T2D	rs3132579	6	30940989	PASS
CAT-T2D	rs2517425	6	30949670	PASS
CAT-T2D	rs1634714	6	30951561	PASS
CAT-T2D	rs886403	6	30957618	PASS
CAT-T2D	rs35101948	6	30959417	PASS
CAT-T2D	rs34827119	6	30962136	PASS
CAT-T2D	rs1632864	6	30962469	PASS
CAT-T2D	rs35955137	6	30963679	PASS
CAT-T2D	rs35281047	6	30969168	PASS
CAT-T2D	rs1634716	6	30969754	PASS
CAT-T2D	rs1632857	6	30971016	PASS
CAT-T2D	rs1632856	6	30971736	PASS
CAT-T2D	rs1632855	6	30971769	PASS
CAT-T2D	rs1634718	6	30972865	PASS
CAT-T2D	rs1634719	6	30973165	PASS
CAT-T2D	rs1634721	6	30977680	PASS
CAT-T2D	rs34746900	6	30979318	PASS
CAT-T2D	rs1634726	6	30985828	PASS
CAT-T2D	rs1634727	6	30987579	PASS
CAT-T2D	rs1632870	6	30987987	PASS
CAT-T2D	rs1628680	6	30988825	PASS
CAT-T2D	rs35590025	6	30992111	PASS
CAT-T2D	rs2523898	6	30993533	PASS
CAT-T2D	rs2523897	6	30993958	PASS
CAT-T2D	rs2844670	6	31005726	PASS
CAT-T2D	rs2517546	6	31009055	PASS
CAT-T2D	rs3130574	6	31016550	PASS
CAT-T2D	rs3131920	6	31018908	PASS
CAT-T2D	rs2844642	6	31019806	PASS
CAT-T2D	rs3131788	6	31024796	PASS
CAT-T2D	rs2517521	6	31027336	PASS
CAT-T2D	rs2517503	6	31032407	PASS
CAT-T2D	rs3094671	6	31044463	PASS
CAT-T2D	rs3132564	6	31047620	PASS
CAT-T2D	rs3095311	6	31051675	PASS
CAT-T2D	rs34507986	6	31052361	PASS
CAT-T2D	rs3130544	6	31058340	PASS
CAT-T2D	rs2535298	6	31059462	PASS
CAT-T2D	rs2535296	6	31060219	PASS
CAT-T2D	rs3094087	6	31061561	PASS
CAT-T2D	rs3130967	6	31063413	PASS
CAT-T2D	rs2517438	6	31064100	PASS
CAT-T2D	rs3130968	6	31065071	PASS
CAT-T2D	rs2256962	6	31065620	PASS
CAT-T2D	rs2517559	6	31068525	PASS
CAT-T2D	rs35944195	6	31074829	PASS
CAT-T2D	rs2233980	6	31079644	PASS
CAT-T2D	rs3094222	6	31081434	PASS
CAT-T2D	rs1042148	6	31083107	PASS
CAT-T2D	rs3130981	6	31083813	PASS
CAT-T2D	rs3130985	6	31085356	PASS
CAT-T2D	rs3095304	6	31092767	PASS
CAT-T2D	rs3094199	6	31093326	PASS
CAT-T2D	rs3094197	6	31093485	PASS
CAT-T2D	rs3130557	6	31094703	PASS
CAT-T2D	rs3131004	6	31095294	PASS
CAT-T2D	rs3131005	6	31095864	PASS
CAT-T2D	rs3130560	6	31097453	PASS
CAT-T2D	rs3132541	6	31098734	PASS
CAT-T2D	rs3130562	6	31100974	PASS
CAT-T2D	rs3132566	6	31102790	PASS
CAT-T2D	rs3130568	6	31102884	PASS
CAT-T2D	rs3132565	6	31102964	PASS
CAT-T2D	rs3131010	6	31105147	PASS
CAT-T2D	rs1265099	6	31105413	PASS
CAT-T2D	rs2074478	6	31105633	PASS
CAT-T2D	rs2233952	6	31105891	PASS
CAT-T2D	rs1265096	6	31106489	PASS
CAT-T2D	rs3094663	6	31107087	PASS
CAT-T2D	rs3130464	6	31107245	PASS
CAT-T2D	rs2285803	6	31107258	PASS
CAT-T2D	rs1265090	6	31108169	PASS
CAT-T2D	rs3130454	6	31108485	PASS
CAT-T2D	rs3132540	6	31109943	PASS
CAT-T2D	rs130073	6	31111180	PASS
CAT-T2D	rs1265082	6	31111606	PASS
CAT-T2D	rs3131011	6	31111625	PASS
CAT-T2D	rs3094226	6	31112899	PASS
CAT-T2D	rs2073719	6	31112925	PASS
CAT-T2D	rs3132539	6	31113030	PASS
CAT-T2D	rs3094225	6	31113052	PASS
CAT-T2D	rs3130575	6	31113106	PASS
CAT-T2D	rs1265075	6	31113113	PASS
CAT-T2D	rs3132538	6	31113842	PASS
CAT-T2D	rs3132537	6	31114019	PASS
CAT-T2D	rs2240065	6	31114449	PASS
CAT-T2D	rs2240064	6	31114573	PASS
CAT-T2D	rs2240063	6	31114745	PASS
CAT-T2D	rs2240062	6	31114762	PASS
CAT-T2D	rs2240060	6	31114900	PASS
CAT-T2D	rs3131012	6	31115441	PASS
CAT-T2D	rs3131013	6	31115604	PASS
CAT-T2D	rs9263758	6	31115874	PASS
CAT-T2D	rs3132535	6	31116526	PASS
CAT-T2D	rs9263761	6	31116739	PASS
CAT-T2D	rs2022084	6	31117053	PASS
CAT-T2D	rs3094227	6	31117378	PASS
CAT-T2D	rs3132533	6	31117578	PASS
CAT-T2D	rs3130498	6	31117619	PASS
CAT-T2D	rs1265110	6	31119422	PASS
CAT-T2D	rs3130499	6	31119889	PASS
CAT-T2D	rs2240059	6	31120614	PASS
CAT-T2D	rs3130450	6	31121513	PASS
CAT-T2D	rs1265107	6	31121529	PASS
CAT-T2D	rs3130451	6	31123242	PASS
CAT-T2D	rs3130453	6	31124849	PASS
CAT-T2D	rs743401	6	31125158	PASS
CAT-T2D	rs2239524	6	31125569	PASS
CAT-T2D	rs3130456	6	31126252	PASS
CAT-T2D	rs3095239	6	31126790	PASS
CAT-T2D	rs3094187	6	31126944	PASS
CAT-T2D	rs6905862	6	31127602	PASS
CAT-T2D	rs9263788	6	31128259	PASS
CAT-T2D	rs3130934	6	31128552	PASS
CAT-T2D	rs7750641	6	31129310	PASS
CAT-T2D	rs2073721	6	31129616	PASS
CAT-T2D	rs2073723	6	31130078	PASS
CAT-T2D	rs1065461	6	31130502	PASS
CAT-T2D	rs1419881	6	31130593	PASS
CAT-T2D	rs3132528	6	31131569	PASS
CAT-T2D	rs3130933	6	31132085	PASS
CAT-T2D	rs13409	6	31132140	PASS
CAT-T2D	rs2394882	6	31132649	PASS
CAT-T2D	rs2106074	6	31133509	PASS
CAT-T2D	rs3130932	6	31133943	PASS
CAT-T2D	rs3132526	6	31134175	PASS
CAT-T2D	rs3130931	6	31134888	PASS
CAT-T2D	rs1419880	6	31135197	PASS
CAT-T2D	rs3130929	6	31135207	PASS
CAT-T2D	rs2021375	6	31135387	PASS
CAT-T2D	rs9263804	6	31135706	PASS
CAT-T2D	rs3094195	6	31135966	PASS
CAT-T2D	rs3130928	6	31136097	PASS
CAT-T2D	rs3094194	6	31136240	PASS
CAT-T2D	rs3130501	6	31136453	PASS
CAT-T2D	rs3130502	6	31136666	PASS
CAT-T2D	rs3132524	6	31136714	PASS
CAT-T2D	rs3132523	6	31136832	PASS
CAT-T2D	rs3130503	6	31137165	PASS
CAT-T2D	rs3132522	6	31137759	PASS
CAT-T2D	rs3094193	6	31137774	PASS
CAT-T2D	rs1265160	6	31138371	PASS
CAT-T2D	rs2077010	6	31138377	PASS
CAT-T2D	rs885952	6	31139490	PASS
CAT-T2D	rs3132520	6	31140008	PASS
CAT-T2D	rs3094190	6	31140073	PASS
CAT-T2D	rs3132519	6	31140088	PASS
CAT-T2D	rs885951	6	31140091	PASS
CAT-T2D	rs885950	6	31140152	PASS
CAT-T2D	rs885948	6	31140532	PASS
CAT-T2D	rs2269712	6	31141209	PASS
CAT-T2D	rs3132517	6	31141836	PASS
CAT-T2D	rs3094189	6	31141970	PASS
CAT-T2D	rs3094188	6	31142245	PASS
CAT-T2D	rs3131018	6	31143582	PASS
CAT-T2D	rs3134789	6	31144695	PASS
CAT-T2D	rs9357109	6	31144771	PASS
CAT-T2D	rs11967629	6	31145413	PASS
CAT-T2D	rs3130506	6	31145451	PASS
CAT-T2D	rs11507945	6	31145755	PASS
CAT-T2D	rs887464	6	31145920	PASS
CAT-T2D	rs1052989	6	31146403	PASS
CAT-T2D	rs9380220	6	31146584	PASS
CAT-T2D	rs3131017	6	31147081	PASS
CAT-T2D	rs9357113	6	31149091	PASS
CAT-T2D	rs1128175	6	31150435	PASS
CAT-T2D	rs9380221	6	31150873	PASS
CAT-T2D	rs11961945	6	31151248	PASS
CAT-T2D	rs7753892	6	31154262	PASS
CAT-T2D	rs7772290	6	31154358	PASS
CAT-T2D	rs6921663	6	31154620	PASS
CAT-T2D	rs6922051	6	31154820	PASS
CAT-T2D	rs6899875	6	31154897	PASS
CAT-T2D	rs4713442	6	31155405	PASS
CAT-T2D	rs28360056	6	31155434	PASS
CAT-T2D	rs28360057	6	31155532	PASS
CAT-T2D	rs28360058	6	31155615	PASS
CAT-T2D	rs28360059	6	31155920	PASS
CAT-T2D	rs9357115	6	31155991	PASS
CAT-T2D	rs9368663	6	31156155	PASS
CAT-T2D	rs9378115	6	31156465	PASS
CAT-T2D	rs4343960	6	31156606	PASS
CAT-T2D	rs9295957	6	31157593	PASS
CAT-T2D	rs9405052	6	31157709	PASS
CAT-T2D	rs9391818	6	31157738	PASS
CAT-T2D	rs28749549	6	31157830	PASS
CAT-T2D	rs7755702	6	31158373	PASS
CAT-T2D	rs7741829	6	31158832	PASS
CAT-T2D	rs28360060	6	31159533	PASS
CAT-T2D	rs28749550	6	31159911	PASS
CAT-T2D	rs3130460	6	31160188	PASS
CAT-T2D	rs28360062	6	31160218	PASS
CAT-T2D	rs28360063	6	31160298	PASS
CAT-T2D	rs6936474	6	31161152	PASS
CAT-T2D	rs6936597	6	31161161	PASS
CAT-T2D	rs3095238	6	31161210	PASS
CAT-T2D	rs3095237	6	31161347	PASS
CAT-T2D	rs6899874	6	31162328	PASS
CAT-T2D	rs28360064	6	31162384	PASS
CAT-T2D	rs9295960	6	31163566	PASS
CAT-T2D	rs9391819	6	31163569	PASS
CAT-T2D	rs6901685	6	31163796	PASS
CAT-T2D	rs6922994	6	31164271	PASS
CAT-T2D	rs6922756	6	31164410	PASS
CAT-T2D	rs6927253	6	31164472	PASS
CAT-T2D	rs28397269	6	31164595	PASS
CAT-T2D	rs28397270	6	31164635	PASS
CAT-T2D	rs3130461	6	31164700	PASS
CAT-T2D	rs28397277	6	31164943	PASS
CAT-T2D	rs3130462	6	31165277	PASS
CAT-T2D	rs3094609	6	31165566	PASS
CAT-T2D	rs28397282	6	31165846	PASS
CAT-T2D	rs3130463	6	31165962	PASS
CAT-T2D	rs3094608	6	31166683	PASS
CAT-T2D	rs9391712	6	31166719	PASS
CAT-T2D	rs28397284	6	31166936	PASS
CAT-T2D	rs9394042	6	31167011	PASS
CAT-T2D	rs9380222	6	31167213	PASS
CAT-T2D	rs28397285	6	31167347	PASS
CAT-T2D	rs28397286	6	31167573	PASS
CAT-T2D	rs4122189	6	31167927	PASS
CAT-T2D	rs11961983	6	31168483	PASS
CAT-T2D	rs9380223	6	31168588	PASS
CAT-T2D	rs9366769	6	31169289	PASS
CAT-T2D	rs3094607	6	31169539	PASS
CAT-T2D	rs34467061	6	31169575	PASS
CAT-T2D	rs10807081	6	31169764	PASS
CAT-T2D	rs9263875	6	31170914	PASS
CAT-T2D	rs17191181	6	31171876	PASS
CAT-T2D	rs3132510	6	31172151	PASS
CAT-T2D	rs3130954	6	31172937	PASS
CAT-T2D	rs3094606	6	31173678	PASS
CAT-T2D	rs3132509	6	31174521	PASS
CAT-T2D	rs6913015	6	31174655	PASS
CAT-T2D	rs3132508	6	31174796	PASS
CAT-T2D	rs6914030	6	31175096	PASS
CAT-T2D	rs6914706	6	31175275	PASS
CAT-T2D	rs6914393	6	31175276	PASS
CAT-T2D	rs6914710	6	31175284	PASS
CAT-T2D	rs3132507	6	31175613	PASS
CAT-T2D	rs6919493	6	31175627	PASS
CAT-T2D	rs1619179	6	31175946	PASS
CAT-T2D	rs3887153	6	31176461	PASS
CAT-T2D	rs3130952	6	31177915	PASS
CAT-T2D	rs3130512	6	31178000	PASS
CAT-T2D	rs3132504	6	31178743	PASS
CAT-T2D	rs3132501	6	31185977	PASS
CAT-T2D	rs3130951	6	31186868	PASS
CAT-T2D	rs34837204	6	31188436	PASS
CAT-T2D	rs3132500	6	31188611	PASS
CAT-T2D	rs3130518	6	31191709	PASS
CAT-T2D	rs3095252	6	31194747	PASS
CAT-T2D	rs3130519	6	31195097	PASS
CAT-T2D	rs3130520	6	31195120	PASS
CAT-T2D	rs3130947	6	31195365	PASS
CAT-T2D	rs9264024	6	31195828	PASS
CAT-T2D	rs3130521	6	31196376	PASS
CAT-T2D	rs1639108	6	31196554	PASS
CAT-T2D	rs1793894	6	31196862	PASS
CAT-T2D	rs28397289	6	31197407	PASS
CAT-T2D	rs3134782	6	31197633	PASS
CAT-T2D	rs3130472	6	31198205	PASS
CAT-T2D	rs3130939	6	31198507	PASS
CAT-T2D	rs6908994	6	31198709	PASS
CAT-T2D	rs6932070	6	31198896	PASS
CAT-T2D	rs3130527	6	31198987	PASS
CAT-T2D	rs3130528	6	31199460	PASS
CAT-T2D	rs11967600	6	31199573	PASS
CAT-T2D	rs3132532	6	31201202	PASS
CAT-T2D	rs2394888	6	31202246	PASS
CAT-T2D	rs7768431	6	31202665	PASS
CAT-T2D	rs3130701	6	31202686	PASS
CAT-T2D	rs3134771	6	31203744	PASS
CAT-T2D	rs7745050	6	31203759	PASS
CAT-T2D	rs7745906	6	31204008	PASS
CAT-T2D	rs6457350	6	31204109	PASS
CAT-T2D	rs9264098	6	31204315	PASS
CAT-T2D	rs6908511	6	31204432	PASS
CAT-T2D	rs2394892	6	31205382	PASS
CAT-T2D	rs3134769	6	31205754	PASS
CAT-T2D	rs3130531	6	31206616	PASS
CAT-T2D	rs2394893	6	31206719	PASS
CAT-T2D	rs28397296	6	31206747	PASS
CAT-T2D	rs28397297	6	31206948	PASS
CAT-T2D	rs28397299	6	31207704	PASS
CAT-T2D	rs3132499	6	31207920	PASS
CAT-T2D	rs3132498	6	31208027	PASS
CAT-T2D	rs3095250	6	31208340	PASS
CAT-T2D	rs3130532	6	31208453	PASS
CAT-T2D	rs3132497	6	31208591	PASS
CAT-T2D	rs3132496	6	31208610	PASS
CAT-T2D	rs3130534	6	31209045	PASS
CAT-T2D	rs3095249	6	31209245	PASS
CAT-T2D	rs3095248	6	31209288	PASS
CAT-T2D	rs28397300	6	31209301	PASS
CAT-T2D	rs3095247	6	31209389	PASS
CAT-T2D	rs3130712	6	31209510	PASS
CAT-T2D	rs3130406	6	31209839	PASS
CAT-T2D	rs3134767	6	31209860	PASS
CAT-T2D	rs3134766	6	31210462	PASS
CAT-T2D	rs3134765	6	31210577	PASS
CAT-T2D	rs3130689	6	31210601	PASS
CAT-T2D	rs3132494	6	31210691	PASS
CAT-T2D	rs3134763	6	31210774	PASS
CAT-T2D	rs3130537	6	31210796	PASS
CAT-T2D	rs3130695	6	31211050	PASS
CAT-T2D	rs3130697	6	31211436	PASS
CAT-T2D	rs3130408	6	31213791	PASS
CAT-T2D	rs3130409	6	31213811	PASS
CAT-T2D	rs3095246	6	31213879	PASS
CAT-T2D	rs3095245	6	31213902	PASS
CAT-T2D	rs2394902	6	31214557	PASS
CAT-T2D	rs3095244	6	31214576	PASS
CAT-T2D	rs3134757	6	31214583	PASS
CAT-T2D	rs3130538	6	31214652	PASS
CAT-T2D	rs3134756	6	31214873	PASS
CAT-T2D	rs2394903	6	31215005	PASS
CAT-T2D	rs3130410	6	31215006	PASS
CAT-T2D	rs2894188	6	31215331	PASS
CAT-T2D	rs3095242	6	31215556	PASS
CAT-T2D	rs3095241	6	31215635	PASS
CAT-T2D	rs3130411	6	31216052	PASS
CAT-T2D	rs3130412	6	31216262	PASS
CAT-T2D	rs3134755	6	31216300	PASS
CAT-T2D	rs3134754	6	31216329	PASS
CAT-T2D	rs2394905	6	31216507	PASS
CAT-T2D	rs3130417	6	31216940	PASS
CAT-T2D	rs3130418	6	31217403	PASS
CAT-T2D	rs3134753	6	31217479	PASS
CAT-T2D	rs28749561	6	31217711	PASS
CAT-T2D	rs3130419	6	31217741	PASS
CAT-T2D	rs2894189	6	31217815	PASS
CAT-T2D	rs2394907	6	31217943	PASS
CAT-T2D	rs2394908	6	31217973	PASS
CAT-T2D	rs3130422	6	31218034	PASS
CAT-T2D	rs3134750	6	31218087	PASS
CAT-T2D	rs3130423	6	31218208	PASS
CAT-T2D	rs3130425	6	31218327	PASS
CAT-T2D	rs3130426	6	31218535	PASS
CAT-T2D	rs3130427	6	31218984	PASS
CAT-T2D	rs3130428	6	31219090	PASS
CAT-T2D	rs3130429	6	31219133	PASS
CAT-T2D	rs3130430	6	31219180	PASS
CAT-T2D	rs11962994	6	31219289	PASS
CAT-T2D	rs3130431	6	31219342	PASS
CAT-T2D	rs3130432	6	31219357	PASS
CAT-T2D	rs3134749	6	31219469	PASS
CAT-T2D	rs3130433	6	31219638	PASS
CAT-T2D	rs28397303	6	31219763	PASS
CAT-T2D	rs3130435	6	31219805	PASS
CAT-T2D	rs3130540	6	31219862	PASS
CAT-T2D	rs9264179	6	31219869	PASS
CAT-T2D	rs9264180	6	31219902	PASS
CAT-T2D	rs9264186	6	31220017	PASS
CAT-T2D	rs9264188	6	31220109	PASS
CAT-T2D	rs9264189	6	31220163	PASS
CAT-T2D	rs9264190	6	31220202	PASS
CAT-T2D	rs3095257	6	31220318	PASS
CAT-T2D	rs4473905	6	31220369	PASS
CAT-T2D	rs2394943	6	31220388	PASS
CAT-T2D	rs3134748	6	31220421	PASS
CAT-T2D	rs3134747	6	31220567	PASS
CAT-T2D	rs3134746	6	31220752	PASS
CAT-T2D	rs3130436	6	31220783	PASS
CAT-T2D	rs3130438	6	31221022	PASS
CAT-T2D	rs17197839	6	31221299	PASS
CAT-T2D	rs2394947	6	31221396	PASS
CAT-T2D	rs11967011	6	31221540	PASS
CAT-T2D	rs3095256	6	31221573	PASS
CAT-T2D	rs9264219	6	31221914	PASS
CAT-T2D	rs9264227	6	31222119	PASS
CAT-T2D	rs41268860	6	31222661	PASS
CAT-T2D	rs41268872	6	31227402	PASS
CAT-T2D	rs9264341	6	31227713	PASS
CAT-T2D	rs2844632	6	31227901	PASS
CAT-T2D	rs9264346	6	31228040	PASS
CAT-T2D	rs9264358	6	31228267	PASS
CAT-T2D	rs9264368	6	31228460	PASS
CAT-T2D	rs9264374	6	31228666	PASS
CAT-T2D	rs17191832	6	31228701	PASS
CAT-T2D	rs9264375	6	31228707	PASS
CAT-T2D	rs3132493	6	31228868	PASS
CAT-T2D	rs3130541	6	31229041	PASS
CAT-T2D	rs9264387	6	31229173	PASS
CAT-T2D	rs11968820	6	31229339	PASS
CAT-T2D	rs9264405	6	31229593	PASS
CAT-T2D	rs9264406	6	31229610	PASS
CAT-T2D	rs11966319	6	31229678	PASS
CAT-T2D	rs9264411	6	31229845	PASS
CAT-T2D	rs17192106	6	31229864	PASS
CAT-T2D	rs9264416	6	31230042	PASS
CAT-T2D	rs9264417	6	31230078	PASS
CAT-T2D	rs2394949	6	31230136	PASS
CAT-T2D	rs9264427	6	31230356	PASS
CAT-T2D	rs17192225	6	31230438	PASS
CAT-T2D	rs9264428	6	31230452	PASS
CAT-T2D	rs4995903	6	31230605	PASS
CAT-T2D	rs2394951	6	31230759	PASS
CAT-T2D	rs2394952	6	31230882	PASS
CAT-T2D	rs2894198	6	31230990	PASS
CAT-T2D	rs3130445	6	31231809	PASS
CAT-T2D	rs3130542	6	31232111	PASS
CAT-T2D	rs3130543	6	31232147	PASS
CAT-T2D	rs9264482	6	31232412	PASS
CAT-T2D	rs9264483	6	31232446	PASS
CAT-T2D	rs72657649	6	31232496	PASS
CAT-T2D	rs9264500	6	31232825	PASS
CAT-T2D	rs9264502	6	31232913	PASS
CAT-T2D	rs9264505	6	31233121	PASS
CAT-T2D	rs9264506	6	31233143	PASS
CAT-T2D	rs9264507	6	31233152	PASS
CAT-T2D	rs9264508	6	31233214	PASS
CAT-T2D	rs2894202	6	31233270	PASS
CAT-T2D	rs2394953	6	31233353	PASS
CAT-T2D	rs2394954	6	31233395	PASS
CAT-T2D	rs2394955	6	31233396	PASS
CAT-T2D	rs2394956	6	31233456	PASS
CAT-T2D	rs9264524	6	31233845	PASS
CAT-T2D	rs34314881	6	31233937	PASS
CAT-T2D	rs9264526	6	31233988	PASS
CAT-T2D	rs9264527	6	31233992	PASS
CAT-T2D	rs35303934	6	31234222	PASS
CAT-T2D	rs9264533	6	31234494	PASS
CAT-T2D	rs9264548	6	31234771	PASS
CAT-T2D	rs11964817	6	31234792	PASS
CAT-T2D	rs9264554	6	31234855	PASS
CAT-T2D	rs9264556	6	31234948	PASS
CAT-T2D	rs9264559	6	31235127	PASS
CAT-T2D	rs11966716	6	31235265	PASS
CAT-T2D	rs9264570	6	31235421	PASS
CAT-T2D	rs6907622	6	31235610	PASS
CAT-T2D	rs9264581	6	31235786	PASS
CAT-T2D	rs9264582	6	31235816	PASS
CAT-T2D	rs35482069	6	31236231	PASS
CAT-T2D	rs34634498	6	31236400	PASS
CAT-T2D	rs34131062	6	31236410	PASS
CAT-T2D	rs35075694	6	31236534	PASS
CAT-T2D	rs1065711	6	31236853	PASS
CAT-T2D	rs28498059	6	31240353	PASS
CAT-T2D	rs2074488	6	31240431	PASS
CAT-T2D	rs34622008	6	31240814	PASS
CAT-T2D	rs35976302	6	31241077	PASS
CAT-T2D	rs6900323	6	31241270	PASS
CAT-T2D	rs34090104	6	31241353	PASS
CAT-T2D	rs6923313	6	31241370	PASS
CAT-T2D	rs2844621	6	31241537	PASS
CAT-T2D	rs34255701	6	31241600	PASS
CAT-T2D	rs2524084	6	31241639	PASS
CAT-T2D	rs35028179	6	31241721	PASS
CAT-T2D	rs3132491	6	31242272	PASS
CAT-T2D	rs3132490	6	31242560	PASS
CAT-T2D	rs3132488	6	31242695	PASS
CAT-T2D	rs3130693	6	31242859	PASS
CAT-T2D	rs3134744	6	31242880	PASS
CAT-T2D	rs3132486	6	31243170	PASS
CAT-T2D	rs3130694	6	31243197	PASS
CAT-T2D	rs9461680	6	31243347	PASS
CAT-T2D	rs9468911	6	31243359	PASS
CAT-T2D	rs3132484	6	31243410	PASS
CAT-T2D	rs3132482	6	31243420	PASS
CAT-T2D	rs9264731	6	31244068	PASS
CAT-T2D	rs9264732	6	31244181	PASS
CAT-T2D	rs9264734	6	31244230	PASS
CAT-T2D	rs9264736	6	31244247	PASS
CAT-T2D	rs9264737	6	31244249	PASS
CAT-T2D	rs9264738	6	31244261	PASS
CAT-T2D	rs9264739	6	31244300	PASS
CAT-T2D	rs9264740	6	31244331	PASS
CAT-T2D	rs9264742	6	31244616	PASS
CAT-T2D	rs3930575	6	31244654	PASS
CAT-T2D	rs6919908	6	31244960	PASS
CAT-T2D	rs9264745	6	31245478	PASS
CAT-T2D	rs9264749	6	31245620	PASS
CAT-T2D	rs6906846	6	31245736	PASS
CAT-T2D	rs11967243	6	31246266	PASS
CAT-T2D	rs7381988	6	31246703	PASS
CAT-T2D	rs7382297	6	31247067	PASS
CAT-T2D	rs6457372	6	31247121	PASS
CAT-T2D	rs7382307	6	31247149	PASS
CAT-T2D	rs6917363	6	31247169	PASS
CAT-T2D	rs34950876	6	31247416	PASS
CAT-T2D	rs2844607	6	31247441	PASS
CAT-T2D	rs17198616	6	31247964	PASS
CAT-T2D	rs17192274	6	31248033	PASS
CAT-T2D	rs2524062	6	31248204	PASS
CAT-T2D	rs9264758	6	31248434	PASS
CAT-T2D	rs9264759	6	31248678	PASS
CAT-T2D	rs9264763	6	31249196	PASS
CAT-T2D	rs35193884	6	31249611	PASS
CAT-T2D	rs35446580	6	31250796	PASS
CAT-T2D	rs35857242	6	31253121	PASS
CAT-T2D	rs35734933	6	31257247	PASS
CAT-T2D	rs3094682	6	31264461	PASS
CAT-T2D	rs35192021	6	31269219	PASS
CAT-T2D	rs34023488	6	31270295	PASS
CAT-T2D	rs28367685	6	31271320	PASS
CAT-T2D	rs35624930	6	31272251	PASS
CAT-T2D	rs35647108	6	31274449	PASS
CAT-T2D	rs2853915	6	31275289	PASS
CAT-T2D	rs7748141	6	31288877	PASS
CAT-T2D	rs9265168	6	31289271	PASS
CAT-T2D	rs9265171	6	31289349	PASS
CAT-T2D	rs9265173	6	31289394	PASS
CAT-T2D	rs9265181	6	31289478	PASS
CAT-T2D	rs9265189	6	31289588	PASS
CAT-T2D	rs9265198	6	31289710	PASS
CAT-T2D	rs9265200	6	31289758	PASS
CAT-T2D	rs9265201	6	31289772	PASS
CAT-T2D	rs9265223	6	31290212	PASS
CAT-T2D	rs9265226	6	31290432	PASS
CAT-T2D	rs9265229	6	31290493	PASS
CAT-T2D	rs9265239	6	31290768	PASS
CAT-T2D	rs9265246	6	31290971	PASS
CAT-T2D	rs9265270	6	31291655	PASS
CAT-T2D	rs9265271	6	31291688	PASS
CAT-T2D	rs11786352	8	22437141	PASS
CAT-T2D	rs11779638	8	22440208	PASS
CAT-T2D	rs4592028	8	22449484	PASS
CAT-T2D	rs11782130	8	22452357	PASS
CAT-T2D	rs3735893	8	22452704	PASS
CAT-T2D	rs11785755	8	22453223	PASS
CAT-T2D	rs11783129	8	22453426	PASS
CAT-T2D	rs3735894	8	22454826	PASS
CAT-T2D	rs2272718	8	22457388	PASS
CAT-T2D	rs746011	8	22457804	PASS
CAT-T2D	rs34268501	8	22460204	PASS
CAT-T2D	rs3735901	8	22462374	PASS
CAT-T2D	rs11777808	8	22462755	PASS
CAT-T2D	rs11778693	8	22462852	PASS
CAT-T2D	rs7843828	8	22463623	PASS
CAT-T2D	rs2291231	8	22463912	PASS
CAT-T2D	rs2291232	8	22464064	PASS
CAT-T2D	rs2291234	8	22464390	PASS
CAT-T2D	rs34027561	8	22465385	PASS
CAT-T2D	rs6999893	8	22465427	PASS
CAT-T2D	rs11136092	8	22466488	PASS
CAT-T2D	rs7843616	8	22466541	PASS
CAT-T2D	rs55776566	8	22469492	PASS
CAT-T2D	rs2306518	8	22470308	PASS
CAT-T2D	rs1871902	8	22470710	PASS
CAT-T2D	rs720745	8	22471147	PASS
CAT-T2D	rs720746	8	22471399	PASS
CAT-T2D	rs3736147	8	22471824	PASS
CAT-T2D	rs11781149	8	22473158	PASS
CAT-T2D	rs7843128	8	22473465	PASS
CAT-T2D	rs6558167	8	22473850	PASS
CAT-T2D	rs751680	8	22475627	PASS
CAT-T2D	rs57594397	8	22475657	PASS
CAT-T2D	rs1059592	8	22477778	PASS
CAT-T2D	rs1545837	8	22477807	PASS
CAT-T2D	rs7846476	8	22479461	PASS
CAT-T2D	rs11780207	8	22480519	PASS
CAT-T2D	rs1871900	8	22481449	PASS
CAT-T2D	rs876714	8	22482799	PASS
CAT-T2D	rs13271506	8	22483246	PASS
CAT-T2D	rs878051	8	22483836	PASS
CAT-T2D	rs878053	8	22483849	PASS
CAT-T2D	rs2404654	8	22484949	PASS
CAT-T2D	rs900267	8	22485258	PASS
CAT-T2D	rs7830206	8	22485375	PASS
CAT-T2D	rs11785031	8	22486612	PASS
CAT-T2D	rs3758042	8	22486951	PASS
CAT-T2D	rs3758041	8	22486987	PASS
CAT-T2D	rs13269603	8	22488750	PASS
CAT-T2D	rs1809452	8	22491397	PASS
CAT-T2D	rs35952885	8	22491622	PASS
CAT-T2D	rs6558173	8	22492103	PASS
CAT-T2D	rs11776549	8	22493124	PASS
CAT-T2D	rs4872527	8	22496048	PASS
CAT-T2D	rs4242434	8	22501830	PASS
CAT-T2D	rs13264187	8	22506098	PASS
CAT-T2D	rs7826059	8	22512068	PASS
CAT-T2D	rs7005025	8	22519815	PASS
CAT-T2D	rs4615566	8	22520682	PASS
CAT-T2D	rs2280104	8	22525980	PASS
CAT-T2D	rs6988593	8	22527440	PASS
CAT-T2D	rs6993302	8	22527457	PASS
CAT-T2D	rs4066629	8	22529073	PASS
CAT-T2D	rs4872531	8	22529695	PASS
CAT-T2D	rs11985023	8	22531463	PASS
CAT-T2D	rs1877675	8	22533947	PASS
CAT-T2D	rs10099846	8	22534178	PASS
CAT-T2D	rs10105545	8	22534232	PASS
CAT-T2D	rs4872006	8	22536502	PASS
CAT-T2D	rs10104039	8	22538384	PASS
CAT-T2D	rs10095121	8	22538426	PASS
CAT-T2D	rs4872007	8	22538879	PASS
CAT-T2D	rs7817772	8	22539316	PASS
CAT-T2D	rs12114462	8	22539641	PASS
CAT-T2D	rs4358800	8	22540421	PASS
CAT-T2D	rs7829805	8	22542790	PASS
CAT-T2D	rs9265418	6	31295960	PASS
CAT-T2D	rs9265420	6	31295987	PASS
CAT-T2D	rs74346889	6	31296020	PASS
CAT-T2D	rs9265423	6	31296043	PASS
CAT-T2D	rs9265424	6	31296076	PASS
CAT-T2D	rs9265459	6	31296680	PASS
CAT-T2D	rs9265461	6	31296719	PASS
CAT-T2D	rs9265476	6	31297032	PASS
CAT-T2D	rs9265477	6	31297092	PASS
CAT-T2D	rs9265479	6	31297187	PASS
CAT-T2D	rs9265519	6	31297853	PASS
CAT-T2D	rs35795116	6	31298123	PASS
CAT-T2D	rs9265579	6	31298890	PASS
CAT-T2D	rs9265583	6	31298913	PASS
CAT-T2D	rs9265596	6	31299189	PASS
CAT-T2D	rs9265604	6	31299450	PASS
CAT-T2D	rs9265611	6	31299554	PASS
CAT-T2D	rs9265616	6	31299651	PASS
CAT-T2D	rs9265622	6	31299760	PASS
CAT-T2D	rs34972021	6	31299958	PASS
CAT-T2D	rs9265637	6	31299975	PASS
CAT-T2D	rs9265638	6	31300012	PASS
CAT-T2D	rs9265644	6	31300181	PASS
CAT-T2D	rs9265645	6	31300197	PASS
CAT-T2D	rs9265646	6	31300249	PASS
CAT-T2D	rs9265648	6	31300302	PASS
CAT-T2D	rs9265653	6	31300414	PASS
CAT-T2D	rs9265654	6	31300453	PASS
CAT-T2D	rs9265655	6	31300470	PASS
CAT-T2D	rs9265658	6	31300571	PASS
CAT-T2D	rs9265664	6	31300692	PASS
CAT-T2D	rs9265669	6	31300829	PASS
CAT-T2D	rs9265670	6	31300862	PASS
CAT-T2D	rs9265672	6	31300916	PASS
CAT-T2D	rs9265674	6	31300960	PASS
CAT-T2D	rs9265676	6	31301000	PASS
CAT-T2D	rs9265678	6	31301014	PASS
CAT-T2D	rs9265682	6	31301118	PASS
CAT-T2D	rs9265683	6	31301240	PASS
CAT-T2D	rs9265700	6	31301615	PASS
CAT-T2D	rs4947249	6	31302029	PASS
CAT-T2D	rs9265725	6	31302141	PASS
CAT-T2D	rs9265726	6	31302168	PASS
CAT-T2D	rs9265727	6	31302211	PASS
CAT-T2D	rs9265729	6	31302236	PASS
CAT-T2D	rs4947307	6	31302265	PASS
CAT-T2D	rs9265734	6	31302317	PASS
CAT-T2D	rs6914104	6	31302470	PASS
CAT-T2D	rs6914258	6	31302481	PASS
CAT-T2D	rs9265742	6	31302525	PASS
CAT-T2D	rs2524227	6	31302563	PASS
CAT-T2D	rs9265746	6	31302724	PASS
CAT-T2D	rs2394969	6	31303131	PASS
CAT-T2D	rs1625792	6	31306420	PASS
CAT-T2D	rs402175	6	31308717	PASS
CAT-T2D	rs1634776	6	31308988	PASS
CAT-T2D	rs2394972	6	31311760	PASS
CAT-T2D	rs9265840	6	31311811	PASS
CAT-T2D	rs2394976	6	31311912	PASS
CAT-T2D	rs2256747	6	31311950	PASS
CAT-T2D	rs2256750	6	31312020	PASS
CAT-T2D	rs2508003	6	31312044	PASS
CAT-T2D	rs2844589	6	31312259	PASS
CAT-T2D	rs3134792	6	31312326	PASS
CAT-T2D	rs2854010	6	31312492	PASS
CAT-T2D	rs2854009	6	31312532	PASS
CAT-T2D	rs2394978	6	31312656	PASS
CAT-T2D	rs2394980	6	31312941	PASS
CAT-T2D	rs9265908	6	31313677	PASS
CAT-T2D	rs9265909	6	31313714	PASS
CAT-T2D	rs2596524	6	31313906	PASS
CAT-T2D	rs2854004	6	31313972	PASS
CAT-T2D	rs2854003	6	31313984	PASS
CAT-T2D	rs7453967	6	31314243	PASS
CAT-T2D	rs9265929	6	31314313	PASS
CAT-T2D	rs9265930	6	31314347	PASS
CAT-T2D	rs2508000	6	31314588	PASS
CAT-T2D	rs2507999	6	31314646	PASS
CAT-T2D	rs2507998	6	31314652	PASS
CAT-T2D	rs2507996	6	31314921	PASS
CAT-T2D	rs9265937	6	31314938	PASS
CAT-T2D	rs9265938	6	31315005	PASS
CAT-T2D	rs9265939	6	31315027	PASS
CAT-T2D	rs9265947	6	31315165	PASS
CAT-T2D	rs9265948	6	31315193	PASS
CAT-T2D	rs9265949	6	31315229	PASS
CAT-T2D	rs9265954	6	31315339	PASS
CAT-T2D	rs9265959	6	31315425	PASS
CAT-T2D	rs9265963	6	31315540	PASS
CAT-T2D	rs9265964	6	31315618	PASS
CAT-T2D	rs9265969	6	31315706	PASS
CAT-T2D	rs2596522	6	31315755	PASS
CAT-T2D	rs9265971	6	31315792	PASS
CAT-T2D	rs9265973	6	31315861	PASS
CAT-T2D	rs9265974	6	31315879	PASS
CAT-T2D	rs9265975	6	31315891	PASS
CAT-T2D	rs9265976	6	31315933	PASS
CAT-T2D	rs9265979	6	31316044	PASS
CAT-T2D	rs9265982	6	31316080	PASS
CAT-T2D	rs9265985	6	31316234	PASS
CAT-T2D	rs9265988	6	31316387	PASS
CAT-T2D	rs9265989	6	31316417	PASS
CAT-T2D	rs2596520	6	31316481	PASS
CAT-T2D	rs9265994	6	31316526	PASS
CAT-T2D	rs9265995	6	31316535	PASS
CAT-T2D	rs9265998	6	31316613	PASS
CAT-T2D	rs9266000	6	31316651	PASS
CAT-T2D	rs9266001	6	31316695	PASS
CAT-T2D	rs9266002	6	31316713	PASS
CAT-T2D	rs2923008	6	31316911	PASS
CAT-T2D	rs3016017	6	31317063	PASS
CAT-T2D	rs2923007	6	31317065	PASS
CAT-T2D	rs2923006	6	31317099	PASS
CAT-T2D	rs2156875	6	31317347	PASS
CAT-T2D	rs2187578	6	31317478	PASS
CAT-T2D	rs2523620	6	31317514	PASS
CAT-T2D	rs2523618	6	31318303	PASS
CAT-T2D	rs2596510	6	31318308	PASS
CAT-T2D	rs2596508	6	31318432	PASS
CAT-T2D	rs2596506	6	31318553	PASS
CAT-T2D	rs2442730	6	31319157	PASS
CAT-T2D	rs4644106	6	31319586	PASS
CAT-T2D	rs2442725	6	31319896	PASS
CAT-T2D	rs2442724	6	31319907	PASS
CAT-T2D	rs2442723	6	31320164	PASS
CAT-T2D	rs2442722	6	31320241	PASS
CAT-T2D	rs2442721	6	31320242	PASS
CAT-T2D	rs2523616	6	31320562	PASS
CAT-T2D	rs2596503	6	31320810	PASS
CAT-T2D	rs2523612	6	31321123	PASS
CAT-T2D	rs2596500	6	31321267	PASS
CAT-T2D	rs2844585	6	31321360	PASS
CAT-T2D	rs34265426	6	31325684	PASS
CAT-T2D	rs9405085	6	31326292	PASS
CAT-T2D	rs2523593	6	31326703	PASS
CAT-T2D	rs2596478	6	31327861	PASS
CAT-T2D	rs2523584	6	31327890	PASS
CAT-T2D	rs9380248	6	31328475	PASS
CAT-T2D	rs7773105	6	31329372	PASS
CAT-T2D	rs2596545	6	31329374	PASS
CAT-T2D	rs2523572	6	31329494	PASS
CAT-T2D	rs2596547	6	31329642	PASS
CAT-T2D	rs2523566	6	31330099	PASS
CAT-T2D	rs2250295	6	31330411	PASS
CAT-T2D	rs2596548	6	31330546	PASS
CAT-T2D	rs2523560	6	31330844	PASS
CAT-T2D	rs2596549	6	31331166	PASS
CAT-T2D	rs2523557	6	31331257	PASS
CAT-T2D	rs2523556	6	31331383	PASS
CAT-T2D	rs2523553	6	31331948	PASS
CAT-T2D	rs2523546	6	31332920	PASS
CAT-T2D	rs9266363	6	31332977	PASS
CAT-T2D	rs3016015	6	31333091	PASS
CAT-T2D	rs2523545	6	31333499	PASS
CAT-T2D	rs2596426	6	31334264	PASS
CAT-T2D	rs2844577	6	31334422	PASS
CAT-T2D	rs2844576	6	31334601	PASS
CAT-T2D	rs2523542	6	31335156	PASS
CAT-T2D	rs2596430	6	31335431	PASS
CAT-T2D	rs2523537	6	31335707	PASS
CAT-T2D	rs2922994	6	31335901	PASS
CAT-T2D	rs2523534	6	31336349	PASS
CAT-T2D	rs2853991	6	31336812	PASS
CAT-T2D	rs2253907	6	31336870	PASS
CAT-T2D	rs2922997	6	31337281	PASS
CAT-T2D	rs9266438	6	31337760	PASS
CAT-T2D	rs9266441	6	31337816	PASS
CAT-T2D	rs5006724	6	31337850	PASS
CAT-T2D	rs5006725	6	31337872	PASS
CAT-T2D	rs9266446	6	31338126	PASS
CAT-T2D	rs9266452	6	31338303	PASS
CAT-T2D	rs9266453	6	31338337	PASS
CAT-T2D	rs9266454	6	31338360	PASS
CAT-T2D	rs9266455	6	31338385	PASS
CAT-T2D	rs9266457	6	31338612	PASS
CAT-T2D	rs9266459	6	31338645	PASS
CAT-T2D	rs2596434	6	31338761	PASS
CAT-T2D	rs2853986	6	31338844	PASS
CAT-T2D	rs41519045	6	31339086	PASS
CAT-T2D	rs9266479	6	31339420	PASS
CAT-T2D	rs2923000	6	31339632	PASS
CAT-T2D	rs2923001	6	31339717	PASS
CAT-T2D	rs2596438	6	31339871	PASS
CAT-T2D	rs2523524	6	31339996	PASS
CAT-T2D	rs2844559	6	31340075	PASS
CAT-T2D	rs2596441	6	31340225	PASS
CAT-T2D	rs2523522	6	31340328	PASS
CAT-T2D	rs2844558	6	31340433	PASS
CAT-T2D	rs2523520	6	31340491	PASS
CAT-T2D	rs2394990	6	31340559	PASS
CAT-T2D	rs2263310	6	31340620	PASS
CAT-T2D	rs2523518	6	31341128	PASS
CAT-T2D	rs9266510	6	31341233	PASS
CAT-T2D	rs9266511	6	31341253	PASS
CAT-T2D	rs9266513	6	31341296	PASS
CAT-T2D	rs9266514	6	31341312	PASS
CAT-T2D	rs2844555	6	31341379	PASS
CAT-T2D	rs2523644	6	31342484	PASS
CAT-T2D	rs2254556	6	31342631	PASS
CAT-T2D	rs2523643	6	31342660	PASS
CAT-T2D	rs2844552	6	31342741	PASS
CAT-T2D	rs2507986	6	31343080	PASS
CAT-T2D	rs2507985	6	31343100	PASS
CAT-T2D	rs6905201	6	31343227	PASS
CAT-T2D	rs4959066	6	31343347	PASS
CAT-T2D	rs4959018	6	31343425	PASS
CAT-T2D	rs5025317	6	31343569	PASS
CAT-T2D	rs5025316	6	31343574	PASS
CAT-T2D	rs5025315	6	31343604	PASS
CAT-T2D	rs5025314	6	31343710	PASS
CAT-T2D	rs2523638	6	31344273	PASS
CAT-T2D	rs3957110	6	31344348	PASS
CAT-T2D	rs5022118	6	31344384	PASS
CAT-T2D	rs2905719	6	31344390	PASS
CAT-T2D	rs7382258	6	31345021	PASS
CAT-T2D	rs2853976	6	31345270	PASS
CAT-T2D	rs2507983	6	31345794	PASS
CAT-T2D	rs2442743	6	31345801	PASS
CAT-T2D	rs2442742	6	31345876	PASS
CAT-T2D	rs2442741	6	31346079	PASS
CAT-T2D	rs2442740	6	31346114	PASS
CAT-T2D	rs9266618	6	31346166	PASS
CAT-T2D	rs2507982	6	31346193	PASS
CAT-T2D	rs2442738	6	31346414	PASS
CAT-T2D	rs2523627	6	31346445	PASS
CAT-T2D	rs2442735	6	31346653	PASS
CAT-T2D	rs9266630	6	31346869	PASS
CAT-T2D	rs9266631	6	31346898	PASS
CAT-T2D	rs9266635	6	31346979	PASS
CAT-T2D	rs2596573	6	31347930	PASS
CAT-T2D	rs2844539	6	31348046	PASS
CAT-T2D	rs9266669	6	31348077	PASS
CAT-T2D	rs9266670	6	31348121	PASS
CAT-T2D	rs9266671	6	31348137	PASS
CAT-T2D	rs9266672	6	31348164	PASS
CAT-T2D	rs9266674	6	31348304	PASS
CAT-T2D	rs9266675	6	31348321	PASS
CAT-T2D	rs9266682	6	31348436	PASS
CAT-T2D	rs9266683	6	31348464	PASS
CAT-T2D	rs4143333	6	31348519	PASS
CAT-T2D	rs9266690	6	31348609	PASS
CAT-T2D	rs9266694	6	31348653	PASS
CAT-T2D	rs2523489	6	31348878	PASS
CAT-T2D	rs2844537	6	31348935	PASS
CAT-T2D	rs9266702	6	31349115	PASS
CAT-T2D	rs9266704	6	31349124	PASS
CAT-T2D	rs9266705	6	31349217	PASS
CAT-T2D	rs9266709	6	31349257	PASS
CAT-T2D	rs9266710	6	31349396	PASS
CAT-T2D	rs9266713	6	31349611	PASS
CAT-T2D	rs9266714	6	31349615	PASS
CAT-T2D	rs9266716	6	31349727	PASS
CAT-T2D	rs9266718	6	31349788	PASS
CAT-T2D	rs2596569	6	31350090	PASS
CAT-T2D	rs2596568	6	31350232	PASS
CAT-T2D	rs2507979	6	31350328	PASS
CAT-T2D	rs3099850	6	31350464	PASS
CAT-T2D	rs3094597	6	31350538	PASS
CAT-T2D	rs2523532	6	31350550	PASS
CAT-T2D	rs3094596	6	31350579	PASS
CAT-T2D	rs1521	6	31350704	PASS
CAT-T2D	rs1523	6	31350755	PASS
CAT-T2D	rs2844533	6	31350802	PASS
CAT-T2D	rs2523488	6	31350855	PASS
CAT-T2D	rs2523487	6	31350875	PASS
CAT-T2D	rs2523486	6	31350943	PASS
CAT-T2D	rs2523485	6	31351035	PASS
CAT-T2D	rs3016014	6	31351153	PASS
CAT-T2D	rs3130485	6	31351338	PASS
CAT-T2D	rs3099849	6	31351415	PASS
CAT-T2D	rs2442754	6	31351572	PASS
CAT-T2D	rs3128985	6	31351608	PASS
CAT-T2D	rs2507977	6	31351672	PASS
CAT-T2D	rs2507974	6	31352149	PASS
CAT-T2D	rs2844531	6	31353171	PASS
CAT-T2D	rs2596565	6	31353329	PASS
CAT-T2D	rs2596560	6	31355318	PASS
CAT-T2D	rs9266792	6	31359176	PASS
CAT-T2D	rs2596517	6	31360095	PASS
CAT-T2D	rs3134787	6	31360753	PASS
CAT-T2D	rs34053403	6	31360946	PASS
CAT-T2D	rs2523466	6	31363026	PASS
CAT-T2D	rs2596484	6	31363840	PASS
CAT-T2D	rs2251396	6	31364707	PASS
CAT-T2D	rs2523457	6	31365707	PASS
CAT-T2D	rs2853967	6	31366472	PASS
CAT-T2D	rs2523455	6	31367077	PASS
CAT-T2D	rs2523454	6	31367865	PASS
CAT-T2D	rs2596540	6	31367882	PASS
CAT-T2D	rs2523451	6	31369151	PASS
CAT-T2D	rs2844519	6	31371430	PASS
CAT-T2D	rs2844518	6	31372569	PASS
CAT-T2D	rs2596481	6	31372587	PASS
CAT-T2D	rs2523495	6	31377978	PASS
CAT-T2D	rs2853971	6	31380341	PASS
CAT-T2D	rs3134791	6	31382409	PASS
CAT-T2D	rs3132472	6	31386131	PASS
CAT-T2D	rs2516450	6	31387157	PASS
CAT-T2D	rs2596533	6	31388053	PASS
CAT-T2D	rs2596469	6	31392486	PASS
CAT-T2D	rs3093959	6	31392805	PASS
CAT-T2D	rs3132091	6	31393684	PASS
CAT-T2D	rs3130483	6	31402356	PASS
CAT-T2D	rs3093960	6	31403518	PASS
CAT-T2D	rs2844528	6	31406525	PASS
CAT-T2D	rs3094738	6	31407913	PASS
CAT-T2D	rs3093958	6	31410521	PASS
CAT-T2D	rs2395005	6	31412652	PASS
CAT-T2D	rs2596465	6	31412948	PASS
CAT-T2D	rs2596464	6	31412961	PASS
CAT-T2D	rs9267092	6	31414241	PASS
CAT-T2D	rs2516466	6	31414327	PASS
CAT-T2D	rs3131624	6	31418562	PASS
CAT-T2D	rs2516455	6	31420572	PASS
CAT-T2D	rs2596471	6	31428911	PASS
CAT-T2D	rs3130477	6	31428920	PASS
CAT-T2D	rs2596472	6	31428967	PASS
CAT-T2D	rs3132089	6	31430010	PASS
CAT-T2D	rs3099839	6	31430065	PASS
CAT-T2D	rs3132090	6	31430752	PASS
CAT-T2D	rs2518030	6	31431082	PASS
CAT-T2D	rs3130907	6	31431813	PASS
CAT-T2D	rs3094013	6	31434366	PASS
CAT-T2D	rs3131618	6	31434621	PASS
CAT-T2D	rs2518027	6	31436476	PASS
CAT-T2D	rs2523669	6	31437872	PASS
CAT-T2D	rs2596450	6	31438243	PASS
CAT-T2D	rs2523663	6	31439740	PASS
CAT-T2D	rs14597	6	31440014	PASS
CAT-T2D	rs3131643	6	31442782	PASS
CAT-T2D	rs2596443	6	31443436	PASS
CAT-T2D	rs2516516	6	31443570	PASS
CAT-T2D	rs2523655	6	31444604	PASS
CAT-T2D	rs2516435	6	31444934	PASS
CAT-T2D	rs2516515	6	31444967	PASS
CAT-T2D	rs2844502	6	31445216	PASS
CAT-T2D	rs2248251	6	31445498	PASS
CAT-T2D	rs2523653	6	31445514	PASS
CAT-T2D	rs2395488	6	31445909	PASS
CAT-T2D	rs2395489	6	31446007	PASS
CAT-T2D	rs2248352	6	31446018	PASS
CAT-T2D	rs2904777	6	31446129	PASS
CAT-T2D	rs2516425	6	31446200	PASS
CAT-T2D	rs2248373	6	31446546	PASS
CAT-T2D	rs2248459	6	31446710	PASS
CAT-T2D	rs2243429	6	31446820	PASS
CAT-T2D	rs2596536	6	31447848	PASS
CAT-T2D	rs2523651	6	31448154	PASS
CAT-T2D	rs2516424	6	31448315	PASS
CAT-T2D	rs2248613	6	31448432	PASS
CAT-T2D	rs2248617	6	31448533	PASS
CAT-T2D	rs3099843	6	31448564	PASS
CAT-T2D	rs3099844	6	31448976	PASS
CAT-T2D	rs2523650	6	31449022	PASS
CAT-T2D	rs2248709	6	31449046	PASS
CAT-T2D	rs2905722	6	31449327	PASS
CAT-T2D	rs3130908	6	31449552	PASS
CAT-T2D	rs3130909	6	31449710	PASS
CAT-T2D	rs2516510	6	31449914	PASS
CAT-T2D	rs2516508	6	31450340	PASS
CAT-T2D	rs3131642	6	31450637	PASS
CAT-T2D	rs2860233	6	31450702	PASS
CAT-T2D	rs2905752	6	31450716	PASS
CAT-T2D	rs2516507	6	31451213	PASS
CAT-T2D	rs2523708	6	31451279	PASS
CAT-T2D	rs3132470	6	31451370	PASS
CAT-T2D	rs2905747	6	31451476	PASS
CAT-T2D	rs2523707	6	31451532	PASS
CAT-T2D	rs2523706	6	31451567	PASS
CAT-T2D	rs3094011	6	31451836	PASS
CAT-T2D	rs2904602	6	31451847	PASS
CAT-T2D	rs3094010	6	31451848	PASS
CAT-T2D	rs28405701	6	31452090	PASS
CAT-T2D	rs2904789	6	31452432	PASS
CAT-T2D	rs2516504	6	31452475	PASS
CAT-T2D	rs2516419	6	31452673	PASS
CAT-T2D	rs2904788	6	31452715	PASS
CAT-T2D	rs2905739	6	31452850	PASS
CAT-T2D	rs2523701	6	31452959	PASS
CAT-T2D	rs2428501	6	31453547	PASS
CAT-T2D	rs2516500	6	31453640	PASS
CAT-T2D	rs9267257	6	31456262	PASS
CAT-T2D	rs3132469	6	31456567	PASS
CAT-T2D	rs2905729	6	31457742	PASS
CAT-T2D	rs2507964	6	31458157	PASS
CAT-T2D	rs2428499	6	31458293	PASS
CAT-T2D	rs2428498	6	31458460	PASS
CAT-T2D	rs2507963	6	31458464	PASS
CAT-T2D	rs9267294	6	31458514	PASS
CAT-T2D	rs2395033	6	31458554	PASS
CAT-T2D	rs2905724	6	31458954	PASS
CAT-T2D	rs2516415	6	31459742	PASS
CAT-T2D	rs2904787	6	31459768	PASS
CAT-T2D	rs2904783	6	31459972	PASS
CAT-T2D	rs2395038	6	31460451	PASS
CAT-T2D	rs2395039	6	31460518	PASS
CAT-T2D	rs3130922	6	31461089	PASS
CAT-T2D	rs2516413	6	31461509	PASS
CAT-T2D	rs3094006	6	31461558	PASS
CAT-T2D	rs2534687	6	31461608	PASS
CAT-T2D	rs2253040	6	31461778	PASS
CAT-T2D	rs2395041	6	31461795	PASS
CAT-T2D	rs2395042	6	31461817	PASS
CAT-T2D	rs2253042	6	31461914	PASS
CAT-T2D	rs2395043	6	31461966	PASS
CAT-T2D	rs2395044	6	31461979	PASS
CAT-T2D	rs2253052	6	31462031	PASS
CAT-T2D	rs2894222	6	31462035	PASS
CAT-T2D	rs2534685	6	31462245	PASS
CAT-T2D	rs3130924	6	31462248	PASS
CAT-T2D	rs2516412	6	31462321	PASS
CAT-T2D	rs2534684	6	31462672	PASS
CAT-T2D	rs2516499	6	31463325	PASS
CAT-T2D	rs2516408	6	31463491	PASS
CAT-T2D	rs2534680	6	31463577	PASS
CAT-T2D	rs3130925	6	31463621	PASS
CAT-T2D	rs3130926	6	31463680	PASS
CAT-T2D	rs2534679	6	31463790	PASS
CAT-T2D	rs2534676	6	31464029	PASS
CAT-T2D	rs3095234	6	31464571	PASS
CAT-T2D	rs2534675	6	31464798	PASS
CAT-T2D	rs3130927	6	31464992	PASS
CAT-T2D	rs3094005	6	31465047	PASS
CAT-T2D	rs2534674	6	31465103	PASS
CAT-T2D	rs3134897	6	31466547	PASS
CAT-T2D	rs2855816	6	31466879	PASS
CAT-T2D	rs2855817	6	31466885	PASS
CAT-T2D	rs2855802	6	31467111	PASS
CAT-T2D	rs2855803	6	31467170	PASS
CAT-T2D	rs2855804	6	31467365	PASS
CAT-T2D	rs2534666	6	31468546	PASS
CAT-T2D	rs2855807	6	31469323	PASS
CAT-T2D	rs3093955	6	31469649	PASS
CAT-T2D	rs2855808	6	31469668	PASS
CAT-T2D	rs3095233	6	31469774	PASS
CAT-T2D	rs2534663	6	31469933	PASS
CAT-T2D	rs3095231	6	31470343	PASS
CAT-T2D	rs3095230	6	31470673	PASS
CAT-T2D	rs2855810	6	31471129	PASS
CAT-T2D	rs3094002	6	31471222	PASS
CAT-T2D	rs2516427	6	31471454	PASS
CAT-T2D	rs2534659	6	31472149	PASS
CAT-T2D	rs2516426	6	31472308	PASS
CAT-T2D	rs2534658	6	31472344	PASS
CAT-T2D	rs2855812	6	31472720	PASS
CAT-T2D	rs28703977	6	31472792	PASS
CAT-T2D	rs3134899	6	31473286	PASS
CAT-T2D	rs3131639	6	31473546	PASS
CAT-T2D	rs1065075	6	31473561	PASS
CAT-T2D	rs3130616	6	31473746	PASS
CAT-T2D	rs2286713	6	31473844	PASS
CAT-T2D	rs1051788	6	31474000	PASS
CAT-T2D	rs2242955	6	31474280	PASS
CAT-T2D	rs3093954	6	31474449	PASS
CAT-T2D	rs2844500	6	31474685	PASS
CAT-T2D	rs3093953	6	31474688	PASS
CAT-T2D	rs3131638	6	31475127	PASS
CAT-T2D	rs3130615	6	31475413	PASS
CAT-T2D	rs3132468	6	31475486	PASS
CAT-T2D	rs3093952	6	31475764	PASS
CAT-T2D	rs28729827	6	31475811	PASS
CAT-T2D	rs3131636	6	31476094	PASS
CAT-T2D	rs3131635	6	31476134	PASS
CAT-T2D	rs3134891	6	31476265	PASS
CAT-T2D	rs3134892	6	31476340	PASS
CAT-T2D	rs3134893	6	31476514	PASS
CAT-T2D	rs3134894	6	31476833	PASS
CAT-T2D	rs3132465	6	31476995	PASS
CAT-T2D	rs3134895	6	31477022	PASS
CAT-T2D	rs3131634	6	31477189	PASS
CAT-T2D	rs3132464	6	31477461	PASS
CAT-T2D	rs1065076	6	31477681	PASS
CAT-T2D	rs2246618	6	31478986	PASS
CAT-T2D	rs3132463	6	31479645	PASS
CAT-T2D	rs2844497	6	31480133	PASS
CAT-T2D	rs3132462	6	31480578	PASS
CAT-T2D	rs3132461	6	31480668	PASS
CAT-T2D	rs3132460	6	31480671	PASS
CAT-T2D	rs2516404	6	31480744	PASS
CAT-T2D	rs2516403	6	31480874	PASS
CAT-T2D	rs2516401	6	31480906	PASS
CAT-T2D	rs3131633	6	31480923	PASS
CAT-T2D	rs3132459	6	31481092	PASS
CAT-T2D	rs2516400	6	31481105	PASS
CAT-T2D	rs3132458	6	31481113	PASS
CAT-T2D	rs2246871	6	31481146	PASS
CAT-T2D	rs2516398	6	31481526	PASS
CAT-T2D	rs3130612	6	31482097	PASS
CAT-T2D	rs2516494	6	31482592	PASS
CAT-T2D	rs2844494	6	31483415	PASS
CAT-T2D	rs3131632	6	31483752	PASS
CAT-T2D	rs3094001	6	31484032	PASS
CAT-T2D	rs3094000	6	31484054	PASS
CAT-T2D	rs2395045	6	31484517	PASS
CAT-T2D	rs3132457	6	31484561	PASS
CAT-T2D	rs3868087	6	31484892	PASS
CAT-T2D	rs3093998	6	31485174	PASS
CAT-T2D	rs3131630	6	31485354	PASS
CAT-T2D	rs3132456	6	31486300	PASS
CAT-T2D	rs3093950	6	31486901	PASS
CAT-T2D	rs3130640	6	31487144	PASS
CAT-T2D	rs3130639	6	31487320	PASS
CAT-T2D	rs3130638	6	31487540	PASS
CAT-T2D	rs3130637	6	31488145	PASS
CAT-T2D	rs3130636	6	31488191	PASS
CAT-T2D	rs3095228	6	31488763	PASS
CAT-T2D	rs3093995	6	31488904	PASS
CAT-T2D	rs3093994	6	31490372	PASS
CAT-T2D	rs3093993	6	31490725	PASS
CAT-T2D	rs3095227	6	31491000	PASS
CAT-T2D	rs3093992	6	31491131	PASS
CAT-T2D	rs3093991	6	31491467	PASS
CAT-T2D	rs3093990	6	31491826	PASS
CAT-T2D	rs3130635	6	31492004	PASS
CAT-T2D	rs3095226	6	31492025	PASS
CAT-T2D	rs3093987	6	31492961	PASS
CAT-T2D	rs3130634	6	31492970	PASS
CAT-T2D	rs3115536	6	31493333	PASS
CAT-T2D	rs3093984	6	31495370	PASS
CAT-T2D	rs3130051	6	31495588	PASS
CAT-T2D	rs3130052	6	31495620	PASS
CAT-T2D	rs3130053	6	31495695	PASS
CAT-T2D	rs3130054	6	31496776	PASS
CAT-T2D	rs3093983	6	31496925	PASS
CAT-T2D	rs3093982	6	31497244	PASS
CAT-T2D	rs3130055	6	31497399	PASS
CAT-T2D	rs3093981	6	31497457	PASS
CAT-T2D	rs3093980	6	31497478	PASS
CAT-T2D	rs3093979	6	31497744	PASS
CAT-T2D	rs3093978	6	31498497	PASS
CAT-T2D	rs3130056	6	31499354	PASS
CAT-T2D	rs3093977	6	31500226	PASS
CAT-T2D	rs3093948	6	31501413	PASS
CAT-T2D	rs1055388	6	31501737	PASS
CAT-T2D	rs3131628	6	31502767	PASS
CAT-T2D	rs3093976	6	31502861	PASS
CAT-T2D	rs3130057	6	31504587	PASS
CAT-T2D	rs2734583	6	31505480	PASS
CAT-T2D	rs9267485	6	31505790	PASS
CAT-T2D	rs3130058	6	31505887	PASS
CAT-T2D	rs2516394	6	31506000	PASS
CAT-T2D	rs3093974	6	31506210	PASS
CAT-T2D	rs1129640	6	31506624	PASS
CAT-T2D	rs933208	6	31506648	PASS
CAT-T2D	rs2516393	6	31506744	PASS
CAT-T2D	rs2523511	6	31506854	PASS
CAT-T2D	rs2523510	6	31507883	PASS
CAT-T2D	rs2523508	6	31508761	PASS
CAT-T2D	rs2523507	6	31509355	PASS
CAT-T2D	rs2239525	6	31509372	PASS
CAT-T2D	rs2239526	6	31509432	PASS
CAT-T2D	rs2523504	6	31510858	PASS
CAT-T2D	rs3130630	6	31510933	PASS
CAT-T2D	rs9267488	6	31514247	PASS
CAT-T2D	rs2071591	6	31515799	PASS
CAT-T2D	rs2523500	6	31518354	PASS
CAT-T2D	rs2516383	6	31519653	PASS
CAT-T2D	rs35588235	6	31519775	PASS
CAT-T2D	rs3094594	6	31521903	PASS
CAT-T2D	rs2516397	6	31521905	PASS
CAT-T2D	rs2516396	6	31521913	PASS
CAT-T2D	rs2857605	6	31524851	PASS
CAT-T2D	rs3093949	6	31525184	PASS
CAT-T2D	rs3130062	6	31525912	PASS
CAT-T2D	rs2516391	6	31529335	PASS
CAT-T2D	rs2516390	6	31529883	PASS
CAT-T2D	rs3094595	6	31530574	PASS
CAT-T2D	rs928815	6	31531215	PASS
CAT-T2D	rs12663590	6	31531478	PASS
CAT-T2D	rs3135043	6	31532193	PASS
CAT-T2D	rs3135042	6	31532254	PASS
CAT-T2D	rs2857710	6	31532553	PASS
CAT-T2D	rs3131641	6	31532564	PASS
CAT-T2D	rs2857709	6	31532814	PASS
CAT-T2D	rs2857602	6	31533378	PASS
CAT-T2D	rs2857708	6	31533606	PASS
CAT-T2D	rs2844486	6	31533870	PASS
CAT-T2D	rs2844485	6	31534206	PASS
CAT-T2D	rs2844484	6	31536224	PASS
CAT-T2D	rs2844483	6	31536796	PASS
CAT-T2D	rs2857706	6	31537606	PASS
CAT-T2D	rs2844482	6	31539767	PASS
CAT-T2D	rs2071590	6	31539768	PASS
CAT-T2D	rs1800683	6	31540071	PASS
CAT-T2D	rs2239704	6	31540141	PASS
CAT-T2D	rs909253	6	31540313	PASS
CAT-T2D	rs1041981	6	31540784	PASS
CAT-T2D	rs1800630	6	31542476	PASS
CAT-T2D	rs1800628	6	31546850	PASS
CAT-T2D	rs41268884	6	31553468	PASS
CAT-T2D	rs2256965	6	31555130	PASS
CAT-T2D	rs3135041	6	31555657	PASS
CAT-T2D	rs11575842	6	31557226	PASS
CAT-T2D	rs3130063	6	31558702	PASS
CAT-T2D	rs3896375	6	31558720	PASS
CAT-T2D	rs2736192	6	31559353	PASS
CAT-T2D	rs41268892	6	31559900	PASS
CAT-T2D	rs11575836	6	31560702	PASS
CAT-T2D	rs2736190	6	31561211	PASS
CAT-T2D	rs4388309	6	31561639	PASS
CAT-T2D	rs2857599	6	31562150	PASS
CAT-T2D	rs2857598	6	31563228	PASS
CAT-T2D	rs2844481	6	31563429	PASS
CAT-T2D	rs2515919	6	31564167	PASS
CAT-T2D	rs2736189	6	31564728	PASS
CAT-T2D	rs2736188	6	31565648	PASS
CAT-T2D	rs2857596	6	31567422	PASS
CAT-T2D	rs2857700	6	31572481	PASS
CAT-T2D	rs2857609	6	31577825	PASS
CAT-T2D	rs2857600	6	31582287	PASS
CAT-T2D	rs2736177	6	31586094	PASS
CAT-T2D	rs3130621	6	31587083	PASS
CAT-T2D	rs3130068	6	31590354	PASS
CAT-T2D	rs3130069	6	31591218	PASS
CAT-T2D	rs3130070	6	31591808	PASS
CAT-T2D	rs3115664	6	31592636	PASS
CAT-T2D	rs1046080	6	31595882	PASS
CAT-T2D	rs3132450	6	31596138	PASS
CAT-T2D	rs3130623	6	31597700	PASS
CAT-T2D	rs3130624	6	31597875	PASS
CAT-T2D	rs3130625	6	31597915	PASS
CAT-T2D	rs3130626	6	31598489	PASS
CAT-T2D	rs2736157	6	31600820	PASS
CAT-T2D	rs3130627	6	31600851	PASS
CAT-T2D	rs2272593	6	31601344	PASS
CAT-T2D	rs3115663	6	31601843	PASS
CAT-T2D	rs11229	6	31603770	PASS
CAT-T2D	rs3132453	6	31604044	PASS
CAT-T2D	rs10885	6	31604591	PASS
CAT-T2D	rs750332	6	31607050	PASS
CAT-T2D	rs3130628	6	31609272	PASS
CAT-T2D	rs1077394	6	31610384	PASS
CAT-T2D	rs3130047	6	31610479	PASS
CAT-T2D	rs2395047	6	31611158	PASS
CAT-T2D	rs760293	6	31611777	PASS
CAT-T2D	rs3130048	6	31613739	PASS
CAT-T2D	rs2844464	6	31613991	PASS
CAT-T2D	rs2242656	6	31614102	PASS
CAT-T2D	rs3130050	6	31618761	PASS
CAT-T2D	rs3115669	6	31619024	PASS
CAT-T2D	rs3117583	6	31619576	PASS
CAT-T2D	rs3117582	6	31620520	PASS
CAT-T2D	rs3117581	6	31624864	PASS
CAT-T2D	rs3132449	6	31626013	PASS
CAT-T2D	rs3130617	6	31627523	PASS
CAT-T2D	rs805262	6	31628733	PASS
CAT-T2D	rs3117580	6	31630968	PASS
CAT-T2D	rs3130618	6	31632134	PASS
CAT-T2D	rs3117579	6	31633496	PASS
CAT-T2D	rs3117578	6	31636031	PASS
CAT-T2D	rs9267531	6	31636742	PASS
CAT-T2D	rs3131377	6	31639420	PASS
CAT-T2D	rs3115668	6	31641485	PASS
CAT-T2D	rs3115667	6	31643399	PASS
CAT-T2D	rs3131376	6	31646683	PASS
CAT-T2D	rs1475865	6	31657413	PASS
CAT-T2D	rs9267539	6	31666424	PASS
CAT-T2D	rs9267544	6	31671557	PASS
CAT-T2D	rs9267549	6	31677391	PASS
CAT-T2D	rs2272592	6	31698352	PASS
CAT-T2D	rs3131383	6	31704294	PASS
CAT-T2D	rs3101018	6	31705864	PASS
CAT-T2D	rs3131382	6	31707730	PASS
CAT-T2D	rs3131381	6	31708463	PASS
CAT-T2D	rs3131380	6	31709778	PASS
CAT-T2D	rs3132445	6	31712196	PASS
CAT-T2D	rs3132443	6	31714031	PASS
CAT-T2D	rs3130484	6	31715882	PASS
CAT-T2D	rs3117572	6	31717692	PASS
CAT-T2D	rs3131379	6	31721033	PASS
CAT-T2D	rs3130487	6	31723389	PASS
CAT-T2D	rs3117574	6	31725230	PASS
CAT-T2D	rs3131378	6	31725285	PASS
CAT-T2D	rs3117575	6	31726253	PASS
CAT-T2D	rs3117576	6	31726794	PASS
CAT-T2D	rs3117577	6	31727474	PASS
CAT-T2D	rs3115672	6	31727897	PASS
CAT-T2D	rs3101017	6	31733466	PASS
CAT-T2D	rs3115671	6	31734345	PASS
CAT-T2D	rs3130490	6	31739120	PASS
CAT-T2D	rs3130491	6	31745464	PASS
CAT-T2D	rs915652	6	31749142	PASS
CAT-T2D	rs915651	6	31749184	PASS
CAT-T2D	rs2607014	6	31761213	PASS
CAT-T2D	rs2736425	6	31765984	PASS
CAT-T2D	rs2763980	6	31766660	PASS
CAT-T2D	rs553414	6	31777192	PASS
CAT-T2D	rs2227956	6	31778272	PASS
CAT-T2D	rs1265947	6	31787167	PASS
CAT-T2D	rs3130476	6	31802101	PASS
CAT-T2D	rs3130478	6	31805913	PASS
CAT-T2D	rs3130679	6	31807540	PASS
CAT-T2D	rs599707	6	31808436	PASS
CAT-T2D	rs9267573	6	31809866	PASS
CAT-T2D	rs9267576	6	31812038	PASS
CAT-T2D	rs9267577	6	31813774	PASS
CAT-T2D	rs9267578	6	31818108	PASS
CAT-T2D	rs7451017	6	31820659	PASS
CAT-T2D	rs9267649	6	31824828	PASS
CAT-T2D	rs2445689	6	31826153	PASS
CAT-T2D	rs2507954	6	31826414	PASS
CAT-T2D	rs515688	6	31832038	PASS
CAT-T2D	rs660594	6	31837250	PASS
CAT-T2D	rs660550	6	31837277	PASS
CAT-T2D	rs571338	6	31837491	PASS
CAT-T2D	rs575439	6	31837739	PASS
CAT-T2D	rs575591	6	31837791	PASS
CAT-T2D	rs577272	6	31837963	PASS
CAT-T2D	rs644827	6	31838441	PASS
CAT-T2D	rs644774	6	31838490	PASS
CAT-T2D	rs493515	6	31838545	PASS
CAT-T2D	rs2242665	6	31839309	PASS
CAT-T2D	rs2242664	6	31839331	PASS
CAT-T2D	rs3132442	6	31839494	PASS
CAT-T2D	rs3130482	6	31839782	PASS
CAT-T2D	rs9267653	6	31840415	PASS
CAT-T2D	rs553108	6	31840455	PASS
CAT-T2D	rs501942	6	31840477	PASS
CAT-T2D	rs614008	6	31840794	PASS
CAT-T2D	rs9267654	6	31841009	PASS
CAT-T2D	rs9267658	6	31845985	PASS
CAT-T2D	rs9267659	6	31846234	PASS
CAT-T2D	rs2844458	6	31851469	PASS
CAT-T2D	rs34929649	6	31858530	PASS
CAT-T2D	rs3130680	6	31862322	PASS
CAT-T2D	rs2243873	6	31863433	PASS
CAT-T2D	rs7887	6	31864547	PASS
CAT-T2D	rs558702	6	31870326	PASS
CAT-T2D	rs519417	6	31878433	PASS
CAT-T2D	rs3130681	6	31880611	PASS
CAT-T2D	rs532086	6	31881309	PASS
CAT-T2D	rs2844452	6	31882024	PASS
CAT-T2D	rs3130682	6	31884823	PASS
CAT-T2D	rs3130683	6	31888367	PASS
CAT-T2D	rs497309	6	31892484	PASS
CAT-T2D	rs2734335	6	31893944	PASS
CAT-T2D	rs3020644	6	31894626	PASS
CAT-T2D	rs1265905	6	31909941	PASS
CAT-T2D	rs1048709	6	31914935	PASS
CAT-T2D	rs4151657	6	31917540	PASS
CAT-T2D	rs1270942	6	31918860	PASS
CAT-T2D	rs2072632	6	31921475	PASS
CAT-T2D	rs2280774	6	31928691	PASS
CAT-T2D	rs389884	6	31940897	PASS
CAT-T2D	rs12524149	6	31945230	PASS
CAT-T2D	rs2734325	6	31945646	PASS
CAT-T2D	rs6941112	6	31946614	PASS
CAT-T2D	rs6449	6	32006655	PASS
CAT-T2D	rs433061	6	32014828	PASS
CAT-T2D	rs367364	6	32019946	PASS
CAT-T2D	rs394439	6	32025555	PASS
CAT-T2D	rs369637	6	32025863	PASS
CAT-T2D	rs1009382	6	32026107	PASS
CAT-T2D	rs3130285	6	32026257	PASS
CAT-T2D	rs1150757	6	32029205	PASS
CAT-T2D	rs204887	6	32029226	PASS
CAT-T2D	rs1265889	6	32033616	PASS
CAT-T2D	rs3117189	6	32033944	PASS
CAT-T2D	rs1150756	6	32035694	PASS
CAT-T2D	rs1150755	6	32038550	PASS
CAT-T2D	rs3130286	6	32042322	PASS
CAT-T2D	rs3130287	6	32050544	PASS
CAT-T2D	rs1150754	6	32050758	PASS
CAT-T2D	rs1150753	6	32059867	PASS
CAT-T2D	rs1150752	6	32064726	PASS
CAT-T2D	rs3134954	6	32071893	PASS
CAT-T2D	rs3130342	6	32080146	PASS
CAT-T2D	rs3830076	6	32096244	PASS
CAT-T2D	rs3134963	6	32102305	PASS
CAT-T2D	rs3096698	6	32107139	PASS
CAT-T2D	rs3134962	6	32107851	PASS
CAT-T2D	rs3134953	6	32109165	PASS
CAT-T2D	rs3130279	6	32112626	PASS
CAT-T2D	rs9267807	6	32112955	PASS
CAT-T2D	rs3131283	6	32119898	PASS
CAT-T2D	rs1053924	6	32120715	PASS
CAT-T2D	rs3096694	6	32123951	PASS
CAT-T2D	rs3134603	6	32126002	PASS
CAT-T2D	rs3134950	6	32127477	PASS
CAT-T2D	rs3130346	6	32131510	PASS
CAT-T2D	rs1061808	6	32136547	PASS
CAT-T2D	rs3130283	6	32138545	PASS
CAT-T2D	rs2269423	6	32145707	PASS
CAT-T2D	rs3134943	6	32147761	PASS
CAT-T2D	rs55640627	6	32149756	PASS
CAT-T2D	rs204993	6	32155581	PASS
CAT-T2D	rs3096688	6	32161034	PASS
CAT-T2D	rs3132940	6	32161396	PASS
CAT-T2D	rs3132934	6	32167009	PASS
CAT-T2D	rs3134942	6	32168771	PASS
CAT-T2D	rs2071287	6	32170433	PASS
CAT-T2D	rs2071277	6	32171683	PASS
CAT-T2D	rs1044506	6	32172065	PASS
CAT-T2D	rs3131296	6	32172993	PASS
CAT-T2D	rs3131295	6	32173257	PASS
CAT-T2D	rs206017	6	32176211	PASS
CAT-T2D	rs3132942	6	32176512	PASS
CAT-T2D	rs3130293	6	32177263	PASS
CAT-T2D	rs3130294	6	32178773	PASS
CAT-T2D	rs3132956	6	32179438	PASS
CAT-T2D	rs3131294	6	32180146	PASS
CAT-T2D	rs3131290	6	32183175	PASS
CAT-T2D	rs3131291	6	32184066	PASS
CAT-T2D	rs3134799	6	32184221	PASS
CAT-T2D	rs3134798	6	32184705	PASS
CAT-T2D	rs3134797	6	32186050	PASS
CAT-T2D	rs3134932	6	32186147	PASS
CAT-T2D	rs436388	6	32186264	PASS
CAT-T2D	rs444472	6	32186726	PASS
CAT-T2D	rs394657	6	32187023	PASS
CAT-T2D	rs429853	6	32187202	PASS
CAT-T2D	rs1109771	6	32187605	PASS
CAT-T2D	rs8192589	6	32187637	PASS
CAT-T2D	rs431722	6	32187722	PASS
CAT-T2D	rs422951	6	32188383	PASS
CAT-T2D	rs715299	6	32189841	PASS
CAT-T2D	rs3134796	6	32189921	PASS
CAT-T2D	rs3132946	6	32190028	PASS
CAT-T2D	rs915894	6	32190390	PASS
CAT-T2D	rs3130297	6	32198981	PASS
CAT-T2D	rs9267890	6	32202086	PASS
CAT-T2D	rs9267951	6	32212655	PASS
CAT-T2D	rs9267955	6	32213150	PASS
CAT-T2D	rs454748	6	32213210	PASS
CAT-T2D	rs9267956	6	32213638	PASS
CAT-T2D	rs440169	6	32213788	PASS
CAT-T2D	rs547153	6	32214193	PASS
CAT-T2D	rs9267958	6	32214616	PASS
CAT-T2D	rs2894239	6	32215796	PASS
CAT-T2D	rs3115575	6	32216891	PASS
CAT-T2D	rs6457508	6	32216963	PASS
CAT-T2D	rs6457510	6	32217046	PASS
CAT-T2D	rs9267971	6	32217185	PASS
CAT-T2D	rs3130311	6	32217367	PASS
CAT-T2D	rs3130312	6	32217436	PASS
CAT-T2D	rs3130313	6	32217453	PASS
CAT-T2D	rs2395112	6	32217594	PASS
CAT-T2D	rs2894240	6	32217846	PASS
CAT-T2D	rs3115573	6	32218843	PASS
CAT-T2D	rs3096701	6	32219159	PASS
CAT-T2D	rs9267992	6	32220397	PASS
CAT-T2D	rs3130315	6	32220685	PASS
CAT-T2D	rs9267996	6	32221934	PASS
CAT-T2D	rs3115570	6	32222706	PASS
CAT-T2D	rs3130320	6	32223258	PASS
CAT-T2D	rs9268000	6	32223531	PASS
CAT-T2D	rs9268005	6	32224388	PASS
CAT-T2D	rs9268026	6	32226481	PASS
CAT-T2D	rs9268035	6	32227488	PASS
CAT-T2D	rs9268045	6	32229655	PASS
CAT-T2D	rs3132971	6	32230256	PASS
CAT-T2D	rs4959091	6	32231014	PASS
CAT-T2D	rs2395114	6	32233547	PASS
CAT-T2D	rs9268081	6	32234412	PASS
CAT-T2D	rs9268082	6	32234953	PASS
CAT-T2D	rs6913182	6	32237926	PASS
CAT-T2D	rs9268086	6	32238266	PASS
CAT-T2D	rs6928678	6	32238280	PASS
CAT-T2D	rs2395115	6	32238802	PASS
CAT-T2D	rs2022539	6	32239558	PASS
CAT-T2D	rs9268103	6	32245370	PASS
CAT-T2D	rs9268104	6	32246919	PASS
CAT-T2D	rs9268112	6	32247990	PASS
CAT-T2D	rs9268115	6	32248364	PASS
CAT-T2D	rs9268118	6	32249987	PASS
CAT-T2D	rs9268123	6	32252132	PASS
CAT-T2D	rs7454557	6	32252274	PASS
CAT-T2D	rs9268128	6	32253884	PASS
CAT-T2D	rs9268138	6	32255454	PASS
CAT-T2D	rs9268141	6	32256132	PASS
CAT-T2D	rs9268144	6	32257199	PASS
CAT-T2D	rs9268145	6	32257284	PASS
CAT-T2D	rs4713518	6	32257337	PASS
CAT-T2D	rs926070	6	32257566	PASS
CAT-T2D	rs9268148	6	32259527	PASS
CAT-T2D	rs482194	6	32260559	PASS
CAT-T2D	rs7775397	6	32261252	PASS
CAT-T2D	rs560505	6	32261771	PASS
CAT-T2D	rs6457535	6	32262406	PASS
CAT-T2D	rs9268149	6	32263099	PASS
CAT-T2D	rs9268152	6	32263663	PASS
CAT-T2D	rs518374	6	32265710	PASS
CAT-T2D	rs9268155	6	32266310	PASS
CAT-T2D	rs565571	6	32266535	PASS
CAT-T2D	rs533876	6	32268980	PASS
CAT-T2D	rs9268157	6	32269359	PASS
CAT-T2D	rs9268158	6	32269457	PASS
CAT-T2D	rs477005	6	32270500	PASS
CAT-T2D	rs522254	6	32273060	PASS
CAT-T2D	rs9268177	6	32274882	PASS
CAT-T2D	rs9268178	6	32275621	PASS
CAT-T2D	rs1265776	6	32276502	PASS
CAT-T2D	rs502626	6	32278266	PASS
CAT-T2D	rs9268199	6	32278635	PASS
CAT-T2D	rs9268205	6	32279938	PASS
CAT-T2D	rs9268208	6	32280591	PASS
CAT-T2D	rs547261	6	32282033	PASS
CAT-T2D	rs2395141	6	32282068	PASS
CAT-T2D	rs6910071	6	32282854	PASS
CAT-T2D	rs9268219	6	32284108	PASS
CAT-T2D	rs543928	6	32285248	PASS
CAT-T2D	rs116667074	6	32285362	PASS
CAT-T2D	rs557539	6	32286680	PASS
CAT-T2D	rs560324	6	32286984	PASS
CAT-T2D	rs580921	6	32287496	PASS
CAT-T2D	rs9268230	6	32287567	PASS
CAT-T2D	rs575765	6	32288041	PASS
CAT-T2D	rs6920338	6	32288089	PASS
CAT-T2D	rs574710	6	32288190	PASS
CAT-T2D	rs539703	6	32288462	PASS
CAT-T2D	rs540639	6	32288564	PASS
CAT-T2D	rs542525	6	32288805	PASS
CAT-T2D	rs7751715	6	32288952	PASS
CAT-T2D	rs546857	6	32289240	PASS
CAT-T2D	rs547077	6	32289318	PASS
CAT-T2D	rs9268234	6	32289390	PASS
CAT-T2D	rs572730	6	32289764	PASS
CAT-T2D	rs9268235	6	32290208	PASS
CAT-T2D	rs487649	6	32290748	PASS
CAT-T2D	rs4279480	6	32290927	PASS
CAT-T2D	rs485774	6	32290954	PASS
CAT-T2D	rs4348357	6	32291359	PASS
CAT-T2D	rs742697	6	32291542	PASS
CAT-T2D	rs523627	6	32291837	PASS
CAT-T2D	rs525607	6	32292084	PASS
CAT-T2D	rs552339	6	32292715	PASS
CAT-T2D	rs3132957	6	32292956	PASS
CAT-T2D	rs533885	6	32293152	PASS
CAT-T2D	rs510181	6	32293434	PASS
CAT-T2D	rs2077002	6	32293532	PASS
CAT-T2D	rs471964	6	32293671	PASS
CAT-T2D	rs3129905	6	32294563	PASS
CAT-T2D	rs501545	6	32294566	PASS
CAT-T2D	rs476885	6	32294712	PASS
CAT-T2D	rs504203	6	32294843	PASS
CAT-T2D	rs505274	6	32294992	PASS
CAT-T2D	rs508805	6	32295350	PASS
CAT-T2D	rs524578	6	32295357	PASS
CAT-T2D	rs4392743	6	32295652	PASS
CAT-T2D	rs6913605	6	32295694	PASS
CAT-T2D	rs6457542	6	32295828	PASS
CAT-T2D	rs7451330	6	32295965	PASS
CAT-T2D	rs6457543	6	32296029	PASS
CAT-T2D	rs6457544	6	32296057	PASS
CAT-T2D	rs7451361	6	32296117	PASS
CAT-T2D	rs12528615	6	32296316	PASS
CAT-T2D	rs10947252	6	32296375	PASS
CAT-T2D	rs9348880	6	32296780	PASS
CAT-T2D	rs9368711	6	32297156	PASS
CAT-T2D	rs9368712	6	32297328	PASS
CAT-T2D	rs9368713	6	32297337	PASS
CAT-T2D	rs9368714	6	32297341	PASS
CAT-T2D	rs9380289	6	32297417	PASS
CAT-T2D	rs9296021	6	32297690	PASS
CAT-T2D	rs3132958	6	32297901	PASS
CAT-T2D	rs3129947	6	32297906	PASS
CAT-T2D	rs9296022	6	32297955	PASS
CAT-T2D	rs9405090	6	32298372	PASS
CAT-T2D	rs9296023	6	32298648	PASS
CAT-T2D	rs3132959	6	32298942	PASS
CAT-T2D	rs742582	6	32299715	PASS
CAT-T2D	rs910052	6	32299873	PASS
CAT-T2D	rs761190	6	32300470	PASS
CAT-T2D	rs3129960	6	32300809	PASS
CAT-T2D	rs9394087	6	32300848	PASS
CAT-T2D	rs9366793	6	32301289	PASS
CAT-T2D	rs9348882	6	32301322	PASS
CAT-T2D	rs9357140	6	32301514	PASS
CAT-T2D	rs1474729	6	32302045	PASS
CAT-T2D	rs1474728	6	32302067	PASS
CAT-T2D	rs1265757	6	32302382	PASS
CAT-T2D	rs9405091	6	32302539	PASS
CAT-T2D	rs9378257	6	32302541	PASS
CAT-T2D	rs9405092	6	32302728	PASS
CAT-T2D	rs9405093	6	32302741	PASS
CAT-T2D	rs9378258	6	32302757	PASS
CAT-T2D	rs10807100	6	32303068	PASS
CAT-T2D	rs6929776	6	32303511	PASS
CAT-T2D	rs28361060	6	32303848	PASS
CAT-T2D	rs6930681	6	32304031	PASS
CAT-T2D	rs973037	6	32305125	PASS
CAT-T2D	rs2022535	6	32305142	PASS
CAT-T2D	rs926594	6	32305370	PASS
CAT-T2D	rs926593	6	32305544	PASS
CAT-T2D	rs926591	6	32305690	PASS
CAT-T2D	rs3129900	6	32305979	PASS
CAT-T2D	rs9368715	6	32306022	PASS
CAT-T2D	rs9368716	6	32306090	PASS
CAT-T2D	rs3817982	6	32306262	PASS
CAT-T2D	rs3117138	6	32306970	PASS
CAT-T2D	rs2022534	6	32307137	PASS
CAT-T2D	rs2022533	6	32307260	PASS
CAT-T2D	rs1033500	6	32307382	PASS
CAT-T2D	rs3132944	6	32307446	PASS
CAT-T2D	rs1033498	6	32307869	PASS
CAT-T2D	rs1033497	6	32308062	PASS
CAT-T2D	rs2395144	6	32308345	PASS
CAT-T2D	rs3132943	6	32308465	PASS
CAT-T2D	rs4469285	6	32308642	PASS
CAT-T2D	rs7453102	6	32308690	PASS
CAT-T2D	rs2179579	6	32308734	PASS
CAT-T2D	rs2179578	6	32308770	PASS
CAT-T2D	rs2022531	6	32309280	PASS
CAT-T2D	rs2143466	6	32309323	PASS
CAT-T2D	rs2143465	6	32309352	PASS
CAT-T2D	rs2143464	6	32309434	PASS
CAT-T2D	rs9268256	6	32309864	PASS
CAT-T2D	rs9268257	6	32310103	PASS
CAT-T2D	rs3129903	6	32310211	PASS
CAT-T2D	rs3129904	6	32310396	PASS
CAT-T2D	rs9268258	6	32310684	PASS
CAT-T2D	rs9268259	6	32310803	PASS
CAT-T2D	rs2849018	6	32310863	PASS
CAT-T2D	rs9268260	6	32310967	PASS
CAT-T2D	rs7383144	6	32312353	PASS
CAT-T2D	rs9268268	6	32312610	PASS
CAT-T2D	rs1555116	6	32312740	PASS
CAT-T2D	rs4576282	6	32312796	PASS
CAT-T2D	rs9268271	6	32312883	PASS
CAT-T2D	rs4959093	6	32313097	PASS
CAT-T2D	rs4959094	6	32313136	PASS
CAT-T2D	rs4959025	6	32313143	PASS
CAT-T2D	rs4959026	6	32313461	PASS
CAT-T2D	rs3117132	6	32314483	PASS
CAT-T2D	rs4959096	6	32314676	PASS
CAT-T2D	rs3132964	6	32314738	PASS
CAT-T2D	rs3117129	6	32315101	PASS
CAT-T2D	rs9268283	6	32315173	PASS
CAT-T2D	rs9268284	6	32315216	PASS
CAT-T2D	rs3117128	6	32315500	PASS
CAT-T2D	rs3117127	6	32315507	PASS
CAT-T2D	rs910051	6	32315511	PASS
CAT-T2D	rs9268285	6	32315557	PASS
CAT-T2D	rs910049	6	32315727	PASS
CAT-T2D	rs3117126	6	32315975	PASS
CAT-T2D	rs3117125	6	32316016	PASS
CAT-T2D	rs3117123	6	32316389	PASS
CAT-T2D	rs2076542	6	32317127	PASS
CAT-T2D	rs2076541	6	32317215	PASS
CAT-T2D	rs2076540	6	32317276	PASS
CAT-T2D	rs2076538	6	32317471	PASS
CAT-T2D	rs761187	6	32318036	PASS
CAT-T2D	rs3117119	6	32318610	PASS
CAT-T2D	rs2143463	6	32318729	PASS
CAT-T2D	rs3117118	6	32319387	PASS
CAT-T2D	rs9268301	6	32319637	PASS
CAT-T2D	rs3132963	6	32320153	PASS
CAT-T2D	rs1265762	6	32321115	PASS
CAT-T2D	rs3117117	6	32321272	PASS
CAT-T2D	rs1265760	6	32321872	PASS
CAT-T2D	rs1265759	6	32322393	PASS
CAT-T2D	rs3132962	6	32322433	PASS
CAT-T2D	rs3129906	6	32322470	PASS
CAT-T2D	rs1265758	6	32323529	PASS
CAT-T2D	rs3129907	6	32323745	PASS
CAT-T2D	rs3117115	6	32324055	PASS
CAT-T2D	rs3117114	6	32324520	PASS
CAT-T2D	rs3117113	6	32325292	PASS
CAT-T2D	rs2395149	6	32325562	PASS
CAT-T2D	rs3129908	6	32325707	PASS
CAT-T2D	rs3129909	6	32325710	PASS
CAT-T2D	rs2894249	6	32325835	PASS
CAT-T2D	rs2395150	6	32326045	PASS
CAT-T2D	rs6457548	6	32326240	PASS
CAT-T2D	rs9268305	6	32326246	PASS
CAT-T2D	rs9268307	6	32326531	PASS
CAT-T2D	rs7775581	6	32326653	PASS
CAT-T2D	rs9268310	6	32326921	PASS
CAT-T2D	rs6904608	6	32327727	PASS
CAT-T2D	rs6904636	6	32327781	PASS
CAT-T2D	rs3129910	6	32328296	PASS
CAT-T2D	rs3129911	6	32328403	PASS
CAT-T2D	rs7775978	6	32328895	PASS
CAT-T2D	rs9268321	6	32329598	PASS
CAT-T2D	rs7763071	6	32329644	PASS
CAT-T2D	rs9268326	6	32330153	PASS
CAT-T2D	rs3129912	6	32330477	PASS
CAT-T2D	rs9268333	6	32330651	PASS
CAT-T2D	rs2223637	6	32330768	PASS
CAT-T2D	rs6415128	6	32330894	PASS
CAT-T2D	rs2894250	6	32331002	PASS
CAT-T2D	rs6934200	6	32331069	PASS
CAT-T2D	rs9268343	6	32331824	PASS
CAT-T2D	rs9268344	6	32331837	PASS
CAT-T2D	rs9268345	6	32331841	PASS
CAT-T2D	rs3129918	6	32332790	PASS
CAT-T2D	rs3129921	6	32333093	PASS
CAT-T2D	rs3129922	6	32333098	PASS
CAT-T2D	rs3129923	6	32333195	PASS
CAT-T2D	rs9268362	6	32333341	PASS
CAT-T2D	rs9268363	6	32333410	PASS
CAT-T2D	rs9268368	6	32333955	PASS
CAT-T2D	rs3129928	6	32334241	PASS
CAT-T2D	rs9268370	6	32334258	PASS
CAT-T2D	rs3129929	6	32334404	PASS
CAT-T2D	rs3129931	6	32335516	PASS
CAT-T2D	rs2073046	6	32336074	PASS
CAT-T2D	rs3129934	6	32336187	PASS
CAT-T2D	rs3129936	6	32336211	PASS
CAT-T2D	rs9268384	6	32336586	PASS
CAT-T2D	rs9268387	6	32337367	PASS
CAT-T2D	rs3129940	6	32337397	PASS
CAT-T2D	rs2273017	6	32337630	PASS
CAT-T2D	rs3129941	6	32337686	PASS
CAT-T2D	rs3117111	6	32338400	PASS
CAT-T2D	rs2073044	6	32338986	PASS
CAT-T2D	rs2076536	6	32339348	PASS
CAT-T2D	rs2073045	6	32339548	PASS
CAT-T2D	rs2050188	6	32339897	PASS
CAT-T2D	rs1967688	6	32340068	PASS
CAT-T2D	rs1980496	6	32340070	PASS
CAT-T2D	rs9268400	6	32340654	PASS
CAT-T2D	rs3117109	6	32340871	PASS
CAT-T2D	rs9268401	6	32341318	PASS
CAT-T2D	rs9268403	6	32341473	PASS
CAT-T2D	rs9268404	6	32341719	PASS
CAT-T2D	rs9268405	6	32342087	PASS
CAT-T2D	rs9268406	6	32342129	PASS
CAT-T2D	rs9268407	6	32342166	PASS
CAT-T2D	rs9268409	6	32342639	PASS
CAT-T2D	rs9268413	6	32343095	PASS
CAT-T2D	rs9268414	6	32343096	PASS
CAT-T2D	rs2894251	6	32343236	PASS
CAT-T2D	rs2395151	6	32343339	PASS
CAT-T2D	rs9268416	6	32343384	PASS
CAT-T2D	rs9268417	6	32343616	PASS
CAT-T2D	rs9268418	6	32343686	PASS
CAT-T2D	rs3117105	6	32343714	PASS
CAT-T2D	rs9268420	6	32343796	PASS
CAT-T2D	rs9268421	6	32343869	PASS
CAT-T2D	rs9268422	6	32343873	PASS
CAT-T2D	rs9268423	6	32343882	PASS
CAT-T2D	rs9268424	6	32343985	PASS
CAT-T2D	rs9268425	6	32344376	PASS
CAT-T2D	rs9268426	6	32344731	PASS
CAT-T2D	rs9268427	6	32344808	PASS
CAT-T2D	rs9268428	6	32344973	PASS
CAT-T2D	rs9268429	6	32345052	PASS
CAT-T2D	rs2894252	6	32345443	PASS
CAT-T2D	rs9268431	6	32345514	PASS
CAT-T2D	rs9268432	6	32345667	PASS
CAT-T2D	rs2894254	6	32345689	PASS
CAT-T2D	rs9268433	6	32345891	PASS
CAT-T2D	rs9268435	6	32346491	PASS
CAT-T2D	rs9268436	6	32346637	PASS
CAT-T2D	rs9268439	6	32346701	PASS
CAT-T2D	rs3129946	6	32346772	PASS
CAT-T2D	rs1980495	6	32346794	PASS
CAT-T2D	rs8180659	6	32347280	PASS
CAT-T2D	rs8180664	6	32347490	PASS
CAT-T2D	rs8180673	6	32347532	PASS
CAT-T2D	rs8180672	6	32347533	PASS
CAT-T2D	rs9268446	6	32347749	PASS
CAT-T2D	rs9268447	6	32347831	PASS
CAT-T2D	rs2395155	6	32347897	PASS
CAT-T2D	rs2395156	6	32348098	PASS
CAT-T2D	rs2395157	6	32348145	PASS
CAT-T2D	rs9268449	6	32348467	PASS
CAT-T2D	rs9268450	6	32348690	PASS
CAT-T2D	rs9268451	6	32349086	PASS
CAT-T2D	rs9268452	6	32349494	PASS
CAT-T2D	rs9268453	6	32349571	PASS
CAT-T2D	rs9268454	6	32349711	PASS
CAT-T2D	rs9268455	6	32349772	PASS
CAT-T2D	rs9268456	6	32349946	PASS
CAT-T2D	rs9268457	6	32350036	PASS
CAT-T2D	rs3117102	6	32350107	PASS
CAT-T2D	rs9268458	6	32350384	PASS
CAT-T2D	rs9268459	6	32350776	PASS
CAT-T2D	rs9268461	6	32351901	PASS
CAT-T2D	rs9268462	6	32351991	PASS
CAT-T2D	rs3129948	6	32354644	PASS
CAT-T2D	rs9268474	6	32357165	PASS
CAT-T2D	rs9268475	6	32358231	PASS
CAT-T2D	rs3129951	6	32358286	PASS
CAT-T2D	rs3117098	6	32358513	PASS
CAT-T2D	rs9268477	6	32359121	PASS
CAT-T2D	rs2076534	6	32362416	PASS
CAT-T2D	rs9268480	6	32363844	PASS
CAT-T2D	rs9268481	6	32364356	PASS
CAT-T2D	rs3117139	6	32364667	PASS
CAT-T2D	rs3129954	6	32365580	PASS
CAT-T2D	rs3129955	6	32365840	PASS
CAT-T2D	rs3117116	6	32367017	PASS
CAT-T2D	rs2294880	6	32367722	PASS
CAT-T2D	rs3817966	6	32367847	PASS
CAT-T2D	rs3817963	6	32368087	PASS
CAT-T2D	rs3817962	6	32368314	PASS
CAT-T2D	rs3129956	6	32368462	PASS
CAT-T2D	rs2076525	6	32370616	PASS
CAT-T2D	rs2076524	6	32370684	PASS
CAT-T2D	rs2076523	6	32370835	PASS
CAT-T2D	rs2076520	6	32371269	PASS
CAT-T2D	rs3793126	6	32371619	PASS
CAT-T2D	rs3793127	6	32371915	PASS
CAT-T2D	rs3806156	6	32373698	PASS
CAT-T2D	rs3806157	6	32373801	PASS
CAT-T2D	rs9268493	6	32375330	PASS
CAT-T2D	rs9268494	6	32375352	PASS
CAT-T2D	rs9268496	6	32375374	PASS
CAT-T2D	rs9268497	6	32375424	PASS
CAT-T2D	rs9268499	6	32375695	PASS
CAT-T2D	rs6926737	6	32375745	PASS
CAT-T2D	rs3763309	6	32375973	PASS
CAT-T2D	rs3763311	6	32376176	PASS
CAT-T2D	rs3763312	6	32376348	PASS
CAT-T2D	rs3763314	6	32376618	PASS
CAT-T2D	rs3763316	6	32376746	PASS
CAT-T2D	rs3763317	6	32376788	PASS
CAT-T2D	rs9268502	6	32376932	PASS
CAT-T2D	rs9268503	6	32377061	PASS
CAT-T2D	rs9268506	6	32377470	PASS
CAT-T2D	rs9268507	6	32377539	PASS
CAT-T2D	rs9268513	6	32378787	PASS
CAT-T2D	rs5007266	6	32378834	PASS
CAT-T2D	rs5007265	6	32378866	PASS
CAT-T2D	rs5007264	6	32378877	PASS
CAT-T2D	rs3129961	6	32378940	PASS
CAT-T2D	rs5007263	6	32378982	PASS
CAT-T2D	rs5007262	6	32379011	PASS
CAT-T2D	rs5007261	6	32379031	PASS
CAT-T2D	rs5007260	6	32379047	PASS
CAT-T2D	rs5007259	6	32379101	PASS
CAT-T2D	rs5007258	6	32379239	PASS
CAT-T2D	rs6906730	6	32379445	PASS
CAT-T2D	rs9268516	6	32379489	PASS
CAT-T2D	rs6911383	6	32379682	PASS
CAT-T2D	rs6932810	6	32380190	PASS
CAT-T2D	rs6932542	6	32380262	PASS
CAT-T2D	rs968155	6	32380715	PASS
CAT-T2D	rs968154	6	32380785	PASS
CAT-T2D	rs9268518	6	32380818	PASS
CAT-T2D	rs9268519	6	32380826	PASS
CAT-T2D	rs9268520	6	32380860	PASS
CAT-T2D	rs4959027	6	32383050	PASS
CAT-T2D	rs9268528	6	32383108	PASS
CAT-T2D	rs4959098	6	32383256	PASS
CAT-T2D	rs9268542	6	32384721	PASS
CAT-T2D	rs3135377	6	32385399	PASS
CAT-T2D	rs9268544	6	32385453	PASS
CAT-T2D	rs9268545	6	32385750	PASS
CAT-T2D	rs4412247	6	32386471	PASS
CAT-T2D	rs4355646	6	32386554	PASS
CAT-T2D	rs4335021	6	32386619	PASS
CAT-T2D	rs9268556	6	32386964	PASS
CAT-T2D	rs2395160	6	32387432	PASS
CAT-T2D	rs2395163	6	32387809	PASS
CAT-T2D	rs2395165	6	32388144	PASS
CAT-T2D	rs2395166	6	32388275	PASS
CAT-T2D	rs2213581	6	32388546	PASS
CAT-T2D	rs3135365	6	32389255	PASS
CAT-T2D	rs4496841	6	32389997	PASS
CAT-T2D	rs3135359	6	32390578	PASS
CAT-T2D	rs9268568	6	32390904	PASS
CAT-T2D	rs2157332	6	32392661	PASS
CAT-T2D	rs3135352	6	32392906	PASS
CAT-T2D	rs3135350	6	32392981	PASS
CAT-T2D	rs3135344	6	32395036	PASS
CAT-T2D	rs2187818	6	32395568	PASS
CAT-T2D	rs3129843	6	32395726	PASS
CAT-T2D	rs9268578	6	32396057	PASS
CAT-T2D	rs9268579	6	32396450	PASS
CAT-T2D	rs9268581	6	32396930	PASS
CAT-T2D	rs9268582	6	32396964	PASS
CAT-T2D	rs9268583	6	32397266	PASS
CAT-T2D	rs3129849	6	32397309	PASS
CAT-T2D	rs9268585	6	32397403	PASS
CAT-T2D	rs3129852	6	32397784	PASS
CAT-T2D	rs9268589	6	32398202	PASS
CAT-T2D	rs7774047	6	32398563	PASS
CAT-T2D	rs3135341	6	32398748	PASS
CAT-T2D	rs4348358	6	32399092	PASS
CAT-T2D	rs4504509	6	32399159	PASS
CAT-T2D	rs4321864	6	32399187	PASS
CAT-T2D	rs3129856	6	32399337	PASS
CAT-T2D	rs9268605	6	32399833	PASS
CAT-T2D	rs9268606	6	32400070	PASS
CAT-T2D	rs984778	6	32400088	PASS
CAT-T2D	rs9268607	6	32400538	PASS
CAT-T2D	rs9268608	6	32400865	PASS
CAT-T2D	rs3129860	6	32401079	PASS
CAT-T2D	rs3135338	6	32401217	PASS
CAT-T2D	rs9268609	6	32401261	PASS
CAT-T2D	rs9268610	6	32401263	PASS
CAT-T2D	rs3135336	6	32401829	PASS
CAT-T2D	rs1987305	6	32401996	PASS
CAT-T2D	rs960736	6	32402225	PASS
CAT-T2D	rs7753264	6	32402440	PASS
CAT-T2D	rs7773756	6	32402464	PASS
CAT-T2D	rs3135334	6	32402686	PASS
CAT-T2D	rs9268613	6	32402692	PASS
CAT-T2D	rs9268614	6	32402778	PASS
CAT-T2D	rs9268615	6	32402889	PASS
CAT-T2D	rs4612206	6	32404093	PASS
CAT-T2D	rs3129868	6	32404377	PASS
CAT-T2D	rs2395173	6	32404859	PASS
CAT-T2D	rs2395175	6	32405026	PASS
CAT-T2D	rs3135395	6	32405192	PASS
CAT-T2D	rs3129869	6	32405671	PASS
CAT-T2D	rs9268627	6	32405821	PASS
CAT-T2D	rs3129871	6	32406342	PASS
CAT-T2D	rs9268633	6	32406473	PASS
CAT-T2D	rs9268634	6	32406530	PASS
CAT-T2D	rs9268635	6	32406579	PASS
CAT-T2D	rs3763321	6	32406704	PASS
CAT-T2D	rs14004	6	32407709	PASS
CAT-T2D	rs3135394	6	32408497	PASS
CAT-T2D	rs3129880	6	32408917	PASS
CAT-T2D	rs9268652	6	32409056	PASS
CAT-T2D	rs9268653	6	32409058	PASS
CAT-T2D	rs6926374	6	32409305	PASS
CAT-T2D	rs3129882	6	32409530	PASS
CAT-T2D	rs9268657	6	32409656	PASS
CAT-T2D	rs6931646	6	32409781	PASS
CAT-T2D	rs6911419	6	32409787	PASS
CAT-T2D	rs3129883	6	32410137	PASS
CAT-T2D	rs3129886	6	32410576	PASS
CAT-T2D	rs9268658	6	32410716	PASS
CAT-T2D	rs3135391	6	32410987	PASS
CAT-T2D	rs2239804	6	32411523	PASS
CAT-T2D	rs3129888	6	32411726	PASS
CAT-T2D	rs2239803	6	32411833	PASS
CAT-T2D	rs7197	6	32412580	PASS
CAT-T2D	rs3135388	6	32413051	PASS
CAT-T2D	rs2395182	6	32413317	PASS
CAT-T2D	rs3129889	6	32413545	PASS
CAT-T2D	rs7382085	6	32414420	PASS
CAT-T2D	rs9268673	6	32414433	PASS
CAT-T2D	rs7382354	6	32414639	PASS
CAT-T2D	rs3135387	6	32415109	PASS
CAT-T2D	rs9268681	6	32415386	PASS
CAT-T2D	rs9268682	6	32415422	PASS
CAT-T2D	rs9268684	6	32415457	PASS
CAT-T2D	rs9268687	6	32415540	PASS
CAT-T2D	rs2894256	6	32415585	PASS
CAT-T2D	rs3135385	6	32416366	PASS
CAT-T2D	rs9268759	6	32417704	PASS
CAT-T2D	rs9268763	6	32418416	PASS
CAT-T2D	rs9268764	6	32418561	PASS
CAT-T2D	rs9268767	6	32419022	PASS
CAT-T2D	rs9268768	6	32419291	PASS
CAT-T2D	rs6912728	6	32419547	PASS
CAT-T2D	rs6457588	6	32419908	PASS
CAT-T2D	rs9268792	6	32421154	PASS
CAT-T2D	rs3129895	6	32421227	PASS
CAT-T2D	rs9268798	6	32421735	PASS
CAT-T2D	rs3129898	6	32422125	PASS
CAT-T2D	rs2097441	6	32422259	PASS
CAT-T2D	rs9268808	6	32424176	PASS
CAT-T2D	rs9268809	6	32424265	PASS
CAT-T2D	rs9268810	6	32424296	PASS
CAT-T2D	rs9268811	6	32424370	PASS
CAT-T2D	rs9268813	6	32424594	PASS
CAT-T2D	rs7763411	6	32424992	PASS
CAT-T2D	rs7743662	6	32425049	PASS
CAT-T2D	rs7748310	6	32425605	PASS
CAT-T2D	rs7748085	6	32425742	PASS
CAT-T2D	rs6457592	6	32425983	PASS
CAT-T2D	rs9268828	6	32426540	PASS
CAT-T2D	rs9268829	6	32426602	PASS
CAT-T2D	rs9268831	6	32427748	PASS
CAT-T2D	rs9268833	6	32428062	PASS
CAT-T2D	rs9268834	6	32428079	PASS
CAT-T2D	rs9268835	6	32428115	PASS
CAT-T2D	rs6903608	6	32428285	PASS
CAT-T2D	rs9268838	6	32428715	PASS
CAT-T2D	rs9268839	6	32428772	PASS
CAT-T2D	rs6919855	6	32429011	PASS
CAT-T2D	rs9268848	6	32429303	PASS
CAT-T2D	rs9268849	6	32429327	PASS
CAT-T2D	rs9268851	6	32429582	PASS
CAT-T2D	rs9268852	6	32429594	PASS
CAT-T2D	rs9268853	6	32429643	PASS
CAT-T2D	rs9268858	6	32429758	PASS
CAT-T2D	rs9268863	6	32430289	PASS
CAT-T2D	rs7747529	6	32431124	PASS
CAT-T2D	rs9268877	6	32431147	PASS
CAT-T2D	rs9268880	6	32431358	PASS
CAT-T2D	rs9268882	6	32431623	PASS
CAT-T2D	rs9268888	6	32431867	PASS
CAT-T2D	rs9268893	6	32431927	PASS
CAT-T2D	rs9268906	6	32432181	PASS
CAT-T2D	rs9268912	6	32432509	PASS
CAT-T2D	rs9268914	6	32432556	PASS
CAT-T2D	rs9268923	6	32432835	PASS
CAT-T2D	rs9268925	6	32432969	PASS
CAT-T2D	rs9268926	6	32433067	PASS
CAT-T2D	rs2395185	6	32433167	PASS
CAT-T2D	rs9268965	6	32434240	PASS
CAT-T2D	rs9268969	6	32434349	PASS
CAT-T2D	rs9268970	6	32434361	PASS
CAT-T2D	rs9268978	6	32434978	PASS
CAT-T2D	rs9268979	6	32435044	PASS
CAT-T2D	rs9380306	6	32438298	PASS
CAT-T2D	rs9368726	6	32438542	PASS
CAT-T2D	rs9405108	6	32438648	PASS
CAT-T2D	rs9391877	6	32438867	PASS
CAT-T2D	rs7452864	6	32439077	PASS
CAT-T2D	rs9286790	6	32439828	PASS
CAT-T2D	rs5026743	6	32439964	PASS
CAT-T2D	rs9348886	6	32441008	PASS
CAT-T2D	rs9269081	6	32441100	PASS
CAT-T2D	rs12215261	6	32441150	PASS
CAT-T2D	rs13211921	6	32442836	PASS
CAT-T2D	rs9391879	6	32443172	PASS
CAT-T2D	rs9269110	6	32443269	PASS
CAT-T2D	rs9378264	6	32443451	PASS
CAT-T2D	rs12194148	6	32444198	PASS
CAT-T2D	rs12207473	6	32444330	PASS
CAT-T2D	rs6457598	6	32444475	PASS
CAT-T2D	rs9269135	6	32445030	PASS
CAT-T2D	rs28895255	6	32445079	PASS
CAT-T2D	rs9405112	6	32445600	PASS
CAT-T2D	rs17209887	6	32446051	PASS
CAT-T2D	rs17203563	6	32446459	PASS
CAT-T2D	rs17203619	6	32446922	PASS
CAT-T2D	rs77122291	6	32559019	PASS
CAT-T2D	rs114335056	6	32559191	PASS
CAT-T2D	rs9270505	6	32559216	PASS
CAT-T2D	rs9270539	6	32559764	PASS
CAT-T2D	rs28366267	6	32559781	PASS
CAT-T2D	rs28366284	6	32560327	PASS
CAT-T2D	rs9270551	6	32560501	PASS
CAT-T2D	rs2760976	6	32560839	PASS
CAT-T2D	rs28366298	6	32560859	PASS
CAT-T2D	rs28366300	6	32560875	PASS
CAT-T2D	rs28366312	6	32561175	PASS
CAT-T2D	rs28366313	6	32561186	PASS
CAT-T2D	rs28366314	6	32561201	PASS
CAT-T2D	rs28366315	6	32561207	PASS
CAT-T2D	rs9270584	6	32561277	PASS
CAT-T2D	rs9270587	6	32561305	PASS
CAT-T2D	rs34350244	6	32561465	PASS
CAT-T2D	rs35294087	6	32561466	PASS
CAT-T2D	rs28366319	6	32561495	PASS
CAT-T2D	rs34553045	6	32561565	PASS
CAT-T2D	rs35371668	6	32561638	PASS
CAT-T2D	rs9270599	6	32561656	PASS
CAT-T2D	rs34647096	6	32561681	PASS
CAT-T2D	rs28366328	6	32561766	PASS
CAT-T2D	rs9270622	6	32565329	PASS
CAT-T2D	rs9270650	6	32565854	PASS
CAT-T2D	rs9270656	6	32566011	PASS
CAT-T2D	rs9270664	6	32566149	PASS
CAT-T2D	rs35117964	6	32568146	PASS
CAT-T2D	rs9270809	6	32569608	PASS
CAT-T2D	rs477515	6	32569691	PASS
CAT-T2D	rs9270813	6	32569790	PASS
CAT-T2D	rs9270816	6	32569879	PASS
CAT-T2D	rs9270817	6	32569911	PASS
CAT-T2D	rs9270824	6	32570055	PASS
CAT-T2D	rs2516051	6	32570184	PASS
CAT-T2D	rs34039593	6	32570311	PASS
CAT-T2D	rs9270836	6	32570325	PASS
CAT-T2D	rs9270839	6	32570375	PASS
CAT-T2D	rs2516049	6	32570400	PASS
CAT-T2D	rs2454138	6	32570401	PASS
CAT-T2D	rs9270842	6	32570461	PASS
CAT-T2D	rs9270844	6	32570550	PASS
CAT-T2D	rs9270845	6	32570571	PASS
CAT-T2D	rs9270847	6	32570602	PASS
CAT-T2D	rs9270848	6	32570609	PASS
CAT-T2D	rs9270850	6	32570717	PASS
CAT-T2D	rs9270852	6	32570797	PASS
CAT-T2D	rs9270856	6	32570839	PASS
CAT-T2D	rs556025	6	32570880	PASS
CAT-T2D	rs9270859	6	32570894	PASS
CAT-T2D	rs9270866	6	32571043	PASS
CAT-T2D	rs2647066	6	32571122	PASS
CAT-T2D	rs9270874	6	32571227	PASS
CAT-T2D	rs9270902	6	32571962	PASS
CAT-T2D	rs585305	6	32572048	PASS
CAT-T2D	rs9270907	6	32572082	PASS
CAT-T2D	rs585669	6	32572113	PASS
CAT-T2D	rs9270908	6	32572148	PASS
CAT-T2D	rs9270911	6	32572202	PASS
CAT-T2D	rs586610	6	32572311	PASS
CAT-T2D	rs9270921	6	32572326	PASS
CAT-T2D	rs9270922	6	32572388	PASS
CAT-T2D	rs9270928	6	32572461	PASS
CAT-T2D	rs9270935	6	32572701	PASS
CAT-T2D	rs9270937	6	32572757	PASS
CAT-T2D	rs9270970	6	32573574	PASS
CAT-T2D	rs9270971	6	32573598	PASS
CAT-T2D	rs9270977	6	32573748	PASS
CAT-T2D	rs9270979	6	32573780	PASS
CAT-T2D	rs9270985	6	32574027	PASS
CAT-T2D	rs9270986	6	32574060	PASS
CAT-T2D	rs9270988	6	32574130	PASS
CAT-T2D	rs2760994	6	32574308	PASS
CAT-T2D	rs9270999	6	32574438	PASS
CAT-T2D	rs617578	6	32574603	PASS
CAT-T2D	rs9271055	6	32575369	PASS
CAT-T2D	rs9271066	6	32575631	PASS
CAT-T2D	rs9271069	6	32575700	PASS
CAT-T2D	rs9271073	6	32575803	PASS
CAT-T2D	rs9271076	6	32575873	PASS
CAT-T2D	rs9271078	6	32575930	PASS
CAT-T2D	rs9271082	6	32576086	PASS
CAT-T2D	rs9271089	6	32576177	PASS
CAT-T2D	rs9271090	6	32576247	PASS
CAT-T2D	rs9271092	6	32576296	PASS
CAT-T2D	rs9271096	6	32576426	PASS
CAT-T2D	rs9271100	6	32576478	PASS
CAT-T2D	rs9271101	6	32576493	PASS
CAT-T2D	rs646984	6	32576592	PASS
CAT-T2D	rs647035	6	32576626	PASS
CAT-T2D	rs9271108	6	32576633	PASS
CAT-T2D	rs9271116	6	32576764	PASS
CAT-T2D	rs9271144	6	32577220	PASS
CAT-T2D	rs9271146	6	32577282	PASS
CAT-T2D	rs660895	6	32577380	PASS
CAT-T2D	rs9271147	6	32577385	PASS
CAT-T2D	rs661330	6	32577472	PASS
CAT-T2D	rs536810	6	32577497	PASS
CAT-T2D	rs9271152	6	32577531	PASS
CAT-T2D	rs9271155	6	32577586	PASS
CAT-T2D	rs9271162	6	32577715	PASS
CAT-T2D	rs9271163	6	32577733	PASS
CAT-T2D	rs9271164	6	32577784	PASS
CAT-T2D	rs9271165	6	32577785	PASS
CAT-T2D	rs9271170	6	32577889	PASS
CAT-T2D	rs9271172	6	32577975	PASS
CAT-T2D	rs9271173	6	32577981	PASS
CAT-T2D	rs532098	6	32578052	PASS
CAT-T2D	rs9271176	6	32578127	PASS
CAT-T2D	rs9271178	6	32578191	PASS
CAT-T2D	rs9271182	6	32578230	PASS
CAT-T2D	rs9271191	6	32578449	PASS
CAT-T2D	rs5021726	6	32578481	PASS
CAT-T2D	rs9271192	6	32578530	PASS
CAT-T2D	rs9271193	6	32578566	PASS
CAT-T2D	rs3997868	6	32578590	PASS
CAT-T2D	rs9271194	6	32578612	PASS
CAT-T2D	rs9271198	6	32578726	PASS
CAT-T2D	rs9271200	6	32578756	PASS
CAT-T2D	rs9271201	6	32578818	PASS
CAT-T2D	rs9271202	6	32578837	PASS
CAT-T2D	rs9271203	6	32578885	PASS
CAT-T2D	rs9271205	6	32578941	PASS
CAT-T2D	rs502803	6	32578958	PASS
CAT-T2D	rs13207945	6	32579708	PASS
CAT-T2D	rs9271242	6	32579940	PASS
CAT-T2D	rs9271246	6	32580084	PASS
CAT-T2D	rs9271247	6	32580112	PASS
CAT-T2D	rs3104419	6	32580136	PASS
CAT-T2D	rs2858861	6	32580331	PASS
CAT-T2D	rs9271255	6	32580357	PASS
CAT-T2D	rs9271256	6	32580411	PASS
CAT-T2D	rs3997871	6	32580456	PASS
CAT-T2D	rs9271260	6	32580507	PASS
CAT-T2D	rs2395515	6	32580637	PASS
CAT-T2D	rs2395516	6	32580657	PASS
CAT-T2D	rs3997873	6	32580723	PASS
CAT-T2D	rs3997874	6	32580741	PASS
CAT-T2D	rs3129749	6	32581333	PASS
CAT-T2D	rs3129750	6	32581515	PASS
CAT-T2D	rs522308	6	32581922	PASS
CAT-T2D	rs521539	6	32581973	PASS
CAT-T2D	rs3104415	6	32582577	PASS
CAT-T2D	rs34656207	6	32582601	PASS
CAT-T2D	rs3129754	6	32583046	PASS
CAT-T2D	rs4959106	6	32583159	PASS
CAT-T2D	rs34850435	6	32583299	PASS
CAT-T2D	rs6941972	6	32583529	PASS
CAT-T2D	rs9271347	6	32583543	PASS
CAT-T2D	rs36124427	6	32583677	PASS
CAT-T2D	rs9271348	6	32583742	PASS
CAT-T2D	rs1846190	6	32583813	PASS
CAT-T2D	rs1281935	6	32583820	PASS
CAT-T2D	rs9271353	6	32584014	PASS
CAT-T2D	rs9271354	6	32584066	PASS
CAT-T2D	rs34028938	6	32584346	PASS
CAT-T2D	rs3129757	6	32584609	PASS
CAT-T2D	rs3129758	6	32584625	PASS
CAT-T2D	rs685810	6	32584952	PASS
CAT-T2D	rs3104412	6	32585967	PASS
CAT-T2D	rs3135005	6	32586019	PASS
CAT-T2D	rs9271364	6	32586787	PASS
CAT-T2D	rs9271365	6	32586794	PASS
CAT-T2D	rs9271366	6	32586854	PASS
CAT-T2D	rs9271367	6	32586908	PASS
CAT-T2D	rs9271375	6	32587067	PASS
CAT-T2D	rs9271406	6	32587588	PASS
CAT-T2D	rs9271411	6	32587661	PASS
CAT-T2D	rs9271413	6	32587768	PASS
CAT-T2D	rs9271414	6	32587782	PASS
CAT-T2D	rs9271423	6	32587897	PASS
CAT-T2D	rs1281931	6	32587966	PASS
CAT-T2D	rs9271469	6	32588630	PASS
CAT-T2D	rs9271470	6	32588662	PASS
CAT-T2D	rs9271481	6	32588877	PASS
CAT-T2D	rs9271483	6	32588882	PASS
CAT-T2D	rs9271485	6	32588953	PASS
CAT-T2D	rs9271493	6	32589158	PASS
CAT-T2D	rs9271498	6	32589282	PASS
CAT-T2D	rs9271503	6	32589326	PASS
CAT-T2D	rs9271511	6	32589483	PASS
CAT-T2D	rs9271514	6	32589613	PASS
CAT-T2D	rs9271515	6	32589645	PASS
CAT-T2D	rs9271520	6	32589771	PASS
CAT-T2D	rs9271544	6	32590120	PASS
CAT-T2D	rs9271549	6	32590248	PASS
CAT-T2D	rs9271563	6	32590428	PASS
CAT-T2D	rs9271574	6	32590590	PASS
CAT-T2D	rs9271576	6	32590612	PASS
CAT-T2D	rs9271584	6	32590870	PASS
CAT-T2D	rs9271585	6	32590879	PASS
CAT-T2D	rs9271586	6	32590899	PASS
CAT-T2D	rs9271588	6	32590953	PASS
CAT-T2D	rs9271589	6	32591128	PASS
CAT-T2D	rs9271592	6	32591173	PASS
CAT-T2D	rs9271605	6	32591448	PASS
CAT-T2D	rs9271607	6	32591566	PASS
CAT-T2D	rs4959030	6	32591751	PASS
CAT-T2D	rs9271640	6	32592200	PASS
CAT-T2D	rs9271641	6	32592209	PASS
CAT-T2D	rs9271676	6	32592868	PASS
CAT-T2D	rs9271687	6	32592985	PASS
CAT-T2D	rs9271693	6	32593033	PASS
CAT-T2D	rs9271695	6	32593080	PASS
CAT-T2D	rs9271769	6	32594217	PASS
CAT-T2D	rs9271770	6	32594248	PASS
CAT-T2D	rs9271771	6	32594274	PASS
CAT-T2D	rs9271775	6	32594328	PASS
CAT-T2D	rs9271776	6	32594341	PASS
CAT-T2D	rs3104391	6	32594901	PASS
CAT-T2D	rs3129768	6	32595083	PASS
CAT-T2D	rs3104389	6	32595097	PASS
CAT-T2D	rs9271853	6	32595117	PASS
CAT-T2D	rs3104376	6	32600003	PASS
CAT-T2D	rs3104373	6	32600375	PASS
CAT-T2D	rs9272131	6	32600671	PASS
CAT-T2D	rs2002779	6	32601684	PASS
CAT-T2D	rs3104369	6	32602482	PASS
CAT-T2D	rs9272293	6	32603742	PASS
CAT-T2D	rs3129774	6	32603825	PASS
CAT-T2D	rs9272319	6	32604108	PASS
CAT-T2D	rs7022359	9	119251502	PASS
CAT-T2D	rs2416560	9	119252207	PASS
CAT-T2D	rs1885234	9	119252277	PASS
CAT-T2D	rs11186687	10	93561823	PASS
CAT-T2D	rs11186694	10	93572984	PASS
CAT-T2D	rs6583788	10	93575862	PASS
CAT-T2D	rs11186699	10	93581197	PASS
CAT-T2D	rs12359353	10	93584079	PASS
CAT-T2D	rs7083959	10	93585997	PASS
CAT-T2D	rs1770474	10	93593527	PASS
CAT-T2D	rs2260773	10	93594861	PASS
CAT-T2D	rs2261035	10	93598931	PASS
CAT-T2D	rs2261029	10	93599145	PASS
CAT-T2D	rs1538831	10	93608035	PASS
CAT-T2D	rs2259659	10	93608703	PASS
CAT-T2D	rs1770469	10	93609692	PASS
CAT-T2D	rs1630388	10	93610771	PASS
CAT-T2D	rs2259287	10	93627471	PASS
CAT-T2D	rs10881986	10	93636830	PASS
CAT-T2D	rs7910742	10	93638175	PASS
CAT-T2D	rs7919191	10	93639552	PASS
CAT-T2D	rs7089122	10	93647412	PASS
CAT-T2D	rs7909492	10	93677823	PASS
CAT-T2D	rs34364047	10	93684947	PASS
CAT-T2D	rs12771773	10	93685434	PASS
CAT-T2D	rs4288679	10	93689503	PASS
CAT-T2D	rs12263532	10	93691456	PASS
CAT-T2D	rs12416560	10	93691840	PASS
CAT-T2D	rs10430650	10	93693019	PASS
CAT-T2D	rs7072906	10	93693203	PASS
CAT-T2D	rs11186755	10	93693305	PASS
CAT-T2D	rs72823185	10	93695310	PASS
CAT-T2D	rs12415793	10	93696575	PASS
CAT-T2D	rs11598436	10	93696986	PASS
CAT-T2D	rs10786025	10	93701341	PASS
CAT-T2D	rs3814640	10	93702405	PASS
CAT-T2D	rs3814639	10	93702443	PASS
CAT-T2D	rs12780724	10	93704183	PASS
CAT-T2D	rs4933703	10	93706983	PASS
CAT-T2D	rs4933705	10	93708749	PASS
CAT-T2D	rs4375360	10	93709793	PASS
CAT-T2D	rs12779538	10	93710834	PASS
CAT-T2D	rs7904126	10	93712199	PASS
CAT-T2D	rs12571564	10	93713405	PASS
CAT-T2D	rs11186768	10	93713758	PASS
CAT-T2D	rs12763600	10	93713807	PASS
CAT-T2D	rs12262352	10	93716591	PASS
CAT-T2D	rs4933706	10	93716784	PASS
CAT-T2D	rs72823191	10	93717189	PASS
CAT-T2D	rs12774665	10	93719087	PASS
CAT-T2D	rs11818046	10	93721008	PASS
CAT-T2D	rs4642987	10	93721025	PASS
CAT-T2D	rs12413858	10	93721643	PASS
CAT-T2D	rs1340421	10	93722199	PASS
CAT-T2D	rs12765070	10	93722751	PASS
CAT-T2D	rs11598321	10	93723463	PASS
CAT-T2D	rs4933707	10	93725957	PASS
CAT-T2D	rs4933224	10	93726090	PASS
CAT-T2D	rs12774295	10	93727581	PASS
CAT-T2D	rs10786027	10	93727616	PASS
CAT-T2D	rs7909870	10	93729335	PASS
CAT-T2D	rs2252204	10	93729998	PASS
CAT-T2D	rs2252200	10	93730058	PASS
CAT-T2D	rs2676824	10	93730592	PASS
CAT-T2D	rs2676823	10	93731391	PASS
CAT-T2D	rs2792018	10	93731477	PASS
CAT-T2D	rs2676822	10	93731617	PASS
CAT-T2D	rs11812701	10	93732286	PASS
CAT-T2D	rs2676821	10	93734355	PASS
CAT-T2D	rs2676819	10	93736307	PASS
CAT-T2D	rs2792022	10	93740429	PASS
CAT-T2D	rs7911552	10	93743454	PASS
CAT-T2D	rs11819184	10	93746420	PASS
CAT-T2D	rs2792025	10	93747112	PASS
CAT-T2D	rs72825305	10	93747839	PASS
CAT-T2D	rs72825306	10	93748263	PASS
CAT-T2D	rs2676806	10	93751259	PASS
CAT-T2D	rs11816821	10	93752313	PASS
CAT-T2D	rs833384	10	93754543	PASS
CAT-T2D	rs833383	10	93758689	PASS
CAT-T2D	rs2797639	10	93759517	PASS
CAT-T2D	rs2676804	10	93764481	PASS
CAT-T2D	rs2995545	10	93768362	PASS
CAT-T2D	rs7070076	10	93769499	PASS
CAT-T2D	rs2138701	10	93774951	PASS
CAT-T2D	rs72825315	10	93775768	PASS
CAT-T2D	rs45611639	10	93778332	PASS
CAT-T2D	rs833370	10	93779970	PASS
CAT-T2D	rs2421796	10	93781435	PASS
CAT-T2D	rs833368	10	93781926	PASS
CAT-T2D	rs833367	10	93782545	PASS
CAT-T2D	rs833366	10	93782660	PASS
CAT-T2D	rs2995546	10	93785285	PASS
CAT-T2D	rs1437	10	93790523	PASS
CAT-T2D	rs833373	10	93791232	PASS
CAT-T2D	rs833374	10	93791409	PASS
CAT-T2D	rs833375	10	93792067	PASS
CAT-T2D	rs1711858	10	93793409	PASS
CAT-T2D	rs7076665	10	93794423	PASS
CAT-T2D	rs855563	10	93794528	PASS
CAT-T2D	rs72825329	10	93795458	PASS
CAT-T2D	rs1711846	10	93795799	PASS
CAT-T2D	rs1776210	10	93795807	PASS
CAT-T2D	rs11818872	10	93798296	PASS
CAT-T2D	rs2676808	10	93798720	PASS
CAT-T2D	rs2676809	10	93798880	PASS
CAT-T2D	rs113917243	10	93801280	PASS
CAT-T2D	rs833378	10	93804974	PASS
CAT-T2D	rs1776209	10	93810872	PASS
CAT-T2D	rs10882019	10	93815988	PASS
CAT-T2D	rs1099379	10	93818504	PASS
CAT-T2D	rs2797645	10	93820337	PASS
CAT-T2D	rs833380	10	93822193	PASS
CAT-T2D	rs143539037	10	93827055	PASS
CAT-T2D	rs833386	10	93827436	PASS
CAT-T2D	rs1622656	10	93828501	PASS
CAT-T2D	rs11818152	10	93832353	PASS
CAT-T2D	rs7093436	10	93832935	PASS
CAT-T2D	rs7093730	10	93833232	PASS
CAT-T2D	rs6583801	10	93835656	PASS
CAT-T2D	rs833363	10	93836439	PASS
CAT-T2D	rs833365	10	93838245	PASS
CAT-T2D	rs1711849	10	93839685	PASS
CAT-T2D	rs7916626	10	93839952	PASS
CAT-T2D	rs1711850	10	93842826	PASS
CAT-T2D	rs12256118	10	93847722	PASS
CAT-T2D	rs7077333	10	93849332	PASS
CAT-T2D	rs1229578	10	93851714	PASS
CAT-T2D	rs701844	10	93854199	PASS
CAT-T2D	rs7900237	10	93864366	PASS
CAT-T2D	rs855710	10	93865543	PASS
CAT-T2D	rs11186825	10	93866686	PASS
CAT-T2D	rs701846	10	93871066	PASS
CAT-T2D	rs855708	10	93879078	PASS
CAT-T2D	rs4565820	10	93879729	PASS
CAT-T2D	rs855707	10	93881063	PASS
CAT-T2D	rs855703	10	93886954	PASS
CAT-T2D	rs855702	10	93888052	PASS
CAT-T2D	rs855698	10	93891737	PASS
CAT-T2D	rs72807234	10	93896342	PASS
CAT-T2D	rs9787645	10	93896595	PASS
CAT-T2D	rs855697	10	93898323	PASS
CAT-T2D	rs2767654	10	93908910	PASS
CAT-T2D	rs72807240	10	93918718	PASS
CAT-T2D	rs72807242	10	93919059	PASS
CAT-T2D	rs10786029	10	93919120	PASS
CAT-T2D	rs7078559	10	93924663	PASS
CAT-T2D	rs4642988	10	93927525	PASS
CAT-T2D	rs7087501	10	93930279	PASS
CAT-T2D	rs6583804	10	93935403	PASS
CAT-T2D	rs7071217	10	93939162	PASS
CAT-T2D	rs10882028	10	93943900	PASS
CAT-T2D	rs7094274	10	93945476	PASS
CAT-T2D	rs4933227	10	93951594	PASS
CAT-T2D	rs72807254	10	93955382	PASS
CAT-T2D	rs7071943	10	93956552	PASS
CAT-T2D	rs10786031	10	93974271	PASS
CAT-T2D	rs11818808	10	93981089	PASS
CAT-T2D	rs55732480	10	93989055	PASS
CAT-T2D	rs10786033	10	93992476	PASS
CAT-T2D	rs72807268	10	93995830	PASS
CAT-T2D	rs1971471	10	93996428	PASS
CAT-T2D	rs72807269	10	93996643	PASS
CAT-T2D	rs3824734	10	93999850	PASS
CAT-T2D	rs11186872	10	94008580	PASS
CAT-T2D	rs10882040	10	94011799	PASS
CAT-T2D	rs72807274	10	94014115	PASS
CAT-T2D	rs4933229	10	94017666	PASS
CAT-T2D	rs7908721	10	94021393	PASS
CAT-T2D	rs72807278	10	94026838	PASS
CAT-T2D	rs9804247	10	94027193	PASS
CAT-T2D	rs72807282	10	94034124	PASS
CAT-T2D	rs72807288	10	94042448	PASS
CAT-T2D	rs7098170	10	94046771	PASS
CAT-T2D	rs11186899	10	94053124	PASS
CAT-T2D	rs2771265	10	94055289	PASS
CAT-T2D	rs11186903	10	94055996	PASS
CAT-T2D	rs11186904	10	94056095	PASS
CAT-T2D	rs11186910	10	94060854	PASS
CAT-T2D	rs4933720	10	94061431	PASS
CAT-T2D	rs11186912	10	94062403	PASS
CAT-T2D	rs11186915	10	94062914	PASS
CAT-T2D	rs2771248	10	94064428	PASS
CAT-T2D	rs2253904	10	94065119	PASS
CAT-T2D	rs2771253	10	94068103	PASS
CAT-T2D	rs2798254	10	94070742	PASS
CAT-T2D	rs7094433	10	94074354	PASS
CAT-T2D	rs10748578	10	94076448	PASS
CAT-T2D	rs10786035	10	94076462	PASS
CAT-T2D	rs1812851	10	94077547	PASS
CAT-T2D	rs2245994	10	94085474	PASS
CAT-T2D	rs11186923	10	94089160	PASS
CAT-T2D	rs10748579	10	94090498	PASS
CAT-T2D	rs913649	10	94091067	PASS
CAT-T2D	rs4999831	10	94091864	PASS
CAT-T2D	rs2488793	10	94092719	PASS
CAT-T2D	rs10509644	10	94094762	PASS
CAT-T2D	rs17365265	10	94095165	PASS
CAT-T2D	rs9943333	10	94096701	PASS
CAT-T2D	rs61875241	10	94096803	PASS
CAT-T2D	rs12358967	10	94097132	PASS
CAT-T2D	rs11186932	10	94103516	PASS
CAT-T2D	rs10748580	10	94105923	PASS
CAT-T2D	rs10786037	10	94109870	PASS
CAT-T2D	rs2255718	10	94109877	PASS
CAT-T2D	rs61875243	10	94110118	PASS
CAT-T2D	rs2771256	10	94113708	PASS
CAT-T2D	rs950732	10	94114633	PASS
CAT-T2D	rs7080813	10	94116891	PASS
CAT-T2D	rs10882049	10	94117046	PASS
CAT-T2D	rs10882050	10	94117786	PASS
CAT-T2D	rs6583811	10	94119943	PASS
CAT-T2D	rs7078190	10	94120376	PASS
CAT-T2D	rs72809114	10	94121534	PASS
CAT-T2D	rs72809117	10	94121562	PASS
CAT-T2D	rs2265197	10	94123499	PASS
CAT-T2D	rs7070786	10	94123687	PASS
CAT-T2D	rs7071233	10	94124103	PASS
CAT-T2D	rs11511268	10	94124587	PASS
CAT-T2D	rs7080630	10	94125874	PASS
CAT-T2D	rs2265198	10	94126469	PASS
CAT-T2D	rs11186940	10	94126651	PASS
CAT-T2D	rs11186941	10	94128005	PASS
CAT-T2D	rs7090404	10	94128012	PASS
CAT-T2D	rs11186944	10	94128586	PASS
CAT-T2D	rs9665554	10	94129317	PASS
CAT-T2D	rs7070822	10	94130833	PASS
CAT-T2D	rs11186949	10	94132842	PASS
CAT-T2D	rs11186950	10	94133040	PASS
CAT-T2D	rs2488799	10	94133789	PASS
CAT-T2D	rs11186953	10	94134407	PASS
CAT-T2D	rs11186954	10	94134467	PASS
CAT-T2D	rs12357015	10	94134525	PASS
CAT-T2D	rs7903767	10	94138239	PASS
CAT-T2D	rs10882052	10	94138273	PASS
CAT-T2D	rs11186956	10	94138839	PASS
CAT-T2D	rs11186957	10	94139014	PASS
CAT-T2D	rs11186958	10	94139274	PASS
CAT-T2D	rs7911784	10	94139488	PASS
CAT-T2D	rs11186959	10	94140831	PASS
CAT-T2D	rs11186960	10	94142607	PASS
CAT-T2D	rs11186965	10	94143306	PASS
CAT-T2D	rs11186966	10	94143315	PASS
CAT-T2D	rs11186967	10	94143848	PASS
CAT-T2D	rs11186968	10	94144131	PASS
CAT-T2D	rs11186969	10	94144180	PASS
CAT-T2D	rs2257636	10	94145014	PASS
CAT-T2D	rs2257635	10	94145023	PASS
CAT-T2D	rs2257625	10	94145450	PASS
CAT-T2D	rs913645	10	94146032	PASS
CAT-T2D	rs1810809	10	94146088	PASS
CAT-T2D	rs2019640	10	94146113	PASS
CAT-T2D	rs1810810	10	94146243	PASS
CAT-T2D	rs2259471	10	94147023	PASS
CAT-T2D	rs2259433	10	94147300	PASS
CAT-T2D	rs2259430	10	94147345	PASS
CAT-T2D	rs2265199	10	94147632	PASS
CAT-T2D	rs2771266	10	94148246	PASS
CAT-T2D	rs3121424	10	94149034	PASS
CAT-T2D	rs2771260	10	94150536	PASS
CAT-T2D	rs2265200	10	94150707	PASS
CAT-T2D	rs2480306	10	94153247	PASS
CAT-T2D	rs2480307	10	94153313	PASS
CAT-T2D	rs2480308	10	94153319	PASS
CAT-T2D	rs3121426	10	94153435	PASS
CAT-T2D	rs2987829	10	94153688	PASS
CAT-T2D	rs2995786	10	94153814	PASS
CAT-T2D	rs2259090	10	94154893	PASS
CAT-T2D	rs2259087	10	94155014	PASS
CAT-T2D	rs2259053	10	94155360	PASS
CAT-T2D	rs2259052	10	94155390	PASS
CAT-T2D	rs2259049	10	94155499	PASS
CAT-T2D	rs2771268	10	94155702	PASS
CAT-T2D	rs2798249	10	94155846	PASS
CAT-T2D	rs2480302	10	94157060	PASS
CAT-T2D	rs2995787	10	94159226	PASS
CAT-T2D	rs3121427	10	94159701	PASS
CAT-T2D	rs2488795	10	94159975	PASS
CAT-T2D	rs2260518	10	94160526	PASS
CAT-T2D	rs2260397	10	94163116	PASS
CAT-T2D	rs2265193	10	94163478	PASS
CAT-T2D	rs2260260	10	94166459	PASS
CAT-T2D	rs7084673	10	94167087	PASS
CAT-T2D	rs2901587	10	94170851	PASS
CAT-T2D	rs10786046	10	94195820	PASS
CAT-T2D	rs66503910	10	94198332	PASS
CAT-T2D	rs12356508	10	94241094	PASS
CAT-T2D	rs11187025	10	94257976	PASS
CAT-T2D	rs11187027	10	94259180	PASS
CAT-T2D	rs17445028	10	94271176	PASS
CAT-T2D	rs11187040	10	94272864	PASS
CAT-T2D	rs59697343	10	94277202	PASS
CAT-T2D	rs11812558	10	94281144	PASS
CAT-T2D	rs74353300	10	94282592	PASS
CAT-T2D	rs56289118	10	94284918	PASS
CAT-T2D	rs7078413	10	94290484	PASS
CAT-T2D	rs11187057	10	94296077	PASS
CAT-T2D	rs1832197	10	94298331	PASS
CAT-T2D	rs10786049	10	94307883	PASS
CAT-T2D	rs78767548	10	94311792	PASS
CAT-T2D	rs11187065	10	94311924	PASS
CAT-T2D	rs11187067	10	94319332	PASS
CAT-T2D	rs12765408	10	94319614	PASS
CAT-T2D	rs72811205	10	94319615	PASS
CAT-T2D	rs11187069	10	94320866	PASS
CAT-T2D	rs11187070	10	94322635	PASS
CAT-T2D	rs11187073	10	94324728	PASS
CAT-T2D	rs35418143	10	94324988	PASS
CAT-T2D	rs4646953	10	94333955	PASS
CAT-T2D	rs113336227	10	94341932	PASS
CAT-T2D	rs113563323	10	94346507	PASS
CAT-T2D	rs12256435	10	94353278	PASS
CAT-T2D	rs12240557	10	94355595	PASS
CAT-T2D	rs75261479	10	94360590	PASS
CAT-T2D	rs76519424	10	94363542	PASS
CAT-T2D	rs79430363	10	94363923	PASS
CAT-T2D	rs12247024	10	94368052	PASS
CAT-T2D	rs75762238	10	94368653	PASS
CAT-T2D	rs113949818	10	94371579	PASS
CAT-T2D	rs12252836	10	94376328	PASS
CAT-T2D	rs11187101	10	94377774	PASS
CAT-T2D	rs75382300	10	94380885	PASS
CAT-T2D	rs12254289	10	94382170	PASS
CAT-T2D	rs12262063	10	94382452	PASS
CAT-T2D	rs12254474	10	94382465	PASS
CAT-T2D	rs10082524	10	94383202	PASS
CAT-T2D	rs12258463	10	94384469	PASS
CAT-T2D	rs77659441	10	94389613	PASS
CAT-T2D	rs12257072	10	94395495	PASS
CAT-T2D	rs11187109	10	94398974	PASS
CAT-T2D	rs11187110	10	94400359	PASS
CAT-T2D	rs11187116	10	94412125	PASS
CAT-T2D	rs11187118	10	94412186	PASS
CAT-T2D	rs11597699	10	94416401	PASS
CAT-T2D	rs11187125	10	94427689	PASS
CAT-T2D	rs11187126	10	94429526	PASS
CAT-T2D	rs11187131	10	94437245	PASS
CAT-T2D	rs11187132	10	94437595	PASS
CAT-T2D	rs76501574	10	94451330	PASS
CAT-T2D	rs11187142	10	94468685	PASS
CAT-T2D	rs2488082	10	94477492	PASS
CAT-T2D	rs2488081	10	94478664	PASS
CAT-T2D	rs2488080	10	94478693	PASS
CAT-T2D	rs12260097	10	94479832	PASS
CAT-T2D	rs2497313	10	94480391	PASS
CAT-T2D	rs7086841	10	94480502	PASS
CAT-T2D	rs2497312	10	94480686	PASS
CAT-T2D	rs2497311	10	94481995	PASS
CAT-T2D	rs2488079	10	94483483	PASS
CAT-T2D	rs2497309	10	94483976	PASS
CAT-T2D	rs2497308	10	94484344	PASS
CAT-T2D	rs2497307	10	94484624	PASS
CAT-T2D	rs2488076	10	94486081	PASS
CAT-T2D	rs11187150	10	94486842	PASS
CAT-T2D	rs2488074	10	94493739	PASS
CAT-T2D	rs2497303	10	94495117	PASS
CAT-T2D	rs12290326	11	68593134	PASS
CAT-T2D	rs11228368	11	68593258	PASS
CAT-T2D	rs2003892	11	68593929	PASS
CAT-T2D	rs11228371	11	68594174	PASS
CAT-T2D	rs1108714	11	68595340	PASS
CAT-T2D	rs11228372	11	68596578	PASS
CAT-T2D	rs11605837	11	68597886	PASS
CAT-T2D	rs7938117	11	68598054	PASS
CAT-T2D	rs1017641	11	68598783	PASS
CAT-T2D	rs643112	11	68601640	PASS
CAT-T2D	rs4930617	11	68601721	PASS
CAT-T2D	rs4930618	11	68601797	PASS
CAT-T2D	rs644389	11	68601899	PASS
CAT-T2D	rs35786597	11	68602753	PASS
CAT-T2D	rs613084	11	68603157	PASS
CAT-T2D	rs11228377	11	68603346	PASS
CAT-T2D	rs7943745	11	68605828	PASS
CAT-T2D	rs12272547	11	68608654	PASS
CAT-T2D	rs7131462	11	68610143	PASS
CAT-T2D	rs2060982	11	68612927	PASS
CAT-T2D	rs4633480	11	68613367	PASS
CAT-T2D	rs4365062	11	68613864	PASS
CAT-T2D	rs679596	11	68615117	PASS
CAT-T2D	rs648336	11	68616449	PASS
CAT-T2D	rs71465408	11	68617022	PASS
CAT-T2D	rs11228382	11	68617316	PASS
CAT-T2D	rs7104351	11	68617886	PASS
CAT-T2D	rs7104487	11	68617987	PASS
CAT-T2D	rs1272609	11	68618182	PASS
CAT-T2D	rs1249359	11	68618279	PASS
CAT-T2D	rs659465	11	68618964	PASS
CAT-T2D	rs632984	11	68620271	PASS
CAT-T2D	rs611268	11	68620849	PASS
CAT-T2D	rs7946351	11	68620874	PASS
CAT-T2D	rs610442	11	68621003	PASS
CAT-T2D	rs564849	11	68621440	PASS
CAT-T2D	rs7129960	11	68622456	PASS
CAT-T2D	rs11228383	11	68623228	PASS
CAT-T2D	rs7107137	11	68623712	PASS
CAT-T2D	rs7107620	11	68623978	PASS
CAT-T2D	rs552517	11	68625286	PASS
CAT-T2D	rs578791	11	68625809	PASS
CAT-T2D	rs647661	11	68625875	PASS
CAT-T2D	rs635529	11	68626294	PASS
CAT-T2D	rs655816	11	68626405	PASS
CAT-T2D	rs619727	11	68627535	PASS
CAT-T2D	rs604524	11	68629929	PASS
CAT-T2D	rs596874	11	68630874	PASS
CAT-T2D	rs501799	11	68631240	PASS
CAT-T2D	rs611046	11	68631704	PASS
CAT-T2D	rs7928157	11	68632225	PASS
CAT-T2D	rs557625	11	68634722	PASS
CAT-T2D	rs1631509	11	68635120	PASS
CAT-T2D	rs598353	11	68635770	PASS
CAT-T2D	rs672853	11	68636362	PASS
CAT-T2D	rs686348	11	68636996	PASS
CAT-T2D	rs686877	11	68637169	PASS
CAT-T2D	rs10792002	11	68637808	PASS
CAT-T2D	rs613128	11	68638058	PASS
CAT-T2D	rs473997	11	68639481	PASS
CAT-T2D	rs1812140	11	68642638	PASS
CAT-T2D	rs631001	11	68642974	PASS
CAT-T2D	rs7118065	11	68644290	PASS
CAT-T2D	rs4930621	11	68646196	PASS
CAT-T2D	rs680130	11	68646845	PASS
CAT-T2D	rs592697	11	68650064	PASS
CAT-T2D	rs544370	11	68653232	PASS
CAT-T2D	rs654071	11	68653432	PASS
CAT-T2D	rs514296	11	68654182	PASS
CAT-T2D	rs1249474	11	68654774	PASS
CAT-T2D	rs2444765	11	68655063	PASS
CAT-T2D	rs686390	11	68656077	PASS
CAT-T2D	rs595882	11	68656769	PASS
CAT-T2D	rs514833	11	68657734	PASS
CAT-T2D	rs660614	11	68659488	PASS
CAT-T2D	rs602364	11	68662167	PASS
CAT-T2D	rs507520	11	68666054	PASS
CAT-T2D	rs636049	11	68667198	PASS
CAT-T2D	rs668576	11	68668208	PASS
CAT-T2D	rs482172	11	68668437	PASS
CAT-T2D	rs629426	11	68671104	PASS
CAT-T2D	rs35380202	11	68674203	PASS
CAT-T2D	rs583182	11	68678634	PASS
CAT-T2D	rs673821	11	68678718	PASS
CAT-T2D	rs664930	11	68679868	PASS
CAT-T2D	rs646586	11	68681653	PASS
CAT-T2D	rs553875	11	68695144	PASS
CAT-T2D	rs627731	11	68698663	PASS
CAT-T2D	rs674654	11	68698762	PASS
CAT-T2D	rs513476	11	68698996	PASS
CAT-T2D	rs653264	11	68699775	PASS
CAT-T2D	rs478647	11	68700424	PASS
CAT-T2D	rs622082	11	68703959	PASS
CAT-T2D	rs546382	11	68704264	PASS
CAT-T2D	rs513615	11	68705504	PASS
CAT-T2D	rs569777	11	68706848	PASS
CAT-T2D	rs559032	11	68710847	PASS
CAT-T2D	rs516425	11	68715675	PASS
CAT-T2D	rs6591360	11	68718669	PASS
CAT-T2D	rs11603827	11	68719221	PASS
CAT-T2D	rs6591361	11	68719284	PASS
CAT-T2D	rs10896384	11	68720011	PASS
CAT-T2D	rs10792006	11	68722306	PASS
CAT-T2D	rs10896386	11	68722694	PASS
CAT-T2D	rs35093305	11	68730729	PASS
CAT-T2D	rs7935851	11	68731122	PASS
CAT-T2D	rs4244843	11	68745683	PASS
CAT-T2D	rs7946937	11	68746218	PASS
CAT-T2D	rs10896389	11	68746328	PASS
CAT-T2D	rs34847539	11	68748003	PASS
CAT-T2D	rs10896390	11	68749540	PASS
CAT-T2D	rs2096777	11	68751196	PASS
CAT-T2D	rs2602825	11	68754568	PASS
CAT-T2D	rs2846193	11	68755638	PASS
CAT-T2D	rs2846207	11	68757913	PASS
CAT-T2D	rs2602823	11	68758162	PASS
CAT-T2D	rs2602822	11	68758509	PASS
CAT-T2D	rs2602821	11	68758581	PASS
CAT-T2D	rs2602820	11	68758840	PASS
CAT-T2D	rs2602819	11	68758933	PASS
CAT-T2D	rs2602818	11	68759342	PASS
CAT-T2D	rs2602816	11	68759537	PASS
CAT-T2D	rs1249587	11	68762995	PASS
CAT-T2D	rs1249585	11	68764457	PASS
CAT-T2D	rs1249584	11	68764599	PASS
CAT-T2D	rs1249583	11	68765113	PASS
CAT-T2D	rs1249582	11	68765895	PASS
CAT-T2D	rs12224880	11	68767168	PASS
CAT-T2D	rs1249580	11	68767796	PASS
CAT-T2D	rs7950678	11	68768163	PASS
CAT-T2D	rs11600965	11	68770298	PASS
CAT-T2D	rs1054252	11	68772072	PASS
CAT-T2D	rs11544722	11	68773403	PASS
CAT-T2D	rs60308539	11	68773740	PASS
CAT-T2D	rs11601763	11	68775717	PASS
CAT-T2D	rs35377497	11	68778383	PASS
CAT-T2D	rs12792323	11	68778651	PASS
CAT-T2D	rs2846196	11	68782223	PASS
CAT-T2D	rs11600377	11	68785803	PASS
CAT-T2D	rs7358524	11	68786065	PASS
CAT-T2D	rs11603763	11	68789606	PASS
CAT-T2D	rs11228443	11	68791567	PASS
CAT-T2D	rs7482475	11	68792967	PASS
CAT-T2D	rs55950993	11	68795124	PASS
CAT-T2D	rs61887898	11	68796563	PASS
CAT-T2D	rs61887899	11	68796746	PASS
CAT-T2D	rs11228453	11	68805932	PASS
CAT-T2D	rs3829241	11	68855363	PASS
CAT-T2D	rs1060435	11	68855595	PASS
CAT-T2D	rs930782	11	68871794	PASS
CAT-T2D	rs11228503	11	68879044	PASS
CAT-T2D	rs11228504	11	68881384	PASS
CAT-T2D	rs2924528	11	68926593	PASS
CAT-T2D	rs3750970	11	68927048	PASS
CAT-T2D	rs11228537	11	68927358	PASS
CAT-T2D	rs3019765	11	68932978	PASS
CAT-T2D	rs74342245	11	68938776	PASS
CAT-T2D	rs117786030	11	68939448	PASS
CAT-T2D	rs79721202	11	68941192	PASS
CAT-T2D	rs78938716	11	68941774	PASS
CAT-T2D	rs17400438	11	68941787	PASS
CAT-T2D	rs75885625	11	68941870	PASS
CAT-T2D	rs75889999	11	68942374	PASS
CAT-T2D	rs74725872	11	68942650	PASS
CAT-T2D	rs79334774	11	68942867	PASS
CAT-T2D	rs116683298	11	68943571	PASS
CAT-T2D	rs79092605	11	68943613	PASS
CAT-T2D	rs149839969	11	68943807	PASS
CAT-T2D	rs115322032	11	68943863	PASS
CAT-T2D	rs145721232	11	68943971	PASS
CAT-T2D	rs117478490	11	68944030	PASS
CAT-T2D	rs76291348	11	68944514	PASS
CAT-T2D	rs75158992	11	68944759	PASS
CAT-T2D	rs75139917	11	68944768	PASS
CAT-T2D	rs77157858	11	68944928	PASS
CAT-T2D	rs76699054	11	68945532	PASS
CAT-T2D	rs150159363	11	68945808	PASS
CAT-T2D	rs57096576	11	68946781	PASS
CAT-T2D	rs61167756	11	68950835	PASS
CAT-T2D	rs78977588	11	68968149	PASS
CAT-T2D	rs2510460	11	69450305	PASS
CAT-T2D	rs1385874	11	69451580	PASS
CAT-T2D	rs2450255	11	69452358	PASS
CAT-T2D	rs1385875	11	69452559	PASS
CAT-T2D	rs2510461	11	69453230	PASS
CAT-T2D	rs1944129	11	69453935	PASS
CAT-T2D	rs1352075	11	69457293	PASS
CAT-T2D	rs647451	11	69461731	PASS
CAT-T2D	rs602652	11	69462642	PASS
CAT-T2D	rs10760280	9	126112812	PASS
CAT-T2D	rs11600831	11	72360220	PASS
CAT-T2D	rs55765314	11	72360935	PASS
CAT-T2D	rs61895588	11	72360986	PASS
CAT-T2D	rs11601122	11	72362718	PASS
CAT-T2D	rs4944668	11	72401101	PASS
CAT-T2D	rs10898864	11	72405450	PASS
CAT-T2D	rs12575364	11	72409189	PASS
CAT-T2D	rs12362059	11	72413684	PASS
CAT-T2D	rs3814730	11	72555553	PASS
CAT-T2D	rs11603313	11	72588177	PASS
CAT-T2D	rs76793820	11	72619860	PASS
CAT-T2D	rs17244499	11	72629946	PASS
CAT-T2D	rs11605166	11	72669777	PASS
CAT-T2D	rs7109082	11	72707441	PASS
CAT-T2D	rs2886599	11	72721271	PASS
CAT-T2D	rs11600585	11	72727840	PASS
CAT-T2D	rs1783598	11	72851463	PASS
CAT-T2D	rs62006962	14	103834133	PASS
CAT-T2D	rs3825566	14	103852725	PASS
CAT-T2D	rs1951392	14	103853367	PASS
CAT-T2D	rs113135977	14	103858029	PASS
CAT-T2D	rs3783394	14	103858673	PASS
CAT-T2D	rs12889639	14	103860206	PASS
CAT-T2D	rs12890750	14	103860309	PASS
CAT-T2D	rs1961600	14	103862144	PASS
CAT-T2D	rs1989565	14	103862193	PASS
CAT-T2D	rs2010281	14	103862322	PASS
CAT-T2D	rs72708854	14	103864885	PASS
CAT-T2D	rs7140564	14	103865785	PASS
CAT-T2D	rs4900572	14	103868851	PASS
CAT-T2D	rs11621510	14	103869620	PASS
CAT-T2D	rs12879085	14	103874420	PASS
CAT-T2D	rs6575984	14	103876454	PASS
CAT-T2D	rs7154246	14	103876794	PASS
CAT-T2D	rs12898029	14	103877884	PASS
CAT-T2D	rs4906321	14	103878882	PASS
CAT-T2D	rs11623869	14	103883633	PASS
CAT-T2D	rs7152202	14	103886757	PASS
CAT-T2D	rs7158144	14	103887615	PASS
CAT-T2D	rs7158822	14	103887868	PASS
CAT-T2D	rs1028613	14	103888324	PASS
CAT-T2D	rs10145793	14	103891346	PASS
CAT-T2D	rs62007683	14	103894071	PASS
CAT-T2D	rs62007684	14	103894223	PASS
CAT-T2D	rs3783395	14	103895020	PASS
CAT-T2D	rs28496120	14	103897899	PASS
CAT-T2D	rs72708874	14	103899251	PASS
CAT-T2D	rs62007686	14	103899344	PASS
CAT-T2D	rs62007687	14	103903763	PASS
CAT-T2D	rs1013650	14	103909203	PASS
CAT-T2D	rs11622356	14	103912195	PASS
CAT-T2D	rs17679475	14	103916958	PASS
CAT-T2D	rs10143247	14	103920927	PASS
CAT-T2D	rs10141120	14	103923008	PASS
CAT-T2D	rs2273700	14	103923414	PASS
CAT-T2D	rs2273699	14	103923475	PASS
CAT-T2D	rs7146506	14	103924477	PASS
CAT-T2D	rs10134580	14	103928251	PASS
CAT-T2D	rs72708893	14	103929535	PASS
CAT-T2D	rs28444993	14	103930564	PASS
CAT-T2D	rs11626483	14	103933158	PASS
CAT-T2D	rs28583452	14	103938664	PASS
CAT-T2D	rs34216351	14	103939275	PASS
CAT-T2D	rs10141388	14	103939679	PASS
CAT-T2D	rs62007718	14	103940436	PASS
CAT-T2D	rs11628969	14	103940911	PASS
CAT-T2D	rs8015918	14	103942991	PASS
CAT-T2D	rs62007719	14	103943130	PASS
CAT-T2D	rs7160366	14	103944137	PASS
CAT-T2D	rs7145113	14	103945414	PASS
CAT-T2D	rs2403180	14	103948626	PASS
CAT-T2D	rs3742458	14	103950368	PASS
CAT-T2D	rs11628213	14	103952453	PASS
CAT-T2D	rs7156150	14	103952621	PASS
CAT-T2D	rs17617941	14	103953032	PASS
CAT-T2D	rs56365443	14	103960026	PASS
CAT-T2D	rs10141433	14	103962559	PASS
CAT-T2D	rs7160208	14	103965528	PASS
CAT-T2D	rs9671911	14	103967343	PASS
CAT-T2D	rs10150072	14	103977605	PASS
CAT-T2D	rs8019578	14	103977724	PASS
CAT-T2D	rs10133035	14	103979127	PASS
CAT-T2D	rs72710714	14	103981849	PASS
CAT-T2D	rs1803283	14	103986255	PASS
CAT-T2D	rs1136165	14	103988180	PASS
CAT-T2D	rs55723020	14	103991401	PASS
CAT-T2D	rs11626787	14	103991749	PASS
CAT-T2D	rs1467561	14	103994961	PASS
CAT-T2D	rs45441198	14	104002611	PASS
CAT-T2D	rs2296486	14	104003070	PASS
CAT-T2D	rs2296484	14	104003094	PASS
CAT-T2D	rs10135868	14	104004147	PASS
CAT-T2D	rs11627529	14	104004557	PASS
CAT-T2D	rs11621037	14	104006160	PASS
CAT-T2D	rs12440423	15	28097085	PASS
CAT-T2D	rs144102357	11	127999754	PASS
CAT-T2D	rs1974954	11	128017940	PASS
CAT-T2D	rs1559764	11	128018010	PASS
CAT-T2D	rs74696170	11	128019315	PASS
CAT-T2D	rs7951303	11	128020931	PASS
CAT-T2D	rs7951785	11	128021202	PASS
CAT-T2D	rs10893826	11	128036194	PASS
CAT-T2D	rs7931773	11	128037225	PASS
CAT-T2D	rs7949382	11	128038422	PASS
CAT-T2D	rs7117751	11	128039029	PASS
CAT-T2D	rs12421063	11	128039652	PASS
CAT-T2D	rs2114091	11	128040486	PASS
CAT-T2D	rs10893827	11	128040810	PASS
CAT-T2D	rs7933438	11	128041582	PASS
CAT-T2D	rs10893829	11	128042575	PASS
CAT-T2D	rs9665898	11	128043666	PASS
CAT-T2D	rs10893830	11	128044159	PASS
CAT-T2D	rs7948351	11	128044820	PASS
CAT-T2D	rs4964655	12	108594044	PASS
CAT-T2D	rs933847	12	108596123	PASS
CAT-T2D	rs10861879	12	108609634	PASS
CAT-T2D	rs3764002	12	108618630	PASS
CAT-T2D	rs1426371	12	108629780	PASS
CAT-T2D	rs3825393	12	109883374	PASS
CAT-T2D	rs713468	15	84646691	PASS
CAT-T2D	rs881984	15	84646982	PASS
CAT-T2D	rs12900471	15	84661307	PASS
CAT-T2D	rs11638600	15	84661481	PASS
CAT-T2D	rs2135877	15	84663107	PASS
CAT-T2D	rs2276455	12	48376137	PASS
CAT-T2D	rs2276454	12	48376291	PASS
CAT-T2D	rs4760685	12	48520969	PASS
CAT-T2D	rs10783230	12	48545553	PASS
CAT-T2D	rs7134565	12	48630024	PASS
CAT-T2D	rs61975916	14	58666882	PASS
CAT-T2D	rs7150530	14	58668869	PASS
CAT-T2D	rs72716929	14	58672749	PASS
CAT-T2D	rs7148731	14	58673907	PASS
CAT-T2D	rs12147879	14	58681042	PASS
CAT-T2D	rs61975948	14	58684121	PASS
CAT-T2D	rs35849362	14	58685803	PASS
CAT-T2D	rs9788590	14	58693402	PASS
CAT-T2D	rs2347934	14	58699886	PASS
CAT-T2D	rs11622463	14	58701682	PASS
CAT-T2D	rs2130095	12	48638755	PASS
CAT-T2D	rs112628430	14	60769259	PASS
CAT-T2D	rs117358314	14	60772085	PASS
CAT-T2D	rs117768376	14	60777145	PASS
CAT-T2D	rs117544461	14	60785203	PASS
CAT-T2D	rs149293907	14	60785205	PASS
CAT-T2D	rs4901977	14	60789176	PASS
CAT-T2D	rs2350892	14	60792103	PASS
CAT-T2D	rs116998989	14	60792388	PASS
CAT-T2D	rs1885095	14	60794782	PASS
CAT-T2D	rs4901978	14	60795121	PASS
CAT-T2D	rs4901979	14	60795227	PASS
CAT-T2D	rs2350893	14	60795621	PASS
CAT-T2D	rs10130291	14	60796495	PASS
CAT-T2D	rs10142613	14	60796505	PASS
CAT-T2D	rs2180833	14	60796648	PASS
CAT-T2D	rs60593595	14	60796689	PASS
CAT-T2D	rs6573307	14	60798009	PASS
CAT-T2D	rs2145540	14	60799834	PASS
CAT-T2D	rs10149602	14	60800873	PASS
CAT-T2D	rs10220706	14	60800986	PASS
CAT-T2D	rs9989247	14	60804631	PASS
CAT-T2D	rs9989248	14	60804676	PASS
CAT-T2D	rs9989188	14	60804694	PASS
CAT-T2D	rs7493429	14	60806759	PASS
CAT-T2D	rs8012736	14	60806883	PASS
CAT-T2D	rs6573308	14	60806976	PASS
CAT-T2D	rs8018007	14	60807018	PASS
CAT-T2D	rs146873630	14	60808894	PASS
CAT-T2D	rs8003982	14	60810073	PASS
CAT-T2D	rs7146988	14	60811204	PASS
CAT-T2D	rs8015152	14	60811999	PASS
CAT-T2D	rs4899010	14	60812205	PASS
CAT-T2D	rs10151339	14	60813416	PASS
CAT-T2D	rs7146054	14	60814670	PASS
CAT-T2D	rs116944755	14	60837175	PASS
CAT-T2D	rs4901982	14	60844150	PASS
CAT-T2D	rs1254276	14	60847001	PASS
CAT-T2D	rs1313237	14	60848224	PASS
CAT-T2D	rs116900835	14	60885258	PASS
CAT-T2D	rs1272131	14	60886150	PASS
CAT-T2D	rs2093210	14	60957279	PASS
CAT-T2D	rs33912345	14	60976537	PASS
CAT-T2D	rs1010053	14	61005625	PASS
CAT-T2D	rs12883754	14	61006889	PASS
CAT-T2D	rs10146342	14	61007104	PASS
CAT-T2D	rs7159392	14	61008596	PASS
CAT-T2D	rs2351174	14	61013237	PASS
CAT-T2D	rs1955695	14	61021891	PASS
CAT-T2D	rs4442732	14	61025617	PASS
CAT-T2D	rs1555211	14	61025791	PASS
CAT-T2D	rs10483727	14	61072875	PASS
CAT-T2D	rs34935520	14	61091401	PASS
CAT-T2D	rs11628064	14	61108569	PASS
CAT-T2D	rs35320790	14	61108825	PASS
CAT-T2D	rs17834412	14	61186263	PASS
CAT-T2D	rs2284704	14	61211868	PASS
CAT-T2D	rs2268414	14	61227805	PASS
CAT-T2D	rs80188911	14	61245879	PASS
CAT-T2D	rs61991704	14	61254930	PASS
CAT-T2D	rs61992990	14	61349334	PASS
CAT-T2D	rs10483729	14	61486863	PASS
CAT-T2D	rs12893450	14	61536933	PASS
CAT-T2D	rs4520750	14	61552301	PASS
CAT-T2D	rs4902026	14	61557433	PASS
CAT-T2D	rs7161156	14	61558713	PASS
CAT-T2D	rs61990777	14	61562434	PASS
CAT-T2D	rs56095027	14	61565308	PASS
CAT-T2D	rs55680391	14	61565709	PASS
CAT-T2D	rs17834466	14	61568470	PASS
CAT-T2D	rs55667344	14	61569277	PASS
CAT-T2D	rs61990781	14	61572032	PASS
CAT-T2D	rs7160016	14	61572350	PASS
CAT-T2D	rs1571383	14	61573897	PASS
CAT-T2D	rs11624778	14	61579863	PASS
CAT-T2D	rs61990784	14	61585546	PASS
CAT-T2D	rs61990785	14	61587240	PASS
CAT-T2D	rs55885260	14	61587510	PASS
CAT-T2D	rs3742635	14	61589287	PASS
CAT-T2D	rs60166695	14	61590267	PASS
CAT-T2D	rs56669101	14	61590411	PASS
CAT-T2D	rs8046545	16	28915217	PASS
CAT-T2D	rs6565293	16	28933248	PASS
CAT-T2D	rs7185232	16	28933468	PASS
CAT-T2D	rs4072402	16	28937259	PASS
CAT-T2D	rs11643297	16	28973268	PASS
CAT-T2D	rs7500321	16	28977020	PASS
CAT-T2D	rs6565300	16	28993049	PASS
CAT-T2D	rs35431065	19	19393677	PASS
CAT-T2D	rs2908797	16	53429173	PASS
CAT-T2D	rs7203132	16	53429775	PASS
CAT-T2D	rs1344491	16	53439409	PASS
CAT-T2D	rs13332071	16	53443636	PASS
CAT-T2D	rs28759393	16	53445358	PASS
CAT-T2D	rs1861353	16	53452081	PASS
CAT-T2D	rs6499617	16	53467722	PASS
CAT-T2D	rs9921587	16	53475650	PASS
CAT-T2D	rs13332406	16	53489705	PASS
CAT-T2D	rs11859538	16	53497045	PASS
CAT-T2D	rs1072911	16	53499725	PASS
CAT-T2D	rs8044091	16	53520998	PASS
CAT-T2D	rs1861351	16	53533227	PASS
CAT-T2D	rs8055642	16	53537581	PASS
CAT-T2D	rs178249	17	75381988	PASS
CAT-T2D	rs312835	17	75383041	PASS
CAT-T2D	rs312834	17	75383061	PASS
CAT-T2D	rs94056	17	75384397	PASS
CAT-T2D	rs312831	17	75384691	PASS
CAT-T2D	rs94598	17	75385269	PASS
CAT-T2D	rs113191842	16	53817318	PASS
CAT-T2D	rs7187961	16	53826034	PASS
CAT-T2D	rs8076294	17	79456537	PASS
CAT-T2D	rs56324203	17	79463324	PASS
CAT-T2D	rs12451907	17	79466288	PASS
CAT-T2D	rs11871774	17	79466789	PASS
CAT-T2D	rs11871781	17	79466845	PASS
CAT-T2D	rs7503627	17	79475699	PASS
CAT-T2D	rs9912403	17	79478870	PASS
CAT-T2D	rs9912409	17	79478871	PASS
CAT-T2D	rs28698582	17	79479625	PASS
CAT-T2D	rs57018358	17	79480875	PASS
CAT-T2D	rs9893501	17	79489433	PASS
CAT-T2D	rs7406408	17	79535532	PASS
CAT-T2D	rs7405450	17	79540449	PASS
CAT-T2D	rs8081883	17	79540598	PASS
CAT-T2D	rs7405646	17	79551064	PASS
CAT-T2D	rs57856422	17	79552104	PASS
CAT-T2D	rs8075102	17	79558976	PASS
CAT-T2D	rs7406863	17	79560408	PASS
CAT-T2D	rs7405966	17	79566727	PASS
CAT-T2D	rs11655346	17	79572399	PASS
CAT-T2D	rs58398000	17	79576923	PASS
CAT-T2D	rs112417725	17	79578219	PASS
CAT-T2D	rs9709130	17	79583948	PASS
CAT-T2D	rs7502337	17	79588470	PASS
CAT-T2D	rs6565606	17	79589371	PASS
CAT-T2D	rs6565609	17	79592267	PASS
CAT-T2D	rs7406382	17	79597786	PASS
CAT-T2D	rs7405937	17	79597811	PASS
CAT-T2D	rs12946906	17	79599573	PASS
CAT-T2D	rs9890852	17	79600110	PASS
CAT-T2D	rs6565612	17	79602820	PASS
CAT-T2D	rs8079963	17	79603285	PASS
CAT-T2D	rs12325802	17	79604908	PASS
CAT-T2D	rs7406089	17	79605151	PASS
CAT-T2D	rs7220155	17	79606020	PASS
CAT-T2D	rs7220310	17	79606056	PASS
CAT-T2D	rs7406219	17	79609410	PASS
CAT-T2D	rs6565616	17	79612161	PASS
CAT-T2D	rs7210026	17	79612382	PASS
CAT-T2D	rs7210043	17	79612413	PASS
CAT-T2D	rs7210193	17	79612443	PASS
CAT-T2D	rs9902264	17	79613828	PASS
CAT-T2D	rs9905639	17	79614154	PASS
CAT-T2D	rs7406516	17	79615309	PASS
CAT-T2D	rs7406522	17	79615396	PASS
CAT-T2D	rs7217415	17	79618252	PASS
CAT-T2D	rs2074430	17	36060515	PASS
CAT-T2D	rs7405776	17	36093022	PASS
CAT-T2D	rs9913260	17	36105897	PASS
CAT-T2D	rs9949880	18	71499534	PASS
CAT-T2D	rs9950075	18	71499667	PASS
CAT-T2D	rs12956852	18	72872527	PASS
CAT-T2D	rs8068844	17	40571284	PASS
CAT-T2D	rs1905339	17	40582296	PASS
CAT-T2D	rs8074296	17	40583421	PASS
CAT-T2D	rs4793090	17	40686342	PASS
CAT-T2D	rs34127860	17	41468116	PASS
CAT-T2D	rs56243736	17	41472661	PASS
CAT-T2D	rs749475	17	41476258	PASS
CAT-T2D	rs3179287	17	41477710	PASS
CAT-T2D	rs12946015	17	41478455	PASS
CAT-T2D	rs35369985	17	41482462	PASS
CAT-T2D	rs55958285	17	41483564	PASS
CAT-T2D	rs35690504	17	41484993	PASS
CAT-T2D	rs34228036	17	41485022	PASS
CAT-T2D	rs34765874	17	41486648	PASS
CAT-T2D	rs12946347	17	41486843	PASS
CAT-T2D	rs12944058	17	41486872	PASS
CAT-T2D	rs72831101	17	41488718	PASS
CAT-T2D	rs35150636	17	41488792	PASS
CAT-T2D	rs35122535	17	41489319	PASS
CAT-T2D	rs12603967	17	41489793	PASS
CAT-T2D	rs8068261	17	41489846	PASS
CAT-T2D	rs8068764	17	41490161	PASS
CAT-T2D	rs36001517	17	41490571	PASS
CAT-T2D	rs1871339	17	41491410	PASS
CAT-T2D	rs34567438	17	41491550	PASS
CAT-T2D	rs12601926	17	41491772	PASS
CAT-T2D	rs2343134	17	41491905	PASS
CAT-T2D	rs12938992	17	41495308	PASS
CAT-T2D	rs11079338	17	41495423	PASS
CAT-T2D	rs35650293	17	41496203	PASS
CAT-T2D	rs12940208	17	41498187	PASS
CAT-T2D	rs72833109	17	41502803	PASS
CAT-T2D	rs72833110	17	41503598	PASS
CAT-T2D	rs59864235	17	41510689	PASS
CAT-T2D	rs12950982	17	41512607	PASS
CAT-T2D	rs35314992	17	41512977	PASS
CAT-T2D	rs12952643	17	41514439	PASS
CAT-T2D	rs56125357	17	41519923	PASS
CAT-T2D	rs7207025	17	41520200	PASS
CAT-T2D	rs1984518	17	41521666	PASS
CAT-T2D	rs9303433	17	41522760	PASS
CAT-T2D	rs9891684	17	41524151	PASS
CAT-T2D	rs732508	17	41526526	PASS
CAT-T2D	rs28597956	17	41527212	PASS
CAT-T2D	rs9894814	17	41530986	PASS
CAT-T2D	rs9910371	17	41530987	PASS
CAT-T2D	rs34038525	17	41535305	PASS
CAT-T2D	rs112302569	17	41536991	PASS
CAT-T2D	rs28874115	17	41538254	PASS
CAT-T2D	rs12603059	17	41538446	PASS
CAT-T2D	rs12601607	17	41538783	PASS
CAT-T2D	rs7209442	17	41540498	PASS
CAT-T2D	rs7220615	17	41540644	PASS
CAT-T2D	rs8073121	17	41542922	PASS
CAT-T2D	rs12603085	17	41545847	PASS
CAT-T2D	rs12601849	17	41546288	PASS
CAT-T2D	rs12600416	17	41546558	PASS
CAT-T2D	rs35557239	17	41548275	PASS
CAT-T2D	rs34558675	17	41550591	PASS
CAT-T2D	rs72833123	17	41552403	PASS
CAT-T2D	rs9905358	17	41555474	PASS
CAT-T2D	rs9903373	17	41557974	PASS
CAT-T2D	rs35352136	17	41558679	PASS
CAT-T2D	rs3809751	17	41559785	PASS
CAT-T2D	rs9898065	17	41562473	PASS
CAT-T2D	rs9898286	17	41562542	PASS
CAT-T2D	rs34409913	17	41564293	PASS
CAT-T2D	rs9894019	17	41565505	PASS
CAT-T2D	rs1807204	17	41566969	PASS
CAT-T2D	rs1871337	17	41567210	PASS
CAT-T2D	rs2127224	17	41569025	PASS
CAT-T2D	rs2279191	17	41570427	PASS
CAT-T2D	rs8074904	17	41571577	PASS
CAT-T2D	rs79934399	17	41571961	PASS
CAT-T2D	rs28636996	17	41572786	PASS
CAT-T2D	rs12602059	17	41573730	PASS
CAT-T2D	rs9894264	17	41577997	PASS
CAT-T2D	rs8079750	17	41578497	PASS
CAT-T2D	rs12601484	17	41578874	PASS
CAT-T2D	rs60442473	17	41579287	PASS
CAT-T2D	rs76971300	17	41580588	PASS
CAT-T2D	rs9901586	17	41580891	PASS
CAT-T2D	rs9908678	17	41581545	PASS
CAT-T2D	rs55956367	17	41582284	PASS
CAT-T2D	rs58141510	17	41586475	PASS
CAT-T2D	rs9908030	17	41587891	PASS
CAT-T2D	rs9915326	17	41588602	PASS
CAT-T2D	rs28532791	17	41589479	PASS
CAT-T2D	rs9893137	17	41590928	PASS
CAT-T2D	rs9905314	17	41591377	PASS
CAT-T2D	rs9913605	17	41592510	PASS
CAT-T2D	rs9891052	17	41592519	PASS
CAT-T2D	rs9895324	17	41594168	PASS
CAT-T2D	rs72833134	17	41597259	PASS
CAT-T2D	rs2271957	17	41598940	PASS
CAT-T2D	rs2271958	17	41599383	PASS
CAT-T2D	rs72833136	17	41599690	PASS
CAT-T2D	rs9892162	17	41600800	PASS
CAT-T2D	rs3179927	17	41601911	PASS
CAT-T2D	rs9907813	17	41602858	PASS
CAT-T2D	rs9907819	17	41602865	PASS
CAT-T2D	rs9908559	17	41603161	PASS
CAT-T2D	rs9915640	17	41603882	PASS
CAT-T2D	rs55989313	17	41606248	PASS
CAT-T2D	rs28581728	17	41609336	PASS
CAT-T2D	rs28608935	17	41609470	PASS
CAT-T2D	rs2242598	17	41610398	PASS
CAT-T2D	rs58015632	17	41612677	PASS
CAT-T2D	rs10438761	17	41613294	PASS
CAT-T2D	rs56357945	17	41613691	PASS
CAT-T2D	rs35714338	17	41614213	PASS
CAT-T2D	rs72833142	17	41615556	PASS
CAT-T2D	rs12948043	17	41615830	PASS
CAT-T2D	rs72833148	17	41629163	PASS
CAT-T2D	rs8077086	17	41671850	PASS
CAT-T2D	rs1728172	17	41673108	PASS
CAT-T2D	rs1728178	17	41682425	PASS
CAT-T2D	rs1728177	17	41682529	PASS
CAT-T2D	rs6020374	20	48838906	PASS
CAT-T2D	rs4811007	20	48839604	PASS
CAT-T2D	rs6095832	20	48839682	PASS
CAT-T2D	rs6020376	20	48840700	PASS
CAT-T2D	rs6091118	20	48840831	PASS
CAT-T2D	rs6012880	20	48841252	PASS
CAT-T2D	rs6020377	20	48841772	PASS
CAT-T2D	rs35812024	20	48842154	PASS
CAT-T2D	rs6020379	20	48842627	PASS
CAT-T2D	rs6122890	20	48844260	PASS
CAT-T2D	rs6020381	20	48844348	PASS
CAT-T2D	rs4811008	20	48844389	PASS
CAT-T2D	rs4811009	20	48844402	PASS
CAT-T2D	rs12625828	20	48844585	PASS
CAT-T2D	rs1974101	20	48848855	PASS
CAT-T2D	rs4811011	20	48851192	PASS
CAT-T2D	rs6020389	20	48854184	PASS
CAT-T2D	rs6020391	20	48855036	PASS
CAT-T2D	rs12937175	17	46936154	PASS
CAT-T2D	rs11870567	17	46937322	PASS
CAT-T2D	rs11657868	17	46942681	PASS
CAT-T2D	rs595767	17	46957987	PASS
CAT-T2D	rs11650158	17	46959208	PASS
CAT-T2D	rs4793990	17	46960760	PASS
CAT-T2D	rs9909916	17	46961493	PASS
CAT-T2D	rs9914918	17	46962021	PASS
CAT-T2D	rs7209449	17	46964758	PASS
CAT-T2D	rs602051	17	46966950	PASS
CAT-T2D	rs12950328	17	46967061	PASS
CAT-T2D	rs12948439	17	46967124	PASS
CAT-T2D	rs1973404	17	46967892	PASS
CAT-T2D	rs3760451	17	46969177	PASS
CAT-T2D	rs1962412	17	46970259	PASS
CAT-T2D	rs1800632	17	46970509	PASS
CAT-T2D	rs519537	17	46971140	PASS
CAT-T2D	rs832410	17	46972865	PASS
CAT-T2D	rs318095	17	46974734	PASS
CAT-T2D	rs318096	17	46975370	PASS
CAT-T2D	rs2112617	17	46977125	PASS
CAT-T2D	rs2643361	17	46977462	PASS
CAT-T2D	rs2546491	17	46977916	PASS
CAT-T2D	rs962272	17	46978283	PASS
CAT-T2D	rs962273	17	46978353	PASS
CAT-T2D	rs903567	17	46980318	PASS
CAT-T2D	rs12940898	17	46981419	PASS
CAT-T2D	rs67174000	17	46982380	PASS
CAT-T2D	rs4294857	17	46983391	PASS
CAT-T2D	rs28635466	17	46983820	PASS
CAT-T2D	rs34899772	17	46984425	PASS
CAT-T2D	rs56236620	17	46984832	PASS
CAT-T2D	rs61576918	17	46985593	PASS
CAT-T2D	rs11657238	17	46985634	PASS
CAT-T2D	rs28528789	17	46986616	PASS
CAT-T2D	rs62075824	17	46986679	PASS
CAT-T2D	rs999474	17	46987665	PASS
CAT-T2D	rs999475	17	46988044	PASS
CAT-T2D	rs46521	17	46988529	PASS
CAT-T2D	rs46522	17	46988597	PASS
CAT-T2D	rs9894220	17	46989154	PASS
CAT-T2D	rs318093	17	46989354	PASS
CAT-T2D	rs318092	17	46990801	PASS
CAT-T2D	rs170319	17	46991531	PASS
CAT-T2D	rs318090	17	46991752	PASS
CAT-T2D	rs4378658	17	46993370	PASS
CAT-T2D	rs4597361	17	46993667	PASS
CAT-T2D	rs12603261	17	46994396	PASS
CAT-T2D	rs12453394	17	46994970	PASS
CAT-T2D	rs12451879	17	46995735	PASS
CAT-T2D	rs9894239	17	46997959	PASS
CAT-T2D	rs12601072	17	46997998	PASS
CAT-T2D	rs28409394	17	46998118	PASS
CAT-T2D	rs58838744	17	46998902	PASS
CAT-T2D	rs60540186	17	46999673	PASS
CAT-T2D	rs55771415	17	46999937	PASS
CAT-T2D	rs2088139	17	47000110	PASS
CAT-T2D	rs1058018	17	47000251	PASS
CAT-T2D	rs4793991	17	47001801	PASS
CAT-T2D	rs62075844	17	47002389	PASS
CAT-T2D	rs62075845	17	47002439	PASS
CAT-T2D	rs28579683	17	47002515	PASS
CAT-T2D	rs62075846	17	47002524	PASS
CAT-T2D	rs35929648	17	47002543	PASS
CAT-T2D	rs11079842	17	47002762	PASS
CAT-T2D	rs957557	17	47003221	PASS
CAT-T2D	rs7212779	17	47004090	PASS
CAT-T2D	rs15563	17	47005193	PASS
CAT-T2D	rs1057897	17	47005509	PASS
CAT-T2D	rs1057902	17	47005588	PASS
CAT-T2D	rs12601672	17	47006493	PASS
CAT-T2D	rs17635252	17	47006950	PASS
CAT-T2D	rs2270576	17	47007963	PASS
CAT-T2D	rs4793992	17	47008207	PASS
CAT-T2D	rs4793993	17	47008546	PASS
CAT-T2D	rs4399576	17	47009835	PASS
CAT-T2D	rs9889674	17	47010008	PASS
CAT-T2D	rs12602179	17	47010034	PASS
CAT-T2D	rs9904730	17	47011755	PASS
CAT-T2D	rs57901004	17	47011897	PASS
CAT-T2D	rs62075850	17	47012504	PASS
CAT-T2D	rs1994970	17	47014127	PASS
CAT-T2D	rs62075852	17	47017176	PASS
CAT-T2D	rs12601858	17	47017477	PASS
CAT-T2D	rs55724082	17	47017879	PASS
CAT-T2D	rs8182364	17	47018025	PASS
CAT-T2D	rs9911030	17	47018069	PASS
CAT-T2D	rs4793995	17	47019399	PASS
CAT-T2D	rs4793996	17	47019597	PASS
CAT-T2D	rs4793997	17	47019672	PASS
CAT-T2D	rs4793998	17	47019899	PASS
CAT-T2D	rs12603612	17	47021418	PASS
CAT-T2D	rs2270574	17	47022270	PASS
CAT-T2D	rs2898705	17	47022861	PASS
CAT-T2D	rs4794002	17	47024829	PASS
CAT-T2D	rs61632152	17	47025654	PASS
CAT-T2D	rs58591767	17	47026076	PASS
CAT-T2D	rs62078369	17	47026431	PASS
CAT-T2D	rs11869991	17	47027763	PASS
CAT-T2D	rs11079844	17	47028334	PASS
CAT-T2D	rs12943523	17	47028526	PASS
CAT-T2D	rs62078372	17	47028989	PASS
CAT-T2D	rs4794003	17	47029904	PASS
CAT-T2D	rs12602746	17	47031741	PASS
CAT-T2D	rs9904288	17	47031973	PASS
CAT-T2D	rs60350258	17	47032411	PASS
CAT-T2D	rs71379317	17	47033201	PASS
CAT-T2D	rs12603969	17	47034419	PASS
CAT-T2D	rs12601955	17	47034420	PASS
CAT-T2D	rs62078375	17	47034974	PASS
CAT-T2D	rs4793605	17	47035869	PASS
CAT-T2D	rs55936433	17	47036042	PASS
CAT-T2D	rs4794004	17	47038471	PASS
CAT-T2D	rs2291725	17	47039132	PASS
CAT-T2D	rs2291726	17	47039254	PASS
CAT-T2D	rs1965983	17	47040333	PASS
CAT-T2D	rs1973407	17	47040613	PASS
CAT-T2D	rs1973408	17	47040762	PASS
CAT-T2D	rs6504588	17	47040891	PASS
CAT-T2D	rs4794006	17	47042117	PASS
CAT-T2D	rs7221126	17	47042162	PASS
CAT-T2D	rs11079848	17	47043597	PASS
CAT-T2D	rs62078384	17	47044463	PASS
CAT-T2D	rs62078385	17	47045009	PASS
CAT-T2D	rs9910001	17	47045321	PASS
CAT-T2D	rs9901810	17	47045322	PASS
CAT-T2D	rs9903470	17	47045362	PASS
CAT-T2D	rs8078510	17	47045862	PASS
CAT-T2D	rs937301	17	47046276	PASS
CAT-T2D	rs3848460	17	47047114	PASS
CAT-T2D	rs3809770	17	47047596	PASS
CAT-T2D	rs3895874	17	47047868	PASS
CAT-T2D	rs11652684	17	47068986	PASS
CAT-T2D	rs6015379	20	57386639	PASS
CAT-T2D	rs911300	20	57387262	PASS
CAT-T2D	rs911302	20	57387434	PASS
CAT-T2D	rs4812034	20	57397566	PASS
CAT-T2D	rs2685093	3	37815830	PASS
CAT-T2D	rs145418254	2	43784007	PASS
CAT-T2D	rs17207370	6	31678691	PASS
CAT-T2D	rs6771792	3	12301472	PASS
CAT-T2D	rs73131925	12	66167600	PASS
CAT-T2D	rs17036101	3	12277845	PASS
CAT-T2D	rs190244911	10	114698066	PASS
CAT-T2D	rs73119873	12	66251155	PASS
CAT-T2D	rs138266740	12	66264310	PASS
CAT-T2D	rs72802340	16	75232528	PASS
CAT-T2D	rs73113806	12	66179054	PASS
CAT-T2D	rs138039007	6	31619153	PASS
CAT-T2D	rs73131953	12	66177387	PASS
CAT-T2D	rs73113897	12	66210239	PASS
CAT-T2D	rs191455149	10	114753553	PASS
CAT-T2D	rs111536786	3	12279153	PASS
CAT-T2D	rs2523684	6	31426399	PASS
CAT-T2D	rs73408475	6	32766496	PASS
CAT-T2D	rs61123794	10	114818042	PASS
CAT-T2D	rs146275714	19	45365447	PASS
CAT-T2D	rs35252428	3	12297153	PASS
CAT-T2D	rs35577339	3	12296346	PASS
CAT-T2D	rs62451124	7	27968345	PASS
CAT-T2D	rs62008456	15	77606303	PASS
CAT-T2D	rs142014218	3	12326438	PASS
CAT-T2D	rs117636044	8	137843390	PASS
CAT-T2D	rs17101839	12	66245568	PASS
CAT-T2D	rs74280642	3	12262934	PASS
CAT-T2D	rs77152259	6	32793534	PASS
CAT-T2D	rs2736173	6	31589735	PASS
CAT-T2D	rs2685094	3	37815545	PASS
CAT-T2D	rs35355828	3	12266505	PASS
CAT-T2D	rs2596466	6	31405617	PASS
CAT-T2D	rs184856155	10	114702731	PASS
CAT-T2D	rs112336290	22	30217154	PASS
CAT-T2D	rs73113884	12	66198480	PASS
CAT-T2D	rs115884658	6	31864538	PASS
CAT-T2D	rs17220157	6	32787592	PASS
POAG-AD	rs301789	1	8469337	PASS
POAG-AD	rs301798	1	8488565	PASS
POAG-AD	rs172531	1	8495590	PASS
POAG-AD	rs301801	1	8495945	PASS
POAG-AD	rs2090281	1	165676606	PASS
POAG-AD	rs2790051	1	165742416	PASS
POAG-AD	rs1934278	1	165769653	PASS
POAG-AD	rs2814466	1	165785503	PASS
POAG-AD	rs585156	2	45901755	PASS
POAG-AD	rs10900462	1	205153312	PASS
POAG-AD	rs10900465	1	205158183	PASS
POAG-AD	rs10900467	1	205160074	PASS
POAG-AD	rs10900468	1	205163057	PASS
POAG-AD	rs4333898	1	205169613	PASS
POAG-AD	rs11240388	1	205177617	PASS
POAG-AD	rs7590738	2	71525698	PASS
POAG-AD	rs4852252	2	71539301	PASS
POAG-AD	rs2058899	2	71580129	PASS
POAG-AD	rs2542509	2	71589743	PASS
POAG-AD	rs17693250	2	71601434	PASS
POAG-AD	rs3771371	2	71627539	PASS
POAG-AD	rs3732233	2	71633275	PASS
POAG-AD	rs6714975	2	71633389	PASS
POAG-AD	rs4852782	2	71636240	PASS
POAG-AD	rs4438512	2	71645946	PASS
POAG-AD	rs7562587	2	71662826	PASS
POAG-AD	rs4241246	2	71676366	PASS
POAG-AD	rs2182911	1	207660071	PASS
POAG-AD	rs11118341	1	219735983	PASS
POAG-AD	rs11692435	2	98275354	PASS
POAG-AD	rs11694875	2	100732845	PASS
POAG-AD	rs1561230	2	100746642	PASS
POAG-AD	rs11885529	2	100746935	PASS
POAG-AD	rs3748242	10	81914787	PASS
POAG-AD	rs2784773	10	81919800	PASS
POAG-AD	rs12763624	10	81924830	PASS
POAG-AD	rs10788541	10	82016530	PASS
POAG-AD	rs10749550	10	82031197	PASS
POAG-AD	rs10887711	10	82034842	PASS
POAG-AD	rs10788546	10	82034854	PASS
POAG-AD	rs873395	10	82037215	PASS
POAG-AD	rs1143694	10	82040052	PASS
POAG-AD	rs2282367	10	82040346	PASS
POAG-AD	rs756208	10	82041751	PASS
POAG-AD	rs10887718	10	82042624	PASS
POAG-AD	rs12242871	10	82043226	PASS
POAG-AD	rs9421464	10	82043426	PASS
POAG-AD	rs2236569	10	82043576	PASS
POAG-AD	rs9420359	10	82054873	PASS
POAG-AD	rs2185427	10	82056667	PASS
POAG-AD	rs10788562	10	82072310	PASS
POAG-AD	rs10400045	10	82077032	PASS
POAG-AD	rs1890889	10	82090827	PASS
POAG-AD	rs1340383	10	82095968	PASS
POAG-AD	rs1417221	10	82100428	PASS
POAG-AD	rs7082102	10	82104890	PASS
POAG-AD	rs1572819	10	82112488	PASS
POAG-AD	rs1340380	10	82115619	PASS
POAG-AD	rs10788586	10	82117435	PASS
POAG-AD	rs4536152	10	82119242	PASS
POAG-AD	rs1934694	10	82125325	PASS
POAG-AD	rs1934692	10	82125734	PASS
POAG-AD	rs1340376	10	82128963	PASS
POAG-AD	rs1340375	10	82129039	PASS
POAG-AD	rs10749578	10	82139115	PASS
POAG-AD	rs6585967	10	82139791	PASS
POAG-AD	rs10749581	10	82141651	PASS
POAG-AD	rs10466235	10	82149655	PASS
POAG-AD	rs7081889	10	82165427	PASS
POAG-AD	rs7092237	10	82165640	PASS
POAG-AD	rs7082705	10	82170856	PASS
POAG-AD	rs1870142	10	82182296	PASS
POAG-AD	rs4934169	10	82203663	PASS
POAG-AD	rs2291444	11	47179143	PASS
POAG-AD	rs2291443	11	47179861	PASS
POAG-AD	rs3740690	11	47188592	PASS
POAG-AD	rs326217	11	47303275	PASS
POAG-AD	rs10838698	11	47385923	PASS
POAG-AD	rs10769258	11	47391039	PASS
POAG-AD	rs4992357	11	47393638	PASS
POAG-AD	rs896816	11	47394338	PASS
POAG-AD	rs4752993	11	47410951	PASS
POAG-AD	rs7937331	11	47430458	PASS
POAG-AD	rs755553	11	47432303	PASS
POAG-AD	rs2293577	11	47437202	PASS
POAG-AD	rs4237544	11	47454271	PASS
POAG-AD	rs10742805	11	47454701	PASS
POAG-AD	rs7126210	11	47460306	PASS
POAG-AD	rs3740684	11	47468820	PASS
POAG-AD	rs7111873	11	47469439	PASS
POAG-AD	rs11039359	11	47747809	PASS
POAG-AD	rs4149275	9	107638507	PASS
POAG-AD	rs12686004	9	107653426	PASS
POAG-AD	rs1883025	9	107664301	PASS
POAG-AD	rs2777795	9	107672365	PASS
POAG-AD	rs2515616	9	107681995	PASS
POAG-AD	rs1800977	9	107690450	PASS
POAG-AD	rs4556142	9	107734714	PASS
POAG-AD	rs4260948	9	107734804	PASS
POAG-AD	rs737623	9	107735105	PASS
POAG-AD	rs2185414	9	107737067	PASS
POAG-AD	rs4237211	9	107738689	PASS
POAG-AD	rs10761089	9	107740191	PASS
POAG-AD	rs4742934	9	107761410	PASS
POAG-AD	rs6479289	9	107767036	PASS
POAG-AD	rs7085051	10	94925825	PASS
POAG-AD	rs10896050	11	65577516	PASS
POAG-AD	rs11227306	11	65578672	PASS
POAG-AD	rs11227332	11	65623739	PASS
POAG-AD	rs583887	11	65644027	PASS
POAG-AD	rs601863	11	65646557	PASS
POAG-AD	rs658524	11	65647260	PASS
POAG-AD	rs645900	11	65648135	PASS
POAG-AD	rs687672	11	65649984	PASS
POAG-AD	rs658938	11	65651830	PASS
POAG-AD	rs2231884	11	65656564	PASS
POAG-AD	rs622614	11	65663239	PASS
POAG-AD	rs16929088	9	129269846	PASS
POAG-AD	rs7042444	9	129270986	PASS
POAG-AD	rs2417024	9	129281110	PASS
POAG-AD	rs12001841	9	129284495	PASS
POAG-AD	rs3750903	10	115533975	PASS
POAG-AD	rs7899829	10	115535426	PASS
POAG-AD	rs3750899	10	115540710	PASS
POAG-AD	rs2419874	10	115542147	PASS
POAG-AD	rs2419872	10	115544197	PASS
POAG-AD	rs2419871	10	115545724	PASS
POAG-AD	rs7927222	11	85627108	PASS
POAG-AD	rs661271	11	85653256	PASS
POAG-AD	rs11234804	11	86484146	PASS
POAG-AD	rs10898535	11	86485689	PASS
POAG-AD	rs12787853	11	86490519	PASS
POAG-AD	rs12786875	11	86490580	PASS
POAG-AD	rs897300	10	126320902	PASS
POAG-AD	rs7075794	10	126338093	PASS
POAG-AD	rs10736889	10	126338657	PASS
POAG-AD	rs3781458	10	126343931	PASS
POAG-AD	rs3781452	10	126355129	PASS
POAG-AD	rs17152232	10	126398927	PASS
POAG-AD	rs6597851	10	126413773	PASS
POAG-AD	rs4937508	11	130257002	PASS
POAG-AD	rs747249	11	130271647	PASS
POAG-AD	rs4936098	11	130280667	PASS
POAG-AD	rs1882543	12	107067160	PASS
POAG-AD	rs1882542	12	107070049	PASS
POAG-AD	rs10467028	12	107076405	PASS
POAG-AD	rs7309351	12	107077432	PASS
POAG-AD	rs10467029	12	107078448	PASS
POAG-AD	rs1922435	12	107082455	PASS
POAG-AD	rs9804754	12	107083031	PASS
POAG-AD	rs10778502	12	107090201	PASS
POAG-AD	rs4964483	12	107099057	PASS
POAG-AD	rs12298717	12	107099883	PASS
POAG-AD	rs7959062	12	107107334	PASS
POAG-AD	rs754184	12	107117521	PASS
POAG-AD	rs10861655	12	107129419	PASS
POAG-AD	rs4385986	12	107133775	PASS
POAG-AD	rs4964486	12	107140790	PASS
POAG-AD	rs10778508	12	107159405	PASS
POAG-AD	rs10778510	12	107162965	PASS
POAG-AD	rs9651957	12	107170128	PASS
POAG-AD	rs2044304	12	107184363	PASS
POAG-AD	rs11113116	12	107195929	PASS
POAG-AD	rs12369214	12	107198611	PASS
POAG-AD	rs1811458	12	107203683	PASS
POAG-AD	rs7964605	12	107205413	PASS
POAG-AD	rs3782709	12	107205753	PASS
POAG-AD	rs1037013	12	107219308	PASS
POAG-AD	rs10861671	12	107220927	PASS
POAG-AD	rs4964492	12	107222774	PASS
POAG-AD	rs6539283	12	107222989	PASS
POAG-AD	rs7297592	12	107223969	PASS
POAG-AD	rs1579808	12	107239947	PASS
POAG-AD	rs7977247	12	107259470	PASS
POAG-AD	rs4964494	12	107284460	PASS
POAG-AD	rs1024855	12	107289476	PASS
POAG-AD	rs3184504	12	111884608	PASS
POAG-AD	rs653178	12	112007756	PASS
POAG-AD	rs12916255	15	51189707	PASS
POAG-AD	rs7335868	13	22657130	PASS
POAG-AD	rs9552590	13	22658399	PASS
POAG-AD	rs7999220	13	22665512	PASS
POAG-AD	rs17075847	13	22667582	PASS
POAG-AD	rs1570457	13	22668807	PASS
POAG-AD	rs17075855	13	22669058	PASS
POAG-AD	rs7332465	13	22669707	PASS
POAG-AD	rs4769194	13	22673870	PASS
POAG-AD	rs6490697	13	22679011	PASS
POAG-AD	rs4770245	13	22683159	PASS
POAG-AD	rs4774879	15	56905484	PASS
POAG-AD	rs534005	15	56985015	PASS
POAG-AD	rs809459	15	56987023	PASS
POAG-AD	rs1680488	15	57005363	PASS
POAG-AD	rs4774891	15	57019785	PASS
POAG-AD	rs7164742	15	57209618	PASS
POAG-AD	rs213163	15	57216986	PASS
POAG-AD	rs12906025	15	57234576	PASS
POAG-AD	rs1625176	15	57266816	PASS
POAG-AD	rs11856338	15	57273239	PASS
POAG-AD	rs1652738	15	57274001	PASS
POAG-AD	rs2566844	15	57282719	PASS
POAG-AD	rs2585076	15	57287149	PASS
POAG-AD	rs2957576	15	57313706	PASS
POAG-AD	rs2733187	15	57370220	PASS
POAG-AD	rs2957578	15	57371275	PASS
POAG-AD	rs2593221	15	57501414	PASS
POAG-AD	rs2593236	15	57538474	PASS
POAG-AD	rs2733330	15	57551789	PASS
POAG-AD	rs2288369	12	51748326	PASS
POAG-AD	rs2241545	12	51754629	PASS
POAG-AD	rs3782473	12	51756269	PASS
POAG-AD	rs7970638	12	51758512	PASS
POAG-AD	rs11169819	12	51761630	PASS
POAG-AD	rs12433887	14	53322999	PASS
POAG-AD	rs2884345	14	53323211	PASS
POAG-AD	rs12147852	14	53361875	PASS
POAG-AD	rs11157934	14	53365816	PASS
POAG-AD	rs957190	14	53390620	PASS
POAG-AD	rs1570878	14	53391743	PASS
POAG-AD	rs12888114	14	53401261	PASS
POAG-AD	rs7494379	14	53411391	PASS
POAG-AD	rs6495075	15	73981005	PASS
POAG-AD	rs11072430	15	73981701	PASS
POAG-AD	rs1078967	15	74222987	PASS
POAG-AD	rs8041642	15	74225106	PASS
POAG-AD	rs8041685	15	74225193	PASS
POAG-AD	rs12437465	15	74243246	PASS
POAG-AD	rs10519203	15	78814046	PASS
POAG-AD	rs2350893	14	60795621	PASS
POAG-AD	rs2145540	14	60799834	PASS
POAG-AD	rs11628064	14	61108569	PASS
POAG-AD	rs11840971	13	51615784	PASS
POAG-CAD	rs251023	5	140893410	PASS
POAG-CAD	rs1549919	5	149453450	PASS
POAG-CAD	rs762681	5	149454311	PASS
POAG-CAD	rs10950371	7	1825304	PASS
POAG-CAD	rs13238613	7	1828038	PASS
POAG-CAD	rs7803164	7	1829835	PASS
POAG-CAD	rs7789703	7	1829899	PASS
POAG-CAD	rs11765458	7	1858467	PASS
POAG-CAD	rs11765459	7	1858475	PASS
POAG-CAD	rs11764337	7	1892309	PASS
POAG-CAD	rs4719331	7	1914679	PASS
POAG-CAD	rs7788921	7	1915282	PASS
POAG-CAD	rs10278591	7	1921362	PASS
POAG-CAD	rs6951956	7	1934131	PASS
POAG-CAD	rs10267593	7	1937261	PASS
POAG-CAD	rs4332037	7	1950809	PASS
POAG-CAD	rs10268609	7	1962163	PASS
POAG-CAD	rs12699476	7	1968245	PASS
POAG-CAD	rs11773627	7	2002733	PASS
POAG-CAD	rs11764590	7	2032803	PASS
POAG-CAD	rs3996325	7	2053747	PASS
POAG-CAD	rs4721321	7	2068470	PASS
POAG-CAD	rs1533827	7	2074290	PASS
POAG-CAD	rs1533829	7	2082841	PASS
POAG-CAD	rs10276536	7	2086960	PASS
POAG-CAD	rs6461115	7	2103668	PASS
POAG-CAD	rs3823624	7	2110346	PASS
POAG-CAD	rs9361866	6	82592568	PASS
POAG-CAD	rs9361867	6	82595959	PASS
POAG-CAD	rs7450340	6	82599523	PASS
POAG-CAD	rs885582	6	82612197	PASS
POAG-CAD	rs4613862	6	82612271	PASS
POAG-CAD	rs2875087	6	82616083	PASS
POAG-CAD	rs4706916	6	82692160	PASS
POAG-CAD	rs2247762	7	99500899	PASS
POAG-CAD	rs7781442	7	99505223	PASS
POAG-CAD	rs2572000	7	99509324	PASS
POAG-CAD	rs2527908	7	99520563	PASS
POAG-CAD	rs1121592	7	99523631	PASS
POAG-CAD	rs2527902	7	99525071	PASS
POAG-CAD	rs2527900	7	99525241	PASS
POAG-CAD	rs2711846	7	103152497	PASS
POAG-CAD	rs7809970	7	103601534	PASS
POAG-CAD	rs6950391	7	103603530	PASS
POAG-CAD	rs4358742	7	103613875	PASS
POAG-CAD	rs4460306	7	103621132	PASS
POAG-CAD	rs10256985	7	103622786	PASS
POAG-CAD	rs10272734	7	103622857	PASS
POAG-CAD	rs9689020	6	1335969	PASS
POAG-CAD	rs9502893	6	1340189	PASS
POAG-CAD	rs2251176	6	1544743	PASS
POAG-CAD	rs2317965	6	1545513	PASS
POAG-CAD	rs2873591	6	1545554	PASS
POAG-CAD	rs2569835	6	1546896	PASS
POAG-CAD	rs2745567	6	1546922	PASS
POAG-CAD	rs2493160	6	1547019	PASS
POAG-CAD	rs4412249	6	2002051	PASS
POAG-CAD	rs4367413	6	2002196	PASS
POAG-CAD	rs11242729	6	2005974	PASS
POAG-CAD	rs6925298	6	2007687	PASS
POAG-CAD	rs6596867	6	2012739	PASS
POAG-CAD	rs11242732	6	2037175	PASS
POAG-CAD	rs11242733	6	2038374	PASS
POAG-CAD	rs9503077	6	2039044	PASS
POAG-CAD	rs12201717	6	2043480	PASS
POAG-CAD	rs4959630	6	2048584	PASS
POAG-CAD	rs476594	6	2059110	PASS
POAG-CAD	rs1004779	6	2093432	PASS
POAG-CAD	rs2026446	6	2095234	PASS
POAG-CAD	rs2142741	6	11262323	PASS
POAG-CAD	rs4714870	6	12797055	PASS
POAG-CAD	rs2254235	6	134365043	PASS
POAG-CAD	rs965652	6	134368953	PASS
POAG-CAD	rs2811686	6	134369424	PASS
POAG-CAD	rs2811689	6	134372711	PASS
POAG-CAD	rs1385069	6	134374204	PASS
POAG-CAD	rs2627231	6	134374673	PASS
POAG-CAD	rs2811680	6	134377218	PASS
POAG-CAD	rs2209331	6	136442606	PASS
POAG-CAD	rs3799386	6	136450147	PASS
POAG-CAD	rs3757155	6	136458593	PASS
POAG-CAD	rs2046091	6	136459249	PASS
POAG-CAD	rs4896198	6	136465433	PASS
POAG-CAD	rs2170231	6	136467134	PASS
POAG-CAD	rs1471545	6	136471707	PASS
POAG-CAD	rs1471546	6	136471800	PASS
POAG-CAD	rs4896201	6	136472439	PASS
POAG-CAD	rs4896202	6	136472496	PASS
POAG-CAD	rs6900627	6	22570245	PASS
POAG-CAD	rs11751669	6	22571037	PASS
POAG-CAD	rs3734215	6	22571323	PASS
POAG-CAD	rs6908475	6	22572798	PASS
POAG-CAD	rs12662891	6	22575096	PASS
POAG-CAD	rs12111204	6	22578227	PASS
POAG-CAD	rs11759474	6	22580980	PASS
POAG-CAD	rs13200143	6	22586212	PASS
POAG-CAD	rs765782	6	22592216	PASS
POAG-CAD	rs2294822	6	22596815	PASS
POAG-CAD	rs2294825	6	22597820	PASS
POAG-CAD	rs11753523	6	22602094	PASS
POAG-CAD	rs6903615	6	22602569	PASS
POAG-CAD	rs6456498	6	22603610	PASS
POAG-CAD	rs9348527	6	22604319	PASS
POAG-CAD	rs11754964	6	22604737	PASS
POAG-CAD	rs6909574	6	22606773	PASS
POAG-CAD	rs10485012	6	22607026	PASS
POAG-CAD	rs13217022	6	22612757	PASS
POAG-CAD	rs4713989	6	36604198	PASS
POAG-CAD	rs10947690	6	37631768	PASS
POAG-CAD	rs1544935	6	39124448	PASS
POAG-CAD	rs12214118	6	39136651	PASS
POAG-CAD	rs9394577	6	39149784	PASS
POAG-CAD	rs10456468	6	39151425	PASS
POAG-CAD	rs10947786	6	39156410	PASS
POAG-CAD	rs9394578	6	39165859	PASS
POAG-CAD	rs9470997	6	39166247	PASS
POAG-CAD	rs733701	6	39171862	PASS
POAG-CAD	rs10947787	6	39174525	PASS
POAG-CAD	rs10947788	6	39174612	PASS
POAG-CAD	rs9462492	6	39177574	PASS
POAG-CAD	rs2033226	6	39182401	PASS
POAG-CAD	rs6918122	6	39188691	PASS
POAG-CAD	rs688359	6	160465291	PASS
POAG-CAD	rs3861973	6	160628905	PASS
POAG-CAD	rs10945656	6	160635886	PASS
POAG-CAD	rs3127592	6	160637844	PASS
POAG-CAD	rs3103353	6	160638076	PASS
POAG-CAD	rs3103352	6	160638725	PASS
POAG-CAD	rs10755577	6	160640494	PASS
POAG-CAD	rs3127575	6	160644012	PASS
POAG-CAD	rs10945657	6	160652929	PASS
POAG-CAD	rs17588242	6	160663230	PASS
POAG-CAD	rs2279463	6	160668389	PASS
POAG-CAD	rs3798156	6	160676216	PASS
POAG-CAD	rs3127573	6	160681393	PASS
POAG-CAD	rs3127572	6	160682218	PASS
POAG-CAD	rs3119309	6	160685072	PASS
POAG-CAD	rs7757336	6	160689558	PASS
POAG-CAD	rs3119311	6	160693107	PASS
POAG-CAD	rs2481030	6	160756435	PASS
POAG-CAD	rs2481031	6	160756729	PASS
POAG-CAD	rs3106164	6	160850273	PASS
POAG-CAD	rs3127596	6	160953035	PASS
POAG-CAD	rs3798221	6	160998148	PASS
POAG-CAD	rs1367210	6	161082799	PASS
POAG-CAD	rs1853017	6	161133046	PASS
POAG-CAD	rs4252109	6	161137663	PASS
POAG-CAD	rs13231	6	161139857	PASS
POAG-CAD	rs4252117	6	161143376	PASS
POAG-CAD	rs4252120	6	161143608	PASS
POAG-CAD	rs1897108	6	161146704	PASS
POAG-CAD	rs4252125	6	161152240	PASS
POAG-CAD	rs4252130	6	161153080	PASS
POAG-CAD	rs4252134	6	161153527	PASS
POAG-CAD	rs4252135	6	161154232	PASS
POAG-CAD	rs3798917	6	161516831	PASS
POAG-CAD	rs3757025	6	161665523	PASS
POAG-CAD	rs1884480	6	161672443	PASS
POAG-CAD	rs3778232	6	161672688	PASS
POAG-CAD	rs4327934	9	19430331	PASS
POAG-CAD	rs10120186	9	19438402	PASS
POAG-CAD	rs6475555	9	21716997	PASS
POAG-CAD	rs7865620	9	21719996	PASS
POAG-CAD	rs7847574	9	21720481	PASS
POAG-CAD	rs4341236	9	21727208	PASS
POAG-CAD	rs6475564	9	21728683	PASS
POAG-CAD	rs10965117	9	21730410	PASS
POAG-CAD	rs10757238	9	21732466	PASS
POAG-CAD	rs1414237	9	21732912	PASS
POAG-CAD	rs1414238	9	21737149	PASS
POAG-CAD	rs1335503	9	21737822	PASS
POAG-CAD	rs2891159	9	21747672	PASS
POAG-CAD	rs4636294	9	21747803	PASS
POAG-CAD	rs1414242	9	21748239	PASS
POAG-CAD	rs1335508	9	21750587	PASS
POAG-CAD	rs2218220	9	21756089	PASS
POAG-CAD	rs7856941	9	21761322	PASS
POAG-CAD	rs10121899	9	21770951	PASS
POAG-CAD	rs1341866	9	21771241	PASS
POAG-CAD	rs2184551	9	21773222	PASS
POAG-CAD	rs10965127	9	21778976	PASS
POAG-CAD	rs7846749	9	21780251	PASS
POAG-CAD	rs1345024	9	21785018	PASS
POAG-CAD	rs7049092	9	21787262	PASS
POAG-CAD	rs12344842	9	21793177	PASS
POAG-CAD	rs4364717	9	21801530	PASS
POAG-CAD	rs871024	9	21803880	PASS
POAG-CAD	rs869330	9	21804617	PASS
POAG-CAD	rs10757257	9	21806564	PASS
POAG-CAD	rs10965143	9	21808752	PASS
POAG-CAD	rs7023329	9	21816528	PASS
POAG-CAD	rs7023474	9	21816646	PASS
POAG-CAD	rs7023954	9	21816758	PASS
POAG-CAD	rs7027989	9	21817754	PASS
POAG-CAD	rs3928894	9	21818310	PASS
POAG-CAD	rs3900787	9	21828110	PASS
POAG-CAD	rs9657608	9	21956230	PASS
POAG-CAD	rs717326	9	21958524	PASS
POAG-CAD	rs3088440	9	21968159	PASS
POAG-CAD	rs4074785	9	21981583	PASS
POAG-CAD	rs3217986	9	22005330	PASS
POAG-CAD	rs575427	9	22011477	PASS
POAG-CAD	rs1759417	9	22033389	PASS
POAG-CAD	rs12352425	9	22042086	PASS
POAG-CAD	rs1011970	9	22062134	PASS
POAG-CAD	rs16905599	9	22069144	PASS
POAG-CAD	rs7018475	9	22137685	PASS
POAG-CAD	rs12414747	10	25095648	PASS
POAG-CAD	rs10764497	10	25097387	PASS
POAG-CAD	rs4553267	10	25117861	PASS
POAG-CAD	rs9418456	10	25120168	PASS
POAG-CAD	rs2478085	10	25130623	PASS
POAG-CAD	rs6997760	8	25045912	PASS
POAG-CAD	rs6996838	8	25052372	PASS
POAG-CAD	rs1510758	8	25061807	PASS
POAG-CAD	rs1510757	8	25062033	PASS
POAG-CAD	rs10108438	8	25065929	PASS
POAG-CAD	rs7873826	9	91037136	PASS
POAG-CAD	rs10780921	9	91076618	PASS
POAG-CAD	rs7854707	9	91084877	PASS
POAG-CAD	rs2039387	9	91098867	PASS
POAG-CAD	rs10868789	9	91101832	PASS
POAG-CAD	rs2954018	8	126477153	PASS
POAG-CAD	rs2980853	8	126478350	PASS
POAG-CAD	rs2001845	8	126478644	PASS
POAG-CAD	rs6982636	8	126479315	PASS
POAG-CAD	rs2980875	8	126481747	PASS
POAG-CAD	rs2980869	8	126488250	PASS
POAG-CAD	rs2954032	8	126493392	PASS
POAG-CAD	rs10808546	8	126495818	PASS
POAG-CAD	rs10763548	10	60245684	PASS
POAG-CAD	rs7068336	10	60261070	PASS
POAG-CAD	rs1427207	10	60264371	PASS
POAG-CAD	rs7084402	10	60265404	PASS
POAG-CAD	rs717452	10	60268270	PASS
POAG-CAD	rs4113952	10	60268599	PASS
POAG-CAD	rs6481402	10	60268977	PASS
POAG-CAD	rs7069916	10	60271824	PASS
POAG-CAD	rs7095501	10	60271940	PASS
POAG-CAD	rs7073504	10	60271987	PASS
POAG-CAD	rs12264028	10	60278140	PASS
POAG-CAD	rs1649031	10	60279742	PASS
POAG-CAD	rs1649023	10	60285820	PASS
POAG-CAD	rs1427222	10	60290970	PASS
POAG-CAD	rs1658469	10	60292402	PASS
POAG-CAD	rs1649080	10	60293294	PASS
POAG-CAD	rs1303970	10	60298477	PASS
POAG-CAD	rs1619284	10	60302515	PASS
POAG-CAD	rs1649069	10	60303695	PASS
POAG-CAD	rs1658456	10	60304326	PASS
POAG-CAD	rs7911971	10	60305160	PASS
POAG-CAD	rs1649059	10	60312599	PASS
POAG-CAD	rs7099881	10	60316211	PASS
POAG-CAD	rs1649057	10	60318114	PASS
POAG-CAD	rs1649053	10	60321487	PASS
POAG-CAD	rs1649051	10	60321997	PASS
POAG-CAD	rs1649048	10	60324282	PASS
POAG-CAD	rs1658438	10	60326583	PASS
POAG-CAD	rs11815274	10	60328891	PASS
POAG-CAD	rs1649039	10	60330041	PASS
POAG-CAD	rs1658429	10	60330422	PASS
POAG-CAD	rs11006187	10	60333383	PASS
POAG-CAD	rs4948522	10	60334575	PASS
POAG-CAD	rs6481407	10	60335090	PASS
POAG-CAD	rs10763556	10	60341398	PASS
POAG-CAD	rs10763558	10	60341934	PASS
POAG-CAD	rs10763559	10	60347410	PASS
POAG-CAD	rs4948524	10	60351224	PASS
POAG-CAD	rs1866168	10	60361562	PASS
POAG-CAD	rs12258523	10	60365975	PASS
POAG-CAD	rs12244874	10	60369477	PASS
POAG-CAD	rs10826205	10	60371606	PASS
POAG-CAD	rs920259	10	60396065	PASS
POAG-CAD	rs2487052	9	107686405	PASS
POAG-CAD	rs2472519	9	107715878	PASS
POAG-CAD	rs2472511	9	107719789	PASS
POAG-CAD	rs4397467	9	107722578	PASS
POAG-CAD	rs11601507	11	5701074	PASS
POAG-CAD	rs7101895	11	8836030	PASS
POAG-CAD	rs7929332	11	10224357	PASS
POAG-CAD	rs17294693	11	10232713	PASS
POAG-CAD	rs2637261	10	78320593	PASS
POAG-CAD	rs2894347	10	78629107	PASS
POAG-CAD	rs1340380	10	82115619	PASS
POAG-CAD	rs10788586	10	82117435	PASS
POAG-CAD	rs4536152	10	82119242	PASS
POAG-CAD	rs1934694	10	82125325	PASS
POAG-CAD	rs1934692	10	82125734	PASS
POAG-CAD	rs1340375	10	82129039	PASS
POAG-CAD	rs10749578	10	82139115	PASS
POAG-CAD	rs6585967	10	82139791	PASS
POAG-CAD	rs10749581	10	82141651	PASS
POAG-CAD	rs10466235	10	82149655	PASS
POAG-CAD	rs7081889	10	82165427	PASS
POAG-CAD	rs7092237	10	82165640	PASS
POAG-CAD	rs7082705	10	82170856	PASS
POAG-CAD	rs1870142	10	82182296	PASS
POAG-CAD	rs4934169	10	82203663	PASS
POAG-CAD	rs1281159	9	129858518	PASS
POAG-CAD	rs4934263	10	88558223	PASS
POAG-CAD	rs4933411	10	88558471	PASS
POAG-CAD	rs4934265	10	88561324	PASS
POAG-CAD	rs4934268	10	88571339	PASS
POAG-CAD	rs2354353	10	88575498	PASS
POAG-CAD	rs4933415	10	88580901	PASS
POAG-CAD	rs1124482	10	88594456	PASS
POAG-CAD	rs2883420	10	88611122	PASS
POAG-CAD	rs4934279	10	88639910	PASS
POAG-CAD	rs651007	9	136153875	PASS
POAG-CAD	rs579459	9	136154168	PASS
POAG-CAD	rs495828	9	136154867	PASS
POAG-CAD	rs932503	11	32371215	PASS
POAG-CAD	rs10125338	9	13617708	PASS
POAG-CAD	rs10961187	9	13657571	PASS
POAG-CAD	rs8192964	9	13660128	PASS
POAG-CAD	rs10961191	9	13667639	PASS
POAG-CAD	rs8192971	9	13671341	PASS
POAG-CAD	rs611629	9	13673639	PASS
POAG-CAD	rs7872836	9	13673697	PASS
POAG-CAD	rs571485	9	13674291	PASS
POAG-CAD	rs1408314	9	13682737	PASS
POAG-CAD	rs10961196	9	13683509	PASS
POAG-CAD	rs616906	9	13688666	PASS
POAG-CAD	rs1590404	9	13697152	PASS
POAG-CAD	rs688784	9	13704356	PASS
POAG-CAD	rs992457	9	13705882	PASS
POAG-CAD	rs625476	9	13705973	PASS
POAG-CAD	rs524126	9	13708607	PASS
POAG-CAD	rs789585	9	13710506	PASS
POAG-CAD	rs10961199	9	13714854	PASS
POAG-CAD	rs489504	9	13715063	PASS
POAG-CAD	rs1475671	9	13715520	PASS
POAG-CAD	rs1360561	9	13717300	PASS
POAG-CAD	rs10961203	9	13720160	PASS
POAG-CAD	rs1556494	9	13723812	PASS
POAG-CAD	rs2165951	9	13724282	PASS
POAG-CAD	rs10810010	9	13726670	PASS
POAG-CAD	rs979202	9	13730512	PASS
POAG-CAD	rs10756490	9	13732324	PASS
POAG-CAD	rs2382407	9	13734430	PASS
POAG-CAD	rs717605	9	13736965	PASS
POAG-CAD	rs829232	10	95750827	PASS
POAG-CAD	rs1223583	10	95756500	PASS
POAG-CAD	rs1223585	10	95764616	PASS
POAG-CAD	rs829228	10	95769344	PASS
POAG-CAD	rs829229	10	95769520	PASS
POAG-CAD	rs1223613	10	95774582	PASS
POAG-CAD	rs1776842	10	95776440	PASS
POAG-CAD	rs1223618	10	95777231	PASS
POAG-CAD	rs11187830	10	95998179	PASS
POAG-CAD	rs17109869	10	96000162	PASS
POAG-CAD	rs4917450	10	96009579	PASS
POAG-CAD	rs7919066	10	96010789	PASS
POAG-CAD	rs7919320	10	96010981	PASS
POAG-CAD	rs1408820	10	96013824	PASS
POAG-CAD	rs1830890	10	96019501	PASS
POAG-CAD	rs4918188	10	96033766	PASS
POAG-CAD	rs12258052	10	96036696	PASS
POAG-CAD	rs2077218	10	96071561	PASS
POAG-CAD	rs1867073	10	99793012	PASS
POAG-CAD	rs1413618	10	99888129	PASS
POAG-CAD	rs928579	10	99888343	PASS
POAG-CAD	rs2095365	10	99910033	PASS
POAG-CAD	rs10883050	10	99943568	PASS
POAG-CAD	rs10786401	10	99953979	PASS
POAG-CAD	rs11189513	10	99969568	PASS
POAG-CAD	rs10748721	10	99999343	PASS
POAG-CAD	rs7899632	10	100000625	PASS
POAG-CAD	rs3750595	10	100004906	PASS
POAG-CAD	rs10786405	10	100005282	PASS
POAG-CAD	rs1983865	10	100016339	PASS
POAG-CAD	rs1983864	10	100017453	PASS
POAG-CAD	rs10736126	10	100025924	PASS
POAG-CAD	rs4917386	10	105007528	PASS
POAG-CAD	rs1163075	10	105021263	PASS
POAG-CAD	rs1163087	10	105043289	PASS
POAG-CAD	rs4918003	10	105044157	PASS
POAG-CAD	rs11038403	11	45359713	PASS
POAG-CAD	rs11038404	11	45360514	PASS
POAG-CAD	rs12365374	11	45366065	PASS
POAG-CAD	rs10160502	11	45376816	PASS
POAG-CAD	rs12278000	11	45385440	PASS
POAG-CAD	rs11038434	11	45408931	PASS
POAG-CAD	rs11038451	11	45433578	PASS
POAG-CAD	rs11038456	11	45440540	PASS
POAG-CAD	rs11038459	11	45446375	PASS
POAG-CAD	rs2181444	10	10842639	PASS
POAG-CAD	rs2031142	10	10846404	PASS
POAG-CAD	rs9424096	10	10847935	PASS
POAG-CAD	rs7083737	10	10848955	PASS
POAG-CAD	rs7088716	10	10850258	PASS
POAG-CAD	rs7070632	10	10850543	PASS
POAG-CAD	rs7085561	10	10853292	PASS
POAG-CAD	rs867221	10	10855297	PASS
POAG-CAD	rs10905835	10	10859858	PASS
POAG-CAD	rs7098466	10	10861263	PASS
POAG-CAD	rs7069558	10	10870241	PASS
POAG-CAD	rs11605781	11	120178632	PASS
POAG-CAD	rs17245504	11	120178753	PASS
POAG-CAD	rs1893261	11	120198093	PASS
POAG-CAD	rs11217821	11	120202099	PASS
POAG-CAD	rs12806740	11	120203628	PASS
POAG-CAD	rs4938799	11	120208257	PASS
POAG-CAD	rs4938800	11	120209386	PASS
POAG-CAD	rs7932658	11	120211212	PASS
POAG-CAD	rs4539328	11	120218243	PASS
POAG-CAD	rs4938801	11	120223399	PASS
POAG-CAD	rs10892563	11	120224544	PASS
POAG-CAD	rs7924963	11	120233536	PASS
POAG-CAD	rs1892894	11	120254684	PASS
POAG-CAD	rs7478880	11	120261791	PASS
POAG-CAD	rs7107211	11	120262922	PASS
POAG-CAD	rs7933086	11	120269308	PASS
POAG-CAD	rs4381380	11	120273316	PASS
POAG-CAD	rs4938804	11	120273865	PASS
POAG-CAD	rs4938805	11	120274211	PASS
POAG-CAD	rs6589812	11	120278359	PASS
POAG-CAD	rs6589813	11	120293490	PASS
POAG-CAD	rs7115714	11	120294861	PASS
POAG-CAD	rs7131597	11	120303939	PASS
POAG-CAD	rs723937	11	120312746	PASS
POAG-CAD	rs2305008	11	120319064	PASS
POAG-CAD	rs4938808	11	120336902	PASS
POAG-CAD	rs894839	11	120337705	PASS
POAG-CAD	rs7939137	11	120343271	PASS
POAG-CAD	rs10790383	11	120344526	PASS
POAG-CAD	rs10892582	11	120347715	PASS
POAG-CAD	rs4938809	11	120363937	PASS
POAG-CAD	rs7901695	10	114754088	PASS
POAG-CAD	rs7903146	10	114758349	PASS
POAG-CAD	rs7074440	10	114785424	PASS
POAG-CAD	rs12243326	10	114788815	PASS
POAG-CAD	rs7902084	10	115547965	PASS
POAG-CAD	rs11196493	10	115548828	PASS
POAG-CAD	rs2419867	10	115550540	PASS
POAG-CAD	rs10749145	10	115551895	PASS
POAG-CAD	rs11105179	12	89513020	PASS
POAG-CAD	rs7924522	11	128380742	PASS
POAG-CAD	rs7108992	11	128381867	PASS
POAG-CAD	rs7946009	11	128387422	PASS
POAG-CAD	rs6590334	11	128403208	PASS
POAG-CAD	rs3809006	11	128410836	PASS
POAG-CAD	rs4128561	11	128415129	PASS
POAG-CAD	rs4245079	11	128420926	PASS
POAG-CAD	rs4262739	11	128421175	PASS
POAG-CAD	rs7115781	11	128422541	PASS
POAG-CAD	rs3948853	11	128433319	PASS
POAG-CAD	rs11221351	11	128436269	PASS
POAG-CAD	rs7928282	11	128441497	PASS
POAG-CAD	rs11221356	11	128443833	PASS
POAG-CAD	rs11221357	11	128444011	PASS
POAG-CAD	rs7126621	11	128446187	PASS
POAG-CAD	rs1944854	11	128450461	PASS
POAG-CAD	rs2213018	11	128466849	PASS
POAG-CAD	rs11227229	11	65354150	PASS
POAG-CAD	rs12576996	11	65580638	PASS
POAG-CAD	rs655744	11	65776585	PASS
POAG-CAD	rs1192925	11	69476279	PASS
POAG-CAD	rs1789165	11	69481969	PASS
POAG-CAD	rs1789166	11	69482091	PASS
POAG-CAD	rs1789167	11	69486244	PASS
POAG-CAD	rs10796828	11	69490346	PASS
POAG-CAD	rs1789172	11	69494592	PASS
POAG-CAD	rs1192924	11	69506480	PASS
POAG-CAD	rs1789170	11	69509343	PASS
POAG-CAD	rs12828640	12	111361298	PASS
POAG-CAD	rs886125	12	111365324	PASS
POAG-CAD	rs7979656	12	111376637	PASS
POAG-CAD	rs10849918	12	111376921	PASS
POAG-CAD	rs10849920	12	111377051	PASS
POAG-CAD	rs6489844	12	111385296	PASS
POAG-CAD	rs4766521	12	111386961	PASS
POAG-CAD	rs3919447	12	111391799	PASS
POAG-CAD	rs4766522	12	111393519	PASS
POAG-CAD	rs2106407	12	111394327	PASS
POAG-CAD	rs2106406	12	111394384	PASS
POAG-CAD	rs12425190	12	111394929	PASS
POAG-CAD	rs2339706	12	111396419	PASS
POAG-CAD	rs4509829	12	111396613	PASS
POAG-CAD	rs12818548	12	111398098	PASS
POAG-CAD	rs4766524	12	111399446	PASS
POAG-CAD	rs4766525	12	111399660	PASS
POAG-CAD	rs7961663	12	111399771	PASS
POAG-CAD	rs7978821	12	111400116	PASS
POAG-CAD	rs4766526	12	111401316	PASS
POAG-CAD	rs4766442	12	111401693	PASS
POAG-CAD	rs4766443	12	111401798	PASS
POAG-CAD	rs12815195	12	111402363	PASS
POAG-CAD	rs4766527	12	111405470	PASS
POAG-CAD	rs991817	12	111410537	PASS
POAG-CAD	rs4378452	12	111504033	PASS
POAG-CAD	rs11065822	12	111600134	PASS
POAG-CAD	rs1265566	12	111716376	PASS
POAG-CAD	rs3809272	12	111800258	PASS
POAG-CAD	rs2238151	12	112211833	PASS
POAG-CAD	rs10744777	12	112233018	PASS
POAG-CAD	rs4767293	12	112463296	PASS
POAG-CAD	rs11066301	12	112871372	PASS
POAG-CAD	rs2891403	12	113137572	PASS
POAG-CAD	rs10744782	12	113166569	PASS
POAG-CAD	rs4767000	12	113168368	PASS
POAG-CAD	rs4767002	12	113169770	PASS
POAG-CAD	rs7314022	12	113176501	PASS
POAG-CAD	rs10850075	12	113182298	PASS
POAG-CAD	rs10850076	12	113183486	PASS
POAG-CAD	rs4767003	12	113190918	PASS
POAG-CAD	rs7315519	12	113192927	PASS
POAG-CAD	rs2384035	12	113209185	PASS
POAG-CAD	rs10792805	11	84799134	PASS
POAG-CAD	rs7972834	12	20164094	PASS
POAG-CAD	rs4762920	12	20184524	PASS
POAG-CAD	rs2417821	12	20190268	PASS
POAG-CAD	rs2417820	12	20190474	PASS
POAG-CAD	rs7980003	12	20192270	PASS
POAG-CAD	rs7979473	12	121420260	PASS
POAG-CAD	rs7979478	12	121420263	PASS
POAG-CAD	rs7947761	11	100624599	PASS
POAG-CAD	rs7126324	11	100633303	PASS
POAG-CAD	rs4469852	11	100633536	PASS
POAG-CAD	rs17095426	11	100638603	PASS
POAG-CAD	rs17095429	11	100639302	PASS
POAG-CAD	rs655922	11	100648073	PASS
POAG-CAD	rs11619453	13	110766350	PASS
POAG-CAD	rs12868126	13	110822524	PASS
POAG-CAD	rs1000989	13	110827303	PASS
POAG-CAD	rs2005447	13	110828350	PASS
POAG-CAD	rs1975514	13	110828891	PASS
POAG-CAD	rs1562173	13	110828922	PASS
POAG-CAD	rs503053	13	110831451	PASS
POAG-CAD	rs16975492	13	110833702	PASS
POAG-CAD	rs3783113	13	110834746	PASS
POAG-CAD	rs2278673	13	110836044	PASS
POAG-CAD	rs2391816	13	110836810	PASS
POAG-CAD	rs9521638	13	110839428	PASS
POAG-CAD	rs1977893	13	110840860	PASS
POAG-CAD	rs4773144	13	110960712	PASS
POAG-CAD	rs10895272	11	102074614	PASS
POAG-CAD	rs10895277	11	102084940	PASS
POAG-CAD	rs4475891	11	102096282	PASS
POAG-CAD	rs2282652	11	102097315	PASS
POAG-CAD	rs2198114	11	103542664	PASS
POAG-CAD	rs4754976	11	103545552	PASS
POAG-CAD	rs4754977	11	103545761	PASS
POAG-CAD	rs1917443	11	103552234	PASS
POAG-CAD	rs7924591	11	103566396	PASS
POAG-CAD	rs1483255	11	103677183	PASS
POAG-CAD	rs12574699	11	103683034	PASS
POAG-CAD	rs10149871	14	100111955	PASS
POAG-CAD	rs4905878	14	100115608	PASS
POAG-CAD	rs17562391	14	100133250	PASS
POAG-CAD	rs2895811	14	100133942	PASS
POAG-CAD	rs7157609	14	100150445	PASS
POAG-CAD	rs2093821	13	28969209	PASS
POAG-CAD	rs9595795	13	33122795	PASS
POAG-CAD	rs7328733	13	33126737	PASS
POAG-CAD	rs7332115	13	33147548	PASS
POAG-CAD	rs9591143	13	33159438	PASS
POAG-CAD	rs3742320	13	33164418	PASS
POAG-CAD	rs11840502	13	33198709	PASS
POAG-CAD	rs4842266	12	79951566	PASS
POAG-CAD	rs4842316	12	79974565	PASS
POAG-CAD	rs4842318	12	80044167	PASS
POAG-CAD	rs12827748	12	80088578	PASS
POAG-CAD	rs1490433	12	83885856	PASS
POAG-CAD	rs3112094	12	83887852	PASS
POAG-CAD	rs3110191	12	83909897	PASS
POAG-CAD	rs3103501	12	83910551	PASS
POAG-CAD	rs10862688	12	83922912	PASS
POAG-CAD	rs904091	12	83950668	PASS
POAG-CAD	rs17807835	12	83960889	PASS
POAG-CAD	rs324768	12	83969100	PASS
POAG-CAD	rs324769	12	83969240	PASS
POAG-CAD	rs324782	12	83991479	PASS
POAG-CAD	rs2645975	12	83996127	PASS
POAG-CAD	rs1497341	12	84007581	PASS
POAG-CAD	rs1826902	12	84014359	PASS
POAG-CAD	rs2645979	12	84017043	PASS
POAG-CAD	rs2667480	12	84018850	PASS
POAG-CAD	rs2731212	12	84019008	PASS
POAG-CAD	rs1846035	12	84021522	PASS
POAG-CAD	rs1497350	12	84027489	PASS
POAG-CAD	rs1156937	12	84028783	PASS
POAG-CAD	rs4882462	12	84042109	PASS
POAG-CAD	rs10506895	12	84049853	PASS
POAG-CAD	rs1948605	12	84050621	PASS
POAG-CAD	rs10779019	12	84051927	PASS
POAG-CAD	rs1391075	12	84052203	PASS
POAG-CAD	rs1391072	12	84060843	PASS
POAG-CAD	rs4882463	12	84062416	PASS
POAG-CAD	rs1511591	12	84062729	PASS
POAG-CAD	rs4882464	12	84064025	PASS
POAG-CAD	rs11115954	12	84070636	PASS
POAG-CAD	rs1497342	12	84070658	PASS
POAG-CAD	rs10779023	12	84074475	PASS
POAG-CAD	rs4371006	12	84085125	PASS
POAG-CAD	rs7135832	12	84090750	PASS
POAG-CAD	rs4133357	12	84094678	PASS
POAG-CAD	rs1115295	12	84094938	PASS
POAG-CAD	rs1603572	12	84103615	PASS
POAG-CAD	rs6539779	12	84111604	PASS
POAG-CAD	rs1903303	12	84122435	PASS
POAG-CAD	rs936454	12	84123772	PASS
POAG-CAD	rs7486401	12	84123813	PASS
POAG-CAD	rs10779037	12	84129119	PASS
POAG-CAD	rs10862748	12	84152210	PASS
POAG-CAD	rs17811547	12	84161715	PASS
POAG-CAD	rs922161	12	84163323	PASS
POAG-CAD	rs2061530	12	84208823	PASS
POAG-CAD	rs17757757	12	84242399	PASS
POAG-CAD	rs1841340	12	84258672	PASS
POAG-CAD	rs10862805	12	84357221	PASS
POAG-CAD	rs1715896	15	56828094	PASS
POAG-CAD	rs12907686	15	56846054	PASS
POAG-CAD	rs2676206	15	56860311	PASS
POAG-CAD	rs8034366	15	56890901	PASS
POAG-CAD	rs8031966	15	56982170	PASS
POAG-CAD	rs7402386	15	65003054	PASS
POAG-CAD	rs6494488	15	65024204	PASS
POAG-CAD	rs1956556	14	60818257	PASS
POAG-CAD	rs7147083	14	60841070	PASS
POAG-CAD	rs12588784	14	60896740	PASS
POAG-CAD	rs8008796	14	60927248	PASS
POAG-CAD	rs1126103	14	60933539	PASS
POAG-CAD	rs7152532	14	61000665	PASS
POAG-CAD	rs3783820	14	61105736	PASS
POAG-CAD	rs3783819	14	61316264	PASS
POAG-CKD	rs7440527	4	7826824	PASS
POAG-CKD	rs4404542	4	7852077	PASS
POAG-CKD	rs4388087	4	7853109	PASS
POAG-CKD	rs17770213	4	7896866	PASS
POAG-CKD	rs6829680	4	7912333	PASS
POAG-CKD	rs4856554	3	85022821	PASS
POAG-CKD	rs1016305	3	85082924	PASS
POAG-CKD	rs6549009	3	85086403	PASS
POAG-CKD	rs7645952	3	85116013	PASS
POAG-CKD	rs1994315	3	85144149	PASS
POAG-CKD	rs7647649	3	85147187	PASS
POAG-CKD	rs1421094	5	39355591	PASS
POAG-CKD	rs1421095	5	39355648	PASS
POAG-CKD	rs700220	5	39356591	PASS
POAG-CKD	rs700221	5	39357175	PASS
POAG-CKD	rs835214	5	39358557	PASS
POAG-CKD	rs10941432	5	39359276	PASS
POAG-CKD	rs835218	5	39359323	PASS
POAG-CKD	rs700229	5	39362039	PASS
POAG-CKD	rs700232	5	39364358	PASS
POAG-CKD	rs700233	5	39364554	PASS
POAG-CKD	rs700237	5	39368176	PASS
POAG-CKD	rs3812042	5	39370907	PASS
POAG-CKD	rs1046033	5	39372150	PASS
POAG-CKD	rs4578	5	39373253	PASS
POAG-CKD	rs2686162	5	39375082	PASS
POAG-CKD	rs2738238	5	39377418	PASS
POAG-CKD	rs1362800	5	39378115	PASS
POAG-CKD	rs2686163	5	39378259	PASS
POAG-CKD	rs835223	5	39381357	PASS
POAG-CKD	rs700242	5	39384888	PASS
POAG-CKD	rs10512696	5	39423907	PASS
POAG-CKD	rs6819498	4	143717643	PASS
POAG-CKD	rs13435565	4	143722951	PASS
POAG-CKD	rs11100760	4	143732619	PASS
POAG-CKD	rs7682068	4	144050379	PASS
POAG-CKD	rs11100771	4	144053881	PASS
POAG-CKD	rs7684847	4	144054567	PASS
POAG-CKD	rs7666785	4	144060464	PASS
POAG-CKD	rs4337690	4	144069561	PASS
POAG-CKD	rs7670439	4	144080267	PASS
POAG-CKD	rs4132266	4	144086245	PASS
POAG-CKD	rs11100780	4	144104906	PASS
POAG-CKD	rs4234886	4	144124492	PASS
POAG-CKD	rs11725565	4	144137359	PASS
POAG-CKD	rs11724872	4	144140665	PASS
POAG-CKD	rs12496410	3	122195594	PASS
POAG-CKD	rs641189	3	124233651	PASS
POAG-CKD	rs2668568	4	54471672	PASS
POAG-CKD	rs10041551	5	94046205	PASS
POAG-CKD	rs9823774	3	141061415	PASS
POAG-CKD	rs9823785	3	141061438	PASS
POAG-CKD	rs9369425	6	43810974	PASS
POAG-CKD	rs6937438	6	43815364	PASS
POAG-CKD	rs987237	6	50803050	PASS
POAG-CKD	rs10498788	6	51382397	PASS
POAG-CKD	rs10948664	6	51844205	PASS
POAG-CKD	rs2017134	6	51875890	PASS
POAG-CKD	rs9296669	6	51890823	PASS
POAG-CKD	rs2499480	6	51891011	PASS
POAG-CKD	rs2499479	6	51891327	PASS
POAG-CKD	rs9370092	6	51894955	PASS
POAG-CKD	rs2435315	6	51896569	PASS
POAG-CKD	rs609385	5	134597267	PASS
POAG-CKD	rs10515764	5	157945180	PASS
POAG-CKD	rs6947064	7	151397343	PASS
POAG-CKD	rs6967507	7	151397487	PASS
POAG-CKD	rs6968460	7	151398099	PASS
POAG-CKD	rs13239239	7	151423196	PASS
POAG-CKD	rs9405157	6	1988924	PASS
POAG-CKD	rs4076156	6	11424279	PASS
POAG-CKD	rs3184504	12	111884608	PASS
POAG-CKD	rs10774625	12	111910219	PASS
POAG-CKD	rs653178	12	112007756	PASS
POAG-CKD	rs11065987	12	112072424	PASS
POAG-CKD	rs17696736	12	112486818	PASS
POAG-CKD	rs17630235	12	112591686	PASS
POAG-CKD	rs11066188	12	112610714	PASS
POAG-CKD	rs11066301	12	112871372	PASS
POAG-CKD	rs11066320	12	112906415	PASS
POAG-CKD	rs7973823	12	121041728	PASS
POAG-CKD	rs11853822	15	39198018	PASS
POAG-CKD	rs724234	15	39205447	PASS
POAG-CKD	rs8036186	15	39221020	PASS
POAG-CKD	rs1368797	15	39228471	PASS
POAG-CKD	rs1433880	15	39233814	PASS
POAG-CKD	rs12898413	15	39234305	PASS
POAG-CKD	rs768269	15	39235357	PASS
POAG-CKD	rs16967810	15	39235596	PASS
POAG-CKD	rs12913645	15	45555066	PASS
POAG-CKD	rs2413769	15	45561868	PASS
POAG-CKD	rs1706824	15	45579948	PASS
POAG-CKD	rs1719247	15	45620985	PASS
POAG-CKD	rs12439274	15	45636667	PASS
POAG-CKD	rs11858495	15	45637662	PASS
POAG-CKD	rs11852800	15	45639131	PASS
POAG-CKD	rs2467864	15	45641098	PASS
POAG-CKD	rs9783731	15	45642884	PASS
POAG-CKD	rs4775911	15	45649787	PASS
POAG-CKD	rs1145091	15	45649996	PASS
POAG-CKD	rs4774580	15	45652086	PASS
POAG-CKD	rs1153858	15	45652703	PASS
POAG-CKD	rs4395020	15	45652889	PASS
POAG-CKD	rs1049508	15	45653592	PASS
POAG-CKD	rs3759899	15	45655903	PASS
POAG-CKD	rs10519022	15	45663684	PASS
POAG-CKD	rs12437840	15	45669055	PASS
POAG-CKD	rs12437887	15	45669094	PASS
POAG-CKD	rs7164602	15	45671325	PASS
POAG-CKD	rs1346268	15	45673029	PASS
POAG-CKD	rs3809472	15	45694318	PASS
POAG-CKD	rs1346266	15	45694516	PASS
POAG-CKD	rs1820518	15	45694579	PASS
POAG-CKD	rs1365610	15	45694610	PASS
POAG-CKD	rs1153849	15	45695695	PASS
POAG-CKD	rs3737267	15	45702799	PASS
POAG-CKD	rs12440038	15	45706739	PASS
POAG-CKD	rs1974981	15	45729123	PASS
POAG-CKD	rs950027	15	45801035	PASS
POAG-CKD	rs7969703	12	18218609	PASS
POAG-CKD	rs4763490	12	18221564	PASS
POAG-CKD	rs1906429	15	53858438	PASS
POAG-CKD	rs8036295	15	53864677	PASS
POAG-CKD	rs11855268	15	53878201	PASS
POAG-CKD	rs4776161	15	53878415	PASS
POAG-CKD	rs8039231	15	53883244	PASS
POAG-CKD	rs4332691	15	53890362	PASS
POAG-CKD	rs10152972	15	53899188	PASS
POAG-CKD	rs1906404	15	53906402	PASS
POAG-CKD	rs17730281	15	53907948	PASS
POAG-CKD	rs1105903	15	53919558	PASS
POAG-CKD	rs11858440	15	53926729	PASS
POAG-CKD	rs17730323	15	53927089	PASS
POAG-CKD	rs4776168	15	53936907	PASS
POAG-CKD	rs10518733	15	53940307	PASS
POAG-CKD	rs17730436	15	53942928	PASS
POAG-CKD	rs7495833	15	53943318	PASS
POAG-CKD	rs732975	15	53950390	PASS
POAG-CKD	rs1031755	15	53951435	PASS
POAG-CKD	rs17549749	15	53960628	PASS
POAG-CKD	rs10851543	15	53962748	PASS
POAG-CKD	rs3911726	15	53964746	PASS
POAG-CKD	rs689751	15	53974301	PASS
POAG-CKD	rs4774673	15	53987900	PASS
POAG-CKD	rs2470069	15	53988114	PASS
POAG-CKD	rs6416452	15	53994493	PASS
POAG-CKD	rs8038719	15	53995635	PASS
POAG-CKD	rs690054	15	54000973	PASS
POAG-CKD	rs690383	15	54002267	PASS
POAG-CKD	rs690214	15	54006063	PASS
POAG-CKD	rs11853157	15	54006275	PASS
POAG-CKD	rs690526	15	54007118	PASS
POAG-CKD	rs475377	15	54009231	PASS
POAG-CKD	rs11070997	15	54010364	PASS
POAG-CKD	rs7164742	15	57209618	PASS
POAG-CKD	rs213163	15	57216986	PASS
POAG-CKD	rs1625176	15	57266816	PASS
POAG-CKD	rs11856338	15	57273239	PASS
POAG-CKD	rs1652738	15	57274001	PASS
POAG-CKD	rs1652739	15	57276329	PASS
POAG-CKD	rs1631079	15	57278069	PASS
POAG-CKD	rs2566844	15	57282719	PASS
POAG-CKD	rs2585076	15	57287149	PASS
POAG-CKD	rs2435905	15	57308489	PASS
POAG-CKD	rs2464427	15	57360914	PASS
POAG-CKD	rs2733187	15	57370220	PASS
POAG-CKD	rs2957578	15	57371275	PASS
POAG-CKD	rs17819940	15	57425413	PASS
POAG-CKD	rs2593221	15	57501414	PASS
POAG-CKD	rs2733330	15	57551789	PASS
POAG-CKD	rs6493909	15	57562629	PASS
POAG-CKD	rs2431032	15	57565859	PASS
POAG-CKD	rs2921430	15	57581413	PASS
POAG-CKD	rs12426774	12	48153944	PASS
POAG-CKD	rs12818241	12	48157019	PASS
POAG-CKD	rs12810487	12	48159571	PASS
POAG-CKD	rs4760636	12	48173352	PASS
POAG-CKD	rs7418	12	48176792	PASS
POAG-CKD	rs13632	12	48177238	PASS
POAG-CKD	rs3815138	12	48178465	PASS
POAG-CKD	rs12625405	20	4757364	PASS
POAG-CKD	rs979547	20	6457839	PASS
POAG-CKD	rs928202	20	6470265	PASS
POAG-CKD	rs6140010	20	6473123	PASS
POAG-CKD	rs6107820	20	6486648	PASS
POAG-CKD	rs6133326	20	6487727	PASS
POAG-CKD	rs6516179	20	6489745	PASS
POAG-CKD	rs6107821	20	6493952	PASS
POAG-CKD	rs6107827	20	6498845	PASS
POAG-CKD	rs6117325	20	6519677	PASS
POAG-CKD	rs7222869	17	19417761	PASS
POAG-CKD	rs606119	19	827655	PASS
POAG-CKD	rs649411	19	827975	PASS
POAG-CKD	rs687077	19	829408	PASS
POAG-CKD	rs7208501	17	58912708	PASS
POAG-CKD	rs9904438	17	58917031	PASS
POAG-CKD	rs4456565	17	58921974	PASS
POAG-CKD	rs6504003	17	58939995	PASS
POAG-CKD	rs7210917	17	58946691	PASS
POAG-CKD	rs8064787	17	58977757	PASS
POAG-CKD	rs8071654	17	58982924	PASS
POAG-CKD	rs6504005	17	58986037	PASS
POAG-CKD	rs9900518	17	58990779	PASS
POAG-CKD	rs7213603	17	59003189	PASS
POAG-CKD	rs9894263	17	59005591	PASS
POAG-CKD	rs6504010	17	59018306	PASS
POAG-CKD	rs9914370	17	59022395	PASS
POAG-CKD	rs9912699	17	59034931	PASS
POAG-CKD	rs9303437	17	59135815	PASS
POAG-CKD	rs8064681	17	59155210	PASS
POAG-CKD	rs2052074	17	59161646	PASS
POAG-CKD	rs9899415	17	59164245	PASS
POAG-CKD	rs4968427	17	59220844	PASS
POAG-CKD	rs11868441	17	59239221	PASS
POAG-CKD	rs6504021	17	59240473	PASS
POAG-CKD	rs4968531	17	59242442	PASS
POAG-CKD	rs4968535	17	59245274	PASS
POAG-CKD	rs4968428	17	59248829	PASS
POAG-CKD	rs917571	17	59255231	PASS
POAG-CKD	rs12940510	17	59260643	PASS
POAG-CKD	rs11652263	17	59265017	PASS
POAG-CKD	rs12952507	17	59265044	PASS
POAG-CKD	rs12940987	17	59269257	PASS
POAG-CKD	rs11867840	17	59273265	PASS
POAG-CKD	rs11651885	17	59286263	PASS
POAG-CKD	rs3785864	17	59304612	PASS
POAG-CKD	rs6089303	20	60565797	PASS
POAG-CKD	rs2739526	21	16298857	PASS
POAG-PD	rs873785	4	925149	PASS
POAG-PD	rs6815138	4	941290	PASS
POAG-PD	rs4690326	4	953698	PASS
POAG-PD	rs4928106	3	100763611	PASS
POAG-PD	rs4700397	5	60135962	PASS
POAG-PD	rs3117	5	60170337	PASS
POAG-PD	rs4235483	5	60188222	PASS
POAG-PD	rs4647102	5	60199363	PASS
POAG-PD	rs158570	5	60224914	PASS
POAG-PD	rs158935	5	60237984	PASS
POAG-PD	rs158572	5	60239443	PASS
POAG-PD	rs158919	5	60241946	PASS
POAG-PD	rs158923	5	60253841	PASS
POAG-PD	rs2650517	5	60272542	PASS
POAG-PD	rs290506	5	60298360	PASS
POAG-PD	rs162242	5	60299072	PASS
POAG-PD	rs248685	5	60353983	PASS
POAG-PD	rs248682	5	60360218	PASS
POAG-PD	rs295533	5	60393968	PASS
POAG-PD	rs295560	5	60400848	PASS
POAG-PD	rs34636	5	60439580	PASS
POAG-PD	rs39661	5	60442087	PASS
POAG-PD	rs810883	5	60448947	PASS
POAG-PD	rs34624	5	60459716	PASS
POAG-PD	rs159358	5	60469912	PASS
POAG-PD	rs34616	5	60476776	PASS
POAG-PD	rs34609	5	60481408	PASS
POAG-PD	rs10935846	3	151133737	PASS
POAG-PD	rs2472495	9	107695396	PASS
POAG-PD	rs4556142	9	107734714	PASS
POAG-PD	rs4260948	9	107734804	PASS
POAG-PD	rs737623	9	107735105	PASS
POAG-PD	rs2185414	9	107737067	PASS
POAG-PD	rs4237211	9	107738689	PASS
POAG-PD	rs10761089	9	107740191	PASS
POAG-PD	rs10448285	9	129397014	PASS
POAG-PD	rs10906230	10	12851181	PASS
POAG-PD	rs1893261	11	120198093	PASS
POAG-PD	rs11217821	11	120202099	PASS
POAG-PD	rs12806740	11	120203628	PASS
POAG-PD	rs8059926	16	1761319	PASS
POAG-PD	rs12483205	21	38740824	PASS
POAG-PD	rs5750457	22	37976791	PASS
POAG-PD	rs138699	22	39129708	PASS
POAG-PD	rs2285580	17	16005187	PASS
POAG-PD	rs4566208	17	16010920	PASS
POAG-PD	rs2324142	17	16041306	PASS
POAG-PD	rs11167189	20	31549424	PASS
POAG-PD	rs646123	17	40720632	PASS
POAG-PD	rs665268	17	40722029	PASS
POAG-PD	rs10454087	17	40735641	PASS
POAG-PD	rs11654001	17	42655743	PASS
POAG-PD	rs9903517	17	42659401	PASS
POAG-PD	rs169201	17	44790203	PASS
POAG-PD	rs7224296	17	44800046	PASS
POAG-PD	rs199443	17	44819565	PASS
POAG-PD	rs199535	17	44822662	PASS
POAG-PD	rs199534	17	44824213	PASS
POAG-PD	rs199533	17	44828931	PASS
POAG-PD	rs199530	17	44836653	PASS
POAG-PD	rs199520	17	44853872	PASS
POAG-PD	rs199513	17	44856932	PASS
POAG-PD	rs415430	17	44859144	PASS
POAG-PD	rs199501	17	44862613	PASS
POAG-PD	rs2074404	17	44865439	PASS
POAG-PD	rs199498	17	44865603	PASS
POAG-PD	rs12452064	17	44868187	PASS
POAG-PD	rs11012	17	43513441	PASS
POAG-PD	rs17631676	17	43549526	PASS
POAG-PD	rs12944712	17	43871147	PASS
POAG-PD	rs110402	17	43880047	PASS
POAG-PD	rs242924	17	43885367	PASS
POAG-PD	rs171440	17	43893487	PASS
POAG-PD	rs173365	17	43901074	PASS
POAG-PD	rs17689966	17	43910455	PASS
POAG-STROKE	rs6681152	1	92478832	PASS
POAG-STROKE	rs6704294	1	101028687	PASS
POAG-STROKE	rs4584412	1	101181576	PASS
POAG-STROKE	rs713162	1	103216881	PASS
POAG-STROKE	rs10735776	1	103218185	PASS
POAG-STROKE	rs1451042	1	103278710	PASS
POAG-STROKE	rs11164616	1	103286648	PASS
POAG-STROKE	rs12404334	1	103325774	PASS
POAG-STROKE	rs2229783	1	103352451	PASS
POAG-STROKE	rs1763347	1	103354428	PASS
POAG-STROKE	rs1241163	1	103355765	PASS
POAG-STROKE	rs1620866	1	103368237	PASS
POAG-STROKE	rs3753841	1	103379918	PASS
POAG-STROKE	rs12138977	1	103393457	PASS
POAG-STROKE	rs2932538	1	113216543	PASS
POAG-STROKE	rs1106287	1	113242122	PASS
POAG-STROKE	rs1385069	6	134374204	PASS
POAG-STROKE	rs2627231	6	134374673	PASS
POAG-STROKE	rs6935146	6	135627369	PASS
POAG-STROKE	rs9394333	6	36144958	PASS
POAG-STROKE	rs9462491	6	39177026	PASS
POAG-STROKE	rs9462492	6	39177574	PASS
POAG-STROKE	rs2815114	6	39185605	PASS
POAG-STROKE	rs6557214	6	152682791	PASS
POAG-STROKE	rs575427	9	22011477	PASS
POAG-STROKE	rs13298881	9	22012051	PASS
POAG-STROKE	rs1759417	9	22033389	PASS
POAG-STROKE	rs1547705	9	22082375	PASS
POAG-STROKE	rs1333040	9	22083404	PASS
POAG-STROKE	rs2246255	8	108198849	PASS
POAG-STROKE	rs2844270	8	108218786	PASS
POAG-STROKE	rs7012260	8	108226328	PASS
POAG-STROKE	rs10099794	8	108240629	PASS
POAG-STROKE	rs1954732	8	108247913	PASS
POAG-STROKE	rs10505100	8	108278616	PASS
POAG-STROKE	rs4133395	8	108314971	PASS
POAG-STROKE	rs10098499	8	108458582	PASS
POAG-T2D	rs871689	10	64894047	PASS
POAG-T2D	rs12770187	10	64908689	PASS
POAG-T2D	rs1046521	10	64914467	PASS
POAG-T2D	rs12762115	10	64956442	PASS
POAG-T2D	rs12775231	10	65018253	PASS
POAG-T2D	rs12783001	10	65091110	PASS
POAG-T2D	rs34028683	10	65165762	PASS
POAG-T2D	rs17741131	10	65201926	PASS
POAG-T2D	rs12770873	10	65248507	PASS
POAG-T2D	rs12761962	10	65309867	PASS
POAG-T2D	rs2393985	10	65315005	PASS
POAG-T2D	rs2195594	10	65319321	PASS
POAG-T2D	rs3847326	10	65331859	PASS
POAG-T2D	rs6479909	10	65333946	PASS
POAG-T2D	rs12768534	10	65340897	PASS
POAG-T2D	rs17742981	10	65347105	PASS
POAG-T2D	rs6479911	10	65351581	PASS
POAG-T2D	rs1864390	10	65356109	PASS
POAG-T2D	rs7866254	9	96903469	PASS
POAG-T2D	rs7872931	9	96970197	PASS
POAG-T2D	rs11592899	10	71333783	PASS
POAG-T2D	rs1259604	10	77119065	PASS
POAG-T2D	rs1262398	10	77121082	PASS
POAG-T2D	rs1652704	10	77123651	PASS
POAG-T2D	rs7078507	10	77140864	PASS
POAG-T2D	rs1897191	10	77143467	PASS
POAG-T2D	rs7072873	10	77210191	PASS
POAG-T2D	rs7096727	10	77215176	PASS
POAG-T2D	rs11001397	10	77216727	PASS
POAG-T2D	rs7090265	10	77216955	PASS
POAG-T2D	rs11001399	10	77221744	PASS
POAG-T2D	rs2043089	10	77233813	PASS
POAG-T2D	rs2515616	9	107681995	PASS
POAG-T2D	rs2472508	9	107684253	PASS
POAG-T2D	rs2487052	9	107686405	PASS
POAG-T2D	rs2472377	9	107687104	PASS
POAG-T2D	rs1800977	9	107690450	PASS
POAG-T2D	rs2472495	9	107695396	PASS
POAG-T2D	rs4556142	9	107734714	PASS
POAG-T2D	rs4260948	9	107734804	PASS
POAG-T2D	rs737623	9	107735105	PASS
POAG-T2D	rs868369	9	107735807	PASS
POAG-T2D	rs1808789	9	107736034	PASS
POAG-T2D	rs2185414	9	107737067	PASS
POAG-T2D	rs4237211	9	107738689	PASS
POAG-T2D	rs12686565	9	107739152	PASS
POAG-T2D	rs10761089	9	107740191	PASS
POAG-T2D	rs11605681	11	47748019	PASS
POAG-T2D	rs1229578	10	93851714	PASS
POAG-T2D	rs701846	10	93871066	PASS
POAG-T2D	rs855702	10	93888052	PASS
POAG-T2D	rs10786029	10	93919120	PASS
POAG-T2D	rs7078559	10	93924663	PASS
POAG-T2D	rs7087501	10	93930279	PASS
POAG-T2D	rs10882028	10	93943900	PASS
POAG-T2D	rs4933227	10	93951594	PASS
POAG-T2D	rs3824734	10	93999850	PASS
POAG-T2D	rs4933720	10	94061431	PASS
POAG-T2D	rs11186915	10	94062914	PASS
POAG-T2D	rs2901587	10	94170851	PASS
POAG-T2D	rs7086285	10	94176088	PASS
POAG-T2D	rs551266	10	94222624	PASS
POAG-T2D	rs1887922	10	94224165	PASS
POAG-T2D	rs7093418	10	94249769	PASS
POAG-T2D	rs7078413	10	94290484	PASS
POAG-T2D	rs7908111	10	94314804	PASS
POAG-T2D	rs7917163	10	94316828	PASS
POAG-T2D	rs7100623	10	94327156	PASS
POAG-T2D	rs3741389	11	65179436	PASS
POAG-T2D	rs1784859	11	65220749	PASS
POAG-T2D	rs1621277	11	65221954	PASS
POAG-T2D	rs2846861	11	65222305	PASS
POAG-T2D	rs1626021	11	65226187	PASS
POAG-T2D	rs12360896	11	65238306	PASS
POAG-T2D	rs10896009	11	65246054	PASS
POAG-T2D	rs17146964	11	65249145	PASS
POAG-T2D	rs588298	11	65253574	PASS
POAG-T2D	rs682845	11	65254201	PASS
POAG-T2D	rs1152619	11	65255589	PASS
POAG-T2D	rs1152620	11	65257329	PASS
POAG-T2D	rs600231	11	65260646	PASS
POAG-T2D	rs3200401	11	65271832	PASS
POAG-T2D	rs10896012	11	65278461	PASS
POAG-T2D	rs1783541	11	65294799	PASS
POAG-T2D	rs1787663	11	65294830	PASS
POAG-T2D	rs947791	11	65302893	PASS
POAG-T2D	rs12804356	11	65315980	PASS
POAG-T2D	rs11601767	11	65316382	PASS
POAG-T2D	rs11227221	11	65319265	PASS
POAG-T2D	rs4244811	11	65320780	PASS
POAG-T2D	rs12270054	11	65322548	PASS
POAG-T2D	rs10896015	11	65323725	PASS
POAG-T2D	rs10896016	11	65335705	PASS
POAG-T2D	rs3782091	11	65336483	PASS
POAG-T2D	rs1194076	11	65336544	PASS
POAG-T2D	rs1784220	11	65337714	PASS
POAG-T2D	rs1151503	11	65357697	PASS
POAG-T2D	rs10791819	11	65363865	PASS
POAG-T2D	rs7937415	11	65363958	PASS
POAG-T2D	rs11227234	11	65365171	PASS
POAG-T2D	rs948577	11	65365318	PASS
POAG-T2D	rs7932616	11	65366240	PASS
POAG-T2D	rs4326800	11	65367253	PASS
POAG-T2D	rs10791821	11	65368323	PASS
POAG-T2D	rs10750763	11	65368434	PASS
POAG-T2D	rs10896050	11	65577516	PASS
POAG-T2D	rs583887	11	65644027	PASS
POAG-T2D	rs601863	11	65646557	PASS
POAG-T2D	rs658524	11	65647260	PASS
POAG-T2D	rs645900	11	65648135	PASS
POAG-T2D	rs687672	11	65649984	PASS
POAG-T2D	rs658938	11	65651830	PASS
POAG-T2D	rs568617	11	65653242	PASS
POAG-T2D	rs694994	11	65653309	PASS
POAG-T2D	rs656980	11	65656282	PASS
POAG-T2D	rs2231884	11	65656564	PASS
POAG-T2D	rs10791830	11	65661291	PASS
POAG-T2D	rs622614	11	65663239	PASS
POAG-T2D	rs755407	9	126290554	PASS
POAG-T2D	rs7026921	9	126297895	PASS
POAG-T2D	rs1888027	9	126303371	PASS
POAG-T2D	rs6478623	9	126315123	PASS
POAG-T2D	rs10818834	9	126317324	PASS
POAG-T2D	rs10986093	9	126494022	PASS
POAG-T2D	rs7868740	9	126502000	PASS
POAG-T2D	rs10818864	9	126502619	PASS
POAG-T2D	rs7850520	9	126509806	PASS
POAG-T2D	rs17136730	11	69397684	PASS
POAG-T2D	rs649392	11	69464793	PASS
POAG-T2D	rs3212891	11	69465507	PASS
POAG-T2D	rs7177	11	69466115	PASS
POAG-T2D	rs1789172	11	69494592	PASS
POAG-T2D	rs1192924	11	69506480	PASS
POAG-T2D	rs7858338	9	129406644	PASS
POAG-T2D	rs10819190	9	129408513	PASS
POAG-T2D	rs6478750	9	129409198	PASS
POAG-T2D	rs10885387	10	114600396	PASS
POAG-T2D	rs1327692	10	114609063	PASS
POAG-T2D	rs1547191	10	114612972	PASS
POAG-T2D	rs2475177	10	114618929	PASS
POAG-T2D	rs1927157	10	114635381	PASS
POAG-T2D	rs17130149	10	114679532	PASS
POAG-T2D	rs2094406	10	114714725	PASS
POAG-T2D	rs2094405	10	114715689	PASS
POAG-T2D	rs7909016	10	114717189	PASS
POAG-T2D	rs7919409	10	114824976	PASS
POAG-T2D	rs529623	11	117693255	PASS
POAG-T2D	rs1317548	10	12245520	PASS
POAG-T2D	rs10906104	10	12280296	PASS
POAG-T2D	rs11257622	10	12295339	PASS
POAG-T2D	rs4747969	10	12297230	PASS
POAG-T2D	rs10906111	10	12302357	PASS
POAG-T2D	rs7069060	10	12323464	PASS
POAG-T2D	rs7118744	11	128377480	PASS
POAG-T2D	rs7924522	11	128380742	PASS
POAG-T2D	rs7108992	11	128381867	PASS
POAG-T2D	rs7946009	11	128387422	PASS
POAG-T2D	rs11819995	11	128389391	PASS
POAG-T2D	rs3948853	11	128433319	PASS
POAG-T2D	rs11221351	11	128436269	PASS
POAG-T2D	rs7928282	11	128441497	PASS
POAG-T2D	rs11221356	11	128443833	PASS
POAG-T2D	rs11221357	11	128444011	PASS
POAG-T2D	rs7126621	11	128446187	PASS
POAG-T2D	rs11221383	11	128471240	PASS
POAG-T2D	rs11159076	14	74871333	PASS
POAG-T2D	rs2240624	14	74872926	PASS
POAG-T2D	rs6574178	14	74884376	PASS
POAG-T2D	rs8007552	14	74884806	PASS
POAG-T2D	rs8009761	14	74888554	PASS
POAG-T2D	rs730384	14	74889870	PASS
POAG-T2D	rs7156302	14	74894963	PASS
POAG-T2D	rs1156021	14	74899592	PASS
POAG-T2D	rs7140692	14	74901187	PASS
POAG-T2D	rs980470	14	74908153	PASS
POAG-T2D	rs11625242	14	74910257	PASS
POAG-T2D	rs1125221	14	74912830	PASS
POAG-T2D	rs4369590	14	74918903	PASS
POAG-T2D	rs2358785	14	74919608	PASS
POAG-T2D	rs10149538	14	74925397	PASS
POAG-T2D	rs10149787	14	74925452	PASS
POAG-T2D	rs2190876	14	74932268	PASS
POAG-T2D	rs8008540	14	74948180	PASS
POAG-T2D	rs7148018	14	74957153	PASS
POAG-T2D	rs4903231	14	74962233	PASS
POAG-T2D	rs7569	14	74966763	PASS
POAG-T2D	rs2286412	14	74969167	PASS
POAG-T2D	rs12898083	14	74977382	PASS
POAG-T2D	rs862057	14	74978865	PASS
POAG-T2D	rs862052	14	74980816	PASS
POAG-T2D	rs862049	14	74981882	PASS
POAG-T2D	rs699371	14	74989433	PASS
POAG-T2D	rs862031	14	74991855	PASS
POAG-T2D	rs4884285	13	58311469	PASS
POAG-T2D	rs11148425	13	58657674	PASS
POAG-T2D	rs9563576	13	58670147	PASS
POAG-T2D	rs9569819	13	58688382	PASS
POAG-T2D	rs2370982	14	79890677	PASS
POAG-T2D	rs10150482	14	79891882	PASS
POAG-T2D	rs17109221	14	79910119	PASS
POAG-T2D	rs17109256	14	79939993	PASS
POAG-T2D	rs7144011	14	79940383	PASS
POAG-T2D	rs7156625	14	79942647	PASS
POAG-T2D	rs10146997	14	79945162	PASS
POAG-T2D	rs3213508	16	304514	PASS
POAG-T2D	rs2239739	16	311853	PASS
POAG-T2D	rs10903013	16	312253	PASS
POAG-T2D	rs11248925	16	312635	PASS
POAG-T2D	rs2239738	16	313202	PASS
POAG-T2D	rs1285841	14	91881387	PASS
POAG-T2D	rs1285850	14	91885706	PASS
POAG-T2D	rs11160006	14	91890677	PASS
POAG-T2D	rs1951245	14	91903526	PASS
POAG-T2D	rs1951246	14	91903662	PASS
POAG-T2D	rs10135595	14	91925027	PASS
POAG-T2D	rs8006817	14	91927717	PASS
POAG-T2D	rs5020186	14	91928992	PASS
POAG-T2D	rs2064962	14	91931029	PASS
POAG-T2D	rs997169	14	91934303	PASS
POAG-T2D	rs10873409	14	91937143	PASS
POAG-T2D	rs876561	14	91944911	PASS
POAG-T2D	rs11628439	14	91946995	PASS
POAG-T2D	rs7154224	14	91964874	PASS
POAG-T2D	rs10498627	14	91972119	PASS
POAG-T2D	rs2025067	14	91972752	PASS
POAG-T2D	rs11160010	14	91984538	PASS
POAG-T2D	rs17799683	14	92019797	PASS
POAG-T2D	rs1743080	14	92020604	PASS
POAG-T2D	rs1743074	14	92031976	PASS
POAG-T2D	rs1704695	14	92034931	PASS
POAG-T2D	rs1704689	14	92037489	PASS
POAG-T2D	rs1743176	14	92049823	PASS
POAG-T2D	rs941845	14	92054070	PASS
POAG-T2D	rs1951431	14	92056486	PASS
POAG-T2D	rs1285637	14	92058445	PASS
POAG-T2D	rs1285644	14	92062530	PASS
POAG-T2D	rs2402044	14	92070607	PASS
POAG-T2D	rs1704645	14	92075644	PASS
POAG-T2D	rs1743152	14	92079008	PASS
POAG-T2D	rs1743146	14	92082160	PASS
POAG-T2D	rs1298989	14	92086713	PASS
POAG-T2D	rs1285635	14	92088855	PASS
POAG-T2D	rs1743139	14	92093317	PASS
POAG-T2D	rs4261573	16	75294211	PASS
POAG-T2D	rs10512602	17	72774175	PASS
POAG-T2D	rs93075	17	75370468	PASS
POAG-T2D	rs312825	17	75371822	PASS
POAG-T2D	rs312826	17	75372339	PASS
POAG-T2D	rs312828	17	75373938	PASS
POAG-T2D	rs312829	17	75374108	PASS
POAG-T2D	rs178249	17	75381988	PASS
POAG-T2D	rs2925979	16	81534790	PASS
POAG-T2D	rs2075650	19	45395619	PASS
POAG-T2D	rs157582	19	45396219	PASS
POAG-T2D	rs4420638	19	45422946	PASS
POAG-T2D	rs2334253	19	46116477	PASS
POAG-T2D	rs7252175	19	46133256	PASS
POAG-T2D	rs11670462	19	46148386	PASS
POAG-T2D	rs10408179	19	46157004	PASS
POAG-T2D	rs4802274	19	46251768	PASS
POAG-T2D	rs16980013	19	46267453	PASS
POAG-T2D	rs16939	19	46276056	PASS
POAG-T2D	rs12463359	19	46304585	PASS
POAG-T2D	rs10421891	19	46315809	PASS
POAG-T2D	rs4802279	19	46322830	PASS
POAG-T2D	rs10500292	19	46327933	PASS
POAG-T2D	rs918490	19	46338729	PASS
POAG-T2D	rs10412574	19	46367206	PASS
POAG-T2D	rs7222628	17	3890429	PASS
POAG-T2D	rs897026	17	3980318	PASS
POAG-T2D	rs2727061	17	3985832	PASS
POAG-T2D	rs8068804	17	3985864	PASS
POAG-T2D	rs2727060	17	3989968	PASS
POAG-T2D	rs2727074	17	3994670	PASS
POAG-T2D	rs2603025	17	3996964	PASS
POAG-T2D	rs1377806	17	4019966	PASS
POAG-T2D	rs17176322	17	4056376	PASS
POAG-T2D	rs4790581	17	4066657	PASS
POAG-T2D	rs11651767	17	4073398	PASS
POAG-T2D	rs4790587	17	4090060	PASS
POAG-T2D	rs10521130	17	4110024	PASS
POAG-T2D	rs4790185	17	4115617	PASS
POAG-T2D	rs1982177	17	4119994	PASS
POAG-T2D	rs12602879	17	4133394	PASS
POAG-T2D	rs4790594	17	4137919	PASS
POAG-T2D	rs2053254	17	4140669	PASS
POAG-T2D	rs12106549	22	19846987	PASS
POAG-T2D	rs6518585	22	19849501	PASS
POAG-T2D	rs35374520	22	19851149	PASS
POAG-T2D	rs9754418	22	19854733	PASS
POAG-T2D	rs7285948	22	19861127	PASS
POAG-T2D	rs16984299	22	19863593	PASS
POAG-T2D	rs9306454	22	28663405	PASS
POAG-T2D	rs6005754	22	28682616	PASS
POAG-T2D	rs134529	22	28781758	PASS
POAG-T2D	rs134545	22	28799080	PASS
POAG-T2D	rs7288416	22	28799436	PASS
POAG-T2D	rs695388	22	28833502	PASS
POAG-T2D	rs17412920	22	28834531	PASS
POAG-T2D	rs9613617	22	28847896	PASS
POAG-T2D	rs9613630	22	28871570	PASS
POAG-T2D	rs5762656	22	28877335	PASS
POAG-T2D	rs695318	22	28882973	PASS
POAG-T2D	rs695567	22	28889735	PASS
POAG-T2D	rs5762730	22	29039615	PASS
POAG-T2D	rs5762736	22	29053003	PASS
POAG-T2D	rs9625533	22	29088590	PASS
POAG-T2D	rs1547014	22	29100711	PASS
POAG-T2D	rs738722	22	29130012	PASS
POAG-T2D	rs1033667	22	29130300	PASS
POAG-T2D	rs8142788	22	29400515	PASS
AMD-AD	rs197203	4	110498602	PASS
AMD-AD	rs11098036	4	110530961	PASS
AMD-AD	rs6533438	4	110538429	PASS
AMD-AD	rs6533440	4	110539002	PASS
AMD-AD	rs6810719	4	110541232	PASS
AMD-AD	rs6811858	4	110541840	PASS
AMD-AD	rs10033900	4	110659067	PASS
AMD-AD	rs7682428	4	10961293	PASS
AMD-AD	rs11736131	4	10962396	PASS
AMD-AD	rs6448400	4	10968521	PASS
AMD-AD	rs9291474	4	10970811	PASS
AMD-AD	rs7662952	4	10972886	PASS
AMD-AD	rs2128867	4	10973225	PASS
AMD-AD	rs7681377	4	10973246	PASS
AMD-AD	rs10025712	4	10973508	PASS
AMD-AD	rs10025796	4	10973561	PASS
AMD-AD	rs3916085	4	10986717	PASS
AMD-AD	rs3852118	4	10986738	PASS
AMD-AD	rs2046359	4	10989008	PASS
AMD-AD	rs10805258	4	10990869	PASS
AMD-AD	rs12054531	4	10990943	PASS
AMD-AD	rs2870050	4	10992392	PASS
AMD-AD	rs4697823	4	10995428	PASS
AMD-AD	rs7684292	4	10999540	PASS
AMD-AD	rs875394	4	11011598	PASS
AMD-AD	rs4373155	4	11022799	PASS
AMD-AD	rs6846529	4	11025131	PASS
AMD-AD	rs6448453	4	11026028	PASS
AMD-AD	rs4622992	4	11027814	PASS
AMD-AD	rs1506790	4	11033136	PASS
AMD-AD	rs2904297	4	11040290	PASS
AMD-AD	rs4541642	5	92588936	PASS
AMD-AD	rs4401561	5	92592166	PASS
AMD-AD	rs4869421	5	92617815	PASS
AMD-AD	rs6557075	5	92618797	PASS
AMD-AD	rs6888826	5	92623911	PASS
AMD-AD	rs11135569	5	92627491	PASS
AMD-AD	rs1545708	5	92632106	PASS
AMD-AD	rs1059836	3	145910430	PASS
AMD-AD	rs9815240	3	145912177	PASS
AMD-AD	rs11739263	5	111532234	PASS
AMD-AD	rs10849568	12	951081	PASS
AMD-AD	rs7311423	12	964670	PASS
AMD-AD	rs17236385	15	33938343	PASS
AMD-AD	rs7134056	12	115059703	PASS
AMD-AD	rs11045256	12	20606540	PASS
AMD-AD	rs6487091	12	20613685	PASS
AMD-AD	rs8035635	15	51010829	PASS
AMD-AD	rs12900658	15	51016364	PASS
AMD-AD	rs11855605	15	51019117	PASS
AMD-AD	rs12903915	15	51028748	PASS
AMD-AD	rs12917408	15	51033389	PASS
AMD-AD	rs12593469	15	51051044	PASS
AMD-AD	rs7165301	15	58552606	PASS
AMD-AD	rs12908474	15	58672134	PASS
AMD-AD	rs10468017	15	58678512	PASS
AMD-AD	rs1532085	15	58683366	PASS
AMD-AD	rs17821274	15	58684478	PASS
AMD-AD	rs493258	15	58687880	PASS
AMD-AD	rs415799	15	58690754	PASS
AMD-AD	rs12708454	15	58692202	PASS
AMD-AD	rs16940204	15	58692936	PASS
AMD-AD	rs487766	15	58693860	PASS
AMD-AD	rs17821316	15	58703069	PASS
AMD-AD	rs792902	15	58716044	PASS
AMD-AD	rs1077835	15	58723426	PASS
AMD-AD	rs1077834	15	58723479	PASS
AMD-AD	rs261332	15	58727325	PASS
AMD-AD	rs588136	15	58730498	PASS
AMD-AD	rs1427281	15	58959273	PASS
AMD-AD	rs4775086	15	58969292	PASS
AMD-AD	rs11854073	15	58972995	PASS
AMD-AD	rs4775087	15	58974904	PASS
AMD-AD	rs347117	15	59000957	PASS
AMD-AD	rs383902	15	59034174	PASS
AMD-AD	rs653765	15	59042012	PASS
AMD-AD	rs593742	15	59045774	PASS
AMD-AD	rs347115	15	59082959	PASS
AMD-AD	rs610877	15	59103328	PASS
AMD-AD	rs4775094	15	59115995	PASS
AMD-AD	rs16946801	15	63605080	PASS
AMD-AD	rs11071808	15	65019721	PASS
AMD-AD	rs10162671	15	65029956	PASS
AMD-AD	rs2034085	15	91506452	PASS
AMD-AD	rs4932182	15	91508803	PASS
AMD-AD	rs12910825	15	91511260	PASS
AMD-AD	rs11158728	14	68762205	PASS
AMD-AD	rs3784104	14	68773469	PASS
AMD-AD	rs12892777	14	68778913	PASS
AMD-AD	rs12890124	14	68781614	PASS
AMD-AD	rs1956532	14	68783274	PASS
AMD-AD	rs8017304	14	68785077	PASS
AMD-AD	rs1956529	14	68788924	PASS
AMD-AD	rs1956528	14	68788968	PASS
AMD-AD	rs3784108	14	68789683	PASS
AMD-AD	rs7150988	14	68793704	PASS
AMD-AD	rs7147852	14	68796799	PASS
AMD-AD	rs2145423	14	68796930	PASS
AMD-AD	rs1956526	14	68799787	PASS
AMD-AD	rs2064912	14	68807132	PASS
AMD-AD	rs10483807	14	68808824	PASS
AMD-AD	rs11158730	14	68812756	PASS
AMD-AD	rs12880109	14	68813032	PASS
AMD-CAD	rs6736093	2	112655242	PASS
AMD-CAD	rs7604403	2	112656652	PASS
AMD-CAD	rs17779482	2	112665677	PASS
AMD-CAD	rs11687451	2	112682561	PASS
AMD-CAD	rs11683694	2	112702647	PASS
AMD-CAD	rs3761699	2	112705290	PASS
AMD-CAD	rs13020304	2	112741535	PASS
AMD-CAD	rs870763	2	112745481	PASS
AMD-CAD	rs11685190	2	112748704	PASS
AMD-CAD	rs13003919	2	112753950	PASS
AMD-CAD	rs4848238	2	112754720	PASS
AMD-CAD	rs3811633	2	112754880	PASS
AMD-CAD	rs3811634	2	112754943	PASS
AMD-CAD	rs7518750	1	89148503	PASS
AMD-CAD	rs3806340	1	89148793	PASS
AMD-CAD	rs6659626	1	89351811	PASS
AMD-CAD	rs4655890	1	89444965	PASS
AMD-CAD	rs3108680	1	107572997	PASS
AMD-CAD	rs2335077	1	107573565	PASS
AMD-CAD	rs1623927	1	107596120	PASS
AMD-CAD	rs1730850	1	107597988	PASS
AMD-CAD	rs1762482	1	107599002	PASS
AMD-CAD	rs2232016	1	107599918	PASS
AMD-CAD	rs1730865	1	107605611	PASS
AMD-CAD	rs1730859	1	107617707	PASS
AMD-CAD	rs1335055	1	107624563	PASS
AMD-CAD	rs11102651	1	114086821	PASS
AMD-CAD	rs6704188	1	114108711	PASS
AMD-CAD	rs1230666	1	114173410	PASS
AMD-CAD	rs6679677	1	114303808	PASS
AMD-CAD	rs2476601	1	114377568	PASS
AMD-CAD	rs6665194	1	114417843	PASS
AMD-CAD	rs1217385	1	114418205	PASS
AMD-CAD	rs3761936	1	114449662	PASS
AMD-CAD	rs4970924	1	150633079	PASS
AMD-CAD	rs11204693	1	150647987	PASS
AMD-CAD	rs11204695	1	150657011	PASS
AMD-CAD	rs4970926	1	150673684	PASS
AMD-CAD	rs6694531	1	150683512	PASS
AMD-CAD	rs2252383	2	145803003	PASS
AMD-CAD	rs1852686	2	145809250	PASS
AMD-CAD	rs1830318	2	145819803	PASS
AMD-CAD	rs6747171	2	145819888	PASS
AMD-CAD	rs1881409	2	145821520	PASS
AMD-CAD	rs1881410	2	145821717	PASS
AMD-CAD	rs1830320	2	145822380	PASS
AMD-CAD	rs13015800	2	145822655	PASS
AMD-CAD	rs12691704	2	145822778	PASS
AMD-CAD	rs6749506	2	145825390	PASS
AMD-CAD	rs12476923	2	145830053	PASS
AMD-CAD	rs957293	2	145833187	PASS
AMD-CAD	rs1125128	2	145837441	PASS
AMD-CAD	rs7604735	2	145839655	PASS
AMD-CAD	rs6430078	2	145840378	PASS
AMD-CAD	rs12568757	1	150729793	PASS
AMD-CAD	rs11204737	1	150847647	PASS
AMD-CAD	rs10032549	4	77398015	PASS
AMD-CAD	rs7675258	4	77413179	PASS
AMD-CAD	rs2068063	4	77417203	PASS
AMD-CAD	rs2068062	4	77417214	PASS
AMD-CAD	rs13106227	4	77418681	PASS
AMD-CAD	rs4411878	3	64703665	PASS
AMD-CAD	rs6795735	3	64705365	PASS
AMD-CAD	rs9311910	3	64707269	PASS
AMD-CAD	rs4607103	3	64711904	PASS
AMD-CAD	rs17727064	3	64714182	PASS
AMD-CAD	rs13096392	3	64722611	PASS
AMD-CAD	rs2194091	3	64725485	PASS
AMD-CAD	rs7638389	3	64729892	PASS
AMD-CAD	rs2385114	8	126447308	PASS
AMD-CAD	rs2980853	8	126478350	PASS
AMD-CAD	rs6982636	8	126479315	PASS
AMD-CAD	rs2980875	8	126481747	PASS
AMD-CAD	rs2980869	8	126488250	PASS
AMD-CAD	rs10808546	8	126495818	PASS
AMD-CAD	rs2066715	9	107588033	PASS
AMD-CAD	rs3780543	9	107588572	PASS
AMD-CAD	rs4149311	9	107588777	PASS
AMD-CAD	rs2066717	9	107591478	PASS
AMD-CAD	rs4743762	9	107592189	PASS
AMD-CAD	rs12686004	9	107653426	PASS
AMD-CAD	rs1883025	9	107664301	PASS
AMD-CAD	rs2575876	9	107665739	PASS
AMD-CAD	rs2777795	9	107672365	PASS
AMD-CAD	rs4979109	9	115140276	PASS
AMD-CAD	rs6477925	9	115155264	PASS
AMD-CAD	rs7019195	9	115161782	PASS
AMD-CAD	rs7019216	9	115161848	PASS
AMD-CAD	rs4978489	9	115167146	PASS
AMD-CAD	rs7038491	9	115196114	PASS
AMD-CAD	rs7866567	9	115199825	PASS
AMD-CAD	rs9650733	9	115202002	PASS
AMD-CAD	rs10981407	9	115206575	PASS
AMD-CAD	rs4979115	9	115207757	PASS
AMD-CAD	rs16916995	9	115213702	PASS
AMD-CAD	rs10981412	9	115215124	PASS
AMD-CAD	rs4979128	9	115289605	PASS
AMD-CAD	rs3983387	9	115320787	PASS
AMD-CAD	rs2676619	9	115343780	PASS
AMD-CAD	rs2676620	9	115344864	PASS
AMD-CAD	rs2593684	9	115347088	PASS
AMD-CAD	rs2676624	9	115359049	PASS
AMD-CAD	rs6591188	11	65467953	PASS
AMD-CAD	rs9666878	11	65475816	PASS
AMD-CAD	rs4645927	11	65482827	PASS
AMD-CAD	rs4645933	11	65485120	PASS
AMD-CAD	rs12576996	11	65580638	PASS
AMD-CAD	rs999867	10	104504564	PASS
AMD-CAD	rs4147157	10	104536360	PASS
AMD-CAD	rs17115100	10	104591393	PASS
AMD-CAD	rs1004467	10	104594507	PASS
AMD-CAD	rs10786712	10	104596396	PASS
AMD-CAD	rs11191416	10	104604916	PASS
AMD-CAD	rs3824754	10	104614350	PASS
AMD-CAD	rs4409766	10	104616663	PASS
AMD-CAD	rs11191425	10	104625970	PASS
AMD-CAD	rs7085104	10	104628873	PASS
AMD-CAD	rs3740390	10	104638480	PASS
AMD-CAD	rs11191454	10	104660004	PASS
AMD-CAD	rs12221064	10	104677126	PASS
AMD-CAD	rs12411886	10	104685299	PASS
AMD-CAD	rs12413409	10	104719096	PASS
AMD-CAD	rs11191499	10	104764271	PASS
AMD-CAD	rs11191514	10	104773364	PASS
AMD-CAD	rs11191548	10	104846178	PASS
AMD-CAD	rs17094683	10	104851301	PASS
AMD-CAD	rs11191560	10	104869038	PASS
AMD-CAD	rs12413046	10	104871204	PASS
AMD-CAD	rs732998	10	104897901	PASS
AMD-CAD	rs12220375	10	104901491	PASS
AMD-CAD	rs11191580	10	104906211	PASS
AMD-CAD	rs11191593	10	104939215	PASS
AMD-CAD	rs10748858	10	105639514	PASS
AMD-CAD	rs2487999	10	105659826	PASS
AMD-CAD	rs2488000	10	105671109	PASS
AMD-CAD	rs1265165	10	105671527	PASS
AMD-CAD	rs2756116	10	105671804	PASS
AMD-CAD	rs7902587	10	105694301	PASS
AMD-CAD	rs590121	11	75274150	PASS
AMD-CAD	rs681390	11	75274630	PASS
AMD-CAD	rs615896	11	75275301	PASS
AMD-CAD	rs652054	11	75275532	PASS
AMD-CAD	rs589203	11	75275808	PASS
AMD-CAD	rs606452	11	75276178	PASS
AMD-CAD	rs653724	11	75276467	PASS
AMD-CAD	rs584961	11	75277628	PASS
AMD-CAD	rs649257	11	75279846	PASS
AMD-CAD	rs585821	11	75282882	PASS
AMD-CAD	rs6704	11	75283653	PASS
AMD-CAD	rs11236476	11	75359175	PASS
AMD-CAD	rs2295873	10	123970530	PASS
AMD-CAD	rs7916162	10	123973846	PASS
AMD-CAD	rs1045934	10	123990244	PASS
AMD-CAD	rs10788261	10	123990683	PASS
AMD-CAD	rs10788262	10	123991774	PASS
AMD-CAD	rs10887110	10	124007573	PASS
AMD-CAD	rs7091348	10	124016160	PASS
AMD-CAD	rs9630110	10	124017308	PASS
AMD-CAD	rs10788265	10	124017323	PASS
AMD-CAD	rs10887113	10	124017404	PASS
AMD-CAD	rs9630083	10	124017423	PASS
AMD-CAD	rs10788268	10	124020039	PASS
AMD-CAD	rs11592673	10	124021162	PASS
AMD-CAD	rs7081032	10	124021200	PASS
AMD-CAD	rs7098767	10	124022694	PASS
AMD-CAD	rs10788269	10	124022870	PASS
AMD-CAD	rs10887114	10	124022997	PASS
AMD-CAD	rs7898942	10	124024608	PASS
AMD-CAD	rs7096744	10	124034528	PASS
AMD-CAD	rs10788271	10	124036619	PASS
AMD-CAD	rs11596483	10	124037599	PASS
AMD-CAD	rs11592862	10	124039222	PASS
AMD-CAD	rs7907130	10	124039235	PASS
AMD-CAD	rs4752678	10	124039657	PASS
AMD-CAD	rs6585810	10	124041447	PASS
AMD-CAD	rs8181295	10	124041678	PASS
AMD-CAD	rs17103336	10	124041701	PASS
AMD-CAD	rs11591986	10	124042764	PASS
AMD-CAD	rs911775	10	124045302	PASS
AMD-CAD	rs7896211	10	124048905	PASS
AMD-CAD	rs1007865	10	124050130	PASS
AMD-CAD	rs10788275	10	124061501	PASS
AMD-CAD	rs10788276	10	124061529	PASS
AMD-CAD	rs11200542	10	124062453	PASS
AMD-CAD	rs7893672	10	124070992	PASS
AMD-CAD	rs3905303	10	124074891	PASS
AMD-CAD	rs2181160	10	124081914	PASS
AMD-CAD	rs6585812	10	124086757	PASS
AMD-CAD	rs10736312	10	124088367	PASS
AMD-CAD	rs2421013	10	124089036	PASS
AMD-CAD	rs986178	10	124089075	PASS
AMD-CAD	rs11200558	10	124096859	PASS
AMD-CAD	rs2271597	10	124097755	PASS
AMD-CAD	rs6585819	10	124108629	PASS
AMD-CAD	rs7905027	10	124114432	PASS
AMD-CAD	rs1998345	10	124124306	PASS
AMD-CAD	rs2268348	10	124246923	PASS
AMD-CAD	rs2239586	10	124249235	PASS
AMD-CAD	rs2268349	10	124250384	PASS
AMD-CAD	rs2300434	10	124251697	PASS
AMD-CAD	rs2268353	10	124254061	PASS
AMD-CAD	rs10887154	10	124255340	PASS
AMD-CAD	rs736960	10	124258136	PASS
AMD-CAD	rs2736923	10	124259062	PASS
AMD-CAD	rs1003079	10	124261348	PASS
AMD-CAD	rs17103659	10	124274603	PASS
AMD-CAD	rs17103667	10	124277713	PASS
AMD-CAD	rs2037996	10	124317702	PASS
AMD-CAD	rs3019484	10	124318905	PASS
AMD-CAD	rs2981739	10	124318963	PASS
AMD-CAD	rs2981748	10	124321468	PASS
AMD-CAD	rs2981756	10	124322595	PASS
AMD-CAD	rs3019510	10	124322812	PASS
AMD-CAD	rs11524818	10	124323252	PASS
AMD-CAD	rs2981766	10	124324652	PASS
AMD-CAD	rs3019514	10	124325042	PASS
AMD-CAD	rs4338468	10	124325807	PASS
AMD-CAD	rs3013233	10	124328494	PASS
AMD-CAD	rs2981786	10	124329217	PASS
AMD-CAD	rs2981796	10	124330921	PASS
AMD-CAD	rs11528748	10	124332296	PASS
AMD-CAD	rs1960176	10	124334564	PASS
AMD-CAD	rs2005952	10	124334810	PASS
AMD-CAD	rs3013243	10	124337528	PASS
AMD-CAD	rs1969619	10	124338946	PASS
AMD-CAD	rs2261655	10	124399467	PASS
AMD-CAD	rs2684738	10	124400831	PASS
AMD-CAD	rs2742226	10	124404122	PASS
AMD-CAD	rs2742229	10	124405360	PASS
AMD-CAD	rs2895504	10	12244612	PASS
AMD-CAD	rs1317549	10	12245314	PASS
AMD-CAD	rs2266788	11	116660686	PASS
AMD-CAD	rs10750098	11	116705568	PASS
AMD-CAD	rs4754691	11	100510448	PASS
AMD-CAD	rs1032777	11	100512452	PASS
AMD-CAD	rs1032778	11	100512650	PASS
AMD-CAD	rs10894999	11	100532672	PASS
AMD-CAD	rs10895000	11	100532945	PASS
AMD-CAD	rs10895001	11	100533021	PASS
AMD-CAD	rs10750594	11	100533622	PASS
AMD-CAD	rs7942556	11	100534632	PASS
AMD-CAD	rs1532710	11	100536632	PASS
AMD-CAD	rs17095329	11	100540360	PASS
AMD-CAD	rs4312035	11	100555114	PASS
AMD-CAD	rs1216743	11	100573120	PASS
AMD-CAD	rs604723	11	100610546	PASS
AMD-CAD	rs607562	11	100624538	PASS
AMD-CAD	rs7947761	11	100624599	PASS
AMD-CAD	rs7126324	11	100633303	PASS
AMD-CAD	rs4469852	11	100633536	PASS
AMD-CAD	rs667575	11	100638255	PASS
AMD-CAD	rs17095426	11	100638603	PASS
AMD-CAD	rs17095429	11	100639302	PASS
AMD-CAD	rs486023	11	100643137	PASS
AMD-CAD	rs1003081	11	118913993	PASS
AMD-CAD	rs2276060	11	118919132	PASS
AMD-CAD	rs538478	11	118925341	PASS
AMD-CAD	rs1784461	11	118937985	PASS
AMD-CAD	rs1786141	11	118938315	PASS
AMD-CAD	rs1786690	11	118942067	PASS
AMD-CAD	rs1614264	11	118942638	PASS
AMD-CAD	rs1185460	11	118943433	PASS
AMD-CAD	rs3825061	11	118944675	PASS
AMD-CAD	rs540261	11	118947634	PASS
AMD-CAD	rs1177563	11	118949083	PASS
AMD-CAD	rs1177562	11	118949331	PASS
AMD-CAD	rs1168568	11	118949799	PASS
AMD-CAD	rs15818	11	118952173	PASS
AMD-CAD	rs4614	11	118952371	PASS
AMD-CAD	rs7127212	11	118953202	PASS
AMD-CAD	rs589925	11	118955679	PASS
AMD-CAD	rs1799993	11	118958127	PASS
AMD-CAD	rs1006195	11	118958869	PASS
AMD-CAD	rs17075	11	118959331	PASS
AMD-CAD	rs549893	11	118959732	PASS
AMD-CAD	rs494048	11	118961231	PASS
AMD-CAD	rs4938809	11	120363937	PASS
AMD-CAD	rs1483255	11	103677183	PASS
AMD-CAD	rs12574699	11	103683034	PASS
AMD-CAD	rs11226034	11	103703939	PASS
AMD-CAD	rs11105328	12	89942390	PASS
AMD-CAD	rs609665	11	105844065	PASS
AMD-CAD	rs10149871	14	100111955	PASS
AMD-CAD	rs4905878	14	100115608	PASS
AMD-CAD	rs17562391	14	100133250	PASS
AMD-CAD	rs2895811	14	100133942	PASS
AMD-CAD	rs6538592	12	95502747	PASS
AMD-CAD	rs6538594	12	95506547	PASS
AMD-CAD	rs6538595	12	95506623	PASS
AMD-CAD	rs6538596	12	95509766	PASS
AMD-CAD	rs7977572	12	95510360	PASS
AMD-CAD	rs6538598	12	95516843	PASS
AMD-CKD	rs1260326	2	27730940	PASS
AMD-CKD	rs780094	2	27741237	PASS
AMD-CKD	rs780093	2	27742603	PASS
AMD-CKD	rs633278	1	23664797	PASS
AMD-CKD	rs3753250	1	23669770	PASS
AMD-CKD	rs16839785	1	196291365	PASS
AMD-CKD	rs12407399	1	196291977	PASS
AMD-CKD	rs12410633	1	196303319	PASS
AMD-CKD	rs10494742	1	196346553	PASS
AMD-CKD	rs10754218	1	197165014	PASS
AMD-CKD	rs12031377	1	197693266	PASS
AMD-CKD	rs10922273	1	197725373	PASS
AMD-CKD	rs10922306	1	197823360	PASS
AMD-CKD	rs10922313	1	197836347	PASS
AMD-CKD	rs10801628	1	197842458	PASS
AMD-CKD	rs6695567	1	53629585	PASS
AMD-CKD	rs638990	6	150731232	PASS
AMD-CKD	rs587982	6	150732147	PASS
AMD-CKD	rs4872203	8	23734849	PASS
AMD-CKD	rs819193	8	23740473	PASS
AMD-CKD	rs819194	8	23741712	PASS
AMD-CKD	rs819198	8	23742960	PASS
AMD-CKD	rs708620	8	23750649	PASS
AMD-CKD	rs843904	8	23753189	PASS
AMD-CKD	rs819188	8	23753451	PASS
AMD-CKD	rs1705690	8	23757657	PASS
AMD-CKD	rs1731273	8	23759255	PASS
AMD-CKD	rs1705691	8	23767867	PASS
AMD-CKD	rs1511387	8	23776938	PASS
AMD-CKD	rs1705699	8	23781453	PASS
AMD-CKD	rs1631430	8	23786333	PASS
AMD-CKD	rs1631550	8	23786381	PASS
AMD-CKD	rs11601940	11	9827871	PASS
AMD-CKD	rs4303813	22	33046628	PASS
AMD-CKD	rs5749480	22	33047706	PASS
AMD-CKD	rs5754188	22	33048216	PASS
AMD-CKD	rs5754189	22	33048338	PASS
AMD-CKD	rs1012366	22	33048925	PASS
AMD-CKD	rs717168	22	33050136	PASS
AMD-CKD	rs5754222	22	33103968	PASS
AMD-CKD	rs10163682	18	40701725	PASS
AMD-CKD	rs583338	18	40872233	PASS
AMD-CKD	rs310091	18	40878010	PASS
AMD-CKD	rs3893044	17	38103016	PASS
AMD-CKD	rs3894194	17	38121993	PASS
AMD-CKD	rs933534	17	55570957	PASS
AMD-CKD	rs8064845	17	55574663	PASS
AMD-CKD	rs4968531	17	59242442	PASS
AMD-CKD	rs11569429	19	6709074	PASS
AMD-CKD	rs339408	19	6742864	PASS
AMD-PD	rs7776707	7	104605530	PASS
AMD-PD	rs6966728	7	104618318	PASS
AMD-PD	rs888086	7	104626690	PASS
AMD-PD	rs6976394	7	104632980	PASS
AMD-PD	rs6980244	7	104636940	PASS
AMD-PD	rs11978288	7	104643470	PASS
AMD-PD	rs6466035	7	104646899	PASS
AMD-PD	rs6950894	7	104652671	PASS
AMD-PD	rs2192932	7	104653265	PASS
AMD-PD	rs10808141	7	104715490	PASS
AMD-PD	rs2097942	7	104725105	PASS
AMD-PD	rs7797912	7	104769415	PASS
AMD-PD	rs6950620	7	104770386	PASS
AMD-PD	rs2299304	7	104771857	PASS
AMD-PD	rs2299305	7	104791075	PASS
AMD-PD	rs1010340	7	104830695	PASS
AMD-PD	rs6974874	7	104834293	PASS
AMD-PD	rs6949073	7	104837009	PASS
AMD-PD	rs7796945	7	104838050	PASS
AMD-PD	rs17640508	7	104842643	PASS
AMD-PD	rs6972563	7	104842960	PASS
AMD-PD	rs12154942	7	104859435	PASS
AMD-PD	rs7794036	7	104870448	PASS
AMD-PD	rs12538590	7	104896470	PASS
AMD-PD	rs6466051	7	104897225	PASS
AMD-PD	rs2079340	7	104897964	PASS
AMD-PD	rs2079341	7	104904235	PASS
AMD-PD	rs3801279	7	104904868	PASS
AMD-PD	rs17640599	7	104911576	PASS
AMD-PD	rs7808226	7	104916166	PASS
AMD-PD	rs17640644	7	104918169	PASS
AMD-PD	rs4406343	7	104918313	PASS
AMD-PD	rs1468359	7	104922022	PASS
AMD-PD	rs6963624	7	104923811	PASS
AMD-PD	rs6954844	7	104926183	PASS
AMD-PD	rs7790653	7	104931545	PASS
AMD-PD	rs7805928	7	104934662	PASS
AMD-PD	rs7780006	7	104936469	PASS
AMD-PD	rs12155351	7	104943302	PASS
AMD-PD	rs12534381	7	104947195	PASS
AMD-PD	rs10953475	7	104961873	PASS
AMD-PD	rs12536794	7	104990954	PASS
AMD-PD	rs7792628	7	105009612	PASS
AMD-PD	rs17270450	7	105013788	PASS
AMD-PD	rs3095980	5	157406753	PASS
AMD-PD	rs1957570	14	68729224	PASS
AMD-PD	rs3784099	14	68749927	PASS
AMD-PD	rs8008961	14	68752643	PASS
AMD-PD	rs2208397	14	68753287	PASS
AMD-PD	rs911263	14	68753593	PASS
AMD-PD	rs11158728	14	68762205	PASS
AMD-PD	rs7150454	14	68765658	PASS
AMD-PD	rs12889206	14	68769182	PASS
AMD-PD	rs3784104	14	68773469	PASS
AMD-PD	rs12890124	14	68781614	PASS
AMD-PD	rs1956532	14	68783274	PASS
AMD-PD	rs8017304	14	68785077	PASS
AMD-PD	rs1956529	14	68788924	PASS
AMD-PD	rs1956528	14	68788968	PASS
AMD-PD	rs3784108	14	68789683	PASS
AMD-PD	rs7150988	14	68793704	PASS
AMD-PD	rs7147852	14	68796799	PASS
AMD-PD	rs2145423	14	68796930	PASS
AMD-PD	rs1956526	14	68799787	PASS
AMD-PD	rs2064912	14	68807132	PASS
AMD-PD	rs6573834	14	68808398	PASS
AMD-PD	rs10483807	14	68808824	PASS
AMD-PD	rs11158730	14	68812756	PASS
AMD-PD	rs12880109	14	68813032	PASS
AMD-PD	rs1046276	16	30914626	PASS
AMD-PD	rs1458201	16	30916129	PASS
AMD-PD	rs12924903	16	30928970	PASS
AMD-PD	rs3813020	16	30934075	PASS
AMD-PD	rs35675346	16	30936081	PASS
AMD-PD	rs8050588	16	30937799	PASS
AMD-PD	rs12930545	16	30938811	PASS
AMD-PD	rs7200879	16	30947572	PASS
AMD-PD	rs1870293	16	30970941	PASS
AMD-PD	rs1864163	16	56997233	PASS
AMD-PD	rs12927653	16	83755481	PASS
AMD-PD	rs10775435	18	5460319	PASS
AMD-PD	rs10470178	21	38843460	PASS
AMD-PD	rs7260463	19	45814860	PASS
AMD-STROKE	rs1993507	3	21684130	PASS
AMD-STROKE	rs11721347	4	79314636	PASS
AMD-STROKE	rs9860730	3	64701146	PASS
AMD-STROKE	rs4422297	3	64704860	PASS
AMD-STROKE	rs6795735	3	64705365	PASS
AMD-STROKE	rs9311910	3	64707269	PASS
AMD-STROKE	rs4132228	3	64708114	PASS
AMD-STROKE	rs4607103	3	64711904	PASS
AMD-STROKE	rs17727064	3	64714182	PASS
AMD-STROKE	rs17676096	3	64715467	PASS
AMD-STROKE	rs13096392	3	64722611	PASS
AMD-STROKE	rs7638389	3	64729892	PASS
AMD-STROKE	rs2909235	8	129185918	PASS
AMD-STROKE	rs6478972	9	101869278	PASS
AMD-STROKE	rs10760670	9	101872163	PASS
AMD-STROKE	rs10760673	9	101878622	PASS
AMD-STROKE	rs2026811	9	101879263	PASS
AMD-STROKE	rs10739779	9	101882199	PASS
AMD-STROKE	rs1571590	9	101883808	PASS
AMD-STROKE	rs334355	9	101909286	PASS
AMD-STROKE	rs401186	9	101925077	PASS
AMD-STROKE	rs1044796	11	46342942	PASS
AMD-STROKE	rs4606447	11	46691737	PASS
AMD-STROKE	rs12574259	11	46704439	PASS
AMD-STROKE	rs10769205	11	46723603	PASS
AMD-STROKE	rs12361673	11	46723937	PASS
AMD-STROKE	rs6485690	11	46798631	PASS
AMD-STROKE	rs6485696	11	46842045	PASS
AMD-STROKE	rs6485702	11	46898771	PASS
AMD-STROKE	rs7103581	11	47072805	PASS
AMD-STROKE	rs7931260	11	47088303	PASS
AMD-STROKE	rs7946709	11	47100796	PASS
AMD-STROKE	rs7945315	11	47110652	PASS
AMD-STROKE	rs4752957	11	47125632	PASS
AMD-STROKE	rs11039097	11	47131881	PASS
AMD-STROKE	rs6485739	11	47145072	PASS
AMD-STROKE	rs10838660	11	47152273	PASS
AMD-STROKE	rs1872896	11	47160623	PASS
AMD-STROKE	rs7121418	11	47165106	PASS
AMD-STROKE	rs11039112	11	47174296	PASS
AMD-STROKE	rs747650	11	47176005	PASS
AMD-STROKE	rs2291444	11	47179143	PASS
AMD-STROKE	rs1060573	11	47179829	PASS
AMD-STROKE	rs2291443	11	47179861	PASS
AMD-STROKE	rs3740690	11	47188592	PASS
AMD-STROKE	rs11600668	11	47193566	PASS
AMD-STROKE	rs7937101	11	47226488	PASS
AMD-STROKE	rs606452	11	75276178	PASS
AMD-STROKE	rs374785	9	16998247	PASS
AMD-STROKE	rs9630110	10	124017308	PASS
AMD-STROKE	rs4752678	10	124039657	PASS
AMD-STROKE	rs911775	10	124045302	PASS
AMD-STROKE	rs2268348	10	124246923	PASS
AMD-STROKE	rs2239586	10	124249235	PASS
AMD-STROKE	rs2268349	10	124250384	PASS
AMD-STROKE	rs2300434	10	124251697	PASS
AMD-STROKE	rs2268353	10	124254061	PASS
AMD-STROKE	rs736960	10	124258136	PASS
AMD-STROKE	rs1003079	10	124261348	PASS
AMD-STROKE	rs17103659	10	124274603	PASS
AMD-STROKE	rs2037996	10	124317702	PASS
AMD-STROKE	rs3019484	10	124318905	PASS
AMD-STROKE	rs2981739	10	124318963	PASS
AMD-STROKE	rs2981748	10	124321468	PASS
AMD-STROKE	rs2981756	10	124322595	PASS
AMD-STROKE	rs3019510	10	124322812	PASS
AMD-STROKE	rs11524818	10	124323252	PASS
AMD-STROKE	rs2981766	10	124324652	PASS
AMD-STROKE	rs3019514	10	124325042	PASS
AMD-STROKE	rs4338468	10	124325807	PASS
AMD-STROKE	rs2981786	10	124329217	PASS
AMD-STROKE	rs2981796	10	124330921	PASS
AMD-STROKE	rs11528748	10	124332296	PASS
AMD-STROKE	rs2981804	10	124333656	PASS
AMD-STROKE	rs1960176	10	124334564	PASS
AMD-STROKE	rs2005952	10	124334810	PASS
AMD-STROKE	rs3013243	10	124337528	PASS
AMD-STROKE	rs1969619	10	124338946	PASS
AMD-STROKE	rs2261655	10	124399467	PASS
AMD-STROKE	rs2000614	11	116915742	PASS
AMD-T2D	rs1728918	2	27635463	PASS
AMD-T2D	rs2950835	2	27750545	PASS
AMD-T2D	rs4665991	2	27766284	PASS
AMD-T2D	rs4665382	2	27783801	PASS
AMD-T2D	rs1919127	2	27801493	PASS
AMD-T2D	rs1919128	2	27801759	PASS
AMD-T2D	rs12478841	2	27811722	PASS
AMD-T2D	rs2068834	2	27839539	PASS
AMD-T2D	rs10864327	1	8154547	PASS
AMD-T2D	rs12328675	2	165540800	PASS
AMD-T2D	rs6414069	2	165578581	PASS
AMD-T2D	rs13410987	2	165580775	PASS
AMD-T2D	rs12619501	2	165581707	PASS
AMD-T2D	rs355838	2	165619163	PASS
AMD-T2D	rs355865	2	165630460	PASS
AMD-T2D	rs355900	2	165638070	PASS
AMD-T2D	rs355810	2	165685646	PASS
AMD-T2D	rs355811	2	165687186	PASS
AMD-T2D	rs4408769	2	43095786	PASS
AMD-T2D	rs6722743	2	43095988	PASS
AMD-T2D	rs1549723	2	43460514	PASS
AMD-T2D	rs6732337	2	43462822	PASS
AMD-T2D	rs6727631	2	43470408	PASS
AMD-T2D	rs6755601	2	43483044	PASS
AMD-T2D	rs6756625	2	43489313	PASS
AMD-T2D	rs1322	2	43521167	PASS
AMD-T2D	rs6727824	2	43528377	PASS
AMD-T2D	rs10211126	2	43551416	PASS
AMD-T2D	rs9309098	2	43554972	PASS
AMD-T2D	rs6744746	2	43555805	PASS
AMD-T2D	rs6710656	2	43566941	PASS
AMD-T2D	rs10172375	2	43572047	PASS
AMD-T2D	rs11684601	2	43574242	PASS
AMD-T2D	rs6544646	2	43576997	PASS
AMD-T2D	rs7557989	2	43630657	PASS
AMD-T2D	rs6544658	2	43652117	PASS
AMD-T2D	rs11904510	2	43797710	PASS
AMD-T2D	rs10211106	2	43798053	PASS
AMD-T2D	rs10495903	2	43806918	PASS
AMD-T2D	rs17031088	2	43807090	PASS
AMD-T2D	rs17031092	2	43809248	PASS
AMD-T2D	rs12474030	2	43812317	PASS
AMD-T2D	rs17031095	2	43819139	PASS
AMD-T2D	rs12467420	2	43831150	PASS
AMD-T2D	rs12469695	2	43833258	PASS
AMD-T2D	rs6726404	2	43834163	PASS
AMD-T2D	rs4339008	2	43834352	PASS
AMD-T2D	rs7576643	2	43841269	PASS
AMD-T2D	rs6725688	2	43846553	PASS
AMD-T2D	rs11904361	2	43848664	PASS
AMD-T2D	rs10754176	1	196115914	PASS
AMD-T2D	rs6545714	2	59307725	PASS
AMD-T2D	rs7599151	2	59308101	PASS
AMD-T2D	rs4671331	2	59312675	PASS
AMD-T2D	rs7575523	2	59335104	PASS
AMD-T2D	rs10801520	1	196144843	PASS
AMD-T2D	rs174847	2	65605194	PASS
AMD-T2D	rs1194849	2	65606653	PASS
AMD-T2D	rs1876518	2	65608909	PASS
AMD-T2D	rs268132	2	65609677	PASS
AMD-T2D	rs2661796	2	65627406	PASS
AMD-T2D	rs7557569	2	65644561	PASS
AMD-T2D	rs7583469	2	65651356	PASS
AMD-T2D	rs7569084	2	65656969	PASS
AMD-T2D	rs7569113	2	65657041	PASS
AMD-T2D	rs1437466	2	65664350	PASS
AMD-T2D	rs2860773	2	65665641	PASS
AMD-T2D	rs1866050	2	65677729	PASS
AMD-T2D	rs754110	2	65691760	PASS
AMD-T2D	rs840966	2	65701166	PASS
AMD-T2D	rs840974	2	65705581	PASS
AMD-T2D	rs840976	2	65707760	PASS
AMD-T2D	rs2244364	2	65710328	PASS
AMD-T2D	rs2244238	2	65711298	PASS
AMD-T2D	rs340883	1	214145706	PASS
AMD-T2D	rs7529073	1	214147889	PASS
AMD-T2D	rs1223742	1	214280532	PASS
AMD-T2D	rs4673151	2	226814991	PASS
AMD-T2D	rs10168662	2	226827127	PASS
AMD-T2D	rs2037286	2	226835324	PASS
AMD-T2D	rs1533568	2	226837766	PASS
AMD-T2D	rs7607124	2	226840888	PASS
AMD-T2D	rs6737505	2	226845937	PASS
AMD-T2D	rs12611528	2	226855807	PASS
AMD-T2D	rs12694692	2	226857323	PASS
AMD-T2D	rs1522812	2	226997454	PASS
AMD-T2D	rs6436602	2	227005350	PASS
AMD-T2D	rs10178651	2	227005713	PASS
AMD-T2D	rs6736674	2	227006471	PASS
AMD-T2D	rs2248551	6	131924689	PASS
AMD-T2D	rs2608953	6	131926334	PASS
AMD-T2D	rs2245133	6	131931092	PASS
AMD-T2D	rs10499183	6	131940484	PASS
AMD-T2D	rs3756784	6	131950233	PASS
AMD-T2D	rs3756785	6	131950401	PASS
AMD-T2D	rs7739842	6	131954797	PASS
AMD-T2D	rs6918311	6	137287702	PASS
AMD-T2D	rs2327778	6	137293265	PASS
AMD-T2D	rs10872465	6	137294656	PASS
AMD-T2D	rs6906007	6	137296300	PASS
AMD-T2D	rs10872466	6	137297967	PASS
AMD-T2D	rs1891487	6	137301581	PASS
AMD-T2D	rs11752908	6	137301998	PASS
AMD-T2D	rs3807648	7	77828434	PASS
AMD-T2D	rs8179	7	92236164	PASS
AMD-T2D	rs4272	7	92236829	PASS
AMD-T2D	rs42039	7	92244422	PASS
AMD-T2D	rs6954221	7	92283262	PASS
AMD-T2D	rs17164683	7	92286980	PASS
AMD-T2D	rs7804722	7	92288106	PASS
AMD-T2D	rs3731239	9	21974218	PASS
AMD-T2D	rs3218020	9	21997872	PASS
AMD-T2D	rs3217992	9	22003223	PASS
AMD-T2D	rs1063192	9	22003367	PASS
AMD-T2D	rs573687	9	22011642	PASS
AMD-T2D	rs13298881	9	22012051	PASS
AMD-T2D	rs545226	9	22012422	PASS
AMD-T2D	rs2106119	9	22017550	PASS
AMD-T2D	rs643319	9	22017836	PASS
AMD-T2D	rs523096	9	22019129	PASS
AMD-T2D	rs10757264	9	22019732	PASS
AMD-T2D	rs496892	9	22024351	PASS
AMD-T2D	rs10738604	9	22025493	PASS
AMD-T2D	rs7049105	9	22028801	PASS
AMD-T2D	rs10965215	9	22029445	PASS
AMD-T2D	rs564398	9	22029547	PASS
AMD-T2D	rs7865618	9	22031005	PASS
AMD-T2D	rs2157719	9	22033366	PASS
AMD-T2D	rs2151280	9	22034719	PASS
AMD-T2D	rs1412829	9	22043926	PASS
AMD-T2D	rs10965219	9	22053687	PASS
AMD-T2D	rs10120688	9	22056499	PASS
AMD-T2D	rs8181047	9	22064465	PASS
AMD-T2D	rs10811650	9	22067593	PASS
AMD-T2D	rs4977756	9	22068652	PASS
AMD-T2D	rs10757270	9	22072719	PASS
AMD-T2D	rs1412832	9	22077543	PASS
AMD-T2D	rs10116277	9	22081397	PASS
AMD-T2D	rs6475606	9	22081850	PASS
AMD-T2D	rs1547705	9	22082375	PASS
AMD-T2D	rs1537370	9	22084310	PASS
AMD-T2D	rs10738607	9	22088094	PASS
AMD-T2D	rs10757272	9	22088260	PASS
AMD-T2D	rs4977574	9	22098574	PASS
AMD-T2D	rs2891168	9	22098619	PASS
AMD-T2D	rs1333042	9	22103813	PASS
AMD-T2D	rs944797	9	22115286	PASS
AMD-T2D	rs2383207	9	22115959	PASS
AMD-T2D	rs1537375	9	22116071	PASS
AMD-T2D	rs1333048	9	22125347	PASS
AMD-T2D	rs1333050	9	22125913	PASS
AMD-T2D	rs10811658	9	22128600	PASS
AMD-T2D	rs7480855	11	2836085	PASS
AMD-T2D	rs7845219	8	95937502	PASS
AMD-T2D	rs977607	9	81904085	PASS
AMD-T2D	rs11999051	9	81915874	PASS
AMD-T2D	rs1328411	9	81917898	PASS
AMD-T2D	rs7026633	9	81928572	PASS
AMD-T2D	rs10780301	9	81930474	PASS
AMD-T2D	rs2062947	8	118078696	PASS
AMD-T2D	rs2466295	8	118185041	PASS
AMD-T2D	rs2466292	8	118189531	PASS
AMD-T2D	rs2466318	8	118217307	PASS
AMD-T2D	rs10163682	18	40701725	PASS
AMD-T2D	rs5756908	22	38476579	PASS
AMD-T2D	rs2235573	22	38477930	PASS
AMD-T2D	rs132930	22	38487029	PASS
AMD-T2D	rs132931	22	38487526	PASS
AMD-T2D	rs6001003	22	38499932	PASS
AMD-T2D	rs4821737	22	38500382	PASS
AMD-T2D	rs4821738	22	38500480	PASS
AMD-T2D	rs5995536	22	38500827	PASS
AMD-T2D	rs4296527	22	38502927	PASS
AMD-T2D	rs4820314	22	38518538	PASS
AMD-T2D	rs4820315	22	38518731	PASS
AMD-T2D	rs9900803	17	17650978	PASS
AMD-T2D	rs11656775	17	17654319	PASS
AMD-T2D	rs4925109	17	17661802	PASS
AMD-T2D	rs7244737	18	53441164	PASS
AMD-T2D	rs899102	18	53455329	PASS
AMD-T2D	rs4253755	22	46615376	PASS
AMD-T2D	rs5767743	22	46621994	PASS
AMD-T2D	rs4253772	22	46627603	PASS
AMD-T2D	rs4253776	22	46629479	PASS
AMD-T2D	rs11704979	22	46632994	PASS
AMD-T2D	rs9626814	22	46637254	PASS
AMD-T2D	rs11704508	22	46638540	PASS
AMD-T2D	rs12957347	18	57751014	PASS
AMD-T2D	rs11662368	18	57757978	PASS
AMD-T2D	rs11660783	18	57767635	PASS
AMD-T2D	rs9966951	18	57775295	PASS
AMD-T2D	rs948760	18	57781188	PASS
AMD-T2D	rs1893512	18	57787559	PASS
AMD-T2D	rs6567157	18	57790225	PASS
AMD-T2D	rs1942880	18	57793209	PASS
AMD-T2D	rs952044	18	57798110	PASS
AMD-T2D	rs7235626	18	57798697	PASS
AMD-T2D	rs17700144	18	57811982	PASS
AMD-T2D	rs571312	18	57839769	PASS
AMD-T2D	rs17782313	18	57851097	PASS
AMD-T2D	rs10871777	18	57851763	PASS
AMD-T2D	rs476828	18	57852587	PASS
AMD-T2D	rs12969709	18	57859563	PASS
AMD-T2D	rs921971	18	57861663	PASS
AMD-T2D	rs11665563	18	57876034	PASS
AMD-T2D	rs11663816	18	57876227	PASS
AMD-T2D	rs12970134	18	57884750	PASS
AMD-T2D	rs2189301	17	36063685	PASS
AMD-T2D	rs3809770	17	47047596	PASS
AMD-T2D	rs4812831	20	43018260	PASS
AMD-T2D	rs8114050	20	44625817	PASS
AMD-T2D	rs11696804	20	44628380	PASS
AMD-T2D	rs3933239	20	44628668	PASS
AMD-T2D	rs6065912	20	44632367	PASS
AMD-T2D	rs13040272	20	44633111	PASS
AMD-T2D	rs4810482	20	44634550	PASS
AMD-T2D	rs3918249	20	44638136	PASS
AMD-T2D	rs3918253	20	44639511	PASS
AMD-T2D	rs2274755	20	44639692	PASS
AMD-T2D	rs17576	20	44640225	PASS
AMD-T2D	rs3918256	20	44640959	PASS
AMD-T2D	rs3918261	20	44643592	PASS
AMD-T2D	rs4919881	19	656701	PASS
CAT-AD	rs2816916	1	200034969	PASS
CAT-AD	rs72932707	2	203639395	PASS
CAT-AD	rs72932709	2	203639501	PASS
CAT-AD	rs72932716	2	203642244	PASS
CAT-AD	rs56193304	2	203644537	PASS
CAT-AD	rs11675462	2	203647276	PASS
CAT-AD	rs72932722	2	203647598	PASS
CAT-AD	rs72932723	2	203647646	PASS
CAT-AD	rs72932725	2	203649341	PASS
CAT-AD	rs72932731	2	203650410	PASS
CAT-AD	rs72932737	2	203654540	PASS
CAT-AD	rs6732078	2	203656554	PASS
CAT-AD	rs6435168	2	203656846	PASS
CAT-AD	rs6705330	2	203662197	PASS
CAT-AD	rs72932745	2	203662888	PASS
CAT-AD	rs72932746	2	203663498	PASS
CAT-AD	rs78128841	2	203663975	PASS
CAT-AD	rs72932752	2	203667526	PASS
CAT-AD	rs72932753	2	203670122	PASS
CAT-AD	rs144505847	2	203672406	PASS
CAT-AD	rs80087860	2	203673072	PASS
CAT-AD	rs74675536	2	203673073	PASS
CAT-AD	rs72932759	2	203674288	PASS
CAT-AD	rs115400054	2	203676105	PASS
CAT-AD	rs72932765	2	203679183	PASS
CAT-AD	rs72932767	2	203679306	PASS
CAT-AD	rs72932770	2	203680954	PASS
CAT-AD	rs79633844	2	203683990	PASS
CAT-AD	rs75141346	2	203685119	PASS
CAT-AD	rs72932774	2	203685728	PASS
CAT-AD	rs72932777	2	203689914	PASS
CAT-AD	rs115628302	2	203690047	PASS
CAT-AD	rs75166090	2	203692760	PASS
CAT-AD	rs143805266	2	203693914	PASS
CAT-AD	rs114520702	2	203697092	PASS
CAT-AD	rs72932781	2	203697278	PASS
CAT-AD	rs75324925	2	203698300	PASS
CAT-AD	rs72932784	2	203698470	PASS
CAT-AD	rs72932786	2	203698737	PASS
CAT-AD	rs72932789	2	203699379	PASS
CAT-AD	rs72932791	2	203700870	PASS
CAT-AD	rs72932793	2	203701004	PASS
CAT-AD	rs72934704	2	203706433	PASS
CAT-AD	rs72934706	2	203707752	PASS
CAT-AD	rs72934707	2	203707878	PASS
CAT-AD	rs934287	2	203708307	PASS
CAT-AD	rs72934715	2	203713280	PASS
CAT-AD	rs140154196	2	203715419	PASS
CAT-AD	rs114372659	2	203715514	PASS
CAT-AD	rs146900385	2	203715914	PASS
CAT-AD	rs114155121	2	203718682	PASS
CAT-AD	rs143385727	2	203718869	PASS
CAT-AD	rs148442156	2	203719028	PASS
CAT-AD	rs12693975	2	203720745	PASS
CAT-AD	rs115396314	2	203721314	PASS
CAT-AD	rs115130739	2	203725677	PASS
CAT-AD	rs115827549	2	203725678	PASS
CAT-AD	rs145643482	2	203725835	PASS
CAT-AD	rs72934725	2	203725983	PASS
CAT-AD	rs150559122	2	203728447	PASS
CAT-AD	rs186399184	2	203728984	PASS
CAT-AD	rs144997119	2	203729763	PASS
CAT-AD	rs7608755	2	203733989	PASS
CAT-AD	rs4510208	2	203734866	PASS
CAT-AD	rs72934729	2	203737770	PASS
CAT-AD	rs6723704	2	203738664	PASS
CAT-AD	rs72934734	2	203739970	PASS
CAT-AD	rs72934735	2	203740010	PASS
CAT-AD	rs146973310	2	203740270	PASS
CAT-AD	rs72934737	2	203740798	PASS
CAT-AD	rs72934738	2	203740861	PASS
CAT-AD	rs115953525	2	203744445	PASS
CAT-AD	rs72934745	2	203744454	PASS
CAT-AD	rs148513392	2	203744610	PASS
CAT-AD	rs6722332	2	203745327	PASS
CAT-AD	rs6725887	2	203745885	PASS
CAT-AD	rs72934749	2	203746816	PASS
CAT-AD	rs72934751	2	203747522	PASS
CAT-AD	rs143035655	2	203748776	PASS
CAT-AD	rs6738618	2	203749439	PASS
CAT-AD	rs72934753	2	203750272	PASS
CAT-AD	rs77268589	2	203751981	PASS
CAT-AD	rs6435169	2	203753016	PASS
CAT-AD	rs7582720	2	203753072	PASS
CAT-AD	rs72934762	2	203756677	PASS
CAT-AD	rs7560547	2	203757916	PASS
CAT-AD	rs72934763	2	203758396	PASS
CAT-AD	rs72934764	2	203758521	PASS
CAT-AD	rs72934765	2	203758551	PASS
CAT-AD	rs150788469	2	203761677	PASS
CAT-AD	rs77931721	2	203763076	PASS
CAT-AD	rs35212307	2	203765756	PASS
CAT-AD	rs72934767	2	203766563	PASS
CAT-AD	rs142603618	2	203768786	PASS
CAT-AD	rs114395475	2	203769112	PASS
CAT-AD	rs72936830	2	203769803	PASS
CAT-AD	rs72936834	2	203771260	PASS
CAT-AD	rs72936838	2	203772984	PASS
CAT-AD	rs72936839	2	203773237	PASS
CAT-AD	rs72936842	2	203773686	PASS
CAT-AD	rs72936847	2	203774748	PASS
CAT-AD	rs72936852	2	203775475	PASS
CAT-AD	rs72936856	2	203775712	PASS
CAT-AD	rs149163995	2	203777226	PASS
CAT-AD	rs6719001	2	203777903	PASS
CAT-AD	rs7591653	2	203780479	PASS
CAT-AD	rs7603972	2	203780515	PASS
CAT-AD	rs9749722	2	203781741	PASS
CAT-AD	rs4673240	2	203783009	PASS
CAT-AD	rs72936860	2	203783484	PASS
CAT-AD	rs72936862	2	203786812	PASS
CAT-AD	rs72936866	2	203787120	PASS
CAT-AD	rs114527590	2	203787405	PASS
CAT-AD	rs72936869	2	203788950	PASS
CAT-AD	rs72936870	2	203789679	PASS
CAT-AD	rs72936872	2	203790889	PASS
CAT-AD	rs72936873	2	203791333	PASS
CAT-AD	rs72936875	2	203791912	PASS
CAT-AD	rs72936879	2	203792628	PASS
CAT-AD	rs72936881	2	203794262	PASS
CAT-AD	rs72936882	2	203794439	PASS
CAT-AD	rs114393235	2	203795987	PASS
CAT-AD	rs72926769	2	203798318	PASS
CAT-AD	rs72926771	2	203801226	PASS
CAT-AD	rs72926772	2	203804289	PASS
CAT-AD	rs77230711	2	203805552	PASS
CAT-AD	rs75869289	2	203806724	PASS
CAT-AD	rs140244541	2	203808532	PASS
CAT-AD	rs72926781	2	203808835	PASS
CAT-AD	rs72926782	2	203811628	PASS
CAT-AD	rs114604411	2	203811912	PASS
CAT-AD	rs72926786	2	203816494	PASS
CAT-AD	rs114702158	2	203821793	PASS
CAT-AD	rs114110842	2	203823400	PASS
CAT-AD	rs114079739	2	203825106	PASS
CAT-AD	rs72926793	2	203826396	PASS
CAT-AD	rs72926794	2	203827432	PASS
CAT-AD	rs72926796	2	203827480	PASS
CAT-AD	rs72926799	2	203828192	PASS
CAT-AD	rs72926800	2	203829225	PASS
CAT-AD	rs115194657	2	203829284	PASS
CAT-AD	rs72926802	2	203830228	PASS
CAT-AD	rs79642273	2	203830851	PASS
CAT-AD	rs72928605	2	203832120	PASS
CAT-AD	rs149268645	2	203833018	PASS
CAT-AD	rs141002954	2	203833877	PASS
CAT-AD	rs1541853	2	203835177	PASS
CAT-AD	rs72928609	2	203837573	PASS
CAT-AD	rs72928610	2	203838961	PASS
CAT-AD	rs143450835	2	203840565	PASS
CAT-AD	rs72928620	2	203840973	PASS
CAT-AD	rs72932553	2	203842661	PASS
CAT-AD	rs7579667	2	203844480	PASS
CAT-AD	rs72932554	2	203845828	PASS
CAT-AD	rs72932556	2	203845996	PASS
CAT-AD	rs72932559	2	203847382	PASS
CAT-AD	rs72932560	2	203847417	PASS
CAT-AD	rs72932561	2	203848402	PASS
CAT-AD	rs72932566	2	203855342	PASS
CAT-AD	rs72932572	2	203859391	PASS
CAT-AD	rs72932573	2	203861113	PASS
CAT-AD	rs148707292	2	203861910	PASS
CAT-AD	rs145299755	2	203861954	PASS
CAT-AD	rs140750546	2	203863736	PASS
CAT-AD	rs76461893	2	203865515	PASS
CAT-AD	rs72932574	2	203866336	PASS
CAT-AD	rs72932575	2	203866857	PASS
CAT-AD	rs72932583	2	203869847	PASS
CAT-AD	rs6728861	2	203873743	PASS
CAT-AD	rs148812085	2	203877233	PASS
CAT-AD	rs4675310	2	203880834	PASS
CAT-AD	rs2351524	2	203880992	PASS
CAT-AD	rs72932590	2	203884308	PASS
CAT-AD	rs145538381	2	203892767	PASS
CAT-AD	rs115654617	2	203893999	PASS
CAT-AD	rs140168762	2	203897946	PASS
CAT-AD	rs72934505	2	203916487	PASS
CAT-AD	rs72934510	2	203925360	PASS
CAT-AD	rs72934512	2	203926271	PASS
CAT-AD	rs72934513	2	203927587	PASS
CAT-AD	rs78907692	2	203932176	PASS
CAT-AD	rs72934514	2	203933339	PASS
CAT-AD	rs72934519	2	203939640	PASS
CAT-AD	rs115810193	2	203943168	PASS
CAT-AD	rs147932234	2	203951846	PASS
CAT-AD	rs142013255	2	203967197	PASS
CAT-AD	rs72934535	2	203968973	PASS
CAT-AD	rs72934537	2	203969504	PASS
CAT-AD	rs72934545	2	203975958	PASS
CAT-AD	rs72934546	2	203980033	PASS
CAT-AD	rs72934550	2	203983940	PASS
CAT-AD	rs72934556	2	203990789	PASS
CAT-AD	rs72934563	2	203995405	PASS
CAT-AD	rs72934573	2	204005072	PASS
CAT-AD	rs72934583	2	204009057	PASS
CAT-AD	rs140201293	2	204015972	PASS
CAT-AD	rs72934589	2	204017937	PASS
CAT-AD	rs72934591	2	204019762	PASS
CAT-AD	rs146099848	2	204027701	PASS
CAT-AD	rs72934601	2	204031137	PASS
CAT-AD	rs72936304	2	204036357	PASS
CAT-AD	rs72936309	2	204040296	PASS
CAT-AD	rs10932008	2	204048840	PASS
CAT-AD	rs72936323	2	204050474	PASS
CAT-AD	rs72936326	2	204054141	PASS
CAT-AD	rs72936332	2	204056678	PASS
CAT-AD	rs72936348	2	204064839	PASS
CAT-AD	rs72936353	2	204070956	PASS
CAT-AD	rs116219813	2	204081675	PASS
CAT-AD	rs72938351	2	204151503	PASS
CAT-AD	rs114863726	2	204158375	PASS
CAT-AD	rs116426890	2	204196618	PASS
CAT-AD	rs10864091	1	207326792	PASS
CAT-AD	rs10157327	1	207365101	PASS
CAT-AD	rs7546693	1	207366209	PASS
CAT-AD	rs4844578	1	207374246	PASS
CAT-AD	rs6659629	1	207374551	PASS
CAT-AD	rs7411168	1	207375315	PASS
CAT-AD	rs7543002	1	207378841	PASS
CAT-AD	rs55957981	1	207378939	PASS
CAT-AD	rs7554219	1	207379057	PASS
CAT-AD	rs10864133	1	207380434	PASS
CAT-AD	rs7520270	1	207381294	PASS
CAT-AD	rs11487877	1	207382463	PASS
CAT-AD	rs7516060	1	207383908	PASS
CAT-AD	rs200114063	1	207385580	PASS
CAT-AD	rs1346720	1	207387766	PASS
CAT-AD	rs6540876	1	207396218	PASS
CAT-AD	rs6703809	1	207401995	PASS
CAT-AD	rs6700746	1	207402011	PASS
CAT-AD	rs6700846	1	207402144	PASS
CAT-AD	rs10864144	1	207402853	PASS
CAT-AD	rs60673767	1	207404204	PASS
CAT-AD	rs1019829	1	207405131	PASS
CAT-AD	rs11578311	1	207405584	PASS
CAT-AD	rs11120492	1	207407898	PASS
CAT-AD	rs7513914	1	207409432	PASS
CAT-AD	rs1896956	1	207409647	PASS
CAT-AD	rs7522701	1	207410965	PASS
CAT-AD	rs10864156	1	207413761	PASS
CAT-AD	rs6664815	1	207415563	PASS
CAT-AD	rs1864370	1	207419032	PASS
CAT-AD	rs1429906	1	207420327	PASS
CAT-AD	rs6540888	1	207420859	PASS
CAT-AD	rs6540889	1	207420954	PASS
CAT-AD	rs10864167	1	207421572	PASS
CAT-AD	rs877049	1	207422996	PASS
CAT-AD	rs7543250	1	207425043	PASS
CAT-AD	rs4844587	1	207429462	PASS
CAT-AD	rs10864175	1	207433349	PASS
CAT-AD	rs7514736	1	207434410	PASS
CAT-AD	rs1579484	1	207435829	PASS
CAT-AD	rs4611012	1	207436815	PASS
CAT-AD	rs6540896	1	207440851	PASS
CAT-AD	rs11120586	1	207441497	PASS
CAT-AD	rs1367067	1	207442364	PASS
CAT-AD	rs6703857	1	207443553	PASS
CAT-AD	rs6703860	1	207443571	PASS
CAT-AD	rs10864178	1	207445678	PASS
CAT-AD	rs10864180	1	207445761	PASS
CAT-AD	rs12021745	1	207466599	PASS
CAT-AD	rs11120688	1	207486115	PASS
CAT-AD	rs10127904	1	207748107	PASS
CAT-AD	rs34386700	1	207767671	PASS
CAT-AD	rs10158414	1	207770852	PASS
CAT-AD	rs34070762	1	207772608	PASS
CAT-AD	rs17259038	1	207773902	PASS
CAT-AD	rs12744104	1	207819000	PASS
CAT-AD	rs12745818	1	207819401	PASS
CAT-AD	rs35728110	1	207821397	PASS
CAT-AD	rs2025371	1	207829549	PASS
CAT-AD	rs80209102	1	207834661	PASS
CAT-AD	rs2147021	1	207849214	PASS
CAT-AD	rs34509370	1	207850879	PASS
CAT-AD	rs7527798	1	207872290	PASS
CAT-AD	rs12729569	1	207872595	PASS
CAT-AD	rs12748243	1	207872657	PASS
CAT-AD	rs11118410	1	207873195	PASS
CAT-AD	rs1830762	1	207874272	PASS
CAT-AD	rs17049196	1	207874508	PASS
CAT-AD	rs12073783	1	207875431	PASS
CAT-AD	rs4306131	1	207875523	PASS
CAT-AD	rs34168498	1	207877415	PASS
CAT-AD	rs11118425	1	207879626	PASS
CAT-AD	rs1977265	1	207880683	PASS
CAT-AD	rs1977266	1	207880788	PASS
CAT-AD	rs1977267	1	207880920	PASS
CAT-AD	rs34626131	1	207880977	PASS
CAT-AD	rs1977268	1	207881036	PASS
CAT-AD	rs1570565	1	207881256	PASS
CAT-AD	rs35438924	1	207881489	PASS
CAT-AD	rs34277355	1	207881491	PASS
CAT-AD	rs6683902	1	207881557	PASS
CAT-AD	rs4147106	1	207882183	PASS
CAT-AD	rs4147105	1	207882184	PASS
CAT-AD	rs4147104	1	207882194	PASS
CAT-AD	rs6540439	1	207882401	PASS
CAT-AD	rs7543097	1	207882592	PASS
CAT-AD	rs3927459	1	207883907	PASS
CAT-AD	rs10779386	1	207884105	PASS
CAT-AD	rs10779387	1	207884107	PASS
CAT-AD	rs12132968	1	207884292	PASS
CAT-AD	rs10863505	1	207885010	PASS
CAT-AD	rs4081159	1	207885479	PASS
CAT-AD	rs1819221	1	207885845	PASS
CAT-AD	rs1359147	1	207886150	PASS
CAT-AD	rs1998538	1	207886487	PASS
CAT-AD	rs1998539	1	207886596	PASS
CAT-AD	rs2104303	1	207886684	PASS
CAT-AD	rs12733108	1	207887210	PASS
CAT-AD	rs34355011	1	207887322	PASS
CAT-AD	rs11118451	1	207887493	PASS
CAT-AD	rs2025374	1	207887536	PASS
CAT-AD	rs11118453	1	207887996	PASS
CAT-AD	rs6677310	1	207888626	PASS
CAT-AD	rs2796255	1	207888704	PASS
CAT-AD	rs7553211	1	207888739	PASS
CAT-AD	rs2796261	1	207888760	PASS
CAT-AD	rs3860294	1	207889329	PASS
CAT-AD	rs2796280	1	207889345	PASS
CAT-AD	rs2761420	1	207889368	PASS
CAT-AD	rs2761421	1	207890233	PASS
CAT-AD	rs3849267	1	207890475	PASS
CAT-AD	rs3849268	1	207890568	PASS
CAT-AD	rs2796257	1	207890866	PASS
CAT-AD	rs2985104	1	207892012	PASS
CAT-AD	rs2985105	1	207892032	PASS
CAT-AD	rs2985106	1	207892033	PASS
CAT-AD	rs2761424	1	207893782	PASS
CAT-AD	rs2761425	1	207894033	PASS
CAT-AD	rs11118475	1	207894416	PASS
CAT-AD	rs2025375	1	207899002	PASS
CAT-AD	rs7518047	1	207899332	PASS
CAT-AD	rs2488248	1	207899682	PASS
CAT-AD	rs4844617	1	207900071	PASS
CAT-AD	rs2761426	1	207901292	PASS
CAT-AD	rs11118491	1	207901561	PASS
CAT-AD	rs2796239	1	207902206	PASS
CAT-AD	rs2796250	1	207903654	PASS
CAT-AD	rs7535160	1	207907759	PASS
CAT-AD	rs2796269	1	207936886	PASS
CAT-AD	rs2796249	1	208038684	PASS
CAT-AD	rs2745964	1	208043407	PASS
CAT-AD	rs2724376	1	208044213	PASS
CAT-AD	rs2745948	1	208051059	PASS
CAT-AD	rs2466574	1	208053853	PASS
CAT-AD	rs2745949	1	208058183	PASS
CAT-AD	rs2785644	1	208059691	PASS
CAT-AD	rs2179634	1	208063067	PASS
CAT-AD	rs2745955	1	208064341	PASS
CAT-AD	rs2724367	1	208067329	PASS
CAT-AD	rs2488250	1	208069877	PASS
CAT-AD	rs2785646	1	208076291	PASS
CAT-AD	rs2724379	1	208076856	PASS
CAT-AD	rs2785647	1	208079715	PASS
CAT-AD	rs11118935	1	208104988	PASS
CAT-AD	rs558872	1	208106361	PASS
CAT-AD	rs560752	1	208106568	PASS
CAT-AD	rs506275	1	208107992	PASS
CAT-AD	rs681461	1	208108947	PASS
CAT-AD	rs12095883	1	208109185	PASS
CAT-AD	rs1028400	1	208113731	PASS
CAT-AD	rs11118957	1	208116590	PASS
CAT-AD	rs1212304	1	208118579	PASS
CAT-AD	rs1932827	1	208118645	PASS
CAT-AD	rs12063025	1	208123610	PASS
CAT-AD	rs11579110	1	208124127	PASS
CAT-AD	rs11578698	1	208124202	PASS
CAT-AD	rs12748911	1	208124233	PASS
CAT-AD	rs11580436	1	208124250	PASS
CAT-AD	rs11580454	1	208124349	PASS
CAT-AD	rs11578744	1	208124495	PASS
CAT-AD	rs12729571	1	208124514	PASS
CAT-AD	rs75304322	1	208124734	PASS
CAT-AD	rs1932824	1	208125926	PASS
CAT-AD	rs11580286	1	208126812	PASS
CAT-AD	rs7517152	1	208127073	PASS
CAT-AD	rs1074328	1	208127473	PASS
CAT-AD	rs1074327	1	208127490	PASS
CAT-AD	rs11118960	1	208128008	PASS
CAT-AD	rs13374460	1	208128205	PASS
CAT-AD	rs11579772	1	208128373	PASS
CAT-AD	rs11578041	1	208128618	PASS
CAT-AD	rs2745967	1	208128722	PASS
CAT-AD	rs11578506	1	208128822	PASS
CAT-AD	rs11579848	1	208128855	PASS
CAT-AD	rs11578508	1	208129065	PASS
CAT-AD	rs35149591	1	208129132	PASS
CAT-AD	rs35100559	1	208129444	PASS
CAT-AD	rs35356517	1	208129553	PASS
CAT-AD	rs35935287	1	208129604	PASS
CAT-AD	rs12065224	1	208129688	PASS
CAT-AD	rs12079386	1	208129880	PASS
CAT-AD	rs12066493	1	208130104	PASS
CAT-AD	rs12066542	1	208130219	PASS
CAT-AD	rs13374332	1	208130245	PASS
CAT-AD	rs11579530	1	208130418	PASS
CAT-AD	rs11579568	1	208130627	PASS
CAT-AD	rs11579168	1	208130656	PASS
CAT-AD	rs11584869	1	208130682	PASS
CAT-AD	rs7519609	1	208130720	PASS
CAT-AD	rs7552993	1	208130905	PASS
CAT-AD	rs7522233	1	208131044	PASS
CAT-AD	rs7519724	1	208131050	PASS
CAT-AD	rs11579609	1	208131076	PASS
CAT-AD	rs11581407	1	208131281	PASS
CAT-AD	rs34461385	1	208131441	PASS
CAT-AD	rs35649338	1	208131582	PASS
CAT-AD	rs35899323	1	208131663	PASS
CAT-AD	rs2745969	1	208132045	PASS
CAT-AD	rs11580769	1	208133497	PASS
CAT-AD	rs11118962	1	208134272	PASS
CAT-AD	rs11583119	1	208134887	PASS
CAT-AD	rs11581797	1	208134934	PASS
CAT-AD	rs75391399	1	208135170	PASS
CAT-AD	rs507920	1	208135969	PASS
CAT-AD	rs650470	1	208136236	PASS
CAT-AD	rs12753391	1	208136930	PASS
CAT-AD	rs2745938	1	208139949	PASS
CAT-AD	rs11118964	1	208140828	PASS
CAT-AD	rs2745939	1	208142081	PASS
CAT-AD	rs11584265	1	208157507	PASS
CAT-AD	rs1210226	1	208157785	PASS
CAT-AD	rs1204684	1	208157993	PASS
CAT-AD	rs643930	1	208158341	PASS
CAT-AD	rs475774	1	208158787	PASS
CAT-AD	rs764585	1	210521107	PASS
CAT-AD	rs12404222	1	210523184	PASS
CAT-AD	rs2103691	1	210526747	PASS
CAT-AD	rs3765880	1	210530377	PASS
CAT-AD	rs1883655	1	210531438	PASS
CAT-AD	rs55970959	1	210532756	PASS
CAT-AD	rs761172	1	210533525	PASS
CAT-AD	rs910028	1	210537999	PASS
CAT-AD	rs10489387	1	210540505	PASS
CAT-AD	rs4844522	1	210541553	PASS
CAT-AD	rs3819987	1	210550034	PASS
CAT-AD	rs4336853	1	210561383	PASS
CAT-AD	rs11119480	1	210564619	PASS
CAT-AD	rs4845010	1	210565133	PASS
CAT-AD	rs2294844	1	210566150	PASS
CAT-AD	rs910033	1	210578831	PASS
CAT-AD	rs3753228	1	210584288	PASS
CAT-AD	rs62182625	2	213152739	PASS
CAT-AD	rs4858135	3	25012867	PASS
CAT-AD	rs4378933	3	25015368	PASS
CAT-AD	rs6775590	3	25015984	PASS
CAT-AD	rs6779328	3	25017218	PASS
CAT-AD	rs62230584	3	25022439	PASS
CAT-AD	rs4075413	3	25023381	PASS
CAT-AD	rs11928745	3	25029366	PASS
CAT-AD	rs4858675	3	25029904	PASS
CAT-AD	rs7639453	3	25032614	PASS
CAT-AD	rs7533916	1	156492927	PASS
CAT-AD	rs60322795	1	156492942	PASS
CAT-AD	rs7544205	1	156493074	PASS
CAT-AD	rs7550381	1	156495001	PASS
CAT-AD	rs2768766	1	156775634	PASS
CAT-AD	rs928391	1	156776717	PASS
CAT-AD	rs2644606	1	156777845	PASS
CAT-AD	rs2735657	1	156780306	PASS
CAT-AD	rs2234883	1	156787110	PASS
CAT-AD	rs2644600	1	156790683	PASS
CAT-AD	rs2644599	1	156790906	PASS
CAT-AD	rs4661059	1	156796247	PASS
CAT-AD	rs4661060	1	156796302	PASS
CAT-AD	rs7522395	1	156796697	PASS
CAT-AD	rs6427332	1	156796844	PASS
CAT-AD	rs2148905	1	156797255	PASS
CAT-AD	rs2148906	1	156797301	PASS
CAT-AD	rs1888862	1	156797905	PASS
CAT-AD	rs1888861	1	156797961	PASS
CAT-AD	rs7516856	1	156798116	PASS
CAT-AD	rs6689750	1	156798725	PASS
CAT-AD	rs9834970	3	36856030	PASS
CAT-AD	rs9885316	5	141419720	PASS
CAT-AD	rs11747857	5	141426179	PASS
CAT-AD	rs7443311	5	141434160	PASS
CAT-AD	rs11739614	5	141452408	PASS
CAT-AD	rs17287162	5	141465680	PASS
CAT-AD	rs28372841	5	141487979	PASS
CAT-AD	rs55865281	5	141488807	PASS
CAT-AD	rs72799903	5	141492061	PASS
CAT-AD	rs2526100	7	11677778	PASS
CAT-AD	rs112156362	7	11679039	PASS
CAT-AD	rs7807044	7	11680984	PASS
CAT-AD	rs12699252	7	11684576	PASS
CAT-AD	rs13236165	7	11685200	PASS
CAT-AD	rs719914	7	11691296	PASS
CAT-AD	rs10247831	7	11693688	PASS
CAT-AD	rs6958479	7	11693963	PASS
CAT-AD	rs725588	7	11699149	PASS
CAT-AD	rs1526551	7	11702312	PASS
CAT-AD	rs13158276	5	156664205	PASS
CAT-AD	rs7092166	10	20846747	PASS
CAT-AD	rs74728516	11	59669839	PASS
CAT-AD	rs7109274	11	59720416	PASS
CAT-AD	rs76834192	11	59766312	PASS
CAT-AD	rs141802649	11	59800432	PASS
CAT-AD	rs1286171	11	59831458	PASS
CAT-AD	rs1151065	11	59831716	PASS
CAT-AD	rs1286169	11	59832346	PASS
CAT-AD	rs579721	11	59834318	PASS
CAT-AD	rs1296390	11	59834821	PASS
CAT-AD	rs3016834	11	59835242	PASS
CAT-AD	rs3016835	11	59835456	PASS
CAT-AD	rs528823	11	59837097	PASS
CAT-AD	rs474951	11	59838621	PASS
CAT-AD	rs536531	11	59839361	PASS
CAT-AD	rs539360	11	59839682	PASS
CAT-AD	rs560238	11	59841279	PASS
CAT-AD	rs471457	11	59845231	PASS
CAT-AD	rs543695	11	59845829	PASS
CAT-AD	rs549680	11	59846494	PASS
CAT-AD	rs1151105	11	59848232	PASS
CAT-AD	rs1286162	11	59848317	PASS
CAT-AD	rs558788	11	59852078	PASS
CAT-AD	rs558678	11	59852113	PASS
CAT-AD	rs554311	11	59852569	PASS
CAT-AD	rs1441586	11	59856028	PASS
CAT-AD	rs2583476	11	59857581	PASS
CAT-AD	rs2847664	11	59858497	PASS
CAT-AD	rs2847666	11	59859576	PASS
CAT-AD	rs2847667	11	59859609	PASS
CAT-AD	rs502581	11	59860178	PASS
CAT-AD	rs2583471	11	59861814	PASS
CAT-AD	rs2070970	11	59861983	PASS
CAT-AD	rs2847655	11	59865671	PASS
CAT-AD	rs502419	11	59866175	PASS
CAT-AD	rs2855017	11	59866309	PASS
CAT-AD	rs17528859	11	59867379	PASS
CAT-AD	rs574704	11	59867913	PASS
CAT-AD	rs580817	11	59869090	PASS
CAT-AD	rs580064	11	59869119	PASS
CAT-AD	rs521952	11	59870196	PASS
CAT-AD	rs516478	11	59870788	PASS
CAT-AD	rs487997	11	59871604	PASS
CAT-AD	rs1786137	11	59873448	PASS
CAT-AD	rs512495	11	59876036	PASS
CAT-AD	rs555635	11	59877143	PASS
CAT-AD	rs11230147	11	59877394	PASS
CAT-AD	rs514266	11	59877697	PASS
CAT-AD	rs562028	11	59877850	PASS
CAT-AD	rs4939311	11	59877967	PASS
CAT-AD	rs563803	11	59878001	PASS
CAT-AD	rs540170	11	59880038	PASS
CAT-AD	rs574798	11	59881561	PASS
CAT-AD	rs581133	11	59882306	PASS
CAT-AD	rs1303615	11	59885120	PASS
CAT-AD	rs1125357	11	59885493	PASS
CAT-AD	rs1303621	11	59890674	PASS
CAT-AD	rs11230153	11	59896901	PASS
CAT-AD	rs483629	11	59899911	PASS
CAT-AD	rs4939312	11	59900106	PASS
CAT-AD	rs4939314	11	59900575	PASS
CAT-AD	rs474123	11	59901422	PASS
CAT-AD	rs61901691	11	59902799	PASS
CAT-AD	rs525794	11	59903287	PASS
CAT-AD	rs11230155	11	59904959	PASS
CAT-AD	rs504272	11	59906476	PASS
CAT-AD	rs2165525	11	59906792	PASS
CAT-AD	rs7124974	11	59906972	PASS
CAT-AD	rs510518	11	59907097	PASS
CAT-AD	rs534273	11	59907399	PASS
CAT-AD	rs1786140	11	59908627	PASS
CAT-AD	rs493692	11	59909610	PASS
CAT-AD	rs476722	11	59913806	PASS
CAT-AD	rs595481	11	59914267	PASS
CAT-AD	rs583296	11	59914726	PASS
CAT-AD	rs558375	11	59915129	PASS
CAT-AD	rs1316005	11	59916087	PASS
CAT-AD	rs617916	11	59916749	PASS
CAT-AD	rs606588	11	59916905	PASS
CAT-AD	rs688030	11	59918162	PASS
CAT-AD	rs684961	11	59918837	PASS
CAT-AD	rs11230160	11	59919165	PASS
CAT-AD	rs11230161	11	59920231	PASS
CAT-AD	rs614104	11	59920505	PASS
CAT-AD	rs11230165	11	59922320	PASS
CAT-AD	rs10897009	11	59923194	PASS
CAT-AD	rs983392	11	59923508	PASS
CAT-AD	rs652354	11	59923991	PASS
CAT-AD	rs920573	11	59924959	PASS
CAT-AD	rs107903	11	59926256	PASS
CAT-AD	rs17529983	11	59927039	PASS
CAT-AD	rs664034	11	59930966	PASS
CAT-AD	rs56189574	11	59933492	PASS
CAT-AD	rs617135	11	59936757	PASS
CAT-AD	rs667897	11	59936979	PASS
CAT-AD	rs610932	11	59939307	PASS
CAT-AD	rs634475	11	59942081	PASS
CAT-AD	rs662196	11	59942757	PASS
CAT-AD	rs631853	11	59944898	PASS
CAT-AD	rs624663	11	59945065	PASS
CAT-AD	rs583791	11	59947252	PASS
CAT-AD	rs632185	11	59951433	PASS
CAT-AD	rs636147	11	59957092	PASS
CAT-AD	rs652303	11	59970047	PASS
CAT-AD	rs666555	11	59970984	PASS
CAT-AD	rs670139	11	59971795	PASS
CAT-AD	rs599862	11	59972888	PASS
CAT-AD	rs588084	11	59973059	PASS
CAT-AD	rs668287	11	59974629	PASS
CAT-AD	rs673141	11	59975710	PASS
CAT-AD	rs604085	11	59977401	PASS
CAT-AD	rs1285231	11	59979408	PASS
CAT-AD	rs1151119	11	59979932	PASS
CAT-AD	rs626011	11	59980018	PASS
CAT-AD	rs603568	11	59981619	PASS
CAT-AD	rs670854	11	59981769	PASS
CAT-AD	rs688460	11	59986710	PASS
CAT-AD	rs584469	11	59988862	PASS
CAT-AD	rs657928	11	59988906	PASS
CAT-AD	rs612738	11	59990591	PASS
CAT-AD	rs11826180	11	59991333	PASS
CAT-AD	rs620612	11	59991847	PASS
CAT-AD	rs673996	11	59994152	PASS
CAT-AD	rs600550	11	59997666	PASS
CAT-AD	rs676309	11	60001573	PASS
CAT-AD	rs678384	11	60002192	PASS
CAT-AD	rs621965	11	60004828	PASS
CAT-AD	rs633463	11	60005173	PASS
CAT-AD	rs611267	11	60005268	PASS
CAT-AD	rs650943	11	60006765	PASS
CAT-AD	rs627081	11	60012154	PASS
CAT-AD	rs592894	11	60014896	PASS
CAT-AD	rs2433239	11	60017018	PASS
CAT-AD	rs1365247	11	60027309	PASS
CAT-AD	rs1530915	11	60028917	PASS
CAT-AD	rs2044982	11	60045677	PASS
CAT-AD	rs1426248	11	60047410	PASS
CAT-AD	rs4939330	11	60049407	PASS
CAT-AD	rs10897024	11	60055651	PASS
CAT-AD	rs2044981	11	60060016	PASS
CAT-AD	rs11230235	11	60063596	PASS
CAT-AD	rs55777218	11	60070946	PASS
CAT-AD	rs11824734	11	60076693	PASS
CAT-AD	rs10792263	11	60079651	PASS
CAT-AD	rs72924626	11	60095740	PASS
CAT-AD	rs4939338	11	60099225	PASS
CAT-AD	rs11827324	11	60099912	PASS
CAT-AD	rs72924659	11	60103385	PASS
CAT-AD	rs7030607	9	119245183	PASS
CAT-AD	rs10817897	9	119245955	PASS
CAT-AD	rs4836726	9	119246425	PASS
CAT-AD	rs7040792	9	119248993	PASS
CAT-AD	rs6478240	9	119249198	PASS
CAT-AD	rs7022359	9	119251502	PASS
CAT-AD	rs2416560	9	119252207	PASS
CAT-AD	rs1885234	9	119252277	PASS
CAT-AD	rs7465849	9	119254822	PASS
CAT-AD	rs4837587	9	119285144	PASS
CAT-AD	rs12339801	9	119294359	PASS
CAT-AD	rs12682684	9	119310581	PASS
CAT-AD	rs7026794	9	119319485	PASS
CAT-AD	rs12341080	9	119325482	PASS
CAT-AD	rs12341123	9	119325611	PASS
CAT-AD	rs12347183	9	119326629	PASS
CAT-AD	rs1467554	9	119331057	PASS
CAT-AD	rs12336805	9	119342261	PASS
CAT-AD	rs28458412	9	119344656	PASS
CAT-AD	rs72762011	9	119355564	PASS
CAT-AD	rs11792572	9	119363659	PASS
CAT-AD	rs4837659	9	119365292	PASS
CAT-AD	rs12682871	9	119399319	PASS
CAT-AD	rs12682860	9	119399372	PASS
CAT-AD	rs78246677	9	119400827	PASS
CAT-AD	rs1596101	9	119401227	PASS
CAT-AD	rs1372335	9	119403743	PASS
CAT-AD	rs10881931	10	93373287	PASS
CAT-AD	rs7094024	10	93374452	PASS
CAT-AD	rs10786006	10	93377309	PASS
CAT-AD	rs4933678	10	93378105	PASS
CAT-AD	rs4933679	10	93378452	PASS
CAT-AD	rs1099379	10	93818504	PASS
CAT-AD	rs855710	10	93865543	PASS
CAT-AD	rs7919699	10	93880868	PASS
CAT-AD	rs7919840	10	93880973	PASS
CAT-AD	rs855698	10	93891737	PASS
CAT-AD	rs1229577	10	93899877	PASS
CAT-AD	rs6583804	10	93935403	PASS
CAT-AD	rs10786031	10	93974271	PASS
CAT-AD	rs3824734	10	93999850	PASS
CAT-AD	rs10882040	10	94011799	PASS
CAT-AD	rs11186957	10	94139014	PASS
CAT-AD	rs11186958	10	94139274	PASS
CAT-AD	rs7911784	10	94139488	PASS
CAT-AD	rs11186959	10	94140831	PASS
CAT-AD	rs11186960	10	94142607	PASS
CAT-AD	rs2257635	10	94145023	PASS
CAT-AD	rs2259471	10	94147023	PASS
CAT-AD	rs2771260	10	94150536	PASS
CAT-AD	rs2259087	10	94155014	PASS
CAT-AD	rs2259052	10	94155390	PASS
CAT-AD	rs2259049	10	94155499	PASS
CAT-AD	rs2798249	10	94155846	PASS
CAT-AD	rs2995787	10	94159226	PASS
CAT-AD	rs2077218	10	96071561	PASS
CAT-AD	rs7078844	10	96081140	PASS
CAT-AD	rs11528136	10	100746539	PASS
CAT-AD	rs80240449	10	100754725	PASS
CAT-AD	rs11189928	10	100755581	PASS
CAT-AD	rs112132339	10	100757000	PASS
CAT-AD	rs7082050	10	100757488	PASS
CAT-AD	rs1344214	10	100758587	PASS
CAT-AD	rs74663457	10	100762323	PASS
CAT-AD	rs7919734	10	100771294	PASS
CAT-AD	rs10466169	10	100772791	PASS
CAT-AD	rs111251691	10	100774677	PASS
CAT-AD	rs141634805	10	100775794	PASS
CAT-AD	rs80045285	10	100776216	PASS
CAT-AD	rs78287224	10	100778265	PASS
CAT-AD	rs11189937	10	100780715	PASS
CAT-AD	rs11189939	10	100781974	PASS
CAT-AD	rs11189940	10	100782356	PASS
CAT-AD	rs79483496	10	100782911	PASS
CAT-AD	rs6584231	10	100784115	PASS
CAT-AD	rs11189943	10	100785546	PASS
CAT-AD	rs11189944	10	100785720	PASS
CAT-AD	rs11189946	10	100793368	PASS
CAT-AD	rs7919499	10	100793754	PASS
CAT-AD	rs11189947	10	100797203	PASS
CAT-AD	rs71486192	10	100800619	PASS
CAT-AD	rs4132968	10	100802473	PASS
CAT-AD	rs11189951	10	100803057	PASS
CAT-AD	rs9633708	10	100807933	PASS
CAT-AD	rs9633709	10	100807955	PASS
CAT-AD	rs11189952	10	100808370	PASS
CAT-AD	rs7080467	10	100810339	PASS
CAT-AD	rs34876282	10	100814525	PASS
CAT-AD	rs4775083	15	58892675	PASS
CAT-AD	rs11854073	15	58972995	PASS
CAT-AD	rs4774310	15	58985164	PASS
CAT-AD	rs12911961	15	58985867	PASS
CAT-AD	rs7179540	15	59011063	PASS
CAT-AD	rs6494037	15	59016315	PASS
CAT-AD	rs2555356	15	59016431	PASS
CAT-AD	rs383902	15	59034174	PASS
CAT-AD	rs653765	15	59042012	PASS
CAT-AD	rs593742	15	59045774	PASS
CAT-AD	rs640704	15	59049021	PASS
CAT-AD	rs2250583	15	59050382	PASS
CAT-AD	rs596379	15	59052072	PASS
CAT-AD	rs585192	15	59052210	PASS
CAT-AD	rs507801	15	59053345	PASS
CAT-AD	rs572107	15	59055810	PASS
CAT-AD	rs650366	15	59061142	PASS
CAT-AD	rs793571	15	59141706	PASS
CAT-AD	rs632811	15	59155050	PASS
CAT-AD	rs7162694	15	59158301	PASS
CAT-AD	rs72745053	15	59159259	PASS
CAT-AD	rs11630265	15	59159826	PASS
CAT-AD	rs7179399	15	59165527	PASS
CAT-AD	rs964285	15	59170964	PASS
CAT-AD	rs2270664	15	59181985	PASS
CAT-AD	rs4774315	15	59202598	PASS
CAT-AD	rs10162821	15	59203129	PASS
CAT-AD	rs4775101	15	59218094	PASS
CAT-AD	rs12916751	15	59221741	PASS
CAT-AD	rs11856185	15	59222464	PASS
CAT-AD	rs12909894	15	59227902	PASS
CAT-AD	rs11633839	15	59234376	PASS
CAT-AD	rs112075474	15	59248519	PASS
CAT-AD	rs11637118	15	59248836	PASS
CAT-AD	rs8037673	15	59249584	PASS
CAT-AD	rs12905081	15	59250000	PASS
CAT-AD	rs11855243	15	59251699	PASS
CAT-AD	rs10162914	15	59253792	PASS
CAT-AD	rs3985721	15	59258606	PASS
CAT-AD	rs6416469	15	59261203	PASS
CAT-AD	rs12593928	15	64374034	PASS
CAT-AD	rs10468031	15	64375216	PASS
CAT-AD	rs11636273	15	64379705	PASS
CAT-AD	rs11636327	15	64379865	PASS
CAT-AD	rs16947748	15	64381148	PASS
CAT-AD	rs3848142	15	64382738	PASS
CAT-AD	rs3843698	15	64384172	PASS
CAT-AD	rs7181268	15	64389087	PASS
CAT-AD	rs3884104	15	64389434	PASS
CAT-AD	rs11629723	15	64391096	PASS
CAT-AD	rs7164540	15	64391667	PASS
CAT-AD	rs12898200	15	64398539	PASS
CAT-AD	rs6494465	15	64411521	PASS
CAT-AD	rs749504	15	64430607	PASS
CAT-AD	rs17201990	15	64434537	PASS
CAT-AD	rs12591947	15	64436455	PASS
CAT-AD	rs4573885	15	64440424	PASS
CAT-AD	rs35561890	15	64441036	PASS
CAT-AD	rs12430162	13	27038040	PASS
CAT-AD	rs4631994	13	27038984	PASS
CAT-AD	rs7989124	13	27041059	PASS
CAT-AD	rs35101488	13	27042241	PASS
CAT-AD	rs11620323	13	27043925	PASS
CAT-AD	rs7988061	13	27044567	PASS
CAT-AD	rs12864131	13	27045939	PASS
CAT-AD	rs61944841	13	27049616	PASS
CAT-AD	rs7994814	13	27054201	PASS
CAT-AD	rs11072447	15	74166455	PASS
CAT-AD	rs62007098	15	74178966	PASS
CAT-AD	rs62007099	15	74179024	PASS
CAT-AD	rs4886743	15	74185302	PASS
CAT-AD	rs4886744	15	74186632	PASS
CAT-AD	rs4553581	15	74194348	PASS
CAT-AD	rs11637990	15	74196638	PASS
CAT-AD	rs4886467	15	74198813	PASS
CAT-AD	rs28361353	15	74201917	PASS
CAT-AD	rs7173684	15	74214883	PASS
CAT-AD	rs4886761	15	74215551	PASS
CAT-AD	rs16958477	15	74218466	PASS
CAT-AD	rs3825942	15	74219582	PASS
CAT-AD	rs1550437	15	74221298	PASS
CAT-AD	rs8034017	15	74222043	PASS
CAT-AD	rs1078967	15	74222987	PASS
CAT-AD	rs74026308	15	74223646	PASS
CAT-AD	rs8041642	15	74225106	PASS
CAT-AD	rs8041685	15	74225193	PASS
CAT-AD	rs8042039	15	74225518	PASS
CAT-AD	rs4886782	15	74228810	PASS
CAT-AD	rs72745367	15	74232066	PASS
CAT-AD	rs2304719	15	74235500	PASS
CAT-AD	rs2304720	15	74238734	PASS
CAT-AD	rs12437465	15	74243246	PASS
CAT-AD	rs67693285	16	30623979	PASS
CAT-AD	rs9927137	16	30634300	PASS
CAT-AD	rs61162043	16	31114234	PASS
CAT-AD	rs56314408	16	31117389	PASS
CAT-AD	rs2032915	16	31117413	PASS
CAT-AD	rs12716981	16	31118024	PASS
CAT-AD	rs749767	16	31124407	PASS
CAT-AD	rs11647442	16	31125776	PASS
CAT-AD	rs4889619	16	31128615	PASS
CAT-AD	rs9925964	16	31129895	PASS
CAT-AD	rs1978487	16	31129942	PASS
CAT-AD	rs1978485	16	31131121	PASS
CAT-AD	rs4889620	16	31131174	PASS
CAT-AD	rs4527034	16	31131614	PASS
CAT-AD	rs9936329	16	31140799	PASS
CAT-AD	rs1549293	16	31141993	PASS
CAT-AD	rs12597511	16	31145219	PASS
CAT-AD	rs2855475	16	31147548	PASS
CAT-AD	rs11641753	16	49885062	PASS
CAT-AD	rs1362622	16	49885737	PASS
CAT-AD	rs1362623	16	49885785	PASS
CAT-AD	rs2241217	16	49888469	PASS
CAT-AD	rs116915980	16	49889372	PASS
CAT-AD	rs2005827	17	74720877	PASS
CAT-AD	rs12936775	17	74726771	PASS
CAT-AD	rs3744061	17	74733403	PASS
CAT-AD	rs2002781	17	74820473	PASS
CAT-AD	rs11868247	17	74820857	PASS
CAT-AD	rs3987984	17	74821244	PASS
CAT-AD	rs2411037	17	74821407	PASS
CAT-AD	rs4307977	17	74821476	PASS
CAT-AD	rs12603172	17	74821559	PASS
CAT-AD	rs12604038	17	74821844	PASS
CAT-AD	rs8075683	17	74822281	PASS
CAT-AD	rs12449967	17	74823281	PASS
CAT-AD	rs73351307	21	27589715	PASS
CAT-AD	rs1892676	21	27593540	PASS
CAT-AD	rs62222965	21	27597762	PASS
CAT-AD	rs59690116	21	27601515	PASS
CAT-AD	rs2830120	21	27601735	PASS
CAT-AD	rs2830520	21	28162797	PASS
CAT-AD	rs11702792	21	28163086	PASS
CAT-AD	rs4816293	21	28163688	PASS
CAT-AD	rs4816294	21	28163720	PASS
CAT-AD	rs62215752	21	28164273	PASS
CAT-AD	rs28368558	21	28165073	PASS
CAT-AD	rs2830524	21	28165898	PASS
CAT-AD	rs2830530	21	28167687	PASS
CAT-AD	rs2830535	21	28168603	PASS
CAT-AD	rs10401330	19	33502068	PASS
CAT-AD	rs2288854	19	33502714	PASS
CAT-AD	rs10401187	19	33503195	PASS
CAT-AD	rs10403961	19	33503394	PASS
CAT-AD	rs10407944	19	33503962	PASS
CAT-AD	rs10416426	19	33504177	PASS
CAT-AD	rs10410247	19	33504259	PASS
CAT-AD	rs10415371	19	33504968	PASS
CAT-AD	rs10423689	19	33505101	PASS
CAT-AD	rs8106013	19	33513781	PASS
CAT-AD	rs11882661	19	33514208	PASS
CAT-AD	rs55897915	19	33517898	PASS
CAT-AD	rs73039428	19	33521150	PASS
CAT-AD	rs8107484	19	33525783	PASS
CAT-AD	rs9304843	19	33566297	PASS
CAT-AD	rs9931998	16	81772536	PASS
CAT-AD	rs132384	22	29616265	PASS
CAT-AD	rs5753038	22	30583134	PASS
CAT-AD	rs7197795	16	90134240	PASS
CAT-AD	rs62054657	16	90140324	PASS
CAT-AD	rs62052678	16	90165964	PASS
CAT-AD	rs56407236	16	90170095	PASS
CAT-AD	rs36131674	17	2731606	PASS
CAT-AD	rs28986291	6	29536465	PASS
CAT-AD	rs3129790	6	29065393	PASS
CAT-AD	rs204483	19	45475096	PASS
CAT-AD	rs7923666	10	93380143	PASS
CAT-AD	rs3129802	6	29029730	PASS
CAT-AD	rs879171409			MISSING_OR_NONNUMERIC
CAT-AD	rs9820909	3	109296592	PASS
CAT-AD	rs114170382	6	31345421	PASS
CAT-AD	rs3129801	6	29027255	PASS
CAT-AD	rs114202986	6	31375917	PASS
CAT-AD	rs3132553	6	31085200	PASS
CAT-AD	rs114334832	6	32118085	PASS
CAT-AD	rs115797804	6	32356821	PASS
CAT-AD	rs55888430	6	32785142	PASS
CAT-AD	rs1246731973	11	54770086	PASS
CAT-AD	rs41265836	6	30506961	PASS
CAT-AD	rs3095320	6	31087934	PASS
CAT-AD	rs35973009	6	30375710	PASS
CAT-AD	rs28732165	6	31876647	PASS
CAT-AD	rs2923003	6	31373445	PASS
CAT-AD	rs112572402	6	30779842	PASS
CAT-AD	rs185245908	2	127832400	PASS
CAT-AD	rs142612110	6	30052805	PASS
CAT-AD	rs9268107	6	32247302	PASS
CAT-AD	rs13214608	6	30068613	PASS
CAT-AD	rs2516471	6	31400292	PASS
CAT-AD	rs17200095	6	31378089	PASS
CAT-AD	rs28807203	19	45173951	PASS
CAT-AD	rs190452292	17	48685483	PASS
CAT-AD	rs35697864	6	29956731	PASS
CAT-AD	rs17207190	6	31569520	PASS
CAT-AD	rs2071479	6	32781112	PASS
CAT-AD	rs80074461	3	109319358	PASS
CAT-AD	rs967040	12	9484904	PASS
CAT-AD	rs28732201	6	32350454	PASS
CAT-AD	rs1265045	6	31085340	PASS
CAT-AD	rs28732141	6	31519365	PASS
CAT-AD	rs2524279	6	31392906	PASS
CAT-AD	rs879169671			MISSING_OR_NONNUMERIC
CAT-AD	rs113472359	6	40851131	PASS
CAT-AD	rs28780103	6	30420778	PASS
CAT-AD	rs138039007	6	31619153	PASS
CAT-AD	rs79006565	7	28463100	PASS
CAT-AD	rs3095309	6	31091475	PASS
CAT-AD	rs116831885	6	32595141	PASS
CAT-AD	rs113688927	6	31329447	PASS
CAT-AD	rs138834542	18	52788802	PASS
CAT-AD	rs209154	6	28843311	PASS
CAT-AD	rs114004047	4	1797360	PASS
CAT-AD	rs3095319	6	31088037	PASS
CAT-AD	rs10422568	19	45198477	PASS
CAT-AD	rs9267988	6	32218325	PASS
CAT-AD	rs116081995	6	31389740	PASS
CAT-AD	rs3218808	6	30876017	PASS
CAT-AD	rs2302397	6	31088241	PASS
CAT-AD	rs147634411	6	32102306	PASS
CAT-AD	rs114607072	6	31351940	PASS
CAT-AD	rs11540321	6	31695368	PASS
CAT-AD	rs11230166	11	59922484	PASS
CAT-AD	rs2395029	6	31431780	PASS
CAT-AD	rs112515516	6	31329100	PASS
CAT-AD	rs60120717	1	214010458	PASS
CAT-AD	rs28732196	6	32322071	PASS
CAT-AD	rs28732143	6	31530810	PASS
CAT-AD	rs41558312	6	31378864	PASS
CAT-AD	rs28399663	19	45323801	PASS
CAT-AD	rs28732187	6	32256782	PASS
CAT-AD	rs72768367	16	4590247	PASS
CAT-AD	rs59440261	6	31371071	PASS
CAT-AD	rs72843820	2	127773527	PASS
CAT-AD	rs9271349	6	32583830	PASS
CAT-AD	rs79479695	6	31387448	PASS
CAT-AD	rs3093726	6	31546789	PASS
CAT-AD	rs9268844	6	32429153	PASS
CAT-AD	rs28732156	6	31614797	PASS
CAT-AD	rs2516474	6	31503426	PASS
CAT-AD	rs34293391	19	45536061	PASS
CAT-AD	rs1436695255			MISSING_OR_NONNUMERIC
CAT-AD	rs7975196	12	9482323	PASS
CAT-AD	rs62400982	6	30805446	PASS
CAT-AD	rs116053846	1	214008066	PASS
CAT-AD	rs73147414	20	61314825	PASS
CAT-AD	rs183336979	19	45712790	PASS
CAT-AD	rs6487833	12	9482544	PASS
CAT-AD	rs34356812	6	30249051	PASS
CAT-AD	rs480085	6	32275555	PASS
CAT-AD	rs3132545	6	31089125	PASS
CAT-AD	rs9682454	3	25019631	PASS
CAT-AD	rs76059302	10	115089091	PASS
CAT-AD	rs7979195	12	9483295	PASS
CAT-AD	rs57912571	6	32750921	PASS
CAT-AD	rs28732142	6	31521095	PASS
CAT-AD	rs7975044	12	9482154	PASS
CAT-AD	rs28732203	6	32362447	PASS
CAT-AD	rs55912244	6	31453577	PASS
CAT-AD	rs8104660	19	45191509	PASS
CAT-AD	rs2254620	6	31427231	PASS
CAT-AD	rs191196161	17	41112752	PASS
CAT-AD	rs76915476	3	109392040	PASS
CAT-AD	rs7969273	12	9483285	PASS
CAT-AD	rs28895021	6	32245462	PASS
CAT-AD	rs41316748	6	32019512	PASS
CAT-AD	rs72618590	19	1037941	PASS
CAT-AD	rs3095321	6	31087496	PASS
CAT-AD	rs62120561	19	45194396	PASS
CAT-AD	rs28732237	6	32438194	PASS
CAT-AD	rs3095322	6	31087441	PASS
CAT-AD	rs3132485	6	31243389	PASS
CAT-AD	rs187911831	6	31732942	PASS
CAT-AD	rs66493939	2	233978388	PASS
CAT-AD	rs116275603	6	31844998	PASS
CAT-AD	rs8192591	6	32185796	PASS
CAT-AD	rs3763288	6	31370367	PASS
CAT-AD	rs114684440	3	179841999	PASS
CAT-AD	rs79411911	6	31387810	PASS
CAT-AD	rs114191734	6	32078531	PASS
CAT-AD	rs115469976	6	32986508	PASS
CAT-AD	rs11575852	6	31647001	PASS
CAT-AD	rs73410764	6	32785841	PASS
CAT-AD	rs11230167	11	59922568	PASS
CAT-AD	rs138529507	8	27494366	PASS
CAT-AD	rs35664695	6	31929808	PASS
CAT-AD	rs9368654	6	30990381	PASS
CAT-AD	rs80056538	7	50283106	PASS
CAT-AD	rs7310995	12	9482615	PASS
CAT-AD	rs10946985	6	29330888	PASS
CAT-AD	rs116339333	6	31390971	PASS
CAT-CAD	rs2173049	1	2240006	PASS
CAT-CAD	rs12082516	1	2251160	PASS
CAT-CAD	rs12080256	1	2251357	PASS
CAT-CAD	rs10196501	2	27147272	PASS
CAT-CAD	rs3769134	2	27150891	PASS
CAT-CAD	rs12615423	2	27158623	PASS
CAT-CAD	rs1440042	2	27187814	PASS
CAT-CAD	rs11897106	2	27196299	PASS
CAT-CAD	rs3007364	1	169018902	PASS
CAT-CAD	rs1320974	1	169022617	PASS
CAT-CAD	rs1200105	1	169056398	PASS
CAT-CAD	rs1922924	1	169067740	PASS
CAT-CAD	rs10919057	1	169067843	PASS
CAT-CAD	rs2051145	1	169070332	PASS
CAT-CAD	rs926517	1	169072731	PASS
CAT-CAD	rs926516	1	169073050	PASS
CAT-CAD	rs12404596	1	176040169	PASS
CAT-CAD	rs6678812	1	176063871	PASS
CAT-CAD	rs17354120	1	176086548	PASS
CAT-CAD	rs7517503	1	176092668	PASS
CAT-CAD	rs2175177	1	176184056	PASS
CAT-CAD	rs7340050	1	176224746	PASS
CAT-CAD	rs352314	1	176233932	PASS
CAT-CAD	rs352330	1	176240513	PASS
CAT-CAD	rs352302	1	176255930	PASS
CAT-CAD	rs4652161	1	176261203	PASS
CAT-CAD	rs352306	1	176263240	PASS
CAT-CAD	rs10798450	1	176268044	PASS
CAT-CAD	rs2455750	1	176275116	PASS
CAT-CAD	rs2455738	1	176291703	PASS
CAT-CAD	rs2455735	1	176292235	PASS
CAT-CAD	rs2455729	1	176298497	PASS
CAT-CAD	rs2455727	1	176305411	PASS
CAT-CAD	rs6659580	1	176330887	PASS
CAT-CAD	rs1354286	1	176335726	PASS
CAT-CAD	rs2504490	1	176345502	PASS
CAT-CAD	rs1503124	1	176354126	PASS
CAT-CAD	rs2504494	1	176362201	PASS
CAT-CAD	rs2455748	1	176363059	PASS
CAT-CAD	rs2938154	1	176385265	PASS
CAT-CAD	rs2455723	1	176390084	PASS
CAT-CAD	rs4652173	1	176411573	PASS
CAT-CAD	rs4650943	1	176414781	PASS
CAT-CAD	rs16823124	2	183224127	PASS
CAT-CAD	rs10497597	2	183263753	PASS
CAT-CAD	rs12039696	1	42918754	PASS
CAT-CAD	rs9787162	1	42925688	PASS
CAT-CAD	rs12405571	1	42959296	PASS
CAT-CAD	rs12042621	1	42982078	PASS
CAT-CAD	rs6669993	1	42994117	PASS
CAT-CAD	rs12046563	1	43137280	PASS
CAT-CAD	rs938929	2	198780860	PASS
CAT-CAD	rs11692344	2	198795863	PASS
CAT-CAD	rs1607373	2	198800532	PASS
CAT-CAD	rs2880389	2	198801707	PASS
CAT-CAD	rs10207433	2	198805930	PASS
CAT-CAD	rs1401090	2	198808578	PASS
CAT-CAD	rs1518364	2	198809975	PASS
CAT-CAD	rs10189897	2	198813410	PASS
CAT-CAD	rs1518360	2	198815303	PASS
CAT-CAD	rs4410288	2	198819824	PASS
CAT-CAD	rs10497809	2	198825668	PASS
CAT-CAD	rs10931796	2	198840661	PASS
CAT-CAD	rs7571869	2	198841615	PASS
CAT-CAD	rs10177758	2	198858917	PASS
CAT-CAD	rs10196612	2	198894139	PASS
CAT-CAD	rs12126676	1	200600820	PASS
CAT-CAD	rs3806358	1	200639683	PASS
CAT-CAD	rs6667172	1	200643838	PASS
CAT-CAD	rs6700559	1	200646073	PASS
CAT-CAD	rs4437908	1	200648439	PASS
CAT-CAD	rs12082129	1	200650490	PASS
CAT-CAD	rs360807	2	62926859	PASS
CAT-CAD	rs360797	2	62942840	PASS
CAT-CAD	rs360799	2	62953166	PASS
CAT-CAD	rs360801	2	62955387	PASS
CAT-CAD	rs4671050	2	62988169	PASS
CAT-CAD	rs7573756	2	62990637	PASS
CAT-CAD	rs13013218	2	63011671	PASS
CAT-CAD	rs9436447	1	50590732	PASS
CAT-CAD	rs12567124	1	50595996	PASS
CAT-CAD	rs3902720	1	50605337	PASS
CAT-CAD	rs4147276	1	50606876	PASS
CAT-CAD	rs11206510	1	55496039	PASS
CAT-CAD	rs6674131	1	56991294	PASS
CAT-CAD	rs1041602	1	57013198	PASS
CAT-CAD	rs41487448	1	57015295	PASS
CAT-CAD	rs10493211	1	57016912	PASS
CAT-CAD	rs6664815	1	207415563	PASS
CAT-CAD	rs7543250	1	207425043	PASS
CAT-CAD	rs6540896	1	207440851	PASS
CAT-CAD	rs1652333	1	207470460	PASS
CAT-CAD	rs2802233	1	207471224	PASS
CAT-CAD	rs1572275	1	207478980	PASS
CAT-CAD	rs891376	1	207491489	PASS
CAT-CAD	rs2571444	2	218699116	PASS
CAT-CAD	rs9441828	1	222720697	PASS
CAT-CAD	rs10495194	1	222733971	PASS
CAT-CAD	rs3008647	1	222759007	PASS
CAT-CAD	rs17464857	1	222762709	PASS
CAT-CAD	rs17511318	1	222762958	PASS
CAT-CAD	rs3008654	1	222766609	PASS
CAT-CAD	rs1909194	1	222770703	PASS
CAT-CAD	rs3002130	1	222772139	PASS
CAT-CAD	rs1053316	1	222839838	PASS
CAT-CAD	rs3008633	1	222844840	PASS
CAT-CAD	rs3008634	1	222845411	PASS
CAT-CAD	rs1254900	2	85816334	PASS
CAT-CAD	rs4640404	2	100980523	PASS
CAT-CAD	rs4340543	2	101005511	PASS
CAT-CAD	rs2673961	1	235059175	PASS
CAT-CAD	rs17584208	1	109833187	PASS
CAT-CAD	rs17645031	1	109834938	PASS
CAT-CAD	rs865774	1	110169190	PASS
CAT-CAD	rs568686	1	110173775	PASS
CAT-CAD	rs3850616	1	110183021	PASS
CAT-CAD	rs2360635	1	110604747	PASS
CAT-CAD	rs748431	3	14928077	PASS
CAT-CAD	rs1230666	1	114173410	PASS
CAT-CAD	rs6679677	1	114303808	PASS
CAT-CAD	rs2476601	1	114377568	PASS
CAT-CAD	rs4954564	2	136895508	PASS
CAT-CAD	rs4954566	2	136901513	PASS
CAT-CAD	rs953387	2	136907170	PASS
CAT-CAD	rs6715785	2	136910273	PASS
CAT-CAD	rs4954394	2	136917330	PASS
CAT-CAD	rs11692725	2	136929883	PASS
CAT-CAD	rs12691876	2	136963794	PASS
CAT-CAD	rs1519528	2	136973781	PASS
CAT-CAD	rs882300	2	136976255	PASS
CAT-CAD	rs4954580	2	136986303	PASS
CAT-CAD	rs4954585	2	136998394	PASS
CAT-CAD	rs6430612	2	137006198	PASS
CAT-CAD	rs10221893	2	137013606	PASS
CAT-CAD	rs4954594	2	137028349	PASS
CAT-CAD	rs1056204	2	9647091	PASS
CAT-CAD	rs4464248	2	9691320	PASS
CAT-CAD	rs698915	1	150388318	PASS
CAT-CAD	rs6693567	1	150510660	PASS
CAT-CAD	rs2252383	2	145803003	PASS
CAT-CAD	rs1830318	2	145819803	PASS
CAT-CAD	rs6747171	2	145819888	PASS
CAT-CAD	rs10201197	2	145820213	PASS
CAT-CAD	rs1881409	2	145821520	PASS
CAT-CAD	rs1830319	2	145821597	PASS
CAT-CAD	rs1881410	2	145821717	PASS
CAT-CAD	rs1830320	2	145822380	PASS
CAT-CAD	rs13015800	2	145822655	PASS
CAT-CAD	rs12691704	2	145822778	PASS
CAT-CAD	rs6749506	2	145825390	PASS
CAT-CAD	rs1830321	2	145825555	PASS
CAT-CAD	rs12476923	2	145830053	PASS
CAT-CAD	rs957293	2	145833187	PASS
CAT-CAD	rs7604735	2	145839655	PASS
CAT-CAD	rs10187579	2	146314827	PASS
CAT-CAD	rs10186882	2	146344233	PASS
CAT-CAD	rs4858670	3	25006453	PASS
CAT-CAD	rs4845618	1	154400015	PASS
CAT-CAD	rs6427658	1	154400799	PASS
CAT-CAD	rs6694817	1	154401972	PASS
CAT-CAD	rs7549250	1	154404336	PASS
CAT-CAD	rs4845371	1	154408340	PASS
CAT-CAD	rs4553185	1	154410955	PASS
CAT-CAD	rs4845625	1	154422067	PASS
CAT-CAD	rs6689393	1	154426097	PASS
CAT-CAD	rs2854725	2	21237786	PASS
CAT-CAD	rs12713956	2	21241505	PASS
CAT-CAD	rs1713222	2	21271323	PASS
CAT-CAD	rs1429974	2	21300770	PASS
CAT-CAD	rs754524	2	21311541	PASS
CAT-CAD	rs754523	2	21311691	PASS
CAT-CAD	rs11687710	2	21371068	PASS
CAT-CAD	rs312985	2	21378805	PASS
CAT-CAD	rs527034	2	21382786	PASS
CAT-CAD	rs4560142	2	21383717	PASS
CAT-CAD	rs4591370	2	21383742	PASS
CAT-CAD	rs1712247	2	21383951	PASS
CAT-CAD	rs538928	2	21389019	PASS
CAT-CAD	rs576203	2	21393623	PASS
CAT-CAD	rs506585	2	21397182	PASS
CAT-CAD	rs478442	2	21399216	PASS
CAT-CAD	rs1878512	2	21420358	PASS
CAT-CAD	rs10169543	2	21423989	PASS
CAT-CAD	rs11099493	4	82587050	PASS
CAT-CAD	rs2061209	3	171765204	PASS
CAT-CAD	rs9290439	3	171768074	PASS
CAT-CAD	rs1438	3	171772334	PASS
CAT-CAD	rs4894797	3	171783546	PASS
CAT-CAD	rs16856859	3	171784736	PASS
CAT-CAD	rs1563436	3	171786094	PASS
CAT-CAD	rs2219263	3	171786974	PASS
CAT-CAD	rs4894799	3	171795540	PASS
CAT-CAD	rs4894803	3	171800256	PASS
CAT-CAD	rs6445037	3	171801546	PASS
CAT-CAD	rs9842575	3	171803152	PASS
CAT-CAD	rs9290443	3	171804493	PASS
CAT-CAD	rs7651931	3	171821513	PASS
CAT-CAD	rs11924824	3	171827563	PASS
CAT-CAD	rs2398656	5	4085070	PASS
CAT-CAD	rs2136174	5	4085896	PASS
CAT-CAD	rs1817424	3	181218016	PASS
CAT-CAD	rs4855031	3	181223661	PASS
CAT-CAD	rs766100	3	181225746	PASS
CAT-CAD	rs1479172	3	181238160	PASS
CAT-CAD	rs12497008	3	181283743	PASS
CAT-CAD	rs6443750	3	181329682	PASS
CAT-CAD	rs7611110	3	181938437	PASS
CAT-CAD	rs1979974	4	146800815	PASS
CAT-CAD	rs1801708	4	148402369	PASS
CAT-CAD	rs6855875	4	148402737	PASS
CAT-CAD	rs984457	4	148403485	PASS
CAT-CAD	rs984458	4	148403549	PASS
CAT-CAD	rs10305860	4	148405887	PASS
CAT-CAD	rs10024834	4	148420636	PASS
CAT-CAD	rs6840756	4	148421354	PASS
CAT-CAD	rs17474816	4	148422095	PASS
CAT-CAD	rs6848108	4	148422625	PASS
CAT-CAD	rs6827096	4	148435446	PASS
CAT-CAD	rs11949724	5	55832217	PASS
CAT-CAD	rs11957126	5	55832268	PASS
CAT-CAD	rs6867983	5	55854153	PASS
CAT-CAD	rs3843467	5	55856375	PASS
CAT-CAD	rs4301182	5	55857675	PASS
CAT-CAD	rs2880099	4	156432368	PASS
CAT-CAD	rs7440928	4	156434164	PASS
CAT-CAD	rs6810470	4	156447611	PASS
CAT-CAD	rs6850722	4	156472766	PASS
CAT-CAD	rs1976041	4	156486040	PASS
CAT-CAD	rs6854265	4	156492983	PASS
CAT-CAD	rs10517622	4	156499671	PASS
CAT-CAD	rs1032051	4	156499985	PASS
CAT-CAD	rs2705455	4	156502857	PASS
CAT-CAD	rs2200168	4	156504520	PASS
CAT-CAD	rs716428	4	156506869	PASS
CAT-CAD	rs13059110	3	137997742	PASS
CAT-CAD	rs6807945	3	138052754	PASS
CAT-CAD	rs13324341	3	138070901	PASS
CAT-CAD	rs1199338	3	138087467	PASS
CAT-CAD	rs2347252	3	138095525	PASS
CAT-CAD	rs1720819	3	138100539	PASS
CAT-CAD	rs2306374	3	138119952	PASS
CAT-CAD	rs9818870	3	138122122	PASS
CAT-CAD	rs2293251	3	138124114	PASS
CAT-CAD	rs1672928	3	138334927	PASS
CAT-CAD	rs1501672	5	87963761	PASS
CAT-CAD	rs7647643	3	156885337	PASS
CAT-CAD	rs7638194	3	156938075	PASS
CAT-CAD	rs13081038	3	156950732	PASS
CAT-CAD	rs7642179	3	156966235	PASS
CAT-CAD	rs1046938	3	156978173	PASS
CAT-CAD	rs7625059	3	156980018	PASS
CAT-CAD	rs10041953	5	111161200	PASS
CAT-CAD	rs1494585	5	111294346	PASS
CAT-CAD	rs1994871	5	111296973	PASS
CAT-CAD	rs4957626	5	111298618	PASS
CAT-CAD	rs255915	5	111387502	PASS
CAT-CAD	rs194359	5	111390356	PASS
CAT-CAD	rs30341	5	111410425	PASS
CAT-CAD	rs30349	5	111419303	PASS
CAT-CAD	rs270607	5	131649186	PASS
CAT-CAD	rs270606	5	131650867	PASS
CAT-CAD	rs156322	5	131653925	PASS
CAT-CAD	rs270601	5	131656997	PASS
CAT-CAD	rs273912	5	131661349	PASS
CAT-CAD	rs272892	5	131664349	PASS
CAT-CAD	rs272888	5	131665423	PASS
CAT-CAD	rs272887	5	131665713	PASS
CAT-CAD	rs272885	5	131667736	PASS
CAT-CAD	rs272883	5	131668698	PASS
CAT-CAD	rs272882	5	131669161	PASS
CAT-CAD	rs272880	5	131670178	PASS
CAT-CAD	rs272878	5	131671769	PASS
CAT-CAD	rs272872	5	131675864	PASS
CAT-CAD	rs273901	5	131694360	PASS
CAT-CAD	rs2569265	5	131704519	PASS
CAT-CAD	rs2631362	5	131707293	PASS
CAT-CAD	rs274570	5	131713226	PASS
CAT-CAD	rs4835796	5	137782115	PASS
CAT-CAD	rs3798153	5	137782204	PASS
CAT-CAD	rs1046576	5	137782335	PASS
CAT-CAD	rs4835682	5	137784254	PASS
CAT-CAD	rs6864847	5	137784515	PASS
CAT-CAD	rs740076	5	137788607	PASS
CAT-CAD	rs836472	7	6434904	PASS
CAT-CAD	rs12670688	7	106821016	PASS
CAT-CAD	rs3801964	7	106836242	PASS
CAT-CAD	rs2237659	7	106847492	PASS
CAT-CAD	rs2395868	7	106897500	PASS
CAT-CAD	rs982447	7	106973534	PASS
CAT-CAD	rs17154040	7	107005246	PASS
CAT-CAD	rs2237668	7	107050209	PASS
CAT-CAD	rs11535285	7	107143866	PASS
CAT-CAD	rs2237678	7	107203265	PASS
CAT-CAD	rs2253833	7	107205669	PASS
CAT-CAD	rs11977187	7	107210383	PASS
CAT-CAD	rs10276604	7	107216738	PASS
CAT-CAD	rs6976607	7	107223401	PASS
CAT-CAD	rs4727684	7	107226470	PASS
CAT-CAD	rs10281535	7	107229618	PASS
CAT-CAD	rs2107713	7	107232369	PASS
CAT-CAD	rs10258385	7	107243350	PASS
CAT-CAD	rs7793613	7	107250484	PASS
CAT-CAD	rs2395907	7	107253304	PASS
CAT-CAD	rs3801944	7	107255548	PASS
CAT-CAD	rs10273733	7	107258121	PASS
CAT-CAD	rs2807	7	107260778	PASS
CAT-CAD	rs2808	7	107260856	PASS
CAT-CAD	rs2178497	7	107278901	PASS
CAT-CAD	rs2204833	7	107283069	PASS
CAT-CAD	rs2712230	7	107294151	PASS
CAT-CAD	rs2701685	7	107299584	PASS
CAT-CAD	rs2712228	7	107300340	PASS
CAT-CAD	rs10484946	6	79856630	PASS
CAT-CAD	rs9361866	6	82592568	PASS
CAT-CAD	rs9361867	6	82595959	PASS
CAT-CAD	rs7450340	6	82599523	PASS
CAT-CAD	rs9361874	6	82610327	PASS
CAT-CAD	rs2875087	6	82616083	PASS
CAT-CAD	rs2227121	6	98938834	PASS
CAT-CAD	rs12669911	7	32262377	PASS
CAT-CAD	rs2908049	7	35269625	PASS
CAT-CAD	rs2109090	7	35270988	PASS
CAT-CAD	rs4723402	7	35278424	PASS
CAT-CAD	rs2240994	7	35280947	PASS
CAT-CAD	rs2270222	7	35281155	PASS
CAT-CAD	rs2270223	7	35281211	PASS
CAT-CAD	rs17674947	7	35281643	PASS
CAT-CAD	rs10254475	7	35283584	PASS
CAT-CAD	rs6977095	7	35285754	PASS
CAT-CAD	rs17675148	7	35288276	PASS
CAT-CAD	rs6462599	7	35292420	PASS
CAT-CAD	rs988270	7	35300561	PASS
CAT-CAD	rs10236214	7	150668070	PASS
CAT-CAD	rs3807370	7	150673314	PASS
CAT-CAD	rs4496877	7	150680506	PASS
CAT-CAD	rs6951150	7	150681914	PASS
CAT-CAD	rs1800779	7	150689943	PASS
CAT-CAD	rs743506	7	150706915	PASS
CAT-CAD	rs743507	7	150707488	PASS
CAT-CAD	rs475543	6	12718156	PASS
CAT-CAD	rs9472419	6	12718501	PASS
CAT-CAD	rs9472422	6	12719542	PASS
CAT-CAD	rs560810	6	12722987	PASS
CAT-CAD	rs581046	6	12725941	PASS
CAT-CAD	rs570295	6	12732095	PASS
CAT-CAD	rs9472446	6	12734891	PASS
CAT-CAD	rs6458439	6	12750933	PASS
CAT-CAD	rs12528956	6	12833077	PASS
CAT-CAD	rs6458503	6	12859556	PASS
CAT-CAD	rs6906890	6	12961220	PASS
CAT-CAD	rs4331981	6	13017916	PASS
CAT-CAD	rs4129937	6	13023788	PASS
CAT-CAD	rs9395336	6	13024606	PASS
CAT-CAD	rs9369762	6	13030256	PASS
CAT-CAD	rs6907651	6	13030594	PASS
CAT-CAD	rs6912487	6	13030993	PASS
CAT-CAD	rs7775901	6	13052693	PASS
CAT-CAD	rs4715077	6	13064501	PASS
CAT-CAD	rs4130157	6	13070826	PASS
CAT-CAD	rs4389765	6	13089994	PASS
CAT-CAD	rs6918053	6	13090170	PASS
CAT-CAD	rs4273676	6	13093634	PASS
CAT-CAD	rs1937774	6	13100821	PASS
CAT-CAD	rs11751831	6	13109416	PASS
CAT-CAD	rs11755240	6	13111431	PASS
CAT-CAD	rs13220463	6	13145043	PASS
CAT-CAD	rs13211846	6	13223904	PASS
CAT-CAD	rs12205644	6	13223996	PASS
CAT-CAD	rs6458720	6	13225077	PASS
CAT-CAD	rs1014608	6	13228767	PASS
CAT-CAD	rs12212533	6	13258648	PASS
CAT-CAD	rs12664186	6	14492938	PASS
CAT-CAD	rs4715908	6	14492975	PASS
CAT-CAD	rs9382972	6	14501270	PASS
CAT-CAD	rs1338839	6	126707528	PASS
CAT-CAD	rs7755075	6	126708470	PASS
CAT-CAD	rs7753563	6	126802598	PASS
CAT-CAD	rs9401888	6	126877523	PASS
CAT-CAD	rs9462007	6	34715341	PASS
CAT-CAD	rs3861455	6	126897969	PASS
CAT-CAD	rs9388501	6	126903011	PASS
CAT-CAD	rs3861458	6	126912162	PASS
CAT-CAD	rs7743860	6	126927717	PASS
CAT-CAD	rs1340952	6	126951510	PASS
CAT-CAD	rs1538956	6	126964026	PASS
CAT-CAD	rs4549631	6	126966308	PASS
CAT-CAD	rs9388507	6	126970895	PASS
CAT-CAD	rs9375450	6	126985351	PASS
CAT-CAD	rs1269195	6	127031550	PASS
CAT-CAD	rs853982	6	127046121	PASS
CAT-CAD	rs853983	6	127046153	PASS
CAT-CAD	rs1262557	6	127054588	PASS
CAT-CAD	rs1022573	6	127054914	PASS
CAT-CAD	rs853969	6	127061318	PASS
CAT-CAD	rs853971	6	127066190	PASS
CAT-CAD	rs853975	6	127070234	PASS
CAT-CAD	rs1262554	6	127079341	PASS
CAT-CAD	rs7740188	6	130346105	PASS
CAT-CAD	rs6569648	6	130349119	PASS
CAT-CAD	rs9388766	6	130354855	PASS
CAT-CAD	rs9375694	6	130356608	PASS
CAT-CAD	rs9388767	6	130357553	PASS
CAT-CAD	rs6899976	6	130358428	PASS
CAT-CAD	rs9375695	6	130358944	PASS
CAT-CAD	rs9385532	6	130371227	PASS
CAT-CAD	rs9388768	6	130374102	PASS
CAT-CAD	rs7451021	6	130381246	PASS
CAT-CAD	rs9402214	6	130387773	PASS
CAT-CAD	rs7769599	6	130393782	PASS
CAT-CAD	rs4548027	6	130397515	PASS
CAT-CAD	rs7755589	6	130419555	PASS
CAT-CAD	rs12206651	6	130422142	PASS
CAT-CAD	rs10947786	6	39156410	PASS
CAT-CAD	rs10947787	6	39174525	PASS
CAT-CAD	rs9389106	6	134150456	PASS
CAT-CAD	rs1208285	6	134158800	PASS
CAT-CAD	rs1126392	6	134172950	PASS
CAT-CAD	rs17062983	6	134193516	PASS
CAT-CAD	rs1001333	6	134193859	PASS
CAT-CAD	rs9375991	6	134199179	PASS
CAT-CAD	rs9375992	6	134203345	PASS
CAT-CAD	rs969282	6	134205092	PASS
CAT-CAD	rs965652	6	134368953	PASS
CAT-CAD	rs2811680	6	134377218	PASS
CAT-CAD	rs559052	6	149653792	PASS
CAT-CAD	rs494340	6	149662949	PASS
CAT-CAD	rs556335	6	149670878	PASS
CAT-CAD	rs515133	6	149675272	PASS
CAT-CAD	rs565825	6	149690725	PASS
CAT-CAD	rs9390676	6	149697760	PASS
CAT-CAD	rs3734296	6	149700491	PASS
CAT-CAD	rs2341783	6	149707651	PASS
CAT-CAD	rs600739	6	149721024	PASS
CAT-CAD	rs652921	6	149730846	PASS
CAT-CAD	rs2744434	6	149731904	PASS
CAT-CAD	rs681919	6	149735600	PASS
CAT-CAD	rs674919	6	149748411	PASS
CAT-CAD	rs255	8	19811901	PASS
CAT-CAD	rs264	8	19813180	PASS
CAT-CAD	rs271	8	19813702	PASS
CAT-CAD	rs7843828	8	22463623	PASS
CAT-CAD	rs2291232	8	22464064	PASS
CAT-CAD	rs11136092	8	22466488	PASS
CAT-CAD	rs3736147	8	22471824	PASS
CAT-CAD	rs11781149	8	22473158	PASS
CAT-CAD	rs13269603	8	22488750	PASS
CAT-CAD	rs11776549	8	22493124	PASS
CAT-CAD	rs1510758	8	25061807	PASS
CAT-CAD	rs1510757	8	25062033	PASS
CAT-CAD	rs10108438	8	25065929	PASS
CAT-CAD	rs9457733	6	160255243	PASS
CAT-CAD	rs9456496	6	160443390	PASS
CAT-CAD	rs2297362	6	160499565	PASS
CAT-CAD	rs9457827	6	160503656	PASS
CAT-CAD	rs1803989	6	160517481	PASS
CAT-CAD	rs6455688	6	160996327	PASS
CAT-CAD	rs6923877	6	160996797	PASS
CAT-CAD	rs3798221	6	160998148	PASS
CAT-CAD	rs6455689	6	161006988	PASS
CAT-CAD	rs6921516	6	161015762	PASS
CAT-CAD	rs7770628	6	161018174	PASS
CAT-CAD	rs9365179	6	161024848	PASS
CAT-CAD	rs6929299	6	161032089	PASS
CAT-CAD	rs9295130	6	161068891	PASS
CAT-CAD	rs10945682	6	161069941	PASS
CAT-CAD	rs1740428	6	161081331	PASS
CAT-CAD	rs1321196	6	161081842	PASS
CAT-CAD	rs1367210	6	161082799	PASS
CAT-CAD	rs10965197	9	21948666	PASS
CAT-CAD	rs1011970	9	22062134	PASS
CAT-CAD	rs7018475	9	22137685	PASS
CAT-CAD	rs4977761	9	22138762	PASS
CAT-CAD	rs1333053	9	22162238	PASS
CAT-CAD	rs2001237	10	24863020	PASS
CAT-CAD	rs2886851	10	24890828	PASS
CAT-CAD	rs7082393	10	24927447	PASS
CAT-CAD	rs6482413	10	24985693	PASS
CAT-CAD	rs7087801	10	25005932	PASS
CAT-CAD	rs7070190	10	25040872	PASS
CAT-CAD	rs10764495	10	25062755	PASS
CAT-CAD	rs1572364	10	25085931	PASS
CAT-CAD	rs4295955	10	25091035	PASS
CAT-CAD	rs12414747	10	25095648	PASS
CAT-CAD	rs10764497	10	25097387	PASS
CAT-CAD	rs1014607	10	29024130	PASS
CAT-CAD	rs2050361	10	29025823	PASS
CAT-CAD	rs7899551	10	29025989	PASS
CAT-CAD	rs951753	10	29026933	PASS
CAT-CAD	rs1413795	10	29027687	PASS
CAT-CAD	rs1413796	10	29027702	PASS
CAT-CAD	rs9783270	10	29027976	PASS
CAT-CAD	rs2505084	10	30335520	PASS
CAT-CAD	rs1314014	10	31565621	PASS
CAT-CAD	rs10826933	10	31594374	PASS
CAT-CAD	rs3737178	10	31607215	PASS
CAT-CAD	rs3737179	10	31607231	PASS
CAT-CAD	rs7894459	10	31611256	PASS
CAT-CAD	rs3758455	10	31615249	PASS
CAT-CAD	rs161258	10	31710631	PASS
CAT-CAD	rs161259	10	31712158	PASS
CAT-CAD	rs161273	10	31745381	PASS
CAT-CAD	rs161272	10	31745639	PASS
CAT-CAD	rs7894637	10	31747816	PASS
CAT-CAD	rs161275	10	31772766	PASS
CAT-CAD	rs220065	10	31781004	PASS
CAT-CAD	rs1761379	10	31783338	PASS
CAT-CAD	rs220063	10	31800583	PASS
CAT-CAD	rs220073	10	31808203	PASS
CAT-CAD	rs7349	10	31817905	PASS
CAT-CAD	rs7069465	10	31824551	PASS
CAT-CAD	rs10826964	10	31857752	PASS
CAT-CAD	rs10826966	10	31860345	PASS
CAT-CAD	rs10840378	11	10273128	PASS
CAT-CAD	rs1470260	11	10275120	PASS
CAT-CAD	rs4948803	10	44479236	PASS
CAT-CAD	rs6593393	10	44520658	PASS
CAT-CAD	rs1891883	10	44536318	PASS
CAT-CAD	rs4615977	10	44537706	PASS
CAT-CAD	rs2639469	10	44544935	PASS
CAT-CAD	rs2624688	10	44547210	PASS
CAT-CAD	rs268325	10	44553342	PASS
CAT-CAD	rs2802493	10	44553583	PASS
CAT-CAD	rs189723	10	44572403	PASS
CAT-CAD	rs2818912	10	44583027	PASS
CAT-CAD	rs268289	10	44598146	PASS
CAT-CAD	rs1623851	10	44691241	PASS
CAT-CAD	rs1627329	10	44691633	PASS
CAT-CAD	rs7084402	10	60265404	PASS
CAT-CAD	rs717452	10	60268270	PASS
CAT-CAD	rs4113952	10	60268599	PASS
CAT-CAD	rs6481402	10	60268977	PASS
CAT-CAD	rs7095501	10	60271940	PASS
CAT-CAD	rs7073504	10	60271987	PASS
CAT-CAD	rs12264028	10	60278140	PASS
CAT-CAD	rs1649023	10	60285820	PASS
CAT-CAD	rs1427222	10	60290970	PASS
CAT-CAD	rs1658469	10	60292402	PASS
CAT-CAD	rs1649080	10	60293294	PASS
CAT-CAD	rs1303970	10	60298477	PASS
CAT-CAD	rs1619284	10	60302515	PASS
CAT-CAD	rs1649069	10	60303695	PASS
CAT-CAD	rs1658456	10	60304326	PASS
CAT-CAD	rs1649059	10	60312599	PASS
CAT-CAD	rs7099881	10	60316211	PASS
CAT-CAD	rs1649057	10	60318114	PASS
CAT-CAD	rs1649051	10	60321997	PASS
CAT-CAD	rs1658438	10	60326583	PASS
CAT-CAD	rs11815274	10	60328891	PASS
CAT-CAD	rs1649039	10	60330041	PASS
CAT-CAD	rs1658429	10	60330422	PASS
CAT-CAD	rs10763556	10	60341398	PASS
CAT-CAD	rs10763558	10	60341934	PASS
CAT-CAD	rs2980867	8	126487691	PASS
CAT-CAD	rs4351435	8	126499878	PASS
CAT-CAD	rs7080169	10	82232706	PASS
CAT-CAD	rs4979332	9	110509289	PASS
CAT-CAD	rs10979037	9	110514284	PASS
CAT-CAD	rs944173	9	110514626	PASS
CAT-CAD	rs7028227	9	110534010	PASS
CAT-CAD	rs1330150	9	110544407	PASS
CAT-CAD	rs11228444	11	68793206	PASS
CAT-CAD	rs4837587	9	119285144	PASS
CAT-CAD	rs11186923	10	94089160	PASS
CAT-CAD	rs7070786	10	94123687	PASS
CAT-CAD	rs11186944	10	94128586	PASS
CAT-CAD	rs11186960	10	94142607	PASS
CAT-CAD	rs10882099	10	94460650	PASS
CAT-CAD	rs10882101	10	94462427	PASS
CAT-CAD	rs1111875	10	94462882	PASS
CAT-CAD	rs12778642	10	94464307	PASS
CAT-CAD	rs5015480	10	94465559	PASS
CAT-CAD	rs7087591	10	94473629	PASS
CAT-CAD	rs7923866	10	94482076	PASS
CAT-CAD	rs3980310	10	95982015	PASS
CAT-CAD	rs11187830	10	95998179	PASS
CAT-CAD	rs17109869	10	96000162	PASS
CAT-CAD	rs4917450	10	96009579	PASS
CAT-CAD	rs7919066	10	96010789	PASS
CAT-CAD	rs7919320	10	96010981	PASS
CAT-CAD	rs1547643	10	96011865	PASS
CAT-CAD	rs1408820	10	96013824	PASS
CAT-CAD	rs1830890	10	96019501	PASS
CAT-CAD	rs4918188	10	96033766	PASS
CAT-CAD	rs12258052	10	96036696	PASS
CAT-CAD	rs2077218	10	96071561	PASS
CAT-CAD	rs681390	11	75274630	PASS
CAT-CAD	rs615896	11	75275301	PASS
CAT-CAD	rs652054	11	75275532	PASS
CAT-CAD	rs589203	11	75275808	PASS
CAT-CAD	rs606452	11	75276178	PASS
CAT-CAD	rs653724	11	75276467	PASS
CAT-CAD	rs584961	11	75277628	PASS
CAT-CAD	rs649257	11	75279846	PASS
CAT-CAD	rs585821	11	75282882	PASS
CAT-CAD	rs6704	11	75283653	PASS
CAT-CAD	rs10748858	10	105639514	PASS
CAT-CAD	rs7100920	10	105640978	PASS
CAT-CAD	rs2067832	10	105643134	PASS
CAT-CAD	rs9325507	10	105645622	PASS
CAT-CAD	rs10883942	10	105651386	PASS
CAT-CAD	rs1980653	10	105654164	PASS
CAT-CAD	rs12765878	10	105669622	PASS
CAT-CAD	rs11191865	10	105672842	PASS
CAT-CAD	rs290186	11	85395652	PASS
CAT-CAD	rs2467059	11	85398998	PASS
CAT-CAD	rs11244053	9	136129360	PASS
CAT-CAD	rs8176732	9	136132303	PASS
CAT-CAD	rs8176694	9	136137646	PASS
CAT-CAD	rs630014	9	136149722	PASS
CAT-CAD	rs568203	9	136151445	PASS
CAT-CAD	rs651007	9	136153875	PASS
CAT-CAD	rs579459	9	136154168	PASS
CAT-CAD	rs495828	9	136154867	PASS
CAT-CAD	rs500428	9	136155343	PASS
CAT-CAD	rs28602591	9	136246666	PASS
CAT-CAD	rs4962153	9	136323754	PASS
CAT-CAD	rs739468	9	136326248	PASS
CAT-CAD	rs3124765	9	136328657	PASS
CAT-CAD	rs10502145	11	111525069	PASS
CAT-CAD	rs736650	11	111607051	PASS
CAT-CAD	rs17113227	11	111620491	PASS
CAT-CAD	rs4936678	11	111625085	PASS
CAT-CAD	rs10891291	11	111627502	PASS
CAT-CAD	rs4936682	11	111629743	PASS
CAT-CAD	rs4935790	11	111633014	PASS
CAT-CAD	rs11601674	11	111634354	PASS
CAT-CAD	rs7106104	11	111635655	PASS
CAT-CAD	rs3829258	11	111642119	PASS
CAT-CAD	rs1529330	11	111652323	PASS
CAT-CAD	rs11214005	11	111670858	PASS
CAT-CAD	rs10502149	11	111707386	PASS
CAT-CAD	rs10502150	11	111707797	PASS
CAT-CAD	rs1648390	11	111720072	PASS
CAT-CAD	rs10502151	11	111724133	PASS
CAT-CAD	rs2007211	11	111729950	PASS
CAT-CAD	rs4252591	11	111784923	PASS
CAT-CAD	rs12284944	11	111787383	PASS
CAT-CAD	rs10502152	11	111791695	PASS
CAT-CAD	rs10891301	11	111809489	PASS
CAT-CAD	rs12225443	11	111814931	PASS
CAT-CAD	rs11214049	11	111816143	PASS
CAT-CAD	rs7945387	11	111817682	PASS
CAT-CAD	rs2105619	11	111825253	PASS
CAT-CAD	rs3809033	11	111845933	PASS
CAT-CAD	rs10891303	11	111848531	PASS
CAT-CAD	rs479658	11	111856412	PASS
CAT-CAD	rs35823624	11	111873931	PASS
CAT-CAD	rs10789856	11	111875773	PASS
CAT-CAD	rs2081508	11	111876817	PASS
CAT-CAD	rs10891310	11	111892059	PASS
CAT-CAD	rs2303436	11	111896324	PASS
CAT-CAD	rs478941	11	111903995	PASS
CAT-CAD	rs6589259	11	111905468	PASS
CAT-CAD	rs627441	11	111908162	PASS
CAT-CAD	rs6589260	11	111909819	PASS
CAT-CAD	rs10891313	11	111912083	PASS
CAT-CAD	rs7949136	11	111913364	PASS
CAT-CAD	rs10891314	11	111916647	PASS
CAT-CAD	rs3882890	11	111930576	PASS
CAT-CAD	rs10891315	11	111933088	PASS
CAT-CAD	rs11214075	11	111942256	PASS
CAT-CAD	rs2303437	11	111944901	PASS
CAT-CAD	rs10812	11	111955502	PASS
CAT-CAD	rs10789859	11	111960533	PASS
CAT-CAD	rs10891319	11	111967605	PASS
CAT-CAD	rs10789860	11	111969965	PASS
CAT-CAD	rs10788268	10	124020039	PASS
CAT-CAD	rs11592673	10	124021162	PASS
CAT-CAD	rs7081032	10	124021200	PASS
CAT-CAD	rs7098767	10	124022694	PASS
CAT-CAD	rs7096744	10	124034528	PASS
CAT-CAD	rs10788271	10	124036619	PASS
CAT-CAD	rs11596483	10	124037599	PASS
CAT-CAD	rs11592862	10	124039222	PASS
CAT-CAD	rs7907130	10	124039235	PASS
CAT-CAD	rs8181295	10	124041678	PASS
CAT-CAD	rs17103336	10	124041701	PASS
CAT-CAD	rs11591986	10	124042764	PASS
CAT-CAD	rs2271597	10	124097755	PASS
CAT-CAD	rs10749467	10	124145712	PASS
CAT-CAD	rs7918867	10	124169666	PASS
CAT-CAD	rs4405249	10	124183732	PASS
CAT-CAD	rs1882907	10	124208399	PASS
CAT-CAD	rs10490924	10	124214448	PASS
CAT-CAD	rs3750848	10	124215315	PASS
CAT-CAD	rs3750847	10	124215421	PASS
CAT-CAD	rs2248799	10	124223944	PASS
CAT-CAD	rs2284665	10	124226630	PASS
CAT-CAD	rs932275	10	124231464	PASS
CAT-CAD	rs2253755	10	124241557	PASS
CAT-CAD	rs2300433	10	124243457	PASS
CAT-CAD	rs763720	10	124262444	PASS
CAT-CAD	rs2672584	10	124267243	PASS
CAT-CAD	rs10906097	10	12243821	PASS
CAT-CAD	rs4747968	10	12249797	PASS
CAT-CAD	rs2271804	10	12252217	PASS
CAT-CAD	rs12221133	10	12253597	PASS
CAT-CAD	rs7068966	10	12277992	PASS
CAT-CAD	rs4469792	10	12288780	PASS
CAT-CAD	rs11593567	10	12307963	PASS
CAT-CAD	rs2216998	11	107117691	PASS
CAT-CAD	rs10789593	11	107156880	PASS
CAT-CAD	rs1054807	12	89913419	PASS
CAT-CAD	rs11105314	12	89924559	PASS
CAT-CAD	rs10858906	12	89934474	PASS
CAT-CAD	rs2681472	12	90008959	PASS
CAT-CAD	rs11105354	12	90026523	PASS
CAT-CAD	rs17249754	12	90060586	PASS
CAT-CAD	rs11612498	12	90084686	PASS
CAT-CAD	rs4937122	11	126228659	PASS
CAT-CAD	rs10790800	11	126262638	PASS
CAT-CAD	rs11107829	12	95366558	PASS
CAT-CAD	rs11107830	12	95366605	PASS
CAT-CAD	rs4923678	12	95368163	PASS
CAT-CAD	rs12368716	12	95382638	PASS
CAT-CAD	rs11107845	12	95384203	PASS
CAT-CAD	rs4923649	12	95391385	PASS
CAT-CAD	rs7158073	14	100141689	PASS
CAT-CAD	rs7157609	14	100150445	PASS
CAT-CAD	rs7333641	13	98019036	PASS
CAT-CAD	rs2238151	12	112211833	PASS
CAT-CAD	rs10744777	12	112233018	PASS
CAT-CAD	rs4767293	12	112463296	PASS
CAT-CAD	rs3519	12	112598321	PASS
CAT-CAD	rs12423268	12	112641707	PASS
CAT-CAD	rs11066301	12	112871372	PASS
CAT-CAD	rs726660	12	113001214	PASS
CAT-CAD	rs10850061	12	113016553	PASS
CAT-CAD	rs233722	12	113031474	PASS
CAT-CAD	rs233716	12	113039943	PASS
CAT-CAD	rs2891403	12	113137572	PASS
CAT-CAD	rs2650000	12	121388962	PASS
CAT-CAD	rs2251468	12	121405126	PASS
CAT-CAD	rs7979473	12	121420260	PASS
CAT-CAD	rs7979478	12	121420263	PASS
CAT-CAD	rs2393791	12	121423956	PASS
CAT-CAD	rs7310409	12	121424861	PASS
CAT-CAD	rs1192202	13	110806524	PASS
CAT-CAD	rs2131939	13	110831837	PASS
CAT-CAD	rs744910	15	67446785	PASS
CAT-CAD	rs2033784	15	67449660	PASS
CAT-CAD	rs12708492	15	67467541	PASS
CAT-CAD	rs17294280	15	67468285	PASS
CAT-CAD	rs9512215	13	27036747	PASS
CAT-CAD	rs12864131	13	27045939	PASS
CAT-CAD	rs7178130	15	72978202	PASS
CAT-CAD	rs8024986	15	73024868	PASS
CAT-CAD	rs2277598	15	73027478	PASS
CAT-CAD	rs10459647	15	73035241	PASS
CAT-CAD	rs9460	15	73044575	PASS
CAT-CAD	rs7176223	15	73077742	PASS
CAT-CAD	rs16958477	15	74218466	PASS
CAT-CAD	rs1550437	15	74221298	PASS
CAT-CAD	rs1078967	15	74222987	PASS
CAT-CAD	rs8041642	15	74225106	PASS
CAT-CAD	rs8041685	15	74225193	PASS
CAT-CAD	rs9944214	15	74231857	PASS
CAT-CAD	rs2304719	15	74235500	PASS
CAT-CAD	rs12437465	15	74243246	PASS
CAT-CAD	rs7173049	15	74244610	PASS
CAT-CAD	rs7174985	15	74274948	PASS
CAT-CAD	rs4993000	15	74282343	PASS
CAT-CAD	rs3816197	15	74282880	PASS
CAT-CAD	rs2472299	15	75033400	PASS
CAT-CAD	rs2472300	15	75033909	PASS
CAT-CAD	rs762551	15	75041917	PASS
CAT-CAD	rs11854147	15	75052771	PASS
CAT-CAD	rs4886406	15	75057203	PASS
CAT-CAD	rs1378942	15	75077367	PASS
CAT-CAD	rs8033381	15	75080685	PASS
CAT-CAD	rs2168519	15	75080872	PASS
CAT-CAD	rs2168518	15	75081078	PASS
CAT-CAD	rs12442901	15	75083912	PASS
CAT-CAD	rs1378938	15	75096443	PASS
CAT-CAD	rs4886619	15	75106138	PASS
CAT-CAD	rs7180484	15	75115416	PASS
CAT-CAD	rs7162232	15	75115895	PASS
CAT-CAD	rs1387259	12	48703522	PASS
CAT-CAD	rs2732448	12	48730600	PASS
CAT-CAD	rs2634684	12	48730875	PASS
CAT-CAD	rs2732466	12	48732459	PASS
CAT-CAD	rs2634681	12	48733084	PASS
CAT-CAD	rs2732481	12	48736985	PASS
CAT-CAD	rs2732484	12	48737245	PASS
CAT-CAD	rs7970400	12	54536459	PASS
CAT-CAD	rs4760168	12	58087737	PASS
CAT-CAD	rs4901977	14	60789176	PASS
CAT-CAD	rs8015152	14	60811999	PASS
CAT-CAD	rs1010053	14	61005625	PASS
CAT-CAD	rs10483727	14	61072875	PASS
CAT-CAD	rs2159904	14	75432179	PASS
CAT-CAD	rs1800775	16	56995236	PASS
CAT-CAD	rs6501323	17	67406008	PASS
CAT-CAD	rs817545	17	67413484	PASS
CAT-CAD	rs4808046	19	16439390	PASS
CAT-CAD	rs4808485	19	16439498	PASS
CAT-CAD	rs1055129	17	73872948	PASS
CAT-CAD	rs3760128	17	73886888	PASS
CAT-CAD	rs7370	17	73894804	PASS
CAT-CAD	rs9895947	17	73908566	PASS
CAT-CAD	rs4788933	17	74593992	PASS
CAT-CAD	rs4633757	17	74594552	PASS
CAT-CAD	rs2532443	17	74596964	PASS
CAT-CAD	rs2590260	17	74601609	PASS
CAT-CAD	rs12951774	17	74615229	PASS
CAT-CAD	rs6501911	17	74619903	PASS
CAT-CAD	rs717571	17	74620823	PASS
CAT-CAD	rs8073763	17	74621298	PASS
CAT-CAD	rs2286595	17	74621635	PASS
CAT-CAD	rs719430	17	74639530	PASS
CAT-CAD	rs973630	17	74641930	PASS
CAT-CAD	rs7214860	17	74642414	PASS
CAT-CAD	rs1117059	17	74642974	PASS
CAT-CAD	rs9900613	17	74674857	PASS
CAT-CAD	rs8067445	17	74687777	PASS
CAT-CAD	rs7211963	17	74696446	PASS
CAT-CAD	rs11868472	17	74701165	PASS
CAT-CAD	rs7215451	17	74701717	PASS
CAT-CAD	rs2240775	17	74710128	PASS
CAT-CAD	rs2240774	17	74710572	PASS
CAT-CAD	rs2286585	17	74712310	PASS
CAT-CAD	rs1865740	17	75517683	PASS
CAT-CAD	rs12451595	17	75521095	PASS
CAT-CAD	rs889398	16	69556715	PASS
CAT-CAD	rs13330951	16	69563842	PASS
CAT-CAD	rs12923231	16	69572892	PASS
CAT-CAD	rs9302604	16	69576894	PASS
CAT-CAD	rs4783722	16	69581912	PASS
CAT-CAD	rs9925037	16	69587212	PASS
CAT-CAD	rs1364063	16	69588572	PASS
CAT-CAD	rs12599391	16	69605349	PASS
CAT-CAD	rs2161630	16	69606461	PASS
CAT-CAD	rs244418	16	69622762	PASS
CAT-CAD	rs11640319	16	69633515	PASS
CAT-CAD	rs3848278	16	69640867	PASS
CAT-CAD	rs9936464	16	69644049	PASS
CAT-CAD	rs8055756	16	69648653	PASS
CAT-CAD	rs16958997	16	69651701	PASS
CAT-CAD	rs8049728	16	69654790	PASS
CAT-CAD	rs244420	16	69657996	PASS
CAT-CAD	rs7187634	16	69663371	PASS
CAT-CAD	rs244417	16	69663519	PASS
CAT-CAD	rs244415	16	69666683	PASS
CAT-CAD	rs7191292	16	69669427	PASS
CAT-CAD	rs6499240	16	69686912	PASS
CAT-CAD	rs2304526	16	69689350	PASS
CAT-CAD	rs7192380	16	69704342	PASS
CAT-CAD	rs9924953	16	69705121	PASS
CAT-CAD	rs9934681	16	69718972	PASS
CAT-CAD	rs9889219	16	69721415	PASS
CAT-CAD	rs1437134	16	69730426	PASS
CAT-CAD	rs3826154	16	69730555	PASS
CAT-CAD	rs7359336	16	69733460	PASS
CAT-CAD	rs7359387	16	69733665	PASS
CAT-CAD	rs1500337	16	69901884	PASS
CAT-CAD	rs3790076	16	69907445	PASS
CAT-CAD	rs6499270	16	69917740	PASS
CAT-CAD	rs7196842	16	69923333	PASS
CAT-CAD	rs2000999	16	72108093	PASS
CAT-CAD	rs6499560	16	72147666	PASS
CAT-CAD	rs9895741	17	79603831	PASS
CAT-CAD	rs7202877	16	75247245	PASS
CAT-CAD	rs3743614	16	75280958	PASS
CAT-CAD	rs13337397	16	75295639	PASS
CAT-CAD	rs999675	16	75306402	PASS
CAT-CAD	rs10781976	16	75314838	PASS
CAT-CAD	rs1559339	16	75318646	PASS
CAT-CAD	rs4243111	16	75320827	PASS
CAT-CAD	rs4888378	16	75332041	PASS
CAT-CAD	rs4888380	16	75347690	PASS
CAT-CAD	rs8046109	16	75360096	PASS
CAT-CAD	rs3851734	16	75371920	PASS
CAT-CAD	rs4638613	16	75425553	PASS
CAT-CAD	rs4888422	16	75470576	PASS
CAT-CAD	rs12933281	16	75483064	PASS
CAT-CAD	rs16952537	16	80185366	PASS
CAT-CAD	rs7342694	16	81903800	PASS
CAT-CAD	rs4997772	16	81905295	PASS
CAT-CAD	rs4997771	16	81905409	PASS
CAT-CAD	rs7199578	16	81906234	PASS
CAT-CAD	rs12716922	16	81906766	PASS
CAT-CAD	rs2304232	19	41762525	PASS
CAT-CAD	rs2304231	19	41762670	PASS
CAT-CAD	rs4591267	19	41765407	PASS
CAT-CAD	rs3816052	19	41773797	PASS
CAT-CAD	rs2304230	19	41774064	PASS
CAT-CAD	rs3745295	19	41785282	PASS
CAT-CAD	rs12327659	19	41796472	PASS
CAT-CAD	rs10421990	19	41797099	PASS
CAT-CAD	rs3752705	19	41798111	PASS
CAT-CAD	rs12974420	19	41798660	PASS
CAT-CAD	rs2053086	19	41799475	PASS
CAT-CAD	rs12980480	19	41804655	PASS
CAT-CAD	rs7248164	19	41807700	PASS
CAT-CAD	rs1056854	19	41809995	PASS
CAT-CAD	rs7245398	19	41810644	PASS
CAT-CAD	rs1865053	19	41814412	PASS
CAT-CAD	rs12984160	19	41815713	PASS
CAT-CAD	rs8109627	19	41822986	PASS
CAT-CAD	rs8109167	19	41823167	PASS
CAT-CAD	rs1865051	19	41824885	PASS
CAT-CAD	rs7257310	19	41827120	PASS
CAT-CAD	rs2241718	19	41829606	PASS
CAT-CAD	rs6957	19	41830606	PASS
CAT-CAD	rs12983047	19	41834499	PASS
CAT-CAD	rs8105161	19	41839631	PASS
CAT-CAD	rs10405693	19	45326664	PASS
CAT-CAD	rs10402271	19	45329214	PASS
CAT-CAD	rs395908	19	45373565	PASS
CAT-CAD	rs157580	19	45395266	PASS
CAT-CAD	rs157582	19	45396219	PASS
CAT-CAD	rs17356664	19	45740771	PASS
CAT-CAD	rs11672894	19	45801951	PASS
CAT-CAD	rs8111989	19	45809208	PASS
CAT-CAD	rs7260359	19	45814908	PASS
CAT-CAD	rs4802262	19	46149886	PASS
CAT-CAD	rs7213756	17	2098339	PASS
CAT-CAD	rs7217226	17	2136065	PASS
CAT-CAD	rs216223	17	2155948	PASS
CAT-CAD	rs7213232	17	2165340	PASS
CAT-CAD	rs9905529	17	2177732	PASS
CAT-CAD	rs8065650	17	2180823	PASS
CAT-CAD	rs749240	17	2186100	PASS
CAT-CAD	rs216189	17	2187401	PASS
CAT-CAD	rs216206	17	2196088	PASS
CAT-CAD	rs216202	17	2197387	PASS
CAT-CAD	rs177567	17	2197637	PASS
CAT-CAD	rs216201	17	2198800	PASS
CAT-CAD	rs9902550	17	8998765	PASS
CAT-CAD	rs4791777	17	9001410	PASS
CAT-CAD	rs4791779	17	9005393	PASS
CAT-CAD	rs738408	22	44324730	PASS
CAT-CAD	rs9911672	17	17528670	PASS
CAT-CAD	rs8068296	17	17554563	PASS
CAT-CAD	rs1869771	17	17561094	PASS
CAT-CAD	rs4925092	17	17568931	PASS
CAT-CAD	rs4925093	17	17568946	PASS
CAT-CAD	rs4925094	17	17569012	PASS
CAT-CAD	rs7224619	17	17572384	PASS
CAT-CAD	rs4496218	17	17587521	PASS
CAT-CAD	rs7224617	17	17600579	PASS
CAT-CAD	rs12940014	17	17603317	PASS
CAT-CAD	rs9897309	17	17623988	PASS
CAT-CAD	rs4925105	17	17629285	PASS
CAT-CAD	rs9900803	17	17650978	PASS
CAT-CAD	rs11656775	17	17654319	PASS
CAT-CAD	rs4925109	17	17661802	PASS
CAT-CAD	rs11649804	17	17696755	PASS
CAT-CAD	rs8067439	17	17698254	PASS
CAT-CAD	rs3818717	17	17707105	PASS
CAT-CAD	rs2350976	17	17708529	PASS
CAT-CAD	rs11652881	17	17709136	PASS
CAT-CAD	rs4925114	17	17711270	PASS
CAT-CAD	rs11868035	17	17715101	PASS
CAT-CAD	rs12953299	17	17726648	PASS
CAT-CAD	rs8066560	17	17728043	PASS
CAT-CAD	rs11657423	17	17728574	PASS
CAT-CAD	rs9902941	17	17733760	PASS
CAT-CAD	rs1889018	17	17734740	PASS
CAT-CAD	rs7359509	17	17741875	PASS
CAT-CAD	rs4925119	17	17742904	PASS
CAT-CAD	rs3183702	17	17747289	PASS
CAT-CAD	rs9915248	17	17747514	PASS
CAT-CAD	rs4924822	17	17748013	PASS
CAT-CAD	rs3744115	17	17749822	PASS
CAT-CAD	rs1052299	17	17750419	PASS
CAT-CAD	rs7501812	17	17750907	PASS
CAT-CAD	rs12951376	17	17752809	PASS
CAT-CAD	rs4925120	17	17754633	PASS
CAT-CAD	rs16960744	17	17755259	PASS
CAT-CAD	rs11078400	17	17757728	PASS
CAT-CAD	rs8079321	17	17760789	PASS
CAT-CAD	rs4924823	17	17764502	PASS
CAT-CAD	rs12941039	17	17765655	PASS
CAT-CAD	rs9907246	17	17770965	PASS
CAT-CAD	rs9907287	17	17774118	PASS
CAT-CAD	rs8080061	17	17776389	PASS
CAT-CAD	rs7503334	17	17779458	PASS
CAT-CAD	rs8065563	17	17782404	PASS
CAT-CAD	rs950966	17	17783748	PASS
CAT-CAD	rs4925123	17	17784374	PASS
CAT-CAD	rs11650649	17	17790319	PASS
CAT-CAD	rs12943500	17	17790588	PASS
CAT-CAD	rs4925125	17	17794444	PASS
CAT-CAD	rs4925126	17	17798633	PASS
CAT-CAD	rs2350977	17	17802779	PASS
CAT-CAD	rs8070128	17	17804725	PASS
CAT-CAD	rs4925129	17	17807186	PASS
CAT-CAD	rs4925130	17	17807858	PASS
CAT-CAD	rs8078138	17	17811251	PASS
CAT-CAD	rs7222480	17	17818817	PASS
CAT-CAD	rs9912895	17	17826020	PASS
CAT-CAD	rs8073001	17	17831716	PASS
CAT-CAD	rs5002487	17	17832460	PASS
CAT-CAD	rs6502622	17	17834691	PASS
CAT-CAD	rs4341796	17	17839024	PASS
CAT-CAD	rs11078406	17	17840823	PASS
CAT-CAD	rs4470201	17	17844870	PASS
CAT-CAD	rs6502624	17	17847936	PASS
CAT-CAD	rs8065416	17	17851162	PASS
CAT-CAD	rs8066982	17	17851377	PASS
CAT-CAD	rs8078105	17	17853782	PASS
CAT-CAD	rs4257260	17	17857003	PASS
CAT-CAD	rs8070748	17	17859421	PASS
CAT-CAD	rs8080823	17	17864048	PASS
CAT-CAD	rs10048206	17	17866897	PASS
CAT-CAD	rs7213225	17	17869111	PASS
CAT-CAD	rs6502629	17	17869642	PASS
CAT-CAD	rs8068175	17	17874486	PASS
CAT-CAD	rs11078408	17	17876011	PASS
CAT-CAD	rs11870660	17	17877096	PASS
CAT-CAD	rs4299203	17	17878159	PASS
CAT-CAD	rs7219320	17	17880877	PASS
CAT-CAD	rs4072739	17	17884660	PASS
CAT-CAD	rs4925133	17	17884801	PASS
CAT-CAD	rs4459604	17	17888549	PASS
CAT-CAD	rs4368210	17	17896090	PASS
CAT-CAD	rs4584886	17	17896205	PASS
CAT-CAD	rs4924832	17	17897739	PASS
CAT-CAD	rs9899355	17	17898243	PASS
CAT-CAD	rs7219324	17	17909775	PASS
CAT-CAD	rs6502632	17	17913057	PASS
CAT-CAD	rs7212167	17	17913504	PASS
CAT-CAD	rs9913277	17	17919749	PASS
CAT-CAD	rs9896837	17	17924868	PASS
CAT-CAD	rs2955378	17	17930253	PASS
CAT-CAD	rs2955377	17	17932818	PASS
CAT-CAD	rs2955385	17	17939247	PASS
CAT-CAD	rs2955384	17	17939573	PASS
CAT-CAD	rs2955383	17	17941364	PASS
CAT-CAD	rs7406982	17	17942613	PASS
CAT-CAD	rs2955380	17	17944349	PASS
CAT-CAD	rs2955358	17	17946623	PASS
CAT-CAD	rs2955359	17	17946730	PASS
CAT-CAD	rs2955382	17	17947710	PASS
CAT-CAD	rs2955355	17	17948475	PASS
CAT-CAD	rs2955356	17	17964717	PASS
CAT-CAD	rs2955372	17	17970229	PASS
CAT-CAD	rs4643387	17	17972973	PASS
CAT-CAD	rs4426402	17	17977926	PASS
CAT-CAD	rs12943914	17	17980671	PASS
CAT-CAD	rs7211714	17	17986955	PASS
CAT-CAD	rs7212447	17	17987067	PASS
CAT-CAD	rs4925138	17	17992793	PASS
CAT-CAD	rs854814	17	18003648	PASS
CAT-CAD	rs854813	17	18003845	PASS
CAT-CAD	rs854809	17	18006539	PASS
CAT-CAD	rs854762	17	18009102	PASS
CAT-CAD	rs854764	17	18011750	PASS
CAT-CAD	rs854766	17	18012775	PASS
CAT-CAD	rs854767	17	18018263	PASS
CAT-CAD	rs854769	17	18019011	PASS
CAT-CAD	rs854817	17	18021882	PASS
CAT-CAD	rs2955365	17	18023897	PASS
CAT-CAD	rs854791	17	18029857	PASS
CAT-CAD	rs854786	17	18036283	PASS
CAT-CAD	rs10502900	18	47195880	PASS
CAT-CAD	rs2292973	17	27893015	PASS
CAT-CAD	rs894606	17	27909352	PASS
CAT-CAD	rs2303623	17	27910706	PASS
CAT-CAD	rs7220401	17	27935688	PASS
CAT-CAD	rs13723	17	27941886	PASS
CAT-CAD	rs3809789	17	27955761	PASS
CAT-CAD	rs4794859	17	27962393	PASS
CAT-CAD	rs4436830	17	28383709	PASS
CAT-CAD	rs3794808	17	28531793	PASS
CAT-CAD	rs140701	17	28538532	PASS
CAT-CAD	rs4583306	17	28538715	PASS
CAT-CAD	rs2020939	17	28550732	PASS
CAT-CAD	rs6505165	17	28574849	PASS
CAT-CAD	rs7210085	17	28588401	PASS
CAT-CAD	rs3816828	17	28598717	PASS
CAT-CAD	rs8072345	17	28604289	PASS
CAT-CAD	rs6505169	17	28605680	PASS
CAT-CAD	rs7214014	17	28611394	PASS
CAT-CAD	rs11867581	17	28622228	PASS
CAT-CAD	rs8073378	17	28629763	PASS
CAT-CAD	rs6505173	17	28646057	PASS
CAT-CAD	rs3730688	18	51797948	PASS
CAT-CAD	rs1468263	17	30147884	PASS
CAT-CAD	rs8068039	17	30158644	PASS
CAT-CAD	rs4795657	17	30161636	PASS
CAT-CAD	rs4795658	17	30161750	PASS
CAT-CAD	rs6505265	17	30172580	PASS
CAT-CAD	rs12941700	17	30185022	PASS
CAT-CAD	rs9906443	17	30185565	PASS
CAT-CAD	rs2051810	17	30195841	PASS
CAT-CAD	rs7209493	17	30197323	PASS
CAT-CAD	rs11658469	17	30206426	PASS
CAT-CAD	rs2028067	17	30239698	PASS
CAT-CAD	rs2344312	17	30243583	PASS
CAT-CAD	rs8064843	17	30245744	PASS
CAT-CAD	rs7216102	17	30259450	PASS
CAT-CAD	rs7210970	17	30262169	PASS
CAT-CAD	rs8066558	17	30272879	PASS
CAT-CAD	rs8069199	17	30281845	PASS
CAT-CAD	rs8077092	17	30281992	PASS
CAT-CAD	rs506766	17	30289659	PASS
CAT-CAD	rs2470243	17	30290955	PASS
CAT-CAD	rs521919	17	30298039	PASS
CAT-CAD	rs521355	17	30311492	PASS
CAT-CAD	rs501773	17	30314435	PASS
CAT-CAD	rs501957	17	30314504	PASS
CAT-CAD	rs508192	17	30315147	PASS
CAT-CAD	rs561341	17	30316385	PASS
CAT-CAD	rs564714	17	30318404	PASS
CAT-CAD	rs1557731	17	30321567	PASS
CAT-CAD	rs576985	17	30323323	PASS
CAT-CAD	rs537166	17	30326827	PASS
CAT-CAD	rs497479	17	30328605	PASS
CAT-CAD	rs501312	17	30329066	PASS
CAT-CAD	rs554078	17	30330109	PASS
CAT-CAD	rs8081016	17	30331751	PASS
CAT-CAD	rs17780080	17	30343146	PASS
CAT-CAD	rs8066156	17	30361629	PASS
CAT-CAD	rs17182434	17	30380381	PASS
CAT-CAD	rs4037396	17	30408642	PASS
CAT-CAD	rs6505277	17	30420528	PASS
CAT-CAD	rs7218060	17	30427403	PASS
CAT-CAD	rs9892952	17	30435777	PASS
CAT-CAD	rs8076067	17	30436643	PASS
CAT-CAD	rs8081372	17	30437769	PASS
CAT-CAD	rs7212461	17	30446748	PASS
CAT-CAD	rs7209884	17	30450177	PASS
CAT-CAD	rs7210088	17	30450592	PASS
CAT-CAD	rs9909295	17	30454720	PASS
CAT-CAD	rs9891455	17	30459058	PASS
CAT-CAD	rs9915569	17	30466119	PASS
CAT-CAD	rs7217747	17	30467032	PASS
CAT-CAD	rs7208838	17	30468566	PASS
CAT-CAD	rs1993791	17	30501402	PASS
CAT-CAD	rs1993790	17	30501418	PASS
CAT-CAD	rs8076276	17	30502955	PASS
CAT-CAD	rs733675	17	30528361	PASS
CAT-CAD	rs2044206	17	30528569	PASS
CAT-CAD	rs16967164	17	30533970	PASS
CAT-CAD	rs2036376	17	30534311	PASS
CAT-CAD	rs2069145	17	30537790	PASS
CAT-CAD	rs9902253	17	30549373	PASS
CAT-CAD	rs16967213	17	30556282	PASS
CAT-CAD	rs3730729	18	51804702	PASS
CAT-CAD	rs4638651	18	51829870	PASS
CAT-CAD	rs11661444	18	51837783	PASS
CAT-CAD	rs41452747	18	52918380	PASS
CAT-CAD	rs17594358	18	53050489	PASS
CAT-CAD	rs8095770	18	53093724	PASS
CAT-CAD	rs6075517	20	19456060	PASS
CAT-CAD	rs6046126	20	19456464	PASS
CAT-CAD	rs6046127	20	19456569	PASS
CAT-CAD	rs6046129	20	19456637	PASS
CAT-CAD	rs3790222	20	19457510	PASS
CAT-CAD	rs3790224	20	19457878	PASS
CAT-CAD	rs6081622	20	19493514	PASS
CAT-CAD	rs2206641	20	19497646	PASS
CAT-CAD	rs651862	20	19498915	PASS
CAT-CAD	rs6035372	20	19516254	PASS
CAT-CAD	rs6046169	20	19524558	PASS
CAT-CAD	rs942996	20	19535256	PASS
CAT-CAD	rs1905339	17	40582296	PASS
CAT-CAD	rs4793248	17	41470683	PASS
CAT-CAD	rs749475	17	41476258	PASS
CAT-CAD	rs12946015	17	41478455	PASS
CAT-CAD	rs11079338	17	41495423	PASS
CAT-CAD	rs7215223	17	41501295	PASS
CAT-CAD	rs11079387	17	41510850	PASS
CAT-CAD	rs1984518	17	41521666	PASS
CAT-CAD	rs732508	17	41526526	PASS
CAT-CAD	rs12601607	17	41538783	PASS
CAT-CAD	rs1463558	17	41546123	PASS
CAT-CAD	rs12601849	17	41546288	PASS
CAT-CAD	rs9905358	17	41555474	PASS
CAT-CAD	rs9903373	17	41557974	PASS
CAT-CAD	rs3809751	17	41559785	PASS
CAT-CAD	rs7214914	17	41560734	PASS
CAT-CAD	rs9898065	17	41562473	PASS
CAT-CAD	rs9898286	17	41562542	PASS
CAT-CAD	rs2127224	17	41569025	PASS
CAT-CAD	rs2279191	17	41570427	PASS
CAT-CAD	rs12602059	17	41573730	PASS
CAT-CAD	rs9891112	17	41575508	PASS
CAT-CAD	rs8079750	17	41578497	PASS
CAT-CAD	rs9908678	17	41581545	PASS
CAT-CAD	rs9908030	17	41587891	PASS
CAT-CAD	rs9895324	17	41594168	PASS
CAT-CAD	rs2271957	17	41598940	PASS
CAT-CAD	rs2271958	17	41599383	PASS
CAT-CAD	rs9892162	17	41600800	PASS
CAT-CAD	rs3179927	17	41601911	PASS
CAT-CAD	rs9908559	17	41603161	PASS
CAT-CAD	rs9915640	17	41603882	PASS
CAT-CAD	rs2242598	17	41610398	PASS
CAT-CAD	rs35714338	17	41614213	PASS
CAT-CAD	rs12948043	17	41615830	PASS
CAT-CAD	rs2293015	17	41621999	PASS
CAT-CAD	rs3765174	17	41623670	PASS
CAT-CAD	rs28659819	17	41627530	PASS
CAT-CAD	rs12603053	17	41628292	PASS
CAT-CAD	rs12103443	17	41631258	PASS
CAT-CAD	rs12103666	17	41636310	PASS
CAT-CAD	rs9899005	17	41642868	PASS
CAT-CAD	rs17602795	17	41645244	PASS
CAT-CAD	rs7223638	17	41651925	PASS
CAT-CAD	rs4792997	17	41652076	PASS
CAT-CAD	rs7217897	17	41652878	PASS
CAT-CAD	rs4792900	17	41656792	PASS
CAT-CAD	rs4792901	17	41660081	PASS
CAT-CAD	rs939358	17	41666423	PASS
CAT-CAD	rs1320304	17	41673990	PASS
CAT-CAD	rs1715740	17	41675702	PASS
CAT-CAD	rs1613373	17	41680926	PASS
CAT-CAD	rs11650158	17	46959208	PASS
CAT-CAD	rs4793990	17	46960760	PASS
CAT-CAD	rs1973404	17	46967892	PASS
CAT-CAD	rs1962412	17	46970259	PASS
CAT-CAD	rs1800632	17	46970509	PASS
CAT-CAD	rs318095	17	46974734	PASS
CAT-CAD	rs2112617	17	46977125	PASS
CAT-CAD	rs2546491	17	46977916	PASS
CAT-CAD	rs962272	17	46978283	PASS
CAT-CAD	rs962273	17	46978353	PASS
CAT-CAD	rs999474	17	46987665	PASS
CAT-CAD	rs999475	17	46988044	PASS
CAT-CAD	rs46522	17	46988597	PASS
CAT-CAD	rs9894220	17	46989154	PASS
CAT-CAD	rs318090	17	46991752	PASS
CAT-CAD	rs1058018	17	47000251	PASS
CAT-CAD	rs4793991	17	47001801	PASS
CAT-CAD	rs957557	17	47003221	PASS
CAT-CAD	rs15563	17	47005193	PASS
CAT-CAD	rs1057897	17	47005509	PASS
CAT-CAD	rs2270576	17	47007963	PASS
CAT-CAD	rs4793992	17	47008207	PASS
CAT-CAD	rs4793993	17	47008546	PASS
CAT-CAD	rs1994970	17	47014127	PASS
CAT-CAD	rs4793996	17	47019597	PASS
CAT-CAD	rs4793998	17	47019899	PASS
CAT-CAD	rs11869991	17	47027763	PASS
CAT-CAD	rs11079844	17	47028334	PASS
CAT-CAD	rs9904288	17	47031973	PASS
CAT-CAD	rs4793605	17	47035869	PASS
CAT-CAD	rs4794004	17	47038471	PASS
CAT-CAD	rs2291725	17	47039132	PASS
CAT-CAD	rs2291726	17	47039254	PASS
CAT-CAD	rs8078510	17	47045862	PASS
CAT-CAD	rs937301	17	47046276	PASS
CAT-CAD	rs3848460	17	47047114	PASS
CAT-CAD	rs3809770	17	47047596	PASS
CAT-CAD	rs3895874	17	47047868	PASS
CAT-CAD	rs11650975	17	47345563	PASS
CAT-CAD	rs2898857	17	47356023	PASS
CAT-CAD	rs2240300	17	47377521	PASS
CAT-CAD	rs2906094	17	47382559	PASS
CAT-CAD	rs9910777	17	47407481	PASS
CAT-CAD	rs11652146	17	47422363	PASS
CAT-CAD	rs2119931	17	47429834	PASS
CAT-CAD	rs6119516	20	33328024	PASS
CAT-CAD	rs6087625	20	33342477	PASS
CAT-CAD	rs6087626	20	33347328	PASS
CAT-CAD	rs2295353	20	33356511	PASS
CAT-CAD	rs2295354	20	33356541	PASS
CAT-CAD	rs6120723	20	33364655	PASS
CAT-CAD	rs6119524	20	33373813	PASS
CAT-CAD	rs6088615	20	33400474	PASS
CAT-CAD	rs6087632	20	33407704	PASS
CAT-CAD	rs12626122	20	33425800	PASS
CAT-CAD	rs12625149	20	33425812	PASS
CAT-CAD	rs6119534	20	33441257	PASS
CAT-CAD	rs6119535	20	33442138	PASS
CAT-CAD	rs6120747	20	33449769	PASS
CAT-CAD	rs6120750	20	33465289	PASS
CAT-CAD	rs2236270	20	33523155	PASS
CAT-CAD	rs17406518	20	33799176	PASS
CAT-CAD	rs11699306	20	33801283	PASS
CAT-CAD	rs6141600	20	34712310	PASS
CAT-CAD	rs2746105	20	34712386	PASS
CAT-CAD	rs4968720	17	62384877	PASS
CAT-CAD	rs1867624	17	62387091	PASS
CAT-CAD	rs9902260	17	62399872	PASS
CAT-CAD	rs1050382	17	62400000	PASS
CAT-CAD	rs2812	17	62401118	PASS
CAT-CAD	rs9892152	17	62401965	PASS
CAT-CAD	rs9303470	17	62404452	PASS
CAT-CAD	rs2070783	17	62406971	PASS
CAT-CAD	rs17160489	19	8508391	PASS
CAT-CAD	rs4408777	20	62706105	PASS
CAT-CAD	rs8121509	20	62712053	PASS
CAT-CAD	rs3087969	19	10738639	PASS
CAT-CAD	rs12972963	19	10741907	PASS
CAT-CAD	rs2288904	19	10742170	PASS
CAT-CAD	rs1560711	19	10742287	PASS
CAT-CAD	rs17001002	19	10948031	PASS
CAT-CAD	rs4804554	19	11083210	PASS
CAT-CAD	rs12610607	19	11084994	PASS
CAT-CAD	rs12052058	19	11159525	PASS
CAT-CAD	rs3786722	19	11161537	PASS
CAT-CAD	rs1122608	19	11163601	PASS
CAT-CAD	rs3786725	19	11166827	PASS
CAT-CAD	rs7258189	19	11169947	PASS
CAT-CAD	rs7275	19	11170839	PASS
CAT-CAD	rs8099996	19	11174625	PASS
CAT-CAD	rs10415811	19	11177408	PASS
CAT-CAD	rs8102273	19	11180047	PASS
CAT-CAD	rs17274750	21	16353809	PASS
CAT-CAD	rs2823141	21	16579805	PASS
CAT-CAD	rs2823165	21	16594253	PASS
CAT-CAD	rs4333164	4	148396927	PASS
CAT-CAD	rs4490587	5	4084944	PASS
CAT-CAD	rs9448614	6	79747597	PASS
CAT-CAD	rs17531007	1	222817799	PASS
CAT-CAD	rs1542707	12	48635177	PASS
CAT-CAD	rs9313067	5	4089547	PASS
CAT-CAD	rs7254892	19	45389596	PASS
CAT-CAD	rs671473	5	131708535	PASS
CAT-CAD	rs456493	5	111394176	PASS
CAT-CKD	rs4665972	2	27598097	PASS
CAT-CKD	rs6547692	2	27734972	PASS
CAT-CKD	rs780095	2	27741105	PASS
CAT-CKD	rs780094	2	27741237	PASS
CAT-CKD	rs780093	2	27742603	PASS
CAT-CKD	rs4665987	2	27755825	PASS
CAT-CKD	rs4665988	2	27761436	PASS
CAT-CKD	rs12473139	2	27765587	PASS
CAT-CKD	rs4665991	2	27766284	PASS
CAT-CKD	rs12995461	2	27778167	PASS
CAT-CKD	rs10169065	2	27778560	PASS
CAT-CKD	rs10179872	2	27778572	PASS
CAT-CKD	rs4665382	2	27783801	PASS
CAT-CKD	rs7570476	2	27784658	PASS
CAT-CKD	rs7577311	2	27793921	PASS
CAT-CKD	rs1919127	2	27801493	PASS
CAT-CKD	rs1919128	2	27801759	PASS
CAT-CKD	rs12478841	2	27811722	PASS
CAT-CKD	rs6760250	2	27812252	PASS
CAT-CKD	rs13010586	2	27817817	PASS
CAT-CKD	rs12989678	2	27821482	PASS
CAT-CKD	rs12467476	2	27825715	PASS
CAT-CKD	rs12464616	2	27827092	PASS
CAT-CKD	rs2384656	2	27832055	PASS
CAT-CKD	rs34016998	2	27833687	PASS
CAT-CKD	rs12987055	2	27834152	PASS
CAT-CKD	rs13020949	2	27836605	PASS
CAT-CKD	rs3749147	2	27851918	PASS
CAT-CKD	rs34502053	2	27854524	PASS
CAT-CKD	rs284247	1	10774856	PASS
CAT-CKD	rs2073017	1	10822808	PASS
CAT-CKD	rs71644062	1	17980530	PASS
CAT-CKD	rs35255680	1	17981184	PASS
CAT-CKD	rs34036216	1	17986046	PASS
CAT-CKD	rs6545423	2	54746709	PASS
CAT-CKD	rs360804	2	62939397	PASS
CAT-CKD	rs360799	2	62953166	PASS
CAT-CKD	rs360800	2	62954326	PASS
CAT-CKD	rs360801	2	62955387	PASS
CAT-CKD	rs4671450	2	62981869	PASS
CAT-CKD	rs12713468	2	62983213	PASS
CAT-CKD	rs4671050	2	62988169	PASS
CAT-CKD	rs7573756	2	62990637	PASS
CAT-CKD	rs11682530	2	63073194	PASS
CAT-CKD	rs2430388	2	63106784	PASS
CAT-CKD	rs1420018	2	63112500	PASS
CAT-CKD	rs2710640	2	63144305	PASS
CAT-CKD	rs2710642	2	63149557	PASS
CAT-CKD	rs2058566	2	63179076	PASS
CAT-CKD	rs11125946	2	63298150	PASS
CAT-CKD	rs13027074	2	63362503	PASS
CAT-CKD	rs13009169	2	63405218	PASS
CAT-CKD	rs13000147	2	63424045	PASS
CAT-CKD	rs7603593	2	63458074	PASS
CAT-CKD	rs2901578	2	63550023	PASS
CAT-CKD	rs12713484	2	63555916	PASS
CAT-CKD	rs12713485	2	63556036	PASS
CAT-CKD	rs2421882	2	63556849	PASS
CAT-CKD	rs7567098	2	63564937	PASS
CAT-CKD	rs4671486	2	63566022	PASS
CAT-CKD	rs11897015	2	63571172	PASS
CAT-CKD	rs1878507	2	63573411	PASS
CAT-CKD	rs1996401	2	63573748	PASS
CAT-CKD	rs2421885	2	63577041	PASS
CAT-CKD	rs13032049	2	63581507	PASS
CAT-CKD	rs6714258	2	63583843	PASS
CAT-CKD	rs6718198	2	63584129	PASS
CAT-CKD	rs12988024	2	63585304	PASS
CAT-CKD	rs12713488	2	63586777	PASS
CAT-CKD	rs1829259	2	63590646	PASS
CAT-CKD	rs7355671	2	63592499	PASS
CAT-CKD	rs1922422	2	63593212	PASS
CAT-CKD	rs7355552	2	63594650	PASS
CAT-CKD	rs4671492	2	63594846	PASS
CAT-CKD	rs1356388	2	63595981	PASS
CAT-CKD	rs10167200	2	63598238	PASS
CAT-CKD	rs10167849	2	63598639	PASS
CAT-CKD	rs12713489	2	63600500	PASS
CAT-CKD	rs7556900	2	63600600	PASS
CAT-CKD	rs11895059	2	63601260	PASS
CAT-CKD	rs11899999	2	63601292	PASS
CAT-CKD	rs932173	2	63602689	PASS
CAT-CKD	rs12713490	2	63603463	PASS
CAT-CKD	rs13028443	2	63603717	PASS
CAT-CKD	rs12713491	2	63604320	PASS
CAT-CKD	rs4671495	2	63607943	PASS
CAT-CKD	rs9808380	2	63612388	PASS
CAT-CKD	rs9808385	2	63612732	PASS
CAT-CKD	rs10194472	2	205028467	PASS
CAT-CKD	rs10494908	1	209052552	PASS
CAT-CKD	rs10932675	2	217601351	PASS
CAT-CKD	rs11901489	2	217601352	PASS
CAT-CKD	rs10190707	2	217604547	PASS
CAT-CKD	rs1861631	2	217605925	PASS
CAT-CKD	rs4674112	2	217607783	PASS
CAT-CKD	rs8179795	2	217613285	PASS
CAT-CKD	rs6711608	2	217614083	PASS
CAT-CKD	rs2712185	2	217614595	PASS
CAT-CKD	rs60118634	2	217616274	PASS
CAT-CKD	rs1861630	2	217616804	PASS
CAT-CKD	rs1548942	2	217619036	PASS
CAT-CKD	rs1548941	2	217619060	PASS
CAT-CKD	rs2541413	2	217619253	PASS
CAT-CKD	rs2712170	2	217619858	PASS
CAT-CKD	rs2888429	2	217624194	PASS
CAT-CKD	rs10932677	2	217627150	PASS
CAT-CKD	rs6435953	2	217628087	PASS
CAT-CKD	rs17773965	2	217631338	PASS
CAT-CKD	rs7576584	2	217632039	PASS
CAT-CKD	rs7602943	2	217632085	PASS
CAT-CKD	rs2712180	2	217632422	PASS
CAT-CKD	rs2541408	2	217633814	PASS
CAT-CKD	rs2193230	2	217635146	PASS
CAT-CKD	rs2541404	2	217636736	PASS
CAT-CKD	rs2541403	2	217637885	PASS
CAT-CKD	rs985569	2	217639972	PASS
CAT-CKD	rs7421283	2	217640818	PASS
CAT-CKD	rs11890213	2	217643129	PASS
CAT-CKD	rs58313929	2	217643725	PASS
CAT-CKD	rs58926847	2	217644182	PASS
CAT-CKD	rs13000985	2	217644361	PASS
CAT-CKD	rs9989901	2	217644852	PASS
CAT-CKD	rs35241182	2	217659397	PASS
CAT-CKD	rs2541411	2	217688442	PASS
CAT-CKD	rs2541410	2	217688559	PASS
CAT-CKD	rs4674118	2	217688626	PASS
CAT-CKD	rs2541402	2	217690167	PASS
CAT-CKD	rs116329124	2	112295288	PASS
CAT-CKD	rs2491862	1	243106784	PASS
CAT-CKD	rs3013394	1	243141745	PASS
CAT-CKD	rs3125019	1	243142120	PASS
CAT-CKD	rs2907167	1	243142242	PASS
CAT-CKD	rs2907166	1	243142498	PASS
CAT-CKD	rs3013414	1	243148809	PASS
CAT-CKD	rs1796844	1	243281617	PASS
CAT-CKD	rs1796846	1	243306924	PASS
CAT-CKD	rs1796847	1	243308258	PASS
CAT-CKD	rs1766030	1	243314577	PASS
CAT-CKD	rs3015157	1	243324168	PASS
CAT-CKD	rs12061907	1	243342123	PASS
CAT-CKD	rs10926961	1	243355204	PASS
CAT-CKD	rs12049443	1	243358925	PASS
CAT-CKD	rs10926964	1	243359347	PASS
CAT-CKD	rs4469702	1	243365196	PASS
CAT-CKD	rs35214822	1	243366930	PASS
CAT-CKD	rs10926965	1	243370305	PASS
CAT-CKD	rs10926966	1	243370312	PASS
CAT-CKD	rs12039659	1	243372744	PASS
CAT-CKD	rs12124014	1	243376757	PASS
CAT-CKD	rs2275154	1	243433654	PASS
CAT-CKD	rs10803131	1	243435622	PASS
CAT-CKD	rs10803132	1	243437266	PASS
CAT-CKD	rs7525348	1	243439386	PASS
CAT-CKD	rs12740033	1	243445116	PASS
CAT-CKD	rs6682448	1	243450955	PASS
CAT-CKD	rs12074660	1	243451974	PASS
CAT-CKD	rs12079656	1	243453119	PASS
CAT-CKD	rs12084733	1	243467236	PASS
CAT-CKD	rs12085949	1	243467689	PASS
CAT-CKD	rs12759571	1	243468694	PASS
CAT-CKD	rs12758920	1	243469029	PASS
CAT-CKD	rs2490391	1	243469669	PASS
CAT-CKD	rs2932634	1	243470453	PASS
CAT-CKD	rs953492	1	243471192	PASS
CAT-CKD	rs10926987	1	243471949	PASS
CAT-CKD	rs12061451	1	243472187	PASS
CAT-CKD	rs11809042	1	243472664	PASS
CAT-CKD	rs6429422	1	243472801	PASS
CAT-CKD	rs2783971	1	243474536	PASS
CAT-CKD	rs2783972	1	243481431	PASS
CAT-CKD	rs10926989	1	243483368	PASS
CAT-CKD	rs68192516	1	243485126	PASS
CAT-CKD	rs2451668	1	243486252	PASS
CAT-CKD	rs10926991	1	243492567	PASS
CAT-CKD	rs2451669	1	243493124	PASS
CAT-CKD	rs12065580	1	243498108	PASS
CAT-CKD	rs2802722	1	243498533	PASS
CAT-CKD	rs10926994	1	243500994	PASS
CAT-CKD	rs36167403	2	143569608	PASS
CAT-CKD	rs62170127	2	143626508	PASS
CAT-CKD	rs1484919	2	146334132	PASS
CAT-CKD	rs6709699	2	146442306	PASS
CAT-CKD	rs6550013	3	30788153	PASS
CAT-CKD	rs6550015	3	30789861	PASS
CAT-CKD	rs9310941	3	30790930	PASS
CAT-CKD	rs6550022	3	30797923	PASS
CAT-CKD	rs7652095	3	30802262	PASS
CAT-CKD	rs4859660	4	77208191	PASS
CAT-CKD	rs6532328	4	77208482	PASS
CAT-CKD	rs6532329	4	77208601	PASS
CAT-CKD	rs62300826	4	77209750	PASS
CAT-CKD	rs4859682	4	77410318	PASS
CAT-CKD	rs13146355	4	77412140	PASS
CAT-CKD	rs10008637	4	77414144	PASS
CAT-CKD	rs5020545	4	77414988	PASS
CAT-CKD	rs10023099	4	89759700	PASS
CAT-CKD	rs116770249	3	180882599	PASS
CAT-CKD	rs9848098	3	181054636	PASS
CAT-CKD	rs1464242	3	181057264	PASS
CAT-CKD	rs9827725	3	181058903	PASS
CAT-CKD	rs1980215	3	181061295	PASS
CAT-CKD	rs12185930	3	181061700	PASS
CAT-CKD	rs13098382	3	181061928	PASS
CAT-CKD	rs9866774	3	181062970	PASS
CAT-CKD	rs9849736	3	181063310	PASS
CAT-CKD	rs6802142	3	181063597	PASS
CAT-CKD	rs62291664	3	181063685	PASS
CAT-CKD	rs6778471	3	181064210	PASS
CAT-CKD	rs1518921	3	181067456	PASS
CAT-CKD	rs7635565	3	181069424	PASS
CAT-CKD	rs7629830	3	181071189	PASS
CAT-CKD	rs7630068	3	181071266	PASS
CAT-CKD	rs7431121	3	181073196	PASS
CAT-CKD	rs6807049	3	181073854	PASS
CAT-CKD	rs1518929	3	181074751	PASS
CAT-CKD	rs6796797	3	181079573	PASS
CAT-CKD	rs6796905	3	181079709	PASS
CAT-CKD	rs2339416	3	181080553	PASS
CAT-CKD	rs9812014	3	181086137	PASS
CAT-CKD	rs9848969	3	181094912	PASS
CAT-CKD	rs2037305	3	181097177	PASS
CAT-CKD	rs1518931	3	181105872	PASS
CAT-CKD	rs9836763	3	181106778	PASS
CAT-CKD	rs9826653	3	181108197	PASS
CAT-CKD	rs6809553	3	181114907	PASS
CAT-CKD	rs1568304	3	181116955	PASS
CAT-CKD	rs6804481	3	181117474	PASS
CAT-CKD	rs6801749	3	181117704	PASS
CAT-CKD	rs9846082	3	181124253	PASS
CAT-CKD	rs9882065	3	181129180	PASS
CAT-CKD	rs1479167	3	181141888	PASS
CAT-CKD	rs1479168	3	181142442	PASS
CAT-CKD	rs1842150	3	181145170	PASS
CAT-CKD	rs7653260	3	181154136	PASS
CAT-CKD	rs9860472	3	181155058	PASS
CAT-CKD	rs9873013	3	181182392	PASS
CAT-CKD	rs9876513	3	181188066	PASS
CAT-CKD	rs9820600	3	181197074	PASS
CAT-CKD	rs10937058	3	181220743	PASS
CAT-CKD	rs1158707	3	181221339	PASS
CAT-CKD	rs34098329	3	181243919	PASS
CAT-CKD	rs1479171	3	181246860	PASS
CAT-CKD	rs12690590	3	181297473	PASS
CAT-CKD	rs7427829	3	181298565	PASS
CAT-CKD	rs114910465	3	181319939	PASS
CAT-CKD	rs61432191	3	181320163	PASS
CAT-CKD	rs34977120	3	181324894	PASS
CAT-CKD	rs9836348	3	181382950	PASS
CAT-CKD	rs4854922	3	181387240	PASS
CAT-CKD	rs35788479	3	181426554	PASS
CAT-CKD	rs9862417	3	63792668	PASS
CAT-CKD	rs2130990	3	63812600	PASS
CAT-CKD	rs832187	3	63833050	PASS
CAT-CKD	rs832190	3	63842629	PASS
CAT-CKD	rs58676857	3	63903883	PASS
CAT-CKD	rs56165216	3	63916620	PASS
CAT-CKD	rs228624	4	103572440	PASS
CAT-CKD	rs228625	4	103572751	PASS
CAT-CKD	rs228626	4	103572946	PASS
CAT-CKD	rs228627	4	103573082	PASS
CAT-CKD	rs228628	4	103573323	PASS
CAT-CKD	rs228630	4	103573749	PASS
CAT-CKD	rs228631	4	103573863	PASS
CAT-CKD	rs2978641	4	103575280	PASS
CAT-CKD	rs228612	4	103575385	PASS
CAT-CKD	rs228617	4	103580788	PASS
CAT-CKD	rs434644	4	103583189	PASS
CAT-CKD	rs413967	4	103583196	PASS
CAT-CKD	rs404574	4	103583208	PASS
CAT-CKD	rs2720918	3	194717510	PASS
CAT-CKD	rs967303	4	7595271	PASS
CAT-CKD	rs1366200	5	115321819	PASS
CAT-CKD	rs4129937	6	13023788	PASS
CAT-CKD	rs9349439	6	13024536	PASS
CAT-CKD	rs9381635	6	13024571	PASS
CAT-CKD	rs9395336	6	13024606	PASS
CAT-CKD	rs4132045	6	13025564	PASS
CAT-CKD	rs9381638	6	13027968	PASS
CAT-CKD	rs4715065	6	13029882	PASS
CAT-CKD	rs9349440	6	13030189	PASS
CAT-CKD	rs9369762	6	13030256	PASS
CAT-CKD	rs6907651	6	13030594	PASS
CAT-CKD	rs6912487	6	13030993	PASS
CAT-CKD	rs6936052	6	13031740	PASS
CAT-CKD	rs4715068	6	13034114	PASS
CAT-CKD	rs4715069	6	13034501	PASS
CAT-CKD	rs7775901	6	13052693	PASS
CAT-CKD	rs7755806	6	13060640	PASS
CAT-CKD	rs4715077	6	13064501	PASS
CAT-CKD	rs6920793	6	13068959	PASS
CAT-CKD	rs4130157	6	13070826	PASS
CAT-CKD	rs4715088	6	13075337	PASS
CAT-CKD	rs4273675	6	13084645	PASS
CAT-CKD	rs4329096	6	13086650	PASS
CAT-CKD	rs6458624	6	13088339	PASS
CAT-CKD	rs4389765	6	13089994	PASS
CAT-CKD	rs6918053	6	13090170	PASS
CAT-CKD	rs7775760	6	13092427	PASS
CAT-CKD	rs4273676	6	13093634	PASS
CAT-CKD	rs4715100	6	13094147	PASS
CAT-CKD	rs4715101	6	13094478	PASS
CAT-CKD	rs1937774	6	13100821	PASS
CAT-CKD	rs1937772	6	13104170	PASS
CAT-CKD	rs1937773	6	13104276	PASS
CAT-CKD	rs17375084	6	13104581	PASS
CAT-CKD	rs35654535	6	13105768	PASS
CAT-CKD	rs34603187	6	13130237	PASS
CAT-CKD	rs6939931	6	13134059	PASS
CAT-CKD	rs2327633	6	13134211	PASS
CAT-CKD	rs6907388	6	13139616	PASS
CAT-CKD	rs13220463	6	13145043	PASS
CAT-CKD	rs2183072	6	13146456	PASS
CAT-CKD	rs13192887	6	13148311	PASS
CAT-CKD	rs11755663	6	13152908	PASS
CAT-CKD	rs17323391	6	13157904	PASS
CAT-CKD	rs6569644	6	130322357	PASS
CAT-CKD	rs9388763	6	130326670	PASS
CAT-CKD	rs4895863	6	130326680	PASS
CAT-CKD	rs9385531	6	130327056	PASS
CAT-CKD	rs6569645	6	130328552	PASS
CAT-CKD	rs6904762	6	130328639	PASS
CAT-CKD	rs9372951	6	130329193	PASS
CAT-CKD	rs9372952	6	130329498	PASS
CAT-CKD	rs7754426	6	130331265	PASS
CAT-CKD	rs7758886	6	130331668	PASS
CAT-CKD	rs1337775	6	130334365	PASS
CAT-CKD	rs1337776	6	130334409	PASS
CAT-CKD	rs6569646	6	130336553	PASS
CAT-CKD	rs1415700	6	130345791	PASS
CAT-CKD	rs7740188	6	130346105	PASS
CAT-CKD	rs6569648	6	130349119	PASS
CAT-CKD	rs6926186	6	130350294	PASS
CAT-CKD	rs9402211	6	130353612	PASS
CAT-CKD	rs9388766	6	130354855	PASS
CAT-CKD	rs9375694	6	130356608	PASS
CAT-CKD	rs9388767	6	130357553	PASS
CAT-CKD	rs59084494	6	130358044	PASS
CAT-CKD	rs6899976	6	130358428	PASS
CAT-CKD	rs9375695	6	130358944	PASS
CAT-CKD	rs9375696	6	130359711	PASS
CAT-CKD	rs11154519	6	130362577	PASS
CAT-CKD	rs4897361	6	130364328	PASS
CAT-CKD	rs4895864	6	130364482	PASS
CAT-CKD	rs9398934	6	130365016	PASS
CAT-CKD	rs9375697	6	130365128	PASS
CAT-CKD	rs9398935	6	130365195	PASS
CAT-CKD	rs4594967	6	130366161	PASS
CAT-CKD	rs4419687	6	130367539	PASS
CAT-CKD	rs7744830	6	130367725	PASS
CAT-CKD	rs7763108	6	130367793	PASS
CAT-CKD	rs6928313	6	130368508	PASS
CAT-CKD	rs9375698	6	130368602	PASS
CAT-CKD	rs4404788	6	130369323	PASS
CAT-CKD	rs7755652	6	130369757	PASS
CAT-CKD	rs4279458	6	130369871	PASS
CAT-CKD	rs4321845	6	130369983	PASS
CAT-CKD	rs3890746	6	130371055	PASS
CAT-CKD	rs9385532	6	130371227	PASS
CAT-CKD	rs7746589	6	130371840	PASS
CAT-CKD	rs6914670	6	130372984	PASS
CAT-CKD	rs9402213	6	130373188	PASS
CAT-CKD	rs9375699	6	130373214	PASS
CAT-CKD	rs9385533	6	130373313	PASS
CAT-CKD	rs9372954	6	130373529	PASS
CAT-CKD	rs9388768	6	130374102	PASS
CAT-CKD	rs4373379	6	130374569	PASS
CAT-CKD	rs4351283	6	130374711	PASS
CAT-CKD	rs9398937	6	130375544	PASS
CAT-CKD	rs6900473	6	130375810	PASS
CAT-CKD	rs6923819	6	130376095	PASS
CAT-CKD	rs11759018	6	130377843	PASS
CAT-CKD	rs11752200	6	130377847	PASS
CAT-CKD	rs12661188	6	130378833	PASS
CAT-CKD	rs7760760	6	130379852	PASS
CAT-CKD	rs9375700	6	130379854	PASS
CAT-CKD	rs9388769	6	130379954	PASS
CAT-CKD	rs7761063	6	130379973	PASS
CAT-CKD	rs7451021	6	130381246	PASS
CAT-CKD	rs4323324	6	130382896	PASS
CAT-CKD	rs9375701	6	130384057	PASS
CAT-CKD	rs9375702	6	130384187	PASS
CAT-CKD	rs12206570	6	130385104	PASS
CAT-CKD	rs9375703	6	130386971	PASS
CAT-CKD	rs9402214	6	130387773	PASS
CAT-CKD	rs12197047	6	130389211	PASS
CAT-CKD	rs4364506	6	130389940	PASS
CAT-CKD	rs9492440	6	130390379	PASS
CAT-CKD	rs9492441	6	130393148	PASS
CAT-CKD	rs7769599	6	130393782	PASS
CAT-CKD	rs7764762	6	130396498	PASS
CAT-CKD	rs13209890	6	130396545	PASS
CAT-CKD	rs9492442	6	130396651	PASS
CAT-CKD	rs4548027	6	130397515	PASS
CAT-CKD	rs9492443	6	130398731	PASS
CAT-CKD	rs12198331	6	130400092	PASS
CAT-CKD	rs9492445	6	130401625	PASS
CAT-CKD	rs9492446	6	130402289	PASS
CAT-CKD	rs7762724	6	130402676	PASS
CAT-CKD	rs6569651	6	130404081	PASS
CAT-CKD	rs7774174	6	130405020	PASS
CAT-CKD	rs9492451	6	130415124	PASS
CAT-CKD	rs9483082	6	130415684	PASS
CAT-CKD	rs9483083	6	130416949	PASS
CAT-CKD	rs9483085	6	130420941	PASS
CAT-CKD	rs6921589	6	25422369	PASS
CAT-CKD	rs35436081	6	25700342	PASS
CAT-CKD	rs34493019	6	25714959	PASS
CAT-CKD	rs4236040	6	25761209	PASS
CAT-CKD	rs4712969	6	25764192	PASS
CAT-CKD	rs6902211	6	25767437	PASS
CAT-CKD	rs1892250	6	25769024	PASS
CAT-CKD	rs1892251	6	25769349	PASS
CAT-CKD	rs6456701	6	25774130	PASS
CAT-CKD	rs1954598	6	25776060	PASS
CAT-CKD	rs6910549	6	25780811	PASS
CAT-CKD	rs1892253	6	25782314	PASS
CAT-CKD	rs13213957	6	25786226	PASS
CAT-CKD	rs13200921	6	25790378	PASS
CAT-CKD	rs9467600	6	25792768	PASS
CAT-CKD	rs9467603	6	25803712	PASS
CAT-CKD	rs9467606	6	25809218	PASS
CAT-CKD	rs9467607	6	25809477	PASS
CAT-CKD	rs9467609	6	25809751	PASS
CAT-CKD	rs9467613	6	25812641	PASS
CAT-CKD	rs6939997	6	25821224	PASS
CAT-CKD	rs6940698	6	25821580	PASS
CAT-CKD	rs34351439	6	25833010	PASS
CAT-CKD	rs6913795	6	25848025	PASS
CAT-CKD	rs9467621	6	25851338	PASS
CAT-CKD	rs9467623	6	25860580	PASS
CAT-CKD	rs13211947	6	25864818	PASS
CAT-CKD	rs55912630	6	25866935	PASS
CAT-CKD	rs9467626	6	25873746	PASS
CAT-CKD	rs34043431	6	25875084	PASS
CAT-CKD	rs36014129	6	25884519	PASS
CAT-CKD	rs7766531	6	25886577	PASS
CAT-CKD	rs7750960	6	25887217	PASS
CAT-CKD	rs9467632	6	25889706	PASS
CAT-CKD	rs13214169	6	25890656	PASS
CAT-CKD	rs13208859	6	25894609	PASS
CAT-CKD	rs6903228	6	25903047	PASS
CAT-CKD	rs7748167	6	25904652	PASS
CAT-CKD	rs9467635	6	25909166	PASS
CAT-CKD	rs9461223	6	25918335	PASS
CAT-CKD	rs9295675	6	25918473	PASS
CAT-CKD	rs17526722	6	25918855	PASS
CAT-CKD	rs6931120	6	25925634	PASS
CAT-CKD	rs17586553	6	25928775	PASS
CAT-CKD	rs3884025	6	25930088	PASS
CAT-CKD	rs6940007	6	25931957	PASS
CAT-CKD	rs13202592	6	25935591	PASS
CAT-CKD	rs13191776	6	25955741	PASS
CAT-CKD	rs35069699	6	25957282	PASS
CAT-CKD	rs13196552	6	25974204	PASS
CAT-CKD	rs35116528	6	25975669	PASS
CAT-CKD	rs56294283	6	25976099	PASS
CAT-CKD	rs56195001	6	25976165	PASS
CAT-CKD	rs13203673	6	25979122	PASS
CAT-CKD	rs36012762	6	25980523	PASS
CAT-CKD	rs13212534	6	25983010	PASS
CAT-CKD	rs17528178	6	25983777	PASS
CAT-CKD	rs13202688	6	25993469	PASS
CAT-CKD	rs13192365	6	25993968	PASS
CAT-CKD	rs35528636	6	25995701	PASS
CAT-CKD	rs116201501	6	25999149	PASS
CAT-CKD	rs72834617	6	25999175	PASS
CAT-CKD	rs13214280	6	26008620	PASS
CAT-CKD	rs72834623	6	26014852	PASS
CAT-CKD	rs13191445	6	26015489	PASS
CAT-CKD	rs16891235	6	26017542	PASS
CAT-CKD	rs41266779	6	26021872	PASS
CAT-CKD	rs3734528	6	26022244	PASS
CAT-CKD	rs34391493	6	26022648	PASS
CAT-CKD	rs28360595	6	26030044	PASS
CAT-CKD	rs10484433	6	26030492	PASS
CAT-CKD	rs34791189	6	26035806	PASS
CAT-CKD	rs13210041	6	26037601	PASS
CAT-CKD	rs35367169	6	26040595	PASS
CAT-CKD	rs71557315	6	26041870	PASS
CAT-CKD	rs13195692	6	26044373	PASS
CAT-CKD	rs35506517	6	26044864	PASS
CAT-CKD	rs67296946	6	26048559	PASS
CAT-CKD	rs13201821	6	26057781	PASS
CAT-CKD	rs35050608	6	26067360	PASS
CAT-CKD	rs34888489	6	26073375	PASS
CAT-CKD	rs34027471	6	26073411	PASS
CAT-CKD	rs13216785	6	26079185	PASS
CAT-CKD	rs34197618	6	26083519	PASS
CAT-CKD	rs61472021	6	26090025	PASS
CAT-CKD	rs13210399	6	26095643	PASS
CAT-CKD	rs13212652	6	26099279	PASS
CAT-CKD	rs35402046	6	26099472	PASS
CAT-CKD	rs13200888	6	26100198	PASS
CAT-CKD	rs2237228	6	26104630	PASS
CAT-CKD	rs35484309	6	26105369	PASS
CAT-CKD	rs66790453	6	26107088	PASS
CAT-CKD	rs13206501	6	26110148	PASS
CAT-CKD	rs68149500	6	26111271	PASS
CAT-CKD	rs16891315	6	26111756	PASS
CAT-CKD	rs35825164	6	26117404	PASS
CAT-CKD	rs13206443	6	26119245	PASS
CAT-CKD	rs13200797	6	26122957	PASS
CAT-CKD	rs16891334	6	26124303	PASS
CAT-CKD	rs36109883	6	26133070	PASS
CAT-CKD	rs17598658	6	26175866	PASS
CAT-CKD	rs55706012	6	26266311	PASS
CAT-CKD	rs10484439	6	26309908	PASS
CAT-CKD	rs6923139	6	26313348	PASS
CAT-CKD	rs13220522	6	26316295	PASS
CAT-CKD	rs35162296	6	26318262	PASS
CAT-CKD	rs9467704	6	26319486	PASS
CAT-CKD	rs6902392	6	26322115	PASS
CAT-CKD	rs6902389	6	26322153	PASS
CAT-CKD	rs6903015	6	26322526	PASS
CAT-CKD	rs6908156	6	26322861	PASS
CAT-CKD	rs9467708	6	26327956	PASS
CAT-CKD	rs34107459	6	26328353	PASS
CAT-CKD	rs6939799	6	26328366	PASS
CAT-CKD	rs34569761	6	26334306	PASS
CAT-CKD	rs34158769	6	26336572	PASS
CAT-CKD	rs9467713	6	26338128	PASS
CAT-CKD	rs75782365	6	26408551	PASS
CAT-CKD	rs13220495	6	26441640	PASS
CAT-CKD	rs34605993	6	26454363	PASS
CAT-CKD	rs35680819	6	26455814	PASS
CAT-CKD	rs36033628	6	26456074	PASS
CAT-CKD	rs35627490	6	26462104	PASS
CAT-CKD	rs13195401	6	26463574	PASS
CAT-CKD	rs13195402	6	26463575	PASS
CAT-CKD	rs13198716	6	26582035	PASS
CAT-CKD	rs35400317	6	26593275	PASS
CAT-CKD	rs45527431	6	26599509	PASS
CAT-CKD	rs66488313	6	26631568	PASS
CAT-CKD	rs57440165	6	26843517	PASS
CAT-CKD	rs71557378	6	26903585	PASS
CAT-CKD	rs80264589	6	26927602	PASS
CAT-CKD	rs35173303	6	26935379	PASS
CAT-CKD	rs66975207	6	26942146	PASS
CAT-CKD	rs35869525	6	26946687	PASS
CAT-CKD	rs34816374	6	26949672	PASS
CAT-CKD	rs34546498	6	26961280	PASS
CAT-CKD	rs34864993	6	26970895	PASS
CAT-CKD	rs56874662	6	26985607	PASS
CAT-CKD	rs36022097	6	26995168	PASS
CAT-CKD	rs35212793	6	26998693	PASS
CAT-CKD	rs57713596	6	27004098	PASS
CAT-CKD	rs35741362	6	27007687	PASS
CAT-CKD	rs67092078	6	27054772	PASS
CAT-CKD	rs55834529	6	27072542	PASS
CAT-CKD	rs66462181	6	27091661	PASS
CAT-CKD	rs35565446	6	27145341	PASS
CAT-CKD	rs72839445	6	27249686	PASS
CAT-CKD	rs13207082	6	27251379	PASS
CAT-CKD	rs56114371	6	27274834	PASS
CAT-CKD	rs72839477	6	27327000	PASS
CAT-CKD	rs28360634	6	27332891	PASS
CAT-CKD	rs71559024	6	27352750	PASS
CAT-CKD	rs67859638	6	27357978	PASS
CAT-CKD	rs35120058	6	27358166	PASS
CAT-CKD	rs13196692	6	27379119	PASS
CAT-CKD	rs34953377	6	27381660	PASS
CAT-CKD	rs66841633	6	27382386	PASS
CAT-CKD	rs34150729	6	27388754	PASS
CAT-CKD	rs34071253	6	27391802	PASS
CAT-CKD	rs13191474	6	27413345	PASS
CAT-CKD	rs13195040	6	27413924	PASS
CAT-CKD	rs41269265	6	27425349	PASS
CAT-CKD	rs34613987	6	27433029	PASS
CAT-CKD	rs67240003	6	27443202	PASS
CAT-CKD	rs7749305	6	27446566	PASS
CAT-CKD	rs6918792	6	27451419	PASS
CAT-CKD	rs34864796	6	27459923	PASS
CAT-CKD	rs58616630	6	27474715	PASS
CAT-CKD	rs34573979	6	27480526	PASS
CAT-CKD	rs6904596	6	27491299	PASS
CAT-CKD	rs13195636	6	27509493	PASS
CAT-CKD	rs35848276	6	27521096	PASS
CAT-CKD	rs34965299	6	27521856	PASS
CAT-CKD	rs66785117	6	27523298	PASS
CAT-CKD	rs140365013	6	27523869	PASS
CAT-CKD	rs10484399	6	27534528	PASS
CAT-CKD	rs34105070	6	27560805	PASS
CAT-CKD	rs13202775	6	27564879	PASS
CAT-CKD	rs67652222	6	27586220	PASS
CAT-CKD	rs35715914	6	27592003	PASS
CAT-CKD	rs13212093	6	27606716	PASS
CAT-CKD	rs34038546	6	27607660	PASS
CAT-CKD	rs141342723	6	27622084	PASS
CAT-CKD	rs34543938	6	27624640	PASS
CAT-CKD	rs56405707	6	27640246	PASS
CAT-CKD	rs13210634	6	27646492	PASS
CAT-CKD	rs13215275	6	27647509	PASS
CAT-CKD	rs13217620	6	27653120	PASS
CAT-CKD	rs72845070	6	27668300	PASS
CAT-CKD	rs17749927	6	27669976	PASS
CAT-CKD	rs13192965	6	27671825	PASS
CAT-CKD	rs34409918	6	27685348	PASS
CAT-CKD	rs34432857	6	27685825	PASS
CAT-CKD	rs34064842	6	27688625	PASS
CAT-CKD	rs13212318	6	27688841	PASS
CAT-CKD	rs13202295	6	27698837	PASS
CAT-CKD	rs13202291	6	27698857	PASS
CAT-CKD	rs17750424	6	27701122	PASS
CAT-CKD	rs13193542	6	27702425	PASS
CAT-CKD	rs13193480	6	27702561	PASS
CAT-CKD	rs72847313	6	27730082	PASS
CAT-CKD	rs17750747	6	27730334	PASS
CAT-CKD	rs13195728	6	27771106	PASS
CAT-CKD	rs200482	6	27773904	PASS
CAT-CKD	rs17751184	6	27775028	PASS
CAT-CKD	rs2747054	6	27783359	PASS
CAT-CKD	rs34718920	6	27783941	PASS
CAT-CKD	rs71559050	6	27797416	PASS
CAT-CKD	rs35202262	6	27799514	PASS
CAT-CKD	rs34706883	6	27805255	PASS
CAT-CKD	rs13212651	6	27806985	PASS
CAT-CKD	rs35819751	6	27810569	PASS
CAT-CKD	rs13194781	6	27815639	PASS
CAT-CKD	rs34194357	6	27818535	PASS
CAT-CKD	rs13199772	6	27834085	PASS
CAT-CKD	rs17763089	6	27835218	PASS
CAT-CKD	rs17695758	6	27837183	PASS
CAT-CKD	rs45509595	6	27840926	PASS
CAT-CKD	rs13199649	6	27868792	PASS
CAT-CKD	rs34788973	6	27879200	PASS
CAT-CKD	rs61742093	6	27879982	PASS
CAT-CKD	rs13218875	6	27884012	PASS
CAT-CKD	rs71559054	6	27896799	PASS
CAT-CKD	rs67040724	6	27905509	PASS
CAT-CKD	rs67662114	6	27932301	PASS
CAT-CKD	rs13216117	6	27938484	PASS
CAT-CKD	rs36101351	6	27943369	PASS
CAT-CKD	rs28360499	6	27945396	PASS
CAT-CKD	rs71537572	6	27970715	PASS
CAT-CKD	rs142965311	6	27989252	PASS
CAT-CKD	rs138234416	6	27992898	PASS
CAT-CKD	rs13200214	6	28017250	PASS
CAT-CKD	rs71559070	6	28038929	PASS
CAT-CKD	rs13197574	6	28060239	PASS
CAT-CKD	rs34166054	6	28065801	PASS
CAT-CKD	rs34662244	6	28073881	PASS
CAT-CKD	rs13203816	6	28079598	PASS
CAT-CKD	rs34588114	6	28080628	PASS
CAT-CKD	rs68188794	6	28080777	PASS
CAT-CKD	rs34371502	6	28081758	PASS
CAT-CKD	rs71559072	6	28089481	PASS
CAT-CKD	rs66886492	6	28089731	PASS
CAT-CKD	rs35345226	6	28091580	PASS
CAT-CKD	rs35749575	6	28114818	PASS
CAT-CKD	rs72846780	6	28119055	PASS
CAT-CKD	rs13205911	6	28124114	PASS
CAT-CKD	rs13197175	6	28129231	PASS
CAT-CKD	rs13197176	6	28129232	PASS
CAT-CKD	rs13201308	6	28130089	PASS
CAT-CKD	rs34765154	6	28130450	PASS
CAT-CKD	rs35098436	6	28134221	PASS
CAT-CKD	rs72846794	6	28137499	PASS
CAT-CKD	rs67297533	6	28141253	PASS
CAT-CKD	rs35781323	6	28144832	PASS
CAT-CKD	rs34832585	6	28150878	PASS
CAT-CKD	rs13195291	6	28169241	PASS
CAT-CKD	rs13197633	6	28174757	PASS
CAT-CKD	rs35001169	6	28187632	PASS
CAT-CKD	rs35656932	6	28191288	PASS
CAT-CKD	rs34243448	6	28193102	PASS
CAT-CKD	rs13204012	6	28201531	PASS
CAT-CKD	rs13205211	6	28203056	PASS
CAT-CKD	rs67998226	6	28238059	PASS
CAT-CKD	rs34878803	6	28250179	PASS
CAT-CKD	rs34396849	6	28250955	PASS
CAT-CKD	rs13211507	6	28257377	PASS
CAT-CKD	rs34691223	6	28258208	PASS
CAT-CKD	rs33932084	6	28268824	PASS
CAT-CKD	rs56189111	6	28271973	PASS
CAT-CKD	rs13191786	6	28277671	PASS
CAT-CKD	rs34950484	6	28278688	PASS
CAT-CKD	rs35072899	6	28281541	PASS
CAT-CKD	rs34661125	6	28281894	PASS
CAT-CKD	rs13190888	6	28285985	PASS
CAT-CKD	rs56075693	6	28290328	PASS
CAT-CKD	rs34218844	6	28290647	PASS
CAT-CKD	rs7752448	6	28301099	PASS
CAT-CKD	rs67340775	6	28304384	PASS
CAT-CKD	rs35030260	6	28305508	PASS
CAT-CKD	rs13217619	6	28306671	PASS
CAT-CKD	rs35016036	6	28314880	PASS
CAT-CKD	rs35744819	6	28318331	PASS
CAT-CKD	rs13198809	6	28323702	PASS
CAT-CKD	rs35353359	6	28324378	PASS
CAT-CKD	rs13214023	6	28332141	PASS
CAT-CKD	rs35017208	6	28345282	PASS
CAT-CKD	rs13213152	6	28349698	PASS
CAT-CKD	rs36092177	6	28357807	PASS
CAT-CKD	rs2232429	6	28359632	PASS
CAT-CKD	rs34546986	6	28362309	PASS
CAT-CKD	rs34871267	6	28364232	PASS
CAT-CKD	rs2232423	6	28366151	PASS
CAT-CKD	rs13201681	6	28394680	PASS
CAT-CKD	rs55690788	6	28436145	PASS
CAT-CKD	rs34676049	6	28453618	PASS
CAT-CKD	rs13191038	6	28482917	PASS
CAT-CKD	rs34724414	6	28619353	PASS
CAT-CKD	rs13194504	6	28630691	PASS
CAT-CKD	rs35044849	6	28667669	PASS
CAT-CKD	rs1233579	6	28712663	PASS
CAT-CKD	rs1233619	6	28745452	PASS
CAT-CKD	rs1233620	6	28746171	PASS
CAT-CKD	rs1311917	6	28751041	PASS
CAT-CKD	rs1311918	6	28753646	PASS
CAT-CKD	rs7767099	6	28768698	PASS
CAT-CKD	rs4324798	6	28776117	PASS
CAT-CKD	rs3777891	6	134211282	PASS
CAT-CKD	rs9402548	6	134230701	PASS
CAT-CKD	rs9399080	6	134232194	PASS
CAT-CKD	rs3131093	6	28837437	PASS
CAT-CKD	rs3130837	6	28948092	PASS
CAT-CKD	rs3130893	6	28980707	PASS
CAT-CKD	rs1235162	6	29537224	PASS
CAT-CKD	rs3117073	6	29544825	PASS
CAT-CKD	rs1233396	6	29546799	PASS
CAT-CKD	rs926552	6	29548089	PASS
CAT-CKD	rs2023497	6	29551333	PASS
CAT-CKD	rs1233385	6	29559238	PASS
CAT-CKD	rs3095274	6	29560480	PASS
CAT-CKD	rs3095273	6	29566369	PASS
CAT-CKD	rs3131856	6	29607101	PASS
CAT-CKD	rs9258375	6	29752808	PASS
CAT-CKD	rs1611637	6	29836741	PASS
CAT-CKD	rs1611657	6	29842444	PASS
CAT-CKD	rs8321	6	30032522	PASS
CAT-CKD	rs9261290	6	30038647	PASS
CAT-CKD	rs2023473	6	30075613	PASS
CAT-CKD	rs2523978	6	30083708	PASS
CAT-CKD	rs2844789	6	30112795	PASS
CAT-CKD	rs1573296	6	30127805	PASS
CAT-CKD	rs2157678	6	30128949	PASS
CAT-CKD	rs2523729	6	30137387	PASS
CAT-CKD	rs11158	6	30152467	PASS
CAT-CKD	rs2106072	6	30153363	PASS
CAT-CKD	rs2517617	6	30161536	PASS
CAT-CKD	rs2517609	6	30170287	PASS
CAT-CKD	rs2523712	6	30173538	PASS
CAT-CKD	rs2844777	6	30206014	PASS
CAT-CKD	rs3129830	6	30248711	PASS
CAT-CKD	rs3094069	6	30251391	PASS
CAT-CKD	rs3130380	6	30279130	PASS
CAT-CKD	rs3094064	6	30296253	PASS
CAT-CKD	rs3094067	6	30299245	PASS
CAT-CKD	rs3130355	6	30318327	PASS
CAT-CKD	rs3132649	6	30321057	PASS
CAT-CKD	rs3094061	6	30321189	PASS
CAT-CKD	rs3130374	6	30321336	PASS
CAT-CKD	rs3094627	6	30321482	PASS
CAT-CKD	rs3130375	6	30321732	PASS
CAT-CKD	rs3130376	6	30323109	PASS
CAT-CKD	rs3094060	6	30323110	PASS
CAT-CKD	rs3130377	6	30323393	PASS
CAT-CKD	rs3094059	6	30327194	PASS
CAT-CKD	rs3094058	6	30327196	PASS
CAT-CKD	rs3130350	6	30327839	PASS
CAT-CKD	rs3094622	6	30327952	PASS
CAT-CKD	rs3130351	6	30328192	PASS
CAT-CKD	rs3130352	6	30328357	PASS
CAT-CKD	rs3094621	6	30328753	PASS
CAT-CKD	rs3094057	6	30329966	PASS
CAT-CKD	rs3094056	6	30330071	PASS
CAT-CKD	rs3132647	6	30330737	PASS
CAT-CKD	rs3129809	6	30335621	PASS
CAT-CKD	rs3130356	6	30336663	PASS
CAT-CKD	rs3129810	6	30337141	PASS
CAT-CKD	rs3129812	6	30337974	PASS
CAT-CKD	rs3129815	6	30340528	PASS
CAT-CKD	rs3130363	6	30340827	PASS
CAT-CKD	rs3130365	6	30341390	PASS
CAT-CKD	rs3129817	6	30342753	PASS
CAT-CKD	rs3129818	6	30342966	PASS
CAT-CKD	rs3132634	6	30343272	PASS
CAT-CKD	rs3129820	6	30343569	PASS
CAT-CKD	rs3129821	6	30344038	PASS
CAT-CKD	rs3132631	6	30344645	PASS
CAT-CKD	rs3132630	6	30345118	PASS
CAT-CKD	rs3130370	6	30345294	PASS
CAT-CKD	rs3130372	6	30346009	PASS
CAT-CKD	rs3129822	6	30346208	PASS
CAT-CKD	rs3129823	6	30347186	PASS
CAT-CKD	rs3132625	6	30347720	PASS
CAT-CKD	rs3094712	6	30351348	PASS
CAT-CKD	rs3094032	6	30351547	PASS
CAT-CKD	rs3094031	6	30351844	PASS
CAT-CKD	rs3130123	6	30352647	PASS
CAT-CKD	rs3130125	6	30352875	PASS
CAT-CKD	rs3094030	6	30353426	PASS
CAT-CKD	rs3130126	6	30353739	PASS
CAT-CKD	rs3094053	6	30355184	PASS
CAT-CKD	rs3094704	6	30357294	PASS
CAT-CKD	rs3094050	6	30358591	PASS
CAT-CKD	rs3094703	6	30358957	PASS
CAT-CKD	rs3094049	6	30359360	PASS
CAT-CKD	rs3094035	6	30363136	PASS
CAT-CKD	rs3130116	6	30365448	PASS
CAT-CKD	rs3132619	6	30374211	PASS
CAT-CKD	rs3132617	6	30378408	PASS
CAT-CKD	rs3131111	6	30381596	PASS
CAT-CKD	rs3130129	6	30395196	PASS
CAT-CKD	rs3132645	6	30409249	PASS
CAT-CKD	rs3130141	6	30432177	PASS
CAT-CKD	rs3132615	6	30441303	PASS
CAT-CKD	rs3131112	6	30447674	PASS
CAT-CKD	rs3094024	6	30495860	PASS
CAT-CKD	rs3130117	6	30508956	PASS
CAT-CKD	rs3130247	6	30515043	PASS
CAT-CKD	rs3132610	6	30544401	PASS
CAT-CKD	rs3095276	6	30566407	PASS
CAT-CKD	rs9262126	6	30596421	PASS
CAT-CKD	rs9262130	6	30603519	PASS
CAT-CKD	rs9262132	6	30611350	PASS
CAT-CKD	rs9262135	6	30618906	PASS
CAT-CKD	rs9262141	6	30644137	PASS
CAT-CKD	rs9262142	6	30650026	PASS
CAT-CKD	rs9262143	6	30652781	PASS
CAT-CKD	rs3132584	6	30688427	PASS
CAT-CKD	rs8233	6	30692965	PASS
CAT-CKD	rs3095330	6	30693633	PASS
CAT-CKD	rs3095329	6	30693816	PASS
CAT-CKD	rs3094128	6	30694374	PASS
CAT-CKD	rs3094127	6	30697447	PASS
CAT-CKD	rs1064627	6	30698541	PASS
CAT-CKD	rs3095327	6	30699022	PASS
CAT-CKD	rs3130658	6	30701092	PASS
CAT-CKD	rs3130661	6	30708695	PASS
CAT-CKD	rs1059612	6	30708955	PASS
CAT-CKD	rs3094125	6	30709357	PASS
CAT-CKD	rs2284173	6	30713296	PASS
CAT-CKD	rs2284174	6	30713580	PASS
CAT-CKD	rs3130662	6	30713808	PASS
CAT-CKD	rs3129972	6	30717258	PASS
CAT-CKD	rs2535324	6	30718035	PASS
CAT-CKD	rs3129973	6	30721143	PASS
CAT-CKD	rs3095332	6	30722267	PASS
CAT-CKD	rs3129974	6	30723169	PASS
CAT-CKD	rs3095328	6	30723781	PASS
CAT-CKD	rs3095326	6	30725841	PASS
CAT-CKD	rs3095340	6	30726939	PASS
CAT-CKD	rs9262174	6	30730482	PASS
CAT-CKD	rs3094118	6	30732858	PASS
CAT-CKD	rs3095336	6	30738446	PASS
CAT-CKD	rs3132605	6	30739972	PASS
CAT-CKD	rs3132604	6	30741226	PASS
CAT-CKD	rs3130668	6	30743729	PASS
CAT-CKD	rs3130669	6	30743739	PASS
CAT-CKD	rs3130670	6	30743864	PASS
CAT-CKD	rs3132603	6	30744200	PASS
CAT-CKD	rs3129978	6	30746331	PASS
CAT-CKD	rs3132600	6	30746367	PASS
CAT-CKD	rs3130673	6	30746519	PASS
CAT-CKD	rs3131041	6	30755067	PASS
CAT-CKD	rs3131044	6	30758664	PASS
CAT-CKD	rs3129981	6	30758857	PASS
CAT-CKD	rs3131047	6	30759335	PASS
CAT-CKD	rs3131048	6	30759426	PASS
CAT-CKD	rs3131049	6	30759489	PASS
CAT-CKD	rs3131050	6	30760025	PASS
CAT-CKD	rs3129982	6	30760190	PASS
CAT-CKD	rs3129983	6	30760276	PASS
CAT-CKD	rs9262200	6	30760725	PASS
CAT-CKD	rs9262202	6	30760907	PASS
CAT-CKD	rs9262203	6	30760968	PASS
CAT-CKD	rs9262204	6	30761089	PASS
CAT-CKD	rs3131054	6	30761132	PASS
CAT-CKD	rs3131055	6	30761487	PASS
CAT-CKD	rs3129984	6	30761572	PASS
CAT-CKD	rs3131058	6	30762238	PASS
CAT-CKD	rs3129985	6	30762542	PASS
CAT-CKD	rs3131060	6	30763291	PASS
CAT-CKD	rs3129986	6	30763562	PASS
CAT-CKD	rs3131064	6	30763893	PASS
CAT-CKD	rs3130641	6	30764081	PASS
CAT-CKD	rs1264377	6	30764907	PASS
CAT-CKD	rs1264376	6	30765579	PASS
CAT-CKD	rs1264373	6	30769273	PASS
CAT-CKD	rs1264361	6	30777498	PASS
CAT-CKD	rs2524266	6	30780568	PASS
CAT-CKD	rs886425	6	30781301	PASS
CAT-CKD	rs886424	6	30782002	PASS
CAT-CKD	rs1264356	6	30784068	PASS
CAT-CKD	rs1264353	6	30787762	PASS
CAT-CKD	rs1264350	6	30796545	PASS
CAT-CKD	rs1264349	6	30796659	PASS
CAT-CKD	rs1264347	6	30798697	PASS
CAT-CKD	rs1264341	6	30802465	PASS
CAT-CKD	rs1110482	6	30803526	PASS
CAT-CKD	rs2535334	6	30812996	PASS
CAT-CKD	rs2535332	6	30813249	PASS
CAT-CKD	rs2263298	6	30820373	PASS
CAT-CKD	rs2844661	6	30821522	PASS
CAT-CKD	rs2535328	6	30825994	PASS
CAT-CKD	rs3132577	6	30831195	PASS
CAT-CKD	rs2844656	6	30834331	PASS
CAT-CKD	rs2535340	6	30838497	PASS
CAT-CKD	rs2517572	6	30842629	PASS
CAT-CKD	rs1264326	6	30851909	PASS
CAT-CKD	rs1264325	6	30851989	PASS
CAT-CKD	rs1264324	6	30855211	PASS
CAT-CKD	rs1264322	6	30857894	PASS
CAT-CKD	rs886422	6	30864279	PASS
CAT-CKD	rs1049633	6	30867527	PASS
CAT-CKD	rs1264313	6	30872783	PASS
CAT-CKD	rs1264312	6	30872982	PASS
CAT-CKD	rs1264310	6	30873605	PASS
CAT-CKD	rs886420	6	30879636	PASS
CAT-CKD	rs1264308	6	30879987	PASS
CAT-CKD	rs1264304	6	30882415	PASS
CAT-CKD	rs3095153	6	30899195	PASS
CAT-CKD	rs3095152	6	30899650	PASS
CAT-CKD	rs3131921	6	30907335	PASS
CAT-CKD	rs3132581	6	30913458	PASS
CAT-CKD	rs3132580	6	30920124	PASS
CAT-CKD	rs3131934	6	30931844	PASS
CAT-CKD	rs3131783	6	30932068	PASS
CAT-CKD	rs2532923	6	30933076	PASS
CAT-CKD	rs3095089	6	30933794	PASS
CAT-CKD	rs3131781	6	30937732	PASS
CAT-CKD	rs3132579	6	30940989	PASS
CAT-CKD	rs1634714	6	30951561	PASS
CAT-CKD	rs1632864	6	30962469	PASS
CAT-CKD	rs1634716	6	30969754	PASS
CAT-CKD	rs1632855	6	30971769	PASS
CAT-CKD	rs1634721	6	30977680	PASS
CAT-CKD	rs1634726	6	30985828	PASS
CAT-CKD	rs1628680	6	30988825	PASS
CAT-CKD	rs2517546	6	31009055	PASS
CAT-CKD	rs3130574	6	31016550	PASS
CAT-CKD	rs3131920	6	31018908	PASS
CAT-CKD	rs2844642	6	31019806	PASS
CAT-CKD	rs3131788	6	31024796	PASS
CAT-CKD	rs3094671	6	31044463	PASS
CAT-CKD	rs3095311	6	31051675	PASS
CAT-CKD	rs3130544	6	31058340	PASS
CAT-CKD	rs2535296	6	31060219	PASS
CAT-CKD	rs3094087	6	31061561	PASS
CAT-CKD	rs3130968	6	31065071	PASS
CAT-CKD	rs2233980	6	31079644	PASS
CAT-CKD	rs2233956	6	31081205	PASS
CAT-CKD	rs3094222	6	31081434	PASS
CAT-CKD	rs3130985	6	31085356	PASS
CAT-CKD	rs3130557	6	31094703	PASS
CAT-CKD	rs3132541	6	31098734	PASS
CAT-CKD	rs3130562	6	31100974	PASS
CAT-CKD	rs3132566	6	31102790	PASS
CAT-CKD	rs3131010	6	31105147	PASS
CAT-CKD	rs7750641	6	31129310	PASS
CAT-CKD	rs3132514	6	31142758	PASS
CAT-CKD	rs3132510	6	31172151	PASS
CAT-CKD	rs3130954	6	31172937	PASS
CAT-CKD	rs1619179	6	31175946	PASS
CAT-CKD	rs1639108	6	31196554	PASS
CAT-CKD	rs1793894	6	31196862	PASS
CAT-CKD	rs3132498	6	31208027	PASS
CAT-CKD	rs3134767	6	31209860	PASS
CAT-CKD	rs3130689	6	31210601	PASS
CAT-CKD	rs3130409	6	31213811	PASS
CAT-CKD	rs3095245	6	31213902	PASS
CAT-CKD	rs2394902	6	31214557	PASS
CAT-CKD	rs3134755	6	31216300	PASS
CAT-CKD	rs3134754	6	31216329	PASS
CAT-CKD	rs3130417	6	31216940	PASS
CAT-CKD	rs3130429	6	31219133	PASS
CAT-CKD	rs3130432	6	31219357	PASS
CAT-CKD	rs3134749	6	31219469	PASS
CAT-CKD	rs2524119	6	31229404	PASS
CAT-CKD	rs2524084	6	31241639	PASS
CAT-CKD	rs7748141	6	31288877	PASS
CAT-CKD	rs9265645	6	31300197	PASS
CAT-CKD	rs4947307	6	31302265	PASS
CAT-CKD	rs1631951	6	31305641	PASS
CAT-CKD	rs1625792	6	31306420	PASS
CAT-CKD	rs402175	6	31308717	PASS
CAT-CKD	rs1634776	6	31308988	PASS
CAT-CKD	rs2394976	6	31311912	PASS
CAT-CKD	rs2256747	6	31311950	PASS
CAT-CKD	rs2256750	6	31312020	PASS
CAT-CKD	rs2844589	6	31312259	PASS
CAT-CKD	rs3134792	6	31312326	PASS
CAT-CKD	rs2854010	6	31312492	PASS
CAT-CKD	rs2394978	6	31312656	PASS
CAT-CKD	rs2394980	6	31312941	PASS
CAT-CKD	rs9265908	6	31313677	PASS
CAT-CKD	rs2507998	6	31314652	PASS
CAT-CKD	rs9265937	6	31314938	PASS
CAT-CKD	rs9265938	6	31315005	PASS
CAT-CKD	rs9265939	6	31315027	PASS
CAT-CKD	rs9265948	6	31315193	PASS
CAT-CKD	rs9265949	6	31315229	PASS
CAT-CKD	rs9265964	6	31315618	PASS
CAT-CKD	rs9265969	6	31315706	PASS
CAT-CKD	rs9265971	6	31315792	PASS
CAT-CKD	rs9265973	6	31315861	PASS
CAT-CKD	rs9265974	6	31315879	PASS
CAT-CKD	rs9265976	6	31315933	PASS
CAT-CKD	rs9265979	6	31316044	PASS
CAT-CKD	rs9265982	6	31316080	PASS
CAT-CKD	rs9265985	6	31316234	PASS
CAT-CKD	rs9265994	6	31316526	PASS
CAT-CKD	rs9265998	6	31316613	PASS
CAT-CKD	rs9266001	6	31316695	PASS
CAT-CKD	rs2923008	6	31316911	PASS
CAT-CKD	rs3016017	6	31317063	PASS
CAT-CKD	rs2923007	6	31317065	PASS
CAT-CKD	rs2596510	6	31318308	PASS
CAT-CKD	rs2596508	6	31318432	PASS
CAT-CKD	rs2442722	6	31320241	PASS
CAT-CKD	rs2596500	6	31321267	PASS
CAT-CKD	rs2523593	6	31326703	PASS
CAT-CKD	rs2249935	6	31327178	PASS
CAT-CKD	rs1811197	6	31327660	PASS
CAT-CKD	rs2523584	6	31327890	PASS
CAT-CKD	rs2596545	6	31329374	PASS
CAT-CKD	rs2596547	6	31329642	PASS
CAT-CKD	rs2523546	6	31332920	PASS
CAT-CKD	rs2844577	6	31334422	PASS
CAT-CKD	rs2596430	6	31335431	PASS
CAT-CKD	rs2922994	6	31335901	PASS
CAT-CKD	rs2853986	6	31338844	PASS
CAT-CKD	rs2523524	6	31339996	PASS
CAT-CKD	rs2844559	6	31340075	PASS
CAT-CKD	rs2905719	6	31344390	PASS
CAT-CKD	rs2442735	6	31346653	PASS
CAT-CKD	rs4713460	6	31347798	PASS
CAT-CKD	rs4713462	6	31347816	PASS
CAT-CKD	rs2596570	6	31348040	PASS
CAT-CKD	rs9266669	6	31348077	PASS
CAT-CKD	rs4143333	6	31348519	PASS
CAT-CKD	rs2844531	6	31353171	PASS
CAT-CKD	rs2596565	6	31353329	PASS
CAT-CKD	rs2596560	6	31355318	PASS
CAT-CKD	rs2523466	6	31363026	PASS
CAT-CKD	rs28436034	6	31377975	PASS
CAT-CKD	rs2523495	6	31377978	PASS
CAT-CKD	rs9266806	6	31378022	PASS
CAT-CKD	rs3132472	6	31386131	PASS
CAT-CKD	rs3093958	6	31410521	PASS
CAT-CKD	rs9267091	6	31413809	PASS
CAT-CKD	rs9267092	6	31414241	PASS
CAT-CKD	rs3093956	6	31426967	PASS
CAT-CKD	rs3130477	6	31428920	PASS
CAT-CKD	rs3132089	6	31430010	PASS
CAT-CKD	rs3099839	6	31430065	PASS
CAT-CKD	rs3132090	6	31430752	PASS
CAT-CKD	rs3130907	6	31431813	PASS
CAT-CKD	rs3128986	6	31433693	PASS
CAT-CKD	rs3094013	6	31434366	PASS
CAT-CKD	rs3131618	6	31434621	PASS
CAT-CKD	rs3131643	6	31442782	PASS
CAT-CKD	rs3099843	6	31448564	PASS
CAT-CKD	rs3099844	6	31448976	PASS
CAT-CKD	rs3130908	6	31449552	PASS
CAT-CKD	rs3130909	6	31449710	PASS
CAT-CKD	rs3131642	6	31450637	PASS
CAT-CKD	rs3132470	6	31451370	PASS
CAT-CKD	rs3094011	6	31451836	PASS
CAT-CKD	rs3094010	6	31451848	PASS
CAT-CKD	rs3130923	6	31462135	PASS
CAT-CKD	rs2516412	6	31462321	PASS
CAT-CKD	rs2534684	6	31462672	PASS
CAT-CKD	rs2516499	6	31463325	PASS
CAT-CKD	rs2516408	6	31463491	PASS
CAT-CKD	rs2534680	6	31463577	PASS
CAT-CKD	rs2534679	6	31463790	PASS
CAT-CKD	rs2534675	6	31464798	PASS
CAT-CKD	rs3094005	6	31465047	PASS
CAT-CKD	rs2855817	6	31466885	PASS
CAT-CKD	rs2855802	6	31467111	PASS
CAT-CKD	rs2855803	6	31467170	PASS
CAT-CKD	rs2855804	6	31467365	PASS
CAT-CKD	rs2855808	6	31469668	PASS
CAT-CKD	rs3095233	6	31469774	PASS
CAT-CKD	rs3095232	6	31470148	PASS
CAT-CKD	rs2516427	6	31471454	PASS
CAT-CKD	rs1065075	6	31473561	PASS
CAT-CKD	rs3130616	6	31473746	PASS
CAT-CKD	rs1051788	6	31474000	PASS
CAT-CKD	rs3130615	6	31475413	PASS
CAT-CKD	rs3132468	6	31475486	PASS
CAT-CKD	rs3093952	6	31475764	PASS
CAT-CKD	rs28729827	6	31475811	PASS
CAT-CKD	rs3131636	6	31476094	PASS
CAT-CKD	rs3131635	6	31476134	PASS
CAT-CKD	rs62395355	6	31476297	PASS
CAT-CKD	rs3132466	6	31476339	PASS
CAT-CKD	rs3134893	6	31476514	PASS
CAT-CKD	rs3131634	6	31477189	PASS
CAT-CKD	rs1065076	6	31477681	PASS
CAT-CKD	rs2246618	6	31478986	PASS
CAT-CKD	rs3132462	6	31480578	PASS
CAT-CKD	rs3132460	6	31480671	PASS
CAT-CKD	rs3132459	6	31481092	PASS
CAT-CKD	rs2516400	6	31481105	PASS
CAT-CKD	rs3130612	6	31482097	PASS
CAT-CKD	rs3131632	6	31483752	PASS
CAT-CKD	rs3094000	6	31484054	PASS
CAT-CKD	rs2395045	6	31484517	PASS
CAT-CKD	rs3132457	6	31484561	PASS
CAT-CKD	rs3868087	6	31484892	PASS
CAT-CKD	rs3131630	6	31485354	PASS
CAT-CKD	rs3093997	6	31487580	PASS
CAT-CKD	rs3093989	6	31492295	PASS
CAT-CKD	rs3093988	6	31492453	PASS
CAT-CKD	rs2516482	6	31496569	PASS
CAT-CKD	rs1055384	6	31501558	PASS
CAT-CKD	rs2734583	6	31505480	PASS
CAT-CKD	rs9267485	6	31505790	PASS
CAT-CKD	rs3093975	6	31506138	PASS
CAT-CKD	rs9267488	6	31514247	PASS
CAT-CKD	rs2071591	6	31515799	PASS
CAT-CKD	rs3131641	6	31532564	PASS
CAT-CKD	rs1800628	6	31546850	PASS
CAT-CKD	rs3130063	6	31558702	PASS
CAT-CKD	rs3130621	6	31587083	PASS
CAT-CKD	rs3130070	6	31591808	PASS
CAT-CKD	rs3115664	6	31592636	PASS
CAT-CKD	rs3132450	6	31596138	PASS
CAT-CKD	rs3130623	6	31597700	PASS
CAT-CKD	rs3130624	6	31597875	PASS
CAT-CKD	rs3130626	6	31598489	PASS
CAT-CKD	rs2736157	6	31600820	PASS
CAT-CKD	rs3130627	6	31600851	PASS
CAT-CKD	rs3115663	6	31601843	PASS
CAT-CKD	rs11229	6	31603770	PASS
CAT-CKD	rs10885	6	31604591	PASS
CAT-CKD	rs3130628	6	31609272	PASS
CAT-CKD	rs3130047	6	31610479	PASS
CAT-CKD	rs3130048	6	31613739	PASS
CAT-CKD	rs3117583	6	31619576	PASS
CAT-CKD	rs3117582	6	31620520	PASS
CAT-CKD	rs3117581	6	31624864	PASS
CAT-CKD	rs3132449	6	31626013	PASS
CAT-CKD	rs3117580	6	31630968	PASS
CAT-CKD	rs3130618	6	31632134	PASS
CAT-CKD	rs3117579	6	31633496	PASS
CAT-CKD	rs9267531	6	31636742	PASS
CAT-CKD	rs9267539	6	31666424	PASS
CAT-CKD	rs9267544	6	31671557	PASS
CAT-CKD	rs9267549	6	31677391	PASS
CAT-CKD	rs3131383	6	31704294	PASS
CAT-CKD	rs3101018	6	31705864	PASS
CAT-CKD	rs3131381	6	31708463	PASS
CAT-CKD	rs3131380	6	31709778	PASS
CAT-CKD	rs3132445	6	31712196	PASS
CAT-CKD	rs3132443	6	31714031	PASS
CAT-CKD	rs3130484	6	31715882	PASS
CAT-CKD	rs3131379	6	31721033	PASS
CAT-CKD	rs3117574	6	31725230	PASS
CAT-CKD	rs3131378	6	31725285	PASS
CAT-CKD	rs3117575	6	31726253	PASS
CAT-CKD	rs3117576	6	31726794	PASS
CAT-CKD	rs3117577	6	31727474	PASS
CAT-CKD	rs3115672	6	31727897	PASS
CAT-CKD	rs3101017	6	31733466	PASS
CAT-CKD	rs3115671	6	31734345	PASS
CAT-CKD	rs3130490	6	31739120	PASS
CAT-CKD	rs3130491	6	31745464	PASS
CAT-CKD	rs915652	6	31749142	PASS
CAT-CKD	rs915651	6	31749184	PASS
CAT-CKD	rs2607014	6	31761213	PASS
CAT-CKD	rs2736425	6	31765984	PASS
CAT-CKD	rs2763980	6	31766660	PASS
CAT-CKD	rs681331	6	31768799	PASS
CAT-CKD	rs625421	6	31772093	PASS
CAT-CKD	rs553414	6	31777192	PASS
CAT-CKD	rs1265947	6	31787167	PASS
CAT-CKD	rs3115674	6	31799076	PASS
CAT-CKD	rs3130476	6	31802101	PASS
CAT-CKD	rs3130478	6	31805913	PASS
CAT-CKD	rs3130679	6	31807540	PASS
CAT-CKD	rs599707	6	31808436	PASS
CAT-CKD	rs9267574	6	31810612	PASS
CAT-CKD	rs9267578	6	31818108	PASS
CAT-CKD	rs515688	6	31832038	PASS
CAT-CKD	rs501942	6	31840477	PASS
CAT-CKD	rs652888	6	31851234	PASS
CAT-CKD	rs558702	6	31870326	PASS
CAT-CKD	rs519417	6	31878433	PASS
CAT-CKD	rs532086	6	31881309	PASS
CAT-CKD	rs497309	6	31892484	PASS
CAT-CKD	rs1265905	6	31909941	PASS
CAT-CKD	rs1270942	6	31918860	PASS
CAT-CKD	rs429608	6	31930462	PASS
CAT-CKD	rs389884	6	31940897	PASS
CAT-CKD	rs433061	6	32014828	PASS
CAT-CKD	rs1150757	6	32029205	PASS
CAT-CKD	rs1150756	6	32035694	PASS
CAT-CKD	rs1150753	6	32059867	PASS
CAT-CKD	rs1150752	6	32064726	PASS
CAT-CKD	rs3134962	6	32107851	PASS
CAT-CKD	rs1053924	6	32120715	PASS
CAT-CKD	rs3130349	6	32147696	PASS
CAT-CKD	rs1062070	6	32148031	PASS
CAT-CKD	rs3131300	6	32151934	PASS
CAT-CKD	rs1800625	6	32152442	PASS
CAT-CKD	rs169504	6	32153406	PASS
CAT-CKD	rs2071278	6	32165444	PASS
CAT-CKD	rs3134942	6	32168771	PASS
CAT-CKD	rs2071287	6	32170433	PASS
CAT-CKD	rs2071277	6	32171683	PASS
CAT-CKD	rs3131296	6	32172993	PASS
CAT-CKD	rs3131295	6	32173257	PASS
CAT-CKD	rs3132942	6	32176512	PASS
CAT-CKD	rs3130294	6	32178773	PASS
CAT-CKD	rs3132956	6	32179438	PASS
CAT-CKD	rs8192589	6	32187637	PASS
CAT-CKD	rs3134796	6	32189921	PASS
CAT-CKD	rs3130295	6	32193219	PASS
CAT-CKD	rs3130297	6	32198981	PASS
CAT-CKD	rs377763	6	32199144	PASS
CAT-CKD	rs3134925	6	32204657	PASS
CAT-CKD	rs3134924	6	32204684	PASS
CAT-CKD	rs3130303	6	32205867	PASS
CAT-CKD	rs6901158	6	32205942	PASS
CAT-CKD	rs3134937	6	32206539	PASS
CAT-CKD	rs3130304	6	32207181	PASS
CAT-CKD	rs416352	6	32207393	PASS
CAT-CKD	rs393481	6	32207959	PASS
CAT-CKD	rs424232	6	32208324	PASS
CAT-CKD	rs394038	6	32208698	PASS
CAT-CKD	rs507778	6	32209861	PASS
CAT-CKD	rs412657	6	32211085	PASS
CAT-CKD	rs9268026	6	32226481	PASS
CAT-CKD	rs3132971	6	32230256	PASS
CAT-CKD	rs9268123	6	32252132	PASS
CAT-CKD	rs9268144	6	32257199	PASS
CAT-CKD	rs9268145	6	32257284	PASS
CAT-CKD	rs7775397	6	32261252	PASS
CAT-CKD	rs9268152	6	32263663	PASS
CAT-CKD	rs9268158	6	32269457	PASS
CAT-CKD	rs522254	6	32273060	PASS
CAT-CKD	rs9268177	6	32274882	PASS
CAT-CKD	rs9268178	6	32275621	PASS
CAT-CKD	rs9268208	6	32280591	PASS
CAT-CKD	rs6910071	6	32282854	PASS
CAT-CKD	rs9268219	6	32284108	PASS
CAT-CKD	rs116667074	6	32285362	PASS
CAT-CKD	rs7751715	6	32288952	PASS
CAT-CKD	rs9268235	6	32290208	PASS
CAT-CKD	rs4392743	6	32295652	PASS
CAT-CKD	rs1265757	6	32302382	PASS
CAT-CKD	rs28361060	6	32303848	PASS
CAT-CKD	rs926593	6	32305544	PASS
CAT-CKD	rs2849018	6	32310863	PASS
CAT-CKD	rs910051	6	32315511	PASS
CAT-CKD	rs2395149	6	32325562	PASS
CAT-CKD	rs9268362	6	32333341	PASS
CAT-CKD	rs2073044	6	32338986	PASS
CAT-CKD	rs2076536	6	32339348	PASS
CAT-CKD	rs3117110	6	32340176	PASS
CAT-CKD	rs9268400	6	32340654	PASS
CAT-CKD	rs3117109	6	32340871	PASS
CAT-CKD	rs9268401	6	32341318	PASS
CAT-CKD	rs9268403	6	32341473	PASS
CAT-CKD	rs9268404	6	32341719	PASS
CAT-CKD	rs9268405	6	32342087	PASS
CAT-CKD	rs9268406	6	32342129	PASS
CAT-CKD	rs9268407	6	32342166	PASS
CAT-CKD	rs3129945	6	32342537	PASS
CAT-CKD	rs9268409	6	32342639	PASS
CAT-CKD	rs9268413	6	32343095	PASS
CAT-CKD	rs9268414	6	32343096	PASS
CAT-CKD	rs2894251	6	32343236	PASS
CAT-CKD	rs2395151	6	32343339	PASS
CAT-CKD	rs3117106	6	32343369	PASS
CAT-CKD	rs9268416	6	32343384	PASS
CAT-CKD	rs9268417	6	32343616	PASS
CAT-CKD	rs9268418	6	32343686	PASS
CAT-CKD	rs9268420	6	32343796	PASS
CAT-CKD	rs9268421	6	32343869	PASS
CAT-CKD	rs9268422	6	32343873	PASS
CAT-CKD	rs9268423	6	32343882	PASS
CAT-CKD	rs9268424	6	32343985	PASS
CAT-CKD	rs9268425	6	32344376	PASS
CAT-CKD	rs9268426	6	32344731	PASS
CAT-CKD	rs9268427	6	32344808	PASS
CAT-CKD	rs9268428	6	32344973	PASS
CAT-CKD	rs9268429	6	32345052	PASS
CAT-CKD	rs9268431	6	32345514	PASS
CAT-CKD	rs9268432	6	32345667	PASS
CAT-CKD	rs2894254	6	32345689	PASS
CAT-CKD	rs9268433	6	32345891	PASS
CAT-CKD	rs9268436	6	32346637	PASS
CAT-CKD	rs9268439	6	32346701	PASS
CAT-CKD	rs1980495	6	32346794	PASS
CAT-CKD	rs8180659	6	32347280	PASS
CAT-CKD	rs8180664	6	32347490	PASS
CAT-CKD	rs8180673	6	32347532	PASS
CAT-CKD	rs8180672	6	32347533	PASS
CAT-CKD	rs9268446	6	32347749	PASS
CAT-CKD	rs9268447	6	32347831	PASS
CAT-CKD	rs2395155	6	32347897	PASS
CAT-CKD	rs2395156	6	32348098	PASS
CAT-CKD	rs2395157	6	32348145	PASS
CAT-CKD	rs9268449	6	32348467	PASS
CAT-CKD	rs9268450	6	32348690	PASS
CAT-CKD	rs9268451	6	32349086	PASS
CAT-CKD	rs9268452	6	32349494	PASS
CAT-CKD	rs9268453	6	32349571	PASS
CAT-CKD	rs9268454	6	32349711	PASS
CAT-CKD	rs9268455	6	32349772	PASS
CAT-CKD	rs9268456	6	32349946	PASS
CAT-CKD	rs9268457	6	32350036	PASS
CAT-CKD	rs9268458	6	32350384	PASS
CAT-CKD	rs9268459	6	32350776	PASS
CAT-CKD	rs9268461	6	32351901	PASS
CAT-CKD	rs9268462	6	32351991	PASS
CAT-CKD	rs9268474	6	32357165	PASS
CAT-CKD	rs9268475	6	32358231	PASS
CAT-CKD	rs3117099	6	32358270	PASS
CAT-CKD	rs3117097	6	32358689	PASS
CAT-CKD	rs9268477	6	32359121	PASS
CAT-CKD	rs3129953	6	32361821	PASS
CAT-CKD	rs1980493	6	32363215	PASS
CAT-CKD	rs9268480	6	32363844	PASS
CAT-CKD	rs9268481	6	32364356	PASS
CAT-CKD	rs2294880	6	32367722	PASS
CAT-CKD	rs3817966	6	32367847	PASS
CAT-CKD	rs3817963	6	32368087	PASS
CAT-CKD	rs3817962	6	32368314	PASS
CAT-CKD	rs3129956	6	32368462	PASS
CAT-CKD	rs2076525	6	32370616	PASS
CAT-CKD	rs2076524	6	32370684	PASS
CAT-CKD	rs2076523	6	32370835	PASS
CAT-CKD	rs2076520	6	32371269	PASS
CAT-CKD	rs3793126	6	32371619	PASS
CAT-CKD	rs3793127	6	32371915	PASS
CAT-CKD	rs3806156	6	32373698	PASS
CAT-CKD	rs3806157	6	32373801	PASS
CAT-CKD	rs2395158	6	32374595	PASS
CAT-CKD	rs9268493	6	32375330	PASS
CAT-CKD	rs9268494	6	32375352	PASS
CAT-CKD	rs9268496	6	32375374	PASS
CAT-CKD	rs9268497	6	32375424	PASS
CAT-CKD	rs9268499	6	32375695	PASS
CAT-CKD	rs3763309	6	32375973	PASS
CAT-CKD	rs3763311	6	32376176	PASS
CAT-CKD	rs3763312	6	32376348	PASS
CAT-CKD	rs3763316	6	32376746	PASS
CAT-CKD	rs9268516	6	32379489	PASS
CAT-CKD	rs4959098	6	32383256	PASS
CAT-CKD	rs2227138	6	32384500	PASS
CAT-CKD	rs3135371	6	32386699	PASS
CAT-CKD	rs2395160	6	32387432	PASS
CAT-CKD	rs2395166	6	32388275	PASS
CAT-CKD	rs3135353	6	32392877	PASS
CAT-CKD	rs3135348	6	32394098	PASS
CAT-CKD	rs3129843	6	32395726	PASS
CAT-CKD	rs3129856	6	32399337	PASS
CAT-CKD	rs9268614	6	32402778	PASS
CAT-CKD	rs2395175	6	32405026	PASS
CAT-CKD	rs3135394	6	32408497	PASS
CAT-CKD	rs2239803	6	32411833	PASS
CAT-CKD	rs3129890	6	32414273	PASS
CAT-CKD	rs9268673	6	32414433	PASS
CAT-CKD	rs7383481	6	32414435	PASS
CAT-CKD	rs9268681	6	32415386	PASS
CAT-CKD	rs9268682	6	32415422	PASS
CAT-CKD	rs9268684	6	32415457	PASS
CAT-CKD	rs9268687	6	32415540	PASS
CAT-CKD	rs2894256	6	32415585	PASS
CAT-CKD	rs9268759	6	32417704	PASS
CAT-CKD	rs9268764	6	32418561	PASS
CAT-CKD	rs9268767	6	32419022	PASS
CAT-CKD	rs9268768	6	32419291	PASS
CAT-CKD	rs6912728	6	32419547	PASS
CAT-CKD	rs6457588	6	32419908	PASS
CAT-CKD	rs9268792	6	32421154	PASS
CAT-CKD	rs3129897	6	32421469	PASS
CAT-CKD	rs9268798	6	32421735	PASS
CAT-CKD	rs2097441	6	32422259	PASS
CAT-CKD	rs9268808	6	32424176	PASS
CAT-CKD	rs9268809	6	32424265	PASS
CAT-CKD	rs9268810	6	32424296	PASS
CAT-CKD	rs9268811	6	32424370	PASS
CAT-CKD	rs9268813	6	32424594	PASS
CAT-CKD	rs7763411	6	32424992	PASS
CAT-CKD	rs7743662	6	32425049	PASS
CAT-CKD	rs7744304	6	32425487	PASS
CAT-CKD	rs7748310	6	32425605	PASS
CAT-CKD	rs7748085	6	32425742	PASS
CAT-CKD	rs6457592	6	32425983	PASS
CAT-CKD	rs9268828	6	32426540	PASS
CAT-CKD	rs9268829	6	32426602	PASS
CAT-CKD	rs9268831	6	32427748	PASS
CAT-CKD	rs9268833	6	32428062	PASS
CAT-CKD	rs9268834	6	32428079	PASS
CAT-CKD	rs9268835	6	32428115	PASS
CAT-CKD	rs9268838	6	32428715	PASS
CAT-CKD	rs9270928	6	32572461	PASS
CAT-CKD	rs9271116	6	32576764	PASS
CAT-CKD	rs9271562	6	32590411	PASS
CAT-CKD	rs2002779	6	32601684	PASS
CAT-CKD	rs2040406	6	32603007	PASS
CAT-CKD	rs3021302	6	32623150	PASS
CAT-CKD	rs6928482	6	32626249	PASS
CAT-CKD	rs9273363	6	32626272	PASS
CAT-CKD	rs9273364	6	32626302	PASS
CAT-CKD	rs9273368	6	32626475	PASS
CAT-CKD	rs2854275	6	32628428	PASS
CAT-CKD	rs9275121	6	32650185	PASS
CAT-CKD	rs9275122	6	32650233	PASS
CAT-CKD	rs9275132	6	32650500	PASS
CAT-CKD	rs9275140	6	32651018	PASS
CAT-CKD	rs9275149	6	32651616	PASS
CAT-CKD	rs9275150	6	32651617	PASS
CAT-CKD	rs3134977	6	32651641	PASS
CAT-CKD	rs3021062	6	32651741	PASS
CAT-CKD	rs2856691	6	32653435	PASS
CAT-CKD	rs9275171	6	32653972	PASS
CAT-CKD	rs9275175	6	32654147	PASS
CAT-CKD	rs9275182	6	32654390	PASS
CAT-CKD	rs2856688	6	32654640	PASS
CAT-CKD	rs2856683	6	32655218	PASS
CAT-CKD	rs3129716	6	32657436	PASS
CAT-CKD	rs2647004	6	32659609	PASS
CAT-CKD	rs2856674	6	32659645	PASS
CAT-CKD	rs1794283	6	32666358	PASS
CAT-CKD	rs1794282	6	32666526	PASS
CAT-CKD	rs2647045	6	32668100	PASS
CAT-CKD	rs1794277	6	32668663	PASS
CAT-CKD	rs1613056	6	32668946	PASS
CAT-CKD	rs1794511	6	32671207	PASS
CAT-CKD	rs1794530	6	32671800	PASS
CAT-CKD	rs1617322	6	32673893	PASS
CAT-CKD	rs9275576	6	32679326	PASS
CAT-CKD	rs3957147	6	32682135	PASS
CAT-CKD	rs2857212	6	32740411	PASS
CAT-CKD	rs9276625	6	32743744	PASS
CAT-CKD	rs4947258	6	32747502	PASS
CAT-CKD	rs4947349	6	32747790	PASS
CAT-CKD	rs9276688	6	32751244	PASS
CAT-CKD	rs9276689	6	32751962	PASS
CAT-CKD	rs719655	6	32752333	PASS
CAT-CKD	rs9276691	6	32752844	PASS
CAT-CKD	rs7762279	6	32755290	PASS
CAT-CKD	rs9276700	6	32756653	PASS
CAT-CKD	rs9276710	6	32757102	PASS
CAT-CKD	rs9276726	6	32763888	PASS
CAT-CKD	rs6912002	6	32765268	PASS
CAT-CKD	rs1383261	6	32765451	PASS
CAT-CKD	rs9276731	6	32765585	PASS
CAT-CKD	rs6938180	6	32766014	PASS
CAT-CKD	rs6937727	6	32766020	PASS
CAT-CKD	rs9276733	6	32766026	PASS
CAT-CKD	rs6937875	6	32766041	PASS
CAT-CKD	rs7383562	6	32766345	PASS
CAT-CKD	rs7383606	6	32766593	PASS
CAT-CKD	rs9276734	6	32766854	PASS
CAT-CKD	rs7382679	6	32767170	PASS
CAT-CKD	rs7381315	6	32767251	PASS
CAT-CKD	rs7740209	6	32767432	PASS
CAT-CKD	rs7382714	6	32767496	PASS
CAT-CKD	rs4947350	6	32767620	PASS
CAT-CKD	rs6457678	6	32768378	PASS
CAT-CKD	rs7755858	6	32770111	PASS
CAT-CKD	rs6919657	6	32770443	PASS
CAT-CKD	rs6899857	6	32770482	PASS
CAT-CKD	rs9276745	6	32771411	PASS
CAT-CKD	rs9276749	6	32771964	PASS
CAT-CKD	rs9276758	6	32772975	PASS
CAT-CKD	rs9276760	6	32773102	PASS
CAT-CKD	rs7748681	6	32773858	PASS
CAT-CKD	rs6912056	6	32774274	PASS
CAT-CKD	rs6912414	6	32774465	PASS
CAT-CKD	rs6917315	6	32775001	PASS
CAT-CKD	rs9276778	6	32775312	PASS
CAT-CKD	rs7382619	6	32775809	PASS
CAT-CKD	rs7382649	6	32776087	PASS
CAT-CKD	rs9276785	6	32776292	PASS
CAT-CKD	rs1054684	6	32776921	PASS
CAT-CKD	rs6929904	6	32777319	PASS
CAT-CKD	rs7383081	6	32777540	PASS
CAT-CKD	rs7381867	6	32777556	PASS
CAT-CKD	rs9276807	6	32780156	PASS
CAT-CKD	rs11244	6	32780724	PASS
CAT-CKD	rs60045856	6	32799845	PASS
CAT-CKD	rs62397687	6	32802009	PASS
CAT-CKD	rs2982561	6	152052652	PASS
CAT-CKD	rs2982556	6	152056842	PASS
CAT-CKD	rs1679013	9	22206987	PASS
CAT-CKD	rs36059849	10	28644133	PASS
CAT-CKD	rs140335827	10	28645980	PASS
CAT-CKD	rs2807731	10	28810293	PASS
CAT-CKD	rs2790438	10	28818701	PASS
CAT-CKD	rs2790440	10	28821089	PASS
CAT-CKD	rs2807761	10	28821216	PASS
CAT-CKD	rs10758195	9	33174587	PASS
CAT-CKD	rs12364676	11	10032710	PASS
CAT-CKD	rs78169797	11	10045599	PASS
CAT-CKD	rs11042593	11	10046945	PASS
CAT-CKD	rs79371669	11	10049337	PASS
CAT-CKD	rs7938502	11	10053412	PASS
CAT-CKD	rs61877048	11	10053604	PASS
CAT-CKD	rs61877049	11	10053860	PASS
CAT-CKD	rs7928959	11	10058013	PASS
CAT-CKD	rs7938647	11	10061423	PASS
CAT-CKD	rs11042595	11	10062733	PASS
CAT-CKD	rs11042601	11	10077603	PASS
CAT-CKD	rs11042627	11	10122958	PASS
CAT-CKD	rs7931804	11	10155676	PASS
CAT-CKD	rs12362938	11	10156462	PASS
CAT-CKD	rs7123453	11	10163008	PASS
CAT-CKD	rs7938491	11	10171392	PASS
CAT-CKD	rs113469689	11	10177581	PASS
CAT-CKD	rs56853694	11	10181127	PASS
CAT-CKD	rs1822292	11	10244678	PASS
CAT-CKD	rs35380986	11	10255112	PASS
CAT-CKD	rs35269701	11	10255114	PASS
CAT-CKD	rs4745237	9	71369556	PASS
CAT-CKD	rs11143636	9	71375680	PASS
CAT-CKD	rs952589	9	71385500	PASS
CAT-CKD	rs8114	9	71396239	PASS
CAT-CKD	rs7864097	9	71401142	PASS
CAT-CKD	rs7033278	9	71417662	PASS
CAT-CKD	rs10511963	9	71421359	PASS
CAT-CKD	rs7856247	9	71426664	PASS
CAT-CKD	rs4745295	9	71433938	PASS
CAT-CKD	rs10869360	9	71437254	PASS
CAT-CKD	rs10869365	9	71439349	PASS
CAT-CKD	rs7031640	9	71442759	PASS
CAT-CKD	rs10869396	9	71450960	PASS
CAT-CKD	rs10781227	9	71455680	PASS
CAT-CKD	rs7857352	9	71460400	PASS
CAT-CKD	rs7874714	9	71460428	PASS
CAT-CKD	rs10869403	9	71461815	PASS
CAT-CKD	rs10869407	9	71463394	PASS
CAT-CKD	rs10869419	9	71467899	PASS
CAT-CKD	rs6478243	9	119296073	PASS
CAT-CKD	rs7871810	9	119374883	PASS
CAT-CKD	rs10739470	9	119377717	PASS
CAT-CKD	rs11515492	9	119442480	PASS
CAT-CKD	rs10983308	9	119465584	PASS
CAT-CKD	rs146713622	11	68628298	PASS
CAT-CKD	rs553875	11	68695144	PASS
CAT-CKD	rs627731	11	68698663	PASS
CAT-CKD	rs674654	11	68698762	PASS
CAT-CKD	rs513476	11	68698996	PASS
CAT-CKD	rs478647	11	68700424	PASS
CAT-CKD	rs622082	11	68703959	PASS
CAT-CKD	rs546382	11	68704264	PASS
CAT-CKD	rs513615	11	68705504	PASS
CAT-CKD	rs569777	11	68706848	PASS
CAT-CKD	rs559032	11	68710847	PASS
CAT-CKD	rs516425	11	68715675	PASS
CAT-CKD	rs6591360	11	68718669	PASS
CAT-CKD	rs11603827	11	68719221	PASS
CAT-CKD	rs6591361	11	68719284	PASS
CAT-CKD	rs10896384	11	68720011	PASS
CAT-CKD	rs10896386	11	68722694	PASS
CAT-CKD	rs61882188	11	69188754	PASS
CAT-CKD	rs75334887	11	69191230	PASS
CAT-CKD	rs76777514	11	69192068	PASS
CAT-CKD	rs17136556	11	69251852	PASS
CAT-CKD	rs11263441	11	69252000	PASS
CAT-CKD	rs11263442	11	69252200	PASS
CAT-CKD	rs506516	11	69306595	PASS
CAT-CKD	rs2510460	11	69450305	PASS
CAT-CKD	rs1385874	11	69451580	PASS
CAT-CKD	rs2450255	11	69452358	PASS
CAT-CKD	rs1385875	11	69452559	PASS
CAT-CKD	rs2510461	11	69453230	PASS
CAT-CKD	rs1944129	11	69453935	PASS
CAT-CKD	rs1352075	11	69457293	PASS
CAT-CKD	rs3212870	11	69461182	PASS
CAT-CKD	rs647451	11	69461731	PASS
CAT-CKD	rs602652	11	69462642	PASS
CAT-CKD	rs2073337	10	101567426	PASS
CAT-CKD	rs2756114	10	101569483	PASS
CAT-CKD	rs7076773	10	101570993	PASS
CAT-CKD	rs3740074	10	101571528	PASS
CAT-CKD	rs3740073	10	101576960	PASS
CAT-CKD	rs4148396	10	101591944	PASS
CAT-CKD	rs4148398	10	101592622	PASS
CAT-CKD	rs3740066	10	101604207	PASS
CAT-CKD	rs12826	10	101612320	PASS
CAT-CKD	rs7067971	10	101616579	PASS
CAT-CKD	rs12413988	10	101617186	PASS
CAT-CKD	rs7894906	10	101617427	PASS
CAT-CKD	rs7898268	10	101617792	PASS
CAT-CKD	rs7091174	10	101626927	PASS
CAT-CKD	rs7076357	10	101631005	PASS
CAT-CKD	rs11598746	10	101632831	PASS
CAT-CKD	rs7088369	10	101634952	PASS
CAT-CKD	rs11190305	10	101639877	PASS
CAT-CKD	rs12769136	10	101644511	PASS
CAT-CKD	rs11594024	10	101654991	PASS
CAT-CKD	rs3740058	10	101655982	PASS
CAT-CKD	rs7919323	10	101657880	PASS
CAT-CKD	rs7342084	10	101660047	PASS
CAT-CKD	rs12770496	10	101664256	PASS
CAT-CKD	rs7080613	10	101665097	PASS
CAT-CKD	rs7910099	10	101666401	PASS
CAT-CKD	rs12570265	10	101668570	PASS
CAT-CKD	rs6584332	10	101669211	PASS
CAT-CKD	rs7089008	10	101670337	PASS
CAT-CKD	rs11190316	10	101672111	PASS
CAT-CKD	rs12768484	10	101675884	PASS
CAT-CKD	rs12780060	10	101677488	PASS
CAT-CKD	rs12772443	10	101682176	PASS
CAT-CKD	rs10883428	10	101690379	PASS
CAT-CKD	rs7100380	10	101692258	PASS
CAT-CKD	rs12777534	10	101695358	PASS
CAT-CKD	rs12766648	10	101697300	PASS
CAT-CKD	rs10883429	10	101699304	PASS
CAT-CKD	rs11190333	10	101699409	PASS
CAT-CKD	rs4919401	10	101700621	PASS
CAT-CKD	rs12250795	10	101701382	PASS
CAT-CKD	rs7076511	10	101702452	PASS
CAT-CKD	rs6584336	10	101703029	PASS
CAT-CKD	rs2902363	10	101704972	PASS
CAT-CKD	rs7073612	10	101706017	PASS
CAT-CKD	rs7074019	10	101706271	PASS
CAT-CKD	rs11190336	10	101706391	PASS
CAT-CKD	rs7903047	10	101706989	PASS
CAT-CKD	rs2862920	10	101707564	PASS
CAT-CKD	rs2862921	10	101707633	PASS
CAT-CKD	rs7083847	10	101708438	PASS
CAT-CKD	rs7906505	10	101712951	PASS
CAT-CKD	rs12412659	10	101713599	PASS
CAT-CKD	rs12415351	10	101713672	PASS
CAT-CKD	rs11593471	10	101714277	PASS
CAT-CKD	rs11190339	10	101714290	PASS
CAT-CKD	rs7914908	10	101714796	PASS
CAT-CKD	rs2862923	10	101715899	PASS
CAT-CKD	rs7896767	10	101717784	PASS
CAT-CKD	rs11596987	10	101719668	PASS
CAT-CKD	rs2804945	10	101721911	PASS
CAT-CKD	rs12769742	10	101724231	PASS
CAT-CKD	rs7909479	10	101726068	PASS
CAT-CKD	rs7913969	10	101727412	PASS
CAT-CKD	rs7903096	10	101727931	PASS
CAT-CKD	rs11190346	10	101729953	PASS
CAT-CKD	rs10883432	10	101733421	PASS
CAT-CKD	rs10883433	10	101733490	PASS
CAT-CKD	rs1962581	10	101734954	PASS
CAT-CKD	rs7078153	10	101736918	PASS
CAT-CKD	rs4919407	10	101739349	PASS
CAT-CKD	rs12778479	10	101741060	PASS
CAT-CKD	rs12771910	10	101742165	PASS
CAT-CKD	rs12778372	10	101742698	PASS
CAT-CKD	rs12777851	10	101742702	PASS
CAT-CKD	rs11592836	10	101743304	PASS
CAT-CKD	rs11190351	10	101744428	PASS
CAT-CKD	rs10786579	10	101744669	PASS
CAT-CKD	rs11596791	10	101745772	PASS
CAT-CKD	rs7897089	10	101747931	PASS
CAT-CKD	rs11190353	10	101748487	PASS
CAT-CKD	rs12770366	10	101748737	PASS
CAT-CKD	rs12772390	10	101748905	PASS
CAT-CKD	rs34415151	10	101749442	PASS
CAT-CKD	rs9664675	10	101749663	PASS
CAT-CKD	rs7906469	10	101750278	PASS
CAT-CKD	rs7083385	10	101751772	PASS
CAT-CKD	rs11596802	10	101752563	PASS
CAT-CKD	rs10159954	10	101753210	PASS
CAT-CKD	rs7916236	10	101753609	PASS
CAT-CKD	rs7900025	10	101753934	PASS
CAT-CKD	rs10128320	10	101754758	PASS
CAT-CKD	rs7068075	10	101755471	PASS
CAT-CKD	rs1986519	10	101757025	PASS
CAT-CKD	rs7917150	10	101757477	PASS
CAT-CKD	rs11596870	10	101759992	PASS
CAT-CKD	rs7902856	10	101764584	PASS
CAT-CKD	rs11190364	10	101766537	PASS
CAT-CKD	rs7088596	10	101766998	PASS
CAT-CKD	rs11594244	10	101768397	PASS
CAT-CKD	rs12267374	10	101768770	PASS
CAT-CKD	rs4917885	10	101772401	PASS
CAT-CKD	rs12783181	10	101775157	PASS
CAT-CKD	rs11591518	10	101775611	PASS
CAT-CKD	rs7090924	10	101776392	PASS
CAT-CKD	rs12772523	10	101777381	PASS
CAT-CKD	rs4295980	10	101784626	PASS
CAT-CKD	rs4589215	10	101789420	PASS
CAT-CKD	rs4919416	10	101790389	PASS
CAT-CKD	rs4919418	10	101792441	PASS
CAT-CKD	rs10883461	10	102095069	PASS
CAT-CKD	rs10883462	10	102095122	PASS
CAT-CKD	rs12261282	10	102097006	PASS
CAT-CKD	rs683854	10	102099093	PASS
CAT-CKD	rs3961637	10	102099802	PASS
CAT-CKD	rs7894688	10	102101166	PASS
CAT-CKD	rs7069475	10	102101280	PASS
CAT-CKD	rs7086846	10	102102612	PASS
CAT-CKD	rs7071241	10	102102964	PASS
CAT-CKD	rs56014906	10	102103508	PASS
CAT-CKD	rs59066955	10	102103529	PASS
CAT-CKD	rs735877	10	102104521	PASS
CAT-CKD	rs1502593	10	102109202	PASS
CAT-CKD	rs3793770	10	102116914	PASS
CAT-CKD	rs72745335	15	74177071	PASS
CAT-CKD	rs1550437	15	74221298	PASS
CAT-CKD	rs113756657	15	75903248	PASS
CAT-CKD	rs74845979	15	75912699	PASS
CAT-CKD	rs77237991	15	75912934	PASS
CAT-CKD	rs77935734	15	75913430	PASS
CAT-CKD	rs28372917	15	75917956	PASS
CAT-CKD	rs28372916	15	75918072	PASS
CAT-CKD	rs79759141	15	75924537	PASS
CAT-CKD	rs112074722	15	75924978	PASS
CAT-CKD	rs8025681	15	75928075	PASS
CAT-CKD	rs79697938	15	75930185	PASS
CAT-CKD	rs12430162	13	27038040	PASS
CAT-CKD	rs4631994	13	27038984	PASS
CAT-CKD	rs7994814	13	27054201	PASS
CAT-CKD	rs62012628	15	79070000	PASS
CAT-CKD	rs16952734	18	44951355	PASS
CAT-CKD	rs16952766	18	44956539	PASS
CAT-CKD	rs1465721	18	44960518	PASS
CAT-CKD	rs117102178	18	44973243	PASS
CAT-CKD	rs4939797	18	45033486	PASS
CAT-CKD	rs4795408	17	38107627	PASS
CAT-CKD	rs6503526	17	38114598	PASS
CAT-CKD	rs12451084	17	38119757	PASS
CAT-CKD	rs12451100	17	38119831	PASS
CAT-CKD	rs657693	18	77162462	PASS
CAT-CKD	rs8091180	18	77164243	PASS
CAT-CKD	rs9895945	17	47329255	PASS
CAT-CKD	rs34367165	17	47330796	PASS
CAT-CKD	rs72912959	2	176849098	PASS
CAT-CKD	rs3094693	6	30418966	PASS
CAT-CKD	rs113363969	5	93591607	PASS
CAT-CKD	rs72919085	2	176942609	PASS
CAT-CKD	rs188159519	7	105461796	PASS
CAT-PD	rs10196501	2	27147272	PASS
CAT-PD	rs3769134	2	27150891	PASS
CAT-PD	rs920435	2	27157788	PASS
CAT-PD	rs12615423	2	27158623	PASS
CAT-PD	rs6759548	2	27161060	PASS
CAT-PD	rs3739085	2	27163044	PASS
CAT-PD	rs3820823	2	27164806	PASS
CAT-PD	rs3739088	2	27167784	PASS
CAT-PD	rs3769137	2	27169490	PASS
CAT-PD	rs3769138	2	27169540	PASS
CAT-PD	rs11126784	2	27169842	PASS
CAT-PD	rs13017554	2	27170982	PASS
CAT-PD	rs11902826	2	27177545	PASS
CAT-PD	rs11695406	2	27178129	PASS
CAT-PD	rs7585127	2	27179371	PASS
CAT-PD	rs11887401	2	27181112	PASS
CAT-PD	rs4233714	2	27181454	PASS
CAT-PD	rs2891534	2	27184446	PASS
CAT-PD	rs10203050	2	27186561	PASS
CAT-PD	rs10181777	2	27187254	PASS
CAT-PD	rs1440042	2	27187814	PASS
CAT-PD	rs4572551	2	27194013	PASS
CAT-PD	rs11897106	2	27196299	PASS
CAT-PD	rs11680032	2	27198148	PASS
CAT-PD	rs893790	2	27201857	PASS
CAT-PD	rs714513	2	27206474	PASS
CAT-PD	rs920433	2	27212526	PASS
CAT-PD	rs11126806	2	27225144	PASS
CAT-PD	rs1440044	2	27226954	PASS
CAT-PD	rs6716275	2	27227707	PASS
CAT-PD	rs13032059	2	27233789	PASS
CAT-PD	rs11677841	2	27239949	PASS
CAT-PD	rs11608	2	27435374	PASS
CAT-PD	rs780094	2	27741237	PASS
CAT-PD	rs780093	2	27742603	PASS
CAT-PD	rs12090714	1	10649223	PASS
CAT-PD	rs572151	8	16703588	PASS
CAT-PD	rs1697632	8	16704939	PASS
CAT-PD	rs531355	8	16710177	PASS
CAT-PD	rs4592028	8	22449484	PASS
CAT-PD	rs11782130	8	22452357	PASS
CAT-PD	rs3735893	8	22452704	PASS
CAT-PD	rs11785755	8	22453223	PASS
CAT-PD	rs3735894	8	22454826	PASS
CAT-PD	rs746011	8	22457804	PASS
CAT-PD	rs11777808	8	22462755	PASS
CAT-PD	rs11778693	8	22462852	PASS
CAT-PD	rs7843828	8	22463623	PASS
CAT-PD	rs2291232	8	22464064	PASS
CAT-PD	rs6999893	8	22465427	PASS
CAT-PD	rs11136092	8	22466488	PASS
CAT-PD	rs2306518	8	22470308	PASS
CAT-PD	rs1871902	8	22470710	PASS
CAT-PD	rs720745	8	22471147	PASS
CAT-PD	rs3736147	8	22471824	PASS
CAT-PD	rs11781149	8	22473158	PASS
CAT-PD	rs1869	8	22477585	PASS
CAT-PD	rs1059592	8	22477778	PASS
CAT-PD	rs1545837	8	22477807	PASS
CAT-PD	rs1871900	8	22481449	PASS
CAT-PD	rs900267	8	22485258	PASS
CAT-PD	rs7830206	8	22485375	PASS
CAT-PD	rs11785031	8	22486612	PASS
CAT-PD	rs3758042	8	22486951	PASS
CAT-PD	rs3758041	8	22486987	PASS
CAT-PD	rs13269603	8	22488750	PASS
CAT-PD	rs6558173	8	22492103	PASS
CAT-PD	rs4872525	8	22492708	PASS
CAT-PD	rs11776549	8	22493124	PASS
CAT-PD	rs4872526	8	22495966	PASS
CAT-PD	rs4242434	8	22501830	PASS
CAT-PD	rs13264187	8	22506098	PASS
CAT-PD	rs7005025	8	22519815	PASS
CAT-PD	rs4424255	8	22522129	PASS
CAT-PD	rs2280104	8	22525980	PASS
CAT-PD	rs11985023	8	22531463	PASS
CAT-PD	rs4872006	8	22536502	PASS
CAT-PD	rs3893402	8	22537201	PASS
CAT-PD	rs10104039	8	22538384	PASS
CAT-PD	rs10095121	8	22538426	PASS
CAT-PD	rs7817772	8	22539316	PASS
CAT-PD	rs12114462	8	22539641	PASS
CAT-PD	rs11136000	8	27464519	PASS
CAT-PD	rs1532278	8	27466315	PASS
CAT-PD	rs9902550	17	8998765	PASS
CAT-PD	rs4791777	17	9001410	PASS
CAT-PD	rs4791779	17	9005393	PASS
CAT-PD	rs41452747	18	52918380	PASS
CAT-PD	rs2015353	17	15873275	PASS
CAT-PD	rs2779211	17	15875935	PASS
CAT-PD	rs2779212	17	15876655	PASS
CAT-PD	rs1045599	17	15879910	PASS
CAT-PD	rs10491104	17	15884561	PASS
CAT-PD	rs8070859	17	15887789	PASS
CAT-PD	rs11869563	17	15888308	PASS
CAT-PD	rs758853	17	15903602	PASS
CAT-PD	rs3760298	17	15905190	PASS
CAT-PD	rs2302415	17	15906391	PASS
CAT-PD	rs2041460	17	15906912	PASS
CAT-PD	rs3826360	17	15910286	PASS
CAT-PD	rs9891938	17	15915072	PASS
CAT-PD	rs11869450	17	15923709	PASS
CAT-PD	rs3785633	17	15925734	PASS
CAT-PD	rs4792715	17	15927223	PASS
CAT-PD	rs2301652	17	15928584	PASS
CAT-PD	rs2157992	17	15928885	PASS
CAT-PD	rs9890012	17	15932627	PASS
CAT-PD	rs8076864	17	15936270	PASS
CAT-PD	rs6502488	17	15937487	PASS
CAT-PD	rs9908031	17	15938690	PASS
CAT-PD	rs1075901	17	15943910	PASS
CAT-PD	rs3785632	17	15945608	PASS
CAT-PD	rs3785631	17	15945946	PASS
CAT-PD	rs4435297	17	15947217	PASS
CAT-PD	rs1079533	17	15950198	PASS
CAT-PD	rs11651290	17	15951471	PASS
CAT-PD	rs3815039	17	15952588	PASS
CAT-PD	rs4792718	17	15954692	PASS
CAT-PD	rs2157991	17	15961951	PASS
CAT-PD	rs2285583	17	15968143	PASS
CAT-PD	rs3815038	17	15968549	PASS
CAT-PD	rs3785628	17	15970682	PASS
CAT-PD	rs9891379	17	15976558	PASS
CAT-PD	rs9896441	17	15977043	PASS
CAT-PD	rs9898313	17	15977132	PASS
CAT-PD	rs7223346	17	15981874	PASS
CAT-PD	rs2051736	17	15990013	PASS
CAT-PD	rs8081667	17	15991568	PASS
CAT-PD	rs2078050	17	15994888	PASS
CAT-PD	rs7207463	17	16004259	PASS
CAT-PD	rs7207889	17	16004368	PASS
CAT-PD	rs2285580	17	16005187	PASS
CAT-PD	rs4792721	17	16006827	PASS
CAT-PD	rs4566208	17	16010920	PASS
CAT-PD	rs12150017	17	16024094	PASS
CAT-PD	rs11870608	17	16025670	PASS
CAT-PD	rs10852833	17	16027361	PASS
CAT-PD	rs7216834	17	16032765	PASS
CAT-PD	rs2324141	17	16033443	PASS
CAT-PD	rs9902141	17	16034773	PASS
CAT-PD	rs9897388	17	16037626	PASS
CAT-PD	rs2324142	17	16041306	PASS
CAT-PD	rs1989856	17	16043651	PASS
CAT-PD	rs8079969	17	16051444	PASS
CAT-PD	rs9903464	17	16052381	PASS
CAT-PD	rs178659	17	16056442	PASS
CAT-PD	rs178657	17	16057933	PASS
CAT-PD	rs178837	17	16076898	PASS
CAT-PD	rs178833	17	16078836	PASS
CAT-PD	rs178831	17	16080849	PASS
CAT-PD	rs178830	17	16081958	PASS
CAT-PD	rs178822	17	16087469	PASS
CAT-PD	rs178821	17	16088135	PASS
CAT-PD	rs178820	17	16090785	PASS
CAT-PD	rs178816	17	16092902	PASS
CAT-PD	rs178815	17	16092929	PASS
CAT-PD	rs178810	17	16097430	PASS
CAT-PD	rs178798	17	16117359	PASS
CAT-PD	rs178797	17	16119054	PASS
CAT-PD	rs178791	17	16127206	PASS
CAT-PD	rs178789	17	16131196	PASS
CAT-PD	rs178787	17	16133044	PASS
CAT-PD	rs12936233	17	16138257	PASS
CAT-PD	rs12945855	17	16139149	PASS
CAT-PD	rs4470185	17	16143709	PASS
CAT-PD	rs12946619	17	16146659	PASS
CAT-PD	rs7210224	17	16147821	PASS
CAT-PD	rs1029809	17	16156235	PASS
CAT-PD	rs11650427	17	16158774	PASS
CAT-PD	rs8073259	17	16164557	PASS
CAT-PD	rs2014604	17	16176883	PASS
CAT-PD	rs2109262	17	16184629	PASS
CAT-PD	rs3785626	17	16185248	PASS
CAT-PD	rs4792728	17	16186815	PASS
CAT-PD	rs4791665	17	16196056	PASS
CAT-PD	rs3785623	17	16201160	PASS
CAT-PD	rs3112511	17	16207526	PASS
CAT-PD	rs3112513	17	16208812	PASS
CAT-PD	rs3785621	17	16218846	PASS
CAT-PD	rs9890539	17	16221319	PASS
CAT-PD	rs12948905	17	16224875	PASS
CAT-PD	rs15739	17	16229232	PASS
CAT-PD	rs1476810	17	16233217	PASS
CAT-PD	rs4792735	17	16236388	PASS
CAT-PD	rs11650283	17	16239832	PASS
CAT-PD	rs3112518	17	16243508	PASS
CAT-PD	rs3112521	17	16244657	PASS
CAT-PD	rs3112524	17	16245778	PASS
CAT-PD	rs7477	17	16246016	PASS
CAT-PD	rs917609	17	16246608	PASS
CAT-PD	rs3112526	17	16247100	PASS
CAT-PD	rs3112527	17	16248906	PASS
CAT-PD	rs8066560	17	17728043	PASS
CAT-PD	rs11657423	17	17728574	PASS
CAT-PD	rs9902941	17	17733760	PASS
CAT-PD	rs3183702	17	17747289	PASS
CAT-PD	rs4924822	17	17748013	PASS
CAT-PD	rs4925120	17	17754633	PASS
CAT-PD	rs16960744	17	17755259	PASS
CAT-PD	rs942996	20	19535256	PASS
CAT-PD	rs2328412	20	19547270	PASS
CAT-PD	rs2328413	20	19547298	PASS
CAT-PD	rs6035385	20	19572041	PASS
CAT-PD	rs8076604	17	27438469	PASS
CAT-PD	rs877492	17	27449059	PASS
CAT-PD	rs17780080	17	30343146	PASS
CAT-PD	rs17182434	17	30380381	PASS
CAT-PD	rs4037396	17	30408642	PASS
CAT-PD	rs2036376	17	30534311	PASS
CAT-PD	rs1463558	17	41546123	PASS
CAT-PD	rs7214914	17	41560734	PASS
CAT-PD	rs2293014	17	41585657	PASS
CAT-PD	rs8064459	17	41586685	PASS
CAT-PD	rs17602795	17	41645244	PASS
CAT-PD	rs169201	17	44790203	PASS
CAT-PD	rs7224296	17	44800046	PASS
CAT-PD	rs199443	17	44819565	PASS
CAT-PD	rs199535	17	44822662	PASS
CAT-PD	rs199534	17	44824213	PASS
CAT-PD	rs199533	17	44828931	PASS
CAT-PD	rs199530	17	44836653	PASS
CAT-PD	rs199520	17	44853872	PASS
CAT-PD	rs199513	17	44856932	PASS
CAT-PD	rs415430	17	44859144	PASS
CAT-PD	rs199501	17	44862613	PASS
CAT-PD	rs2269769	17	48173165	PASS
CAT-PD	rs11871404	17	48173887	PASS
CAT-PD	rs847680	17	48224075	PASS
CAT-PD	rs1866995	4	90731709	PASS
CAT-PD	rs16912226	9	27999510	PASS
CAT-PD	rs6449493	5	60046496	PASS
CAT-STROKE	rs2963043	5	108752273	PASS
CAT-STROKE	rs12514259	5	108784799	PASS
CAT-STROKE	rs1422661	5	130414405	PASS
CAT-STROKE	rs6865988	5	130419205	PASS
CAT-STROKE	rs3891636	5	130439091	PASS
CAT-STROKE	rs1035440	5	130446040	PASS
CAT-STROKE	rs7728773	5	130446419	PASS
CAT-STROKE	rs2107511	5	130451926	PASS
CAT-STROKE	rs6884251	5	130475886	PASS
CAT-STROKE	rs3864283	5	130497428	PASS
CAT-STROKE	rs17796864	5	145459262	PASS
CAT-STROKE	rs17796870	5	145460855	PASS
CAT-STROKE	rs2024055	5	145464468	PASS
CAT-STROKE	rs41338847	5	145478643	PASS
CAT-STROKE	rs10491259	5	145482127	PASS
CAT-STROKE	rs12188581	5	145483359	PASS
CAT-STROKE	rs34170515	5	145484896	PASS
CAT-STROKE	rs13174055	5	145489771	PASS
CAT-STROKE	rs4913067	5	145492230	PASS
CAT-STROKE	rs17492851	5	145504347	PASS
CAT-STROKE	rs17492893	5	145504426	PASS
CAT-STROKE	rs17427286	5	145505337	PASS
CAT-STROKE	rs3749994	5	145505759	PASS
CAT-STROKE	rs2895647	5	145508340	PASS
CAT-STROKE	rs2895648	5	145508457	PASS
CAT-STROKE	rs2895649	5	145508471	PASS
CAT-STROKE	rs11953517	5	145509573	PASS
CAT-STROKE	rs3797628	5	145512807	PASS
CAT-STROKE	rs12153109	5	145515346	PASS
CAT-STROKE	rs2400211	5	145524513	PASS
CAT-STROKE	rs17500504	5	145532876	PASS
CAT-STROKE	rs17428570	5	145537567	PASS
CAT-STROKE	rs3763373	5	145543972	PASS
CAT-STROKE	rs3828935	5	145551181	PASS
CAT-STROKE	rs17428724	5	145562565	PASS
CAT-STROKE	rs2063002	5	145567877	PASS
CAT-STROKE	rs2279895	5	145583623	PASS
CAT-STROKE	rs13173462	5	145622472	PASS
CAT-STROKE	rs11953090	5	145636671	PASS
CAT-STROKE	rs2304033	5	145639987	PASS
CAT-STROKE	rs13155119	5	145642007	PASS
CAT-STROKE	rs13180255	5	145651979	PASS
CAT-STROKE	rs4705179	5	145653104	PASS
CAT-STROKE	rs10515567	5	145665917	PASS
CAT-STROKE	rs11954297	5	145668298	PASS
CAT-STROKE	rs17502345	5	145672255	PASS
CAT-STROKE	rs1922930	6	1364691	PASS
CAT-STROKE	rs12524544	6	1366220	PASS
CAT-STROKE	rs11772890	7	46186950	PASS
CAT-STROKE	rs17172664	7	46238624	PASS
CAT-STROKE	rs10236214	7	150668070	PASS
CAT-STROKE	rs3807370	7	150673314	PASS
CAT-STROKE	rs743506	7	150706915	PASS
CAT-STROKE	rs743507	7	150707488	PASS
CAT-STROKE	rs891512	7	150708089	PASS
CAT-STROKE	rs7744623	6	15062971	PASS
CAT-STROKE	rs7769599	6	130393782	PASS
CAT-STROKE	rs9557284	13	100393276	PASS
CAT-STROKE	rs754724	12	106503474	PASS
CAT-STROKE	rs7358739	12	109942909	PASS
CAT-STROKE	rs3809272	12	111800258	PASS
CAT-STROKE	rs3184504	12	111884608	PASS
CAT-STROKE	rs653178	12	112007756	PASS
CAT-STROKE	rs11065987	12	112072424	PASS
CAT-STROKE	rs601663	12	112123284	PASS
CAT-STROKE	rs642898	12	112141233	PASS
CAT-STROKE	rs737280	12	112194976	PASS
CAT-STROKE	rs2238151	12	112211833	PASS
CAT-STROKE	rs10744777	12	112233018	PASS
CAT-STROKE	rs11066028	12	112245170	PASS
CAT-STROKE	rs4346023	12	112285542	PASS
CAT-STROKE	rs4767293	12	112463296	PASS
CAT-STROKE	rs17696736	12	112486818	PASS
CAT-STROKE	rs7314282	12	112502438	PASS
CAT-STROKE	rs17630235	12	112591686	PASS
CAT-STROKE	rs11066188	12	112610714	PASS
CAT-STROKE	rs11066301	12	112871372	PASS
CAT-STROKE	rs11066320	12	112906415	PASS
CAT-STROKE	rs2891403	12	113137572	PASS
CAT-STROKE	rs12808148	11	102733163	PASS
CAT-STROKE	rs4763989	12	13585480	PASS
CAT-STROKE	rs1013548	12	13591416	PASS
CAT-STROKE	rs10483310	14	26594900	PASS
CAT-STROKE	rs4759076	12	54729872	PASS
CAT-STROKE	rs1078967	15	74222987	PASS
CAT-T2D	rs7615580	3	12027240	PASS
CAT-T2D	rs59306735	3	12062003	PASS
CAT-T2D	rs6767059	3	12076562	PASS
CAT-T2D	rs10510409	3	12083304	PASS
CAT-T2D	rs2030150	3	12091690	PASS
CAT-T2D	rs11716141	3	12108754	PASS
CAT-T2D	rs71304083	3	12111642	PASS
CAT-T2D	rs1994077	3	12117220	PASS
CAT-T2D	rs71304084	3	12118900	PASS
CAT-T2D	rs71304085	3	12118915	PASS
CAT-T2D	rs147433183	3	12120002	PASS
CAT-T2D	rs2119812	3	12131687	PASS
CAT-T2D	rs58683249	3	12140265	PASS
CAT-T2D	rs6442307	3	12143355	PASS
CAT-T2D	rs34206487	3	12145349	PASS
CAT-T2D	rs73813125	3	12148263	PASS
CAT-T2D	rs17035806	3	12148393	PASS
CAT-T2D	rs13079332	3	12148848	PASS
CAT-T2D	rs13064800	3	12151657	PASS
CAT-T2D	rs727682	3	12152820	PASS
CAT-T2D	rs11720130	3	12156316	PASS
CAT-T2D	rs71628736	3	12156535	PASS
CAT-T2D	rs71624931	3	12167148	PASS
CAT-T2D	rs13064956	3	12170251	PASS
CAT-T2D	rs34831171	3	12173655	PASS
CAT-T2D	rs7647950	3	12180596	PASS
CAT-T2D	rs71304088	3	12181133	PASS
CAT-T2D	rs4488811	3	12182028	PASS
CAT-T2D	rs7621569	3	12184557	PASS
CAT-T2D	rs11721223	3	12185160	PASS
CAT-T2D	rs1039247	3	12186304	PASS
CAT-T2D	rs1867012	3	12188243	PASS
CAT-T2D	rs11708978	3	12188495	PASS
CAT-T2D	rs35522627	3	12188566	PASS
CAT-T2D	rs6768568	3	12189818	PASS
CAT-T2D	rs6792867	3	12189900	PASS
CAT-T2D	rs7629805	3	12192394	PASS
CAT-T2D	rs17035945	3	12194628	PASS
CAT-T2D	rs71304089	3	12196963	PASS
CAT-T2D	rs71304090	3	12197499	PASS
CAT-T2D	rs78518024	3	12207461	PASS
CAT-T2D	rs9808956	3	12215656	PASS
CAT-T2D	rs13064273	3	12216131	PASS
CAT-T2D	rs6781687	3	12216260	PASS
CAT-T2D	rs13070993	3	12217797	PASS
CAT-T2D	rs6805092	3	12221424	PASS
CAT-T2D	rs71304092	3	12236565	PASS
CAT-T2D	rs13077227	3	12241766	PASS
CAT-T2D	rs7637403	3	12242488	PASS
CAT-T2D	rs13099882	3	12250888	PASS
CAT-T2D	rs11718525	3	12255265	PASS
CAT-T2D	rs310747	3	12259545	PASS
CAT-T2D	rs59101559	3	12274676	PASS
CAT-T2D	rs11715234	3	12317310	PASS
CAT-T2D	rs2120825	3	12413339	PASS
CAT-T2D	rs73136795	3	12468410	PASS
CAT-T2D	rs16864048	2	5819725	PASS
CAT-T2D	rs12038289	1	117549505	PASS
CAT-T2D	rs6700753	1	117550056	PASS
CAT-T2D	rs3767787	1	117560542	PASS
CAT-T2D	rs3736908	1	117560818	PASS
CAT-T2D	rs755854	1	117563582	PASS
CAT-T2D	rs3767785	1	117564890	PASS
CAT-T2D	rs3767784	1	117564909	PASS
CAT-T2D	rs2793823	1	120437718	PASS
CAT-T2D	rs2487568	1	120441998	PASS
CAT-T2D	rs2793826	1	120443702	PASS
CAT-T2D	rs2493398	1	120447463	PASS
CAT-T2D	rs2641338	1	120448749	PASS
CAT-T2D	rs947273	1	120451352	PASS
CAT-T2D	rs699780	1	120455441	PASS
CAT-T2D	rs835574	1	120463230	PASS
CAT-T2D	rs835573	1	120464165	PASS
CAT-T2D	rs2793830	1	120466108	PASS
CAT-T2D	rs6688004	1	120474507	PASS
CAT-T2D	rs2453056	1	120477998	PASS
CAT-T2D	rs5025718	1	120478285	PASS
CAT-T2D	rs2493420	1	120484421	PASS
CAT-T2D	rs1493696	1	120505532	PASS
CAT-T2D	rs2493411	1	120506786	PASS
CAT-T2D	rs2453044	1	120508524	PASS
CAT-T2D	rs2493410	1	120508803	PASS
CAT-T2D	rs1493695	1	120513117	PASS
CAT-T2D	rs7515431	1	120513548	PASS
CAT-T2D	rs56302051	1	120519618	PASS
CAT-T2D	rs2641316	1	120525554	PASS
CAT-T2D	rs1493694	1	120526982	PASS
CAT-T2D	rs2453042	1	120528932	PASS
CAT-T2D	rs1493698	1	120531133	PASS
CAT-T2D	rs13402740	2	143560569	PASS
CAT-T2D	rs6731393	2	143560775	PASS
CAT-T2D	rs10168719	2	143561078	PASS
CAT-T2D	rs10192478	2	143561194	PASS
CAT-T2D	rs7568081	2	143562154	PASS
CAT-T2D	rs6717886	2	143562694	PASS
CAT-T2D	rs6759997	2	143562794	PASS
CAT-T2D	rs6706157	2	143563255	PASS
CAT-T2D	rs10176104	2	143563521	PASS
CAT-T2D	rs10176039	2	143563609	PASS
CAT-T2D	rs10188822	2	143563881	PASS
CAT-T2D	rs7595244	2	143570039	PASS
CAT-T2D	rs7584097	2	143570230	PASS
CAT-T2D	rs7598365	2	143570495	PASS
CAT-T2D	rs7584465	2	143570556	PASS
CAT-T2D	rs7584997	2	143570855	PASS
CAT-T2D	rs7585129	2	143570974	PASS
CAT-T2D	rs2029533	2	143571405	PASS
CAT-T2D	rs6736332	2	143572278	PASS
CAT-T2D	rs6736433	2	143572378	PASS
CAT-T2D	rs12691656	2	143572404	PASS
CAT-T2D	rs12691657	2	143572575	PASS
CAT-T2D	rs12691658	2	143572631	PASS
CAT-T2D	rs13421529	2	143572745	PASS
CAT-T2D	rs35690796	2	143573168	PASS
CAT-T2D	rs12691659	2	143573586	PASS
CAT-T2D	rs35102367	2	143573648	PASS
CAT-T2D	rs12994593	2	143573707	PASS
CAT-T2D	rs4233582	2	143574555	PASS
CAT-T2D	rs4662300	2	143574859	PASS
CAT-T2D	rs13009106	2	143575912	PASS
CAT-T2D	rs12691660	2	143576900	PASS
CAT-T2D	rs10208833	2	143578984	PASS
CAT-T2D	rs34812630	2	143580690	PASS
CAT-T2D	rs2381381	2	143582624	PASS
CAT-T2D	rs10201197	2	145820213	PASS
CAT-T2D	rs1822881	2	146044052	PASS
CAT-T2D	rs72860563	2	146066503	PASS
CAT-T2D	rs10180522	2	146071853	PASS
CAT-T2D	rs13407123	2	146092756	PASS
CAT-T2D	rs28608895	2	146095575	PASS
CAT-T2D	rs3775373	4	89743821	PASS
CAT-T2D	rs73842248	4	89746821	PASS
CAT-T2D	rs13115763	4	89750105	PASS
CAT-T2D	rs7660000	4	89751858	PASS
CAT-T2D	rs59473955	4	89757082	PASS
CAT-T2D	rs12643428	4	89757305	PASS
CAT-T2D	rs72872126	4	89758524	PASS
CAT-T2D	rs10011267	4	89759734	PASS
CAT-T2D	rs28514678	4	89768821	PASS
CAT-T2D	rs56158219	4	89769842	PASS
CAT-T2D	rs10461165	4	89770583	PASS
CAT-T2D	rs9869882	3	180531941	PASS
CAT-T2D	rs4488266	3	180535405	PASS
CAT-T2D	rs10937048	3	180539392	PASS
CAT-T2D	rs6767560	3	180566221	PASS
CAT-T2D	rs502618	3	180637448	PASS
CAT-T2D	rs524005	3	180658544	PASS
CAT-T2D	rs9810292	3	180714307	PASS
CAT-T2D	rs4289345	3	180717981	PASS
CAT-T2D	rs9755301	3	180718146	PASS
CAT-T2D	rs4855003	3	180719479	PASS
CAT-T2D	rs4855004	3	180719582	PASS
CAT-T2D	rs7644289	3	180723087	PASS
CAT-T2D	rs34713525	3	180725902	PASS
CAT-T2D	rs2718791	3	180931395	PASS
CAT-T2D	rs2718772	3	180943426	PASS
CAT-T2D	rs9848098	3	181054636	PASS
CAT-T2D	rs9827725	3	181058903	PASS
CAT-T2D	rs9849736	3	181063310	PASS
CAT-T2D	rs6778471	3	181064210	PASS
CAT-T2D	rs6807049	3	181073854	PASS
CAT-T2D	rs2339416	3	181080553	PASS
CAT-T2D	rs9812014	3	181086137	PASS
CAT-T2D	rs9848969	3	181094912	PASS
CAT-T2D	rs2037305	3	181097177	PASS
CAT-T2D	rs1518931	3	181105872	PASS
CAT-T2D	rs9836763	3	181106778	PASS
CAT-T2D	rs9826653	3	181108197	PASS
CAT-T2D	rs6809553	3	181114907	PASS
CAT-T2D	rs1568304	3	181116955	PASS
CAT-T2D	rs6804481	3	181117474	PASS
CAT-T2D	rs6801749	3	181117704	PASS
CAT-T2D	rs9846082	3	181124253	PASS
CAT-T2D	rs9882065	3	181129180	PASS
CAT-T2D	rs1479168	3	181142442	PASS
CAT-T2D	rs1842150	3	181145170	PASS
CAT-T2D	rs12497008	3	181283743	PASS
CAT-T2D	rs4133078	3	181378992	PASS
CAT-T2D	rs9844617	3	181402480	PASS
CAT-T2D	rs35364893	3	181406433	PASS
CAT-T2D	rs9841382	3	181408124	PASS
CAT-T2D	rs7643765	3	181412919	PASS
CAT-T2D	rs7632216	3	181413035	PASS
CAT-T2D	rs13060544	3	181413171	PASS
CAT-T2D	rs4129750	3	181413460	PASS
CAT-T2D	rs6809817	3	181415945	PASS
CAT-T2D	rs13096623	3	181417598	PASS
CAT-T2D	rs9814658	3	181419460	PASS
CAT-T2D	rs9290727	3	181420618	PASS
CAT-T2D	rs4148567	3	183723075	PASS
CAT-T2D	rs57158761	3	185371172	PASS
CAT-T2D	rs9831593	3	185423494	PASS
CAT-T2D	rs9877179	3	185426493	PASS
CAT-T2D	rs2290066	3	185445842	PASS
CAT-T2D	rs12502725	4	94999873	PASS
CAT-T2D	rs28876091	4	95000394	PASS
CAT-T2D	rs1588384	4	95001354	PASS
CAT-T2D	rs7682116	4	95002704	PASS
CAT-T2D	rs2865330	4	95004716	PASS
CAT-T2D	rs1848794	4	95005121	PASS
CAT-T2D	rs4324525	4	95010732	PASS
CAT-T2D	rs2100915	4	95010985	PASS
CAT-T2D	rs1904094	4	95012459	PASS
CAT-T2D	rs1904095	4	95012530	PASS
CAT-T2D	rs1904096	4	95012684	PASS
CAT-T2D	rs1509943	4	95013366	PASS
CAT-T2D	rs1509942	4	95013440	PASS
CAT-T2D	rs1397027	4	95013562	PASS
CAT-T2D	rs1397026	4	95013729	PASS
CAT-T2D	rs1585652	4	95014313	PASS
CAT-T2D	rs2219755	4	95015684	PASS
CAT-T2D	rs2199603	4	95016174	PASS
CAT-T2D	rs7694820	4	95017026	PASS
CAT-T2D	rs1588385	4	95017161	PASS
CAT-T2D	rs1588381	4	95017558	PASS
CAT-T2D	rs1588382	4	95017589	PASS
CAT-T2D	rs1509940	4	95018758	PASS
CAT-T2D	rs1509941	4	95018784	PASS
CAT-T2D	rs1397025	4	95018987	PASS
CAT-T2D	rs6532454	4	95019067	PASS
CAT-T2D	rs1355240	4	95019353	PASS
CAT-T2D	rs899133	4	95019609	PASS
CAT-T2D	rs899135	4	95019816	PASS
CAT-T2D	rs9307135	4	95020410	PASS
CAT-T2D	rs3846291	4	95026735	PASS
CAT-T2D	rs6532462	4	95026833	PASS
CAT-T2D	rs6532463	4	95027048	PASS
CAT-T2D	rs3846292	4	95027717	PASS
CAT-T2D	rs7685048	4	95027784	PASS
CAT-T2D	rs7685601	4	95028019	PASS
CAT-T2D	rs2865336	4	95029357	PASS
CAT-T2D	rs964843	4	95032367	PASS
CAT-T2D	rs1841925	4	95035175	PASS
CAT-T2D	rs5019896	4	95035751	PASS
CAT-T2D	rs10023582	4	95035811	PASS
CAT-T2D	rs7668980	4	95037320	PASS
CAT-T2D	rs899132	4	95040022	PASS
CAT-T2D	rs12505694	4	95042940	PASS
CAT-T2D	rs965807	4	95045567	PASS
CAT-T2D	rs4693368	4	95046907	PASS
CAT-T2D	rs6815207	4	95051894	PASS
CAT-T2D	rs7340895	4	95057973	PASS
CAT-T2D	rs1585651	4	95058755	PASS
CAT-T2D	rs10024198	4	95060602	PASS
CAT-T2D	rs10018905	4	95076767	PASS
CAT-T2D	rs4693374	4	95086164	PASS
CAT-T2D	rs4438731	4	95091384	PASS
CAT-T2D	rs6821438	4	95091911	PASS
CAT-T2D	rs6821638	4	95091943	PASS
CAT-T2D	rs722486	4	95092315	PASS
CAT-T2D	rs10008044	4	95092850	PASS
CAT-T2D	rs72665608	4	95093501	PASS
CAT-T2D	rs7678054	4	95093855	PASS
CAT-T2D	rs10023115	4	95095502	PASS
CAT-T2D	rs34396894	4	95097600	PASS
CAT-T2D	rs7676797	4	95099194	PASS
CAT-T2D	rs1876918	4	95099424	PASS
CAT-T2D	rs10212784	4	95101638	PASS
CAT-T2D	rs6532469	4	95102831	PASS
CAT-T2D	rs2865343	4	95103005	PASS
CAT-T2D	rs2865344	4	95103040	PASS
CAT-T2D	rs2171384	4	95103545	PASS
CAT-T2D	rs7669168	4	95104881	PASS
CAT-T2D	rs4692998	4	95107114	PASS
CAT-T2D	rs4692999	4	95107644	PASS
CAT-T2D	rs6825522	4	95108140	PASS
CAT-T2D	rs6532471	4	95108584	PASS
CAT-T2D	rs1509946	4	95109078	PASS
CAT-T2D	rs17302300	4	95109177	PASS
CAT-T2D	rs12513267	4	95109545	PASS
CAT-T2D	rs12505596	4	95109600	PASS
CAT-T2D	rs7680953	4	95109699	PASS
CAT-T2D	rs6532472	4	95110113	PASS
CAT-T2D	rs72665627	4	95111824	PASS
CAT-T2D	rs17302467	4	95112056	PASS
CAT-T2D	rs6857967	4	95112303	PASS
CAT-T2D	rs6858265	4	95112565	PASS
CAT-T2D	rs7654565	4	95112939	PASS
CAT-T2D	rs4560373	4	95113229	PASS
CAT-T2D	rs17374832	4	95114394	PASS
CAT-T2D	rs28408270	4	95114572	PASS
CAT-T2D	rs12507575	4	95114920	PASS
CAT-T2D	rs4693001	4	95115097	PASS
CAT-T2D	rs4693002	4	95115302	PASS
CAT-T2D	rs1961302	4	95116263	PASS
CAT-T2D	rs1961303	4	95116375	PASS
CAT-T2D	rs4693375	4	95133241	PASS
CAT-T2D	rs9307137	4	95135712	PASS
CAT-T2D	rs7654919	4	95136164	PASS
CAT-T2D	rs11943926	4	95136512	PASS
CAT-T2D	rs17309887	4	95155505	PASS
CAT-T2D	rs62320427	4	95159361	PASS
CAT-T2D	rs13111083	4	95216823	PASS
CAT-T2D	rs10856908	4	95222755	PASS
CAT-T2D	rs17021463	4	95224812	PASS
CAT-T2D	rs35744894	4	95256649	PASS
CAT-T2D	rs13103185	4	95275771	PASS
CAT-T2D	rs11724295	4	95302791	PASS
CAT-T2D	rs12511627	4	95308579	PASS
CAT-T2D	rs11765592	7	7250753	PASS
CAT-T2D	rs55681398	7	150308848	PASS
CAT-T2D	rs12703101	7	150504840	PASS
CAT-T2D	rs6955948	7	150508720	PASS
CAT-T2D	rs4725946	7	150510169	PASS
CAT-T2D	rs10231759	7	150512172	PASS
CAT-T2D	rs12667112	7	150512410	PASS
CAT-T2D	rs7787744	7	150521096	PASS
CAT-T2D	rs4725950	7	150521315	PASS
CAT-T2D	rs10952289	7	150524681	PASS
CAT-T2D	rs4725959	7	150534741	PASS
CAT-T2D	rs62492368	7	150537635	PASS
CAT-T2D	rs7794796	7	150540196	PASS
CAT-T2D	rs4725967	7	150541669	PASS
CAT-T2D	rs6977081	7	150542515	PASS
CAT-T2D	rs6977416	7	150542711	PASS
CAT-T2D	rs56188528	7	150602438	PASS
CAT-T2D	rs7455952	7	150602563	PASS
CAT-T2D	rs10236214	7	150668070	PASS
CAT-T2D	rs4725984	7	150668514	PASS
CAT-T2D	rs3807370	7	150673314	PASS
CAT-T2D	rs11771808	7	150675868	PASS
CAT-T2D	rs6951150	7	150681914	PASS
CAT-T2D	rs6946091	7	150684346	PASS
CAT-T2D	rs6946415	7	150684548	PASS
CAT-T2D	rs1800779	7	150689943	PASS
CAT-T2D	rs17155928	7	27883018	PASS
CAT-T2D	rs10264306	7	28239466	PASS
CAT-T2D	rs1513270	7	28248738	PASS
CAT-T2D	rs4428573	7	28249294	PASS
CAT-T2D	rs10234239	7	28252188	PASS
CAT-T2D	rs35271178	11	17411020	PASS
CAT-T2D	rs13293121	9	81881830	PASS
CAT-T2D	rs4295736	9	81882339	PASS
CAT-T2D	rs36108337	9	81885076	PASS
CAT-T2D	rs34000962	9	81891987	PASS
CAT-T2D	rs7870609	9	81894248	PASS
CAT-T2D	rs17198915	9	81897365	PASS
CAT-T2D	rs17791483	9	81898980	PASS
CAT-T2D	rs17791513	9	81905590	PASS
CAT-T2D	rs67269808	9	81907986	PASS
CAT-T2D	rs13292347	9	81908202	PASS
CAT-T2D	rs12551737	9	81908842	PASS
CAT-T2D	rs34532817	9	81914318	PASS
CAT-T2D	rs13290396	9	81914978	PASS
CAT-T2D	rs13292262	9	81915383	PASS
CAT-T2D	rs11999051	9	81915874	PASS
CAT-T2D	rs1328412	9	81917127	PASS
CAT-T2D	rs13292514	9	81924003	PASS
CAT-T2D	rs10512085	9	81924713	PASS
CAT-T2D	rs35487253	9	81937921	PASS
CAT-T2D	rs35468518	9	81938073	PASS
CAT-T2D	rs17791555	9	81938747	PASS
CAT-T2D	rs17199020	9	81938899	PASS
CAT-T2D	rs34701785	9	81939784	PASS
CAT-T2D	rs11138147	9	81940114	PASS
CAT-T2D	rs72732203	9	81943449	PASS
CAT-T2D	rs1328405	9	81944169	PASS
CAT-T2D	rs13297387	9	81944349	PASS
CAT-T2D	rs34940152	9	81947623	PASS
CAT-T2D	rs34132006	9	81947831	PASS
CAT-T2D	rs34143926	9	81948891	PASS
CAT-T2D	rs34434701	9	81949031	PASS
CAT-T2D	rs35470461	9	81951692	PASS
CAT-T2D	rs13292136	9	81952128	PASS
CAT-T2D	rs34029654	9	81954187	PASS
CAT-T2D	rs17791633	9	81956349	PASS
CAT-T2D	rs2796444	9	84294997	PASS
CAT-T2D	rs2244337	9	84300694	PASS
CAT-T2D	rs2129105	9	84302489	PASS
CAT-T2D	rs2244732	9	84303442	PASS
CAT-T2D	rs1484113	9	84305732	PASS
CAT-T2D	rs2506126	9	84319561	PASS
CAT-T2D	rs2796438	9	84323270	PASS
CAT-T2D	rs2871412	9	84328946	PASS
CAT-T2D	rs2627015	9	84329325	PASS
CAT-T2D	rs2129107	9	84349621	PASS
CAT-T2D	rs7037115	9	84356678	PASS
CAT-T2D	rs79027703	8	95663606	PASS
CAT-T2D	rs56006709	8	95668043	PASS
CAT-T2D	rs75163604	8	95669262	PASS
CAT-T2D	rs79782754	8	95670711	PASS
CAT-T2D	rs113698045	8	95676416	PASS
CAT-T2D	rs17717009	8	95676785	PASS
CAT-T2D	rs111984687	8	95679271	PASS
CAT-T2D	rs17717431	8	95686850	PASS
CAT-T2D	rs76185048	8	95688004	PASS
CAT-T2D	rs78856660	8	95688026	PASS
CAT-T2D	rs4596617	8	95688802	PASS
CAT-T2D	rs67763258	8	95739642	PASS
CAT-T2D	rs67861508	8	95742295	PASS
CAT-T2D	rs9297945	8	95749023	PASS
CAT-T2D	rs13279344	8	95763491	PASS
CAT-T2D	rs113819119	8	95777126	PASS
CAT-T2D	rs2466129	8	97172403	PASS
CAT-T2D	rs2245091	8	97173484	PASS
CAT-T2D	rs1574018	8	97173536	PASS
CAT-T2D	rs2514530	8	97174637	PASS
CAT-T2D	rs2245304	8	97175244	PASS
CAT-T2D	rs2245320	8	97176102	PASS
CAT-T2D	rs2514535	8	97176698	PASS
CAT-T2D	rs2466130	8	97182269	PASS
CAT-T2D	rs2514538	8	97185961	PASS
CAT-T2D	rs2104368	10	101900579	PASS
CAT-T2D	rs2025507	10	101901775	PASS
CAT-T2D	rs11190401	10	101903412	PASS
CAT-T2D	rs2862954	10	101912064	PASS
CAT-T2D	rs1408579	10	101912194	PASS
CAT-T2D	rs10883451	10	101924418	PASS
CAT-T2D	rs35614792	10	101934235	PASS
CAT-T2D	rs11597086	10	101953705	PASS
CAT-T2D	rs3818411	10	101960966	PASS
CAT-T2D	rs7923726	10	101963299	PASS
CAT-T2D	rs1327578	10	101967410	PASS
CAT-T2D	rs12269373	10	101972378	PASS
CAT-T2D	rs7898075	10	101973097	PASS
CAT-T2D	rs34136767	10	101973388	PASS
CAT-T2D	rs17882431	10	101981153	PASS
CAT-T2D	rs17882802	10	101983413	PASS
CAT-T2D	rs34027394	10	101983816	PASS
CAT-T2D	rs17885645	10	101987467	PASS
CAT-T2D	rs7905395	10	101996286	PASS
CAT-T2D	rs7905302	10	101996295	PASS
CAT-T2D	rs11596950	10	101996360	PASS
CAT-T2D	rs3904036	10	101998414	PASS
CAT-T2D	rs4917889	10	101999394	PASS
CAT-T2D	rs17729876	10	101999746	PASS
CAT-T2D	rs17668255	10	102000701	PASS
CAT-T2D	rs6584354	10	102007714	PASS
CAT-T2D	rs12265333	10	102011211	PASS
CAT-T2D	rs2270961	10	102016268	PASS
CAT-T2D	rs7922807	10	102023006	PASS
CAT-T2D	rs34762508	10	102024258	PASS
CAT-T2D	rs12784396	10	102027407	PASS
CAT-T2D	rs12242503	10	102028467	PASS
CAT-T2D	rs61871342	10	102038641	PASS
CAT-T2D	rs34955138	10	102039187	PASS
CAT-T2D	rs4919446	10	102039458	PASS
CAT-T2D	rs4917896	10	102039463	PASS
CAT-T2D	rs600038	9	136151806	PASS
CAT-T2D	rs651007	9	136153875	PASS
CAT-T2D	rs11244061	9	136153981	PASS
CAT-T2D	rs579459	9	136154168	PASS
CAT-T2D	rs495828	9	136154867	PASS
CAT-T2D	rs635634	9	136155000	PASS
CAT-T2D	rs633862	9	136155444	PASS
CAT-T2D	rs9650778	9	136184798	PASS
CAT-T2D	rs56344153	8	144509707	PASS
CAT-T2D	rs55981035	8	144509784	PASS
CAT-T2D	rs2280930	8	144510023	PASS
CAT-T2D	rs4874114	8	144511199	PASS
CAT-T2D	rs67876041	8	145502004	PASS
CAT-T2D	rs55771710	8	145502926	PASS
CAT-T2D	rs59710341	8	145503871	PASS
CAT-T2D	rs7838717	8	145504343	PASS
CAT-T2D	rs7816361	8	145504690	PASS
CAT-T2D	rs4977201	8	145510513	PASS
CAT-T2D	rs7386615	8	145525238	PASS
CAT-T2D	rs3757977	8	145533974	PASS
CAT-T2D	rs7817003	8	145538917	PASS
CAT-T2D	rs11196148	10	114671172	PASS
CAT-T2D	rs74825300	10	114790108	PASS
CAT-T2D	rs7084875	10	114869792	PASS
CAT-T2D	rs4918796	10	114880342	PASS
CAT-T2D	rs12767895	10	114881737	PASS
CAT-T2D	rs11594681	10	114883322	PASS
CAT-T2D	rs4917645	10	114884967	PASS
CAT-T2D	rs11596409	10	114885973	PASS
CAT-T2D	rs7102746	11	92666563	PASS
CAT-T2D	rs12222793	11	92667047	PASS
CAT-T2D	rs138598212	11	92917922	PASS
CAT-T2D	rs11020238	11	93012427	PASS
CAT-T2D	rs7943372	11	93013387	PASS
CAT-T2D	rs57235767	11	93013531	PASS
CAT-T2D	rs10765598	11	93015865	PASS
CAT-T2D	rs12792270	11	93016696	PASS
CAT-T2D	rs11603164	11	93016858	PASS
CAT-T2D	rs11600595	11	93017026	PASS
CAT-T2D	rs4753450	11	93017811	PASS
CAT-T2D	rs2399638	11	93018077	PASS
CAT-T2D	rs10765599	11	93020527	PASS
CAT-T2D	rs7122184	11	93023382	PASS
CAT-T2D	rs10831020	11	93024585	PASS
CAT-T2D	rs10765600	11	93024792	PASS
CAT-T2D	rs1900387	11	93034955	PASS
CAT-T2D	rs10831023	11	93037284	PASS
CAT-T2D	rs4301752	11	93044927	PASS
CAT-T2D	rs10765603	11	93052512	PASS
CAT-T2D	rs10831024	11	93053579	PASS
CAT-T2D	rs10831025	11	93056770	PASS
CAT-T2D	rs11020267	11	93058355	PASS
CAT-T2D	rs7126901	11	93066756	PASS
CAT-T2D	rs4132359	11	93067306	PASS
CAT-T2D	rs12364612	11	93067457	PASS
CAT-T2D	rs7113579	11	93069383	PASS
CAT-T2D	rs4753458	11	93087365	PASS
CAT-T2D	rs4753459	11	93087780	PASS
CAT-T2D	rs118131160	11	93109165	PASS
CAT-T2D	rs6483239	11	93175518	PASS
CAT-T2D	rs4598634	11	93176904	PASS
CAT-T2D	rs2085334	11	93181050	PASS
CAT-T2D	rs2100552	11	93182249	PASS
CAT-T2D	rs7131487	11	93185952	PASS
CAT-T2D	rs10741464	11	93190752	PASS
CAT-T2D	rs6483244	11	93197935	PASS
CAT-T2D	rs2658794	11	93200952	PASS
CAT-T2D	rs2605591	11	93202629	PASS
CAT-T2D	rs2658795	11	93202690	PASS
CAT-T2D	rs2605592	11	93203019	PASS
CAT-T2D	rs2045459	11	93206181	PASS
CAT-T2D	rs2045460	11	93206237	PASS
CAT-T2D	rs2608280	11	93209472	PASS
CAT-T2D	rs10734161	11	93210019	PASS
CAT-T2D	rs2658796	11	93210816	PASS
CAT-T2D	rs7365	11	93211764	PASS
CAT-T2D	rs2605594	11	93212161	PASS
CAT-T2D	rs2658797	11	93212254	PASS
CAT-T2D	rs2605595	11	93213298	PASS
CAT-T2D	rs2658799	11	93213719	PASS
CAT-T2D	rs2124558	11	93213735	PASS
CAT-T2D	rs2658800	11	93213966	PASS
CAT-T2D	rs2605596	11	93214701	PASS
CAT-T2D	rs16834	11	93215962	PASS
CAT-T2D	rs2658801	11	93216751	PASS
CAT-T2D	rs2605598	11	93217093	PASS
CAT-T2D	rs2608272	11	93217159	PASS
CAT-T2D	rs11820614	11	93217394	PASS
CAT-T2D	rs2608273	11	93217590	PASS
CAT-T2D	rs2605599	11	93218689	PASS
CAT-T2D	rs2605601	11	93219942	PASS
CAT-T2D	rs2605602	11	93220721	PASS
CAT-T2D	rs2605603	11	93221105	PASS
CAT-T2D	rs2608279	11	93221721	PASS
CAT-T2D	rs2605604	11	93221726	PASS
CAT-T2D	rs2608278	11	93222179	PASS
CAT-T2D	rs2608277	11	93222247	PASS
CAT-T2D	rs2605605	11	93223218	PASS
CAT-T2D	rs2045462	11	93227263	PASS
CAT-T2D	rs2605612	11	93229422	PASS
CAT-T2D	rs11020381	11	93229948	PASS
CAT-T2D	rs10831050	11	93230475	PASS
CAT-T2D	rs7124358	11	93231929	PASS
CAT-T2D	rs10831051	11	93233037	PASS
CAT-T2D	rs117051576	11	93234240	PASS
CAT-T2D	rs7114771	11	93239907	PASS
CAT-T2D	rs11020389	11	93240971	PASS
CAT-T2D	rs10831052	11	93242843	PASS
CAT-T2D	rs10831053	11	93255901	PASS
CAT-T2D	rs2198797	11	93259778	PASS
CAT-T2D	rs11020403	11	93260908	PASS
CAT-T2D	rs10134444	14	67978903	PASS
CAT-T2D	rs7155830	14	67979557	PASS
CAT-T2D	rs7156144	14	67979713	PASS
CAT-T2D	rs7155911	14	67979845	PASS
CAT-T2D	rs12878949	14	67979977	PASS
CAT-T2D	rs12878981	14	67980031	PASS
CAT-T2D	rs2273596	14	67981870	PASS
CAT-T2D	rs7154258	14	67982254	PASS
CAT-T2D	rs7160944	14	67983485	PASS
CAT-T2D	rs7160654	14	67983491	PASS
CAT-T2D	rs7140327	14	67983540	PASS
CAT-T2D	rs7140470	14	67983559	PASS
CAT-T2D	rs7161368	14	67983868	PASS
CAT-T2D	rs7144333	14	67984105	PASS
CAT-T2D	rs7144624	14	67984109	PASS
CAT-T2D	rs1555397	14	67984540	PASS
CAT-T2D	rs11621977	14	67984737	PASS
CAT-T2D	rs11627207	14	67985000	PASS
CAT-T2D	rs1980614	14	67985332	PASS
CAT-T2D	rs11158675	14	67985357	PASS
CAT-T2D	rs11158676	14	67985533	PASS
CAT-T2D	rs11158677	14	67985703	PASS
CAT-T2D	rs10873204	14	67985992	PASS
CAT-T2D	rs8019974	14	67986275	PASS
CAT-T2D	rs8019176	14	67986549	PASS
CAT-T2D	rs11158678	14	67987543	PASS
CAT-T2D	rs10130096	14	67987653	PASS
CAT-T2D	rs4899206	14	67988612	PASS
CAT-T2D	rs8011307	14	67988809	PASS
CAT-T2D	rs4902477	14	67989097	PASS
CAT-T2D	rs12887115	14	67990648	PASS
CAT-T2D	rs12884238	14	69460196	PASS
CAT-T2D	rs242092	14	69476895	PASS
CAT-T2D	rs181428	14	69477718	PASS
CAT-T2D	rs397466	14	69477724	PASS
CAT-T2D	rs12432645	14	69599483	PASS
CAT-T2D	rs798675	16	97610	PASS
CAT-T2D	rs2612056	12	66165471	PASS
CAT-T2D	rs76900422	12	66166141	PASS
CAT-T2D	rs12303535	12	66166276	PASS
CAT-T2D	rs10878333	12	66167085	PASS
CAT-T2D	rs7134682	12	66168151	PASS
CAT-T2D	rs2612067	12	66170163	PASS
CAT-T2D	rs2583921	12	66170481	PASS
CAT-T2D	rs2583922	12	66170577	PASS
CAT-T2D	rs2884591	12	66171053	PASS
CAT-T2D	rs2358949	12	66171055	PASS
CAT-T2D	rs2260548	12	66171361	PASS
CAT-T2D	rs2583923	12	66173307	PASS
CAT-T2D	rs2260622	12	66173546	PASS
CAT-T2D	rs2358950	12	66173668	PASS
CAT-T2D	rs2260663	12	66174229	PASS
CAT-T2D	rs2612076	12	66174429	PASS
CAT-T2D	rs2612077	12	66174494	PASS
CAT-T2D	rs1122590	12	66174856	PASS
CAT-T2D	rs2261070	12	66175178	PASS
CAT-T2D	rs2884592	12	66175743	PASS
CAT-T2D	rs2612048	12	66176514	PASS
CAT-T2D	rs2583931	12	66178137	PASS
CAT-T2D	rs2583932	12	66178412	PASS
CAT-T2D	rs2583951	12	66182254	PASS
CAT-T2D	rs971780	12	66182413	PASS
CAT-T2D	rs971779	12	66182455	PASS
CAT-T2D	rs2583949	12	66194243	PASS
CAT-T2D	rs113897089	12	66198080	PASS
CAT-T2D	rs2583943	12	66200750	PASS
CAT-T2D	rs2947794	12	66206598	PASS
CAT-T2D	rs2947795	12	66206798	PASS
CAT-T2D	rs2583939	12	66213521	PASS
CAT-T2D	rs2257883	12	66216162	PASS
CAT-T2D	rs2583936	12	66239052	PASS
CAT-T2D	rs10878339	12	66239874	PASS
CAT-T2D	rs7961706	12	66241898	PASS
CAT-T2D	rs73327450	12	66254930	PASS
CAT-T2D	rs73119878	12	66255003	PASS
CAT-T2D	rs343087	12	66260924	PASS
CAT-T2D	rs1460126	12	66261977	PASS
CAT-T2D	rs1563833	12	66298034	PASS
CAT-T2D	rs12298541	12	66306441	PASS
CAT-T2D	rs343086	12	66325689	PASS
CAT-T2D	rs1480474	12	66326943	PASS
CAT-T2D	rs10878349	12	66327632	PASS
CAT-T2D	rs10784502	12	66343810	PASS
CAT-T2D	rs1979440	12	66346624	PASS
CAT-T2D	rs7959830	12	66347368	PASS
CAT-T2D	rs1351394	12	66351826	PASS
CAT-T2D	rs7138102	12	66353891	PASS
CAT-T2D	rs867633	12	66354911	PASS
CAT-T2D	rs1042725	12	66358347	PASS
CAT-T2D	rs8756	12	66359752	PASS
CAT-T2D	rs7970350	12	66360164	PASS
CAT-T2D	rs7968902	12	66363070	PASS
CAT-T2D	rs61921611	12	66367726	PASS
CAT-T2D	rs7968682	12	66371880	PASS
CAT-T2D	rs9669278	12	66374587	PASS
CAT-T2D	rs7306710	12	66376091	PASS
CAT-T2D	rs2884593	12	66379291	PASS
CAT-T2D	rs2358954	12	66379504	PASS
CAT-T2D	rs11495610	12	66379926	PASS
CAT-T2D	rs10878353	12	66382532	PASS
CAT-T2D	rs1585897	12	66383320	PASS
CAT-T2D	rs10748028	12	66388846	PASS
CAT-T2D	rs10400419	12	66389968	PASS
CAT-T2D	rs140670189	14	79833494	PASS
CAT-T2D	rs2218783	14	79847785	PASS
CAT-T2D	rs4899740	14	79848261	PASS
CAT-T2D	rs4899741	14	79848520	PASS
CAT-T2D	rs12894761	14	79850975	PASS
CAT-T2D	rs8019980	14	79851148	PASS
CAT-T2D	rs4903847	14	79854832	PASS
CAT-T2D	rs72688996	14	79854885	PASS
CAT-T2D	rs4243663	14	79855009	PASS
CAT-T2D	rs4903848	14	79855208	PASS
CAT-T2D	rs4903849	14	79855349	PASS
CAT-T2D	rs2887911	14	79858644	PASS
CAT-T2D	rs12437069	14	79858654	PASS
CAT-T2D	rs2218784	14	79859037	PASS
CAT-T2D	rs2370975	14	79859238	PASS
CAT-T2D	rs2370980	14	79865248	PASS
CAT-T2D	rs11159407	14	79868133	PASS
CAT-T2D	rs2197989	14	79868184	PASS
CAT-T2D	rs10873321	14	79868608	PASS
CAT-T2D	rs10144614	14	79870810	PASS
CAT-T2D	rs2197990	14	79872904	PASS
CAT-T2D	rs4903855	14	79875200	PASS
CAT-T2D	rs4899744	14	79875300	PASS
CAT-T2D	rs2196443	14	79877216	PASS
CAT-T2D	rs2597088	14	79881135	PASS
CAT-T2D	rs2597090	14	79881572	PASS
CAT-T2D	rs2197992	14	79882913	PASS
CAT-T2D	rs2197993	14	79883925	PASS
CAT-T2D	rs2574753	14	79885056	PASS
CAT-T2D	rs2597093	14	79886827	PASS
CAT-T2D	rs10146690	14	79890456	PASS
CAT-T2D	rs2370982	14	79890677	PASS
CAT-T2D	rs10150482	14	79891882	PASS
CAT-T2D	rs10136360	14	79894046	PASS
CAT-T2D	rs17109221	14	79910119	PASS
CAT-T2D	rs72690737	14	79930644	PASS
CAT-T2D	rs111908763	14	79932823	PASS
CAT-T2D	rs10150332	14	79936964	PASS
CAT-T2D	rs10145154	14	79939525	PASS
CAT-T2D	rs17109256	14	79939993	PASS
CAT-T2D	rs7144011	14	79940383	PASS
CAT-T2D	rs7156625	14	79942647	PASS
CAT-T2D	rs28479795	14	79943606	PASS
CAT-T2D	rs8008910	14	79944099	PASS
CAT-T2D	rs10146997	14	79945162	PASS
CAT-T2D	rs1991158	14	80018353	PASS
CAT-T2D	rs7140480	14	80022832	PASS
CAT-T2D	rs1834242	14	80024188	PASS
CAT-T2D	rs12433645	14	80028314	PASS
CAT-T2D	rs221418	14	80038474	PASS
CAT-T2D	rs221416	14	80045666	PASS
CAT-T2D	rs221421	14	80049791	PASS
CAT-T2D	rs221423	14	80056004	PASS
CAT-T2D	rs10131476	14	80056874	PASS
CAT-T2D	rs7149260	14	80057755	PASS
CAT-T2D	rs2543570	14	80057889	PASS
CAT-T2D	rs17109548	14	80058782	PASS
CAT-T2D	rs8021958	14	80059356	PASS
CAT-T2D	rs2552416	14	80060351	PASS
CAT-T2D	rs59673640	14	80063040	PASS
CAT-T2D	rs60596237	14	80063058	PASS
CAT-T2D	rs2543571	14	80067979	PASS
CAT-T2D	rs2543572	14	80067980	PASS
CAT-T2D	rs221431	14	80068445	PASS
CAT-T2D	rs178348	14	80069712	PASS
CAT-T2D	rs221432	14	80070360	PASS
CAT-T2D	rs221433	14	80070456	PASS
CAT-T2D	rs221434	14	80070600	PASS
CAT-T2D	rs221435	14	80070934	PASS
CAT-T2D	rs2543576	14	80072229	PASS
CAT-T2D	rs2543577	14	80072494	PASS
CAT-T2D	rs2552419	14	80072677	PASS
CAT-T2D	rs2543579	14	80072780	PASS
CAT-T2D	rs2543580	14	80073124	PASS
CAT-T2D	rs2543581	14	80073458	PASS
CAT-T2D	rs2543582	14	80073666	PASS
CAT-T2D	rs8013736	14	80075690	PASS
CAT-T2D	rs17836224	14	80075846	PASS
CAT-T2D	rs17836226	14	80075891	PASS
CAT-T2D	rs221518	14	80076260	PASS
CAT-T2D	rs2552407	14	80076346	PASS
CAT-T2D	rs170255	14	80076536	PASS
CAT-T2D	rs172712	14	80076724	PASS
CAT-T2D	rs7955901	12	71433293	PASS
CAT-T2D	rs907721	12	71436037	PASS
CAT-T2D	rs4760785	12	71438945	PASS
CAT-T2D	rs4760895	12	71439127	PASS
CAT-T2D	rs7138300	12	71439589	PASS
CAT-T2D	rs1913201	12	71439825	PASS
CAT-T2D	rs10879240	12	71443285	PASS
CAT-T2D	rs7313973	12	71444058	PASS
CAT-T2D	rs7313668	12	71449521	PASS
CAT-T2D	rs966583	12	71451567	PASS
CAT-T2D	rs7295488	12	71452046	PASS
CAT-T2D	rs1913192	12	71452653	PASS
CAT-T2D	rs1512989	12	71455174	PASS
CAT-T2D	rs3942254	12	71455871	PASS
CAT-T2D	rs9325191	12	71456259	PASS
CAT-T2D	rs10506623	12	71456458	PASS
CAT-T2D	rs10879243	12	71456507	PASS
CAT-T2D	rs11178579	12	71457204	PASS
CAT-T2D	rs10879245	12	71457332	PASS
CAT-T2D	rs1495375	12	71457733	PASS
CAT-T2D	rs1874313	12	71458165	PASS
CAT-T2D	rs17226821	12	71459199	PASS
CAT-T2D	rs1567740	12	71460081	PASS
CAT-T2D	rs12366661	12	71461368	PASS
CAT-T2D	rs10879248	12	71463415	PASS
CAT-T2D	rs11178583	12	71463544	PASS
CAT-T2D	rs11178584	12	71463855	PASS
CAT-T2D	rs10879249	12	71463863	PASS
CAT-T2D	rs11178589	12	71472330	PASS
CAT-T2D	rs2132242	12	71476256	PASS
CAT-T2D	rs1510944	12	71477600	PASS
CAT-T2D	rs11178594	12	71478895	PASS
CAT-T2D	rs1960313	12	71481420	PASS
CAT-T2D	rs1960312	12	71481450	PASS
CAT-T2D	rs2088160	12	71484342	PASS
CAT-T2D	rs36071486	12	71487831	PASS
CAT-T2D	rs12831292	12	71490156	PASS
CAT-T2D	rs60903622	12	71490821	PASS
CAT-T2D	rs73134417	12	71490851	PASS
CAT-T2D	rs11178601	12	71491355	PASS
CAT-T2D	rs11178602	12	71491505	PASS
CAT-T2D	rs12816762	12	71491617	PASS
CAT-T2D	rs34952247	12	71491845	PASS
CAT-T2D	rs2132241	12	71504214	PASS
CAT-T2D	rs17226898	12	71585743	PASS
CAT-T2D	rs9922520	16	69545513	PASS
CAT-T2D	rs4783718	16	69547741	PASS
CAT-T2D	rs7200764	16	69548788	PASS
CAT-T2D	rs11866219	16	69549749	PASS
CAT-T2D	rs12924872	16	69552215	PASS
CAT-T2D	rs2311381	16	69555247	PASS
CAT-T2D	rs889398	16	69556715	PASS
CAT-T2D	rs4783720	16	69559696	PASS
CAT-T2D	rs4783721	16	69561156	PASS
CAT-T2D	rs62052815	16	69561826	PASS
CAT-T2D	rs62052816	16	69563406	PASS
CAT-T2D	rs56096139	16	69563412	PASS
CAT-T2D	rs13330951	16	69563842	PASS
CAT-T2D	rs7193778	16	69563890	PASS
CAT-T2D	rs1972659	16	69567411	PASS
CAT-T2D	rs11646575	16	69567781	PASS
CAT-T2D	rs12923231	16	69572892	PASS
CAT-T2D	rs62052820	16	69575238	PASS
CAT-T2D	rs8062941	16	69578482	PASS
CAT-T2D	rs35967356	16	69581354	PASS
CAT-T2D	rs4783722	16	69581912	PASS
CAT-T2D	rs11075726	16	69584523	PASS
CAT-T2D	rs6499231	16	69588016	PASS
CAT-T2D	rs1364063	16	69588572	PASS
CAT-T2D	rs1549287	16	69590366	PASS
CAT-T2D	rs11644997	16	69591167	PASS
CAT-T2D	rs1972658	16	69591283	PASS
CAT-T2D	rs1465451	16	69591580	PASS
CAT-T2D	rs8048032	16	69599803	PASS
CAT-T2D	rs12599391	16	69605349	PASS
CAT-T2D	rs7205551	16	69605968	PASS
CAT-T2D	rs7192543	16	69609359	PASS
CAT-T2D	rs244423	16	69610002	PASS
CAT-T2D	rs168637	16	69619388	PASS
CAT-T2D	rs244418	16	69622762	PASS
CAT-T2D	rs33060	16	69631748	PASS
CAT-T2D	rs33061	16	69633245	PASS
CAT-T2D	rs33063	16	69640217	PASS
CAT-T2D	rs862320	16	69651866	PASS
CAT-T2D	rs8061052	16	69656532	PASS
CAT-T2D	rs190282	16	69656889	PASS
CAT-T2D	rs244419	16	69657656	PASS
CAT-T2D	rs244420	16	69657996	PASS
CAT-T2D	rs7187634	16	69663371	PASS
CAT-T2D	rs244417	16	69663519	PASS
CAT-T2D	rs244416	16	69665208	PASS
CAT-T2D	rs244415	16	69666683	PASS
CAT-T2D	rs6499240	16	69686912	PASS
CAT-T2D	rs72783110	16	69695643	PASS
CAT-T2D	rs72783112	16	69697615	PASS
CAT-T2D	rs6499241	16	69698803	PASS
CAT-T2D	rs62049974	16	69711888	PASS
CAT-T2D	rs1437134	16	69730426	PASS
CAT-T2D	rs7359336	16	69733460	PASS
CAT-T2D	rs1043470	16	69737908	PASS
CAT-T2D	rs12918548	16	69739231	PASS
CAT-T2D	rs56125990	16	69742387	PASS
CAT-T2D	rs2917677	16	69750849	PASS
CAT-T2D	rs113441031	16	69763280	PASS
CAT-T2D	rs12149228	16	69765524	PASS
CAT-T2D	rs11075732	16	69766038	PASS
CAT-T2D	rs138993217	16	69770032	PASS
CAT-T2D	rs35808754	16	69771710	PASS
CAT-T2D	rs17299478	16	69775500	PASS
CAT-T2D	rs62050037	16	69784670	PASS
CAT-T2D	rs56259873	16	69789196	PASS
CAT-T2D	rs12925700	16	69793463	PASS
CAT-T2D	rs12925429	16	69801539	PASS
CAT-T2D	rs113420661	16	69818983	PASS
CAT-T2D	rs68161338	16	69823778	PASS
CAT-T2D	rs4275849	16	69832105	PASS
CAT-T2D	rs8063219	16	69832912	PASS
CAT-T2D	rs11075738	16	69836125	PASS
CAT-T2D	rs4985418	16	69837465	PASS
CAT-T2D	rs12927168	16	69840656	PASS
CAT-T2D	rs12919094	16	69843357	PASS
CAT-T2D	rs12598642	16	69848772	PASS
CAT-T2D	rs12446197	16	69854869	PASS
CAT-T2D	rs62051384	16	69859182	PASS
CAT-T2D	rs12921407	16	69860933	PASS
CAT-T2D	rs2937124	16	69862109	PASS
CAT-T2D	rs62051389	16	69862249	PASS
CAT-T2D	rs11075739	16	69864234	PASS
CAT-T2D	rs6499260	16	69864675	PASS
CAT-T2D	rs9630631	16	69866727	PASS
CAT-T2D	rs4985445	16	69867835	PASS
CAT-T2D	rs4985374	16	69869725	PASS
CAT-T2D	rs2937121	16	69870409	PASS
CAT-T2D	rs7206585	16	69872404	PASS
CAT-T2D	rs2291959	16	69873992	PASS
CAT-T2D	rs8059645	16	69874709	PASS
CAT-T2D	rs7202223	16	69875191	PASS
CAT-T2D	rs9940315	16	69876164	PASS
CAT-T2D	rs11641899	16	69877930	PASS
CAT-T2D	rs4985446	16	69880293	PASS
CAT-T2D	rs2102067	16	69881112	PASS
CAT-T2D	rs4296254	16	69881268	PASS
CAT-T2D	rs34378064	16	69882083	PASS
CAT-T2D	rs8052225	16	69883653	PASS
CAT-T2D	rs9936589	16	69884817	PASS
CAT-T2D	rs9936723	16	69884854	PASS
CAT-T2D	rs10852460	16	69885019	PASS
CAT-T2D	rs4985447	16	69885166	PASS
CAT-T2D	rs68039170	16	69886089	PASS
CAT-T2D	rs3790085	16	69887720	PASS
CAT-T2D	rs6499263	16	69890149	PASS
CAT-T2D	rs11648348	16	69890722	PASS
CAT-T2D	rs8047194	16	69891510	PASS
CAT-T2D	rs8048550	16	69891759	PASS
CAT-T2D	rs55887947	16	69893343	PASS
CAT-T2D	rs7202233	16	69894432	PASS
CAT-T2D	rs3790083	16	69895286	PASS
CAT-T2D	rs8050516	16	69896009	PASS
CAT-T2D	rs11645565	16	69896248	PASS
CAT-T2D	rs7196917	16	69896527	PASS
CAT-T2D	rs3790082	16	69896754	PASS
CAT-T2D	rs6499265	16	69897998	PASS
CAT-T2D	rs8063226	16	69898484	PASS
CAT-T2D	rs11075742	16	69898934	PASS
CAT-T2D	rs4985448	16	69899395	PASS
CAT-T2D	rs1566453	16	69899787	PASS
CAT-T2D	rs1566454	16	69900083	PASS
CAT-T2D	rs1500337	16	69901884	PASS
CAT-T2D	rs3790080	16	69902139	PASS
CAT-T2D	rs1116544	16	69902851	PASS
CAT-T2D	rs8060478	16	69902870	PASS
CAT-T2D	rs1566457	16	69904441	PASS
CAT-T2D	rs3790078	16	69906182	PASS
CAT-T2D	rs6499268	16	69906529	PASS
CAT-T2D	rs3790076	16	69907445	PASS
CAT-T2D	rs3790075	16	69907811	PASS
CAT-T2D	rs7190013	16	69908248	PASS
CAT-T2D	rs11075744	16	69909115	PASS
CAT-T2D	rs9927967	16	69911997	PASS
CAT-T2D	rs2133799	16	69913026	PASS
CAT-T2D	rs8047682	16	69913446	PASS
CAT-T2D	rs8052428	16	69913996	PASS
CAT-T2D	rs8044876	16	69916104	PASS
CAT-T2D	rs6499270	16	69917740	PASS
CAT-T2D	rs7196842	16	69923333	PASS
CAT-T2D	rs4146819	16	69923563	PASS
CAT-T2D	rs7193038	16	69926134	PASS
CAT-T2D	rs7192213	16	69926280	PASS
CAT-T2D	rs11642008	16	69928639	PASS
CAT-T2D	rs10852461	16	69928846	PASS
CAT-T2D	rs7200005	16	69929137	PASS
CAT-T2D	rs2362642	16	69931458	PASS
CAT-T2D	rs73572177	16	69931727	PASS
CAT-T2D	rs11075745	16	69934672	PASS
CAT-T2D	rs8043925	16	69939190	PASS
CAT-T2D	rs8049373	16	69939705	PASS
CAT-T2D	rs11075746	16	69940355	PASS
CAT-T2D	rs11075747	16	69940361	PASS
CAT-T2D	rs4985376	16	69944335	PASS
CAT-T2D	rs4985451	16	69945092	PASS
CAT-T2D	rs4985452	16	69945141	PASS
CAT-T2D	rs4985453	16	69945261	PASS
CAT-T2D	rs2362643	16	69945532	PASS
CAT-T2D	rs61611907	16	69947072	PASS
CAT-T2D	rs7196525	16	69947836	PASS
CAT-T2D	rs4985454	16	69948187	PASS
CAT-T2D	rs4985377	16	69948497	PASS
CAT-T2D	rs4985378	16	69948949	PASS
CAT-T2D	rs4985455	16	69948958	PASS
CAT-T2D	rs4985379	16	69949196	PASS
CAT-T2D	rs7192483	16	69949240	PASS
CAT-T2D	rs6499272	16	69949250	PASS
CAT-T2D	rs7193518	16	69949260	PASS
CAT-T2D	rs904810	16	69950656	PASS
CAT-T2D	rs904809	16	69951291	PASS
CAT-T2D	rs4985456	16	69952657	PASS
CAT-T2D	rs4985459	16	69953508	PASS
CAT-T2D	rs7192245	16	69955805	PASS
CAT-T2D	rs9922964	16	69955820	PASS
CAT-T2D	rs8051717	16	72245597	PASS
CAT-T2D	rs8062379	16	75236284	PASS
CAT-T2D	rs9921586	16	75245003	PASS
CAT-T2D	rs7202844	16	75247391	PASS
CAT-T2D	rs8112196	19	45325309	PASS
CAT-T2D	rs6509172	19	45325391	PASS
CAT-T2D	rs10406338	19	45326217	PASS
CAT-T2D	rs10405693	19	45326664	PASS
CAT-T2D	rs1871045	19	45326768	PASS
CAT-T2D	rs10412413	19	45327309	PASS
CAT-T2D	rs58446550	19	45328380	PASS
CAT-T2D	rs10402271	19	45329214	PASS
CAT-T2D	rs10402524	19	45329344	PASS
CAT-T2D	rs3021439	19	45336443	PASS
CAT-T2D	rs2927481	19	45337249	PASS
CAT-T2D	rs73048293	19	45340736	PASS
CAT-T2D	rs12462274	19	45341540	PASS
CAT-T2D	rs12459575	19	45341904	PASS
CAT-T2D	rs4803761	19	45342114	PASS
CAT-T2D	rs4803762	19	45342161	PASS
CAT-T2D	rs2199575	19	45345623	PASS
CAT-T2D	rs1001611	19	45346768	PASS
CAT-T2D	rs10426423	19	45348253	PASS
CAT-T2D	rs12162222	19	45348522	PASS
CAT-T2D	rs1871047	19	45351746	PASS
CAT-T2D	rs4802240	19	45352804	PASS
CAT-T2D	rs57537848	19	45354044	PASS
CAT-T2D	rs11666329	19	45354296	PASS
CAT-T2D	rs4803764	19	45357377	PASS
CAT-T2D	rs56317818	19	45359586	PASS
CAT-T2D	rs12462573	19	45359706	PASS
CAT-T2D	rs12972970	19	45387596	PASS
CAT-T2D	rs34342646	19	45388130	PASS
CAT-T2D	rs283815	19	45390333	PASS
CAT-T2D	rs6857	19	45392254	PASS
CAT-T2D	rs71352238	19	45394336	PASS
CAT-T2D	rs184017	19	45394969	PASS
CAT-T2D	rs2075650	19	45395619	PASS
CAT-T2D	rs157581	19	45395714	PASS
CAT-T2D	rs34095326	19	45395844	PASS
CAT-T2D	rs11556505	19	45396144	PASS
CAT-T2D	rs157582	19	45396219	PASS
CAT-T2D	rs59007384	19	45396665	PASS
CAT-T2D	rs10119	19	45406673	PASS
CAT-T2D	rs769449	19	45410002	PASS
CAT-T2D	rs429358	19	45411941	PASS
CAT-T2D	rs75627662	19	45413576	PASS
CAT-T2D	rs10414043	19	45415713	PASS
CAT-T2D	rs7256200	19	45415935	PASS
CAT-T2D	rs483082	19	45416178	PASS
CAT-T2D	rs438811	19	45416741	PASS
CAT-T2D	rs5117	19	45418790	PASS
CAT-T2D	rs12721046	19	45421254	PASS
CAT-T2D	rs56131196	19	45422846	PASS
CAT-T2D	rs4420638	19	45422946	PASS
CAT-T2D	rs66626994	19	45428234	PASS
CAT-T2D	rs2287990	16	75258617	PASS
CAT-T2D	rs13337017	16	75272367	PASS
CAT-T2D	rs8048529	16	75275630	PASS
CAT-T2D	rs3826110	16	75277780	PASS
CAT-T2D	rs28439846	16	75280378	PASS
CAT-T2D	rs3743614	16	75280958	PASS
CAT-T2D	rs28595463	16	75281235	PASS
CAT-T2D	rs60879082	16	75283065	PASS
CAT-T2D	rs13337397	16	75295639	PASS
CAT-T2D	rs8063014	16	75297673	PASS
CAT-T2D	rs73605136	16	75299967	PASS
CAT-T2D	rs73605139	16	75300038	PASS
CAT-T2D	rs72804106	16	75301974	PASS
CAT-T2D	rs11670462	19	46148386	PASS
CAT-T2D	rs4401130	18	19480301	PASS
CAT-T2D	rs8099409	18	20953720	PASS
CAT-T2D	rs114202986	6	31375917	PASS
CAT-T2D	rs34430055	3	12301571	PASS
CAT-T2D	rs73115426	12	66240774	PASS
CAT-T2D	rs55888430	6	32785142	PASS
CAT-T2D	rs13081389	3	12289800	PASS
CAT-T2D	rs71304096	3	12299365	PASS
CAT-T2D	rs13088598	3	12301063	PASS
CAT-T2D	rs28929474	14	94844947	PASS
CAT-T2D	rs13071168	3	12275447	PASS
CAT-T2D	rs35316189	3	12298567	PASS
CAT-T2D	rs146003472	6	32390751	PASS
CAT-T2D	rs150535373	3	12410328	PASS
CAT-T2D	rs73119881	12	66258777	PASS
CAT-T2D	rs3218808	6	30876017	PASS
CAT-T2D	rs142053364	17	40697551	PASS
CAT-T2D	rs71304097	3	12299615	PASS
CAT-T2D	rs73115418	12	66225238	PASS
CAT-T2D	rs73115429	12	66242910	PASS
CAT-T2D	rs73131930	12	66169729	PASS
CAT-T2D	rs142183094	10	114797078	PASS
CAT-T2D	rs57912571	6	32750921	PASS
CAT-T2D	rs145269503	6	31705126	PASS
CAT-T2D	rs145985747	12	66198006	PASS
CAT-T2D	rs150037540	16	75255320	PASS
CAT-T2D	rs3763288	6	31370367	PASS
CAT-T2D	rs34881099	3	12291502	PASS
CAT-T2D	rs142601548	2	43592934	PASS
CAT-T2D	rs73119894	12	66260716	PASS
CAT-T2D	rs34685612	3	12299983	PASS
CAT-T2D	rs1380616	12	66233124	PASS
CAT-T2D	rs115818172	12	66256701	PASS
CAT-T2D	rs116313472	10	114721774	PASS
POAG-AD	rs3217986	9	22005330	PASS
POAG-AD	rs12352425	9	22042086	PASS
POAG-AD	rs12544831	8	118980246	PASS
POAG-AD	rs10955844	8	118992150	PASS
POAG-AD	rs10955845	8	118997131	PASS
POAG-AD	rs12543161	8	118997146	PASS
POAG-AD	rs12264219	10	60230988	PASS
POAG-AD	rs10826196	10	60231574	PASS
POAG-AD	rs11006159	10	60242465	PASS
POAG-AD	rs3847326	10	65331859	PASS
POAG-AD	rs7190802	16	31163531	PASS
POAG-AD	rs11160006	14	91890677	PASS
POAG-AD	rs1187739	14	95949056	PASS
POAG-AD	rs1187735	14	95951452	PASS
POAG-AD	rs8061329	16	70662323	PASS
POAG-AD	rs11866403	16	70666410	PASS
POAG-AD	rs6499328	16	70666722	PASS
POAG-AD	rs6499330	16	70677785	PASS
POAG-AD	rs12919296	16	70679385	PASS
POAG-AD	rs12923636	16	70679652	PASS
POAG-AD	rs11865804	16	70681491	PASS
POAG-AD	rs2168608	16	70682694	PASS
POAG-AD	rs9933834	16	70683178	PASS
POAG-AD	rs4985555	16	70690166	PASS
POAG-AD	rs4985556	16	70694000	PASS
POAG-AD	rs4782279	16	19759007	PASS
POAG-AD	rs16951276	16	19762935	PASS
POAG-AD	rs8053136	16	19767129	PASS
POAG-AD	rs6497402	16	19769394	PASS
POAG-AD	rs4782281	16	19769823	PASS
POAG-AD	rs9931167	16	19792598	PASS
POAG-AD	rs12444183	16	81773209	PASS
POAG-AD	rs4328435	16	81804972	PASS
POAG-AD	rs3017432	21	28147728	PASS
POAG-AD	rs2830497	21	28154208	PASS
POAG-AD	rs714948	19	45165912	PASS
POAG-AD	rs1871045	19	45326768	PASS
POAG-AD	rs10426423	19	45348253	PASS
POAG-AD	rs387976	19	45379060	PASS
POAG-AD	rs11667640	19	45379791	PASS
POAG-AD	rs11672894	19	45801951	PASS
POAG-AD	rs8068853	17	19402097	PASS
POAG-AD	rs7222869	17	19417761	PASS
POAG-AD	rs7288631	22	19836148	PASS
POAG-AD	rs3196628	22	19837275	PASS
POAG-AD	rs10372	22	19837298	PASS
POAG-AD	rs11704009	22	19840123	PASS
POAG-AD	rs35169076	22	19841501	PASS
POAG-AD	rs12106549	22	19846987	PASS
POAG-AD	rs6518585	22	19849501	PASS
POAG-AD	rs35374520	22	19851149	PASS
POAG-AD	rs9754418	22	19854733	PASS
POAG-AD	rs7285948	22	19861127	PASS
POAG-AD	rs1044732	22	19863142	PASS
POAG-AD	rs16984299	22	19863593	PASS
POAG-AD	rs7288061	22	19864239	PASS
POAG-AD	rs8141610	22	19870147	PASS
POAG-AD	rs12158214	22	19871691	PASS
POAG-AD	rs3115086	17	28025949	PASS
POAG-AD	rs3102560	17	28029938	PASS
POAG-AD	rs3115088	17	28031275	PASS
POAG-AD	rs3115090	17	28035014	PASS
POAG-AD	rs3115092	17	28036350	PASS
POAG-AD	rs2874505	17	28037923	PASS
POAG-AD	rs3102562	17	28040403	PASS
POAG-AD	rs3102555	17	28044101	PASS
POAG-AD	rs2617865	17	28049804	PASS
POAG-AD	rs880749	17	28059970	PASS
POAG-AD	rs2729449	17	28089751	PASS
POAG-AD	rs2617875	17	28090024	PASS
POAG-AD	rs2628166	17	28113123	PASS
POAG-AD	rs2628165	17	28121166	PASS
POAG-AD	rs2729435	17	28121532	PASS
POAG-AD	rs2729451	17	28131334	PASS
POAG-AD	rs6505143	17	28150585	PASS
POAG-AD	rs9909128	17	28161482	PASS
POAG-AD	rs7226121	17	28208125	PASS
POAG-AD	rs12600855	17	28279591	PASS
POAG-AD	rs9897794	17	28296327	PASS
POAG-AD	rs12150261	17	28320473	PASS
POAG-AD	rs9900911	17	28330280	PASS
POAG-AD	rs7223786	17	28332107	PASS
POAG-AD	rs7212497	17	28335949	PASS
POAG-AD	rs7217638	17	28336772	PASS
POAG-AD	rs4328498	17	28344276	PASS
POAG-AD	rs9902453	17	28349095	PASS
POAG-AD	rs4528633	17	28356136	PASS
POAG-AD	rs7225686	17	28356744	PASS
POAG-AD	rs9896062	17	28357047	PASS
POAG-AD	rs9912741	17	28359511	PASS
POAG-AD	rs8071742	17	28361669	PASS
POAG-AD	rs9900974	17	28364456	PASS
POAG-AD	rs4547389	17	28364768	PASS
POAG-AD	rs7220004	17	28369548	PASS
POAG-AD	rs7219456	17	28374112	PASS
POAG-AD	rs11653805	17	28378276	PASS
POAG-AD	rs9890205	17	28382704	PASS
POAG-AD	rs4075623	17	28386526	PASS
POAG-AD	rs4239227	17	28389103	PASS
POAG-AD	rs9890886	17	28391076	PASS
POAG-AD	rs9906340	17	28398977	PASS
POAG-AD	rs7207021	17	28400516	PASS
POAG-AD	rs7218379	17	28402737	PASS
POAG-AD	rs6505158	17	28403348	PASS
POAG-AD	rs11080114	17	28407287	PASS
POAG-AD	rs7221743	17	28407876	PASS
POAG-AD	rs12941382	17	28410124	PASS
POAG-AD	rs12948898	17	28410324	PASS
POAG-AD	rs8065059	17	28417376	PASS
POAG-AD	rs8065261	17	28418041	PASS
POAG-AD	rs7213076	17	28419428	PASS
POAG-AD	rs4350617	17	28423088	PASS
POAG-AD	rs4581755	17	28427898	PASS
POAG-AD	rs4795529	17	28443549	PASS
POAG-AD	rs8080343	17	28456758	PASS
POAG-AD	rs4429345	17	28458105	PASS
POAG-AD	rs8074028	17	28461687	PASS
POAG-AD	rs9896012	17	28470091	PASS
POAG-AD	rs11080118	17	28475379	PASS
POAG-AD	rs9902340	17	28476458	PASS
POAG-AD	rs4343336	17	28488236	PASS
POAG-AD	rs4356528	17	28489670	PASS
POAG-AD	rs7221154	17	28505024	PASS
POAG-AD	rs2054846	17	28507693	PASS
POAG-AD	rs17825877	17	28515188	PASS
POAG-AD	rs1906451	17	28515479	PASS
POAG-AD	rs8066731	17	28523121	PASS
POAG-AD	rs3813034	17	28524804	PASS
POAG-AD	rs1042173	17	28525011	PASS
POAG-AD	rs9303628	17	28527228	PASS
POAG-AD	rs140701	17	28538532	PASS
POAG-AD	rs2020939	17	28550732	PASS
POAG-CKD	rs1439693	2	35859748	PASS
POAG-CKD	rs1439694	2	35859763	PASS
POAG-CKD	rs6545423	2	54746709	PASS
POAG-CKD	rs7605342	2	64856267	PASS
POAG-CKD	rs6733315	2	64857761	PASS
POAG-CKD	rs10186940	2	64857836	PASS
POAG-CKD	rs715	2	211543055	PASS
POAG-CKD	rs16844839	2	211581245	PASS
POAG-CKD	rs10932355	2	211600311	PASS
POAG-CKD	rs16844874	2	211602416	PASS
POAG-CKD	rs1724120	2	96809331	PASS
POAG-CKD	rs2969489	2	96811434	PASS
POAG-CKD	rs7058	2	96917588	PASS
POAG-CKD	rs6932515	6	136387286	PASS
POAG-CKD	rs6570062	6	136388422	PASS
POAG-CKD	rs975675	6	136393805	PASS
POAG-CKD	rs2209331	6	136442606	PASS
POAG-CKD	rs3757155	6	136458593	PASS
POAG-CKD	rs2046091	6	136459249	PASS
POAG-CKD	rs4896198	6	136465433	PASS
POAG-CKD	rs2170231	6	136467134	PASS
POAG-CKD	rs1471545	6	136471707	PASS
POAG-CKD	rs4896201	6	136472439	PASS
POAG-CKD	rs10947613	6	36572340	PASS
POAG-CKD	rs10945656	6	160635886	PASS
POAG-CKD	rs3127592	6	160637844	PASS
POAG-CKD	rs3103353	6	160638076	PASS
POAG-CKD	rs3103352	6	160638725	PASS
POAG-CKD	rs10755577	6	160640494	PASS
POAG-CKD	rs3127575	6	160644012	PASS
POAG-CKD	rs10945657	6	160652929	PASS
POAG-CKD	rs3127573	6	160681393	PASS
POAG-CKD	rs3127572	6	160682218	PASS
POAG-CKD	rs3119309	6	160685072	PASS
POAG-CKD	rs7756836	6	160689257	PASS
POAG-CKD	rs7757336	6	160689558	PASS
POAG-CKD	rs3119311	6	160693107	PASS
POAG-CKD	rs3125056	6	160735281	PASS
POAG-CKD	rs1888722	9	71218049	PASS
POAG-CKD	rs10082474	10	60230128	PASS
POAG-CKD	rs12264219	10	60230988	PASS
POAG-CKD	rs10826196	10	60231574	PASS
POAG-CKD	rs11006159	10	60242465	PASS
POAG-CKD	rs10826197	10	60242641	PASS
POAG-CKD	rs10763548	10	60245684	PASS
POAG-CKD	rs7068336	10	60261070	PASS
POAG-CKD	rs6481397	10	60261697	PASS
POAG-CKD	rs7907007	10	60264002	PASS
POAG-CKD	rs1427207	10	60264371	PASS
POAG-CKD	rs920259	10	60396065	PASS
POAG-CKD	rs7146988	14	60811204	PASS
POAG-CKD	rs2895728	12	79802302	PASS
POAG-CKD	rs4842266	12	79951566	PASS
POAG-CKD	rs4842316	12	79974565	PASS
POAG-CKD	rs7305141	12	80015573	PASS
POAG-CKD	rs4842318	12	80044167	PASS
POAG-CKD	rs12827748	12	80088578	PASS
POAG-CKD	rs3110191	12	83909897	PASS
POAG-CKD	rs10862688	12	83922912	PASS
POAG-CKD	rs904091	12	83950668	PASS
POAG-CKD	rs324769	12	83969240	PASS
POAG-CKD	rs324782	12	83991479	PASS
POAG-CKD	rs1497341	12	84007581	PASS
POAG-CKD	rs10506895	12	84049853	PASS
POAG-CKD	rs1391072	12	84060843	PASS
POAG-CKD	rs4882464	12	84064025	PASS
POAG-CKD	rs10779023	12	84074475	PASS
POAG-CKD	rs1115295	12	84094938	PASS
POAG-CKD	rs6539779	12	84111604	PASS
POAG-CKD	rs1903303	12	84122435	PASS
POAG-CKD	rs936454	12	84123772	PASS
POAG-CKD	rs7486401	12	84123813	PASS
POAG-CKD	rs17811547	12	84161715	PASS
POAG-CKD	rs17813210	12	84206503	PASS
POAG-CKD	rs9943845	12	84209378	PASS
POAG-CKD	rs2403151	12	84210234	PASS
POAG-CKD	rs1841335	12	84213699	PASS
POAG-CKD	rs7960073	12	84216310	PASS
POAG-CKD	rs7198000	16	20351937	PASS
POAG-CKD	rs4321205	16	20375536	PASS
POAG-CKD	rs4280249	16	20375549	PASS
POAG-CKD	rs4369676	16	20375667	PASS
POAG-CKD	rs8054266	16	20376755	PASS
POAG-CKD	rs12920708	16	20407237	PASS
POAG-CKD	rs4785333	16	49755875	PASS
POAG-CKD	rs11648508	16	58063513	PASS
POAG-CKD	rs12611125	19	40038291	PASS
POAG-CKD	rs1836011	19	40073958	PASS
POAG-CKD	rs17641650	19	40078431	PASS
POAG-CKD	rs2075650	19	45395619	PASS
POAG-CKD	rs17111	16	84857244	PASS
POAG-CKD	rs10372	22	19837298	PASS
POAG-CKD	rs11704009	22	19840123	PASS
POAG-CKD	rs35169076	22	19841501	PASS
POAG-CKD	rs7285948	22	19861127	PASS
POAG-PD	rs4663916	2	239491403	PASS
POAG-PD	rs6758538	2	239494501	PASS
POAG-PD	rs4663927	2	239502025	PASS
POAG-PD	rs6431607	2	239502768	PASS
POAG-PD	rs4663314	2	239503877	PASS
POAG-PD	rs4663315	2	239503892	PASS
POAG-PD	rs4663318	2	239507781	PASS
POAG-PD	rs4663319	2	239508131	PASS
POAG-PD	rs6431612	2	239511024	PASS
POAG-PD	rs7579059	2	239515947	PASS
POAG-PD	rs6723108	2	135479980	PASS
POAG-PD	rs10496731	2	135597628	PASS
POAG-PD	rs6729702	2	135602156	PASS
POAG-PD	rs1530557	2	135606879	PASS
POAG-PD	rs6730306	2	135609167	PASS
POAG-PD	rs2053726	2	135610154	PASS
POAG-PD	rs6430547	2	135612422	PASS
POAG-PD	rs1446523	2	135616621	PASS
POAG-PD	rs6706537	2	135618982	PASS
POAG-PD	rs6430552	2	135622808	PASS
POAG-PD	rs3819121	2	135622860	PASS
POAG-PD	rs7593370	2	135623517	PASS
POAG-PD	rs3814358	2	135624008	PASS
POAG-PD	rs12469941	2	135629927	PASS
POAG-PD	rs1446524	2	135631331	PASS
POAG-PD	rs2166480	2	135637338	PASS
POAG-PD	rs4954193	2	135642180	PASS
POAG-PD	rs6714498	2	135650766	PASS
POAG-PD	rs7589297	2	135652399	PASS
POAG-PD	rs4954197	2	135662244	PASS
POAG-PD	rs12469411	2	135664556	PASS
POAG-PD	rs1374289	2	135694379	PASS
POAG-PD	rs4953938	2	135694848	PASS
POAG-PD	rs1979033	2	135705558	PASS
POAG-PD	rs10166142	2	135710322	PASS
POAG-PD	rs3814355	2	135711516	PASS
POAG-PD	rs3814354	2	135711657	PASS
POAG-PD	rs3769023	2	135713703	PASS
POAG-PD	rs1947112	2	135715957	PASS
POAG-PD	rs1592	2	135722143	PASS
POAG-PD	rs1530559	2	135755629	PASS
POAG-PD	rs2932537	1	113230394	PASS
POAG-PD	rs2279500	1	113244433	PASS
POAG-PD	rs35902694	1	155042886	PASS
POAG-PD	rs3766916	1	155049402	PASS
POAG-PD	rs1462855	1	155053719	PASS
POAG-PD	rs6822055	4	77196188	PASS
POAG-PD	rs17236661	4	77196476	PASS
POAG-PD	rs1946959	4	77196677	PASS
POAG-PD	rs6812193	4	77198986	PASS
POAG-PD	rs6445054	3	171992009	PASS
POAG-PD	rs6445055	3	171992387	PASS
POAG-PD	rs4894535	3	171995605	PASS
POAG-PD	rs1837890	4	90736006	PASS
POAG-PD	rs2619372	4	90736727	PASS
POAG-PD	rs9312873	5	14777799	PASS
POAG-PD	rs11133797	5	14839299	PASS
POAG-STROKE	rs9967819	2	153375421	PASS
POAG-STROKE	rs228725	1	7929819	PASS
POAG-STROKE	rs228720	1	7933457	PASS
POAG-STROKE	rs228719	1	7934171	PASS
POAG-STROKE	rs228716	1	7936272	PASS
POAG-STROKE	rs227163	1	7961206	PASS
POAG-STROKE	rs12723198	1	165702346	PASS
POAG-STROKE	rs7411708	1	165726278	PASS
POAG-STROKE	rs10918276	1	165726670	PASS
POAG-STROKE	rs6426940	1	165733483	PASS
POAG-STROKE	rs10918281	1	165734088	PASS
POAG-STROKE	rs2814470	1	165739655	PASS
POAG-STROKE	rs666334	2	45884213	PASS
POAG-STROKE	rs10497673	2	187731384	PASS
POAG-STROKE	rs10169039	2	187835217	PASS
POAG-STROKE	rs3911202	2	187875181	PASS
POAG-STROKE	rs11695426	2	187888143	PASS
POAG-STROKE	rs3911199	2	187891566	PASS
POAG-STROKE	rs1565078	2	187934476	PASS
POAG-STROKE	rs12623026	2	187944900	PASS
POAG-STROKE	rs7576895	2	187950140	PASS
POAG-STROKE	rs1565076	2	187985322	PASS
POAG-STROKE	rs1487395	2	187990584	PASS
POAG-STROKE	rs10183059	2	188015386	PASS
POAG-STROKE	rs10165029	2	188046690	PASS
POAG-STROKE	rs3771078	2	188270337	PASS
POAG-STROKE	rs17464221	2	188278203	PASS
POAG-STROKE	rs7591567	2	188304446	PASS
POAG-STROKE	rs1355519	2	188308604	PASS
POAG-STROKE	rs10179705	2	188315234	PASS
POAG-STROKE	rs10203398	2	188315577	PASS
POAG-STROKE	rs11897572	2	188316181	PASS
POAG-STROKE	rs13424790	2	188323852	PASS
POAG-STROKE	rs8176583	2	188334401	PASS
POAG-STROKE	rs8176580	2	188335246	PASS
POAG-STROKE	rs8176546	2	188340396	PASS
POAG-STROKE	rs8176541	2	188341047	PASS
POAG-STROKE	rs7598858	2	188343131	PASS
POAG-STROKE	rs7586970	2	188343497	PASS
POAG-STROKE	rs8176479	2	188357179	PASS
POAG-STROKE	rs782628	2	55900938	PASS
POAG-STROKE	rs11125589	2	55941440	PASS
POAG-STROKE	rs11206186	1	54117985	PASS
POAG-STROKE	rs1465035	1	54119913	PASS
POAG-STROKE	rs12733756	1	54120307	PASS
POAG-STROKE	rs2141079	1	54120873	PASS
POAG-STROKE	rs2950241	1	54129591	PASS
POAG-STROKE	rs2948042	1	54152703	PASS
POAG-STROKE	rs11118275	1	219497096	PASS
POAG-STROKE	rs8008796	14	60927248	PASS
POAG-STROKE	rs2895728	12	79802302	PASS
POAG-STROKE	rs11835122	12	87028049	PASS
POAG-STROKE	rs2042869	12	87055983	PASS
POAG-STROKE	rs8006778	14	75071093	PASS
POAG-STROKE	rs4903249	14	75083881	PASS
POAG-STROKE	rs888419	14	75089095	PASS
POAG-STROKE	rs1558932	14	75090346	PASS
POAG-STROKE	rs11627134	14	75098696	PASS
POAG-STROKE	rs9927179	16	49743339	PASS
POAG-STROKE	rs9317963	13	71389332	PASS
POAG-STROKE	rs1345466	16	51370225	PASS
POAG-STROKE	rs4784274	16	51454123	PASS
POAG-STROKE	rs17616757	16	51460113	PASS
POAG-STROKE	rs3782933	13	73641750	PASS
POAG-STROKE	rs7246865	19	17219105	PASS
POAG-STROKE	rs2836488	21	39908540	PASS
POAG-STROKE	rs8059654	16	87573886	PASS
POAG-STROKE	rs12932271	16	87574280	PASS
POAG-STROKE	rs12445022	16	87575332	PASS
POAG-STROKE	rs2727074	17	3994670	PASS
POAG-STROKE	rs7210608	17	9874244	PASS
POAG-STROKE	rs11078832	17	10018742	PASS
POAG-STROKE	rs2157697	17	10027566	PASS
POAG-STROKE	rs9889528	17	10035337	PASS
POAG-T2D	rs6720819	2	121449337	PASS
POAG-T2D	rs713162	1	103216881	PASS
POAG-T2D	rs10735776	1	103218185	PASS
POAG-T2D	rs4908262	1	103225699	PASS
POAG-T2D	rs921416	1	103228579	PASS
POAG-T2D	rs10782904	1	103251006	PASS
POAG-T2D	rs1451042	1	103278710	PASS
POAG-T2D	rs11164616	1	103286648	PASS
POAG-T2D	rs10874660	1	103324532	PASS
POAG-T2D	rs12404334	1	103325774	PASS
POAG-T2D	rs2229783	1	103352451	PASS
POAG-T2D	rs1620866	1	103368237	PASS
POAG-T2D	rs3753841	1	103379918	PASS
POAG-T2D	rs12138977	1	103393457	PASS
POAG-T2D	rs2793823	1	120437718	PASS
POAG-T2D	rs5025718	1	120478285	PASS
POAG-T2D	rs10888585	1	150504947	PASS
POAG-T2D	rs7610906	3	23494496	PASS
POAG-T2D	rs13090630	3	168918019	PASS
POAG-T2D	rs13076441	3	168967323	PASS
POAG-T2D	rs12633242	3	168975395	PASS
POAG-T2D	rs6792607	3	170610316	PASS
POAG-T2D	rs6769079	3	170628132	PASS
POAG-T2D	rs6770420	3	170649749	PASS
POAG-T2D	rs7430672	3	170662923	PASS
POAG-T2D	rs7628878	3	170671429	PASS
POAG-T2D	rs11924032	3	170735099	PASS
POAG-T2D	rs5396	3	170744815	PASS
POAG-T2D	rs7660000	4	89751858	PASS
POAG-T2D	rs3774723	3	63962339	PASS
POAG-T2D	rs2062537	5	14767172	PASS
POAG-T2D	rs3087948	5	14768308	PASS
POAG-T2D	rs9312873	5	14777799	PASS
POAG-T2D	rs412056	5	14807020	PASS
POAG-T2D	rs31910	5	14810834	PASS
POAG-T2D	rs16903710	5	14814329	PASS
POAG-T2D	rs10054602	5	14814841	PASS
POAG-T2D	rs31916	5	14814883	PASS
POAG-T2D	rs26306	5	14815699	PASS
POAG-T2D	rs27353	5	14816622	PASS
POAG-T2D	rs31917	5	14819417	PASS
POAG-T2D	rs398961	5	14824172	PASS
POAG-T2D	rs379016	5	14824413	PASS
POAG-T2D	rs1620976	5	14830512	PASS
POAG-T2D	rs10474705	5	14831426	PASS
POAG-T2D	rs10474706	5	14835061	PASS
POAG-T2D	rs9312874	5	14835313	PASS
POAG-T2D	rs13436301	5	14838909	PASS
POAG-T2D	rs11133797	5	14839299	PASS
POAG-T2D	rs7715323	5	14839653	PASS
POAG-T2D	rs6893519	5	14846467	PASS
POAG-T2D	rs2270560	5	14847250	PASS
POAG-T2D	rs329120	5	133861756	PASS
POAG-T2D	rs329122	5	133864599	PASS
POAG-T2D	rs329124	5	133865452	PASS
POAG-T2D	rs9369425	6	43810974	PASS
POAG-T2D	rs6937438	6	43815364	PASS
POAG-T2D	rs12528998	6	50664180	PASS
POAG-T2D	rs2272903	6	50786571	PASS
POAG-T2D	rs987237	6	50803050	PASS
POAG-T2D	rs1569777	6	50808745	PASS
POAG-T2D	rs2635727	6	50820940	PASS
POAG-T2D	rs9473924	6	50834157	PASS
POAG-T2D	rs734597	6	50836279	PASS
POAG-T2D	rs9473932	6	50857995	PASS
POAG-T2D	rs943005	6	50865820	PASS
POAG-T2D	rs4715210	6	50897251	PASS
POAG-T2D	rs3857596	6	50905067	PASS
POAG-T2D	rs9381917	6	50911334	PASS
POAG-T2D	rs10484665	6	50942550	PASS
POAG-T2D	rs11759809	6	50955081	PASS
POAG-T2D	rs4711966	6	50963777	PASS
POAG-T2D	rs7775861	6	51068717	PASS
POAG-T2D	rs968147	6	51074667	PASS
POAG-T2D	rs2505283	6	51075280	PASS
POAG-T2D	rs9463672	6	51097410	PASS
POAG-T2D	rs7762246	6	51099256	PASS
POAG-T2D	rs17738108	6	51147806	PASS
POAG-T2D	rs2397046	6	51271813	PASS
POAG-T2D	rs10498788	6	51382397	PASS
POAG-T2D	rs2784233	6	51513501	PASS
POAG-T2D	rs4719331	7	1914679	PASS
POAG-T2D	rs7788921	7	1915282	PASS
POAG-T2D	rs10278591	7	1921362	PASS
POAG-T2D	rs6951956	7	1934131	PASS
POAG-T2D	rs10267593	7	1937261	PASS
POAG-T2D	rs11773627	7	2002733	PASS
POAG-T2D	rs11764590	7	2032803	PASS
POAG-T2D	rs3996325	7	2053747	PASS
POAG-T2D	rs4721321	7	2068470	PASS
POAG-T2D	rs1533827	7	2074290	PASS
POAG-T2D	rs1533829	7	2082841	PASS
POAG-T2D	rs10276536	7	2086960	PASS
POAG-T2D	rs6461115	7	2103668	PASS
POAG-T2D	rs3823624	7	2110346	PASS
POAG-T2D	rs7776980	7	117496319	PASS
POAG-T2D	rs7807677	7	117502574	PASS
POAG-T2D	rs10259910	7	117503982	PASS
POAG-T2D	rs6965740	7	117514840	PASS
POAG-T2D	rs727164	7	117532152	PASS
POAG-T2D	rs1477114	7	117547682	PASS
POAG-T2D	rs2193257	7	117550244	PASS
POAG-T2D	rs1548460	7	117567491	PASS
POAG-T2D	rs1548461	7	117567576	PASS
POAG-T2D	rs10276758	7	117581953	PASS
POAG-T2D	rs7782815	7	117585779	PASS
POAG-T2D	rs10487380	7	117586291	PASS
POAG-T2D	rs6966339	7	117589208	PASS
POAG-T2D	rs989996	7	117642252	PASS
POAG-T2D	rs10249457	7	117652571	PASS
POAG-T2D	rs17569137	7	117655580	PASS
POAG-T2D	rs10515764	5	157945180	PASS
POAG-T2D	rs2963436	5	157953813	PASS
POAG-T2D	rs2946178	5	157958432	PASS
POAG-T2D	rs970916	5	157977423	PASS
POAG-T2D	rs1428445	5	157995803	PASS
POAG-T2D	rs2963475	5	157996329	PASS
POAG-T2D	rs2963472	5	157999022	PASS
POAG-T2D	rs2914228	5	158007165	PASS
POAG-T2D	rs975630	5	158020790	PASS
POAG-T2D	rs2434612	5	158022041	PASS
POAG-T2D	rs1650505	5	158029734	PASS
POAG-T2D	rs10276381	7	28190121	PASS
POAG-T2D	rs2569865	6	1529787	PASS
POAG-T2D	rs2745571	6	1568870	PASS
POAG-T2D	rs2338	6	1573613	PASS
POAG-T2D	rs9378638	6	1579190	PASS
POAG-T2D	rs3800136	6	1921848	PASS
POAG-T2D	rs11969985	6	1922907	PASS
POAG-T2D	rs2761233	6	1949101	PASS
POAG-T2D	rs2628445	6	1951581	PASS
POAG-T2D	rs7759192	6	1954508	PASS
POAG-T2D	rs17619162	7	39368609	PASS
POAG-T2D	rs2074937	7	39378982	PASS
POAG-T2D	rs2074935	7	39379791	PASS
POAG-T2D	rs1019083	7	39414081	PASS
POAG-T2D	rs17686887	7	39429036	PASS
POAG-T2D	rs7772956	6	20529542	PASS
POAG-T2D	rs11963450	6	20534974	PASS
POAG-T2D	rs13212040	6	20540617	PASS
POAG-T2D	rs10484634	6	20542197	PASS
POAG-T2D	rs16883914	6	20559611	PASS
POAG-T2D	rs13205786	6	20578852	PASS
POAG-T2D	rs13212326	6	20598303	PASS
POAG-T2D	rs7748720	6	20689945	PASS
POAG-T2D	rs4895799	6	126052729	PASS
POAG-T2D	rs7758115	6	126061502	PASS
POAG-T2D	rs3966775	6	126067655	PASS
POAG-T2D	rs980014	6	126068001	PASS
POAG-T2D	rs3799711	6	126075313	PASS
POAG-T2D	rs3799709	6	126078361	PASS
POAG-T2D	rs9321054	6	126079968	PASS
POAG-T2D	rs1159974	6	126090277	PASS
POAG-T2D	rs9388451	6	126090377	PASS
POAG-T2D	rs9398787	6	126090608	PASS
POAG-T2D	rs1028481	6	126106573	PASS
POAG-T2D	rs9388454	6	126115383	PASS
POAG-T2D	rs9375411	6	126116953	PASS
POAG-T2D	rs1591805	6	126717064	PASS
POAG-T2D	rs2184968	6	126760994	PASS
POAG-T2D	rs4559102	6	126773580	PASS
POAG-T2D	rs9368938	6	36549752	PASS
POAG-T2D	rs7741888	6	36552304	PASS
POAG-T2D	rs2145048	6	36557580	PASS
POAG-T2D	rs1812018	6	36557976	PASS
POAG-T2D	rs9394363	6	36558964	PASS
POAG-T2D	rs7344	6	36570366	PASS
POAG-T2D	rs7743396	6	36579252	PASS
POAG-T2D	rs6913530	6	36598209	PASS
POAG-T2D	rs4713989	6	36604198	PASS
AMD-AD	rs2404175	2	127783891	PASS
AMD-AD	rs17694125	2	127789641	PASS
AMD-AD	rs3754617	2	127814835	PASS
AMD-AD	rs2276582	2	127816424	PASS
AMD-AD	rs3768857	2	127829282	PASS
AMD-AD	rs17014873	2	127830219	PASS
AMD-AD	rs10200967	2	127841769	PASS
AMD-AD	rs4663098	2	127873035	PASS
AMD-AD	rs10929009	2	127878839	PASS
AMD-AD	rs1561277	2	136092061	PASS
AMD-AD	rs1446585	2	136407479	PASS
AMD-AD	rs7637449	3	56628031	PASS
AMD-AD	rs9833926	3	56650178	PASS
AMD-AD	rs4681725	3	56692321	PASS
AMD-AD	rs6773931	3	56735180	PASS
AMD-AD	rs6795735	3	64705365	PASS
AMD-AD	rs9311910	3	64707269	PASS
AMD-AD	rs17727064	3	64714182	PASS
AMD-AD	rs13096392	3	64722611	PASS
AMD-AD	rs1458201	16	30916129	PASS
AMD-AD	rs35675346	16	30936081	PASS
AMD-AD	rs7200879	16	30947572	PASS
AMD-AD	rs4904964	14	93099867	PASS
AMD-AD	rs11627032	14	93104072	PASS
AMD-AD	rs11624512	14	93111120	PASS
AMD-AD	rs2149698	13	77289977	PASS
AMD-AD	rs7203984	16	56999258	PASS
AMD-AD	rs7499892	16	57006590	PASS
AMD-AD	rs2830071	21	27500333	PASS
AMD-AD	rs2830079	21	27506241	PASS
AMD-AD	rs455465	21	27522019	PASS
AMD-AD	rs2830104	21	27537584	PASS
AMD-AD	rs12444183	16	81773209	PASS
AMD-AD	rs7260482	19	45143942	PASS
AMD-AD	rs7255066	19	45146103	PASS
AMD-AD	rs10426401	19	45147719	PASS
AMD-AD	rs714948	19	45165912	PASS
AMD-AD	rs2965155	19	45188471	PASS
AMD-AD	rs12984266	19	45193534	PASS
AMD-AD	rs2965164	19	45202052	PASS
AMD-AD	rs2927488	19	45231478	PASS
AMD-AD	rs10426423	19	45348253	PASS
AMD-AD	rs387976	19	45379060	PASS
AMD-AD	rs11667640	19	45379791	PASS
AMD-AD	rs204468	19	45490636	PASS
AMD-AD	rs1560725	19	45543787	PASS
AMD-AD	rs10425074	19	45640124	PASS
AMD-AD	rs1005451	19	45652079	PASS
AMD-AD	rs10421247	19	45657486	PASS
AMD-AD	rs28367893	19	45673701	PASS
AMD-AD	rs12462536	19	45690775	PASS
AMD-AD	rs3848526	19	45699240	PASS
AMD-AD	rs346750	19	45737218	PASS
AMD-AD	rs17356664	19	45740771	PASS
AMD-AD	rs10445572	19	45767214	PASS
AMD-AD	rs11672894	19	45801951	PASS
AMD-AD	rs8111989	19	45809208	PASS
AMD-AD	rs7260463	19	45814860	PASS
AMD-AD	rs7260359	19	45814908	PASS
AMD-AD	rs123187	19	45830947	PASS
AMD-AD	rs2673908	19	51627766	PASS
AMD-AD	rs2075803	19	51628529	PASS
AMD-AD	rs12984029	19	54769366	PASS
AMD-AD	rs10423364	19	55128339	PASS
AMD-AD	rs1057355	17	1657899	PASS
AMD-AD	rs11698154	20	398278	PASS
AMD-AD	rs2286670	17	4718027	PASS
AMD-AD	rs1858821	22	31676454	PASS
AMD-AD	rs9609296	22	31891784	PASS
AMD-AD	rs5753659	22	31893613	PASS
AMD-AD	rs9609297	22	31893731	PASS
AMD-AD	rs9609304	22	31897795	PASS
AMD-AD	rs5749286	22	31900359	PASS
AMD-AD	rs9606848	22	31901867	PASS
AMD-AD	rs5753669	22	31905819	PASS
AMD-AD	rs5753671	22	31910734	PASS
AMD-AD	rs5749298	22	31941032	PASS
AMD-AD	rs1968023	22	31942770	PASS
AMD-AD	rs5753698	22	31970054	PASS
AMD-AD	rs5753723	22	32002294	PASS
AMD-AD	rs5998058	22	32006408	PASS
AMD-AD	rs8138525	22	32011929	PASS
AMD-AD	rs5998067	22	32043630	PASS
AMD-CAD	rs13113112	4	120156040	PASS
AMD-CAD	rs11944880	4	120159334	PASS
AMD-CAD	rs1511018	4	120161580	PASS
AMD-CAD	rs1511019	4	120166007	PASS
AMD-CAD	rs13139045	4	120168588	PASS
AMD-CAD	rs6837898	4	120179154	PASS
AMD-CAD	rs6849889	4	120186348	PASS
AMD-CAD	rs11098499	4	120187611	PASS
AMD-CAD	rs1011054	4	120202387	PASS
AMD-CAD	rs3749591	4	120214030	PASS
AMD-CAD	rs1546505	4	120241224	PASS
AMD-CAD	rs9995716	4	120264996	PASS
AMD-CAD	rs17009144	4	120270795	PASS
AMD-CAD	rs6847778	4	120293582	PASS
AMD-CAD	rs6846442	4	120326323	PASS
AMD-CAD	rs7659551	4	120371729	PASS
AMD-CAD	rs2892848	4	120381341	PASS
AMD-CAD	rs7654587	4	120388406	PASS
AMD-CAD	rs11098524	4	120390032	PASS
AMD-CAD	rs10032158	4	120391632	PASS
AMD-CAD	rs9993199	4	120392873	PASS
AMD-CAD	rs2389803	4	120393511	PASS
AMD-CAD	rs1480931	4	120395809	PASS
AMD-CAD	rs10034623	4	120397829	PASS
AMD-CAD	rs10518329	4	120401835	PASS
AMD-CAD	rs6848389	4	120402622	PASS
AMD-CAD	rs10006525	4	120408931	PASS
AMD-CAD	rs10006706	4	120409152	PASS
AMD-CAD	rs13145352	4	120409963	PASS
AMD-CAD	rs12508504	4	120410607	PASS
AMD-CAD	rs6834796	4	120414693	PASS
AMD-CAD	rs11729521	4	120416788	PASS
AMD-CAD	rs11734241	4	120416872	PASS
AMD-CAD	rs3733524	4	120423729	PASS
AMD-CAD	rs12502423	4	120424172	PASS
AMD-CAD	rs2291185	4	120434833	PASS
AMD-CAD	rs3822192	4	120445720	PASS
AMD-CAD	rs6534139	4	120449456	PASS
AMD-CAD	rs1155576	4	120450159	PASS
AMD-CAD	rs10013305	4	120450424	PASS
AMD-CAD	rs1480940	4	120457682	PASS
AMD-CAD	rs6835635	4	120458867	PASS
AMD-CAD	rs13128602	4	120459366	PASS
AMD-CAD	rs1552095	4	120460306	PASS
AMD-CAD	rs1480936	4	120462861	PASS
AMD-CAD	rs1010740	4	120463409	PASS
AMD-CAD	rs12498599	4	120468503	PASS
AMD-CAD	rs2127823	4	120485670	PASS
AMD-CAD	rs1552092	4	120488496	PASS
AMD-CAD	rs3736115	4	120488703	PASS
AMD-CAD	rs12505735	4	120532956	PASS
AMD-CAD	rs28535956	4	120536858	PASS
AMD-CAD	rs28578366	4	120536905	PASS
AMD-CAD	rs2389882	4	120566733	PASS
AMD-CAD	rs2389886	4	120570422	PASS
AMD-CAD	rs9994651	4	120587803	PASS
AMD-CAD	rs9860290	3	99839106	PASS
AMD-CAD	rs9854260	3	99850212	PASS
AMD-CAD	rs6772774	3	99970995	PASS
AMD-CAD	rs6774538	3	99975514	PASS
AMD-CAD	rs10936147	3	99976007	PASS
AMD-CAD	rs3772701	3	99980281	PASS
AMD-CAD	rs6791887	3	99981078	PASS
AMD-CAD	rs4263320	3	100011853	PASS
AMD-CAD	rs3772696	3	100017460	PASS
AMD-CAD	rs4928168	3	100029173	PASS
AMD-CAD	rs3772694	3	100031309	PASS
AMD-CAD	rs6762794	3	100033269	PASS
AMD-CAD	rs10511178	3	100041703	PASS
AMD-CAD	rs7703051	5	74625487	PASS
AMD-CAD	rs11749783	5	74626082	PASS
AMD-CAD	rs3846663	5	74655726	PASS
AMD-CAD	rs12916	5	74656539	PASS
AMD-CAD	rs2880099	4	156432368	PASS
AMD-CAD	rs7440928	4	156434164	PASS
AMD-CAD	rs6810470	4	156447611	PASS
AMD-CAD	rs6850722	4	156472766	PASS
AMD-CAD	rs1976041	4	156486040	PASS
AMD-CAD	rs10517622	4	156499671	PASS
AMD-CAD	rs2705455	4	156502857	PASS
AMD-CAD	rs2200168	4	156504520	PASS
AMD-CAD	rs2306557	4	156617994	PASS
AMD-CAD	rs9293494	5	87204121	PASS
AMD-CAD	rs7715135	5	87236723	PASS
AMD-CAD	rs10462465	5	87244902	PASS
AMD-CAD	rs13164055	5	87311560	PASS
AMD-CAD	rs10805851	5	87322568	PASS
AMD-CAD	rs17419291	5	87780432	PASS
AMD-CAD	rs16903275	5	87950543	PASS
AMD-CAD	rs6893807	5	87965021	PASS
AMD-CAD	rs9876658	3	134179453	PASS
AMD-CAD	rs2241556	3	134183312	PASS
AMD-CAD	rs9841212	3	134191938	PASS
AMD-CAD	rs934093	3	134195885	PASS
AMD-CAD	rs1863913	3	134200205	PASS
AMD-CAD	rs6772896	3	134203347	PASS
AMD-CAD	rs1874883	3	134205071	PASS
AMD-CAD	rs1498718	3	134205920	PASS
AMD-CAD	rs3932818	3	134206069	PASS
AMD-CAD	rs6806417	3	134211446	PASS
AMD-CAD	rs6785027	3	134211649	PASS
AMD-CAD	rs9814567	3	134218557	PASS
AMD-CAD	rs11708531	3	134224902	PASS
AMD-CAD	rs6800862	3	134228628	PASS
AMD-CAD	rs9289471	3	134230811	PASS
AMD-CAD	rs9968172	3	134231251	PASS
AMD-CAD	rs10935120	3	134233092	PASS
AMD-CAD	rs7619451	3	134233238	PASS
AMD-CAD	rs9989967	3	134238964	PASS
AMD-CAD	rs9835204	3	134261342	PASS
AMD-CAD	rs12637751	3	134266124	PASS
AMD-CAD	rs9809619	3	134280948	PASS
AMD-CAD	rs4955555	3	134286427	PASS
AMD-CAD	rs7630874	3	134293291	PASS
AMD-CAD	rs4368544	3	134300014	PASS
AMD-CAD	rs4074521	3	134325536	PASS
AMD-CAD	rs7653807	3	134345724	PASS
AMD-CAD	rs11915964	3	134348930	PASS
AMD-CAD	rs6775611	3	134358947	PASS
AMD-CAD	rs9852406	3	135625498	PASS
AMD-CAD	rs6775778	3	135726679	PASS
AMD-CAD	rs13079205	3	135800693	PASS
AMD-CAD	rs9848926	3	135816302	PASS
AMD-CAD	rs6793835	3	135819934	PASS
AMD-CAD	rs10512987	3	135823077	PASS
AMD-CAD	rs1393786	3	135854035	PASS
AMD-CAD	rs1393787	3	135854201	PASS
AMD-CAD	rs9881400	3	135861666	PASS
AMD-CAD	rs28519617	3	135874930	PASS
AMD-CAD	rs28669017	3	135874932	PASS
AMD-CAD	rs13081671	3	135876549	PASS
AMD-CAD	rs35837273	3	135878634	PASS
AMD-CAD	rs35352346	3	135881488	PASS
AMD-CAD	rs28535121	3	135892798	PASS
AMD-CAD	rs6786582	3	135898984	PASS
AMD-CAD	rs6769762	3	135908178	PASS
AMD-CAD	rs35320690	3	135932494	PASS
AMD-CAD	rs6805316	3	135952112	PASS
AMD-CAD	rs9844666	3	135974216	PASS
AMD-CAD	rs9833162	3	136035737	PASS
AMD-CAD	rs9853387	3	136038988	PASS
AMD-CAD	rs6439638	3	136057832	PASS
AMD-CAD	rs9832813	3	136065565	PASS
AMD-CAD	rs9837158	3	136073163	PASS
AMD-CAD	rs9860801	3	136088038	PASS
AMD-CAD	rs9880211	3	136107549	PASS
AMD-CAD	rs34913797	3	136127570	PASS
AMD-CAD	rs28634226	3	136129882	PASS
AMD-CAD	rs7620314	3	136132705	PASS
AMD-CAD	rs9831321	3	136142592	PASS
AMD-CAD	rs34757183	3	136143668	PASS
AMD-CAD	rs9812579	3	136151250	PASS
AMD-CAD	rs6804194	3	136160732	PASS
AMD-CAD	rs9868120	3	136165076	PASS
AMD-CAD	rs9823373	3	136167027	PASS
AMD-CAD	rs35375192	3	136175525	PASS
AMD-CAD	rs17364492	3	136204437	PASS
AMD-CAD	rs6768743	3	136205007	PASS
AMD-CAD	rs13321721	3	136209550	PASS
AMD-CAD	rs35644083	3	136222468	PASS
AMD-CAD	rs34135127	3	136226498	PASS
AMD-CAD	rs9878078	3	136237573	PASS
AMD-CAD	rs9812319	3	136238860	PASS
AMD-CAD	rs9813691	3	136260722	PASS
AMD-CAD	rs13326151	3	136261744	PASS
AMD-CAD	rs12695649	3	136271916	PASS
AMD-CAD	rs7612160	3	136272805	PASS
AMD-CAD	rs9857966	3	136279390	PASS
AMD-CAD	rs7644471	3	136284561	PASS
AMD-CAD	rs9883189	3	136289466	PASS
AMD-CAD	rs13071220	3	136314119	PASS
AMD-CAD	rs6782151	3	136335795	PASS
AMD-CAD	rs34804893	3	136339970	PASS
AMD-CAD	rs9820513	3	136346292	PASS
AMD-CAD	rs9820717	3	136346613	PASS
AMD-CAD	rs13433980	3	136350801	PASS
AMD-CAD	rs9847427	3	136351550	PASS
AMD-CAD	rs9845950	3	136356598	PASS
AMD-CAD	rs7644346	3	136358487	PASS
AMD-CAD	rs28750366	3	136361055	PASS
AMD-CAD	rs4038586	3	136363291	PASS
AMD-CAD	rs6765239	3	136389317	PASS
AMD-CAD	rs6789152	3	136401351	PASS
AMD-CAD	rs7623824	3	136404852	PASS
AMD-CAD	rs4336059	3	136408414	PASS
AMD-CAD	rs6771713	3	136450593	PASS
AMD-CAD	rs9289513	3	136451746	PASS
AMD-CAD	rs6799699	3	136458866	PASS
AMD-CAD	rs34992220	3	136468637	PASS
AMD-CAD	rs9845862	3	136472573	PASS
AMD-CAD	rs6789329	3	136476862	PASS
AMD-CAD	rs13314357	3	136487559	PASS
AMD-CAD	rs36109616	3	136492403	PASS
AMD-CAD	rs1872240	3	136503896	PASS
AMD-CAD	rs1872239	3	136503911	PASS
AMD-CAD	rs9871184	3	136514310	PASS
AMD-CAD	rs13433683	3	136518670	PASS
AMD-CAD	rs1052620	3	136574521	PASS
AMD-CAD	rs4678406	3	138031439	PASS
AMD-CAD	rs13087441	3	138042669	PASS
AMD-CAD	rs6802211	3	138051423	PASS
AMD-CAD	rs6807945	3	138052754	PASS
AMD-CAD	rs4678408	3	138053187	PASS
AMD-CAD	rs6439804	3	138056550	PASS
AMD-CAD	rs4678409	3	138057719	PASS
AMD-CAD	rs2054468	3	138057903	PASS
AMD-CAD	rs2169973	3	138057915	PASS
AMD-CAD	rs7637666	3	138060612	PASS
AMD-CAD	rs7615658	3	138060661	PASS
AMD-CAD	rs6769261	3	138061168	PASS
AMD-CAD	rs9845672	3	138061954	PASS
AMD-CAD	rs13324341	3	138070901	PASS
AMD-CAD	rs751357	3	138078155	PASS
AMD-CAD	rs730158	3	138078198	PASS
AMD-CAD	rs731632	3	138078662	PASS
AMD-CAD	rs4678415	3	138086635	PASS
AMD-CAD	rs1199338	3	138087467	PASS
AMD-CAD	rs4678260	3	138089513	PASS
AMD-CAD	rs9289559	3	138091189	PASS
AMD-CAD	rs2347252	3	138095525	PASS
AMD-CAD	rs6782181	3	138105054	PASS
AMD-CAD	rs2306374	3	138119952	PASS
AMD-CAD	rs9818870	3	138122122	PASS
AMD-CAD	rs9822195	3	141096736	PASS
AMD-CAD	rs6767899	3	141125439	PASS
AMD-CAD	rs7684253	4	57727311	PASS
AMD-CAD	rs2412771	4	57761417	PASS
AMD-CAD	rs7718626	5	108046359	PASS
AMD-CAD	rs11739263	5	111532234	PASS
AMD-CAD	rs12516371	5	121260607	PASS
AMD-CAD	rs2972720	5	121265925	PASS
AMD-CAD	rs2914591	5	121267515	PASS
AMD-CAD	rs4895339	5	121270633	PASS
AMD-CAD	rs11750012	5	121271817	PASS
AMD-CAD	rs11241627	5	121273302	PASS
AMD-CAD	rs4243443	5	121274650	PASS
AMD-CAD	rs9327236	5	121279021	PASS
AMD-CAD	rs2972350	5	121297115	PASS
AMD-CAD	rs12657394	5	121308199	PASS
AMD-CAD	rs13172533	5	121309324	PASS
AMD-CAD	rs2914610	5	121314168	PASS
AMD-CAD	rs4496732	5	121317920	PASS
AMD-CAD	rs9327238	5	121320098	PASS
AMD-CAD	rs2913409	5	121326028	PASS
AMD-CAD	rs7722155	5	121330638	PASS
AMD-CAD	rs943080	6	43826627	PASS
AMD-CAD	rs10078419	5	121354221	PASS
AMD-CAD	rs13356899	5	121358189	PASS
AMD-CAD	rs10069116	5	121374825	PASS
AMD-CAD	rs10059408	5	121375240	PASS
AMD-CAD	rs10519692	5	121395749	PASS
AMD-CAD	rs10053942	5	121402597	PASS
AMD-CAD	rs3792801	5	121403410	PASS
AMD-CAD	rs3792802	5	121403659	PASS
AMD-CAD	rs10040971	5	121404787	PASS
AMD-CAD	rs1800449	5	121413208	PASS
AMD-CAD	rs2979860	5	121421864	PASS
AMD-CAD	rs12828640	12	111361298	PASS
AMD-CAD	rs4378452	12	111504033	PASS
AMD-CAD	rs11065822	12	111600134	PASS
AMD-CAD	rs6490025	12	111691081	PASS
AMD-CAD	rs4766453	12	111692124	PASS
AMD-CAD	rs916682	12	111699146	PASS
AMD-CAD	rs7970490	12	111756438	PASS
AMD-CAD	rs6490072	12	111784495	PASS
AMD-CAD	rs7398833	12	111786892	PASS
AMD-CAD	rs6490077	12	111791677	PASS
AMD-CAD	rs874286	12	111799681	PASS
AMD-CAD	rs10849938	12	111800059	PASS
AMD-CAD	rs933399	12	111807499	PASS
AMD-CAD	rs11065884	12	111818701	PASS
AMD-CAD	rs10849943	12	111819589	PASS
AMD-CAD	rs10849944	12	111825389	PASS
AMD-CAD	rs4766573	12	111830809	PASS
AMD-CAD	rs10774623	12	111833589	PASS
AMD-CAD	rs3742003	12	111844218	PASS
AMD-CAD	rs11065898	12	111862575	PASS
AMD-CAD	rs2238154	12	111882485	PASS
AMD-CAD	rs2239194	12	111883779	PASS
AMD-CAD	rs739496	12	111887659	PASS
AMD-CAD	rs10849949	12	111893537	PASS
AMD-CAD	rs2073950	12	111894072	PASS
AMD-CAD	rs2301621	12	111895272	PASS
AMD-CAD	rs7965040	12	111920295	PASS
AMD-CAD	rs1029388	12	111926901	PASS
AMD-CAD	rs7134740	12	111927739	PASS
AMD-CAD	rs6490162	12	111941120	PASS
AMD-CAD	rs628825	12	111951850	PASS
AMD-CAD	rs630512	12	111952167	PASS
AMD-CAD	rs688812	12	111962581	PASS
AMD-CAD	rs657197	12	111965658	PASS
AMD-CAD	rs607316	12	111969448	PASS
AMD-CAD	rs616668	12	111974280	PASS
AMD-CAD	rs638791	12	111989236	PASS
AMD-CAD	rs848132	12	111989979	PASS
AMD-CAD	rs593226	12	111993886	PASS
AMD-CAD	rs616559	12	112003350	PASS
AMD-CAD	rs616513	12	112003383	PASS
AMD-CAD	rs7398705	12	112016016	PASS
AMD-CAD	rs12369009	12	112019799	PASS
AMD-CAD	rs2339818	12	112046476	PASS
AMD-CAD	rs1544396	12	112062875	PASS
AMD-CAD	rs3809276	12	112073916	PASS
AMD-CAD	rs2285727	12	112093078	PASS
AMD-CAD	rs7977828	12	112094766	PASS
AMD-CAD	rs3742001	12	112103148	PASS
AMD-CAD	rs7136874	12	112113658	PASS
AMD-CAD	rs847895	12	112118576	PASS
AMD-CAD	rs601663	12	112123284	PASS
AMD-CAD	rs649406	12	112126065	PASS
AMD-CAD	rs632650	12	112131698	PASS
AMD-CAD	rs617044	12	112132875	PASS
AMD-CAD	rs666951	12	112136583	PASS
AMD-CAD	rs642898	12	112141233	PASS
AMD-CAD	rs627308	12	112146555	PASS
AMD-CAD	rs609230	12	112146911	PASS
AMD-CAD	rs608848	12	112146964	PASS
AMD-CAD	rs630616	12	112158966	PASS
AMD-CAD	rs847898	12	112163646	PASS
AMD-CAD	rs640783	12	112168050	PASS
AMD-CAD	rs7962138	12	112180177	PASS
AMD-CAD	rs6490294	12	112190438	PASS
AMD-CAD	rs737280	12	112194976	PASS
AMD-CAD	rs886205	12	112204427	PASS
AMD-CAD	rs4767939	12	112206895	PASS
AMD-CAD	rs2238151	12	112211833	PASS
AMD-CAD	rs4648328	12	112222788	PASS
AMD-CAD	rs441	12	112228849	PASS
AMD-CAD	rs4646777	12	112230036	PASS
AMD-CAD	rs10744777	12	112233018	PASS
AMD-CAD	rs4646778	12	112235783	PASS
AMD-CAD	rs11066028	12	112245170	PASS
AMD-CAD	rs9971942	12	112256042	PASS
AMD-CAD	rs7314870	12	112276464	PASS
AMD-CAD	rs3177647	12	112277576	PASS
AMD-CAD	rs2879603	12	112278025	PASS
AMD-CAD	rs3213628	12	112280773	PASS
AMD-CAD	rs4767068	12	112281013	PASS
AMD-CAD	rs7980569	12	112281384	PASS
AMD-CAD	rs4346023	12	112285542	PASS
AMD-CAD	rs6489817	12	112291242	PASS
AMD-CAD	rs7976557	12	112300780	PASS
AMD-CAD	rs11066054	12	112306165	PASS
AMD-CAD	rs6489818	12	112310580	PASS
AMD-CAD	rs7297760	12	112313688	PASS
AMD-CAD	rs12426566	12	112315172	PASS
AMD-CAD	rs7294623	12	112317096	PASS
AMD-CAD	rs1981517	12	112323582	PASS
AMD-CAD	rs12423041	12	112324846	PASS
AMD-CAD	rs16941724	12	112327057	PASS
AMD-CAD	rs6489819	12	112328230	PASS
AMD-CAD	rs12580246	12	112331317	PASS
AMD-CAD	rs7974772	12	112332283	PASS
AMD-CAD	rs4766705	12	112333660	PASS
AMD-CAD	rs9971746	12	112337362	PASS
AMD-CAD	rs3742000	12	112338539	PASS
AMD-CAD	rs12321677	12	112339015	PASS
AMD-CAD	rs3741998	12	112339843	PASS
AMD-CAD	rs11066077	12	112346661	PASS
AMD-CAD	rs7294902	12	112354531	PASS
AMD-CAD	rs11066089	12	112363267	PASS
AMD-CAD	rs16941759	12	112367921	PASS
AMD-CAD	rs3752630	12	112375990	PASS
AMD-CAD	rs7133881	12	112378768	PASS
AMD-CAD	rs9788231	12	112385665	PASS
AMD-CAD	rs7295722	12	112394260	PASS
AMD-CAD	rs9630276	12	112404838	PASS
AMD-CAD	rs1016078	12	112410077	PASS
AMD-CAD	rs1016079	12	112410186	PASS
AMD-CAD	rs2339908	12	112418496	PASS
AMD-CAD	rs4767264	12	112425746	PASS
AMD-CAD	rs11066118	12	112434152	PASS
AMD-CAD	rs11066119	12	112434504	PASS
AMD-CAD	rs7313773	12	112441688	PASS
AMD-CAD	rs7310545	12	112443960	PASS
AMD-CAD	rs11066128	12	112450754	PASS
AMD-CAD	rs7316563	12	112453635	PASS
AMD-CAD	rs7114	12	112460749	PASS
AMD-CAD	rs4767293	12	112463296	PASS
AMD-CAD	rs7295294	12	112464893	PASS
AMD-CAD	rs6489824	12	112468417	PASS
AMD-CAD	rs2339941	12	112490764	PASS
AMD-CAD	rs4766764	12	112493067	PASS
AMD-CAD	rs7959011	12	112501237	PASS
AMD-CAD	rs7314282	12	112502438	PASS
AMD-CAD	rs1980364	12	112517642	PASS
AMD-CAD	rs2339973	12	112520883	PASS
AMD-CAD	rs4767364	12	112521448	PASS
AMD-CAD	rs11066156	12	112523970	PASS
AMD-CAD	rs7304572	12	112525073	PASS
AMD-CAD	rs4767376	12	112529072	PASS
AMD-CAD	rs12422941	12	112537738	PASS
AMD-CAD	rs7965087	12	112548562	PASS
AMD-CAD	rs7309841	12	112565053	PASS
AMD-CAD	rs10850003	12	112571169	PASS
AMD-CAD	rs7970397	12	112580071	PASS
AMD-CAD	rs6489830	12	112582540	PASS
AMD-CAD	rs3519	12	112598321	PASS
AMD-CAD	rs12579336	12	112615538	PASS
AMD-CAD	rs7979255	12	112618469	PASS
AMD-CAD	rs3741993	12	112621886	PASS
AMD-CAD	rs12423268	12	112641707	PASS
AMD-CAD	rs10850014	12	112650058	PASS
AMD-CAD	rs11066195	12	112652006	PASS
AMD-CAD	rs1005902	12	112667675	PASS
AMD-CAD	rs4767522	12	112668343	PASS
AMD-CAD	rs11066207	12	112675133	PASS
AMD-CAD	rs2285810	12	112699540	PASS
AMD-CAD	rs10850023	12	112708331	PASS
AMD-CAD	rs2285809	12	112708426	PASS
AMD-CAD	rs1859246	12	112740315	PASS
AMD-CAD	rs4357753	12	112740709	PASS
AMD-CAD	rs1989949	12	112744634	PASS
AMD-CAD	rs11066257	12	112760474	PASS
AMD-CAD	rs10850031	12	112771063	PASS
AMD-CAD	rs1468253	12	112776042	PASS
AMD-CAD	rs1468251	12	112777433	PASS
AMD-CAD	rs10850033	12	112785571	PASS
AMD-CAD	rs7974383	12	112794714	PASS
AMD-CAD	rs6489841	12	112809851	PASS
AMD-CAD	rs7311681	12	112817847	PASS
AMD-CAD	rs2301723	12	112843363	PASS
AMD-CAD	rs11066301	12	112871372	PASS
AMD-CAD	rs11066308	12	112881996	PASS
AMD-CAD	rs2301756	12	112890776	PASS
AMD-CAD	rs12423190	12	112909340	PASS
AMD-CAD	rs11066322	12	112922529	PASS
AMD-CAD	rs7953150	12	112941571	PASS
AMD-CAD	rs2158291	12	112955775	PASS
AMD-CAD	rs6489847	12	112958713	PASS
AMD-CAD	rs10774654	12	112963560	PASS
AMD-CAD	rs4767879	12	112964070	PASS
AMD-CAD	rs4767880	12	112964168	PASS
AMD-CAD	rs2384000	12	112965142	PASS
AMD-CAD	rs10850052	12	112967623	PASS
AMD-CAD	rs10850053	12	112977777	PASS
AMD-CAD	rs739787	12	112981571	PASS
AMD-CAD	rs741334	12	112985328	PASS
AMD-CAD	rs2384549	12	115349868	PASS
AMD-CAD	rs1896354	12	115372965	PASS
AMD-CAD	rs2891538	12	115374162	PASS
AMD-CAD	rs12812747	12	115374658	PASS
AMD-CAD	rs4773144	13	110960712	PASS
AMD-CAD	rs17221259	12	14410485	PASS
AMD-CAD	rs7953249	12	121403724	PASS
AMD-CAD	rs10468017	15	58678512	PASS
AMD-CAD	rs7350789	15	58679668	PASS
AMD-CAD	rs166358	15	58680805	PASS
AMD-CAD	rs12185071	15	58683227	PASS
AMD-CAD	rs1532085	15	58683366	PASS
AMD-CAD	rs12185072	15	58683410	PASS
AMD-CAD	rs16940167	15	58683697	PASS
AMD-CAD	rs415799	15	58690754	PASS
AMD-CAD	rs17821316	15	58703069	PASS
AMD-CAD	rs7170361	15	58718998	PASS
AMD-CAD	rs11635491	15	58719741	PASS
AMD-CAD	rs1077835	15	58723426	PASS
AMD-CAD	rs1077834	15	58723479	PASS
AMD-CAD	rs633695	15	58725839	PASS
AMD-CAD	rs261332	15	58727325	PASS
AMD-CAD	rs588136	15	58730498	PASS
AMD-CAD	rs261341	15	58731567	PASS
AMD-CAD	rs473224	15	58737341	PASS
AMD-CAD	rs573922	15	58740094	PASS
AMD-CAD	rs485538	15	58741177	PASS
AMD-CAD	rs4776338	15	67359883	PASS
AMD-CAD	rs10518705	15	67363283	PASS
AMD-CAD	rs11632964	15	67363573	PASS
AMD-CAD	rs10518707	15	67365622	PASS
AMD-CAD	rs744910	15	67446785	PASS
AMD-CAD	rs2033784	15	67449660	PASS
AMD-CAD	rs17228212	15	67458639	PASS
AMD-CAD	rs7179840	15	67458930	PASS
AMD-CAD	rs7183244	15	67461311	PASS
AMD-CAD	rs16950687	15	67464013	PASS
AMD-CAD	rs12708492	15	67467541	PASS
AMD-CAD	rs17294280	15	67468285	PASS
AMD-CAD	rs2472299	15	75033400	PASS
AMD-CAD	rs2472300	15	75033909	PASS
AMD-CAD	rs762551	15	75041917	PASS
AMD-CAD	rs2472304	15	75044238	PASS
AMD-CAD	rs2470890	15	75047426	PASS
AMD-CAD	rs11854147	15	75052771	PASS
AMD-CAD	rs4886406	15	75057203	PASS
AMD-CAD	rs1378942	15	75077367	PASS
AMD-CAD	rs8033381	15	75080685	PASS
AMD-CAD	rs2168519	15	75080872	PASS
AMD-CAD	rs2168518	15	75081078	PASS
AMD-CAD	rs12442901	15	75083912	PASS
AMD-CAD	rs7085	15	75095483	PASS
AMD-CAD	rs1378938	15	75096443	PASS
AMD-CAD	rs4886619	15	75106138	PASS
AMD-CAD	rs7176022	15	75107880	PASS
AMD-CAD	rs11636952	15	75114322	PASS
AMD-CAD	rs7180484	15	75115416	PASS
AMD-CAD	rs7162232	15	75115895	PASS
AMD-CAD	rs17086617	13	28962686	PASS
AMD-CAD	rs7983774	13	28964325	PASS
AMD-CAD	rs1555641	13	28968468	PASS
AMD-CAD	rs9319428	13	28973621	PASS
AMD-CAD	rs7992068	13	28982144	PASS
AMD-CAD	rs9508029	13	28991988	PASS
AMD-CAD	rs4887052	15	78703631	PASS
AMD-CAD	rs12900519	15	78949127	PASS
AMD-CAD	rs1996371	15	78956806	PASS
AMD-CAD	rs6495314	15	78960529	PASS
AMD-CAD	rs11639372	15	78966655	PASS
AMD-CAD	rs11638372	15	78983559	PASS
AMD-CAD	rs3813565	15	79019610	PASS
AMD-CAD	rs3743068	15	79047285	PASS
AMD-CAD	rs11072813	15	79167118	PASS
AMD-CAD	rs7497610	15	79174872	PASS
AMD-CAD	rs12438433	15	79189282	PASS
AMD-CAD	rs10519219	15	79190132	PASS
AMD-CAD	rs12438191	15	79203574	PASS
AMD-CAD	rs17553249	15	86006694	PASS
AMD-CAD	rs4901977	14	60789176	PASS
AMD-CKD	rs2285714	4	110638810	PASS
AMD-CKD	rs7439493	4	110656730	PASS
AMD-CKD	rs700221	5	39357175	PASS
AMD-CKD	rs835214	5	39358557	PASS
AMD-CKD	rs10941432	5	39359276	PASS
AMD-CKD	rs835218	5	39359323	PASS
AMD-CKD	rs700229	5	39362039	PASS
AMD-CKD	rs700232	5	39364358	PASS
AMD-CKD	rs700233	5	39364554	PASS
AMD-CKD	rs700237	5	39368176	PASS
AMD-CKD	rs3812042	5	39370907	PASS
AMD-CKD	rs1046033	5	39372150	PASS
AMD-CKD	rs4578	5	39373253	PASS
AMD-CKD	rs2686162	5	39375082	PASS
AMD-CKD	rs2738238	5	39377418	PASS
AMD-CKD	rs1362800	5	39378115	PASS
AMD-CKD	rs2686163	5	39378259	PASS
AMD-CKD	rs835223	5	39381357	PASS
AMD-CKD	rs700242	5	39384888	PASS
AMD-CKD	rs6439602	3	97806999	PASS
AMD-CKD	rs4928144	3	99468234	PASS
AMD-CKD	rs7614366	3	99496351	PASS
AMD-CKD	rs10222633	3	121976926	PASS
AMD-CKD	rs1511380	3	141039349	PASS
AMD-CKD	rs9823774	3	141061415	PASS
AMD-CKD	rs9823785	3	141061438	PASS
AMD-CKD	rs6765238	3	141063164	PASS
AMD-CKD	rs9838625	3	141063953	PASS
AMD-CKD	rs6784404	3	141073675	PASS
AMD-CKD	rs13095453	3	141074962	PASS
AMD-CKD	rs9857275	3	141078188	PASS
AMD-CKD	rs7613516	3	141079309	PASS
AMD-CKD	rs6440001	3	141085972	PASS
AMD-CKD	rs6440003	3	141094209	PASS
AMD-CKD	rs9822195	3	141096736	PASS
AMD-CKD	rs6764769	3	141100280	PASS
AMD-CKD	rs6763931	3	141102833	PASS
AMD-CKD	rs724016	3	141105570	PASS
AMD-CKD	rs7632381	3	141106063	PASS
AMD-CKD	rs2871960	3	141121814	PASS
AMD-CKD	rs1344674	3	141125186	PASS
AMD-CKD	rs6767899	3	141125439	PASS
AMD-CKD	rs6785073	3	141139330	PASS
AMD-CKD	rs9846396	3	141140968	PASS
AMD-CKD	rs7636914	3	141158614	PASS
AMD-CKD	rs13059128	3	141171190	PASS
AMD-CKD	rs1077181	3	141174956	PASS
AMD-CKD	rs9289629	3	141178347	PASS
AMD-CKD	rs1862280	5	120359319	PASS
AMD-CKD	rs4714699	6	43802563	PASS
AMD-CKD	rs1317840	6	43806921	PASS
AMD-CKD	rs9369425	6	43810974	PASS
AMD-CKD	rs9472138	6	43811762	PASS
AMD-CKD	rs6937438	6	43815364	PASS
AMD-CKD	rs1536304	6	43817837	PASS
AMD-CKD	rs6933958	6	43823689	PASS
AMD-CKD	rs943080	6	43826627	PASS
AMD-CKD	rs9462935	6	43828573	PASS
AMD-CKD	rs7125807	11	47041163	PASS
AMD-CKD	rs7130955	11	65372580	PASS
AMD-CKD	rs2004649	11	65380916	PASS
AMD-CKD	rs1144789	11	65389631	PASS
AMD-CKD	rs1151490	11	65390485	PASS
AMD-CKD	rs746429	11	65417434	PASS
AMD-CKD	rs11820062	11	65429936	PASS
AMD-CKD	rs12289836	11	65436888	PASS
AMD-CKD	rs7949980	11	65445950	PASS
AMD-CKD	rs7934036	11	65451020	PASS
AMD-CKD	rs2170082	11	65454795	PASS
AMD-CKD	rs1074156	11	65458169	PASS
AMD-CKD	rs1074155	11	65458197	PASS
AMD-CKD	rs11227259	11	65459404	PASS
AMD-CKD	rs4930305	11	65464000	PASS
AMD-CKD	rs6591188	11	65467953	PASS
AMD-CKD	rs9666878	11	65475816	PASS
AMD-CKD	rs4244812	11	65480768	PASS
AMD-CKD	rs4645927	11	65482827	PASS
AMD-CKD	rs573589	11	65483981	PASS
AMD-CKD	rs4645933	11	65485120	PASS
AMD-CKD	rs11227281	11	65496558	PASS
AMD-CKD	rs948494	11	65552118	PASS
AMD-CKD	rs12576996	11	65580638	PASS
AMD-CKD	rs12799380	11	85918167	PASS
AMD-CKD	rs7123014	11	85922442	PASS
AMD-CKD	rs9971532	11	85929490	PASS
AMD-CKD	rs1955189	11	86070096	PASS
AMD-CKD	rs7098767	10	124022694	PASS
AMD-CKD	rs10788271	10	124036619	PASS
AMD-CKD	rs11596483	10	124037599	PASS
AMD-CKD	rs11592862	10	124039222	PASS
AMD-CKD	rs8181295	10	124041678	PASS
AMD-CKD	rs17103336	10	124041701	PASS
AMD-CKD	rs2268349	10	124250384	PASS
AMD-CKD	rs2300434	10	124251697	PASS
AMD-CKD	rs2268353	10	124254061	PASS
AMD-CKD	rs2736923	10	124259062	PASS
AMD-CKD	rs1003079	10	124261348	PASS
AMD-CKD	rs17103667	10	124277713	PASS
AMD-CKD	rs6606641	10	124305318	PASS
AMD-CKD	rs3013223	10	124308252	PASS
AMD-CKD	rs2037996	10	124317702	PASS
AMD-CKD	rs3019484	10	124318905	PASS
AMD-CKD	rs2981739	10	124318963	PASS
AMD-CKD	rs2981748	10	124321468	PASS
AMD-CKD	rs2981756	10	124322595	PASS
AMD-CKD	rs3019510	10	124322812	PASS
AMD-CKD	rs11524818	10	124323252	PASS
AMD-CKD	rs2981766	10	124324652	PASS
AMD-CKD	rs3019514	10	124325042	PASS
AMD-CKD	rs4338468	10	124325807	PASS
AMD-CKD	rs3013233	10	124328494	PASS
AMD-CKD	rs2981786	10	124329217	PASS
AMD-CKD	rs2981796	10	124330921	PASS
AMD-CKD	rs11528748	10	124332296	PASS
AMD-CKD	rs1960176	10	124334564	PASS
AMD-CKD	rs2005952	10	124334810	PASS
AMD-CKD	rs3013243	10	124337528	PASS
AMD-CKD	rs1969619	10	124338946	PASS
AMD-PD	rs1260326	2	27730940	PASS
AMD-PD	rs780094	2	27741237	PASS
AMD-PD	rs780093	2	27742603	PASS
AMD-PD	rs2950835	2	27750545	PASS
AMD-PD	rs16839652	1	196165797	PASS
AMD-PD	rs1998652	1	196236425	PASS
AMD-PD	rs1925337	1	196238726	PASS
AMD-PD	rs2477556	1	196239475	PASS
AMD-PD	rs16839785	1	196291365	PASS
AMD-PD	rs12407399	1	196291977	PASS
AMD-PD	rs12410633	1	196303319	PASS
AMD-PD	rs10494742	1	196346553	PASS
AMD-PD	rs10737671	1	196455824	PASS
AMD-PD	rs6670223	1	196468239	PASS
AMD-PD	rs12751508	1	197646544	PASS
AMD-PD	rs1567385	2	102315057	PASS
AMD-PD	rs9308849	2	102525387	PASS
AMD-PD	rs11688863	2	102550911	PASS
AMD-PD	rs12185627	2	102560794	PASS
AMD-PD	rs2190358	2	102581224	PASS
AMD-PD	rs11070810	15	31392141	PASS
AMD-PD	rs3809579	15	31394322	PASS
AMD-PD	rs3809578	15	31394537	PASS
AMD-PD	rs7182946	15	31394868	PASS
AMD-PD	rs11060180	12	123303586	PASS
AMD-PD	rs10468017	15	58678512	PASS
AMD-PD	rs12185072	15	58683410	PASS
AMD-PD	rs16940167	15	58683697	PASS
AMD-PD	rs10162671	15	65029956	PASS
AMD-PD	rs6495122	15	75125645	PASS
AMD-PD	rs936227	15	75131959	PASS
AMD-PD	rs10444713	14	48121995	PASS
AMD-STROKE	rs1800627	4	110613658	PASS
AMD-STROKE	rs17392948	3	99754498	PASS
AMD-STROKE	rs9860290	3	99839106	PASS
AMD-STROKE	rs9854260	3	99850212	PASS
AMD-STROKE	rs9875878	3	99884509	PASS
AMD-STROKE	rs6772774	3	99970995	PASS
AMD-STROKE	rs6774538	3	99975514	PASS
AMD-STROKE	rs10936147	3	99976007	PASS
AMD-STROKE	rs3772701	3	99980281	PASS
AMD-STROKE	rs6791887	3	99981078	PASS
AMD-STROKE	rs4263320	3	100011853	PASS
AMD-STROKE	rs10511178	3	100041703	PASS
AMD-STROKE	rs6536024	4	155543369	PASS
AMD-STROKE	rs2937062	5	116132265	PASS
AMD-STROKE	rs1574430	6	43269029	PASS
AMD-STROKE	rs2242416	6	43273604	PASS
AMD-STROKE	rs2254303	6	43276390	PASS
AMD-STROKE	rs2469	6	43299323	PASS
AMD-STROKE	rs2841642	6	43302285	PASS
AMD-STROKE	rs9381237	6	43320410	PASS
AMD-STROKE	rs4714677	6	43327039	PASS
AMD-STROKE	rs2125737	6	43327536	PASS
AMD-STROKE	rs2125738	6	43327750	PASS
AMD-STROKE	rs6919440	6	43352898	PASS
AMD-STROKE	rs2396004	6	43355851	PASS
AMD-STROKE	rs11761253	7	99939321	PASS
AMD-STROKE	rs6946768	7	99954393	PASS
AMD-STROKE	rs6955367	7	99961194	PASS
AMD-STROKE	rs11769057	7	99964661	PASS
AMD-STROKE	rs11765869	7	99964789	PASS
AMD-STROKE	rs705866	7	99965285	PASS
AMD-STROKE	rs6948685	7	99970188	PASS
AMD-STROKE	rs6965458	7	99973402	PASS
AMD-STROKE	rs6945952	7	99981775	PASS
AMD-STROKE	rs10085549	7	99983135	PASS
AMD-STROKE	rs7783550	7	99987805	PASS
AMD-STROKE	rs11769886	7	99998607	PASS
AMD-STROKE	rs35111986	7	100000274	PASS
AMD-STROKE	rs1000215	7	100004543	PASS
AMD-STROKE	rs7783159	7	100017454	PASS
AMD-STROKE	rs28490152	7	100020982	PASS
AMD-STROKE	rs6975729	7	100028187	PASS
AMD-STROKE	rs1073	7	100031612	PASS
AMD-STROKE	rs4074838	7	100032665	PASS
AMD-STROKE	rs11761725	7	100039815	PASS
AMD-STROKE	rs11761784	7	100039970	PASS
AMD-STROKE	rs28578163	7	100044754	PASS
AMD-STROKE	rs2406255	7	100053690	PASS
AMD-STROKE	rs6955362	7	100056166	PASS
AMD-STROKE	rs7794485	7	100068936	PASS
AMD-STROKE	rs4472444	7	100070758	PASS
AMD-STROKE	rs7809801	7	100072031	PASS
AMD-STROKE	rs11766752	7	100073292	PASS
AMD-STROKE	rs11559117	7	100076614	PASS
AMD-STROKE	rs2406253	7	100077273	PASS
AMD-STROKE	rs4463351	7	100078226	PASS
AMD-STROKE	rs11760536	7	100078754	PASS
AMD-STROKE	rs11763511	7	100081944	PASS
AMD-STROKE	rs11769700	7	100090049	PASS
AMD-STROKE	rs34989573	7	100097895	PASS
AMD-STROKE	rs4378452	12	111504033	PASS
AMD-STROKE	rs11065822	12	111600134	PASS
AMD-STROKE	rs11065884	12	111818701	PASS
AMD-STROKE	rs10849943	12	111819589	PASS
AMD-STROKE	rs10849944	12	111825389	PASS
AMD-STROKE	rs4766573	12	111830809	PASS
AMD-STROKE	rs10774623	12	111833589	PASS
AMD-STROKE	rs3742003	12	111844218	PASS
AMD-STROKE	rs11065898	12	111862575	PASS
AMD-STROKE	rs2238154	12	111882485	PASS
AMD-STROKE	rs3184504	12	111884608	PASS
AMD-STROKE	rs739496	12	111887659	PASS
AMD-STROKE	rs10849949	12	111893537	PASS
AMD-STROKE	rs2073950	12	111894072	PASS
AMD-STROKE	rs2301621	12	111895272	PASS
AMD-STROKE	rs7965040	12	111920295	PASS
AMD-STROKE	rs1029388	12	111926901	PASS
AMD-STROKE	rs7134740	12	111927739	PASS
AMD-STROKE	rs6490162	12	111941120	PASS
AMD-STROKE	rs628825	12	111951850	PASS
AMD-STROKE	rs630512	12	111952167	PASS
AMD-STROKE	rs688812	12	111962581	PASS
AMD-STROKE	rs657197	12	111965658	PASS
AMD-STROKE	rs607316	12	111969448	PASS
AMD-STROKE	rs616668	12	111974280	PASS
AMD-STROKE	rs638791	12	111989236	PASS
AMD-STROKE	rs848132	12	111989979	PASS
AMD-STROKE	rs593226	12	111993886	PASS
AMD-STROKE	rs616559	12	112003350	PASS
AMD-STROKE	rs616513	12	112003383	PASS
AMD-STROKE	rs653178	12	112007756	PASS
AMD-STROKE	rs7398705	12	112016016	PASS
AMD-STROKE	rs12369009	12	112019799	PASS
AMD-STROKE	rs2339818	12	112046476	PASS
AMD-STROKE	rs1544396	12	112062875	PASS
AMD-STROKE	rs11065987	12	112072424	PASS
AMD-STROKE	rs3809276	12	112073916	PASS
AMD-STROKE	rs2285727	12	112093078	PASS
AMD-STROKE	rs7977828	12	112094766	PASS
AMD-STROKE	rs3742001	12	112103148	PASS
AMD-STROKE	rs7136874	12	112113658	PASS
AMD-STROKE	rs847895	12	112118576	PASS
AMD-STROKE	rs601663	12	112123284	PASS
AMD-STROKE	rs649406	12	112126065	PASS
AMD-STROKE	rs632650	12	112131698	PASS
AMD-STROKE	rs617044	12	112132875	PASS
AMD-STROKE	rs666951	12	112136583	PASS
AMD-STROKE	rs642898	12	112141233	PASS
AMD-STROKE	rs627308	12	112146555	PASS
AMD-STROKE	rs609230	12	112146911	PASS
AMD-STROKE	rs608848	12	112146964	PASS
AMD-STROKE	rs630616	12	112158966	PASS
AMD-STROKE	rs847898	12	112163646	PASS
AMD-STROKE	rs640783	12	112168050	PASS
AMD-STROKE	rs7962138	12	112180177	PASS
AMD-STROKE	rs6490294	12	112190438	PASS
AMD-STROKE	rs737280	12	112194976	PASS
AMD-STROKE	rs886205	12	112204427	PASS
AMD-STROKE	rs4767939	12	112206895	PASS
AMD-STROKE	rs2238151	12	112211833	PASS
AMD-STROKE	rs4648328	12	112222788	PASS
AMD-STROKE	rs441	12	112228849	PASS
AMD-STROKE	rs4646777	12	112230036	PASS
AMD-STROKE	rs10744777	12	112233018	PASS
AMD-STROKE	rs4646778	12	112235783	PASS
AMD-STROKE	rs11066028	12	112245170	PASS
AMD-STROKE	rs9971942	12	112256042	PASS
AMD-STROKE	rs7314870	12	112276464	PASS
AMD-STROKE	rs3177647	12	112277576	PASS
AMD-STROKE	rs2879603	12	112278025	PASS
AMD-STROKE	rs3213628	12	112280773	PASS
AMD-STROKE	rs4767068	12	112281013	PASS
AMD-STROKE	rs7980569	12	112281384	PASS
AMD-STROKE	rs4346023	12	112285542	PASS
AMD-STROKE	rs6489817	12	112291242	PASS
AMD-STROKE	rs7976557	12	112300780	PASS
AMD-STROKE	rs11066054	12	112306165	PASS
AMD-STROKE	rs6489818	12	112310580	PASS
AMD-STROKE	rs7297760	12	112313688	PASS
AMD-STROKE	rs12426566	12	112315172	PASS
AMD-STROKE	rs7294623	12	112317096	PASS
AMD-STROKE	rs1981517	12	112323582	PASS
AMD-STROKE	rs12423041	12	112324846	PASS
AMD-STROKE	rs6489819	12	112328230	PASS
AMD-STROKE	rs7974772	12	112332283	PASS
AMD-STROKE	rs4766705	12	112333660	PASS
AMD-STROKE	rs9971746	12	112337362	PASS
AMD-STROKE	rs3742000	12	112338539	PASS
AMD-STROKE	rs12321677	12	112339015	PASS
AMD-STROKE	rs3741998	12	112339843	PASS
AMD-STROKE	rs11066077	12	112346661	PASS
AMD-STROKE	rs7294902	12	112354531	PASS
AMD-STROKE	rs11066089	12	112363267	PASS
AMD-STROKE	rs16941759	12	112367921	PASS
AMD-STROKE	rs3752630	12	112375990	PASS
AMD-STROKE	rs7133881	12	112378768	PASS
AMD-STROKE	rs9788231	12	112385665	PASS
AMD-STROKE	rs7295722	12	112394260	PASS
AMD-STROKE	rs9630276	12	112404838	PASS
AMD-STROKE	rs1016078	12	112410077	PASS
AMD-STROKE	rs1016079	12	112410186	PASS
AMD-STROKE	rs2339908	12	112418496	PASS
AMD-STROKE	rs11066113	12	112423062	PASS
AMD-STROKE	rs4767264	12	112425746	PASS
AMD-STROKE	rs4767293	12	112463296	PASS
AMD-STROKE	rs17696736	12	112486818	PASS
AMD-STROKE	rs2339941	12	112490764	PASS
AMD-STROKE	rs7314282	12	112502438	PASS
AMD-STROKE	rs2339973	12	112520883	PASS
AMD-STROKE	rs4767364	12	112521448	PASS
AMD-STROKE	rs7304572	12	112525073	PASS
AMD-STROKE	rs10850003	12	112571169	PASS
AMD-STROKE	rs17630235	12	112591686	PASS
AMD-STROKE	rs11066188	12	112610714	PASS
AMD-STROKE	rs1005902	12	112667675	PASS
AMD-STROKE	rs2285810	12	112699540	PASS
AMD-STROKE	rs10850031	12	112771063	PASS
AMD-STROKE	rs1468253	12	112776042	PASS
AMD-STROKE	rs7974383	12	112794714	PASS
AMD-STROKE	rs7311681	12	112817847	PASS
AMD-STROKE	rs11066301	12	112871372	PASS
AMD-STROKE	rs11066320	12	112906415	PASS
AMD-STROKE	rs11066322	12	112922529	PASS
AMD-STROKE	rs7953150	12	112941571	PASS
AMD-STROKE	rs741334	12	112985328	PASS
AMD-STROKE	rs12580178	12	113024793	PASS
AMD-STROKE	rs1354225	15	38175015	PASS
AMD-STROKE	rs1896354	12	115372965	PASS
AMD-STROKE	rs2891538	12	115374162	PASS
AMD-STROKE	rs12812747	12	115374658	PASS
AMD-STROKE	rs10770658	12	20586821	PASS
AMD-T2D	rs4659619	1	236198987	PASS
AMD-T2D	rs10169613	2	111934977	PASS
AMD-T2D	rs11716141	3	12108754	PASS
AMD-T2D	rs13099882	3	12250888	PASS
AMD-T2D	rs4279078	3	12314846	PASS
AMD-T2D	rs6785890	3	12335816	PASS
AMD-T2D	rs6768587	3	12338115	PASS
AMD-T2D	rs4684846	3	12338849	PASS
AMD-T2D	rs9817428	3	12340267	PASS
AMD-T2D	rs12631028	3	12341406	PASS
AMD-T2D	rs12636461	3	12341830	PASS
AMD-T2D	rs13076055	3	12341996	PASS
AMD-T2D	rs11128596	3	12343117	PASS
AMD-T2D	rs11710969	3	12343591	PASS
AMD-T2D	rs11128597	3	12344636	PASS
AMD-T2D	rs10510410	3	12346738	PASS
AMD-T2D	rs10510411	3	12346849	PASS
AMD-T2D	rs17036242	3	12349490	PASS
AMD-T2D	rs13061415	3	12349924	PASS
AMD-T2D	rs12639162	3	12350781	PASS
AMD-T2D	rs12629240	3	12351574	PASS
AMD-T2D	rs9310401	3	12352468	PASS
AMD-T2D	rs11128598	3	12353326	PASS
AMD-T2D	rs13073869	3	12353993	PASS
AMD-T2D	rs12487012	3	12356196	PASS
AMD-T2D	rs13070963	3	12356605	PASS
AMD-T2D	rs13433696	3	12358492	PASS
AMD-T2D	rs12636454	3	12360214	PASS
AMD-T2D	rs12495364	3	12361929	PASS
AMD-T2D	rs12493718	3	12363637	PASS
AMD-T2D	rs4145574	3	12372074	PASS
AMD-T2D	rs4145573	3	12372386	PASS
AMD-T2D	rs2028760	3	12372882	PASS
AMD-T2D	rs1122648	3	12375391	PASS
AMD-T2D	rs11128601	3	12381165	PASS
AMD-T2D	rs10801922	1	117529458	PASS
AMD-T2D	rs13951	1	117531620	PASS
AMD-T2D	rs755854	1	117563582	PASS
AMD-T2D	rs1975283	1	118142558	PASS
AMD-T2D	rs7430672	3	170662923	PASS
AMD-T2D	rs2624847	3	50174197	PASS
AMD-T2D	rs2290782	4	89711849	PASS
AMD-T2D	rs9991328	4	89713121	PASS
AMD-T2D	rs2276936	4	89726283	PASS
AMD-T2D	rs6814344	4	89733882	PASS
AMD-T2D	rs3775373	4	89743821	PASS
AMD-T2D	rs7660000	4	89751858	PASS
AMD-T2D	rs10513810	3	186667885	PASS
AMD-T2D	rs9860730	3	64701146	PASS
AMD-T2D	rs4411878	3	64703665	PASS
AMD-T2D	rs4422297	3	64704860	PASS
AMD-T2D	rs6795735	3	64705365	PASS
AMD-T2D	rs9311910	3	64707269	PASS
AMD-T2D	rs4132228	3	64708114	PASS
AMD-T2D	rs4607103	3	64711904	PASS
AMD-T2D	rs17727064	3	64714182	PASS
AMD-T2D	rs17676096	3	64715467	PASS
AMD-T2D	rs13096392	3	64722611	PASS
AMD-T2D	rs2194091	3	64725485	PASS
AMD-T2D	rs7638389	3	64729892	PASS
AMD-T2D	rs17678140	3	64812120	PASS
AMD-T2D	rs170563	4	103606672	PASS
AMD-T2D	rs227284	4	103607635	PASS
AMD-T2D	rs227285	4	103607806	PASS
AMD-T2D	rs227369	4	103612018	PASS
AMD-T2D	rs227375	4	103618023	PASS
AMD-T2D	rs223510	4	103627968	PASS
AMD-T2D	rs223508	4	103632963	PASS
AMD-T2D	rs223504	4	103635183	PASS
AMD-T2D	rs223500	4	103647047	PASS
AMD-T2D	rs223498	4	103651962	PASS
AMD-T2D	rs223495	4	103656377	PASS
AMD-T2D	rs223490	4	103679117	PASS
AMD-T2D	rs223484	4	103685471	PASS
AMD-T2D	rs223482	4	103687208	PASS
AMD-T2D	rs223467	4	103700878	PASS
AMD-T2D	rs223457	4	103709663	PASS
AMD-T2D	rs223454	4	103710930	PASS
AMD-T2D	rs223452	4	103711434	PASS
AMD-T2D	rs150895	4	103712589	PASS
AMD-T2D	rs223447	4	103713359	PASS
AMD-T2D	rs223438	4	103719741	PASS
AMD-T2D	rs65671	4	103722238	PASS
AMD-T2D	rs223420	4	103728010	PASS
AMD-T2D	rs223418	4	103730493	PASS
AMD-T2D	rs223412	4	103733600	PASS
AMD-T2D	rs223410	4	103734725	PASS
AMD-T2D	rs223397	4	103742651	PASS
AMD-T2D	rs223391	4	103748224	PASS
AMD-T2D	rs223383	4	103751251	PASS
AMD-T2D	rs223363	4	103767339	PASS
AMD-T2D	rs223353	4	103775704	PASS
AMD-T2D	rs223339	4	103785857	PASS
AMD-T2D	rs223334	4	103788211	PASS
AMD-T2D	rs223324	4	103797334	PASS
AMD-T2D	rs223315	4	103805443	PASS
AMD-T2D	rs223313	4	103807720	PASS
AMD-T2D	rs6823625	4	103813594	PASS
AMD-T2D	rs3974604	4	103849758	PASS
AMD-T2D	rs6419160	4	103859805	PASS
AMD-T2D	rs3886723	4	103904170	PASS
AMD-T2D	rs10015289	4	103906113	PASS
AMD-T2D	rs9999303	4	103908038	PASS
AMD-T2D	rs6810668	4	103908731	PASS
AMD-T2D	rs7685399	4	103913083	PASS
AMD-T2D	rs1383733	4	103916454	PASS
AMD-T2D	rs9994654	4	103919065	PASS
AMD-T2D	rs4623004	4	103921298	PASS
AMD-T2D	rs4698874	4	103930511	PASS
AMD-T2D	rs724447	4	103931306	PASS
AMD-T2D	rs11731885	4	103932070	PASS
AMD-T2D	rs28445579	4	103937595	PASS
AMD-T2D	rs7698608	4	103937974	PASS
AMD-T2D	rs10516497	4	103942714	PASS
AMD-T2D	rs1080081	4	103950425	PASS
AMD-T2D	rs4699049	4	103951624	PASS
AMD-T2D	rs13130741	4	103956956	PASS
AMD-T2D	rs11734396	4	104022110	PASS
AMD-T2D	rs2720447	4	104026547	PASS
AMD-T2D	rs2711896	4	104031440	PASS
AMD-T2D	rs2720449	4	104032264	PASS
AMD-T2D	rs2623069	4	104039659	PASS
AMD-T2D	rs2711889	4	104039926	PASS
AMD-T2D	rs2243682	4	104059542	PASS
AMD-T2D	rs2615542	4	104066461	PASS
AMD-T2D	rs4698879	4	104103897	PASS
AMD-T2D	rs17283278	4	104107043	PASS
AMD-T2D	rs2290943	4	104117191	PASS
AMD-T2D	rs297046	10	71312821	PASS
AMD-T2D	rs192710	10	71313136	PASS
AMD-T2D	rs6480424	10	71488223	PASS
AMD-T2D	rs2802371	10	80961519	PASS
AMD-T2D	rs2490275	10	80962411	PASS
AMD-T2D	rs1250574	10	80963010	PASS
AMD-T2D	rs1250576	10	80964796	PASS
AMD-T2D	rs745417	10	80966678	PASS
AMD-T2D	rs942796	10	80967220	PASS
AMD-T2D	rs2802362	10	80971810	PASS
AMD-T2D	rs1250582	10	80973447	PASS
AMD-T2D	rs1250583	10	80975004	PASS
AMD-T2D	rs1616493	10	80975443	PASS
AMD-T2D	rs1250584	10	80976442	PASS
AMD-T2D	rs1250586	10	80977400	PASS
AMD-T2D	rs1250590	10	80983786	PASS
AMD-T2D	rs2802363	10	80988837	PASS
AMD-T2D	rs2764818	10	80989082	PASS
AMD-T2D	rs1749845	10	80991900	PASS
AMD-T2D	rs1574190	10	80992381	PASS
AMD-T2D	rs1250593	10	80995556	PASS
AMD-T2D	rs1749849	10	80999869	PASS
AMD-T2D	rs1749851	10	81000889	PASS
AMD-T2D	rs1250600	10	81010850	PASS
AMD-T2D	rs942791	10	81015260	PASS
AMD-T2D	rs1250532	10	81017157	PASS
AMD-T2D	rs1250530	10	81017467	PASS
AMD-T2D	rs1250550	10	81060317	PASS
AMD-T2D	rs7828303	8	145509128	PASS
AMD-T2D	rs3757973	8	145545749	PASS
AMD-T2D	rs3757971	8	145545949	PASS
AMD-T2D	rs4925820	8	145637148	PASS
AMD-T2D	rs2722495	8	145971666	PASS
AMD-T2D	rs7014773	8	145972670	PASS
AMD-T2D	rs2730059	8	145981760	PASS
AMD-T2D	rs2958482	8	145984615	PASS
AMD-T2D	rs2958483	8	145987048	PASS
AMD-T2D	rs2955195	8	145989192	PASS
AMD-T2D	rs2953854	8	145990480	PASS
AMD-T2D	rs2955202	8	146000129	PASS
AMD-T2D	rs2953857	8	146000421	PASS
AMD-T2D	rs2294120	8	146003567	PASS
AMD-T2D	rs7833780	8	146011111	PASS
AMD-T2D	rs11784860	8	146013799	PASS
AMD-T2D	rs2958516	8	146018726	PASS
AMD-T2D	rs5029824	8	146044055	PASS
AMD-T2D	rs1735189	8	146045454	PASS
AMD-T2D	rs1735192	8	146045868	PASS
AMD-T2D	rs1735433	8	146050996	PASS
AMD-T2D	rs2727237	8	146051203	PASS
AMD-T2D	rs1735430	8	146052186	PASS
AMD-T2D	rs1735166	8	146065173	PASS
AMD-T2D	rs1625919	8	146066053	PASS
AMD-T2D	rs2242650	8	146066418	PASS
AMD-T2D	rs2242651	8	146066508	PASS
AMD-T2D	rs1735169	8	146067054	PASS
AMD-T2D	rs9004	8	146068322	PASS
AMD-T2D	rs1735404	8	146071913	PASS
AMD-T2D	rs1209881	8	146075832	PASS
AMD-T2D	rs1209879	8	146076708	PASS
AMD-T2D	rs3866995	8	146082167	PASS
AMD-T2D	rs1209857	8	146099851	PASS
AMD-T2D	rs1209853	8	146102910	PASS
AMD-T2D	rs2953874	8	146129268	PASS
AMD-T2D	rs10758593	9	4292083	PASS
AMD-T2D	rs28539249	9	139240630	PASS
AMD-T2D	rs28642252	9	139245289	PASS
AMD-T2D	rs11196218	10	114840494	PASS
AMD-T2D	rs10749128	10	114865489	PASS
AMD-T2D	rs271046	11	92727874	PASS
AMD-T2D	rs3020049	11	93052265	PASS
AMD-T2D	rs3019212	11	93054457	PASS
AMD-T2D	rs2925355	11	93090887	PASS
AMD-T2D	rs1940208	11	95694713	PASS
AMD-T2D	rs7920046	10	123946843	PASS
AMD-T2D	rs4751880	10	124015462	PASS
AMD-T2D	rs7091348	10	124016160	PASS
AMD-T2D	rs9630110	10	124017308	PASS
AMD-T2D	rs10788265	10	124017323	PASS
AMD-T2D	rs10887113	10	124017404	PASS
AMD-T2D	rs9630083	10	124017423	PASS
AMD-T2D	rs10788269	10	124022870	PASS
AMD-T2D	rs10887114	10	124022997	PASS
AMD-T2D	rs7898942	10	124024608	PASS
AMD-T2D	rs4752678	10	124039657	PASS
AMD-T2D	rs6585810	10	124041447	PASS
AMD-T2D	rs11591986	10	124042764	PASS
AMD-T2D	rs911775	10	124045302	PASS
AMD-T2D	rs1007865	10	124050130	PASS
AMD-T2D	rs10788275	10	124061501	PASS
AMD-T2D	rs10788276	10	124061529	PASS
AMD-T2D	rs11200542	10	124062453	PASS
AMD-T2D	rs7893672	10	124070992	PASS
AMD-T2D	rs3905303	10	124074891	PASS
AMD-T2D	rs2181160	10	124081914	PASS
AMD-T2D	rs6585812	10	124086757	PASS
AMD-T2D	rs10736312	10	124088367	PASS
AMD-T2D	rs2421013	10	124089036	PASS
AMD-T2D	rs10788281	10	124093385	PASS
AMD-T2D	rs3817280	10	124095982	PASS
AMD-T2D	rs3817281	10	124096035	PASS
AMD-T2D	rs1048347	10	124096061	PASS
AMD-T2D	rs3817287	10	124096387	PASS
AMD-T2D	rs2271597	10	124097755	PASS
AMD-T2D	rs11595694	10	124106759	PASS
AMD-T2D	rs11200621	10	124178978	PASS
AMD-T2D	rs2268346	10	124246380	PASS
AMD-T2D	rs2268347	10	124246862	PASS
AMD-T2D	rs2268353	10	124254061	PASS
AMD-T2D	rs4980245	10	124793597	PASS
AMD-T2D	rs2895504	10	12244612	PASS
AMD-T2D	rs1317549	10	12245314	PASS
AMD-T2D	rs7396835	11	116684028	PASS
AMD-T2D	rs7396851	11	116684164	PASS
AMD-T2D	rs9326248	11	116999225	PASS
AMD-T2D	rs4938344	11	117003749	PASS
AMD-T2D	rs4938349	11	117021923	PASS
AMD-T2D	rs7128382	11	117023487	PASS
AMD-T2D	rs3736120	11	117032125	PASS
AMD-T2D	rs10790175	11	117034729	PASS
AMD-T2D	rs1060211	11	117039797	PASS
AMD-T2D	rs4938353	11	117046197	PASS
AMD-T2D	rs4938354	11	117051165	PASS
AMD-T2D	rs7946257	11	117053165	PASS
AMD-T2D	rs7107152	11	117056080	PASS
AMD-T2D	rs8521	11	117067699	PASS
AMD-T2D	rs585849	11	117069061	PASS
AMD-T2D	rs1003081	11	118913993	PASS
AMD-T2D	rs1784461	11	118937985	PASS
AMD-T2D	rs1786141	11	118938315	PASS
AMD-T2D	rs1786690	11	118942067	PASS
AMD-T2D	rs1614264	11	118942638	PASS
AMD-T2D	rs1185460	11	118943433	PASS
AMD-T2D	rs3825061	11	118944675	PASS
AMD-T2D	rs1177563	11	118949083	PASS
AMD-T2D	rs1177562	11	118949331	PASS
AMD-T2D	rs1168568	11	118949799	PASS
AMD-T2D	rs15818	11	118952173	PASS
AMD-T2D	rs4614	11	118952371	PASS
AMD-T2D	rs7127212	11	118953202	PASS
AMD-T2D	rs1799993	11	118958127	PASS
AMD-T2D	rs1006195	11	118958869	PASS
AMD-T2D	rs3783394	14	103858673	PASS
AMD-T2D	rs2010281	14	103862322	PASS
AMD-T2D	rs12879085	14	103874420	PASS
AMD-T2D	rs6575984	14	103876454	PASS
AMD-T2D	rs4906321	14	103878882	PASS
AMD-T2D	rs11623869	14	103883633	PASS
AMD-T2D	rs17679475	14	103916958	PASS
AMD-T2D	rs2273700	14	103923414	PASS
AMD-T2D	rs10141388	14	103939679	PASS
AMD-T2D	rs8015918	14	103942991	PASS
AMD-T2D	rs3742458	14	103950368	PASS
AMD-T2D	rs8019578	14	103977724	PASS
AMD-T2D	rs1803283	14	103986255	PASS
AMD-T2D	rs1467561	14	103994961	PASS
AMD-T2D	rs2296484	14	104003094	PASS
AMD-T2D	rs12369757	12	95888603	PASS
AMD-T2D	rs11519597	12	95894247	PASS
AMD-T2D	rs11108094	12	95928113	PASS
AMD-T2D	rs9523296	13	91949444	PASS
AMD-T2D	rs9515905	13	91949562	PASS
AMD-T2D	rs7986895	13	91950114	PASS
AMD-T2D	rs9523299	13	91955192	PASS
AMD-T2D	rs7989842	13	91956038	PASS
CAT-AD	rs12994085	2	27952406	PASS
CAT-AD	rs12714223	2	27963330	PASS
CAT-AD	rs9677663	2	27972445	PASS
CAT-AD	rs10201247	2	27974971	PASS
CAT-AD	rs6547796	2	27975394	PASS
CAT-AD	rs10209020	2	27980944	PASS
CAT-AD	rs77154381	2	27982119	PASS
CAT-AD	rs301805	1	8481016	PASS
CAT-AD	rs301806	1	8482078	PASS
CAT-AD	rs301807	1	8484823	PASS
CAT-AD	rs301799	1	8489302	PASS
CAT-AD	rs301817	1	8503379	PASS
CAT-AD	rs159963	1	8504421	PASS
CAT-AD	rs301816	1	8505058	PASS
CAT-AD	rs79487387	1	9696987	PASS
CAT-AD	rs12028233	1	9699768	PASS
CAT-AD	rs12039250	1	9726705	PASS
CAT-AD	rs12567553	1	9735844	PASS
CAT-AD	rs3007364	1	169018902	PASS
CAT-AD	rs1320974	1	169022617	PASS
CAT-AD	rs2982459	1	169028716	PASS
CAT-AD	rs2982461	1	169029531	PASS
CAT-AD	rs3007370	1	169032825	PASS
CAT-AD	rs1575042	1	169033807	PASS
CAT-AD	rs1200092	1	169041171	PASS
CAT-AD	rs1200103	1	169052917	PASS
CAT-AD	rs1040506	1	169053925	PASS
CAT-AD	rs1200106	1	169056946	PASS
CAT-AD	rs1200114	1	169060489	PASS
CAT-AD	rs4571051	2	234091158	PASS
CAT-AD	rs3733349	4	954311	PASS
CAT-AD	rs4690196	4	960713	PASS
CAT-AD	rs1377586	4	961373	PASS
CAT-AD	rs4690221	4	983809	PASS
CAT-AD	rs10011821	4	1777512	PASS
CAT-AD	rs10014737	4	1778188	PASS
CAT-AD	rs62285142	4	1780619	PASS
CAT-AD	rs7668207	4	1786702	PASS
CAT-AD	rs10446333	3	154781657	PASS
CAT-AD	rs6600982	5	178273289	PASS
CAT-AD	rs7761470	6	811952	PASS
CAT-AD	rs2392619	7	39163922	PASS
CAT-AD	rs1525793	7	39187071	PASS
CAT-AD	rs1997010	6	110961833	PASS
CAT-AD	rs71562245	6	110965216	PASS
CAT-AD	rs2691176	6	110966557	PASS
CAT-AD	rs2691174	6	110967011	PASS
CAT-AD	rs2817763	6	110972494	PASS
CAT-AD	rs2817764	6	110980652	PASS
CAT-AD	rs11755241	6	111061814	PASS
CAT-AD	rs4947086	6	111077507	PASS
CAT-AD	rs59059718	7	46213154	PASS
CAT-AD	rs796769	6	114647321	PASS
CAT-AD	rs1359031	6	114656498	PASS
CAT-AD	rs1819198	6	114656514	PASS
CAT-AD	rs406840	8	78484951	PASS
CAT-AD	rs435896	8	78491640	PASS
CAT-AD	rs7014222	8	78524361	PASS
CAT-AD	rs1912391	8	78550000	PASS
CAT-AD	rs1858217	8	78585128	PASS
CAT-AD	rs7872590	9	75328136	PASS
CAT-AD	rs7038578	9	75331103	PASS
CAT-AD	rs12342563	9	75338206	PASS
CAT-AD	rs12351875	9	75340470	PASS
CAT-AD	rs12343810	9	75354085	PASS
CAT-AD	rs79832570	8	145097720	PASS
CAT-AD	rs60394484	8	145124613	PASS
CAT-AD	rs3862785	11	85558723	PASS
CAT-AD	rs2028807	11	85565397	PASS
CAT-AD	rs11825598	11	85634734	PASS
CAT-AD	rs4944549	11	85652251	PASS
CAT-AD	rs661271	11	85653256	PASS
CAT-AD	rs77973039	11	133783198	PASS
CAT-AD	rs4759390	12	123302774	PASS
CAT-AD	rs7954285	12	123307754	PASS
CAT-AD	rs4759389	12	123308615	PASS
CAT-AD	rs7398546	12	123309475	PASS
CAT-AD	rs10773627	12	123311853	PASS
CAT-AD	rs897393	12	123312051	PASS
CAT-AD	rs4759355	12	123316566	PASS
CAT-AD	rs2880678	12	123317099	PASS
CAT-AD	rs921808	12	123323135	PASS
CAT-AD	rs897391	12	123326374	PASS
CAT-AD	rs12426809	12	123327143	PASS
CAT-AD	rs10773657	12	123327900	PASS
CAT-AD	rs1532835	12	123330665	PASS
CAT-AD	rs937766	12	123331094	PASS
CAT-AD	rs2343108	12	123331301	PASS
CAT-AD	rs3817094	12	123332032	PASS
CAT-AD	rs2292132	12	123332834	PASS
CAT-AD	rs2135014	12	123333065	PASS
CAT-AD	rs3896871	12	123333610	PASS
CAT-AD	rs3896870	12	123333611	PASS
CAT-AD	rs3852536	12	123333824	PASS
CAT-AD	rs2292135	12	123334075	PASS
CAT-AD	rs10744422	12	123336789	PASS
CAT-AD	rs936083	12	123338964	PASS
CAT-AD	rs897386	12	123341289	PASS
CAT-AD	rs897385	12	123341297	PASS
CAT-AD	rs2343110	12	123343571	PASS
CAT-AD	rs4759382	12	123347609	PASS
CAT-AD	rs4759381	12	123348480	PASS
CAT-AD	rs2061101	12	123348925	PASS
CAT-AD	rs2061098	12	123349410	PASS
CAT-AD	rs3825143	12	123352179	PASS
CAT-AD	rs4759386	12	123377470	PASS
CAT-AD	rs4759387	12	123377569	PASS
CAT-AD	rs17783630	14	92955385	PASS
CAT-AD	rs12888354	14	92960172	PASS
CAT-AD	rs11160085	14	93112102	PASS
CAT-AD	rs8066276	17	61589265	PASS
CAT-AD	rs714506	20	60938310	PASS
CAT-AD	rs493809	20	60941060	PASS
CAT-AD	rs3827045	20	60944372	PASS
CAT-AD	rs6089354	20	60944803	PASS
CAT-AD	rs59553816	20	60949043	PASS
CAT-AD	rs675138	20	60949086	PASS
CAT-AD	rs673882	20	60949297	PASS
CAT-AD	rs2427303	20	60951542	PASS
CAT-AD	rs1406973	20	60953437	PASS
CAT-AD	rs6121552	20	60954501	PASS
CAT-AD	rs11699109	20	60958418	PASS
CAT-AD	rs11699160	20	60958651	PASS
CAT-AD	rs11696991	20	60959694	PASS
CAT-AD	rs755726	20	60962624	PASS
CAT-AD	rs927133	20	60972109	PASS
CAT-AD	rs62196294	20	60973432	PASS
CAT-AD	rs2395191	6	32447085	PASS
CAT-AD	rs9269174	6	32447364	PASS
CAT-AD	rs9269175	6	32447451	PASS
CAT-AD	rs55913537	12	9422965	PASS
CAT-AD	rs28895206	6	32425936	PASS
CAT-AD	rs7458836	7	103667820	PASS
CAT-AD	rs3873411	6	31458632	PASS
CAT-AD	rs3828917	6	31465917	PASS
CAT-AD	rs7769225	6	32774137	PASS
CAT-AD	rs9256933	6	32431544	PASS
CAT-AD	rs9295776	6	28669407	PASS
CAT-AD	rs7966837	12	9483768	PASS
CAT-AD	rs148462318	3	180724743	PASS
CAT-AD	rs2302398	6	31088232	PASS
CAT-AD	rs41293911	6	31492279	PASS
CAT-AD	rs28732212	6	32402531	PASS
CAT-AD	rs115277907	6	31901090	PASS
CAT-AD	rs41267066	6	31640227	PASS
CAT-AD	rs3132547	6	31087908	PASS
CAT-AD	rs79461667	8	27580385	PASS
CAT-AD	rs17867822	7	126947813	PASS
CAT-AD	rs4883239	12	9482043	PASS
CAT-AD	rs41293895	6	31481133	PASS
CAT-AD	rs12581534	12	9424613	PASS
CAT-AD	rs7311245	12	9482817	PASS
CAT-AD	rs9257577	6	29146668	PASS
CAT-AD	rs28381344	6	31707526	PASS
CAT-AD	rs74914988	8	27644579	PASS
CAT-AD	rs138556413	2	203832867	PASS
CAT-AD	rs7454108	6	32681483	PASS
CAT-AD	rs7549231	1	214008781	PASS
CAT-AD	rs2302396	6	31088325	PASS
CAT-AD	rs4959078	6	31482626	PASS
CAT-AD	rs3117341	6	29210053	PASS
CAT-AD	rs28381348	6	31708910	PASS
CAT-AD	rs3763287	6	31370329	PASS
CAT-AD	rs74655380	6	31411714	PASS
CAT-AD	rs9268227	6	32285542	PASS
CAT-AD	rs17213749	6	32787651	PASS
CAT-AD	rs7959820	12	9485295	PASS
CAT-AD	rs17207370	6	31678691	PASS
CAT-AD	rs1544327	7	103648555	PASS
CAT-AD	rs9263672	6	31087310	PASS
CAT-AD	rs879062305			MISSING_OR_NONNUMERIC
CAT-AD	rs57989216	6	31335791	PASS
CAT-AD	rs79018068	19	45634854	PASS
CAT-AD	rs3129731	6	32682207	PASS
CAT-AD	rs3132546	6	31088579	PASS
CAT-AD	rs114276434	6	31669585	PASS
CAT-AD	rs3131009	6	31098832	PASS
CAT-AD	rs76031245	2	18551754	PASS
CAT-AD	rs112393700	6	33017895	PASS
CAT-AD	rs41293860	6	31464091	PASS
CAT-AD	rs7315532	12	9483063	PASS
CAT-AD	rs28732236	6	32430976	PASS
CAT-AD	rs6487835	12	9482771	PASS
CAT-AD	rs3094209	6	31089982	PASS
CAT-AD	rs115846244	6	31430060	PASS
CAT-AD	rs148225733	2	66524248	PASS
CAT-AD	rs79342353	6	31622142	PASS
CAT-AD	rs9268132	6	32254654	PASS
CAT-AD	rs2736173	6	31589735	PASS
CAT-AD	rs28732193	6	32306922	PASS
CAT-AD	rs7962164	12	9482130	PASS
CAT-AD	rs28732175	6	32085278	PASS
CAT-AD	rs9268438	6	32346663	PASS
CAT-AD	rs148792134	6	31402358	PASS
CAT-AD	rs11879980	19	45193967	PASS
CAT-AD	rs3130565	6	31101778	PASS
CAT-AD	rs10887736	10	82066265	PASS
CAT-AD	rs9378249	6	31327701	PASS
CAT-AD	rs28569775	7	151093668	PASS
CAT-AD	rs10906632	10	14276235	PASS
CAT-AD	rs72926788	2	203820923	PASS
CAT-AD	rs116419909	6	31390266	PASS
CAT-AD	rs3132552	6	31085269	PASS
CAT-AD	rs146723120	19	45648220	PASS
CAT-AD	rs9268937	6	32433399	PASS
CAT-AD	rs9380210	6	30990019	PASS
CAT-AD	rs77422482	8	27708638	PASS
CAT-AD	rs115884658	6	31864538	PASS
CAT-AD	rs28732239	6	32438713	PASS
CAT-AD	rs41315812	6	31943232	PASS
CAT-AD	rs1137571	19	45219011	PASS
CAT-AD	rs3201345	19	45219015	PASS
CAT-AD	rs74862042	19	45217784	PASS
CAT-AD	rs77751556	19	45218292	PASS
CAT-AD	rs77229005	19	45218266	PASS
CAT-CKD	rs35319888	4	166846287	PASS
CAT-CKD	rs11018439	11	88775561	PASS
CAT-CKD	rs1042602	11	88911696	PASS
CAT-CKD	rs12285584	11	88935088	PASS
CAT-CKD	rs7099886	10	5265415	PASS
CAT-CKD	rs11253056	10	5273366	PASS
CAT-CKD	rs17252490	14	52245104	PASS
CAT-CKD	rs4898711	14	52246595	PASS
CAT-CKD	rs55896929	14	52247781	PASS
CAT-CKD	rs4528474	14	52248893	PASS
CAT-CKD	rs4272956	14	52248924	PASS
CAT-CKD	rs4580078	14	52249732	PASS
CAT-CKD	rs28713666	14	52249974	PASS
CAT-CKD	rs4281635	14	52250159	PASS
CAT-CKD	rs4441186	14	52250365	PASS
CAT-CKD	rs8017505	14	52256251	PASS
CAT-CKD	rs55928712	14	52257694	PASS
CAT-CKD	rs55937516	14	52257876	PASS
CAT-CKD	rs4429198	14	52267634	PASS
CAT-CKD	rs4589467	14	52267877	PASS
CAT-CKD	rs4301947	14	52269559	PASS
CAT-CKD	rs4399475	14	52269731	PASS
CAT-CKD	rs8018469	14	52270381	PASS
CAT-CKD	rs72675868	14	52270557	PASS
CAT-CKD	rs8023017	14	52271327	PASS
CAT-CKD	rs28558382	14	52271389	PASS
CAT-CKD	rs4898713	14	52272061	PASS
CAT-CKD	rs7145953	14	52272501	PASS
CAT-CKD	rs7152284	14	52273663	PASS
CAT-CKD	rs56329637	14	52274858	PASS
CAT-CKD	rs1014157	14	52277194	PASS
CAT-CKD	rs10875798	12	48732884	PASS
CAT-CKD	rs2078300	12	54138547	PASS
CAT-CKD	rs973632	17	74641732	PASS
CAT-CKD	rs973630	17	74641930	PASS
CAT-CKD	rs7214860	17	74642414	PASS
CAT-CKD	rs1117060	17	74642937	PASS
CAT-CKD	rs1117059	17	74642974	PASS
CAT-CKD	rs2410995	17	74643223	PASS
CAT-CKD	rs1117058	17	74643224	PASS
CAT-CKD	rs4238999	17	74643493	PASS
CAT-CKD	rs4789336	17	74644173	PASS
CAT-CKD	rs60238260	17	74644580	PASS
CAT-CKD	rs12601061	17	74644915	PASS
CAT-CKD	rs56390890	17	74644940	PASS
CAT-CKD	rs9908979	17	74645486	PASS
CAT-CKD	rs4322697	17	74648642	PASS
CAT-CKD	rs8069104	17	74650215	PASS
CAT-CKD	rs9906045	17	74651451	PASS
CAT-CKD	rs9915915	17	74652274	PASS
CAT-CKD	rs9900613	17	74674857	PASS
CAT-CKD	rs720782	17	74682602	PASS
CAT-CKD	rs2286590	17	74683666	PASS
CAT-CKD	rs2286589	17	74684080	PASS
CAT-CKD	rs7219390	17	74684858	PASS
CAT-CKD	rs35504735	17	74686809	PASS
CAT-CKD	rs8067445	17	74687777	PASS
CAT-CKD	rs9912009	17	74694320	PASS
CAT-CKD	rs28615790	17	74695700	PASS
CAT-CKD	rs34122063	17	74695986	PASS
CAT-CKD	rs7211963	17	74696446	PASS
CAT-CKD	rs7212823	17	74697031	PASS
CAT-CKD	rs1476789	17	74697472	PASS
CAT-CKD	rs1476788	17	74697528	PASS
CAT-CKD	rs34835035	17	74697848	PASS
CAT-CKD	rs34452291	17	74697852	PASS
CAT-CKD	rs2159357	17	74698491	PASS
CAT-CKD	rs1017096	17	74698820	PASS
CAT-CKD	rs11649719	17	74699528	PASS
CAT-CKD	rs34438963	17	74699837	PASS
CAT-CKD	rs35461493	17	74699986	PASS
CAT-CKD	rs62085146	17	74700220	PASS
CAT-CKD	rs62085147	17	74700225	PASS
CAT-CKD	rs77456192	17	74700428	PASS
CAT-CKD	rs113709632	17	74700444	PASS
CAT-CKD	rs113633275	17	74700456	PASS
CAT-CKD	rs12939101	17	74700741	PASS
CAT-CKD	rs11867906	17	74700759	PASS
CAT-CKD	rs11868414	17	74700899	PASS
CAT-CKD	rs11868419	17	74700911	PASS
CAT-CKD	rs11868472	17	74701165	PASS
CAT-CKD	rs11655722	17	74701553	PASS
CAT-CKD	rs7210577	17	74701591	PASS
CAT-CKD	rs7215451	17	74701717	PASS
CAT-CKD	rs34503528	17	74703015	PASS
CAT-CKD	rs4789348	17	74703484	PASS
CAT-CKD	rs9914041	17	74703582	PASS
CAT-CKD	rs8064678	17	74703971	PASS
CAT-CKD	rs9909380	17	74706380	PASS
CAT-CKD	rs2240775	17	74710128	PASS
CAT-CKD	rs2240774	17	74710572	PASS
CAT-CKD	rs2286585	17	74712310	PASS
CAT-CKD	rs2005827	17	74720877	PASS
CAT-CKD	rs12936775	17	74726771	PASS
CAT-CKD	rs3744061	17	74733403	PASS
CAT-CKD	rs62079996	17	80076862	PASS
CAT-CKD	rs62079997	17	80076888	PASS
CAT-CKD	rs4789670	17	80151805	PASS
CAT-CKD	rs4789722	17	80151881	PASS
CAT-CKD	rs4337343	17	80154685	PASS
CAT-CKD	rs9911572	17	80156682	PASS
CAT-CKD	rs35636560	19	33337303	PASS
CAT-CKD	rs72923424	2	176957519	PASS
CAT-CKD	rs12072595	1	243374815	PASS
CAT-CKD	rs72917039	2	176900903	PASS
CAT-CKD	rs72912937	2	176817431	PASS
CAT-CKD	rs76128413	2	176951949	PASS
CAT-CKD	rs113534070	14	65342219	PASS
CAT-CKD	rs144730747	2	176822484	PASS
CAT-CKD	rs72912945	2	176840746	PASS
CAT-CKD	rs78706713	6	78007015	PASS
CAT-CKD	rs112074516	14	65320013	PASS
CAT-CKD	rs140649186	5	93571709	PASS
CAT-CKD	rs61206863	2	176941106	PASS
CAT-CKD	rs9347762	6	163961081	PASS
CAT-CKD	rs61003419	6	78036711	PASS
CAT-CKD	rs72919088	2	176946177	PASS
CAT-CKD	rs11845923	14	65364758	PASS
CAT-CKD	rs150515983	9	121586813	PASS
CAT-CKD	rs182833206	10	15197776	PASS
CAT-CKD	rs145547769	10	101987741	PASS
CAT-CKD	rs76801695	9	121712993	PASS
CAT-CKD	rs2853957	6	31234569	PASS
CAT-CKD	rs77440373	6	77988693	PASS
CAT-CKD	rs60839180	19	51467289	PASS
CAT-CKD	rs72914720	2	176851761	PASS
CAT-CKD	rs112808593	2	177233379	PASS
CAT-CKD	rs149707530	2	176924789	PASS
CAT-CKD	rs9276763	6	32773262	PASS
CAT-CKD	rs72917083	2	176918779	PASS
CAT-CKD	rs72912913	2	176787170	PASS
CAT-CKD	rs73660372	9	121559001	PASS
CAT-CKD	rs150315238	6	163782007	PASS
CAT-CKD	rs112410305	14	65429238	PASS
CAT-CKD	rs925974	3	154218666	PASS
CAT-CKD	rs77259482	6	77982244	PASS
CAT-CKD	rs147333709	2	176825001	PASS
CAT-CKD	rs79304686	6	78018344	PASS
CAT-CKD	rs72917063	2	176910311	PASS
CAT-CKD	rs17880758	14	65409096	PASS
CAT-CKD	rs73166768	3	154420050	PASS
CAT-CKD	rs9267986	6	32218120	PASS
CAT-PD	rs10072318	5	137646221	PASS
CAT-PD	rs10073922	5	137717213	PASS
CAT-PD	rs4835784	5	137730794	PASS
CAT-PD	rs2240334	5	137763615	PASS
CAT-PD	rs4835796	5	137782115	PASS
CAT-PD	rs3798153	5	137782204	PASS
CAT-PD	rs1046576	5	137782335	PASS
CAT-PD	rs4835682	5	137784254	PASS
CAT-PD	rs6864847	5	137784515	PASS
CAT-PD	rs740076	5	137788607	PASS
CAT-PD	rs1990365	7	23115966	PASS
CAT-PD	rs6461687	7	23116580	PASS
CAT-PD	rs1006709	7	23140099	PASS
CAT-PD	rs199355	7	23296533	PASS
CAT-PD	rs466225	7	23332403	PASS
CAT-PD	rs3807459	7	23389751	PASS
CAT-PD	rs200717	7	23392271	PASS
CAT-PD	rs433395	7	23401955	PASS
CAT-PD	rs467349	6	95061816	PASS
CAT-PD	rs10774708	12	109893156	PASS
CAT-PD	rs7313797	12	109896165	PASS
CAT-PD	rs2058804	12	109909011	PASS
CAT-PD	rs2241215	12	109925489	PASS
CAT-PD	rs7298565	12	109937534	PASS
CAT-PD	rs2058807	12	109973273	PASS
CAT-PD	rs7956536	12	109980516	PASS
CAT-PD	rs731178	12	109981678	PASS
CAT-PD	rs1075467	12	109986935	PASS
CAT-PD	rs11067231	12	109993603	PASS
CAT-PD	rs888192	12	109995097	PASS
CAT-PD	rs7134594	12	110000193	PASS
CAT-PD	rs10850379	12	110002777	PASS
CAT-PD	rs12314392	12	110010866	PASS
CAT-PD	rs10161126	12	110042348	PASS
CAT-PD	rs2187449	11	133712682	PASS
CAT-PD	rs329648	11	133765367	PASS
CAT-PD	rs329652	11	133769699	PASS
CAT-PD	rs329675	11	133778102	PASS
CAT-PD	rs329669	11	133795017	PASS
CAT-PD	rs2389631	13	96932868	PASS
CAT-PD	rs794152	12	30796191	PASS
CAT-PD	rs11051052	12	30898000	PASS
CAT-PD	rs17688567	12	30906358	PASS
CAT-PD	rs7134929	12	40967369	PASS
CAT-PD	rs7296544	12	40972350	PASS
CAT-PD	rs1918946	12	40979354	PASS
CAT-PD	rs4760685	12	48520969	PASS
CAT-PD	rs7134565	12	48630024	PASS
CAT-PD	rs4886425	15	74124543	PASS
CAT-PD	rs11175614	12	65380446	PASS
CAT-STROKE	rs17377079	1	85226813	PASS
CAT-STROKE	rs12489804	3	20736328	PASS
CAT-STROKE	rs2363525	3	24971843	PASS
CAT-STROKE	rs9878781	3	24974882	PASS
CAT-STROKE	rs9883836	3	24975890	PASS
CAT-STROKE	rs9882350	3	24980763	PASS
CAT-STROKE	rs12629369	3	24981362	PASS
CAT-STROKE	rs7614855	3	24981701	PASS
CAT-STROKE	rs13083646	3	24997330	PASS
CAT-STROKE	rs4858134	3	25006659	PASS
CAT-STROKE	rs9849459	3	25009827	PASS
CAT-STROKE	rs9880826	3	25010046	PASS
CAT-STROKE	rs6779328	3	25017218	PASS
CAT-STROKE	rs11928745	3	25029366	PASS
CAT-STROKE	rs172823	3	25356328	PASS
CAT-STROKE	rs322662	3	25356873	PASS
CAT-STROKE	rs6831779	4	189577146	PASS
CAT-STROKE	rs12497008	3	181283743	PASS
CAT-STROKE	rs4854922	3	181387240	PASS
CAT-STROKE	rs6935146	6	135627369	PASS
CAT-STROKE	rs2746419	6	135653855	PASS
CAT-STROKE	rs2282978	7	92264410	PASS
CAT-STROKE	rs2282983	7	92279363	PASS
CAT-STROKE	rs7804722	7	92288106	PASS
CAT-STROKE	rs7041637	9	21961866	PASS
CAT-STROKE	rs3218020	9	21997872	PASS
CAT-STROKE	rs3217992	9	22003223	PASS
CAT-STROKE	rs1063192	9	22003367	PASS
CAT-STROKE	rs2106119	9	22017550	PASS
CAT-STROKE	rs523096	9	22019129	PASS
CAT-STROKE	rs10757264	9	22019732	PASS
CAT-STROKE	rs10738604	9	22025493	PASS
CAT-STROKE	rs7049105	9	22028801	PASS
CAT-STROKE	rs10965215	9	22029445	PASS
CAT-STROKE	rs564398	9	22029547	PASS
CAT-STROKE	rs7865618	9	22031005	PASS
CAT-STROKE	rs2157719	9	22033366	PASS
CAT-STROKE	rs2151280	9	22034719	PASS
CAT-STROKE	rs1412829	9	22043926	PASS
CAT-STROKE	rs10965219	9	22053687	PASS
CAT-STROKE	rs10120688	9	22056499	PASS
CAT-STROKE	rs10811650	9	22067593	PASS
CAT-STROKE	rs4977756	9	22068652	PASS
CAT-STROKE	rs10757270	9	22072719	PASS
CAT-STROKE	rs10116277	9	22081397	PASS
CAT-STROKE	rs6475606	9	22081850	PASS
CAT-STROKE	rs1537370	9	22084310	PASS
CAT-STROKE	rs10738607	9	22088094	PASS
CAT-STROKE	rs10757272	9	22088260	PASS
CAT-STROKE	rs4977574	9	22098574	PASS
CAT-STROKE	rs2891168	9	22098619	PASS
CAT-STROKE	rs1333042	9	22103813	PASS
CAT-STROKE	rs944797	9	22115286	PASS
CAT-STROKE	rs2383207	9	22115959	PASS
CAT-STROKE	rs1537375	9	22116071	PASS
CAT-STROKE	rs1333048	9	22125347	PASS
CAT-STROKE	rs12545117	8	74669409	PASS
CAT-STROKE	rs9643680	8	74708851	PASS
CAT-STROKE	rs2588941	10	63588911	PASS
CAT-STROKE	rs1444466	10	63604701	PASS
CAT-STROKE	rs10766117	11	13895577	PASS
CAT-T2D	rs10211562	2	111930796	PASS
CAT-T2D	rs7596789	2	111932616	PASS
CAT-T2D	rs11899831	2	111932694	PASS
CAT-T2D	rs4848406	2	111933758	PASS
CAT-T2D	rs10169613	2	111934977	PASS
CAT-T2D	rs7562480	2	111935232	PASS
CAT-T2D	rs7565445	2	111935461	PASS
CAT-T2D	rs7565457	2	111935478	PASS
CAT-T2D	rs10439381	2	111936459	PASS
CAT-T2D	rs13398360	2	111937940	PASS
CAT-T2D	rs6732491	2	111938720	PASS
CAT-T2D	rs650588	2	111940147	PASS
CAT-T2D	rs60982612	2	111940939	PASS
CAT-T2D	rs7572367	2	111942971	PASS
CAT-T2D	rs9808225	2	111943514	PASS
CAT-T2D	rs9308742	2	111943621	PASS
CAT-T2D	rs7565473	2	111943790	PASS
CAT-T2D	rs6542350	2	111944740	PASS
CAT-T2D	rs7569300	2	111944873	PASS
CAT-T2D	rs7585054	2	111944927	PASS
CAT-T2D	rs7588534	2	111945087	PASS
CAT-T2D	rs879623	2	111946824	PASS
CAT-T2D	rs3898882	2	111947467	PASS
CAT-T2D	rs6754736	2	111948541	PASS
CAT-T2D	rs6754738	2	111948543	PASS
CAT-T2D	rs938095	2	111948809	PASS
CAT-T2D	rs6755484	2	111949096	PASS
CAT-T2D	rs11123407	2	111950594	PASS
CAT-T2D	rs744530	2	111951213	PASS
CAT-T2D	rs4422335	3	23187407	PASS
CAT-T2D	rs4078178	3	23190494	PASS
CAT-T2D	rs9863600	3	23190832	PASS
CAT-T2D	rs9830468	3	23191098	PASS
CAT-T2D	rs6805244	3	23191666	PASS
CAT-T2D	rs6762856	3	23193007	PASS
CAT-T2D	rs4402953	3	23193690	PASS
CAT-T2D	rs9847818	3	23194932	PASS
CAT-T2D	rs9825627	3	23197820	PASS
CAT-T2D	rs6780569	3	23198484	PASS
CAT-T2D	rs9812056	3	23204024	PASS
CAT-T2D	rs56223303	3	23211615	PASS
CAT-T2D	rs13314285	3	23212575	PASS
CAT-T2D	rs77173147	3	23212597	PASS
CAT-T2D	rs9831921	3	23216324	PASS
CAT-T2D	rs60079501	3	23218091	PASS
CAT-T2D	rs6550739	3	23218611	PASS
CAT-T2D	rs9842158	3	23223955	PASS
CAT-T2D	rs11927173	3	23225194	PASS
CAT-T2D	rs79941515	3	23225738	PASS
CAT-T2D	rs79171797	3	23228993	PASS
CAT-T2D	rs58724157	3	23233321	PASS
CAT-T2D	rs60782093	3	23233633	PASS
CAT-T2D	rs17012800	3	23235424	PASS
CAT-T2D	rs77283079	3	23235571	PASS
CAT-T2D	rs6765801	3	23236109	PASS
CAT-T2D	rs61578857	3	23243205	PASS
CAT-T2D	rs11926494	3	23258614	PASS
CAT-T2D	rs17012829	3	23261334	PASS
CAT-T2D	rs1908475	3	23268156	PASS
CAT-T2D	rs10510536	3	23269770	PASS
CAT-T2D	rs75783252	3	23272419	PASS
CAT-T2D	rs9867046	3	23291721	PASS
CAT-T2D	rs9866739	3	23298683	PASS
CAT-T2D	rs78097718	3	23315198	PASS
CAT-T2D	rs4327332	3	23328242	PASS
CAT-T2D	rs7612463	3	23336450	PASS
CAT-T2D	rs57131555	3	23345862	PASS
CAT-T2D	rs7627380	3	23346795	PASS
CAT-T2D	rs6769167	3	23373646	PASS
CAT-T2D	rs2017065	3	23374075	PASS
CAT-T2D	rs56979234	3	23436567	PASS
CAT-T2D	rs57625069	3	23438574	PASS
CAT-T2D	rs35901544	3	23443973	PASS
CAT-T2D	rs2173058	3	23445491	PASS
CAT-T2D	rs1931299	1	154283831	PASS
CAT-T2D	rs2483710	1	154306180	PASS
CAT-T2D	rs1760796	1	154307664	PASS
CAT-T2D	rs2988721	1	154308641	PASS
CAT-T2D	rs2481064	1	154309474	PASS
CAT-T2D	rs1352333	1	154310677	PASS
CAT-T2D	rs1626035	1	154311144	PASS
CAT-T2D	rs35463210	1	154313764	PASS
CAT-T2D	rs2274988	1	154316434	PASS
CAT-T2D	rs11809740	1	154319689	PASS
CAT-T2D	rs2297607	1	154320942	PASS
CAT-T2D	rs1496653	3	23454790	PASS
CAT-T2D	rs7613185	3	23455464	PASS
CAT-T2D	rs35352848	3	23455582	PASS
CAT-T2D	rs13094957	3	23457080	PASS
CAT-T2D	rs7628372	3	23466255	PASS
CAT-T2D	rs2359765	3	23467773	PASS
CAT-T2D	rs2359766	3	23467832	PASS
CAT-T2D	rs9883870	3	23470920	PASS
CAT-T2D	rs4340647	3	23471072	PASS
CAT-T2D	rs7639266	3	23474331	PASS
CAT-T2D	rs6764347	3	23480626	PASS
CAT-T2D	rs6808488	3	23481062	PASS
CAT-T2D	rs2234883	1	156787110	PASS
CAT-T2D	rs2644600	1	156790683	PASS
CAT-T2D	rs2644599	1	156790906	PASS
CAT-T2D	rs57756059	4	77500796	PASS
CAT-T2D	rs10033553	4	77513071	PASS
CAT-T2D	rs6532501	4	77514086	PASS
CAT-T2D	rs4446341	4	77516557	PASS
CAT-T2D	rs17322390	4	77523129	PASS
CAT-T2D	rs17256523	4	77523506	PASS
CAT-T2D	rs11723275	4	77528821	PASS
CAT-T2D	rs4495062	4	77531203	PASS
CAT-T2D	rs4504283	4	77531477	PASS
CAT-T2D	rs6820832	4	77532299	PASS
CAT-T2D	rs62300927	4	77532524	PASS
CAT-T2D	rs56281442	4	77533939	PASS
CAT-T2D	rs6532513	4	77535426	PASS
CAT-T2D	rs4859697	4	77538555	PASS
CAT-T2D	rs4330370	4	77545018	PASS
CAT-T2D	rs4346667	4	77549807	PASS
CAT-T2D	rs7695340	4	77551310	PASS
CAT-T2D	rs4337756	4	77552666	PASS
CAT-T2D	rs10003456	4	77565949	PASS
CAT-T2D	rs6819112	4	77567498	PASS
CAT-T2D	rs4859702	4	77568208	PASS
CAT-T2D	rs6832967	4	77614036	PASS
CAT-T2D	rs6817072	4	77614682	PASS
CAT-T2D	rs9837316	3	170750897	PASS
CAT-T2D	rs9841632	3	170757334	PASS
CAT-T2D	rs228611	4	103561709	PASS
CAT-T2D	rs228618	4	103567348	PASS
CAT-T2D	rs228619	4	103569283	PASS
CAT-T2D	rs228623	4	103572320	PASS
CAT-T2D	rs228624	4	103572440	PASS
CAT-T2D	rs228625	4	103572751	PASS
CAT-T2D	rs228626	4	103572946	PASS
CAT-T2D	rs228627	4	103573082	PASS
CAT-T2D	rs228628	4	103573323	PASS
CAT-T2D	rs228630	4	103573749	PASS
CAT-T2D	rs228631	4	103573863	PASS
CAT-T2D	rs228632	4	103573904	PASS
CAT-T2D	rs179195	4	103575067	PASS
CAT-T2D	rs2978641	4	103575280	PASS
CAT-T2D	rs228612	4	103575385	PASS
CAT-T2D	rs228613	4	103577465	PASS
CAT-T2D	rs228614	4	103578637	PASS
CAT-T2D	rs228616	4	103579691	PASS
CAT-T2D	rs228617	4	103580788	PASS
CAT-T2D	rs434644	4	103583189	PASS
CAT-T2D	rs413967	4	103583196	PASS
CAT-T2D	rs404574	4	103583208	PASS
CAT-T2D	rs227361	4	103586977	PASS
CAT-T2D	rs6847587	4	103590864	PASS
CAT-T2D	rs227275	4	103593898	PASS
CAT-T2D	rs227276	4	103594918	PASS
CAT-T2D	rs227277	4	103594938	PASS
CAT-T2D	rs227278	4	103595651	PASS
CAT-T2D	rs227279	4	103597032	PASS
CAT-T2D	rs227280	4	103603949	PASS
CAT-T2D	rs393223	4	103605916	PASS
CAT-T2D	rs227281	4	103606872	PASS
CAT-T2D	rs227282	4	103606886	PASS
CAT-T2D	rs227284	4	103607635	PASS
CAT-T2D	rs227285	4	103607806	PASS
CAT-T2D	rs170564	4	103608308	PASS
CAT-T2D	rs227363	4	103610248	PASS
CAT-T2D	rs227365	4	103610872	PASS
CAT-T2D	rs227366	4	103611364	PASS
CAT-T2D	rs227368	4	103611845	PASS
CAT-T2D	rs227369	4	103612018	PASS
CAT-T2D	rs227370	4	103612043	PASS
CAT-T2D	rs227371	4	103612137	PASS
CAT-T2D	rs227372	4	103612917	PASS
CAT-T2D	rs227373	4	103613266	PASS
CAT-T2D	rs227374	4	103613299	PASS
CAT-T2D	rs227375	4	103618023	PASS
CAT-T2D	rs150900	4	103625183	PASS
CAT-T2D	rs223513	4	103625590	PASS
CAT-T2D	rs223512	4	103626859	PASS
CAT-T2D	rs223511	4	103627874	PASS
CAT-T2D	rs223510	4	103627968	PASS
CAT-T2D	rs223508	4	103632963	PASS
CAT-T2D	rs223507	4	103633815	PASS
CAT-T2D	rs223506	4	103633894	PASS
CAT-T2D	rs223505	4	103634220	PASS
CAT-T2D	rs223504	4	103635183	PASS
CAT-T2D	rs223501	4	103643128	PASS
CAT-T2D	rs223500	4	103647047	PASS
CAT-T2D	rs223498	4	103651962	PASS
CAT-T2D	rs223497	4	103653976	PASS
CAT-T2D	rs223496	4	103654439	PASS
CAT-T2D	rs223495	4	103656377	PASS
CAT-T2D	rs223494	4	103666965	PASS
CAT-T2D	rs223493	4	103668344	PASS
CAT-T2D	rs223484	4	103685471	PASS
CAT-T2D	rs223482	4	103687208	PASS
CAT-T2D	rs223481	4	103688017	PASS
CAT-T2D	rs223480	4	103688038	PASS
CAT-T2D	rs150899	4	103689069	PASS
CAT-T2D	rs223479	4	103689317	PASS
CAT-T2D	rs223477	4	103690256	PASS
CAT-T2D	rs150898	4	103690391	PASS
CAT-T2D	rs150897	4	103690466	PASS
CAT-T2D	rs223476	4	103692157	PASS
CAT-T2D	rs150896	4	103692343	PASS
CAT-T2D	rs223474	4	103693164	PASS
CAT-T2D	rs223473	4	103693621	PASS
CAT-T2D	rs223472	4	103695484	PASS
CAT-T2D	rs223467	4	103700878	PASS
CAT-T2D	rs223466	4	103701196	PASS
CAT-T2D	rs223465	4	103701331	PASS
CAT-T2D	rs223464	4	103701760	PASS
CAT-T2D	rs223463	4	103701777	PASS
CAT-T2D	rs223462	4	103701818	PASS
CAT-T2D	rs223461	4	103703529	PASS
CAT-T2D	rs223460	4	103704060	PASS
CAT-T2D	rs223459	4	103709386	PASS
CAT-T2D	rs223457	4	103709663	PASS
CAT-T2D	rs223456	4	103710105	PASS
CAT-T2D	rs223455	4	103710183	PASS
CAT-T2D	rs223454	4	103710930	PASS
CAT-T2D	rs223453	4	103711052	PASS
CAT-T2D	rs223452	4	103711434	PASS
CAT-T2D	rs150895	4	103712589	PASS
CAT-T2D	rs223448	4	103713346	PASS
CAT-T2D	rs223447	4	103713359	PASS
CAT-T2D	rs223446	4	103714182	PASS
CAT-T2D	rs223445	4	103714494	PASS
CAT-T2D	rs223443	4	103714786	PASS
CAT-T2D	rs223441	4	103715385	PASS
CAT-T2D	rs223438	4	103719741	PASS
CAT-T2D	rs223437	4	103719893	PASS
CAT-T2D	rs223436	4	103719906	PASS
CAT-T2D	rs223434	4	103721059	PASS
CAT-T2D	rs65671	4	103722238	PASS
CAT-T2D	rs223426	4	103722487	PASS
CAT-T2D	rs223425	4	103723993	PASS
CAT-T2D	rs223424	4	103725334	PASS
CAT-T2D	rs223423	4	103725894	PASS
CAT-T2D	rs223422	4	103726773	PASS
CAT-T2D	rs223420	4	103728010	PASS
CAT-T2D	rs223418	4	103730493	PASS
CAT-T2D	rs223417	4	103731725	PASS
CAT-T2D	rs223416	4	103731737	PASS
CAT-T2D	rs223415	4	103732173	PASS
CAT-T2D	rs149576	4	103732568	PASS
CAT-T2D	rs223414	4	103732845	PASS
CAT-T2D	rs223412	4	103733600	PASS
CAT-T2D	rs223410	4	103734725	PASS
CAT-T2D	rs223409	4	103736180	PASS
CAT-T2D	rs223407	4	103736422	PASS
CAT-T2D	rs223406	4	103737028	PASS
CAT-T2D	rs223405	4	103737051	PASS
CAT-T2D	rs223404	4	103738108	PASS
CAT-T2D	rs223403	4	103738243	PASS
CAT-T2D	rs223402	4	103738355	PASS
CAT-T2D	rs223399	4	103741957	PASS
CAT-T2D	rs223398	4	103742413	PASS
CAT-T2D	rs223397	4	103742651	PASS
CAT-T2D	rs223396	4	103744071	PASS
CAT-T2D	rs223395	4	103744958	PASS
CAT-T2D	rs223392	4	103745756	PASS
CAT-T2D	rs223390	4	103748797	PASS
CAT-T2D	rs223388	4	103749444	PASS
CAT-T2D	rs223386	4	103750268	PASS
CAT-T2D	rs223385	4	103750316	PASS
CAT-T2D	rs223383	4	103751251	PASS
CAT-T2D	rs50034	4	103753371	PASS
CAT-T2D	rs223381	4	103753735	PASS
CAT-T2D	rs223380	4	103754500	PASS
CAT-T2D	rs223378	4	103754645	PASS
CAT-T2D	rs223377	4	103756076	PASS
CAT-T2D	rs223375	4	103757641	PASS
CAT-T2D	rs223372	4	103759091	PASS
CAT-T2D	rs223371	4	103759189	PASS
CAT-T2D	rs223370	4	103761608	PASS
CAT-T2D	rs223368	4	103764209	PASS
CAT-T2D	rs223367	4	103764993	PASS
CAT-T2D	rs223365	4	103765916	PASS
CAT-T2D	rs223363	4	103767339	PASS
CAT-T2D	rs223362	4	103769234	PASS
CAT-T2D	rs223360	4	103769892	PASS
CAT-T2D	rs223359	4	103770579	PASS
CAT-T2D	rs223357	4	103772252	PASS
CAT-T2D	rs223356	4	103773501	PASS
CAT-T2D	rs223353	4	103775704	PASS
CAT-T2D	rs223352	4	103776867	PASS
CAT-T2D	rs223351	4	103777392	PASS
CAT-T2D	rs223350	4	103778056	PASS
CAT-T2D	rs223349	4	103778434	PASS
CAT-T2D	rs223348	4	103779007	PASS
CAT-T2D	rs223347	4	103779972	PASS
CAT-T2D	rs223346	4	103780496	PASS
CAT-T2D	rs223345	4	103780523	PASS
CAT-T2D	rs223344	4	103780922	PASS
CAT-T2D	rs223343	4	103781065	PASS
CAT-T2D	rs223342	4	103781159	PASS
CAT-T2D	rs223339	4	103785857	PASS
CAT-T2D	rs223338	4	103786116	PASS
CAT-T2D	rs223337	4	103786371	PASS
CAT-T2D	rs223336	4	103786560	PASS
CAT-T2D	rs223335	4	103786588	PASS
CAT-T2D	rs223334	4	103788211	PASS
CAT-T2D	rs223333	4	103789810	PASS
CAT-T2D	rs223332	4	103790186	PASS
CAT-T2D	rs223330	4	103793659	PASS
CAT-T2D	rs223328	4	103794536	PASS
CAT-T2D	rs223325	4	103796908	PASS
CAT-T2D	rs223324	4	103797334	PASS
CAT-T2D	rs2850599	4	103799532	PASS
CAT-T2D	rs223323	4	103799569	PASS
CAT-T2D	rs223319	4	103802314	PASS
CAT-T2D	rs223318	4	103802579	PASS
CAT-T2D	rs223316	4	103803106	PASS
CAT-T2D	rs223315	4	103805443	PASS
CAT-T2D	rs223314	4	103805799	PASS
CAT-T2D	rs223313	4	103807720	PASS
CAT-T2D	rs7254	4	103809645	PASS
CAT-T2D	rs223311	4	103809914	PASS
CAT-T2D	rs223310	4	103811377	PASS
CAT-T2D	rs223308	4	103812499	PASS
CAT-T2D	rs6823625	4	103813594	PASS
CAT-T2D	rs6846762	4	103813734	PASS
CAT-T2D	rs4699032	4	103813881	PASS
CAT-T2D	rs13136616	4	103815289	PASS
CAT-T2D	rs6830407	4	103816523	PASS
CAT-T2D	rs10012413	4	103817531	PASS
CAT-T2D	rs4699033	4	103818734	PASS
CAT-T2D	rs11724581	4	103820499	PASS
CAT-T2D	rs6815526	4	103820886	PASS
CAT-T2D	rs6824070	4	103822833	PASS
CAT-T2D	rs6856176	4	103823731	PASS
CAT-T2D	rs4645215	4	103825248	PASS
CAT-T2D	rs9760180	4	103826036	PASS
CAT-T2D	rs10004342	4	103827132	PASS
CAT-T2D	rs11722779	4	103827488	PASS
CAT-T2D	rs4699035	4	103830525	PASS
CAT-T2D	rs4533776	4	103833889	PASS
CAT-T2D	rs6821247	4	103834640	PASS
CAT-T2D	rs4540048	4	103835703	PASS
CAT-T2D	rs9307280	4	103836084	PASS
CAT-T2D	rs6847191	4	103836641	PASS
CAT-T2D	rs7375679	4	103839157	PASS
CAT-T2D	rs9917919	4	103839654	PASS
CAT-T2D	rs13113923	4	103840093	PASS
CAT-T2D	rs3974478	4	103841253	PASS
CAT-T2D	rs4339216	4	103842710	PASS
CAT-T2D	rs6533035	4	103844717	PASS
CAT-T2D	rs77939343	4	103848416	PASS
CAT-T2D	rs74200941	4	103848438	PASS
CAT-T2D	rs6828072	4	103849516	PASS
CAT-T2D	rs3974604	4	103849758	PASS
CAT-T2D	rs3974602	4	103849997	PASS
CAT-T2D	rs9991335	4	103850929	PASS
CAT-T2D	rs6817160	4	103851776	PASS
CAT-T2D	rs6816656	4	103851801	PASS
CAT-T2D	rs9685630	4	103852110	PASS
CAT-T2D	rs12501737	4	103854043	PASS
CAT-T2D	rs9307281	4	103856128	PASS
CAT-T2D	rs6533037	4	103857022	PASS
CAT-T2D	rs6821232	4	103857702	PASS
CAT-T2D	rs4530634	4	103859081	PASS
CAT-T2D	rs4446311	4	103859401	PASS
CAT-T2D	rs6533039	4	103859538	PASS
CAT-T2D	rs6419160	4	103859805	PASS
CAT-T2D	rs10017313	4	103861380	PASS
CAT-T2D	rs10017565	4	103861684	PASS
CAT-T2D	rs11724035	4	103862129	PASS
CAT-T2D	rs4543115	4	103863190	PASS
CAT-T2D	rs28674656	4	103865553	PASS
CAT-T2D	rs3974494	4	103866480	PASS
CAT-T2D	rs4698865	4	103868749	PASS
CAT-T2D	rs10003326	4	103869350	PASS
CAT-T2D	rs6533040	4	103872578	PASS
CAT-T2D	rs6533041	4	103872772	PASS
CAT-T2D	rs6839635	4	103872854	PASS
CAT-T2D	rs6829718	4	103876287	PASS
CAT-T2D	rs6830193	4	103876614	PASS
CAT-T2D	rs4235409	4	103877136	PASS
CAT-T2D	rs3974481	4	103877991	PASS
CAT-T2D	rs4699037	4	103878167	PASS
CAT-T2D	rs3857198	4	103878877	PASS
CAT-T2D	rs3857199	4	103879148	PASS
CAT-T2D	rs4699038	4	103879412	PASS
CAT-T2D	rs4699039	4	103879511	PASS
CAT-T2D	rs5028609	4	103880451	PASS
CAT-T2D	rs6815540	4	103881079	PASS
CAT-T2D	rs4698867	4	103882206	PASS
CAT-T2D	rs7697171	4	103885504	PASS
CAT-T2D	rs4596243	4	103885568	PASS
CAT-T2D	rs7663876	4	103887331	PASS
CAT-T2D	rs7677003	4	103889537	PASS
CAT-T2D	rs7678030	4	103889814	PASS
CAT-T2D	rs7682755	4	103890065	PASS
CAT-T2D	rs6818418	4	103890430	PASS
CAT-T2D	rs6841492	4	103890449	PASS
CAT-T2D	rs4455413	4	103893082	PASS
CAT-T2D	rs7681002	4	103895223	PASS
CAT-T2D	rs7681629	4	103895564	PASS
CAT-T2D	rs17033381	4	103896109	PASS
CAT-T2D	rs4699044	4	103898096	PASS
CAT-T2D	rs4699045	4	103898166	PASS
CAT-T2D	rs76231327	4	103899954	PASS
CAT-T2D	rs6533050	4	103900201	PASS
CAT-T2D	rs10032234	4	103901695	PASS
CAT-T2D	rs2903284	4	103901786	PASS
CAT-T2D	rs28845922	4	103903116	PASS
CAT-T2D	rs3886723	4	103904170	PASS
CAT-T2D	rs12500379	4	103904822	PASS
CAT-T2D	rs11737544	4	103905034	PASS
CAT-T2D	rs10015289	4	103906113	PASS
CAT-T2D	rs9999303	4	103908038	PASS
CAT-T2D	rs6810668	4	103908731	PASS
CAT-T2D	rs7672319	4	103911159	PASS
CAT-T2D	rs6533052	4	103911781	PASS
CAT-T2D	rs7685399	4	103913083	PASS
CAT-T2D	rs3974485	4	103914440	PASS
CAT-T2D	rs2866417	4	103914638	PASS
CAT-T2D	rs4455415	4	103914820	PASS
CAT-T2D	rs7688940	4	103915310	PASS
CAT-T2D	rs3960788	4	103915618	PASS
CAT-T2D	rs1383733	4	103916454	PASS
CAT-T2D	rs9994654	4	103919065	PASS
CAT-T2D	rs4623004	4	103921298	PASS
CAT-T2D	rs3857200	4	103923021	PASS
CAT-T2D	rs11097796	4	103923558	PASS
CAT-T2D	rs11097797	4	103923664	PASS
CAT-T2D	rs4699046	4	103925671	PASS
CAT-T2D	rs4699047	4	103926542	PASS
CAT-T2D	rs4699048	4	103926727	PASS
CAT-T2D	rs28778380	4	103927573	PASS
CAT-T2D	rs10006474	4	103928047	PASS
CAT-T2D	rs10029073	4	103928148	PASS
CAT-T2D	rs2086499	4	103929829	PASS
CAT-T2D	rs11929841	4	103930245	PASS
CAT-T2D	rs4698874	4	103930511	PASS
CAT-T2D	rs724447	4	103931306	PASS
CAT-T2D	rs724446	4	103931363	PASS
CAT-T2D	rs11731885	4	103932070	PASS
CAT-T2D	rs7695096	4	103932556	PASS
CAT-T2D	rs4698875	4	103933368	PASS
CAT-T2D	rs4698876	4	103933567	PASS
CAT-T2D	rs13150426	4	103934900	PASS
CAT-T2D	rs6843738	4	103936001	PASS
CAT-T2D	rs7665026	4	103936648	PASS
CAT-T2D	rs28445579	4	103937595	PASS
CAT-T2D	rs7676765	4	103937933	PASS
CAT-T2D	rs7698608	4	103937974	PASS
CAT-T2D	rs6816370	4	103939433	PASS
CAT-T2D	rs6842179	4	103939520	PASS
CAT-T2D	rs10516496	4	103942165	PASS
CAT-T2D	rs13150953	4	103942498	PASS
CAT-T2D	rs10516497	4	103942714	PASS
CAT-T2D	rs13151569	4	103942790	PASS
CAT-T2D	rs11938650	4	103942796	PASS
CAT-T2D	rs11946020	4	103944742	PASS
CAT-T2D	rs1080081	4	103950425	PASS
CAT-T2D	rs4699049	4	103951624	PASS
CAT-T2D	rs34475639	4	103954851	PASS
CAT-T2D	rs13130741	4	103956956	PASS
CAT-T2D	rs7660298	4	103960768	PASS
CAT-T2D	rs7694724	4	103962532	PASS
CAT-T2D	rs41298089	3	195779661	PASS
CAT-T2D	rs41298085	3	195779812	PASS
CAT-T2D	rs528682	3	195789169	PASS
CAT-T2D	rs526860	3	195789376	PASS
CAT-T2D	rs112856048	3	195795618	PASS
CAT-T2D	rs4927866	3	195796049	PASS
CAT-T2D	rs41300435	3	195804021	PASS
CAT-T2D	rs41300395	3	195809135	PASS
CAT-T2D	rs6583288	3	195809564	PASS
CAT-T2D	rs7619708	3	195810187	PASS
CAT-T2D	rs10011821	4	1777512	PASS
CAT-T2D	rs10014737	4	1778188	PASS
CAT-T2D	rs62285142	4	1780619	PASS
CAT-T2D	rs6829631	4	1781686	PASS
CAT-T2D	rs4865473	4	1782586	PASS
CAT-T2D	rs35612482	4	1784354	PASS
CAT-T2D	rs56337234	4	1784403	PASS
CAT-T2D	rs7668207	4	1786702	PASS
CAT-T2D	rs112053854	4	3281369	PASS
CAT-T2D	rs73193339	4	3281526	PASS
CAT-T2D	rs73193340	4	3281799	PASS
CAT-T2D	rs78871871	4	3281856	PASS
CAT-T2D	rs78578284	4	3281868	PASS
CAT-T2D	rs114298671	4	3281869	PASS
CAT-T2D	rs73193341	4	3282181	PASS
CAT-T2D	rs12508004	4	3282848	PASS
CAT-T2D	rs7658412	4	3283339	PASS
CAT-T2D	rs57010886	4	3283996	PASS
CAT-T2D	rs12505018	4	3284305	PASS
CAT-T2D	rs12500459	4	3284340	PASS
CAT-T2D	rs12506821	4	3284560	PASS
CAT-T2D	rs73193346	4	3286505	PASS
CAT-T2D	rs17718958	4	6275735	PASS
CAT-T2D	rs62283057	4	6276805	PASS
CAT-T2D	rs9986109	4	6312976	PASS
CAT-T2D	rs2269920	4	6323454	PASS
CAT-T2D	rs7697730	4	6324246	PASS
CAT-T2D	rs3796400	4	6324803	PASS
CAT-T2D	rs3796403	4	6325086	PASS
CAT-T2D	rs13169187	5	51716957	PASS
CAT-T2D	rs9647518	5	51720930	PASS
CAT-T2D	rs9647528	5	51721191	PASS
CAT-T2D	rs13186638	5	51723681	PASS
CAT-T2D	rs12520268	5	51727734	PASS
CAT-T2D	rs13165563	5	51727787	PASS
CAT-T2D	rs13166251	5	51728183	PASS
CAT-T2D	rs13166434	5	51728550	PASS
CAT-T2D	rs13173579	5	51734233	PASS
CAT-T2D	rs12153537	5	51739907	PASS
CAT-T2D	rs1364626	5	51743910	PASS
CAT-T2D	rs12187734	5	51763665	PASS
CAT-T2D	rs13171871	5	51773990	PASS
CAT-T2D	rs34831022	5	51777552	PASS
CAT-T2D	rs13162834	5	51780385	PASS
CAT-T2D	rs151836	5	55793789	PASS
CAT-T2D	rs157504	5	55794075	PASS
CAT-T2D	rs151837	5	55794559	PASS
CAT-T2D	rs151838	5	55794565	PASS
CAT-T2D	rs157505	5	55794628	PASS
CAT-T2D	rs588898	5	55797382	PASS
CAT-T2D	rs245109	5	55797585	PASS
CAT-T2D	rs173443	5	55797599	PASS
CAT-T2D	rs42392	5	55803929	PASS
CAT-T2D	rs157510	5	55808966	PASS
CAT-T2D	rs245142	5	55810449	PASS
CAT-T2D	rs456867	5	55811092	PASS
CAT-T2D	rs459447	5	55811341	PASS
CAT-T2D	rs467367	5	55811346	PASS
CAT-T2D	rs2448427	5	55812682	PASS
CAT-T2D	rs455660	5	55816888	PASS
CAT-T2D	rs283175	5	55817774	PASS
CAT-T2D	rs30363	5	55829831	PASS
CAT-T2D	rs39837	5	55830865	PASS
CAT-T2D	rs16885714	5	55841824	PASS
CAT-T2D	rs34583682	5	55851531	PASS
CAT-T2D	rs34342767	5	55853349	PASS
CAT-T2D	rs6867983	5	55854153	PASS
CAT-T2D	rs3843467	5	55856375	PASS
CAT-T2D	rs4301182	5	55857675	PASS
CAT-T2D	rs71624137	5	55859146	PASS
CAT-T2D	rs11743303	5	55859952	PASS
CAT-T2D	rs3936511	5	55860781	PASS
CAT-T2D	rs3936510	5	55860866	PASS
CAT-T2D	rs13173241	5	55861359	PASS
CAT-T2D	rs28650790	5	55861464	PASS
CAT-T2D	rs9687832	5	55861595	PASS
CAT-T2D	rs9687833	5	55861601	PASS
CAT-T2D	rs9686661	5	55861786	PASS
CAT-T2D	rs9687846	5	55861894	PASS
CAT-T2D	rs3846533	5	55864102	PASS
CAT-T2D	rs13179413	5	55868097	PASS
CAT-T2D	rs1824940	5	55868721	PASS
CAT-T2D	rs4700377	5	55869009	PASS
CAT-T2D	rs71624138	5	55870395	PASS
CAT-T2D	rs11948950	5	55876283	PASS
CAT-T2D	rs4705529	5	112329063	PASS
CAT-T2D	rs12654474	5	112334976	PASS
CAT-T2D	rs4334876	5	112335175	PASS
CAT-T2D	rs13171553	5	112335348	PASS
CAT-T2D	rs13171773	5	112335650	PASS
CAT-T2D	rs13177101	5	112336588	PASS
CAT-T2D	rs17312754	5	112336634	PASS
CAT-T2D	rs13183347	5	112337959	PASS
CAT-T2D	rs12517398	5	112344655	PASS
CAT-T2D	rs13186334	5	112350707	PASS
CAT-T2D	rs13445	5	112355908	PASS
CAT-T2D	rs7670	5	112356649	PASS
CAT-T2D	rs2842644	6	41649924	PASS
CAT-T2D	rs1015149	6	41658889	PASS
CAT-T2D	rs4541741	6	41664032	PASS
CAT-T2D	rs12528598	6	163735520	PASS
CAT-T2D	rs1764020	6	163804967	PASS
CAT-T2D	rs2326878	6	7075094	PASS
CAT-T2D	rs9392137	6	7078668	PASS
CAT-T2D	rs577465	6	7079573	PASS
CAT-T2D	rs6912908	6	7080522	PASS
CAT-T2D	rs9405325	6	7082633	PASS
CAT-T2D	rs12203597	6	7085512	PASS
CAT-T2D	rs61025394	6	7085817	PASS
CAT-T2D	rs13206608	6	7097537	PASS
CAT-T2D	rs13191182	6	7097549	PASS
CAT-T2D	rs675209	6	7102084	PASS
CAT-T2D	rs80097396	6	7125529	PASS
CAT-T2D	rs6933716	6	7125709	PASS
CAT-T2D	rs687467	6	7128076	PASS
CAT-T2D	rs622404	6	7130596	PASS
CAT-T2D	rs1285877	6	7130959	PASS
CAT-T2D	rs630258	6	7134401	PASS
CAT-T2D	rs551143	6	7136772	PASS
CAT-T2D	rs1285879	6	7137363	PASS
CAT-T2D	rs665723	6	7139064	PASS
CAT-T2D	rs9405331	6	7204736	PASS
CAT-T2D	rs147287945	6	7223566	PASS
CAT-T2D	rs2714343	6	7254957	PASS
CAT-T2D	rs2252857	6	7255015	PASS
CAT-T2D	rs2041547	7	44200884	PASS
CAT-T2D	rs758989	7	44203006	PASS
CAT-T2D	rs2971674	7	44203912	PASS
CAT-T2D	rs2080033	7	44204322	PASS
CAT-T2D	rs7793213	7	44204994	PASS
CAT-T2D	rs2971672	7	44205906	PASS
CAT-T2D	rs2908290	7	44216137	PASS
CAT-T2D	rs2284776	7	44216754	PASS
CAT-T2D	rs2244164	7	44217126	PASS
CAT-T2D	rs1303722	7	44219074	PASS
CAT-T2D	rs2980436	8	8092025	PASS
CAT-T2D	rs1878561	8	8092405	PASS
CAT-T2D	rs2955585	8	8093511	PASS
CAT-T2D	rs2945253	8	8093578	PASS
CAT-T2D	rs2945252	8	8093592	PASS
CAT-T2D	rs2955586	8	8093967	PASS
CAT-T2D	rs2945250	8	8094555	PASS
CAT-T2D	rs2945249	8	8094726	PASS
CAT-T2D	rs2980437	8	8094763	PASS
CAT-T2D	rs2980438	8	8094825	PASS
CAT-T2D	rs2980439	8	8094870	PASS
CAT-T2D	rs2948294	8	8094961	PASS
CAT-T2D	rs2980440	8	8095009	PASS
CAT-T2D	rs2980442	8	8097217	PASS
CAT-T2D	rs2948308	8	8097849	PASS
CAT-T2D	rs2945232	8	8098038	PASS
CAT-T2D	rs2955587	8	8098079	PASS
CAT-T2D	rs2948305	8	8098577	PASS
CAT-T2D	rs2945230	8	8109936	PASS
CAT-T2D	rs1915986	8	8114543	PASS
CAT-T2D	rs2948288	8	8115304	PASS
CAT-T2D	rs2001840	8	8119248	PASS
CAT-T2D	rs2948286	8	8130160	PASS
CAT-T2D	rs1543238	8	8134809	PASS
CAT-T2D	rs1401390	8	8136410	PASS
CAT-T2D	rs2980512	8	8140901	PASS
CAT-T2D	rs35571782	8	8141823	PASS
CAT-T2D	rs2980423	8	8142575	PASS
CAT-T2D	rs2945891	8	8155475	PASS
CAT-T2D	rs2945236	8	8168394	PASS
CAT-T2D	rs2945238	8	8170136	PASS
CAT-T2D	rs2980508	8	8171732	PASS
CAT-T2D	rs2980497	8	8189438	PASS
CAT-T2D	rs7833103	8	8206753	PASS
CAT-T2D	rs4840338	8	8218967	PASS
CAT-T2D	rs13280304	8	8246161	PASS
CAT-T2D	rs2976931	8	8257317	PASS
CAT-T2D	rs2979151	8	8258019	PASS
CAT-T2D	rs2979150	8	8258455	PASS
CAT-T2D	rs2976929	8	8258712	PASS
CAT-T2D	rs2945873	8	8260445	PASS
CAT-T2D	rs2976926	8	8261624	PASS
CAT-T2D	rs2945871	8	8261902	PASS
CAT-T2D	rs2979139	8	8268313	PASS
CAT-T2D	rs2979138	8	8268437	PASS
CAT-T2D	rs2945865	8	8269691	PASS
CAT-T2D	rs6601697	8	8270294	PASS
CAT-T2D	rs2976945	8	8270871	PASS
CAT-T2D	rs2976940	8	8279462	PASS
CAT-T2D	rs2921097	8	8281142	PASS
CAT-T2D	rs2976939	8	8282977	PASS
CAT-T2D	rs2945862	8	8283218	PASS
CAT-T2D	rs2945861	8	8283667	PASS
CAT-T2D	rs2945860	8	8284026	PASS
CAT-T2D	rs2921096	8	8284650	PASS
CAT-T2D	rs2921095	8	8285204	PASS
CAT-T2D	rs2945858	8	8286116	PASS
CAT-T2D	rs2976935	8	8287096	PASS
CAT-T2D	rs2921090	8	8292239	PASS
CAT-T2D	rs2921084	8	8296531	PASS
CAT-T2D	rs2976847	8	8297933	PASS
CAT-T2D	rs2921082	8	8298619	PASS
CAT-T2D	rs2976853	8	8299189	PASS
CAT-T2D	rs2921081	8	8299936	PASS
CAT-T2D	rs2921080	8	8301412	PASS
CAT-T2D	rs2976856	8	8301849	PASS
CAT-T2D	rs2921079	8	8302553	PASS
CAT-T2D	rs2921077	8	8304502	PASS
CAT-T2D	rs2921076	8	8305862	PASS
CAT-T2D	rs2979149	8	8306241	PASS
CAT-T2D	rs2921073	8	8307643	PASS
CAT-T2D	rs2979160	8	8307666	PASS
CAT-T2D	rs2921060	8	8317817	PASS
CAT-T2D	rs2980766	8	8318095	PASS
CAT-T2D	rs2921057	8	8318667	PASS
CAT-T2D	rs2980755	8	8363683	PASS
CAT-T2D	rs11782356	8	8365316	PASS
CAT-T2D	rs11781573	8	8365593	PASS
CAT-T2D	rs35819495	8	8366348	PASS
CAT-T2D	rs77443251	8	8379105	PASS
CAT-T2D	rs11784527	8	8433584	PASS
CAT-T2D	rs1879957	8	8544808	PASS
CAT-T2D	rs6601724	8	8544872	PASS
CAT-T2D	rs7825636	8	8578229	PASS
CAT-T2D	rs572307	8	8578811	PASS
CAT-T2D	rs777709	8	8583872	PASS
CAT-T2D	rs777707	8	8584344	PASS
CAT-T2D	rs523598	8	8589117	PASS
CAT-T2D	rs474892	8	8596731	PASS
CAT-T2D	rs609958	8	8633548	PASS
CAT-T2D	rs560544	8	8637429	PASS
CAT-T2D	rs486781	8	8639740	PASS
CAT-T2D	rs693109	8	8640172	PASS
CAT-T2D	rs2428	8	8641145	PASS
CAT-T2D	rs7832968	8	8652889	PASS
CAT-T2D	rs12545499	8	8682878	PASS
CAT-T2D	rs4841051	8	8685646	PASS
CAT-T2D	rs1039916	8	8685854	PASS
CAT-T2D	rs13259070	8	8690787	PASS
CAT-T2D	rs2409096	8	8692477	PASS
CAT-T2D	rs1510934	8	8696449	PASS
CAT-T2D	rs7833171	8	8699761	PASS
CAT-T2D	rs11249893	8	8700851	PASS
CAT-T2D	rs907180	8	8702827	PASS
CAT-T2D	rs907181	8	8702875	PASS
CAT-T2D	rs3958877	8	8709971	PASS
CAT-T2D	rs4523255	8	8713038	PASS
CAT-T2D	rs35900578	8	8719513	PASS
CAT-T2D	rs4382480	8	8721473	PASS
CAT-T2D	rs332037	8	8722675	PASS
CAT-T2D	rs3789843	8	8724257	PASS
CAT-T2D	rs3827806	8	8724276	PASS
CAT-T2D	rs60707155	8	8724415	PASS
CAT-T2D	rs7017599	8	8725126	PASS
CAT-T2D	rs1821007	8	8725229	PASS
CAT-T2D	rs1821008	8	8725319	PASS
CAT-T2D	rs332040	8	8730488	PASS
CAT-T2D	rs6422352	8	8794193	PASS
CAT-T2D	rs891570	8	8794454	PASS
CAT-T2D	rs11776838	8	8794801	PASS
CAT-T2D	rs35342402	8	8795328	PASS
CAT-T2D	rs28730413	8	8795447	PASS
CAT-T2D	rs6601273	8	8796519	PASS
CAT-T2D	rs7005000	8	8796602	PASS
CAT-T2D	rs7842359	8	8797078	PASS
CAT-T2D	rs7844374	8	8798684	PASS
CAT-T2D	rs6601274	8	8799059	PASS
CAT-T2D	rs7837026	8	8801692	PASS
CAT-T2D	rs1562211	8	8902424	PASS
CAT-T2D	rs4537305	8	8902670	PASS
CAT-T2D	rs11784393	8	8903134	PASS
CAT-T2D	rs6601281	8	8911004	PASS
CAT-T2D	rs2953806	8	8914124	PASS
CAT-T2D	rs3021416	8	8919136	PASS
CAT-T2D	rs2979253	8	8919676	PASS
CAT-T2D	rs7387360	8	8922464	PASS
CAT-T2D	rs393155	8	9033093	PASS
CAT-T2D	rs6983260	8	9235183	PASS
CAT-T2D	rs4840414	8	9237081	PASS
CAT-T2D	rs6601347	8	9565159	PASS
CAT-T2D	rs7814507	8	9646560	PASS
CAT-T2D	rs6601363	8	9646909	PASS
CAT-T2D	rs7823885	8	9648317	PASS
CAT-T2D	rs7830613	8	9649769	PASS
CAT-T2D	rs13249234	8	9650401	PASS
CAT-T2D	rs35300296	8	9653697	PASS
CAT-T2D	rs35253821	8	9660535	PASS
CAT-T2D	rs7001484	8	9667203	PASS
CAT-T2D	rs6988716	8	9670706	PASS
CAT-T2D	rs62489429	8	9675453	PASS
CAT-T2D	rs7813718	8	9676094	PASS
CAT-T2D	rs7387886	8	9676575	PASS
CAT-T2D	rs56996661	8	9676693	PASS
CAT-T2D	rs4840442	8	9678925	PASS
CAT-T2D	rs4841230	8	9678948	PASS
CAT-T2D	rs1976672	8	9679692	PASS
CAT-T2D	rs17734290	8	9680223	PASS
CAT-T2D	rs13271489	8	9803712	PASS
CAT-T2D	rs477860	8	9811765	PASS
CAT-T2D	rs656319	8	9814411	PASS
CAT-T2D	rs2661746	8	9816302	PASS
CAT-T2D	rs2684002	8	9816350	PASS
CAT-T2D	rs4841261	8	9817299	PASS
CAT-T2D	rs2409619	8	9817420	PASS
CAT-T2D	rs688457	8	9817931	PASS
CAT-T2D	rs591346	8	9818065	PASS
CAT-T2D	rs1915557	8	9819173	PASS
CAT-T2D	rs609792	8	9819890	PASS
CAT-T2D	rs563621	8	9821674	PASS
CAT-T2D	rs10111315	8	9865588	PASS
CAT-T2D	rs56279061	8	9873980	PASS
CAT-T2D	rs530448	8	9881787	PASS
CAT-T2D	rs657913	8	9882575	PASS
CAT-T2D	rs560638	8	9882767	PASS
CAT-T2D	rs814359	8	9883132	PASS
CAT-T2D	rs13264668	8	9884877	PASS
CAT-T2D	rs525018	8	9887770	PASS
CAT-T2D	rs555200	8	9888729	PASS
CAT-T2D	rs657086	8	9888973	PASS
CAT-T2D	rs658385	8	9892177	PASS
CAT-T2D	rs60384372	8	9974584	PASS
CAT-T2D	rs17689007	8	9974824	PASS
CAT-T2D	rs17689037	8	9974858	PASS
CAT-T2D	rs4841282	8	9975604	PASS
CAT-T2D	rs6995837	8	9975675	PASS
CAT-T2D	rs7843924	8	9976540	PASS
CAT-T2D	rs6601414	8	9976748	PASS
CAT-T2D	rs6601415	8	9976805	PASS
CAT-T2D	rs6983332	8	9977918	PASS
CAT-T2D	rs6986885	8	9978471	PASS
CAT-T2D	rs6986911	8	9978523	PASS
CAT-T2D	rs13254175	8	9978772	PASS
CAT-T2D	rs12678797	8	9978919	PASS
CAT-T2D	rs12678800	8	9978940	PASS
CAT-T2D	rs13264586	8	9979385	PASS
CAT-T2D	rs2062331	8	9979992	PASS
CAT-T2D	rs2062332	8	9980024	PASS
CAT-T2D	rs17689674	8	9981854	PASS
CAT-T2D	rs13282106	8	9981900	PASS
CAT-T2D	rs1484639	8	9983224	PASS
CAT-T2D	rs1484640	8	9983243	PASS
CAT-T2D	rs1351876	8	9984777	PASS
CAT-T2D	rs34990153	8	9996389	PASS
CAT-T2D	rs11993089	8	10009952	PASS
CAT-T2D	rs62492805	8	10397622	PASS
CAT-T2D	rs4484649	8	10571491	PASS
CAT-T2D	rs4292651	8	10572531	PASS
CAT-T2D	rs4302808	8	10576753	PASS
CAT-T2D	rs4130764	8	10577389	PASS
CAT-T2D	rs10110624	8	10583203	PASS
CAT-T2D	rs10100209	8	10584212	PASS
CAT-T2D	rs10100333	8	10584288	PASS
CAT-T2D	rs6601512	8	10585596	PASS
CAT-T2D	rs4841436	8	10594474	PASS
CAT-T2D	rs6601513	8	10594843	PASS
CAT-T2D	rs4841437	8	10596795	PASS
CAT-T2D	rs2116094	8	10598822	PASS
CAT-T2D	rs6982210	8	10599994	PASS
CAT-T2D	rs3905581	8	10603705	PASS
CAT-T2D	rs2898252	8	10604164	PASS
CAT-T2D	rs4841438	8	10606756	PASS
CAT-T2D	rs11250067	8	10606954	PASS
CAT-T2D	rs1073913	8	10611708	PASS
CAT-T2D	rs7018334	8	10612075	PASS
CAT-T2D	rs4840513	8	10612806	PASS
CAT-T2D	rs718741	8	10614384	PASS
CAT-T2D	rs6984744	8	10616265	PASS
CAT-T2D	rs2409669	8	10623969	PASS
CAT-T2D	rs6601522	8	10629061	PASS
CAT-T2D	rs4240669	8	10629987	PASS
CAT-T2D	rs28570522	8	10630568	PASS
CAT-T2D	rs4841441	8	10630898	PASS
CAT-T2D	rs11250072	8	10632121	PASS
CAT-T2D	rs11250073	8	10632236	PASS
CAT-T2D	rs6993841	8	10632684	PASS
CAT-T2D	rs10100265	8	10633159	PASS
CAT-T2D	rs10089615	8	10634132	PASS
CAT-T2D	rs10107289	8	10634248	PASS
CAT-T2D	rs7834466	8	10634805	PASS
CAT-T2D	rs6601523	8	10635141	PASS
CAT-T2D	rs2116095	8	10635297	PASS
CAT-T2D	rs7814142	8	10637552	PASS
CAT-T2D	rs1115866	8	10638333	PASS
CAT-T2D	rs4321967	8	10641407	PASS
CAT-T2D	rs2409663	8	10643233	PASS
CAT-T2D	rs11250076	8	10647823	PASS
CAT-T2D	rs10481451	8	10649328	PASS
CAT-T2D	rs2005309	8	10652170	PASS
CAT-T2D	rs4504595	8	10655505	PASS
CAT-T2D	rs11250077	8	10656437	PASS
CAT-T2D	rs12542888	8	10662555	PASS
CAT-T2D	rs4551304	8	10665069	PASS
CAT-T2D	rs6601527	8	10665444	PASS
CAT-T2D	rs11250078	8	10666581	PASS
CAT-T2D	rs7002282	8	10666993	PASS
CAT-T2D	rs12676417	8	10668634	PASS
CAT-T2D	rs2409658	8	10668965	PASS
CAT-T2D	rs6601529	8	10670550	PASS
CAT-T2D	rs10903330	8	10673104	PASS
CAT-T2D	rs7814757	8	10675188	PASS
CAT-T2D	rs34653170	8	10676542	PASS
CAT-T2D	rs10098699	8	10676756	PASS
CAT-T2D	rs4841452	8	10687121	PASS
CAT-T2D	rs35091929	8	10693492	PASS
CAT-T2D	rs7830317	8	10700254	PASS
CAT-T2D	rs7833945	8	10700266	PASS
CAT-T2D	rs7830431	8	10700317	PASS
CAT-T2D	rs10093774	8	10703293	PASS
CAT-T2D	rs6989160	8	10705360	PASS
CAT-T2D	rs877116	8	10712945	PASS
CAT-T2D	rs7823296	8	10778546	PASS
CAT-T2D	rs7016385	8	10779472	PASS
CAT-T2D	rs4240673	8	10787612	PASS
CAT-T2D	rs11783247	8	10788875	PASS
CAT-T2D	rs6984496	8	10796093	PASS
CAT-T2D	rs7005884	8	10796472	PASS
CAT-T2D	rs11250093	8	10798828	PASS
CAT-T2D	rs7833435	8	10801137	PASS
CAT-T2D	rs11777007	8	10801857	PASS
CAT-T2D	rs11783749	8	10802055	PASS
CAT-T2D	rs12546366	8	10802146	PASS
CAT-T2D	rs12679529	8	10803465	PASS
CAT-T2D	rs7821914	8	10805015	PASS
CAT-T2D	rs10096511	8	10810451	PASS
CAT-T2D	rs11250097	8	10811829	PASS
CAT-T2D	rs35910832	8	10813197	PASS
CAT-T2D	rs10096381	8	10813904	PASS
CAT-T2D	rs4314618	8	10816772	PASS
CAT-T2D	rs10088408	8	10817197	PASS
CAT-T2D	rs11250098	8	10818607	PASS
CAT-T2D	rs11250099	8	10818657	PASS
CAT-T2D	rs4841465	8	10819854	PASS
CAT-T2D	rs7013277	8	10824384	PASS
CAT-T2D	rs4841466	8	10828909	PASS
CAT-T2D	rs10096421	8	10831868	PASS
CAT-T2D	rs4451267	8	10835917	PASS
CAT-T2D	rs6601544	8	10836024	PASS
CAT-T2D	rs7010719	8	10836069	PASS
CAT-T2D	rs7011106	8	10836359	PASS
CAT-T2D	rs6996943	8	10836436	PASS
CAT-T2D	rs7010262	8	10836508	PASS
CAT-T2D	rs7014861	8	10837019	PASS
CAT-T2D	rs34738102	8	10837190	PASS
CAT-T2D	rs10092831	8	10837414	PASS
CAT-T2D	rs10092835	8	10837420	PASS
CAT-T2D	rs11250101	8	10837568	PASS
CAT-T2D	rs10089518	8	10839803	PASS
CAT-T2D	rs11783418	8	10841858	PASS
CAT-T2D	rs9969436	8	10842659	PASS
CAT-T2D	rs10113808	8	10926892	PASS
CAT-T2D	rs17723229	8	10930069	PASS
CAT-T2D	rs2409689	8	10932868	PASS
CAT-T2D	rs11773990	8	10935082	PASS
CAT-T2D	rs4545055	8	10935366	PASS
CAT-T2D	rs2898257	8	10935368	PASS
CAT-T2D	rs34094119	8	10935898	PASS
CAT-T2D	rs4841489	8	10936811	PASS
CAT-T2D	rs4841490	8	10936891	PASS
CAT-T2D	rs6980856	8	10938260	PASS
CAT-T2D	rs11991118	8	10939273	PASS
CAT-T2D	rs2898260	8	10939490	PASS
CAT-T2D	rs2409691	8	10943276	PASS
CAT-T2D	rs4840542	8	10944809	PASS
CAT-T2D	rs9657519	8	10945439	PASS
CAT-T2D	rs2409694	8	10946861	PASS
CAT-T2D	rs6601560	8	10950866	PASS
CAT-T2D	rs10108618	8	10953092	PASS
CAT-T2D	rs7835318	8	10953874	PASS
CAT-T2D	rs2409698	8	10957243	PASS
CAT-T2D	rs4841495	8	10958824	PASS
CAT-T2D	rs4840544	8	10960572	PASS
CAT-T2D	rs6601561	8	10961433	PASS
CAT-T2D	rs1057626	8	10962800	PASS
CAT-T2D	rs2409710	8	10979821	PASS
CAT-T2D	rs13276836	8	10981003	PASS
CAT-T2D	rs3021494	8	10983534	PASS
CAT-T2D	rs4841497	8	10985140	PASS
CAT-T2D	rs4841498	8	10985432	PASS
CAT-T2D	rs2409712	8	10986837	PASS
CAT-T2D	rs2001329	8	10986859	PASS
CAT-T2D	rs2001328	8	10987199	PASS
CAT-T2D	rs10503416	8	10987553	PASS
CAT-T2D	rs10106914	8	10987651	PASS
CAT-T2D	rs10088853	8	10987967	PASS
CAT-T2D	rs4841499	8	10988138	PASS
CAT-T2D	rs4841500	8	10988275	PASS
CAT-T2D	rs13265553	8	10989057	PASS
CAT-T2D	rs13276708	8	10989206	PASS
CAT-T2D	rs13266785	8	10989521	PASS
CAT-T2D	rs4291231	8	10990164	PASS
CAT-T2D	rs10101329	8	10990672	PASS
CAT-T2D	rs34367737	8	10992605	PASS
CAT-T2D	rs4840548	8	10992883	PASS
CAT-T2D	rs13281566	8	10993904	PASS
CAT-T2D	rs3021497	8	10996089	PASS
CAT-T2D	rs10503417	8	10996813	PASS
CAT-T2D	rs73198943	8	10997618	PASS
CAT-T2D	rs71518512	8	10998280	PASS
CAT-T2D	rs28887839	8	11000413	PASS
CAT-T2D	rs67418928	8	11006113	PASS
CAT-T2D	rs35211404	8	11007071	PASS
CAT-T2D	rs67559300	8	11007281	PASS
CAT-T2D	rs67849263	8	11007544	PASS
CAT-T2D	rs17725480	8	11009317	PASS
CAT-T2D	rs13256743	8	11009413	PASS
CAT-T2D	rs2409713	8	11009797	PASS
CAT-T2D	rs2409714	8	11010118	PASS
CAT-T2D	rs13248014	8	11010730	PASS
CAT-T2D	rs2409716	8	11010748	PASS
CAT-T2D	rs4642600	8	11013025	PASS
CAT-T2D	rs2409719	8	11016889	PASS
CAT-T2D	rs17782536	8	11021682	PASS
CAT-T2D	rs17726209	8	11022185	PASS
CAT-T2D	rs3021498	8	11023655	PASS
CAT-T2D	rs3021501	8	11024275	PASS
CAT-T2D	rs4841503	8	11024326	PASS
CAT-T2D	rs4841504	8	11024663	PASS
CAT-T2D	rs4840550	8	11029029	PASS
CAT-T2D	rs7000132	8	11030935	PASS
CAT-T2D	rs6601565	8	11032228	PASS
CAT-T2D	rs9329238	8	11033737	PASS
CAT-T2D	rs7844536	8	11034028	PASS
CAT-T2D	rs4451268	8	11034859	PASS
CAT-T2D	rs11775489	8	11036843	PASS
CAT-T2D	rs11777918	8	11036919	PASS
CAT-T2D	rs11250119	8	11037034	PASS
CAT-T2D	rs2409720	8	11037903	PASS
CAT-T2D	rs7814499	8	11040647	PASS
CAT-T2D	rs2409725	8	11041661	PASS
CAT-T2D	rs2409726	8	11043138	PASS
CAT-T2D	rs2409727	8	11043236	PASS
CAT-T2D	rs35223712	8	11043926	PASS
CAT-T2D	rs11777355	8	11044689	PASS
CAT-T2D	rs10156356	8	11046209	PASS
CAT-T2D	rs28633434	8	11053922	PASS
CAT-T2D	rs11989369	8	11055385	PASS
CAT-T2D	rs11989439	8	11055597	PASS
CAT-T2D	rs11783045	8	11056175	PASS
CAT-T2D	rs11783890	8	11056388	PASS
CAT-T2D	rs11250121	8	11060311	PASS
CAT-T2D	rs2409730	8	11060638	PASS
CAT-T2D	rs6981523	8	11061792	PASS
CAT-T2D	rs7010590	8	11062882	PASS
CAT-T2D	rs4841508	8	11065003	PASS
CAT-T2D	rs2409742	8	11069960	PASS
CAT-T2D	rs7000141	8	11070721	PASS
CAT-T2D	rs6987059	8	11071057	PASS
CAT-T2D	rs4412337	8	11072020	PASS
CAT-T2D	rs6601568	8	11073402	PASS
CAT-T2D	rs35499486	8	11074036	PASS
CAT-T2D	rs111532409	8	11074812	PASS
CAT-T2D	rs2409745	8	11076635	PASS
CAT-T2D	rs4512344	8	11078781	PASS
CAT-T2D	rs2409749	8	11078949	PASS
CAT-T2D	rs6601570	8	11079367	PASS
CAT-T2D	rs28591576	8	11080675	PASS
CAT-T2D	rs3763278	6	20486754	PASS
CAT-T2D	rs9350253	6	20497100	PASS
CAT-T2D	rs10481445	8	11109269	PASS
CAT-T2D	rs13255193	8	11309192	PASS
CAT-T2D	rs756038	8	11336781	PASS
CAT-T2D	rs1531576	8	11338146	PASS
CAT-T2D	rs2729940	8	11382367	PASS
CAT-T2D	rs2618443	8	11384556	PASS
CAT-T2D	rs4841564	8	11425809	PASS
CAT-T2D	rs13256554	8	11432946	PASS
CAT-T2D	rs2898290	8	11433909	PASS
CAT-T2D	rs35558344	8	11434232	PASS
CAT-T2D	rs35181953	8	11435049	PASS
CAT-T2D	rs2409798	8	11435564	PASS
CAT-T2D	rs4841567	8	11440019	PASS
CAT-T2D	rs10097870	8	11444516	PASS
CAT-T2D	rs13270267	8	11444837	PASS
CAT-T2D	rs55896564	8	11447093	PASS
CAT-T2D	rs2244648	8	11450422	PASS
CAT-T2D	rs35373084	8	11457248	PASS
CAT-T2D	rs13250871	8	11467763	PASS
CAT-T2D	rs59800273	6	20621137	PASS
CAT-T2D	rs61663643	6	20621155	PASS
CAT-T2D	rs13220465	6	20630160	PASS
CAT-T2D	rs13190734	6	20630397	PASS
CAT-T2D	rs13194407	6	20630953	PASS
CAT-T2D	rs35889049	6	20641105	PASS
CAT-T2D	rs6933165	6	20644723	PASS
CAT-T2D	rs11963217	6	20645680	PASS
CAT-T2D	rs75365000	6	20645917	PASS
CAT-T2D	rs7745175	6	20646997	PASS
CAT-T2D	rs6913126	6	20647986	PASS
CAT-T2D	rs36045545	6	20649111	PASS
CAT-T2D	rs35392790	6	20649150	PASS
CAT-T2D	rs2179553	6	20649281	PASS
CAT-T2D	rs2179552	6	20649808	PASS
CAT-T2D	rs6925233	6	20649957	PASS
CAT-T2D	rs13209538	6	20650365	PASS
CAT-T2D	rs9969037	6	20650733	PASS
CAT-T2D	rs7749464	6	20651312	PASS
CAT-T2D	rs16884072	6	20655503	PASS
CAT-T2D	rs9460541	6	20656580	PASS
CAT-T2D	rs9460542	6	20656767	PASS
CAT-T2D	rs16884074	6	20656945	PASS
CAT-T2D	rs61613763	6	20658000	PASS
CAT-T2D	rs13190727	6	20658218	PASS
CAT-T2D	rs35260725	6	20658332	PASS
CAT-T2D	rs7749083	6	20660223	PASS
CAT-T2D	rs13203361	6	20661021	PASS
CAT-T2D	rs736425	6	20664312	PASS
CAT-T2D	rs11970425	6	20666457	PASS
CAT-T2D	rs4712542	6	20772818	PASS
CAT-T2D	rs9356756	6	20844151	PASS
CAT-T2D	rs12197742	6	21011042	PASS
CAT-T2D	rs12209877	6	21027761	PASS
CAT-T2D	rs4710961	6	21031079	PASS
CAT-T2D	rs4710962	6	21031435	PASS
CAT-T2D	rs12213021	6	126614101	PASS
CAT-T2D	rs9401877	6	126678785	PASS
CAT-T2D	rs7755075	6	126708470	PASS
CAT-T2D	rs72979905	6	126714513	PASS
CAT-T2D	rs1856444	6	126727892	PASS
CAT-T2D	rs7753563	6	126802598	PASS
CAT-T2D	rs2130604	6	126820561	PASS
CAT-T2D	rs1490384	6	126851160	PASS
CAT-T2D	rs6925689	6	126865884	PASS
CAT-T2D	rs1155939	6	126866133	PASS
CAT-T2D	rs1155938	6	126866472	PASS
CAT-T2D	rs9375447	6	126874091	PASS
CAT-T2D	rs1490385	6	126875521	PASS
CAT-T2D	rs9401888	6	126877523	PASS
CAT-T2D	rs9401890	6	126881295	PASS
CAT-T2D	rs6931369	6	126883006	PASS
CAT-T2D	rs9401891	6	126894135	PASS
CAT-T2D	rs9398812	6	126894231	PASS
CAT-T2D	rs9401892	6	126895368	PASS
CAT-T2D	rs4621655	6	126896107	PASS
CAT-T2D	rs4621657	6	126896227	PASS
CAT-T2D	rs11043003	11	2203154	PASS
CAT-T2D	rs7129483	11	2204717	PASS
CAT-T2D	rs7108915	11	2204726	PASS
CAT-T2D	rs7951222	11	2205245	PASS
CAT-T2D	rs11043016	11	2206027	PASS
CAT-T2D	rs72853921	11	2206651	PASS
CAT-T2D	rs11564706	11	2206829	PASS
CAT-T2D	rs11564705	11	2207046	PASS
CAT-T2D	rs10840516	11	2209967	PASS
CAT-T2D	rs113945618	11	2210658	PASS
CAT-T2D	rs67225004	11	2211162	PASS
CAT-T2D	rs67957462	11	2212448	PASS
CAT-T2D	rs68037604	11	2212487	PASS
CAT-T2D	rs76361611	11	2212584	PASS
CAT-T2D	rs7110836	11	2212765	PASS
CAT-T2D	rs7129293	11	2212858	PASS
CAT-T2D	rs7111341	11	2213166	PASS
CAT-T2D	rs7121197	11	2213258	PASS
CAT-T2D	rs60042129	11	2214016	PASS
CAT-T2D	rs11564691	11	2214039	PASS
CAT-T2D	rs7947138	11	2214467	PASS
CAT-T2D	rs7107784	11	2215089	PASS
CAT-T2D	rs10832405	11	2648519	PASS
CAT-T2D	rs11023536	11	2648726	PASS
CAT-T2D	rs10766236	11	2649697	PASS
CAT-T2D	rs10766242	11	2651614	PASS
CAT-T2D	rs231349	11	2672821	PASS
CAT-T2D	rs231343	11	2678653	PASS
CAT-T2D	rs151216	11	2680815	PASS
CAT-T2D	rs231361	11	2691500	PASS
CAT-T2D	rs231359	11	2694606	PASS
CAT-T2D	rs231353	11	2709019	PASS
CAT-T2D	rs463924	11	2717680	PASS
CAT-T2D	rs11023840	11	2721568	PASS
CAT-T2D	rs231840	11	2724130	PASS
CAT-T2D	rs86392	11	2727185	PASS
CAT-T2D	rs78131	11	2727517	PASS
CAT-T2D	rs60808706	11	2857233	PASS
CAT-T2D	rs2380872	9	33830651	PASS
CAT-T2D	rs10115960	9	33832604	PASS
CAT-T2D	rs4515641	9	33846422	PASS
CAT-T2D	rs10119038	9	33878566	PASS
CAT-T2D	rs10814053	9	33887925	PASS
CAT-T2D	rs11791701	9	33890834	PASS
CAT-T2D	rs1041099	9	33899785	PASS
CAT-T2D	rs10122038	9	33911055	PASS
CAT-T2D	rs10120819	9	33929206	PASS
CAT-T2D	rs3758171	9	36997417	PASS
CAT-T2D	rs12001337	9	36998197	PASS
CAT-T2D	rs7027070	9	36998856	PASS
CAT-T2D	rs7046652	9	36999066	PASS
CAT-T2D	rs12002007	9	36999753	PASS
CAT-T2D	rs16938718	8	74661838	PASS
CAT-T2D	rs76441047	8	74667209	PASS
CAT-T2D	rs7820502	8	74667608	PASS
CAT-T2D	rs7837137	8	74667718	PASS
CAT-T2D	rs7836815	8	74667729	PASS
CAT-T2D	rs692902	12	121197124	PASS
CAT-T2D	rs66947454	12	121350922	PASS
CAT-T2D	rs1169284	12	121419926	PASS
CAT-T2D	rs2243458	12	121424490	PASS
CAT-T2D	rs1169292	12	121426478	PASS
CAT-T2D	rs1169294	12	121426594	PASS
CAT-T2D	rs4625554	12	4416304	PASS
CAT-T2D	rs17483139	15	50004512	PASS
CAT-T2D	rs3850071	13	80603592	PASS
CAT-T2D	rs9601328	13	80735511	PASS
CAT-T2D	rs7985511	13	80735789	PASS
CAT-T2D	rs9285312	13	80738804	PASS
CAT-T2D	rs7986411	13	80742925	PASS
CAT-T2D	rs1330025	13	80745049	PASS
CAT-T2D	rs9574586	13	80749431	PASS
CAT-T2D	rs28619300	13	80756235	PASS
CAT-T2D	rs7321259	13	80756692	PASS
CAT-T2D	rs7320754	13	80756913	PASS
CAT-T2D	rs150738292	13	80758241	PASS
CAT-T2D	rs4885705	13	80759216	PASS
CAT-T2D	rs144643045	13	80759894	PASS
CAT-T2D	rs9613617	22	28847896	PASS
CAT-T2D	rs5997432	22	29419062	PASS
CAT-T2D	rs2072774	22	29425749	PASS
CAT-T2D	rs1883197	22	29431626	PASS
CAT-T2D	rs1983553	22	29435397	PASS
CAT-T2D	rs73390986	22	30135928	PASS
CAT-T2D	rs1548684	22	30138232	PASS
CAT-T2D	rs59923178	22	30142403	PASS
CAT-T2D	rs79282051	22	30150395	PASS
CAT-T2D	rs73392822	22	30151945	PASS
CAT-T2D	rs76871228	22	30159637	PASS
CAT-T2D	rs76492694	22	30162199	PASS
CAT-T2D	rs16988025	22	30164369	PASS
CAT-T2D	rs7292013	22	30167233	PASS
CAT-T2D	rs58763525	22	30167375	PASS
CAT-T2D	rs73883310	22	30168469	PASS
CAT-T2D	rs57779751	22	30169716	PASS
CAT-T2D	rs145046103	22	30169871	PASS
CAT-T2D	rs148594089	22	30169974	PASS
CAT-T2D	rs73883312	22	30174563	PASS
CAT-T2D	rs77302496	22	30178150	PASS
CAT-T2D	rs73883313	22	30178664	PASS
CAT-T2D	rs74769023	22	30191921	PASS
CAT-T2D	rs249394	22	30199338	PASS
CAT-T2D	rs36571	22	30200713	PASS
CAT-T2D	rs36575	22	30205572	PASS
CAT-T2D	rs36577	22	30209369	PASS
CAT-T2D	rs249403	22	30219545	PASS
CAT-T2D	rs11549795	22	30221120	PASS
CAT-T2D	rs73883320	22	30229215	PASS
CAT-T2D	rs56332559	22	30229641	PASS
CAT-T2D	rs76177778	22	30232211	PASS
CAT-T2D	rs2105871	22	30236588	PASS
CAT-T2D	rs5997539	22	30237706	PASS
CAT-T2D	rs1894474	22	30238074	PASS
CAT-T2D	rs80102270	22	30242453	PASS
CAT-T2D	rs5763560	22	30258767	PASS
CAT-T2D	rs5752974	22	30271630	PASS
CAT-T2D	rs5763568	22	30273164	PASS
CAT-T2D	rs4823062	22	30273574	PASS
CAT-T2D	rs4820823	22	30278019	PASS
CAT-T2D	rs2349228	22	30285039	PASS
CAT-T2D	rs5752977	22	30285582	PASS
CAT-T2D	rs5763582	22	30291009	PASS
CAT-T2D	rs5752979	22	30304334	PASS
CAT-T2D	rs5763595	22	30305754	PASS
CAT-T2D	rs1544429	22	30307418	PASS
CAT-T2D	rs1544431	22	30308106	PASS
CAT-T2D	rs1544433	22	30308192	PASS
CAT-T2D	rs7284365	22	30309231	PASS
CAT-T2D	rs2107674	22	30309886	PASS
CAT-T2D	rs737938	22	30313252	PASS
CAT-T2D	rs36579	22	30318436	PASS
CAT-T2D	rs36588	22	30325780	PASS
CAT-T2D	rs36589	22	30326801	PASS
CAT-T2D	rs36592	22	30330139	PASS
CAT-T2D	rs36597	22	30336150	PASS
CAT-T2D	rs36599	22	30337049	PASS
CAT-T2D	rs78744703	22	30338326	PASS
CAT-T2D	rs36603	22	30339450	PASS
CAT-T2D	rs36608	22	30342191	PASS
CAT-T2D	rs39713	22	30343186	PASS
CAT-T2D	rs76113237	22	30348035	PASS
CAT-T2D	rs16988120	22	30349152	PASS
CAT-T2D	rs4820824	22	30360915	PASS
CAT-T2D	rs73883349	22	30366275	PASS
CAT-T2D	rs16988143	22	30374677	PASS
CAT-T2D	rs76176802	22	30377713	PASS
CAT-T2D	rs16988148	22	30379494	PASS
CAT-T2D	rs78002299	22	30380103	PASS
CAT-T2D	rs16988149	22	30380217	PASS
CAT-T2D	rs7286441	22	30381444	PASS
CAT-T2D	rs7284951	22	30384092	PASS
CAT-T2D	rs55645000	22	30390550	PASS
CAT-T2D	rs45629133	22	30395068	PASS
CAT-T2D	rs73883354	22	30401608	PASS
CAT-T2D	rs73883355	22	30401775	PASS
CAT-T2D	rs41158	22	30405983	PASS
CAT-T2D	rs73883359	22	30412776	PASS
CAT-T2D	rs41278853	22	30416527	PASS
CAT-T2D	rs41281623	22	30424256	PASS
CAT-T2D	rs11552852	22	30424377	PASS
CAT-T2D	rs73883360	22	30427564	PASS
CAT-T2D	rs1807726	22	30430535	PASS
CAT-T2D	rs16988244	22	30433373	PASS
CAT-T2D	rs117611497	22	30451513	PASS
CAT-T2D	rs56392746	22	30451688	PASS
CAT-T2D	rs148565341	22	30467674	PASS
CAT-T2D	rs7286205	22	30475154	PASS
CAT-T2D	rs6519802	22	30476271	PASS
CAT-T2D	rs58162368	22	30486212	PASS
CAT-T2D	rs75916721	22	30487010	PASS
CAT-T2D	rs75148762	22	30487065	PASS
CAT-T2D	rs146943023	22	30487619	PASS
CAT-T2D	rs41281633	22	30489816	PASS
CAT-T2D	rs60759987	22	30490754	PASS
CAT-T2D	rs73883367	22	30494319	PASS
CAT-T2D	rs56406718	22	30497728	PASS
CAT-T2D	rs17648208	22	30498978	PASS
CAT-T2D	rs16988291	22	30501105	PASS
CAT-T2D	rs145367258	22	30503689	PASS
CAT-T2D	rs147432326	22	30503880	PASS
CAT-T2D	rs718773	22	30504111	PASS
CAT-T2D	rs16988303	22	30505646	PASS
CAT-T2D	rs16988304	22	30516140	PASS
CAT-T2D	rs8141471	22	30518233	PASS
CAT-T2D	rs73883370	22	30524710	PASS
CAT-T2D	rs6519805	22	30525549	PASS
CAT-T2D	rs73883371	22	30532022	PASS
CAT-T2D	rs143345769	22	30537784	PASS
CAT-T2D	rs73883374	22	30539275	PASS
CAT-T2D	rs78781635	22	30543834	PASS
CAT-T2D	rs115219753	22	30544821	PASS
CAT-T2D	rs73883375	22	30547396	PASS
CAT-T2D	rs73883377	22	30549607	PASS
CAT-T2D	rs73883378	22	30549764	PASS
CAT-T2D	rs737901	22	30550380	PASS
CAT-T2D	rs5763825	22	30552695	PASS
CAT-T2D	rs16988333	22	30552813	PASS
CAT-T2D	rs6006383	22	30559680	PASS
CAT-T2D	rs5763855	22	30578964	PASS
CAT-T2D	rs5763857	22	30579617	PASS
CAT-T2D	rs5763858	22	30579722	PASS
CAT-T2D	rs4482601	22	30580373	PASS
CAT-T2D	rs5753038	22	30583134	PASS
CAT-T2D	rs4823078	22	30583889	PASS
CAT-T2D	rs5763870	22	30586396	PASS
CAT-T2D	rs5753042	22	30587972	PASS
CAT-T2D	rs5753043	22	30588041	PASS
CAT-T2D	rs5763873	22	30588372	PASS
CAT-T2D	rs6006393	22	30590026	PASS
CAT-T2D	rs5763878	22	30591824	PASS
CAT-T2D	rs2412980	22	30592069	PASS
CAT-T2D	rs962322	22	30593412	PASS
CAT-T2D	rs713916	22	30593652	PASS
CAT-T2D	rs7285585	22	30597668	PASS
CAT-T2D	rs9614157	22	30597810	PASS
CAT-T2D	rs6006399	22	30598516	PASS
CAT-T2D	rs2023681	22	30599562	PASS
CAT-T2D	rs2023682	22	30599570	PASS
CAT-T2D	rs6518681	22	30609554	PASS
CAT-T2D	rs5997597	22	30635132	PASS
CAT-T2D	rs13055101	22	30637884	PASS
CAT-T2D	rs2077151	20	3786831	PASS
CAT-T2D	rs2008696	20	3787390	PASS
CAT-T2D	rs4813643	20	3787755	PASS
CAT-T2D	rs4815607	20	3788479	PASS
CAT-T2D	rs4815608	20	3788974	PASS
CAT-T2D	rs8183509	20	3790596	PASS
CAT-T2D	rs8183571	20	3790679	PASS
CAT-T2D	rs6139209	20	3790876	PASS
CAT-T2D	rs4815610	20	3791192	PASS
CAT-T2D	rs4815611	20	3791428	PASS
CAT-T2D	rs6084482	20	3791494	PASS
CAT-T2D	rs11698490	20	3791516	PASS
CAT-T2D	rs2282128	20	3792226	PASS
CAT-T2D	rs2282129	20	3792537	PASS
CAT-T2D	rs2282130	20	3792888	PASS
CAT-T2D	rs6001371	22	39405707	PASS
CAT-T2D	rs7292838	22	40479448	PASS
CAT-T2D	rs1474666	22	40511670	PASS
CAT-T2D	rs2064258	22	40534964	PASS
CAT-T2D	rs2103648	22	40539379	PASS
CAT-T2D	rs6001800	22	40540185	PASS
CAT-T2D	rs4586740	22	40540762	PASS
CAT-T2D	rs6001801	22	40540766	PASS
CAT-T2D	rs4588292	22	40541173	PASS
CAT-T2D	rs2413617	22	40541700	PASS
CAT-T2D	rs4820397	22	40542688	PASS
CAT-T2D	rs4586733	22	40542915	PASS
CAT-T2D	rs6001802	22	40543215	PASS
CAT-T2D	rs5995825	22	40544337	PASS
CAT-T2D	rs140695498	22	40555139	PASS
CAT-T2D	rs8139315	22	40561283	PASS
CAT-T2D	rs11089975	22	40562227	PASS
CAT-T2D	rs57259665	22	40567251	PASS
CAT-T2D	rs9611282	22	40569326	PASS
CAT-T2D	rs9611286	22	40584962	PASS
CAT-T2D	rs9611288	22	40587100	PASS
CAT-T2D	rs7288451	22	40594702	PASS
CAT-T2D	rs6001833	22	40597667	PASS
CAT-T2D	rs5995835	22	40602620	PASS
CAT-T2D	rs6001835	22	40602948	PASS
CAT-T2D	rs138020	22	40612131	PASS
CAT-T2D	rs138021	22	40612974	PASS
CAT-T2D	rs138022	22	40613036	PASS
CAT-T2D	rs138023	22	40613073	PASS
CAT-T2D	rs138026	22	40614627	PASS
CAT-T2D	rs138027	22	40616112	PASS
CAT-T2D	rs138028	22	40616707	PASS
CAT-T2D	rs138029	22	40617100	PASS
CAT-T2D	rs1962769	22	40624547	PASS
CAT-T2D	rs138049	22	40627059	PASS
CAT-T2D	rs4821935	22	40632047	PASS
CAT-T2D	rs5757886	22	40636076	PASS
CAT-T2D	rs739180	22	40639295	PASS
CAT-T2D	rs5750913	22	40640285	PASS
CAT-T2D	rs5750920	22	40649340	PASS
CAT-T2D	rs763071	22	40652801	PASS
CAT-T2D	rs4821938	22	40653882	PASS
CAT-T2D	rs763072	22	40668074	PASS
CAT-T2D	rs6001858	22	40672078	PASS
CAT-T2D	rs739183	22	40673685	PASS
CAT-T2D	rs2413621	22	40673999	PASS
CAT-T2D	rs929070	22	40677001	PASS
CAT-T2D	rs9623162	22	40677515	PASS
CAT-T2D	rs5757903	22	40680700	PASS
CAT-T2D	rs5757905	22	40684283	PASS
CAT-T2D	rs5757906	22	40687757	PASS
CAT-T2D	rs5750931	22	40694719	PASS
CAT-T2D	rs139916	22	40721062	PASS
CAT-T2D	rs76747430	22	40833842	PASS
CAT-T2D	rs7284704	22	40845131	PASS
CAT-T2D	rs75817276	22	40872654	PASS
CAT-T2D	rs133030	22	40977940	PASS
CAT-T2D	rs56755140	22	41066598	PASS
CAT-T2D	rs4276108	22	41066606	PASS
CAT-T2D	rs4822002	22	41487344	PASS
CAT-T2D	rs2267424	22	41489526	PASS
CAT-T2D	rs5758223	22	41489920	PASS
CAT-T2D	rs5751040	22	41491276	PASS
CAT-T2D	rs738628	22	41493474	PASS
CAT-T2D	rs2899344	22	41494468	PASS
CAT-T2D	rs5751042	22	41495329	PASS
CAT-T2D	rs5758228	22	41497234	PASS
CAT-T2D	rs2024717	22	41497785	PASS
CAT-T2D	rs9611497	22	41507400	PASS
CAT-T2D	rs5995996	22	41508393	PASS
CAT-T2D	rs738630	22	41511171	PASS
CAT-T2D	rs738631	22	41511176	PASS
CAT-T2D	rs2064558	22	41512609	PASS
CAT-T2D	rs2144342	22	41513094	PASS
CAT-T2D	rs4822005	22	41514155	PASS
CAT-T2D	rs5758237	22	41515744	PASS
CAT-T2D	rs55947928	22	41516608	PASS
CAT-T2D	rs5758238	22	41519308	PASS
CAT-T2D	rs4822006	22	41519362	PASS
CAT-T2D	rs5758240	22	41521717	PASS
CAT-T2D	rs738632	22	41523937	PASS
CAT-T2D	rs4822007	22	41532934	PASS
CAT-T2D	rs4822010	22	41539424	PASS
CAT-T2D	rs1569858	22	41541024	PASS
CAT-T2D	rs6002268	22	41549009	PASS
CAT-T2D	rs7510675	22	41549297	PASS
CAT-T2D	rs4822011	22	41550954	PASS
CAT-T2D	rs1033611	22	41558232	PASS
CAT-T2D	rs5751056	22	41562177	PASS
CAT-T2D	rs9607779	22	41566823	PASS
CAT-T2D	rs136393	22	41567535	PASS
CAT-T2D	rs5751060	22	41567722	PASS
CAT-T2D	rs2076577	22	41568480	PASS
CAT-T2D	rs2076581	22	41570071	PASS
CAT-T2D	rs136394	22	41578065	PASS
CAT-T2D	rs139431	22	41604353	PASS
CAT-T2D	rs4820432	22	41604399	PASS
CAT-T2D	rs139432	22	41604557	PASS
CAT-T2D	rs139434	22	41604785	PASS
CAT-T2D	rs139435	22	41604811	PASS
CAT-T2D	rs139437	22	41605635	PASS
CAT-T2D	rs139438	22	41605639	PASS
CAT-T2D	rs7290378	22	41606195	PASS
CAT-T2D	rs7289286	22	41606264	PASS
CAT-T2D	rs7289294	22	41606279	PASS
CAT-T2D	rs7290545	22	41606312	PASS
CAT-T2D	rs7289861	22	41606397	PASS
CAT-T2D	rs5758262	22	41606720	PASS
CAT-T2D	rs139440	22	41606988	PASS
CAT-T2D	rs139441	22	41607056	PASS
CAT-T2D	rs139445	22	41608462	PASS
CAT-T2D	rs8141477	22	41608629	PASS
CAT-T2D	rs12169035	22	41608948	PASS
CAT-T2D	rs139447	22	41609430	PASS
CAT-T2D	rs139450	22	41609859	PASS
CAT-T2D	rs139451	22	41610024	PASS
CAT-T2D	rs139453	22	41610242	PASS
CAT-T2D	rs139454	22	41610391	PASS
CAT-T2D	rs139456	22	41610449	PASS
CAT-T2D	rs139457	22	41610667	PASS
CAT-T2D	rs139458	22	41610668	PASS
CAT-T2D	rs139460	22	41611063	PASS
CAT-T2D	rs8139263	22	41611240	PASS
CAT-T2D	rs13058265	22	41611610	PASS
CAT-T2D	rs13054131	22	41611619	PASS
CAT-T2D	rs139462	22	41612541	PASS
CAT-T2D	rs139463	22	41612543	PASS
CAT-T2D	rs85220	22	41612965	PASS
CAT-T2D	rs139465	22	41614113	PASS
CAT-T2D	rs3721	22	41627073	PASS
CAT-T2D	rs139484	22	41627543	PASS
CAT-T2D	rs139485	22	41627606	PASS
CAT-T2D	rs139505	22	41651026	PASS
CAT-T2D	rs139509	22	41652733	PASS
CAT-T2D	rs12940900	17	3861640	PASS
CAT-T2D	rs12936332	17	3862909	PASS
CAT-T2D	rs34400969	17	3864442	PASS
CAT-T2D	rs1006703	17	3865399	PASS
CAT-T2D	rs144660786	17	3869563	PASS
CAT-T2D	rs6040069	20	10645197	PASS
CAT-T2D	rs3790163	20	10647951	PASS
CAT-T2D	rs2008065	22	41865739	PASS
CAT-T2D	rs28741121	22	42025823	PASS
CAT-T2D	rs11720578	3	12267084	PASS
CAT-T2D	rs114355928	6	32265881	PASS
CAT-T2D	rs114334832	6	32118085	PASS
CAT-T2D	rs117140565	10	114793793	PASS
CAT-T2D	rs113237190	7	127509095	PASS
CAT-T2D	rs150414988	10	114796273	PASS
CAT-T2D	rs147711004	19	45337918	PASS
CAT-T2D	rs17036130	3	12288288	PASS
CAT-T2D	rs71304098	3	12300058	PASS
CAT-T2D	rs78572870	12	66166051	PASS
CAT-T2D	rs71304095	3	12296513	PASS
CAT-T2D	rs2071554	6	32784676	PASS
CAT-T2D	rs2067578	6	32762461	PASS
CAT-T2D	rs3763287	6	31370329	PASS
CAT-T2D	rs71304093	3	12275320	PASS
CAT-T2D	rs181344886	10	114705589	PASS
CAT-T2D	rs73113900	12	66210404	PASS
CAT-T2D	rs17213749	6	32787651	PASS
CAT-T2D	rs11830234	12	66246797	PASS
CAT-T2D	rs2844394	3	37820968	PASS
CAT-T2D	rs2524280	6	31416990	PASS
CAT-T2D	rs35057507	3	12299722	PASS
CAT-T2D	rs35551471	3	12279209	PASS
CAT-T2D	rs2516471	6	31400292	PASS
CAT-T2D	rs111434411	3	12199906	PASS
CAT-T2D	rs36086545	3	12277190	PASS
CAT-T2D	rs73131929	12	66169291	PASS
CAT-T2D	rs147771934	12	50045189	PASS
CAT-T2D	rs73115419	12	66227324	PASS
CAT-T2D	rs2254620	6	31427231	PASS
CAT-T2D	rs13065423	3	12274592	PASS
CAT-T2D	rs77106047	3	23556693	PASS
CAT-T2D	rs3218816	6	30878857	PASS
CAT-T2D	rs73113898	12	66210241	PASS
CAT-T2D	rs73131921	12	66166002	PASS
CAT-T2D	rs9357133	6	31380897	PASS
CAT-T2D	rs11715362	3	12278464	PASS
CAT-T2D	rs192956201	2	241490341	PASS
CAT-T2D	rs9378249	6	31327701	PASS
CAT-T2D	rs73410785	6	32792533	PASS
CAT-T2D	rs117782175	12	66230976	PASS
CAT-T2D	rs13066157	3	12274994	PASS
CAT-T2D	rs115521560	6	32019382	PASS
CAT-T2D	rs61736786	22	30189642	PASS
CAT-T2D	rs11709119	3	12276493	PASS
CAT-T2D	rs145378137	10	114783899	PASS
CAT-T2D	rs73119871	12	66250092	PASS
CAT-T2D	rs2844387	3	37817669	PASS
CAT-T2D	rs73119885	12	66259056	PASS
POAG-AD	rs11732351	4	7955488	PASS
POAG-AD	rs1059836	3	145910430	PASS
POAG-AD	rs17686636	5	129168372	PASS
POAG-AD	rs6915083	6	41164005	PASS
POAG-AD	rs1484268	6	41200841	PASS
POAG-AD	rs9357349	6	41200888	PASS
POAG-AD	rs6921279	6	41202196	PASS
POAG-AD	rs12527692	6	41203796	PASS
POAG-AD	rs13200807	6	41204805	PASS
POAG-AD	rs13204353	6	41205235	PASS
POAG-AD	rs9296359	6	41205690	PASS
POAG-AD	rs2395767	6	41206704	PASS
POAG-AD	rs1484267	6	41210570	PASS
POAG-AD	rs7224135	17	40574281	PASS
POAG-AD	rs11079045	17	40587669	PASS
POAG-AD	rs9897526	17	42426940	PASS
POAG-AD	rs183211	17	44788310	PASS
POAG-AD	rs199436	17	44789285	PASS
POAG-AD	rs169201	17	44790203	PASS
POAG-AD	rs199438	17	44791643	PASS
POAG-AD	rs199439	17	44793503	PASS
POAG-AD	rs199457	17	44795469	PASS
POAG-AD	rs199456	17	44797919	PASS
POAG-AD	rs7224296	17	44800046	PASS
POAG-AD	rs199454	17	44800110	PASS
POAG-AD	rs199453	17	44800946	PASS
POAG-AD	rs199452	17	44801340	PASS
POAG-AD	rs199451	17	44801784	PASS
POAG-AD	rs199449	17	44808902	PASS
POAG-AD	rs199448	17	44809001	PASS
POAG-AD	rs199444	17	44818276	PASS
POAG-AD	rs199442	17	44820122	PASS
POAG-AD	rs199536	17	44820425	PASS
POAG-AD	rs199535	17	44822662	PASS
POAG-AD	rs199534	17	44824213	PASS
POAG-AD	rs199533	17	44828931	PASS
POAG-AD	rs199530	17	44836653	PASS
POAG-AD	rs199529	17	44837217	PASS
POAG-AD	rs199520	17	44853872	PASS
POAG-AD	rs199513	17	44856932	PASS
POAG-AD	rs415430	17	44859144	PASS
POAG-AD	rs199501	17	44862613	PASS
POAG-AD	rs2074404	17	44865439	PASS
POAG-AD	rs199498	17	44865603	PASS
POAG-AD	rs11079866	17	47324485	PASS
POAG-AD	rs686112	17	47325717	PASS
POAG-AD	rs850521	17	47332807	PASS
POAG-AD	rs4794031	17	47342153	PASS
POAG-AD	rs2107634	17	47356100	PASS
POAG-AD	rs11079868	17	47357969	PASS
POAG-AD	rs3179840	17	47367536	PASS
POAG-AD	rs2906093	17	47397579	PASS
POAG-AD	rs747039	17	47406913	PASS
POAG-AD	rs7225787	17	47428573	PASS
POAG-AD	rs4987082	17	47481374	PASS
POAG-AD	rs2898883	17	47482953	PASS
POAG-AD	rs7502499	17	47490102	PASS
POAG-AD	rs4794195	17	49027116	PASS
POAG-AD	rs12938048	17	49029224	PASS
POAG-AD	rs1558286	17	49033169	PASS
POAG-AD	rs11652633	17	49051279	PASS
POAG-AD	rs12935957	17	49069394	PASS
POAG-AD	rs4794200	17	49069971	PASS
POAG-AD	rs3786004	17	49073531	PASS
POAG-AD	rs3786005	17	49073719	PASS
POAG-AD	rs10491151	17	49075038	PASS
POAG-AD	rs2286649	17	49097501	PASS
POAG-AD	rs9915055	17	49100941	PASS
POAG-AD	rs2058252	17	49107442	PASS
POAG-AD	rs2058253	17	49107525	PASS
POAG-AD	rs12452530	17	49119626	PASS
POAG-AD	rs12232503	17	49122668	PASS
POAG-AD	rs7213491	17	49123391	PASS
POAG-AD	rs12453437	17	49124944	PASS
POAG-AD	rs9303571	17	49139030	PASS
POAG-AD	rs9906863	17	49142111	PASS
POAG-AD	rs12951879	17	49145743	PASS
POAG-AD	rs8081821	17	49156907	PASS
POAG-AD	rs9900738	17	49177631	PASS
POAG-AD	rs12450083	17	49181669	PASS
POAG-AD	rs17651875	17	49193326	PASS
POAG-AD	rs2526378	17	56404349	PASS
POAG-AD	rs4820297	22	38105981	PASS
POAG-AD	rs5750482	22	38117943	PASS
POAG-AD	rs9610841	22	38121152	PASS
POAG-AD	rs7284476	22	38129332	PASS
POAG-AD	rs1043402	22	38879688	PASS
POAG-AD	rs2267390	22	38889657	PASS
POAG-AD	rs138457	22	38898051	PASS
POAG-AD	rs1946990	22	38912771	PASS
POAG-AD	rs1980455	22	38925719	PASS
POAG-AD	rs1569492	22	38975511	PASS
POAG-AD	rs5750627	22	38982321	PASS
POAG-AD	rs5757169	22	39003495	PASS
POAG-AD	rs6001173	22	39015302	PASS
POAG-AD	rs4821797	22	39016182	PASS
POAG-AD	rs1056610	22	39080078	PASS
POAG-AD	rs10135	22	39082174	PASS
POAG-AD	rs5750671	22	39094619	PASS
POAG-AD	rs4821815	22	39105707	PASS
POAG-AD	rs2284073	22	39105948	PASS
POAG-AD	rs2235229	22	39124912	PASS
POAG-AD	rs138699	22	39129708	PASS
POAG-AD	rs1043441	22	39130964	PASS
POAG-AD	rs1043312	22	39131727	PASS
POAG-AD	rs138703	22	39132748	PASS
POAG-AD	rs138705	22	39133803	PASS
POAG-AD	rs138712	22	39141600	PASS
POAG-AD	rs2072798	22	39148483	PASS
POAG-AD	rs2072794	22	39150543	PASS
POAG-AD	rs7284966	22	39152412	PASS
POAG-AD	rs11012	17	43513441	PASS
POAG-AD	rs17631676	17	43549526	PASS
POAG-AD	rs17689471	17	43892973	PASS
POAG-AD	rs17762769	17	43893403	PASS
POAG-AD	rs8072451	17	43893716	PASS
POAG-AD	rs4277389	17	43895653	PASS
POAG-AD	rs4566211	17	43895696	PASS
POAG-AD	rs17762954	17	43899786	PASS
POAG-AD	rs1396862	17	43902997	PASS
POAG-AD	rs17689824	17	43904397	PASS
POAG-AD	rs17763086	17	43905481	PASS
POAG-AD	rs17689882	17	43906828	PASS
POAG-AD	rs16940665	17	43907896	PASS
POAG-AD	rs17689918	17	43910088	PASS
POAG-AD	rs1876829	17	43911443	PASS
POAG-AD	rs3752229	19	1041352	PASS
POAG-AD	rs12974664	19	1856186	PASS
POAG-CKD	rs10761089	9	107740191	PASS
POAG-CKD	rs11038977	11	46734384	PASS
POAG-CKD	rs5896	11	46745003	PASS
POAG-CKD	rs4076557	11	46764649	PASS
POAG-CKD	rs11604876	11	46768041	PASS
POAG-CKD	rs4752932	11	46773354	PASS
POAG-CKD	rs7929294	11	46776176	PASS
POAG-CKD	rs10734548	11	46787573	PASS
POAG-CKD	rs6485690	11	46798631	PASS
POAG-CKD	rs4752933	11	46803785	PASS
POAG-CKD	rs7940578	11	46812227	PASS
POAG-CKD	rs4752936	11	46821078	PASS
POAG-CKD	rs10769208	11	46822240	PASS
POAG-CKD	rs10734549	11	46822686	PASS
POAG-CKD	rs7101374	11	46824241	PASS
POAG-CKD	rs6485696	11	46842045	PASS
POAG-CKD	rs1007738	11	46849360	PASS
POAG-CKD	rs7480140	11	46856335	PASS
POAG-CKD	rs11039002	11	46857279	PASS
POAG-CKD	rs7107778	11	46860855	PASS
POAG-CKD	rs1551744	11	46865000	PASS
POAG-CKD	rs10769211	11	46872873	PASS
POAG-CKD	rs7943866	11	46881954	PASS
POAG-CKD	rs2306026	11	46889713	PASS
POAG-CKD	rs3816614	11	46890165	PASS
POAG-CKD	rs2290883	11	46890197	PASS
POAG-CKD	rs11039014	11	46895378	PASS
POAG-CKD	rs2306033	11	46897446	PASS
POAG-CKD	rs964551	11	46897995	PASS
POAG-CKD	rs6485702	11	46898771	PASS
POAG-CKD	rs2306028	11	46900659	PASS
POAG-CKD	rs2306027	11	46907827	PASS
POAG-CKD	rs2306036	11	46911704	PASS
POAG-CKD	rs898604	11	46917983	PASS
POAG-CKD	rs11039024	11	46923168	PASS
POAG-CKD	rs7940441	11	46939027	PASS
POAG-CKD	rs10838635	11	46945227	PASS
POAG-CKD	rs7945558	11	46957808	PASS
POAG-CKD	rs11039035	11	46967415	PASS
POAG-CKD	rs7938169	11	46971539	PASS
POAG-CKD	rs6485715	11	46975125	PASS
POAG-CKD	rs4394802	11	46990587	PASS
POAG-CKD	rs7130947	11	47002005	PASS
POAG-CKD	rs4494268	11	47038220	PASS
POAG-CKD	rs7125807	11	47041163	PASS
POAG-CKD	rs7103581	11	47072805	PASS
POAG-CKD	rs7931260	11	47088303	PASS
POAG-CKD	rs7108902	11	47091571	PASS
POAG-CKD	rs7946709	11	47100796	PASS
POAG-CKD	rs7945315	11	47110652	PASS
POAG-CKD	rs4752957	11	47125632	PASS
POAG-CKD	rs11039097	11	47131881	PASS
POAG-CKD	rs6485739	11	47145072	PASS
POAG-CKD	rs10838660	11	47152273	PASS
POAG-CKD	rs4752965	11	47159053	PASS
POAG-CKD	rs1872896	11	47160623	PASS
POAG-CKD	rs7121418	11	47165106	PASS
POAG-CKD	rs11039112	11	47174296	PASS
POAG-CKD	rs747650	11	47176005	PASS
POAG-CKD	rs1060573	11	47179829	PASS
POAG-CKD	rs11600668	11	47193566	PASS
POAG-CKD	rs7937101	11	47226488	PASS
POAG-CKD	rs4567413	11	47232184	PASS
POAG-CKD	rs2029298	11	47234718	PASS
POAG-CKD	rs830085	11	47251199	PASS
POAG-CKD	rs326222	11	47259668	PASS
POAG-CKD	rs7118396	11	47269936	PASS
POAG-CKD	rs10838681	11	47275064	PASS
POAG-CKD	rs2279238	11	47282024	PASS
POAG-CKD	rs12357018	10	94903515	PASS
POAG-CKD	rs17382315	10	94906087	PASS
POAG-CKD	rs17382342	10	94908144	PASS
POAG-CKD	rs11817146	10	94911300	PASS
POAG-CKD	rs1339822	10	94915615	PASS
POAG-CKD	rs6583867	10	94938228	PASS
POAG-CKD	rs7903804	10	94946268	PASS
POAG-CKD	rs4144915	10	94948753	PASS
POAG-CKD	rs10882174	10	94951032	PASS
POAG-CKD	rs10882177	10	94951488	PASS
POAG-CKD	rs17382981	10	94953258	PASS
POAG-CKD	rs7914785	10	94953696	PASS
POAG-CKD	rs2094486	10	94955666	PASS
POAG-CKD	rs4326721	10	94958886	PASS
POAG-CKD	rs7894625	10	94962714	PASS
POAG-CKD	rs12360896	11	65238306	PASS
POAG-CKD	rs10896009	11	65246054	PASS
POAG-CKD	rs17146964	11	65249145	PASS
POAG-CKD	rs1152619	11	65255589	PASS
POAG-CKD	rs1152620	11	65257329	PASS
POAG-CKD	rs3200401	11	65271832	PASS
POAG-CKD	rs10896012	11	65278461	PASS
POAG-CKD	rs1783541	11	65294799	PASS
POAG-CKD	rs1787663	11	65294830	PASS
POAG-CKD	rs947791	11	65302893	PASS
POAG-CKD	rs11227221	11	65319265	PASS
POAG-CKD	rs4244811	11	65320780	PASS
POAG-CKD	rs12270054	11	65322548	PASS
POAG-CKD	rs10896015	11	65323725	PASS
POAG-CKD	rs10896016	11	65335705	PASS
POAG-CKD	rs3782091	11	65336483	PASS
POAG-CKD	rs1194076	11	65336544	PASS
POAG-CKD	rs1784220	11	65337714	PASS
POAG-CKD	rs1151503	11	65357697	PASS
POAG-CKD	rs10791819	11	65363865	PASS
POAG-CKD	rs7937415	11	65363958	PASS
POAG-CKD	rs1784223	11	65380248	PASS
POAG-CKD	rs1787034	11	65382564	PASS
POAG-CKD	rs1144789	11	65389631	PASS
POAG-CKD	rs1151490	11	65390485	PASS
POAG-CKD	rs1205259	11	65392695	PASS
POAG-CKD	rs573589	11	65483981	PASS
POAG-CKD	rs3372	11	65485218	PASS
POAG-CKD	rs537786	11	65494987	PASS
POAG-CKD	rs1193692	11	65504069	PASS
POAG-CKD	rs546202	11	65510024	PASS
POAG-CKD	rs603645	11	65533000	PASS
POAG-CKD	rs1193496	11	65537556	PASS
POAG-CKD	rs610037	11	65546857	PASS
POAG-CKD	rs12801731	11	65549606	PASS
POAG-CKD	rs12576996	11	65580638	PASS
POAG-CKD	rs593525	11	65727799	PASS
POAG-CKD	rs7952056	11	65744597	PASS
POAG-CKD	rs735942	11	65749337	PASS
POAG-CKD	rs747526	11	65776071	PASS
POAG-CKD	rs6606662	11	69206744	PASS
POAG-CKD	rs7109670	11	69207345	PASS
POAG-CKD	rs4576852	11	69210645	PASS
POAG-CKD	rs649392	11	69464793	PASS
POAG-CKD	rs3212891	11	69465507	PASS
POAG-CKD	rs7177	11	69466115	PASS
POAG-CKD	rs10118365	9	129781126	PASS
POAG-CKD	rs10819264	9	129810944	PASS
POAG-CKD	rs1281159	9	129858518	PASS
POAG-CKD	rs2787594	9	129863545	PASS
POAG-CKD	rs1766229	9	129873581	PASS
POAG-CKD	rs1556887	9	129887038	PASS
POAG-CKD	rs12551115	9	129906656	PASS
POAG-CKD	rs2789507	9	129910765	PASS
POAG-CKD	rs2417050	9	129929120	PASS
POAG-CKD	rs1028866	9	129933016	PASS
POAG-CKD	rs3824808	10	126306964	PASS
POAG-CKD	rs10901808	10	126399159	PASS
POAG-CKD	rs17624662	10	126408146	PASS
POAG-CKD	rs10901809	10	126410804	PASS
POAG-CKD	rs11245344	10	126418782	PASS
POAG-CKD	rs10901812	10	126419384	PASS
POAG-CKD	rs7080838	10	126419841	PASS
POAG-CKD	rs4962692	10	126424823	PASS
POAG-CKD	rs11245347	10	126427037	PASS
POAG-CKD	rs10901815	10	126435598	PASS
POAG-CKD	rs12570348	10	126438963	PASS
POAG-CKD	rs4962696	10	126445630	PASS
POAG-CKD	rs1055256	10	126446592	PASS
POAG-CKD	rs10901818	10	126449428	PASS
POAG-CKD	rs7898003	10	126451385	PASS
POAG-CKD	rs11245357	10	126452042	PASS
POAG-CKD	rs965484	10	126453481	PASS
POAG-CKD	rs7079846	10	126459520	PASS
POAG-CKD	rs7099316	10	126469005	PASS
POAG-CKD	rs4962699	10	126477209	PASS
POAG-CKD	rs1552345	10	126477406	PASS
POAG-CKD	rs11245366	10	126482849	PASS
POAG-CKD	rs10901823	10	126488660	PASS
POAG-CKD	rs1351977	10	126496321	PASS
POAG-CKD	rs7097254	10	126512248	PASS
POAG-CKD	rs2303611	10	126517989	PASS
POAG-CKD	rs7097177	10	126539839	PASS
POAG-CKD	rs6590334	11	128403208	PASS
POAG-PD	rs2209331	6	136442606	PASS
POAG-PD	rs3757155	6	136458593	PASS
POAG-PD	rs2046091	6	136459249	PASS
POAG-PD	rs4896198	6	136465433	PASS
POAG-PD	rs2170231	6	136467134	PASS
POAG-PD	rs1471545	6	136471707	PASS
POAG-PD	rs1471546	6	136471800	PASS
POAG-PD	rs4896201	6	136472439	PASS
POAG-PD	rs4896202	6	136472496	PASS
POAG-PD	rs1179594	7	75274068	PASS
POAG-PD	rs17535788	10	34379893	PASS
POAG-PD	rs9422351	10	48603866	PASS
POAG-PD	rs1427222	10	60290970	PASS
POAG-PD	rs1649053	10	60321487	PASS
POAG-PD	rs1649048	10	60324282	PASS
POAG-PD	rs1649039	10	60330041	PASS
POAG-PD	rs1658429	10	60330422	PASS
POAG-PD	rs6481407	10	60335090	PASS
POAG-PD	rs10826205	10	60371606	PASS
POAG-STROKE	rs983695	6	49169337	PASS
POAG-STROKE	rs2496360	6	49180527	PASS
POAG-STROKE	rs4478408	6	49190966	PASS
POAG-STROKE	rs562077	6	49328214	PASS
POAG-STROKE	rs1924997	6	49361552	PASS
POAG-STROKE	rs2477401	6	49370737	PASS
POAG-STROKE	rs12528625	6	49378668	PASS
POAG-STROKE	rs7774688	6	49387292	PASS
POAG-STROKE	rs9381784	6	49398115	PASS
POAG-STROKE	rs2229384	6	49425521	PASS
POAG-STROKE	rs2251115	6	49446509	PASS
POAG-STROKE	rs2501966	6	49457835	PASS
POAG-STROKE	rs2501968	6	49459978	PASS
POAG-STROKE	rs1471539	6	49460152	PASS
POAG-STROKE	rs4642472	6	50914804	PASS
POAG-STROKE	rs9296668	6	51838263	PASS
POAG-STROKE	rs3779512	7	116171063	PASS
POAG-STROKE	rs6965740	7	117514840	PASS
POAG-STROKE	rs1548461	7	117567576	PASS
POAG-STROKE	rs916784	7	117599514	PASS
POAG-STROKE	rs7801876	7	117602126	PASS
POAG-STROKE	rs7784849	7	117611250	PASS
POAG-STROKE	rs1150855	6	619293	PASS
POAG-STROKE	rs4959540	6	1307692	PASS
POAG-STROKE	rs11242674	6	1307846	PASS
POAG-STROKE	rs893237	6	1309375	PASS
POAG-STROKE	rs2217958	6	1309580	PASS
POAG-STROKE	rs2006798	6	1316451	PASS
POAG-STROKE	rs951318	6	1318711	PASS
POAG-STROKE	rs4959545	6	1327402	PASS
POAG-STROKE	rs9689020	6	1335969	PASS
POAG-STROKE	rs7750826	6	1336867	PASS
POAG-STROKE	rs11966550	6	1337981	PASS
POAG-STROKE	rs9502893	6	1340189	PASS
POAG-STROKE	rs9378611	6	1340202	PASS
POAG-STROKE	rs12200309	6	1340548	PASS
POAG-STROKE	rs17260983	6	1341652	PASS
POAG-STROKE	rs17261011	6	1341730	PASS
POAG-STROKE	rs6939790	6	1345303	PASS
POAG-STROKE	rs17261109	6	1346541	PASS
POAG-STROKE	rs17201698	6	1346561	PASS
POAG-STROKE	rs6596812	6	1347118	PASS
POAG-STROKE	rs6912034	6	1350834	PASS
POAG-STROKE	rs1922929	6	1364471	PASS
POAG-STROKE	rs1922930	6	1364691	PASS
POAG-STROKE	rs12524544	6	1366220	PASS
POAG-STROKE	rs2569865	6	1529787	PASS
POAG-STROKE	rs2816283	6	1529872	PASS
POAG-STROKE	rs3800131	6	1918262	PASS
POAG-STROKE	rs2628438	6	1946510	PASS
POAG-STROKE	rs2628440	6	1947530	PASS
POAG-STROKE	rs2761239	6	1957861	PASS
POAG-STROKE	rs2761244	6	1967240	PASS
POAG-STROKE	rs12242391	10	71201504	PASS
POAG-STROKE	rs4606447	11	46691737	PASS
POAG-STROKE	rs4752926	11	46692870	PASS
POAG-STROKE	rs13448	11	46695414	PASS
POAG-STROKE	rs10769205	11	46723603	PASS
POAG-STROKE	rs12361673	11	46723937	PASS
POAG-STROKE	rs5896	11	46745003	PASS
POAG-STROKE	rs3136516	11	46760756	PASS
POAG-STROKE	rs7929294	11	46776176	PASS
POAG-STROKE	rs10734548	11	46787573	PASS
POAG-STROKE	rs6485690	11	46798631	PASS
POAG-STROKE	rs11038993	11	46810916	PASS
POAG-STROKE	rs7940578	11	46812227	PASS
POAG-STROKE	rs10769208	11	46822240	PASS
POAG-STROKE	rs10734549	11	46822686	PASS
POAG-STROKE	rs7101374	11	46824241	PASS
POAG-STROKE	rs6485696	11	46842045	PASS
POAG-STROKE	rs1007738	11	46849360	PASS
POAG-STROKE	rs7480140	11	46856335	PASS
POAG-STROKE	rs7107778	11	46860855	PASS
POAG-STROKE	rs1551744	11	46865000	PASS
POAG-STROKE	rs10769211	11	46872873	PASS
POAG-STROKE	rs7943866	11	46881954	PASS
POAG-STROKE	rs2306026	11	46889713	PASS
POAG-STROKE	rs3816614	11	46890165	PASS
POAG-STROKE	rs2306029	11	46893108	PASS
POAG-STROKE	rs11039014	11	46895378	PASS
POAG-STROKE	rs964551	11	46897995	PASS
POAG-STROKE	rs6485702	11	46898771	PASS
POAG-STROKE	rs2306027	11	46907827	PASS
POAG-STROKE	rs7940441	11	46939027	PASS
POAG-STROKE	rs10838635	11	46945227	PASS
POAG-STROKE	rs17787912	11	46947366	PASS
POAG-STROKE	rs7945558	11	46957808	PASS
POAG-STROKE	rs11600292	11	46958698	PASS
POAG-STROKE	rs4581406	11	46962451	PASS
POAG-STROKE	rs7938169	11	46971539	PASS
POAG-STROKE	rs6485715	11	46975125	PASS
POAG-STROKE	rs4752815	11	46978698	PASS
POAG-STROKE	rs4752816	11	46979023	PASS
POAG-STROKE	rs10769226	11	46984803	PASS
POAG-STROKE	rs4394802	11	46990587	PASS
POAG-STROKE	rs4548577	11	46998512	PASS
POAG-STROKE	rs7130947	11	47002005	PASS
POAG-STROKE	rs7935346	11	47008379	PASS
POAG-STROKE	rs10838644	11	47035761	PASS
POAG-STROKE	rs7126005	11	47041065	PASS
POAG-STROKE	rs7125807	11	47041163	PASS
POAG-STROKE	rs7124648	11	47044249	PASS
POAG-STROKE	rs7128650	11	47047059	PASS
POAG-STROKE	rs7950753	11	47071897	PASS
POAG-STROKE	rs7103581	11	47072805	PASS
POAG-STROKE	rs10838652	11	47077837	PASS
POAG-STROKE	rs6485726	11	47082122	PASS
POAG-STROKE	rs7931260	11	47088303	PASS
POAG-STROKE	rs7108902	11	47091571	PASS
POAG-STROKE	rs7946709	11	47100796	PASS
POAG-STROKE	rs7945315	11	47110652	PASS
POAG-STROKE	rs7112854	11	47116823	PASS
POAG-STROKE	rs4752957	11	47125632	PASS
POAG-STROKE	rs12417519	11	47129397	PASS
POAG-STROKE	rs4587689	11	47129854	PASS
POAG-STROKE	rs11039097	11	47131881	PASS
POAG-STROKE	rs6485739	11	47145072	PASS
POAG-STROKE	rs10838660	11	47152273	PASS
POAG-STROKE	rs1872896	11	47160623	PASS
POAG-STROKE	rs7121418	11	47165106	PASS
POAG-STROKE	rs10501319	11	47174062	PASS
POAG-STROKE	rs11039112	11	47174296	PASS
POAG-STROKE	rs747650	11	47176005	PASS
POAG-STROKE	rs2291444	11	47179143	PASS
POAG-STROKE	rs1060573	11	47179829	PASS
POAG-STROKE	rs2291443	11	47179861	PASS
POAG-STROKE	rs10838662	11	47184117	PASS
POAG-STROKE	rs3740690	11	47188592	PASS
POAG-STROKE	rs11600668	11	47193566	PASS
POAG-STROKE	rs2279439	11	47196982	PASS
POAG-STROKE	rs11039119	11	47201924	PASS
POAG-STROKE	rs901750	11	47209472	PASS
POAG-STROKE	rs7937101	11	47226488	PASS
POAG-STROKE	rs4567413	11	47232184	PASS
POAG-STROKE	rs2029298	11	47234718	PASS
POAG-STROKE	rs7395581	11	47246397	PASS
POAG-STROKE	rs830085	11	47251199	PASS
POAG-STROKE	rs326222	11	47259668	PASS
POAG-STROKE	rs2013867	11	47260272	PASS
POAG-STROKE	rs901746	11	47260319	PASS
POAG-STROKE	rs2167079	11	47270255	PASS
POAG-STROKE	rs10838681	11	47275064	PASS
POAG-STROKE	rs3758673	11	47278917	PASS
POAG-STROKE	rs7120118	11	47286290	PASS
POAG-STROKE	rs1449627	11	47290984	PASS
POAG-STROKE	rs10501321	11	47294626	PASS
POAG-STROKE	rs326214	11	47298360	PASS
POAG-STROKE	rs3816725	11	47305669	PASS
POAG-STROKE	rs3847502	11	47333685	PASS
POAG-STROKE	rs10838692	11	47345100	PASS
POAG-STROKE	rs1052373	11	47354787	PASS
POAG-STROKE	rs3740689	11	47380593	PASS
POAG-STROKE	rs10742805	11	47454701	PASS
POAG-STROKE	rs2487052	9	107686405	PASS
POAG-STROKE	rs1800977	9	107690450	PASS
POAG-STROKE	rs2472459	9	107710562	PASS
POAG-STROKE	rs4260948	9	107734804	PASS
POAG-STROKE	rs737623	9	107735105	PASS
POAG-STROKE	rs2185414	9	107737067	PASS
POAG-STROKE	rs10761089	9	107740191	PASS
POAG-STROKE	rs2784773	10	81919800	PASS
POAG-STROKE	rs3200401	11	65271832	PASS
POAG-STROKE	rs10896012	11	65278461	PASS
POAG-STROKE	rs1783541	11	65294799	PASS
POAG-STROKE	rs947791	11	65302893	PASS
POAG-STROKE	rs2231884	11	65656564	PASS
POAG-STROKE	rs9736587	11	69569224	PASS
POAG-STROKE	rs10509695	10	97731199	PASS
POAG-STROKE	rs651007	9	136153875	PASS
POAG-STROKE	rs579459	9	136154168	PASS
POAG-STROKE	rs495828	9	136154867	PASS
POAG-STROKE	rs11219944	11	125044277	PASS
POAG-STROKE	rs7108992	11	128381867	PASS
POAG-STROKE	rs7946009	11	128387422	PASS
POAG-STROKE	rs1493266	11	129477363	PASS
POAG-STROKE	rs2428373	17	18911386	PASS
POAG-STROKE	rs9955622	18	47203955	PASS
POAG-STROKE	rs11660468	18	47209143	PASS
POAG-STROKE	rs17656948	18	47209971	PASS
POAG-STROKE	rs11906160	20	33565755	PASS
POAG-STROKE	rs2680691	17	56405858	PASS
POAG-STROKE	rs2526369	17	56469113	PASS
POAG-STROKE	rs4793588	17	56471051	PASS
POAG-STROKE	rs2632509	17	56487887	PASS
POAG-STROKE	rs2680713	17	56523900	PASS
POAG-STROKE	rs2680710	17	56552902	PASS
POAG-STROKE	rs2108911	17	56570500	PASS
POAG-STROKE	rs4793949	17	56571950	PASS
POAG-STROKE	rs758377	17	56607124	PASS
POAG-STROKE	rs7225128	17	56636854	PASS
POAG-STROKE	rs1267543	17	56656624	PASS
POAG-STROKE	rs389389	17	56676368	PASS
AMD-CAD	rs4752700	10	124237612	PASS
AMD-CAD	rs2075650	19	45395619	PASS
AMD-CAD	rs157582	19	45396219	PASS
AMD-CAD	rs4420638	19	45422946	PASS
AMD-T2D	rs10510109	10	124120457	PASS
AMD-T2D	rs7080960	10	124122632	PASS
AMD-T2D	rs10749466	10	124138804	PASS
AMD-T2D	rs7068487	10	124145212	PASS
AMD-T2D	rs7088058	10	124149352	PASS
AMD-T2D	rs10788284	10	124149917	PASS
AMD-T2D	rs2421019	10	124150586	PASS
AMD-T2D	rs4146894	10	124155381	PASS
AMD-T2D	rs4751890	10	124161791	PASS
AMD-T2D	rs6585827	10	124165615	PASS
AMD-T2D	rs2421016	10	124167512	PASS
AMD-T2D	rs7097701	10	124171857	PASS
AMD-T2D	rs1045216	10	124189197	PASS
AMD-T2D	rs10510110	10	124192430	PASS
AMD-T2D	rs2280141	10	124193181	PASS
AMD-T2D	rs7202877	16	75247245	PASS
AMD-T2D	rs8056814	16	75252327	PASS
AMD-T2D	rs2075650	19	45395619	PASS
AMD-T2D	rs157582	19	45396219	PASS
AMD-T2D	rs4420638	19	45422946	PASS
POAG-CAD	rs7041637	9	21961866	PASS
POAG-CAD	rs3731257	9	21966221	PASS
POAG-CAD	rs3731239	9	21974218	PASS
POAG-CAD	rs3218020	9	21997872	PASS
POAG-CAD	rs3217992	9	22003223	PASS
POAG-CAD	rs1063192	9	22003367	PASS
POAG-CAD	rs573687	9	22011642	PASS
POAG-CAD	rs13298881	9	22012051	PASS
POAG-CAD	rs545226	9	22012422	PASS
POAG-CAD	rs2106119	9	22017550	PASS
POAG-CAD	rs643319	9	22017836	PASS
POAG-CAD	rs523096	9	22019129	PASS
POAG-CAD	rs10757264	9	22019732	PASS
POAG-CAD	rs496892	9	22024351	PASS
POAG-CAD	rs10738604	9	22025493	PASS
POAG-CAD	rs7049105	9	22028801	PASS
POAG-CAD	rs10965215	9	22029445	PASS
POAG-CAD	rs564398	9	22029547	PASS
POAG-CAD	rs7865618	9	22031005	PASS
POAG-CAD	rs2157719	9	22033366	PASS
POAG-CAD	rs2151280	9	22034719	PASS
POAG-CAD	rs1412829	9	22043926	PASS
POAG-CAD	rs10965219	9	22053687	PASS
POAG-CAD	rs10120688	9	22056499	PASS
POAG-CAD	rs8181047	9	22064465	PASS
POAG-CAD	rs10811650	9	22067593	PASS
POAG-CAD	rs4977756	9	22068652	PASS
POAG-CAD	rs10757270	9	22072719	PASS
POAG-CAD	rs1412832	9	22077543	PASS
POAG-CAD	rs10116277	9	22081397	PASS
POAG-CAD	rs6475606	9	22081850	PASS
POAG-CAD	rs1547705	9	22082375	PASS
POAG-CAD	rs1333040	9	22083404	PASS
POAG-CAD	rs1537370	9	22084310	PASS
POAG-CAD	rs10738607	9	22088094	PASS
POAG-CAD	rs10757272	9	22088260	PASS
POAG-CAD	rs4977574	9	22098574	PASS
POAG-CAD	rs2891168	9	22098619	PASS
POAG-CAD	rs1333042	9	22103813	PASS
POAG-CAD	rs944797	9	22115286	PASS
POAG-CAD	rs2383207	9	22115959	PASS
POAG-CAD	rs1537375	9	22116071	PASS
POAG-CAD	rs1333048	9	22125347	PASS
POAG-CAD	rs3184504	12	111884608	PASS
POAG-CAD	rs10774625	12	111910219	PASS
POAG-CAD	rs653178	12	112007756	PASS
POAG-STROKE	rs10757270	9	22072719	PASS
POAG-STROKE	rs10116277	9	22081397	PASS
POAG-STROKE	rs10738607	9	22088094	PASS
POAG-STROKE	rs4977574	9	22098574	PASS
POAG-STROKE	rs2891168	9	22098619	PASS
POAG-STROKE	rs1333042	9	22103813	PASS
POAG-STROKE	rs944797	9	22115286	PASS
POAG-STROKE	rs2383207	9	22115959	PASS
POAG-STROKE	rs1537375	9	22116071	PASS
POAG-STROKE	rs1333048	9	22125347	PASS
POAG-STROKE	rs10774625	12	111910219	PASS
POAG-T2D	rs3731257	9	21966221	PASS
POAG-T2D	rs3218020	9	21997872	PASS
POAG-T2D	rs3217992	9	22003223	PASS
POAG-T2D	rs1063192	9	22003367	PASS
POAG-T2D	rs573687	9	22011642	PASS
POAG-T2D	rs545226	9	22012422	PASS
POAG-T2D	rs2106119	9	22017550	PASS
POAG-T2D	rs523096	9	22019129	PASS
POAG-T2D	rs10738604	9	22025493	PASS
POAG-T2D	rs564398	9	22029547	PASS
POAG-T2D	rs7865618	9	22031005	PASS
POAG-T2D	rs2157719	9	22033366	PASS
POAG-T2D	rs1412829	9	22043926	PASS
POAG-T2D	rs10965219	9	22053687	PASS
POAG-T2D	rs10120688	9	22056499	PASS
POAG-T2D	rs8181047	9	22064465	PASS
POAG-T2D	rs10811650	9	22067593	PASS
POAG-T2D	rs4977756	9	22068652	PASS
POAG-T2D	rs10757270	9	22072719	PASS
POAG-T2D	rs1412832	9	22077543	PASS
CAT-CAD	rs2075650	19	45395619	PASS
CAT-T2D	rs34415150	6	32560477	PASS
CAT-T2D	rs35118762	6	32560631	PASS
CAT-T2D	rs2760985	6	32566398	PASS
CAT-T2D	rs687308	6	32567256	PASS
CAT-T2D	rs17425622	6	32571961	PASS
CAT-T2D	rs601945	6	32573415	PASS
CAT-T2D	rs602457	6	32573562	PASS
CAT-T2D	rs7760841	6	32574868	PASS
CAT-T2D	rs532965	6	32577973	PASS
CAT-T2D	rs3129751	6	32582189	PASS
CAT-T2D	rs6605556	6	32583099	PASS
CAT-T2D	rs9271608	6	32591588	PASS
CAT-T2D	rs9275092	6	32648987	PASS
CAT-T2D	rs9275097	6	32649126	PASS
CAT-T2D	rs9275098	6	32649161	PASS
CAT-T2D	rs9275152	6	32652196	PASS
CAT-T2D	rs9275167	6	32653263	PASS
CAT-T2D	rs9275184	6	32654714	PASS
CAT-T2D	rs9275203	6	32656947	PASS
CAT-T2D	rs9275213	6	32658335	PASS
CAT-T2D	rs9275221	6	32659099	PASS
CAT-T2D	rs9275223	6	32659839	PASS
CAT-T2D	rs9275275	6	32662607	PASS
CAT-T2D	rs9275293	6	32663308	PASS
CAT-T2D	rs9275296	6	32663431	PASS
CAT-T2D	rs9275300	6	32664126	PASS
CAT-T2D	rs9275310	6	32665319	PASS
CAT-T2D	rs9275311	6	32665640	PASS
CAT-T2D	rs9275313	6	32665759	PASS
CAT-T2D	rs9275314	6	32665909	PASS
CAT-T2D	rs9275315	6	32665912	PASS
CAT-T2D	rs9275324	6	32666635	PASS
CAT-T2D	rs9275325	6	32666651	PASS
CAT-T2D	rs9275326	6	32666660	PASS
CAT-T2D	rs9275334	6	32667107	PASS
CAT-T2D	rs9275387	6	32669013	PASS
CAT-T2D	rs9275394	6	32669454	PASS
CAT-T2D	rs9275395	6	32669483	PASS
CAT-T2D	rs9275422	6	32670548	PASS
CAT-T2D	rs9275426	6	32670912	PASS
CAT-T2D	rs9275429	6	32671057	PASS
CAT-T2D	rs9275430	6	32671086	PASS
CAT-T2D	rs9275434	6	32671247	PASS
CAT-T2D	rs9275437	6	32671412	PASS
CAT-T2D	rs9275442	6	32671755	PASS
CAT-T2D	rs9275476	6	32672624	PASS
CAT-T2D	rs9275477	6	32672641	PASS
CAT-T2D	rs9275503	6	32673931	PASS
CAT-T2D	rs4273728	6	32678491	PASS
CAT-T2D	rs9275583	6	32680299	PASS
CAT-T2D	rs9275592	6	32680620	PASS
CAT-T2D	rs3957146	6	32681530	PASS
CAT-T2D	rs3998159	6	32682019	PASS
CAT-T2D	rs9275599	6	32682429	PASS
