pair	genomic_region	chr	region_start	region_end	SUPERGNOVA_rho	direction_class	lead_SNP	lead_BP	gene	gene_id	biotype	gene_start	gene_end	distance_to_lead	mapping_type	mapping_level	source	build	annotation_date	status
AMD-CAD	5:120963248-121481183	5	120963248	121481183	-0.0003562910341955	NEGATIVE_DIRECTION_CONCORDANT	rs11241627		FTMT	ENSG00000181867	protein_coding	121187650	121188519		GENE_BODY_OVERLAP	LEVEL2	Ensembl overlap/region GRCh37	GRCh37	2026-09-21	ANNOTATED
AMD-CAD	5:120963248-121481183	5	120963248	121481183	-0.0003562910341955	NEGATIVE_DIRECTION_CONCORDANT	rs11241627		SRFBP1	ENSG00000151304	protein_coding	121297656	121411265		GENE_BODY_OVERLAP	LEVEL2	Ensembl overlap/region GRCh37	GRCh37	2026-09-21	ANNOTATED
AMD-CAD	5:120963248-121481183	5	120963248	121481183	-0.0003562910341955	NEGATIVE_DIRECTION_CONCORDANT	rs11241627		LOX	ENSG00000113083	protein_coding	121398890	121413980		GENE_BODY_OVERLAP	LEVEL2	Ensembl overlap/region GRCh37	GRCh37	2026-09-21	ANNOTATED
AMD-CAD	5:120963248-121481183	5	120963248	121481183	-0.0003562910341955	NEGATIVE_DIRECTION_CONCORDANT	rs11241627		ZNF474	ENSG00000164185	protein_coding	121465208	121515312		GENE_BODY_OVERLAP	LEVEL2	Ensembl overlap/region GRCh37	GRCh37	2026-09-21	ANNOTATED
AMD-CAD	5:120963248-121481183	5	120963248	121481183	-0.0003562910341955	NEGATIVE_DIRECTION_CONCORDANT	rs11241627	121273302	SRFBP1	ENSG00000151304	protein_coding	121297656	121411265	24354	NEAREST_PROTEIN_CODING_GENE	LEVEL3	Ensembl overlap/region GRCh37	GRCh37	2026-09-21	ANNOTATED
AMD-CAD	7:98152191-100555361	7	98152191	100555361	-0.0003931385560226	NEGATIVE_DIRECTION_CONCORDANT	rs1133790;rs1617502		ZSCAN25	ENSG00000197037	protein_coding	99214569	99230030		GENE_BODY_OVERLAP	LEVEL2	Ensembl overlap/region GRCh37	GRCh37	2026-09-21	ANNOTATED
AMD-CAD	7:98152191-100555361	7	98152191	100555361	-0.0003931385560226	NEGATIVE_DIRECTION_CONCORDANT	rs1133790;rs1617502		CYP3A5	ENSG00000106258	protein_coding	99245817	99277621		GENE_BODY_OVERLAP	LEVEL2	Ensembl overlap/region GRCh37	GRCh37	2026-09-21	ANNOTATED
AMD-CAD	7:98152191-100555361	7	98152191	100555361	-0.0003931385560226	NEGATIVE_DIRECTION_CONCORDANT	rs1133790;rs1617502		CYP3A7	ENSG00000160870	protein_coding	99302660	99332819		GENE_BODY_OVERLAP	LEVEL2	Ensembl overlap/region GRCh37	GRCh37	2026-09-21	ANNOTATED
AMD-CAD	7:98152191-100555361	7	98152191	100555361	-0.0003931385560226	NEGATIVE_DIRECTION_CONCORDANT	rs1133790;rs1617502		CYP3A4	ENSG00000160868	protein_coding	99354604	99381888		GENE_BODY_OVERLAP	LEVEL2	Ensembl overlap/region GRCh37	GRCh37	2026-09-21	ANNOTATED
AMD-CAD	7:98152191-100555361	7	98152191	100555361	-0.0003931385560226	NEGATIVE_DIRECTION_CONCORDANT	rs1133790;rs1617502		CYP3A43	ENSG00000021461	protein_coding	99425636	99463718		GENE_BODY_OVERLAP	LEVEL2	Ensembl overlap/region GRCh37	GRCh37	2026-09-21	ANNOTATED
AMD-CAD	7:98152191-100555361	7	98152191	100555361	-0.0003931385560226	NEGATIVE_DIRECTION_CONCORDANT	rs1133790;rs1617502		OR2AE1	ENSG00000244623	protein_coding	99473610	99474680		GENE_BODY_OVERLAP	LEVEL2	Ensembl overlap/region GRCh37	GRCh37	2026-09-21	ANNOTATED
AMD-CAD	7:98152191-100555361	7	98152191	100555361	-0.0003931385560226	NEGATIVE_DIRECTION_CONCORDANT	rs1133790;rs1617502		TRIM4	ENSG00000146833	protein_coding	99474581	99517223		GENE_BODY_OVERLAP	LEVEL2	Ensembl overlap/region GRCh37	GRCh37	2026-09-21	ANNOTATED
AMD-CAD	7:98152191-100555361	7	98152191	100555361	-0.0003931385560226	NEGATIVE_DIRECTION_CONCORDANT	rs1133790;rs1617502		GJC3	ENSG00000176402	protein_coding	99520892	99527243		GENE_BODY_OVERLAP	LEVEL2	Ensembl overlap/region GRCh37	GRCh37	2026-09-21	ANNOTATED
AMD-CAD	7:98152191-100555361	7	98152191	100555361	-0.0003931385560226	NEGATIVE_DIRECTION_CONCORDANT	rs1133790;rs1617502		AZGP1	ENSG00000160862	protein_coding	99564343	99573780		GENE_BODY_OVERLAP	LEVEL2	Ensembl overlap/region GRCh37	GRCh37	2026-09-21	ANNOTATED
AMD-CAD	7:98152191-100555361	7	98152191	100555361	-0.0003931385560226	NEGATIVE_DIRECTION_CONCORDANT	rs1133790;rs1617502		ZKSCAN1	ENSG00000106261	protein_coding	99613204	99639312		GENE_BODY_OVERLAP	LEVEL2	Ensembl overlap/region GRCh37	GRCh37	2026-09-21	ANNOTATED
AMD-CAD	7:98152191-100555361	7	98152191	100555361	-0.0003931385560226	NEGATIVE_DIRECTION_CONCORDANT	rs1133790;rs1617502		ZSCAN21	ENSG00000166529	protein_coding	99647390	99662661		GENE_BODY_OVERLAP	LEVEL2	Ensembl overlap/region GRCh37	GRCh37	2026-09-21	ANNOTATED
AMD-CAD	7:98152191-100555361	7	98152191	100555361	-0.0003931385560226	NEGATIVE_DIRECTION_CONCORDANT	rs1133790;rs1617502		ZNF3	ENSG00000166526	protein_coding	99661656	99680171		GENE_BODY_OVERLAP	LEVEL2	Ensembl overlap/region GRCh37	GRCh37	2026-09-21	ANNOTATED
AMD-CAD	7:98152191-100555361	7	98152191	100555361	-0.0003931385560226	NEGATIVE_DIRECTION_CONCORDANT	rs1133790;rs1617502		COPS6	ENSG00000168090	protein_coding	99686577	99689823		GENE_BODY_OVERLAP	LEVEL2	Ensembl overlap/region GRCh37	GRCh37	2026-09-21	ANNOTATED
AMD-CAD	7:98152191-100555361	7	98152191	100555361	-0.0003931385560226	NEGATIVE_DIRECTION_CONCORDANT	rs1133790;rs1617502		MCM7	ENSG00000166508	protein_coding	99690351	99699563		GENE_BODY_OVERLAP	LEVEL2	Ensembl overlap/region GRCh37	GRCh37	2026-09-21	ANNOTATED
AMD-CAD	7:98152191-100555361	7	98152191	100555361	-0.0003931385560226	NEGATIVE_DIRECTION_CONCORDANT	rs1133790;rs1617502		AP4M1	ENSG00000221838	protein_coding	99699172	99707968		GENE_BODY_OVERLAP	LEVEL2	Ensembl overlap/region GRCh37	GRCh37	2026-09-21	ANNOTATED
AMD-CAD	7:98152191-100555361	7	98152191	100555361	-0.0003931385560226	NEGATIVE_DIRECTION_CONCORDANT	rs1133790;rs1617502		TAF6	ENSG00000106290	protein_coding	99704693	99717464		GENE_BODY_OVERLAP	LEVEL2	Ensembl overlap/region GRCh37	GRCh37	2026-09-21	ANNOTATED
AMD-CAD	7:98152191-100555361	7	98152191	100555361	-0.0003931385560226	NEGATIVE_DIRECTION_CONCORDANT	rs1133790;rs1617502		CNPY4	ENSG00000166997	protein_coding	99717236	99723134		GENE_BODY_OVERLAP	LEVEL2	Ensembl overlap/region GRCh37	GRCh37	2026-09-21	ANNOTATED
AMD-CAD	7:98152191-100555361	7	98152191	100555361	-0.0003931385560226	NEGATIVE_DIRECTION_CONCORDANT	rs1133790;rs1617502		MBLAC1	ENSG00000214309	protein_coding	99724317	99726118		GENE_BODY_OVERLAP	LEVEL2	Ensembl overlap/region GRCh37	GRCh37	2026-09-21	ANNOTATED
AMD-CAD	7:98152191-100555361	7	98152191	100555361	-0.0003931385560226	NEGATIVE_DIRECTION_CONCORDANT	rs1133790;rs1617502		LAMTOR4	ENSG00000188186	protein_coding	99746530	99753567		GENE_BODY_OVERLAP	LEVEL2	Ensembl overlap/region GRCh37	GRCh37	2026-09-21	ANNOTATED
AMD-CAD	7:98152191-100555361	7	98152191	100555361	-0.0003931385560226	NEGATIVE_DIRECTION_CONCORDANT	rs1133790;rs1617502		C7orf43	ENSG00000146826	protein_coding	99752043	99756338		GENE_BODY_OVERLAP	LEVEL2	Ensembl overlap/region GRCh37	GRCh37	2026-09-21	ANNOTATED
AMD-CAD	7:98152191-100555361	7	98152191	100555361	-0.0003931385560226	NEGATIVE_DIRECTION_CONCORDANT	rs1133790;rs1617502		GAL3ST4	ENSG00000197093	protein_coding	99756867	99766373		GENE_BODY_OVERLAP	LEVEL2	Ensembl overlap/region GRCh37	GRCh37	2026-09-21	ANNOTATED
AMD-CAD	7:98152191-100555361	7	98152191	100555361	-0.0003931385560226	NEGATIVE_DIRECTION_CONCORDANT	rs1133790;rs1617502		GPC2	ENSG00000213420	protein_coding	99767229	99774995		GENE_BODY_OVERLAP	LEVEL2	Ensembl overlap/region GRCh37	GRCh37	2026-09-21	ANNOTATED
AMD-CAD	7:98152191-100555361	7	98152191	100555361	-0.0003931385560226	NEGATIVE_DIRECTION_CONCORDANT	rs1133790;rs1617502		STAG3	ENSG00000066923	protein_coding	99775186	99819111		GENE_BODY_OVERLAP	LEVEL2	Ensembl overlap/region GRCh37	GRCh37	2026-09-21	ANNOTATED
AMD-CAD	7:98152191-100555361	7	98152191	100555361	-0.0003931385560226	NEGATIVE_DIRECTION_CONCORDANT	rs1133790;rs1617502		GATS	ENSG00000160844	protein_coding	99798283	99869855		GENE_BODY_OVERLAP	LEVEL2	Ensembl overlap/region GRCh37	GRCh37	2026-09-21	ANNOTATED
AMD-CAD	7:98152191-100555361	7	98152191	100555361	-0.0003931385560226	NEGATIVE_DIRECTION_CONCORDANT	rs1133790;rs1617502		PVRIG	ENSG00000213413	protein_coding	99815864	99819113		GENE_BODY_OVERLAP	LEVEL2	Ensembl overlap/region GRCh37	GRCh37	2026-09-21	ANNOTATED
AMD-CAD	7:98152191-100555361	7	98152191	100555361	-0.0003931385560226	NEGATIVE_DIRECTION_CONCORDANT	rs1133790;rs1617502		SPDYE3	ENSG00000214300	protein_coding	99905325	99919819		GENE_BODY_OVERLAP	LEVEL2	Ensembl overlap/region GRCh37	GRCh37	2026-09-21	ANNOTATED
AMD-CAD	7:98152191-100555361	7	98152191	100555361	-0.0003931385560226	NEGATIVE_DIRECTION_CONCORDANT	rs1133790;rs1617502		PILRB	ENSG00000121716	protein_coding	99933737	99965356		GENE_BODY_OVERLAP	LEVEL2	Ensembl overlap/region GRCh37	GRCh37	2026-09-21	ANNOTATED
AMD-CAD	7:98152191-100555361	7	98152191	100555361	-0.0003931385560226	NEGATIVE_DIRECTION_CONCORDANT	rs1133790;rs1617502		PILRA	ENSG00000085514	protein_coding	99965153	99997719		GENE_BODY_OVERLAP	LEVEL2	Ensembl overlap/region GRCh37	GRCh37	2026-09-21	ANNOTATED
AMD-CAD	7:98152191-100555361	7	98152191	100555361	-0.0003931385560226	NEGATIVE_DIRECTION_CONCORDANT	rs1133790;rs1617502		ZCWPW1	ENSG00000078487	protein_coding	99998449	100026615		GENE_BODY_OVERLAP	LEVEL2	Ensembl overlap/region GRCh37	GRCh37	2026-09-21	ANNOTATED
AMD-CAD	7:98152191-100555361	7	98152191	100555361	-0.0003931385560226	NEGATIVE_DIRECTION_CONCORDANT	rs1133790;rs1617502		MEPCE	ENSG00000146834	protein_coding	100026413	100031741		GENE_BODY_OVERLAP	LEVEL2	Ensembl overlap/region GRCh37	GRCh37	2026-09-21	ANNOTATED
AMD-CAD	7:98152191-100555361	7	98152191	100555361	-0.0003931385560226	NEGATIVE_DIRECTION_CONCORDANT	rs1133790;rs1617502		PPP1R35	ENSG00000160813	protein_coding	100032905	100034188		GENE_BODY_OVERLAP	LEVEL2	Ensembl overlap/region GRCh37	GRCh37	2026-09-21	ANNOTATED
AMD-CAD	7:98152191-100555361	7	98152191	100555361	-0.0003931385560226	NEGATIVE_DIRECTION_CONCORDANT	rs1133790;rs1617502		C7orf61	ENSG00000185955	protein_coding	100054238	100061894		GENE_BODY_OVERLAP	LEVEL2	Ensembl overlap/region GRCh37	GRCh37	2026-09-21	ANNOTATED
AMD-CAD	7:98152191-100555361	7	98152191	100555361	-0.0003931385560226	NEGATIVE_DIRECTION_CONCORDANT	rs1133790;rs1617502		TSC22D4	ENSG00000166925	protein_coding	100060982	100076902		GENE_BODY_OVERLAP	LEVEL2	Ensembl overlap/region GRCh37	GRCh37	2026-09-21	ANNOTATED
AMD-CAD	7:98152191-100555361	7	98152191	100555361	-0.0003931385560226	NEGATIVE_DIRECTION_CONCORDANT	rs1133790;rs1617502		NYAP1	ENSG00000166924	protein_coding	100081550	100092422		GENE_BODY_OVERLAP	LEVEL2	Ensembl overlap/region GRCh37	GRCh37	2026-09-21	ANNOTATED
AMD-CAD	7:98152191-100555361	7	98152191	100555361	-0.0003931385560226	NEGATIVE_DIRECTION_CONCORDANT	rs1133790;rs1617502		AGFG2	ENSG00000106351	protein_coding	100136834	100165842		GENE_BODY_OVERLAP	LEVEL2	Ensembl overlap/region GRCh37	GRCh37	2026-09-21	ANNOTATED
AMD-CAD	7:98152191-100555361	7	98152191	100555361	-0.0003931385560226	NEGATIVE_DIRECTION_CONCORDANT	rs1133790;rs1617502		LRCH4	ENSG00000077454	protein_coding	100169855	100183776		GENE_BODY_OVERLAP	LEVEL2	Ensembl overlap/region GRCh37	GRCh37	2026-09-21	ANNOTATED
AMD-CAD	7:98152191-100555361	7	98152191	100555361	-0.0003931385560226	NEGATIVE_DIRECTION_CONCORDANT	rs1133790;rs1617502		SAP25	ENSG00000205307	protein_coding	100169855	100171270		GENE_BODY_OVERLAP	LEVEL2	Ensembl overlap/region GRCh37	GRCh37	2026-09-21	ANNOTATED
AMD-CAD	7:98152191-100555361	7	98152191	100555361	-0.0003931385560226	NEGATIVE_DIRECTION_CONCORDANT	rs1133790;rs1617502		FBXO24	ENSG00000106336	protein_coding	100181605	100198740		GENE_BODY_OVERLAP	LEVEL2	Ensembl overlap/region GRCh37	GRCh37	2026-09-21	ANNOTATED
AMD-CAD	7:98152191-100555361	7	98152191	100555361	-0.0003931385560226	NEGATIVE_DIRECTION_CONCORDANT	rs1133790;rs1617502		PCOLCE	ENSG00000106333	protein_coding	100199800	100205798		GENE_BODY_OVERLAP	LEVEL2	Ensembl overlap/region GRCh37	GRCh37	2026-09-21	ANNOTATED
AMD-CAD	7:98152191-100555361	7	98152191	100555361	-0.0003931385560226	NEGATIVE_DIRECTION_CONCORDANT	rs1133790;rs1617502		MOSPD3	ENSG00000106330	protein_coding	100209725	100213007		GENE_BODY_OVERLAP	LEVEL2	Ensembl overlap/region GRCh37	GRCh37	2026-09-21	ANNOTATED
AMD-CAD	7:98152191-100555361	7	98152191	100555361	-0.0003931385560226	NEGATIVE_DIRECTION_CONCORDANT	rs1133790;rs1617502		TFR2	ENSG00000106327	protein_coding	100218039	100240402		GENE_BODY_OVERLAP	LEVEL2	Ensembl overlap/region GRCh37	GRCh37	2026-09-21	ANNOTATED
AMD-CAD	7:98152191-100555361	7	98152191	100555361	-0.0003931385560226	NEGATIVE_DIRECTION_CONCORDANT	rs1133790;rs1617502		ACTL6B	ENSG00000077080	protein_coding	100240720	100254084		GENE_BODY_OVERLAP	LEVEL2	Ensembl overlap/region GRCh37	GRCh37	2026-09-21	ANNOTATED
AMD-CAD	7:98152191-100555361	7	98152191	100555361	-0.0003931385560226	NEGATIVE_DIRECTION_CONCORDANT	rs1133790;rs1617502		GNB2	ENSG00000172354	protein_coding	100271154	100276797		GENE_BODY_OVERLAP	LEVEL2	Ensembl overlap/region GRCh37	GRCh37	2026-09-21	ANNOTATED
AMD-CAD	7:98152191-100555361	7	98152191	100555361	-0.0003931385560226	NEGATIVE_DIRECTION_CONCORDANT	rs1133790;rs1617502		GIGYF1	ENSG00000146830	protein_coding	100277130	100287071		GENE_BODY_OVERLAP	LEVEL2	Ensembl overlap/region GRCh37	GRCh37	2026-09-21	ANNOTATED
AMD-CAD	7:98152191-100555361	7	98152191	100555361	-0.0003931385560226	NEGATIVE_DIRECTION_CONCORDANT	rs1133790;rs1617502		POP7	ENSG00000172336	protein_coding	100303676	100305118		GENE_BODY_OVERLAP	LEVEL2	Ensembl overlap/region GRCh37	GRCh37	2026-09-21	ANNOTATED
AMD-CAD	7:98152191-100555361	7	98152191	100555361	-0.0003931385560226	NEGATIVE_DIRECTION_CONCORDANT	rs1133790;rs1617502		EPO	ENSG00000130427	protein_coding	100318423	100321323		GENE_BODY_OVERLAP	LEVEL2	Ensembl overlap/region GRCh37	GRCh37	2026-09-21	ANNOTATED
AMD-CAD	7:98152191-100555361	7	98152191	100555361	-0.0003931385560226	NEGATIVE_DIRECTION_CONCORDANT	rs1133790;rs1617502		EPHB4	ENSG00000196411	protein_coding	100400187	100425121		GENE_BODY_OVERLAP	LEVEL2	Ensembl overlap/region GRCh37	GRCh37	2026-09-21	ANNOTATED
AMD-CAD	7:98152191-100555361	7	98152191	100555361	-0.0003931385560226	NEGATIVE_DIRECTION_CONCORDANT	rs1133790;rs1617502		SLC12A9	ENSG00000146828	protein_coding	100424442	100464631		GENE_BODY_OVERLAP	LEVEL2	Ensembl overlap/region GRCh37	GRCh37	2026-09-21	ANNOTATED
AMD-CAD	7:98152191-100555361	7	98152191	100555361	-0.0003931385560226	NEGATIVE_DIRECTION_CONCORDANT	rs1133790;rs1617502		TRIP6	ENSG00000087077	protein_coding	100464760	100471076		GENE_BODY_OVERLAP	LEVEL2	Ensembl overlap/region GRCh37	GRCh37	2026-09-21	ANNOTATED
AMD-CAD	7:98152191-100555361	7	98152191	100555361	-0.0003931385560226	NEGATIVE_DIRECTION_CONCORDANT	rs1133790;rs1617502		SRRT	ENSG00000087087	protein_coding	100472733	100486285		GENE_BODY_OVERLAP	LEVEL2	Ensembl overlap/region GRCh37	GRCh37	2026-09-21	ANNOTATED
AMD-CAD	7:98152191-100555361	7	98152191	100555361	-0.0003931385560226	NEGATIVE_DIRECTION_CONCORDANT	rs1133790;rs1617502		UFSP1	ENSG00000176125	protein_coding	100486346	100487339		GENE_BODY_OVERLAP	LEVEL2	Ensembl overlap/region GRCh37	GRCh37	2026-09-21	ANNOTATED
AMD-CAD	7:98152191-100555361	7	98152191	100555361	-0.0003931385560226	NEGATIVE_DIRECTION_CONCORDANT	rs1133790;rs1617502		ACHE	ENSG00000087085	protein_coding	100487615	100494594		GENE_BODY_OVERLAP	LEVEL2	Ensembl overlap/region GRCh37	GRCh37	2026-09-21	ANNOTATED
AMD-CAD	7:98152191-100555361	7	98152191	100555361	-0.0003931385560226	NEGATIVE_DIRECTION_CONCORDANT	rs1133790;rs1617502		MUC3A	ENSG00000169894	protein_coding	100547187	100611118		GENE_BODY_OVERLAP	LEVEL2	Ensembl overlap/region GRCh37	GRCh37	2026-09-21	ANNOTATED
AMD-CAD	7:98152191-100555361	7	98152191	100555361	-0.0003931385560226	NEGATIVE_DIRECTION_CONCORDANT	rs1133790;rs1617502		MUC3A	ENSG00000228273	protein_coding	100547257	100550424		GENE_BODY_OVERLAP	LEVEL2	Ensembl overlap/region GRCh37	GRCh37	2026-09-21	ANNOTATED
AMD-CAD	7:98152191-100555361	7	98152191	100555361	-0.0003931385560226	NEGATIVE_DIRECTION_CONCORDANT	rs1133790;rs1617502		NPTX2	ENSG00000106236	protein_coding	98246609	98259180		GENE_BODY_OVERLAP	LEVEL2	Ensembl overlap/region GRCh37	GRCh37	2026-09-21	ANNOTATED
AMD-CAD	7:98152191-100555361	7	98152191	100555361	-0.0003931385560226	NEGATIVE_DIRECTION_CONCORDANT	rs1133790;rs1617502		TMEM130	ENSG00000166448	protein_coding	98444111	98468394		GENE_BODY_OVERLAP	LEVEL2	Ensembl overlap/region GRCh37	GRCh37	2026-09-21	ANNOTATED
AMD-CAD	7:98152191-100555361	7	98152191	100555361	-0.0003931385560226	NEGATIVE_DIRECTION_CONCORDANT	rs1133790;rs1617502		TRRAP	ENSG00000196367	protein_coding	98475556	98610866		GENE_BODY_OVERLAP	LEVEL2	Ensembl overlap/region GRCh37	GRCh37	2026-09-21	ANNOTATED
AMD-CAD	7:98152191-100555361	7	98152191	100555361	-0.0003931385560226	NEGATIVE_DIRECTION_CONCORDANT	rs1133790;rs1617502		SMURF1	ENSG00000198742	protein_coding	98625061	98741723		GENE_BODY_OVERLAP	LEVEL2	Ensembl overlap/region GRCh37	GRCh37	2026-09-21	ANNOTATED
AMD-CAD	7:98152191-100555361	7	98152191	100555361	-0.0003931385560226	NEGATIVE_DIRECTION_CONCORDANT	rs1133790;rs1617502		KPNA7	ENSG00000185467	protein_coding	98771197	98805129		GENE_BODY_OVERLAP	LEVEL2	Ensembl overlap/region GRCh37	GRCh37	2026-09-21	ANNOTATED
AMD-CAD	7:98152191-100555361	7	98152191	100555361	-0.0003931385560226	NEGATIVE_DIRECTION_CONCORDANT	rs1133790;rs1617502		ARPC1A	ENSG00000241685	protein_coding	98923521	98985787		GENE_BODY_OVERLAP	LEVEL2	Ensembl overlap/region GRCh37	GRCh37	2026-09-21	ANNOTATED
AMD-CAD	7:98152191-100555361	7	98152191	100555361	-0.0003931385560226	NEGATIVE_DIRECTION_CONCORDANT	rs1133790;rs1617502		ARPC1B	ENSG00000130429	protein_coding	98971872	98992424		GENE_BODY_OVERLAP	LEVEL2	Ensembl overlap/region GRCh37	GRCh37	2026-09-21	ANNOTATED
AMD-CAD	7:98152191-100555361	7	98152191	100555361	-0.0003931385560226	NEGATIVE_DIRECTION_CONCORDANT	rs1133790;rs1617502		PDAP1	ENSG00000106244	protein_coding	98989671	99006452		GENE_BODY_OVERLAP	LEVEL2	Ensembl overlap/region GRCh37	GRCh37	2026-09-21	ANNOTATED
AMD-CAD	7:98152191-100555361	7	98152191	100555361	-0.0003931385560226	NEGATIVE_DIRECTION_CONCORDANT	rs1133790;rs1617502		BUD31	ENSG00000106245	protein_coding	99006264	99017239		GENE_BODY_OVERLAP	LEVEL2	Ensembl overlap/region GRCh37	GRCh37	2026-09-21	ANNOTATED
AMD-CAD	7:98152191-100555361	7	98152191	100555361	-0.0003931385560226	NEGATIVE_DIRECTION_CONCORDANT	rs1133790;rs1617502		PTCD1	ENSG00000106246	protein_coding	99014362	99063787		GENE_BODY_OVERLAP	LEVEL2	Ensembl overlap/region GRCh37	GRCh37	2026-09-21	ANNOTATED
AMD-CAD	7:98152191-100555361	7	98152191	100555361	-0.0003931385560226	NEGATIVE_DIRECTION_CONCORDANT	rs1133790;rs1617502		ATP5J2-PTCD1	ENSG00000248919	protein_coding	99017372	99063820		GENE_BODY_OVERLAP	LEVEL2	Ensembl overlap/region GRCh37	GRCh37	2026-09-21	ANNOTATED
AMD-CAD	7:98152191-100555361	7	98152191	100555361	-0.0003931385560226	NEGATIVE_DIRECTION_CONCORDANT	rs1133790;rs1617502		CPSF4	ENSG00000160917	protein_coding	99036545	99054994		GENE_BODY_OVERLAP	LEVEL2	Ensembl overlap/region GRCh37	GRCh37	2026-09-21	ANNOTATED
AMD-CAD	7:98152191-100555361	7	98152191	100555361	-0.0003931385560226	NEGATIVE_DIRECTION_CONCORDANT	rs1133790;rs1617502		AC073063.1	ENSG00000214314	protein_coding	99040552	99040747		GENE_BODY_OVERLAP	LEVEL2	Ensembl overlap/region GRCh37	GRCh37	2026-09-21	ANNOTATED
AMD-CAD	7:98152191-100555361	7	98152191	100555361	-0.0003931385560226	NEGATIVE_DIRECTION_CONCORDANT	rs1133790;rs1617502		ATP5J2	ENSG00000241468	protein_coding	99046098	99063954		GENE_BODY_OVERLAP	LEVEL2	Ensembl overlap/region GRCh37	GRCh37	2026-09-21	ANNOTATED
AMD-CAD	7:98152191-100555361	7	98152191	100555361	-0.0003931385560226	NEGATIVE_DIRECTION_CONCORDANT	rs1133790;rs1617502		ZNF789	ENSG00000198556	protein_coding	99070464	99101273		GENE_BODY_OVERLAP	LEVEL2	Ensembl overlap/region GRCh37	GRCh37	2026-09-21	ANNOTATED
AMD-CAD	7:98152191-100555361	7	98152191	100555361	-0.0003931385560226	NEGATIVE_DIRECTION_CONCORDANT	rs1133790;rs1617502		ZNF394	ENSG00000160908	protein_coding	99084142	99097947		GENE_BODY_OVERLAP	LEVEL2	Ensembl overlap/region GRCh37	GRCh37	2026-09-21	ANNOTATED
AMD-CAD	7:98152191-100555361	7	98152191	100555361	-0.0003931385560226	NEGATIVE_DIRECTION_CONCORDANT	rs1133790;rs1617502		ZKSCAN5	ENSG00000196652	protein_coding	99102274	99132323		GENE_BODY_OVERLAP	LEVEL2	Ensembl overlap/region GRCh37	GRCh37	2026-09-21	ANNOTATED
AMD-CAD	7:98152191-100555361	7	98152191	100555361	-0.0003931385560226	NEGATIVE_DIRECTION_CONCORDANT	rs1133790;rs1617502		FAM200A	ENSG00000221909	protein_coding	99143931	99156159		GENE_BODY_OVERLAP	LEVEL2	Ensembl overlap/region GRCh37	GRCh37	2026-09-21	ANNOTATED
AMD-CAD	7:98152191-100555361	7	98152191	100555361	-0.0003931385560226	NEGATIVE_DIRECTION_CONCORDANT	rs1133790;rs1617502		ZNF655	ENSG00000197343	protein_coding	99156029	99174076		GENE_BODY_OVERLAP	LEVEL2	Ensembl overlap/region GRCh37	GRCh37	2026-09-21	ANNOTATED
AMD-CAD	7:98152191-100555361	7	98152191	100555361	-0.0003931385560226	NEGATIVE_DIRECTION_CONCORDANT	rs1133790;rs1617502		GS1-259H13.10	ENSG00000272647	protein_coding	99156291	99205433		GENE_BODY_OVERLAP	LEVEL2	Ensembl overlap/region GRCh37	GRCh37	2026-09-21	ANNOTATED
AMD-CAD	7:98152191-100555361	7	98152191	100555361	-0.0003931385560226	NEGATIVE_DIRECTION_CONCORDANT	rs1133790	99632982	ZKSCAN1	ENSG00000106261	protein_coding	99613204	99639312	0	NEAREST_PROTEIN_CODING_GENE	LEVEL3	Ensembl overlap/region GRCh37	GRCh37	2026-09-21	ANNOTATED
CAT-AD	7:98152191-100555361	7	98152191	100555361	-0.0001423302020509	NEGATIVE_DIRECTION_CONCORDANT	rs1617502	99809835	GATS	ENSG00000160844	protein_coding	99798283	99869855	0	NEAREST_PROTEIN_CODING_GENE	LEVEL3	Ensembl overlap/region GRCh37	GRCh37	2026-09-21	ANNOTATED
CAT-AD	7:98152191-100555361	7	98152191	100555361	-0.0001423302020509	NEGATIVE_DIRECTION_CONCORDANT	rs1617502	99809835	STAG3	ENSG00000066923	protein_coding	99775186	99819111	0	NEAREST_PROTEIN_CODING_GENE	LEVEL3	Ensembl overlap/region GRCh37	GRCh37	2026-09-21	ANNOTATED
AMD-CAD	12:110112932-113027651	12	110112932	113027651	0.0006148989548753	POSITIVE_DIRECTION_CONCORDANT	rs12828640;rs4378452;rs4766453;rs653178;rs7311681;rs848132		BRAP	ENSG00000089234	protein_coding	112079950	112123790		GENE_BODY_OVERLAP	LEVEL2	Ensembl overlap/region GRCh37	GRCh37	2026-09-21	ANNOTATED
AMD-CAD	12:110112932-113027651	12	110112932	113027651	0.0006148989548753	POSITIVE_DIRECTION_CONCORDANT	rs12828640;rs4378452;rs4766453;rs653178;rs7311681;rs848132		ACAD10	ENSG00000111271	protein_coding	112123857	112194903		GENE_BODY_OVERLAP	LEVEL2	Ensembl overlap/region GRCh37	GRCh37	2026-09-21	ANNOTATED
AMD-CAD	12:110112932-113027651	12	110112932	113027651	0.0006148989548753	POSITIVE_DIRECTION_CONCORDANT	rs12828640;rs4378452;rs4766453;rs653178;rs7311681;rs848132		ANKRD13A	ENSG00000076513	protein_coding	110436991	110477568		GENE_BODY_OVERLAP	LEVEL2	Ensembl overlap/region GRCh37	GRCh37	2026-09-21	ANNOTATED
AMD-CAD	12:110112932-113027651	12	110112932	113027651	0.0006148989548753	POSITIVE_DIRECTION_CONCORDANT	rs12828640;rs4378452;rs4766453;rs653178;rs7311681;rs848132		C12orf76	ENSG00000174456	protein_coding	110465872	110511491		GENE_BODY_OVERLAP	LEVEL2	Ensembl overlap/region GRCh37	GRCh37	2026-09-21	ANNOTATED
AMD-CAD	12:110112932-113027651	12	110112932	113027651	0.0006148989548753	POSITIVE_DIRECTION_CONCORDANT	rs12828640;rs4378452;rs4766453;rs653178;rs7311681;rs848132		IFT81	ENSG00000122970	protein_coding	110562140	110656602		GENE_BODY_OVERLAP	LEVEL2	Ensembl overlap/region GRCh37	GRCh37	2026-09-21	ANNOTATED
AMD-CAD	12:110112932-113027651	12	110112932	113027651	0.0006148989548753	POSITIVE_DIRECTION_CONCORDANT	rs12828640;rs4378452;rs4766453;rs653178;rs7311681;rs848132		RP11-162P23.2	ENSG00000257767	protein_coding	112191694	112229222		GENE_BODY_OVERLAP	LEVEL2	Ensembl overlap/region GRCh37	GRCh37	2026-09-21	ANNOTATED
AMD-CAD	12:110112932-113027651	12	110112932	113027651	0.0006148989548753	POSITIVE_DIRECTION_CONCORDANT	rs12828640;rs4378452;rs4766453;rs653178;rs7311681;rs848132		ALDH2	ENSG00000111275	protein_coding	112204691	112247782		GENE_BODY_OVERLAP	LEVEL2	Ensembl overlap/region GRCh37	GRCh37	2026-09-21	ANNOTATED
AMD-CAD	12:110112932-113027651	12	110112932	113027651	0.0006148989548753	POSITIVE_DIRECTION_CONCORDANT	rs12828640;rs4378452;rs4766453;rs653178;rs7311681;rs848132		ATP2A2	ENSG00000174437	protein_coding	110718561	110788898		GENE_BODY_OVERLAP	LEVEL2	Ensembl overlap/region GRCh37	GRCh37	2026-09-21	ANNOTATED
AMD-CAD	12:110112932-113027651	12	110112932	113027651	0.0006148989548753	POSITIVE_DIRECTION_CONCORDANT	rs12828640;rs4378452;rs4766453;rs653178;rs7311681;rs848132		MAPKAPK5	ENSG00000089022	protein_coding	112279782	112334343		GENE_BODY_OVERLAP	LEVEL2	Ensembl overlap/region GRCh37	GRCh37	2026-09-21	ANNOTATED
AMD-CAD	12:110112932-113027651	12	110112932	113027651	0.0006148989548753	POSITIVE_DIRECTION_CONCORDANT	rs12828640;rs4378452;rs4766453;rs653178;rs7311681;rs848132		TMEM116	ENSG00000198270	protein_coding	112369086	112450970		GENE_BODY_OVERLAP	LEVEL2	Ensembl overlap/region GRCh37	GRCh37	2026-09-21	ANNOTATED
AMD-CAD	12:110112932-113027651	12	110112932	113027651	0.0006148989548753	POSITIVE_DIRECTION_CONCORDANT	rs12828640;rs4378452;rs4766453;rs653178;rs7311681;rs848132		ANAPC7	ENSG00000196510	protein_coding	110810705	110841535		GENE_BODY_OVERLAP	LEVEL2	Ensembl overlap/region GRCh37	GRCh37	2026-09-21	ANNOTATED
AMD-CAD	12:110112932-113027651	12	110112932	113027651	0.0006148989548753	POSITIVE_DIRECTION_CONCORDANT	rs12828640;rs4378452;rs4766453;rs653178;rs7311681;rs848132		ARPC3	ENSG00000111229	protein_coding	110872630	110888227		GENE_BODY_OVERLAP	LEVEL2	Ensembl overlap/region GRCh37	GRCh37	2026-09-21	ANNOTATED
AMD-CAD	12:110112932-113027651	12	110112932	113027651	0.0006148989548753	POSITIVE_DIRECTION_CONCORDANT	rs12828640;rs4378452;rs4766453;rs653178;rs7311681;rs848132		ERP29	ENSG00000089248	protein_coding	112451120	112461255		GENE_BODY_OVERLAP	LEVEL2	Ensembl overlap/region GRCh37	GRCh37	2026-09-21	ANNOTATED
AMD-CAD	12:110112932-113027651	12	110112932	113027651	0.0006148989548753	POSITIVE_DIRECTION_CONCORDANT	rs12828640;rs4378452;rs4766453;rs653178;rs7311681;rs848132		GPN3	ENSG00000111231	protein_coding	110890289	110907073		GENE_BODY_OVERLAP	LEVEL2	Ensembl overlap/region GRCh37	GRCh37	2026-09-21	ANNOTATED
AMD-CAD	12:110112932-113027651	12	110112932	113027651	0.0006148989548753	POSITIVE_DIRECTION_CONCORDANT	rs12828640;rs4378452;rs4766453;rs653178;rs7311681;rs848132		NAA25	ENSG00000111300	protein_coding	112464500	112546826		GENE_BODY_OVERLAP	LEVEL2	Ensembl overlap/region GRCh37	GRCh37	2026-09-21	ANNOTATED
AMD-CAD	12:110112932-113027651	12	110112932	113027651	0.0006148989548753	POSITIVE_DIRECTION_CONCORDANT	rs12828640;rs4378452;rs4766453;rs653178;rs7311681;rs848132		FAM216A	ENSG00000204856	protein_coding	110906169	110928190		GENE_BODY_OVERLAP	LEVEL2	Ensembl overlap/region GRCh37	GRCh37	2026-09-21	ANNOTATED
AMD-CAD	12:110112932-113027651	12	110112932	113027651	0.0006148989548753	POSITIVE_DIRECTION_CONCORDANT	rs12828640;rs4378452;rs4766453;rs653178;rs7311681;rs848132		VPS29	ENSG00000111237	protein_coding	110928902	110939922		GENE_BODY_OVERLAP	LEVEL2	Ensembl overlap/region GRCh37	GRCh37	2026-09-21	ANNOTATED
AMD-CAD	12:110112932-113027651	12	110112932	113027651	0.0006148989548753	POSITIVE_DIRECTION_CONCORDANT	rs12828640;rs4378452;rs4766453;rs653178;rs7311681;rs848132		TRAFD1	ENSG00000135148	protein_coding	112563305	112591407		GENE_BODY_OVERLAP	LEVEL2	Ensembl overlap/region GRCh37	GRCh37	2026-09-21	ANNOTATED
AMD-CAD	12:110112932-113027651	12	110112932	113027651	0.0006148989548753	POSITIVE_DIRECTION_CONCORDANT	rs12828640;rs4378452;rs4766453;rs653178;rs7311681;rs848132		RAD9B	ENSG00000151164	protein_coding	110939460	110969891		GENE_BODY_OVERLAP	LEVEL2	Ensembl overlap/region GRCh37	GRCh37	2026-09-21	ANNOTATED
AMD-CAD	12:110112932-113027651	12	110112932	113027651	0.0006148989548753	POSITIVE_DIRECTION_CONCORDANT	rs12828640;rs4378452;rs4766453;rs653178;rs7311681;rs848132		HECTD4	ENSG00000173064	protein_coding	112597992	112819896		GENE_BODY_OVERLAP	LEVEL2	Ensembl overlap/region GRCh37	GRCh37	2026-09-21	ANNOTATED
AMD-CAD	12:110112932-113027651	12	110112932	113027651	0.0006148989548753	POSITIVE_DIRECTION_CONCORDANT	rs12828640;rs4378452;rs4766453;rs653178;rs7311681;rs848132		PPTC7	ENSG00000196850	protein_coding	110969120	111021125		GENE_BODY_OVERLAP	LEVEL2	Ensembl overlap/region GRCh37	GRCh37	2026-09-21	ANNOTATED
AMD-CAD	12:110112932-113027651	12	110112932	113027651	0.0006148989548753	POSITIVE_DIRECTION_CONCORDANT	rs12828640;rs4378452;rs4766453;rs653178;rs7311681;rs848132		TCTN1	ENSG00000204852	protein_coding	111051832	111087235		GENE_BODY_OVERLAP	LEVEL2	Ensembl overlap/region GRCh37	GRCh37	2026-09-21	ANNOTATED
AMD-CAD	12:110112932-113027651	12	110112932	113027651	0.0006148989548753	POSITIVE_DIRECTION_CONCORDANT	rs12828640;rs4378452;rs4766453;rs653178;rs7311681;rs848132		RPL6	ENSG00000089009	protein_coding	112842994	112856642		GENE_BODY_OVERLAP	LEVEL2	Ensembl overlap/region GRCh37	GRCh37	2026-09-21	ANNOTATED
AMD-CAD	12:110112932-113027651	12	110112932	113027651	0.0006148989548753	POSITIVE_DIRECTION_CONCORDANT	rs12828640;rs4378452;rs4766453;rs653178;rs7311681;rs848132		HVCN1	ENSG00000122986	protein_coding	111065646	111142755		GENE_BODY_OVERLAP	LEVEL2	Ensembl overlap/region GRCh37	GRCh37	2026-09-21	ANNOTATED
AMD-CAD	12:110112932-113027651	12	110112932	113027651	0.0006148989548753	POSITIVE_DIRECTION_CONCORDANT	rs12828640;rs4378452;rs4766453;rs653178;rs7311681;rs848132		PTPN11	ENSG00000179295	protein_coding	112856155	112947717		GENE_BODY_OVERLAP	LEVEL2	Ensembl overlap/region GRCh37	GRCh37	2026-09-21	ANNOTATED
AMD-CAD	12:110112932-113027651	12	110112932	113027651	0.0006148989548753	POSITIVE_DIRECTION_CONCORDANT	rs12828640;rs4378452;rs4766453;rs653178;rs7311681;rs848132		PPP1CC	ENSG00000186298	protein_coding	111157485	111180744		GENE_BODY_OVERLAP	LEVEL2	Ensembl overlap/region GRCh37	GRCh37	2026-09-21	ANNOTATED
AMD-CAD	12:110112932-113027651	12	110112932	113027651	0.0006148989548753	POSITIVE_DIRECTION_CONCORDANT	rs12828640;rs4378452;rs4766453;rs653178;rs7311681;rs848132		RPH3A	ENSG00000089169	protein_coding	113008184	113336686		GENE_BODY_OVERLAP	LEVEL2	Ensembl overlap/region GRCh37	GRCh37	2026-09-21	ANNOTATED
AMD-CAD	12:110112932-113027651	12	110112932	113027651	0.0006148989548753	POSITIVE_DIRECTION_CONCORDANT	rs12828640;rs4378452;rs4766453;rs653178;rs7311681;rs848132		CCDC63	ENSG00000173093	protein_coding	111284573	111345339		GENE_BODY_OVERLAP	LEVEL2	Ensembl overlap/region GRCh37	GRCh37	2026-09-21	ANNOTATED
AMD-CAD	12:110112932-113027651	12	110112932	113027651	0.0006148989548753	POSITIVE_DIRECTION_CONCORDANT	rs12828640;rs4378452;rs4766453;rs653178;rs7311681;rs848132		MYL2	ENSG00000111245	protein_coding	111348623	111358526		GENE_BODY_OVERLAP	LEVEL2	Ensembl overlap/region GRCh37	GRCh37	2026-09-21	ANNOTATED
AMD-CAD	12:110112932-113027651	12	110112932	113027651	0.0006148989548753	POSITIVE_DIRECTION_CONCORDANT	rs12828640;rs4378452;rs4766453;rs653178;rs7311681;rs848132		CUX2	ENSG00000111249	protein_coding	111471828	111788358		GENE_BODY_OVERLAP	LEVEL2	Ensembl overlap/region GRCh37	GRCh37	2026-09-21	ANNOTATED
AMD-CAD	12:110112932-113027651	12	110112932	113027651	0.0006148989548753	POSITIVE_DIRECTION_CONCORDANT	rs12828640;rs4378452;rs4766453;rs653178;rs7311681;rs848132		FAM109A	ENSG00000198324	protein_coding	111798455	111806925		GENE_BODY_OVERLAP	LEVEL2	Ensembl overlap/region GRCh37	GRCh37	2026-09-21	ANNOTATED
AMD-CAD	12:110112932-113027651	12	110112932	113027651	0.0006148989548753	POSITIVE_DIRECTION_CONCORDANT	rs12828640;rs4378452;rs4766453;rs653178;rs7311681;rs848132		SH2B3	ENSG00000111252	protein_coding	111843752	111889427		GENE_BODY_OVERLAP	LEVEL2	Ensembl overlap/region GRCh37	GRCh37	2026-09-21	ANNOTATED
AMD-CAD	12:110112932-113027651	12	110112932	113027651	0.0006148989548753	POSITIVE_DIRECTION_CONCORDANT	rs12828640;rs4378452;rs4766453;rs653178;rs7311681;rs848132		ATXN2	ENSG00000204842	protein_coding	111890018	112037480		GENE_BODY_OVERLAP	LEVEL2	Ensembl overlap/region GRCh37	GRCh37	2026-09-21	ANNOTATED
AMD-CAD	12:110112932-113027651	12	110112932	113027651	0.0006148989548753	POSITIVE_DIRECTION_CONCORDANT	rs12828640;rs4378452;rs4766453;rs653178;rs7311681;rs848132		FAM222A	ENSG00000139438	protein_coding	110152033	110208312		GENE_BODY_OVERLAP	LEVEL2	Ensembl overlap/region GRCh37	GRCh37	2026-09-21	ANNOTATED
AMD-CAD	12:110112932-113027651	12	110112932	113027651	0.0006148989548753	POSITIVE_DIRECTION_CONCORDANT	rs12828640;rs4378452;rs4766453;rs653178;rs7311681;rs848132		TRPV4	ENSG00000111199	protein_coding	110220890	110271212		GENE_BODY_OVERLAP	LEVEL2	Ensembl overlap/region GRCh37	GRCh37	2026-09-21	ANNOTATED
AMD-CAD	12:110112932-113027651	12	110112932	113027651	0.0006148989548753	POSITIVE_DIRECTION_CONCORDANT	rs12828640;rs4378452;rs4766453;rs653178;rs7311681;rs848132		GLTP	ENSG00000139433	protein_coding	110288748	110318293		GENE_BODY_OVERLAP	LEVEL2	Ensembl overlap/region GRCh37	GRCh37	2026-09-21	ANNOTATED
AMD-CAD	12:110112932-113027651	12	110112932	113027651	0.0006148989548753	POSITIVE_DIRECTION_CONCORDANT	rs12828640;rs4378452;rs4766453;rs653178;rs7311681;rs848132		TCHP	ENSG00000139437	protein_coding	110338069	110421646		GENE_BODY_OVERLAP	LEVEL2	Ensembl overlap/region GRCh37	GRCh37	2026-09-21	ANNOTATED
AMD-CAD	12:110112932-113027651	12	110112932	113027651	0.0006148989548753	POSITIVE_DIRECTION_CONCORDANT	rs12828640;rs4378452;rs4766453;rs653178;rs7311681;rs848132		GIT2	ENSG00000139436	protein_coding	110367607	110434194		GENE_BODY_OVERLAP	LEVEL2	Ensembl overlap/region GRCh37	GRCh37	2026-09-21	ANNOTATED
AMD-CAD	12:110112932-113027651	12	110112932	113027651	0.0006148989548753	POSITIVE_DIRECTION_CONCORDANT	rs848132	111989979	ATXN2	ENSG00000204842	protein_coding	111890018	112037480	0	NEAREST_PROTEIN_CODING_GENE	LEVEL3	Ensembl overlap/region GRCh37	GRCh37	2026-09-21	ANNOTATED
AMD-CAD	12:110112932-113027651	12	110112932	113027651	0.0006148989548753	POSITIVE_DIRECTION_CONCORDANT	rs7311681	112817847	HECTD4	ENSG00000173064	protein_coding	112597992	112819896	0	NEAREST_PROTEIN_CODING_GENE	LEVEL3	Ensembl overlap/region GRCh37	GRCh37	2026-09-21	ANNOTATED
AMD-CAD	12:110112932-113027651	12	110112932	113027651	0.0006148989548753	POSITIVE_DIRECTION_CONCORDANT	rs4766453	111692124	CUX2	ENSG00000111249	protein_coding	111471828	111788358	0	NEAREST_PROTEIN_CODING_GENE	LEVEL3	Ensembl overlap/region GRCh37	GRCh37	2026-09-21	ANNOTATED
AMD-CAD	12:110112932-113027651	12	110112932	113027651	0.0006148989548753	POSITIVE_DIRECTION_CONCORDANT	rs12828640	111361298	MYL2	ENSG00000111245	protein_coding	111348623	111358526	2772	NEAREST_PROTEIN_CODING_GENE	LEVEL3	Ensembl overlap/region GRCh37	GRCh37	2026-09-21	ANNOTATED
AMD-CKD	12:110112932-113027651	12	110112932	113027651	0.0004688619412696	POSITIVE_DIRECTION_CONCORDANT	rs653178	112007756	ATXN2	ENSG00000204842	protein_coding	111890018	112037480	0	NEAREST_PROTEIN_CODING_GENE	LEVEL3	Ensembl overlap/region GRCh37	GRCh37	2026-09-21	ANNOTATED
AMD-STROKE	12:110112932-113027651	12	110112932	113027651	0.0006560101076822	POSITIVE_DIRECTION_CONCORDANT	rs653178	112007756	ATXN2	ENSG00000204842	protein_coding	111890018	112037480	0	NEAREST_PROTEIN_CODING_GENE	LEVEL3	Ensembl overlap/region GRCh37	GRCh37	2026-09-21	ANNOTATED
AMD-STROKE	12:110112932-113027651	12	110112932	113027651	0.0006560101076822	POSITIVE_DIRECTION_CONCORDANT	rs7311681	112817847	HECTD4	ENSG00000173064	protein_coding	112597992	112819896	0	NEAREST_PROTEIN_CODING_GENE	LEVEL3	Ensembl overlap/region GRCh37	GRCh37	2026-09-21	ANNOTATED
AMD-STROKE	12:110112932-113027651	12	110112932	113027651	0.0006560101076822	POSITIVE_DIRECTION_CONCORDANT	rs4378452	111504033	CUX2	ENSG00000111249	protein_coding	111471828	111788358	0	NEAREST_PROTEIN_CODING_GENE	LEVEL3	Ensembl overlap/region GRCh37	GRCh37	2026-09-21	ANNOTATED
AMD-CAD	16:74730819-75517115	16	74730819	75517115	0.000652618425972	POSITIVE_DIRECTION_CONCORDANT	rs3851734;rs4888432;rs7202877;rs999675		MLKL	ENSG00000168404	protein_coding	74705753	74734858		GENE_BODY_OVERLAP	LEVEL2	Ensembl overlap/region GRCh37	GRCh37	2026-09-21	ANNOTATED
AMD-CAD	16:74730819-75517115	16	74730819	75517115	0.000652618425972	POSITIVE_DIRECTION_CONCORDANT	rs3851734;rs4888432;rs7202877;rs999675		FA2H	ENSG00000103089	protein_coding	74746853	74808729		GENE_BODY_OVERLAP	LEVEL2	Ensembl overlap/region GRCh37	GRCh37	2026-09-21	ANNOTATED
AMD-CAD	16:74730819-75517115	16	74730819	75517115	0.000652618425972	POSITIVE_DIRECTION_CONCORDANT	rs3851734;rs4888432;rs7202877;rs999675		WDR59	ENSG00000103091	protein_coding	74907468	75034071		GENE_BODY_OVERLAP	LEVEL2	Ensembl overlap/region GRCh37	GRCh37	2026-09-21	ANNOTATED
AMD-CAD	16:74730819-75517115	16	74730819	75517115	0.000652618425972	POSITIVE_DIRECTION_CONCORDANT	rs3851734;rs4888432;rs7202877;rs999675		ZNRF1	ENSG00000186187	protein_coding	75032928	75144892		GENE_BODY_OVERLAP	LEVEL2	Ensembl overlap/region GRCh37	GRCh37	2026-09-21	ANNOTATED
AMD-CAD	16:74730819-75517115	16	74730819	75517115	0.000652618425972	POSITIVE_DIRECTION_CONCORDANT	rs3851734;rs4888432;rs7202877;rs999675		LDHD	ENSG00000166816	protein_coding	75145758	75150669		GENE_BODY_OVERLAP	LEVEL2	Ensembl overlap/region GRCh37	GRCh37	2026-09-21	ANNOTATED
AMD-CAD	16:74730819-75517115	16	74730819	75517115	0.000652618425972	POSITIVE_DIRECTION_CONCORDANT	rs3851734;rs4888432;rs7202877;rs999675		ZFP1	ENSG00000184517	protein_coding	75182390	75206134		GENE_BODY_OVERLAP	LEVEL2	Ensembl overlap/region GRCh37	GRCh37	2026-09-21	ANNOTATED
AMD-CAD	16:74730819-75517115	16	74730819	75517115	0.000652618425972	POSITIVE_DIRECTION_CONCORDANT	rs3851734;rs4888432;rs7202877;rs999675		CTRB2	ENSG00000168928	protein_coding	75237994	75241083		GENE_BODY_OVERLAP	LEVEL2	Ensembl overlap/region GRCh37	GRCh37	2026-09-21	ANNOTATED
AMD-CAD	16:74730819-75517115	16	74730819	75517115	0.000652618425972	POSITIVE_DIRECTION_CONCORDANT	rs3851734;rs4888432;rs7202877;rs999675		CTRB1	ENSG00000168925	protein_coding	75252898	75258822		GENE_BODY_OVERLAP	LEVEL2	Ensembl overlap/region GRCh37	GRCh37	2026-09-21	ANNOTATED
AMD-CAD	16:74730819-75517115	16	74730819	75517115	0.000652618425972	POSITIVE_DIRECTION_CONCORDANT	rs3851734;rs4888432;rs7202877;rs999675		BCAR1	ENSG00000050820	protein_coding	75262928	75301951		GENE_BODY_OVERLAP	LEVEL2	Ensembl overlap/region GRCh37	GRCh37	2026-09-21	ANNOTATED
AMD-CAD	16:74730819-75517115	16	74730819	75517115	0.000652618425972	POSITIVE_DIRECTION_CONCORDANT	rs3851734;rs4888432;rs7202877;rs999675		CFDP1	ENSG00000153774	protein_coding	75327596	75467383		GENE_BODY_OVERLAP	LEVEL2	Ensembl overlap/region GRCh37	GRCh37	2026-09-21	ANNOTATED
AMD-CAD	16:74730819-75517115	16	74730819	75517115	0.000652618425972	POSITIVE_DIRECTION_CONCORDANT	rs3851734;rs4888432;rs7202877;rs999675		RP11-77K12.1	ENSG00000261717	protein_coding	75446582	75498604		GENE_BODY_OVERLAP	LEVEL2	Ensembl overlap/region GRCh37	GRCh37	2026-09-21	ANNOTATED
AMD-CAD	16:74730819-75517115	16	74730819	75517115	0.000652618425972	POSITIVE_DIRECTION_CONCORDANT	rs3851734;rs4888432;rs7202877;rs999675		TMEM170A	ENSG00000166822	protein_coding	75476952	75499395		GENE_BODY_OVERLAP	LEVEL2	Ensembl overlap/region GRCh37	GRCh37	2026-09-21	ANNOTATED
AMD-CAD	16:74730819-75517115	16	74730819	75517115	0.000652618425972	POSITIVE_DIRECTION_CONCORDANT	rs3851734;rs4888432;rs7202877;rs999675		CHST6	ENSG00000183196	protein_coding	75510949	75529282		GENE_BODY_OVERLAP	LEVEL2	Ensembl overlap/region GRCh37	GRCh37	2026-09-21	ANNOTATED
AMD-CAD	16:74730819-75517115	16	74730819	75517115	0.000652618425972	POSITIVE_DIRECTION_CONCORDANT	rs7202877	75247245	CTRB1	ENSG00000168925	protein_coding	75252898	75258822	5653	NEAREST_PROTEIN_CODING_GENE	LEVEL3	Ensembl overlap/region GRCh37	GRCh37	2026-09-21	ANNOTATED
AMD-CAD	16:74730819-75517115	16	74730819	75517115	0.000652618425972	POSITIVE_DIRECTION_CONCORDANT	rs4888432	75510973	CHST6	ENSG00000183196	protein_coding	75510949	75529282	0	NEAREST_PROTEIN_CODING_GENE	LEVEL3	Ensembl overlap/region GRCh37	GRCh37	2026-09-21	ANNOTATED
CAT-CAD	16:74730819-75517115	16	74730819	75517115	0.0001129640486781	POSITIVE_DIRECTION_CONCORDANT	rs3851734	75371920	CFDP1	ENSG00000153774	protein_coding	75327596	75467383	0	NEAREST_PROTEIN_CODING_GENE	LEVEL3	Ensembl overlap/region GRCh37	GRCh37	2026-09-21	ANNOTATED
POAG-CAD	16:74730819-75517115	16	74730819	75517115	-0.0002679344383509	NEGATIVE_DIRECTION_CONCORDANT	rs999675	75306402	BCAR1	ENSG00000050820	protein_coding	75262928	75301951	4451	NEAREST_PROTEIN_CODING_GENE	LEVEL3	Ensembl overlap/region GRCh37	GRCh37	2026-09-21	ANNOTATED
AMD-STROKE	12:110112932-113027651	12	110112932	113027651	0.0006560101076822	POSITIVE_DIRECTION_CONCORDANT	rs12828640;rs4378452;rs4766453;rs653178;rs7311681;rs848132		BRAP	ENSG00000089234	protein_coding	112079950	112123790		GENE_BODY_OVERLAP	LEVEL2	Ensembl overlap/region GRCh37	GRCh37	2026-09-21	ANNOTATED
AMD-STROKE	12:110112932-113027651	12	110112932	113027651	0.0006560101076822	POSITIVE_DIRECTION_CONCORDANT	rs12828640;rs4378452;rs4766453;rs653178;rs7311681;rs848132		ACAD10	ENSG00000111271	protein_coding	112123857	112194903		GENE_BODY_OVERLAP	LEVEL2	Ensembl overlap/region GRCh37	GRCh37	2026-09-21	ANNOTATED
AMD-STROKE	12:110112932-113027651	12	110112932	113027651	0.0006560101076822	POSITIVE_DIRECTION_CONCORDANT	rs12828640;rs4378452;rs4766453;rs653178;rs7311681;rs848132		ANKRD13A	ENSG00000076513	protein_coding	110436991	110477568		GENE_BODY_OVERLAP	LEVEL2	Ensembl overlap/region GRCh37	GRCh37	2026-09-21	ANNOTATED
AMD-STROKE	12:110112932-113027651	12	110112932	113027651	0.0006560101076822	POSITIVE_DIRECTION_CONCORDANT	rs12828640;rs4378452;rs4766453;rs653178;rs7311681;rs848132		C12orf76	ENSG00000174456	protein_coding	110465872	110511491		GENE_BODY_OVERLAP	LEVEL2	Ensembl overlap/region GRCh37	GRCh37	2026-09-21	ANNOTATED
AMD-STROKE	12:110112932-113027651	12	110112932	113027651	0.0006560101076822	POSITIVE_DIRECTION_CONCORDANT	rs12828640;rs4378452;rs4766453;rs653178;rs7311681;rs848132		IFT81	ENSG00000122970	protein_coding	110562140	110656602		GENE_BODY_OVERLAP	LEVEL2	Ensembl overlap/region GRCh37	GRCh37	2026-09-21	ANNOTATED
AMD-STROKE	12:110112932-113027651	12	110112932	113027651	0.0006560101076822	POSITIVE_DIRECTION_CONCORDANT	rs12828640;rs4378452;rs4766453;rs653178;rs7311681;rs848132		RP11-162P23.2	ENSG00000257767	protein_coding	112191694	112229222		GENE_BODY_OVERLAP	LEVEL2	Ensembl overlap/region GRCh37	GRCh37	2026-09-21	ANNOTATED
AMD-STROKE	12:110112932-113027651	12	110112932	113027651	0.0006560101076822	POSITIVE_DIRECTION_CONCORDANT	rs12828640;rs4378452;rs4766453;rs653178;rs7311681;rs848132		ALDH2	ENSG00000111275	protein_coding	112204691	112247782		GENE_BODY_OVERLAP	LEVEL2	Ensembl overlap/region GRCh37	GRCh37	2026-09-21	ANNOTATED
AMD-STROKE	12:110112932-113027651	12	110112932	113027651	0.0006560101076822	POSITIVE_DIRECTION_CONCORDANT	rs12828640;rs4378452;rs4766453;rs653178;rs7311681;rs848132		ATP2A2	ENSG00000174437	protein_coding	110718561	110788898		GENE_BODY_OVERLAP	LEVEL2	Ensembl overlap/region GRCh37	GRCh37	2026-09-21	ANNOTATED
AMD-STROKE	12:110112932-113027651	12	110112932	113027651	0.0006560101076822	POSITIVE_DIRECTION_CONCORDANT	rs12828640;rs4378452;rs4766453;rs653178;rs7311681;rs848132		MAPKAPK5	ENSG00000089022	protein_coding	112279782	112334343		GENE_BODY_OVERLAP	LEVEL2	Ensembl overlap/region GRCh37	GRCh37	2026-09-21	ANNOTATED
AMD-STROKE	12:110112932-113027651	12	110112932	113027651	0.0006560101076822	POSITIVE_DIRECTION_CONCORDANT	rs12828640;rs4378452;rs4766453;rs653178;rs7311681;rs848132		TMEM116	ENSG00000198270	protein_coding	112369086	112450970		GENE_BODY_OVERLAP	LEVEL2	Ensembl overlap/region GRCh37	GRCh37	2026-09-21	ANNOTATED
AMD-STROKE	12:110112932-113027651	12	110112932	113027651	0.0006560101076822	POSITIVE_DIRECTION_CONCORDANT	rs12828640;rs4378452;rs4766453;rs653178;rs7311681;rs848132		ANAPC7	ENSG00000196510	protein_coding	110810705	110841535		GENE_BODY_OVERLAP	LEVEL2	Ensembl overlap/region GRCh37	GRCh37	2026-09-21	ANNOTATED
AMD-STROKE	12:110112932-113027651	12	110112932	113027651	0.0006560101076822	POSITIVE_DIRECTION_CONCORDANT	rs12828640;rs4378452;rs4766453;rs653178;rs7311681;rs848132		ARPC3	ENSG00000111229	protein_coding	110872630	110888227		GENE_BODY_OVERLAP	LEVEL2	Ensembl overlap/region GRCh37	GRCh37	2026-09-21	ANNOTATED
AMD-STROKE	12:110112932-113027651	12	110112932	113027651	0.0006560101076822	POSITIVE_DIRECTION_CONCORDANT	rs12828640;rs4378452;rs4766453;rs653178;rs7311681;rs848132		ERP29	ENSG00000089248	protein_coding	112451120	112461255		GENE_BODY_OVERLAP	LEVEL2	Ensembl overlap/region GRCh37	GRCh37	2026-09-21	ANNOTATED
AMD-STROKE	12:110112932-113027651	12	110112932	113027651	0.0006560101076822	POSITIVE_DIRECTION_CONCORDANT	rs12828640;rs4378452;rs4766453;rs653178;rs7311681;rs848132		GPN3	ENSG00000111231	protein_coding	110890289	110907073		GENE_BODY_OVERLAP	LEVEL2	Ensembl overlap/region GRCh37	GRCh37	2026-09-21	ANNOTATED
AMD-STROKE	12:110112932-113027651	12	110112932	113027651	0.0006560101076822	POSITIVE_DIRECTION_CONCORDANT	rs12828640;rs4378452;rs4766453;rs653178;rs7311681;rs848132		NAA25	ENSG00000111300	protein_coding	112464500	112546826		GENE_BODY_OVERLAP	LEVEL2	Ensembl overlap/region GRCh37	GRCh37	2026-09-21	ANNOTATED
AMD-STROKE	12:110112932-113027651	12	110112932	113027651	0.0006560101076822	POSITIVE_DIRECTION_CONCORDANT	rs12828640;rs4378452;rs4766453;rs653178;rs7311681;rs848132		FAM216A	ENSG00000204856	protein_coding	110906169	110928190		GENE_BODY_OVERLAP	LEVEL2	Ensembl overlap/region GRCh37	GRCh37	2026-09-21	ANNOTATED
AMD-STROKE	12:110112932-113027651	12	110112932	113027651	0.0006560101076822	POSITIVE_DIRECTION_CONCORDANT	rs12828640;rs4378452;rs4766453;rs653178;rs7311681;rs848132		VPS29	ENSG00000111237	protein_coding	110928902	110939922		GENE_BODY_OVERLAP	LEVEL2	Ensembl overlap/region GRCh37	GRCh37	2026-09-21	ANNOTATED
AMD-STROKE	12:110112932-113027651	12	110112932	113027651	0.0006560101076822	POSITIVE_DIRECTION_CONCORDANT	rs12828640;rs4378452;rs4766453;rs653178;rs7311681;rs848132		TRAFD1	ENSG00000135148	protein_coding	112563305	112591407		GENE_BODY_OVERLAP	LEVEL2	Ensembl overlap/region GRCh37	GRCh37	2026-09-21	ANNOTATED
AMD-STROKE	12:110112932-113027651	12	110112932	113027651	0.0006560101076822	POSITIVE_DIRECTION_CONCORDANT	rs12828640;rs4378452;rs4766453;rs653178;rs7311681;rs848132		RAD9B	ENSG00000151164	protein_coding	110939460	110969891		GENE_BODY_OVERLAP	LEVEL2	Ensembl overlap/region GRCh37	GRCh37	2026-09-21	ANNOTATED
AMD-STROKE	12:110112932-113027651	12	110112932	113027651	0.0006560101076822	POSITIVE_DIRECTION_CONCORDANT	rs12828640;rs4378452;rs4766453;rs653178;rs7311681;rs848132		HECTD4	ENSG00000173064	protein_coding	112597992	112819896		GENE_BODY_OVERLAP	LEVEL2	Ensembl overlap/region GRCh37	GRCh37	2026-09-21	ANNOTATED
AMD-STROKE	12:110112932-113027651	12	110112932	113027651	0.0006560101076822	POSITIVE_DIRECTION_CONCORDANT	rs12828640;rs4378452;rs4766453;rs653178;rs7311681;rs848132		PPTC7	ENSG00000196850	protein_coding	110969120	111021125		GENE_BODY_OVERLAP	LEVEL2	Ensembl overlap/region GRCh37	GRCh37	2026-09-21	ANNOTATED
AMD-STROKE	12:110112932-113027651	12	110112932	113027651	0.0006560101076822	POSITIVE_DIRECTION_CONCORDANT	rs12828640;rs4378452;rs4766453;rs653178;rs7311681;rs848132		TCTN1	ENSG00000204852	protein_coding	111051832	111087235		GENE_BODY_OVERLAP	LEVEL2	Ensembl overlap/region GRCh37	GRCh37	2026-09-21	ANNOTATED
AMD-STROKE	12:110112932-113027651	12	110112932	113027651	0.0006560101076822	POSITIVE_DIRECTION_CONCORDANT	rs12828640;rs4378452;rs4766453;rs653178;rs7311681;rs848132		RPL6	ENSG00000089009	protein_coding	112842994	112856642		GENE_BODY_OVERLAP	LEVEL2	Ensembl overlap/region GRCh37	GRCh37	2026-09-21	ANNOTATED
AMD-STROKE	12:110112932-113027651	12	110112932	113027651	0.0006560101076822	POSITIVE_DIRECTION_CONCORDANT	rs12828640;rs4378452;rs4766453;rs653178;rs7311681;rs848132		HVCN1	ENSG00000122986	protein_coding	111065646	111142755		GENE_BODY_OVERLAP	LEVEL2	Ensembl overlap/region GRCh37	GRCh37	2026-09-21	ANNOTATED
AMD-STROKE	12:110112932-113027651	12	110112932	113027651	0.0006560101076822	POSITIVE_DIRECTION_CONCORDANT	rs12828640;rs4378452;rs4766453;rs653178;rs7311681;rs848132		PTPN11	ENSG00000179295	protein_coding	112856155	112947717		GENE_BODY_OVERLAP	LEVEL2	Ensembl overlap/region GRCh37	GRCh37	2026-09-21	ANNOTATED
AMD-STROKE	12:110112932-113027651	12	110112932	113027651	0.0006560101076822	POSITIVE_DIRECTION_CONCORDANT	rs12828640;rs4378452;rs4766453;rs653178;rs7311681;rs848132		PPP1CC	ENSG00000186298	protein_coding	111157485	111180744		GENE_BODY_OVERLAP	LEVEL2	Ensembl overlap/region GRCh37	GRCh37	2026-09-21	ANNOTATED
AMD-STROKE	12:110112932-113027651	12	110112932	113027651	0.0006560101076822	POSITIVE_DIRECTION_CONCORDANT	rs12828640;rs4378452;rs4766453;rs653178;rs7311681;rs848132		RPH3A	ENSG00000089169	protein_coding	113008184	113336686		GENE_BODY_OVERLAP	LEVEL2	Ensembl overlap/region GRCh37	GRCh37	2026-09-21	ANNOTATED
AMD-STROKE	12:110112932-113027651	12	110112932	113027651	0.0006560101076822	POSITIVE_DIRECTION_CONCORDANT	rs12828640;rs4378452;rs4766453;rs653178;rs7311681;rs848132		CCDC63	ENSG00000173093	protein_coding	111284573	111345339		GENE_BODY_OVERLAP	LEVEL2	Ensembl overlap/region GRCh37	GRCh37	2026-09-21	ANNOTATED
AMD-STROKE	12:110112932-113027651	12	110112932	113027651	0.0006560101076822	POSITIVE_DIRECTION_CONCORDANT	rs12828640;rs4378452;rs4766453;rs653178;rs7311681;rs848132		MYL2	ENSG00000111245	protein_coding	111348623	111358526		GENE_BODY_OVERLAP	LEVEL2	Ensembl overlap/region GRCh37	GRCh37	2026-09-21	ANNOTATED
AMD-STROKE	12:110112932-113027651	12	110112932	113027651	0.0006560101076822	POSITIVE_DIRECTION_CONCORDANT	rs12828640;rs4378452;rs4766453;rs653178;rs7311681;rs848132		CUX2	ENSG00000111249	protein_coding	111471828	111788358		GENE_BODY_OVERLAP	LEVEL2	Ensembl overlap/region GRCh37	GRCh37	2026-09-21	ANNOTATED
AMD-STROKE	12:110112932-113027651	12	110112932	113027651	0.0006560101076822	POSITIVE_DIRECTION_CONCORDANT	rs12828640;rs4378452;rs4766453;rs653178;rs7311681;rs848132		FAM109A	ENSG00000198324	protein_coding	111798455	111806925		GENE_BODY_OVERLAP	LEVEL2	Ensembl overlap/region GRCh37	GRCh37	2026-09-21	ANNOTATED
AMD-STROKE	12:110112932-113027651	12	110112932	113027651	0.0006560101076822	POSITIVE_DIRECTION_CONCORDANT	rs12828640;rs4378452;rs4766453;rs653178;rs7311681;rs848132		SH2B3	ENSG00000111252	protein_coding	111843752	111889427		GENE_BODY_OVERLAP	LEVEL2	Ensembl overlap/region GRCh37	GRCh37	2026-09-21	ANNOTATED
AMD-STROKE	12:110112932-113027651	12	110112932	113027651	0.0006560101076822	POSITIVE_DIRECTION_CONCORDANT	rs12828640;rs4378452;rs4766453;rs653178;rs7311681;rs848132		ATXN2	ENSG00000204842	protein_coding	111890018	112037480		GENE_BODY_OVERLAP	LEVEL2	Ensembl overlap/region GRCh37	GRCh37	2026-09-21	ANNOTATED
AMD-STROKE	12:110112932-113027651	12	110112932	113027651	0.0006560101076822	POSITIVE_DIRECTION_CONCORDANT	rs12828640;rs4378452;rs4766453;rs653178;rs7311681;rs848132		FAM222A	ENSG00000139438	protein_coding	110152033	110208312		GENE_BODY_OVERLAP	LEVEL2	Ensembl overlap/region GRCh37	GRCh37	2026-09-21	ANNOTATED
AMD-STROKE	12:110112932-113027651	12	110112932	113027651	0.0006560101076822	POSITIVE_DIRECTION_CONCORDANT	rs12828640;rs4378452;rs4766453;rs653178;rs7311681;rs848132		TRPV4	ENSG00000111199	protein_coding	110220890	110271212		GENE_BODY_OVERLAP	LEVEL2	Ensembl overlap/region GRCh37	GRCh37	2026-09-21	ANNOTATED
AMD-STROKE	12:110112932-113027651	12	110112932	113027651	0.0006560101076822	POSITIVE_DIRECTION_CONCORDANT	rs12828640;rs4378452;rs4766453;rs653178;rs7311681;rs848132		GLTP	ENSG00000139433	protein_coding	110288748	110318293		GENE_BODY_OVERLAP	LEVEL2	Ensembl overlap/region GRCh37	GRCh37	2026-09-21	ANNOTATED
AMD-STROKE	12:110112932-113027651	12	110112932	113027651	0.0006560101076822	POSITIVE_DIRECTION_CONCORDANT	rs12828640;rs4378452;rs4766453;rs653178;rs7311681;rs848132		TCHP	ENSG00000139437	protein_coding	110338069	110421646		GENE_BODY_OVERLAP	LEVEL2	Ensembl overlap/region GRCh37	GRCh37	2026-09-21	ANNOTATED
AMD-STROKE	12:110112932-113027651	12	110112932	113027651	0.0006560101076822	POSITIVE_DIRECTION_CONCORDANT	rs12828640;rs4378452;rs4766453;rs653178;rs7311681;rs848132		GIT2	ENSG00000139436	protein_coding	110367607	110434194		GENE_BODY_OVERLAP	LEVEL2	Ensembl overlap/region GRCh37	GRCh37	2026-09-21	ANNOTATED
AMD-CAD	12:110112932-113027651	12	110112932	113027651	0.0006148989548753	POSITIVE_DIRECTION_CONCORDANT	rs848132	111989979	ATXN2	ENSG00000204842	protein_coding	111890018	112037480	0	NEAREST_PROTEIN_CODING_GENE	LEVEL3	Ensembl overlap/region GRCh37	GRCh37	2026-09-21	ANNOTATED
AMD-CAD	12:110112932-113027651	12	110112932	113027651	0.0006148989548753	POSITIVE_DIRECTION_CONCORDANT	rs7311681	112817847	HECTD4	ENSG00000173064	protein_coding	112597992	112819896	0	NEAREST_PROTEIN_CODING_GENE	LEVEL3	Ensembl overlap/region GRCh37	GRCh37	2026-09-21	ANNOTATED
AMD-CAD	12:110112932-113027651	12	110112932	113027651	0.0006148989548753	POSITIVE_DIRECTION_CONCORDANT	rs4766453	111692124	CUX2	ENSG00000111249	protein_coding	111471828	111788358	0	NEAREST_PROTEIN_CODING_GENE	LEVEL3	Ensembl overlap/region GRCh37	GRCh37	2026-09-21	ANNOTATED
AMD-CAD	12:110112932-113027651	12	110112932	113027651	0.0006148989548753	POSITIVE_DIRECTION_CONCORDANT	rs12828640	111361298	MYL2	ENSG00000111245	protein_coding	111348623	111358526	2772	NEAREST_PROTEIN_CODING_GENE	LEVEL3	Ensembl overlap/region GRCh37	GRCh37	2026-09-21	ANNOTATED
AMD-CKD	12:110112932-113027651	12	110112932	113027651	0.0004688619412696	POSITIVE_DIRECTION_CONCORDANT	rs653178	112007756	ATXN2	ENSG00000204842	protein_coding	111890018	112037480	0	NEAREST_PROTEIN_CODING_GENE	LEVEL3	Ensembl overlap/region GRCh37	GRCh37	2026-09-21	ANNOTATED
AMD-STROKE	12:110112932-113027651	12	110112932	113027651	0.0006560101076822	POSITIVE_DIRECTION_CONCORDANT	rs653178	112007756	ATXN2	ENSG00000204842	protein_coding	111890018	112037480	0	NEAREST_PROTEIN_CODING_GENE	LEVEL3	Ensembl overlap/region GRCh37	GRCh37	2026-09-21	ANNOTATED
AMD-STROKE	12:110112932-113027651	12	110112932	113027651	0.0006560101076822	POSITIVE_DIRECTION_CONCORDANT	rs7311681	112817847	HECTD4	ENSG00000173064	protein_coding	112597992	112819896	0	NEAREST_PROTEIN_CODING_GENE	LEVEL3	Ensembl overlap/region GRCh37	GRCh37	2026-09-21	ANNOTATED
AMD-STROKE	12:110112932-113027651	12	110112932	113027651	0.0006560101076822	POSITIVE_DIRECTION_CONCORDANT	rs4378452	111504033	CUX2	ENSG00000111249	protein_coding	111471828	111788358	0	NEAREST_PROTEIN_CODING_GENE	LEVEL3	Ensembl overlap/region GRCh37	GRCh37	2026-09-21	ANNOTATED
AMD-STROKE	17:3426133-4321755	17	3426133	4321755	-0.0005152675087054	NEGATIVE_DIRECTION_CONCORDANT	rs1076902;rs2278524;rs2727074		CAMKK1	ENSG00000004660	protein_coding	3763609	3798185		GENE_BODY_OVERLAP	LEVEL2	Ensembl overlap/region GRCh37	GRCh37	2026-09-21	ANNOTATED
AMD-STROKE	17:3426133-4321755	17	3426133	4321755	-0.0005152675087054	NEGATIVE_DIRECTION_CONCORDANT	rs1076902;rs2278524;rs2727074		P2RX1	ENSG00000108405	protein_coding	3799886	3819794		GENE_BODY_OVERLAP	LEVEL2	Ensembl overlap/region GRCh37	GRCh37	2026-09-21	ANNOTATED
AMD-STROKE	17:3426133-4321755	17	3426133	4321755	-0.0005152675087054	NEGATIVE_DIRECTION_CONCORDANT	rs1076902;rs2278524;rs2727074		ATP2A3	ENSG00000074370	protein_coding	3827169	3867736		GENE_BODY_OVERLAP	LEVEL2	Ensembl overlap/region GRCh37	GRCh37	2026-09-21	ANNOTATED
AMD-STROKE	17:3426133-4321755	17	3426133	4321755	-0.0005152675087054	NEGATIVE_DIRECTION_CONCORDANT	rs1076902;rs2278524;rs2727074		ZZEF1	ENSG00000074755	protein_coding	3907739	4046314		GENE_BODY_OVERLAP	LEVEL2	Ensembl overlap/region GRCh37	GRCh37	2026-09-21	ANNOTATED
AMD-STROKE	17:3426133-4321755	17	3426133	4321755	-0.0005152675087054	NEGATIVE_DIRECTION_CONCORDANT	rs1076902;rs2278524;rs2727074		CYB5D2	ENSG00000167740	protein_coding	4046462	4090605		GENE_BODY_OVERLAP	LEVEL2	Ensembl overlap/region GRCh37	GRCh37	2026-09-21	ANNOTATED
AMD-STROKE	17:3426133-4321755	17	3426133	4321755	-0.0005152675087054	NEGATIVE_DIRECTION_CONCORDANT	rs1076902;rs2278524;rs2727074		ANKFY1	ENSG00000185722	protein_coding	4067201	4167274		GENE_BODY_OVERLAP	LEVEL2	Ensembl overlap/region GRCh37	GRCh37	2026-09-21	ANNOTATED
AMD-STROKE	17:3426133-4321755	17	3426133	4321755	-0.0005152675087054	NEGATIVE_DIRECTION_CONCORDANT	rs1076902;rs2278524;rs2727074		UBE2G1	ENSG00000132388	protein_coding	4172554	4269923		GENE_BODY_OVERLAP	LEVEL2	Ensembl overlap/region GRCh37	GRCh37	2026-09-21	ANNOTATED
AMD-STROKE	17:3426133-4321755	17	3426133	4321755	-0.0005152675087054	NEGATIVE_DIRECTION_CONCORDANT	rs1076902;rs2278524;rs2727074		TRPV3	ENSG00000167723	protein_coding	3413796	3461289		GENE_BODY_OVERLAP	LEVEL2	Ensembl overlap/region GRCh37	GRCh37	2026-09-21	ANNOTATED
AMD-STROKE	17:3426133-4321755	17	3426133	4321755	-0.0005152675087054	NEGATIVE_DIRECTION_CONCORDANT	rs1076902;rs2278524;rs2727074		SHPK	ENSG00000262304	protein_coding	3468738	3539543		GENE_BODY_OVERLAP	LEVEL2	Ensembl overlap/region GRCh37	GRCh37	2026-09-21	ANNOTATED
AMD-STROKE	17:3426133-4321755	17	3426133	4321755	-0.0005152675087054	NEGATIVE_DIRECTION_CONCORDANT	rs1076902;rs2278524;rs2727074		TRPV1	ENSG00000196689	protein_coding	3468738	3500392		GENE_BODY_OVERLAP	LEVEL2	Ensembl overlap/region GRCh37	GRCh37	2026-09-21	ANNOTATED
AMD-STROKE	17:3426133-4321755	17	3426133	4321755	-0.0005152675087054	NEGATIVE_DIRECTION_CONCORDANT	rs1076902;rs2278524;rs2727074		SHPK	ENSG00000197417	protein_coding	3511556	3539616		GENE_BODY_OVERLAP	LEVEL2	Ensembl overlap/region GRCh37	GRCh37	2026-09-21	ANNOTATED
AMD-STROKE	17:3426133-4321755	17	3426133	4321755	-0.0005152675087054	NEGATIVE_DIRECTION_CONCORDANT	rs1076902;rs2278524;rs2727074		CTNS	ENSG00000040531	protein_coding	3539762	3564836		GENE_BODY_OVERLAP	LEVEL2	Ensembl overlap/region GRCh37	GRCh37	2026-09-21	ANNOTATED
AMD-STROKE	17:3426133-4321755	17	3426133	4321755	-0.0005152675087054	NEGATIVE_DIRECTION_CONCORDANT	rs1076902;rs2278524;rs2727074		TAX1BP3	ENSG00000213977	protein_coding	3566196	3571976		GENE_BODY_OVERLAP	LEVEL2	Ensembl overlap/region GRCh37	GRCh37	2026-09-21	ANNOTATED
AMD-STROKE	17:3426133-4321755	17	3426133	4321755	-0.0005152675087054	NEGATIVE_DIRECTION_CONCORDANT	rs1076902;rs2278524;rs2727074		P2RX5-TAX1BP3	ENSG00000257950	protein_coding	3566357	3599488		GENE_BODY_OVERLAP	LEVEL2	Ensembl overlap/region GRCh37	GRCh37	2026-09-21	ANNOTATED
AMD-STROKE	17:3426133-4321755	17	3426133	4321755	-0.0005152675087054	NEGATIVE_DIRECTION_CONCORDANT	rs1076902;rs2278524;rs2727074		EMC6	ENSG00000127774	protein_coding	3572109	3572962		GENE_BODY_OVERLAP	LEVEL2	Ensembl overlap/region GRCh37	GRCh37	2026-09-21	ANNOTATED
AMD-STROKE	17:3426133-4321755	17	3426133	4321755	-0.0005152675087054	NEGATIVE_DIRECTION_CONCORDANT	rs1076902;rs2278524;rs2727074		P2RX5	ENSG00000083454	protein_coding	3575493	3599698		GENE_BODY_OVERLAP	LEVEL2	Ensembl overlap/region GRCh37	GRCh37	2026-09-21	ANNOTATED
AMD-STROKE	17:3426133-4321755	17	3426133	4321755	-0.0005152675087054	NEGATIVE_DIRECTION_CONCORDANT	rs1076902;rs2278524;rs2727074		ITGAE	ENSG00000083457	protein_coding	3617922	3704537		GENE_BODY_OVERLAP	LEVEL2	Ensembl overlap/region GRCh37	GRCh37	2026-09-21	ANNOTATED
AMD-STROKE	17:3426133-4321755	17	3426133	4321755	-0.0005152675087054	NEGATIVE_DIRECTION_CONCORDANT	rs1076902;rs2278524;rs2727074		GSG2	ENSG00000177602	protein_coding	3627211	3630067		GENE_BODY_OVERLAP	LEVEL2	Ensembl overlap/region GRCh37	GRCh37	2026-09-21	ANNOTATED
AMD-STROKE	17:3426133-4321755	17	3426133	4321755	-0.0005152675087054	NEGATIVE_DIRECTION_CONCORDANT	rs1076902;rs2278524;rs2727074		C17orf85	ENSG00000074356	protein_coding	3714460	3749545		GENE_BODY_OVERLAP	LEVEL2	Ensembl overlap/region GRCh37	GRCh37	2026-09-21	ANNOTATED
AMD-STROKE	17:3426133-4321755	17	3426133	4321755	-0.0005152675087054	NEGATIVE_DIRECTION_CONCORDANT	rs2727074	3994670	ZZEF1	ENSG00000074755	protein_coding	3907739	4046314	0	NEAREST_PROTEIN_CODING_GENE	LEVEL3	Ensembl overlap/region GRCh37	GRCh37	2026-09-21	ANNOTATED
AMD-T2D	17:3426133-4321755	17	3426133	4321755	-0.0006867881247124	NEGATIVE_DIRECTION_CONCORDANT	rs2278524	4081975	ANKFY1	ENSG00000185722	protein_coding	4067201	4167274	0	NEAREST_PROTEIN_CODING_GENE	LEVEL3	Ensembl overlap/region GRCh37	GRCh37	2026-09-21	ANNOTATED
AMD-T2D	17:3426133-4321755	17	3426133	4321755	-0.0006867881247124	NEGATIVE_DIRECTION_CONCORDANT	rs2278524	4081975	CYB5D2	ENSG00000167740	protein_coding	4046462	4090605	0	NEAREST_PROTEIN_CODING_GENE	LEVEL3	Ensembl overlap/region GRCh37	GRCh37	2026-09-21	ANNOTATED
AMD-T2D	17:3426133-4321755	17	3426133	4321755	-0.0006867881247124	NEGATIVE_DIRECTION_CONCORDANT	rs1076902	3828822	ATP2A3	ENSG00000074370	protein_coding	3827169	3867736	0	NEAREST_PROTEIN_CODING_GENE	LEVEL3	Ensembl overlap/region GRCh37	GRCh37	2026-09-21	ANNOTATED
AMD-T2D	2:43309247-44048346	2	43309247	44048346	-0.0006783499484874	NEGATIVE_DIRECTION_CONCORDANT	rs11904510;rs1549723;rs6544658;rs6722743;rs72790940		THADA	ENSG00000115970	protein_coding	43393800	43823185		GENE_BODY_OVERLAP	LEVEL2	Ensembl overlap/region GRCh37	GRCh37	2026-09-21	ANNOTATED
AMD-T2D	2:43309247-44048346	2	43309247	44048346	-0.0006783499484874	NEGATIVE_DIRECTION_CONCORDANT	rs11904510;rs1549723;rs6544658;rs6722743;rs72790940		ZFP36L2	ENSG00000152518	protein_coding	43449541	43453748		GENE_BODY_OVERLAP	LEVEL2	Ensembl overlap/region GRCh37	GRCh37	2026-09-21	ANNOTATED
AMD-T2D	2:43309247-44048346	2	43309247	44048346	-0.0006783499484874	NEGATIVE_DIRECTION_CONCORDANT	rs11904510;rs1549723;rs6544658;rs6722743;rs72790940		PLEKHH2	ENSG00000152527	protein_coding	43864412	43995126		GENE_BODY_OVERLAP	LEVEL2	Ensembl overlap/region GRCh37	GRCh37	2026-09-21	ANNOTATED
AMD-T2D	2:43309247-44048346	2	43309247	44048346	-0.0006783499484874	NEGATIVE_DIRECTION_CONCORDANT	rs11904510;rs1549723;rs6544658;rs6722743;rs72790940		DYNC2LI1	ENSG00000138036	protein_coding	44001178	44037149		GENE_BODY_OVERLAP	LEVEL2	Ensembl overlap/region GRCh37	GRCh37	2026-09-21	ANNOTATED
AMD-T2D	2:43309247-44048346	2	43309247	44048346	-0.0006783499484874	NEGATIVE_DIRECTION_CONCORDANT	rs11904510;rs1549723;rs6544658;rs6722743;rs72790940		ABCG5	ENSG00000138075	protein_coding	44039611	44066004		GENE_BODY_OVERLAP	LEVEL2	Ensembl overlap/region GRCh37	GRCh37	2026-09-21	ANNOTATED
AMD-T2D	2:43309247-44048346	2	43309247	44048346	-0.0006783499484874	NEGATIVE_DIRECTION_CONCORDANT	rs1549723	43460514	THADA	ENSG00000115970	protein_coding	43393800	43823185	0	NEAREST_PROTEIN_CODING_GENE	LEVEL3	Ensembl overlap/region GRCh37	GRCh37	2026-09-21	ANNOTATED
AMD-T2D	2:43309247-44048346	2	43309247	44048346	-0.0006783499484874	NEGATIVE_DIRECTION_CONCORDANT	rs6722743	43095988	HAAO	ENSG00000162882	protein_coding	42994229	43019733	76255	NEAREST_PROTEIN_CODING_GENE	LEVEL3	Ensembl overlap/region GRCh37	GRCh37	2026-09-21	ANNOTATED
AMD-T2D	2:43309247-44048346	2	43309247	44048346	-0.0006783499484874	NEGATIVE_DIRECTION_CONCORDANT	rs6544658	43652117	THADA	ENSG00000115970	protein_coding	43393800	43823185	0	NEAREST_PROTEIN_CODING_GENE	LEVEL3	Ensembl overlap/region GRCh37	GRCh37	2026-09-21	ANNOTATED
AMD-T2D	2:43309247-44048346	2	43309247	44048346	-0.0006783499484874	NEGATIVE_DIRECTION_CONCORDANT	rs11904510	43797710	THADA	ENSG00000115970	protein_coding	43393800	43823185	0	NEAREST_PROTEIN_CODING_GENE	LEVEL3	Ensembl overlap/region GRCh37	GRCh37	2026-09-21	ANNOTATED
CAT-T2D	2:43309247-44048346	2	43309247	44048346	-0.0001797901249829	NEGATIVE_DIRECTION_CONCORDANT	rs72790940	43768545	THADA	ENSG00000115970	protein_coding	43393800	43823185	0	NEAREST_PROTEIN_CODING_GENE	LEVEL3	Ensembl overlap/region GRCh37	GRCh37	2026-09-21	ANNOTATED
AMD-T2D	4:103388441-104802530	4	103388441	104802530	0.0004845007260895	POSITIVE_DIRECTION_CONCORDANT	rs11734396;rs228631		NFKB1	ENSG00000109320	protein_coding	103422486	103538459		GENE_BODY_OVERLAP	LEVEL2	Ensembl overlap/region GRCh37	GRCh37	2026-09-21	ANNOTATED
AMD-T2D	4:103388441-104802530	4	103388441	104802530	0.0004845007260895	POSITIVE_DIRECTION_CONCORDANT	rs11734396;rs228631		MANBA	ENSG00000109323	protein_coding	103552660	103682151		GENE_BODY_OVERLAP	LEVEL2	Ensembl overlap/region GRCh37	GRCh37	2026-09-21	ANNOTATED
AMD-T2D	4:103388441-104802530	4	103388441	104802530	0.0004845007260895	POSITIVE_DIRECTION_CONCORDANT	rs11734396;rs228631		UBE2D3	ENSG00000109332	protein_coding	103715540	103790053		GENE_BODY_OVERLAP	LEVEL2	Ensembl overlap/region GRCh37	GRCh37	2026-09-21	ANNOTATED
AMD-T2D	4:103388441-104802530	4	103388441	104802530	0.0004845007260895	POSITIVE_DIRECTION_CONCORDANT	rs11734396;rs228631		CISD2	ENSG00000145354	protein_coding	103790135	103810399		GENE_BODY_OVERLAP	LEVEL2	Ensembl overlap/region GRCh37	GRCh37	2026-09-21	ANNOTATED
AMD-T2D	4:103388441-104802530	4	103388441	104802530	0.0004845007260895	POSITIVE_DIRECTION_CONCORDANT	rs11734396;rs228631		SLC9B1	ENSG00000164037	protein_coding	103806205	103940896		GENE_BODY_OVERLAP	LEVEL2	Ensembl overlap/region GRCh37	GRCh37	2026-09-21	ANNOTATED
AMD-T2D	4:103388441-104802530	4	103388441	104802530	0.0004845007260895	POSITIVE_DIRECTION_CONCORDANT	rs11734396;rs228631		SLC9B2	ENSG00000164038	protein_coding	103941025	104006986		GENE_BODY_OVERLAP	LEVEL2	Ensembl overlap/region GRCh37	GRCh37	2026-09-21	ANNOTATED
AMD-T2D	4:103388441-104802530	4	103388441	104802530	0.0004845007260895	POSITIVE_DIRECTION_CONCORDANT	rs11734396;rs228631		BDH2	ENSG00000164039	protein_coding	104000592	104021040		GENE_BODY_OVERLAP	LEVEL2	Ensembl overlap/region GRCh37	GRCh37	2026-09-21	ANNOTATED
AMD-T2D	4:103388441-104802530	4	103388441	104802530	0.0004845007260895	POSITIVE_DIRECTION_CONCORDANT	rs11734396;rs228631		CENPE	ENSG00000138778	protein_coding	104026963	104119566		GENE_BODY_OVERLAP	LEVEL2	Ensembl overlap/region GRCh37	GRCh37	2026-09-21	ANNOTATED
AMD-T2D	4:103388441-104802530	4	103388441	104802530	0.0004845007260895	POSITIVE_DIRECTION_CONCORDANT	rs11734396;rs228631		TACR3	ENSG00000169836	protein_coding	104507188	104640973		GENE_BODY_OVERLAP	LEVEL2	Ensembl overlap/region GRCh37	GRCh37	2026-09-21	ANNOTATED
AMD-T2D	4:103388441-104802530	4	103388441	104802530	0.0004845007260895	POSITIVE_DIRECTION_CONCORDANT	rs11734396	104022110	BDH2	ENSG00000164039	protein_coding	104000592	104021040	1070	NEAREST_PROTEIN_CODING_GENE	LEVEL3	Ensembl overlap/region GRCh37	GRCh37	2026-09-21	ANNOTATED
CAT-T2D	4:103388441-104802530	4	103388441	104802530	0.0001431518936158	POSITIVE_DIRECTION_CONCORDANT	rs228631	103573863	MANBA	ENSG00000109323	protein_coding	103552660	103682151	0	NEAREST_PROTEIN_CODING_GENE	LEVEL3	Ensembl overlap/region GRCh37	GRCh37	2026-09-21	ANNOTATED
AMD-T2D	5:73508509-75240469	5	73508509	75240469	0.0005999634302436	POSITIVE_DIRECTION_CONCORDANT	rs34358		ENC1	ENSG00000171617	protein_coding	73923234	73937249		GENE_BODY_OVERLAP	LEVEL2	Ensembl overlap/region GRCh37	GRCh37	2026-09-21	ANNOTATED
AMD-T2D	5:73508509-75240469	5	73508509	75240469	0.0005999634302436	POSITIVE_DIRECTION_CONCORDANT	rs34358		HEXB	ENSG00000049860	protein_coding	73935848	74018472		GENE_BODY_OVERLAP	LEVEL2	Ensembl overlap/region GRCh37	GRCh37	2026-09-21	ANNOTATED
AMD-T2D	5:73508509-75240469	5	73508509	75240469	0.0005999634302436	POSITIVE_DIRECTION_CONCORDANT	rs34358		GFM2	ENSG00000164347	protein_coding	74017029	74063196		GENE_BODY_OVERLAP	LEVEL2	Ensembl overlap/region GRCh37	GRCh37	2026-09-21	ANNOTATED
AMD-T2D	5:73508509-75240469	5	73508509	75240469	0.0005999634302436	POSITIVE_DIRECTION_CONCORDANT	rs34358		NSA2	ENSG00000164346	protein_coding	74062817	74072737		GENE_BODY_OVERLAP	LEVEL2	Ensembl overlap/region GRCh37	GRCh37	2026-09-21	ANNOTATED
AMD-T2D	5:73508509-75240469	5	73508509	75240469	0.0005999634302436	POSITIVE_DIRECTION_CONCORDANT	rs34358		FAM169A	ENSG00000198780	protein_coding	74073399	74162776		GENE_BODY_OVERLAP	LEVEL2	Ensembl overlap/region GRCh37	GRCh37	2026-09-21	ANNOTATED
AMD-T2D	5:73508509-75240469	5	73508509	75240469	0.0005999634302436	POSITIVE_DIRECTION_CONCORDANT	rs34358		GCNT4	ENSG00000176928	protein_coding	74323289	74326724		GENE_BODY_OVERLAP	LEVEL2	Ensembl overlap/region GRCh37	GRCh37	2026-09-21	ANNOTATED
AMD-T2D	5:73508509-75240469	5	73508509	75240469	0.0005999634302436	POSITIVE_DIRECTION_CONCORDANT	rs34358		ANKRD31	ENSG00000145700	protein_coding	74364100	74532703		GENE_BODY_OVERLAP	LEVEL2	Ensembl overlap/region GRCh37	GRCh37	2026-09-21	ANNOTATED
AMD-T2D	5:73508509-75240469	5	73508509	75240469	0.0005999634302436	POSITIVE_DIRECTION_CONCORDANT	rs34358		HMGCR	ENSG00000113161	protein_coding	74632154	74657929		GENE_BODY_OVERLAP	LEVEL2	Ensembl overlap/region GRCh37	GRCh37	2026-09-21	ANNOTATED
AMD-T2D	5:73508509-75240469	5	73508509	75240469	0.0005999634302436	POSITIVE_DIRECTION_CONCORDANT	rs34358		COL4A3BP	ENSG00000113163	protein_coding	74664311	74807963		GENE_BODY_OVERLAP	LEVEL2	Ensembl overlap/region GRCh37	GRCh37	2026-09-21	ANNOTATED
AMD-T2D	5:73508509-75240469	5	73508509	75240469	0.0005999634302436	POSITIVE_DIRECTION_CONCORDANT	rs34358		POLK	ENSG00000122008	protein_coding	74807581	74896969		GENE_BODY_OVERLAP	LEVEL2	Ensembl overlap/region GRCh37	GRCh37	2026-09-21	ANNOTATED
AMD-T2D	5:73508509-75240469	5	73508509	75240469	0.0005999634302436	POSITIVE_DIRECTION_CONCORDANT	rs34358		ANKDD1B	ENSG00000189045	protein_coding	74907284	74967671		GENE_BODY_OVERLAP	LEVEL2	Ensembl overlap/region GRCh37	GRCh37	2026-09-21	ANNOTATED
AMD-T2D	5:73508509-75240469	5	73508509	75240469	0.0005999634302436	POSITIVE_DIRECTION_CONCORDANT	rs34358		POC5	ENSG00000152359	protein_coding	74969949	75013313		GENE_BODY_OVERLAP	LEVEL2	Ensembl overlap/region GRCh37	GRCh37	2026-09-21	ANNOTATED
AMD-T2D	5:73508509-75240469	5	73508509	75240469	0.0005999634302436	POSITIVE_DIRECTION_CONCORDANT	rs34358	74965122	ANKDD1B	ENSG00000189045	protein_coding	74907284	74967671	0	NEAREST_PROTEIN_CODING_GENE	LEVEL3	Ensembl overlap/region GRCh37	GRCh37	2026-09-21	ANNOTATED
AMD-T2D	7:104158491-105425027	7	104158491	105425027	0.0005962144578605	POSITIVE_DIRECTION_CONCORDANT	rs2097942;rs4460308;rs6966728;rs7776707		LHFPL3	ENSG00000187416	protein_coding	103969104	104549001		GENE_BODY_OVERLAP	LEVEL2	Ensembl overlap/region GRCh37	GRCh37	2026-09-21	ANNOTATED
AMD-T2D	7:104158491-105425027	7	104158491	105425027	0.0005962144578605	POSITIVE_DIRECTION_CONCORDANT	rs2097942;rs4460308;rs6966728;rs7776707		KMT2E	ENSG00000005483	protein_coding	104654626	104754808		GENE_BODY_OVERLAP	LEVEL2	Ensembl overlap/region GRCh37	GRCh37	2026-09-21	ANNOTATED
AMD-T2D	7:104158491-105425027	7	104158491	105425027	0.0005962144578605	POSITIVE_DIRECTION_CONCORDANT	rs2097942;rs4460308;rs6966728;rs7776707		SRPK2	ENSG00000135250	protein_coding	104751151	105039755		GENE_BODY_OVERLAP	LEVEL2	Ensembl overlap/region GRCh37	GRCh37	2026-09-21	ANNOTATED
AMD-T2D	7:104158491-105425027	7	104158491	105425027	0.0005962144578605	POSITIVE_DIRECTION_CONCORDANT	rs2097942;rs4460308;rs6966728;rs7776707		PUS7	ENSG00000091127	protein_coding	105080108	105162714		GENE_BODY_OVERLAP	LEVEL2	Ensembl overlap/region GRCh37	GRCh37	2026-09-21	ANNOTATED
AMD-T2D	7:104158491-105425027	7	104158491	105425027	0.0005962144578605	POSITIVE_DIRECTION_CONCORDANT	rs2097942;rs4460308;rs6966728;rs7776707		RINT1	ENSG00000135249	protein_coding	105172532	105208124		GENE_BODY_OVERLAP	LEVEL2	Ensembl overlap/region GRCh37	GRCh37	2026-09-21	ANNOTATED
AMD-T2D	7:104158491-105425027	7	104158491	105425027	0.0005962144578605	POSITIVE_DIRECTION_CONCORDANT	rs2097942;rs4460308;rs6966728;rs7776707		EFCAB10	ENSG00000185055	protein_coding	105205567	105241322		GENE_BODY_OVERLAP	LEVEL2	Ensembl overlap/region GRCh37	GRCh37	2026-09-21	ANNOTATED
AMD-T2D	7:104158491-105425027	7	104158491	105425027	0.0005962144578605	POSITIVE_DIRECTION_CONCORDANT	rs2097942;rs4460308;rs6966728;rs7776707		ATXN7L1	ENSG00000146776	protein_coding	105245514	105517050		GENE_BODY_OVERLAP	LEVEL2	Ensembl overlap/region GRCh37	GRCh37	2026-09-21	ANNOTATED
AMD-CKD	7:104158491-105425027	7	104158491	105425027	-0.0004883119291701	NEGATIVE_DIRECTION_CONCORDANT	rs6966728	104618318	KMT2E	ENSG00000005483	protein_coding	104654626	104754808	36308	NEAREST_PROTEIN_CODING_GENE	LEVEL3	Ensembl overlap/region GRCh37	GRCh37	2026-09-21	ANNOTATED
AMD-PD	7:104158491-105425027	7	104158491	105425027	-0.0004907398412209	NEGATIVE_DIRECTION_CONCORDANT	rs2097942	104725105	KMT2E	ENSG00000005483	protein_coding	104654626	104754808	0	NEAREST_PROTEIN_CODING_GENE	LEVEL3	Ensembl overlap/region GRCh37	GRCh37	2026-09-21	ANNOTATED
AMD-T2D	7:104158491-105425027	7	104158491	105425027	0.0005962144578605	POSITIVE_DIRECTION_CONCORDANT	rs7776707	104605530	KMT2E	ENSG00000005483	protein_coding	104654626	104754808	49096	NEAREST_PROTEIN_CODING_GENE	LEVEL3	Ensembl overlap/region GRCh37	GRCh37	2026-09-21	ANNOTATED
AMD-T2D	7:104158491-105425027	7	104158491	105425027	0.0005962144578605	POSITIVE_DIRECTION_CONCORDANT	rs4460308	104420060	LHFPL3	ENSG00000187416	protein_coding	103969104	104549001	0	NEAREST_PROTEIN_CODING_GENE	LEVEL3	Ensembl overlap/region GRCh37	GRCh37	2026-09-21	ANNOTATED
AMD-T2D	17:3426133-4321755	17	3426133	4321755	-0.0006867881247124	NEGATIVE_DIRECTION_CONCORDANT	rs1076902;rs2278524;rs2727074		CAMKK1	ENSG00000004660	protein_coding	3763609	3798185		GENE_BODY_OVERLAP	LEVEL2	Ensembl overlap/region GRCh37	GRCh37	2026-09-21	ANNOTATED
AMD-T2D	17:3426133-4321755	17	3426133	4321755	-0.0006867881247124	NEGATIVE_DIRECTION_CONCORDANT	rs1076902;rs2278524;rs2727074		P2RX1	ENSG00000108405	protein_coding	3799886	3819794		GENE_BODY_OVERLAP	LEVEL2	Ensembl overlap/region GRCh37	GRCh37	2026-09-21	ANNOTATED
AMD-T2D	17:3426133-4321755	17	3426133	4321755	-0.0006867881247124	NEGATIVE_DIRECTION_CONCORDANT	rs1076902;rs2278524;rs2727074		ATP2A3	ENSG00000074370	protein_coding	3827169	3867736		GENE_BODY_OVERLAP	LEVEL2	Ensembl overlap/region GRCh37	GRCh37	2026-09-21	ANNOTATED
AMD-T2D	17:3426133-4321755	17	3426133	4321755	-0.0006867881247124	NEGATIVE_DIRECTION_CONCORDANT	rs1076902;rs2278524;rs2727074		ZZEF1	ENSG00000074755	protein_coding	3907739	4046314		GENE_BODY_OVERLAP	LEVEL2	Ensembl overlap/region GRCh37	GRCh37	2026-09-21	ANNOTATED
AMD-T2D	17:3426133-4321755	17	3426133	4321755	-0.0006867881247124	NEGATIVE_DIRECTION_CONCORDANT	rs1076902;rs2278524;rs2727074		CYB5D2	ENSG00000167740	protein_coding	4046462	4090605		GENE_BODY_OVERLAP	LEVEL2	Ensembl overlap/region GRCh37	GRCh37	2026-09-21	ANNOTATED
AMD-T2D	17:3426133-4321755	17	3426133	4321755	-0.0006867881247124	NEGATIVE_DIRECTION_CONCORDANT	rs1076902;rs2278524;rs2727074		ANKFY1	ENSG00000185722	protein_coding	4067201	4167274		GENE_BODY_OVERLAP	LEVEL2	Ensembl overlap/region GRCh37	GRCh37	2026-09-21	ANNOTATED
AMD-T2D	17:3426133-4321755	17	3426133	4321755	-0.0006867881247124	NEGATIVE_DIRECTION_CONCORDANT	rs1076902;rs2278524;rs2727074		UBE2G1	ENSG00000132388	protein_coding	4172554	4269923		GENE_BODY_OVERLAP	LEVEL2	Ensembl overlap/region GRCh37	GRCh37	2026-09-21	ANNOTATED
AMD-T2D	17:3426133-4321755	17	3426133	4321755	-0.0006867881247124	NEGATIVE_DIRECTION_CONCORDANT	rs1076902;rs2278524;rs2727074		TRPV3	ENSG00000167723	protein_coding	3413796	3461289		GENE_BODY_OVERLAP	LEVEL2	Ensembl overlap/region GRCh37	GRCh37	2026-09-21	ANNOTATED
AMD-T2D	17:3426133-4321755	17	3426133	4321755	-0.0006867881247124	NEGATIVE_DIRECTION_CONCORDANT	rs1076902;rs2278524;rs2727074		SHPK	ENSG00000262304	protein_coding	3468738	3539543		GENE_BODY_OVERLAP	LEVEL2	Ensembl overlap/region GRCh37	GRCh37	2026-09-21	ANNOTATED
AMD-T2D	17:3426133-4321755	17	3426133	4321755	-0.0006867881247124	NEGATIVE_DIRECTION_CONCORDANT	rs1076902;rs2278524;rs2727074		TRPV1	ENSG00000196689	protein_coding	3468738	3500392		GENE_BODY_OVERLAP	LEVEL2	Ensembl overlap/region GRCh37	GRCh37	2026-09-21	ANNOTATED
AMD-T2D	17:3426133-4321755	17	3426133	4321755	-0.0006867881247124	NEGATIVE_DIRECTION_CONCORDANT	rs1076902;rs2278524;rs2727074		SHPK	ENSG00000197417	protein_coding	3511556	3539616		GENE_BODY_OVERLAP	LEVEL2	Ensembl overlap/region GRCh37	GRCh37	2026-09-21	ANNOTATED
AMD-T2D	17:3426133-4321755	17	3426133	4321755	-0.0006867881247124	NEGATIVE_DIRECTION_CONCORDANT	rs1076902;rs2278524;rs2727074		CTNS	ENSG00000040531	protein_coding	3539762	3564836		GENE_BODY_OVERLAP	LEVEL2	Ensembl overlap/region GRCh37	GRCh37	2026-09-21	ANNOTATED
AMD-T2D	17:3426133-4321755	17	3426133	4321755	-0.0006867881247124	NEGATIVE_DIRECTION_CONCORDANT	rs1076902;rs2278524;rs2727074		TAX1BP3	ENSG00000213977	protein_coding	3566196	3571976		GENE_BODY_OVERLAP	LEVEL2	Ensembl overlap/region GRCh37	GRCh37	2026-09-21	ANNOTATED
AMD-T2D	17:3426133-4321755	17	3426133	4321755	-0.0006867881247124	NEGATIVE_DIRECTION_CONCORDANT	rs1076902;rs2278524;rs2727074		P2RX5-TAX1BP3	ENSG00000257950	protein_coding	3566357	3599488		GENE_BODY_OVERLAP	LEVEL2	Ensembl overlap/region GRCh37	GRCh37	2026-09-21	ANNOTATED
AMD-T2D	17:3426133-4321755	17	3426133	4321755	-0.0006867881247124	NEGATIVE_DIRECTION_CONCORDANT	rs1076902;rs2278524;rs2727074		EMC6	ENSG00000127774	protein_coding	3572109	3572962		GENE_BODY_OVERLAP	LEVEL2	Ensembl overlap/region GRCh37	GRCh37	2026-09-21	ANNOTATED
AMD-T2D	17:3426133-4321755	17	3426133	4321755	-0.0006867881247124	NEGATIVE_DIRECTION_CONCORDANT	rs1076902;rs2278524;rs2727074		P2RX5	ENSG00000083454	protein_coding	3575493	3599698		GENE_BODY_OVERLAP	LEVEL2	Ensembl overlap/region GRCh37	GRCh37	2026-09-21	ANNOTATED
AMD-T2D	17:3426133-4321755	17	3426133	4321755	-0.0006867881247124	NEGATIVE_DIRECTION_CONCORDANT	rs1076902;rs2278524;rs2727074		ITGAE	ENSG00000083457	protein_coding	3617922	3704537		GENE_BODY_OVERLAP	LEVEL2	Ensembl overlap/region GRCh37	GRCh37	2026-09-21	ANNOTATED
AMD-T2D	17:3426133-4321755	17	3426133	4321755	-0.0006867881247124	NEGATIVE_DIRECTION_CONCORDANT	rs1076902;rs2278524;rs2727074		GSG2	ENSG00000177602	protein_coding	3627211	3630067		GENE_BODY_OVERLAP	LEVEL2	Ensembl overlap/region GRCh37	GRCh37	2026-09-21	ANNOTATED
AMD-T2D	17:3426133-4321755	17	3426133	4321755	-0.0006867881247124	NEGATIVE_DIRECTION_CONCORDANT	rs1076902;rs2278524;rs2727074		C17orf85	ENSG00000074356	protein_coding	3714460	3749545		GENE_BODY_OVERLAP	LEVEL2	Ensembl overlap/region GRCh37	GRCh37	2026-09-21	ANNOTATED
AMD-STROKE	17:3426133-4321755	17	3426133	4321755	-0.0005152675087054	NEGATIVE_DIRECTION_CONCORDANT	rs2727074	3994670	ZZEF1	ENSG00000074755	protein_coding	3907739	4046314	0	NEAREST_PROTEIN_CODING_GENE	LEVEL3	Ensembl overlap/region GRCh37	GRCh37	2026-09-21	ANNOTATED
AMD-T2D	17:3426133-4321755	17	3426133	4321755	-0.0006867881247124	NEGATIVE_DIRECTION_CONCORDANT	rs2278524	4081975	ANKFY1	ENSG00000185722	protein_coding	4067201	4167274	0	NEAREST_PROTEIN_CODING_GENE	LEVEL3	Ensembl overlap/region GRCh37	GRCh37	2026-09-21	ANNOTATED
AMD-T2D	17:3426133-4321755	17	3426133	4321755	-0.0006867881247124	NEGATIVE_DIRECTION_CONCORDANT	rs2278524	4081975	CYB5D2	ENSG00000167740	protein_coding	4046462	4090605	0	NEAREST_PROTEIN_CODING_GENE	LEVEL3	Ensembl overlap/region GRCh37	GRCh37	2026-09-21	ANNOTATED
AMD-T2D	17:3426133-4321755	17	3426133	4321755	-0.0006867881247124	NEGATIVE_DIRECTION_CONCORDANT	rs1076902	3828822	ATP2A3	ENSG00000074370	protein_coding	3827169	3867736	0	NEAREST_PROTEIN_CODING_GENE	LEVEL3	Ensembl overlap/region GRCh37	GRCh37	2026-09-21	ANNOTATED
AMD-CKD	7:104158491-105425027	7	104158491	105425027	-0.0004883119291701	NEGATIVE_DIRECTION_CONCORDANT	rs2097942;rs4460308;rs6966728;rs7776707		LHFPL3	ENSG00000187416	protein_coding	103969104	104549001		GENE_BODY_OVERLAP	LEVEL2	Ensembl overlap/region GRCh37	GRCh37	2026-09-21	ANNOTATED
AMD-CKD	7:104158491-105425027	7	104158491	105425027	-0.0004883119291701	NEGATIVE_DIRECTION_CONCORDANT	rs2097942;rs4460308;rs6966728;rs7776707		KMT2E	ENSG00000005483	protein_coding	104654626	104754808		GENE_BODY_OVERLAP	LEVEL2	Ensembl overlap/region GRCh37	GRCh37	2026-09-21	ANNOTATED
AMD-CKD	7:104158491-105425027	7	104158491	105425027	-0.0004883119291701	NEGATIVE_DIRECTION_CONCORDANT	rs2097942;rs4460308;rs6966728;rs7776707		SRPK2	ENSG00000135250	protein_coding	104751151	105039755		GENE_BODY_OVERLAP	LEVEL2	Ensembl overlap/region GRCh37	GRCh37	2026-09-21	ANNOTATED
AMD-CKD	7:104158491-105425027	7	104158491	105425027	-0.0004883119291701	NEGATIVE_DIRECTION_CONCORDANT	rs2097942;rs4460308;rs6966728;rs7776707		PUS7	ENSG00000091127	protein_coding	105080108	105162714		GENE_BODY_OVERLAP	LEVEL2	Ensembl overlap/region GRCh37	GRCh37	2026-09-21	ANNOTATED
AMD-CKD	7:104158491-105425027	7	104158491	105425027	-0.0004883119291701	NEGATIVE_DIRECTION_CONCORDANT	rs2097942;rs4460308;rs6966728;rs7776707		RINT1	ENSG00000135249	protein_coding	105172532	105208124		GENE_BODY_OVERLAP	LEVEL2	Ensembl overlap/region GRCh37	GRCh37	2026-09-21	ANNOTATED
AMD-CKD	7:104158491-105425027	7	104158491	105425027	-0.0004883119291701	NEGATIVE_DIRECTION_CONCORDANT	rs2097942;rs4460308;rs6966728;rs7776707		EFCAB10	ENSG00000185055	protein_coding	105205567	105241322		GENE_BODY_OVERLAP	LEVEL2	Ensembl overlap/region GRCh37	GRCh37	2026-09-21	ANNOTATED
AMD-CKD	7:104158491-105425027	7	104158491	105425027	-0.0004883119291701	NEGATIVE_DIRECTION_CONCORDANT	rs2097942;rs4460308;rs6966728;rs7776707		ATXN7L1	ENSG00000146776	protein_coding	105245514	105517050		GENE_BODY_OVERLAP	LEVEL2	Ensembl overlap/region GRCh37	GRCh37	2026-09-21	ANNOTATED
AMD-CKD	7:104158491-105425027	7	104158491	105425027	-0.0004883119291701	NEGATIVE_DIRECTION_CONCORDANT	rs6966728	104618318	KMT2E	ENSG00000005483	protein_coding	104654626	104754808	36308	NEAREST_PROTEIN_CODING_GENE	LEVEL3	Ensembl overlap/region GRCh37	GRCh37	2026-09-21	ANNOTATED
AMD-PD	7:104158491-105425027	7	104158491	105425027	-0.0004907398412209	NEGATIVE_DIRECTION_CONCORDANT	rs2097942	104725105	KMT2E	ENSG00000005483	protein_coding	104654626	104754808	0	NEAREST_PROTEIN_CODING_GENE	LEVEL3	Ensembl overlap/region GRCh37	GRCh37	2026-09-21	ANNOTATED
AMD-T2D	7:104158491-105425027	7	104158491	105425027	0.0005962144578605	POSITIVE_DIRECTION_CONCORDANT	rs7776707	104605530	KMT2E	ENSG00000005483	protein_coding	104654626	104754808	49096	NEAREST_PROTEIN_CODING_GENE	LEVEL3	Ensembl overlap/region GRCh37	GRCh37	2026-09-21	ANNOTATED
AMD-T2D	7:104158491-105425027	7	104158491	105425027	0.0005962144578605	POSITIVE_DIRECTION_CONCORDANT	rs4460308	104420060	LHFPL3	ENSG00000187416	protein_coding	103969104	104549001	0	NEAREST_PROTEIN_CODING_GENE	LEVEL3	Ensembl overlap/region GRCh37	GRCh37	2026-09-21	ANNOTATED
AMD-CKD	12:110112932-113027651	12	110112932	113027651	0.0004688619412696	POSITIVE_DIRECTION_CONCORDANT	rs12828640;rs4378452;rs4766453;rs653178;rs7311681;rs848132		BRAP	ENSG00000089234	protein_coding	112079950	112123790		GENE_BODY_OVERLAP	LEVEL2	Ensembl overlap/region GRCh37	GRCh37	2026-09-21	ANNOTATED
AMD-CKD	12:110112932-113027651	12	110112932	113027651	0.0004688619412696	POSITIVE_DIRECTION_CONCORDANT	rs12828640;rs4378452;rs4766453;rs653178;rs7311681;rs848132		ACAD10	ENSG00000111271	protein_coding	112123857	112194903		GENE_BODY_OVERLAP	LEVEL2	Ensembl overlap/region GRCh37	GRCh37	2026-09-21	ANNOTATED
AMD-CKD	12:110112932-113027651	12	110112932	113027651	0.0004688619412696	POSITIVE_DIRECTION_CONCORDANT	rs12828640;rs4378452;rs4766453;rs653178;rs7311681;rs848132		ANKRD13A	ENSG00000076513	protein_coding	110436991	110477568		GENE_BODY_OVERLAP	LEVEL2	Ensembl overlap/region GRCh37	GRCh37	2026-09-21	ANNOTATED
AMD-CKD	12:110112932-113027651	12	110112932	113027651	0.0004688619412696	POSITIVE_DIRECTION_CONCORDANT	rs12828640;rs4378452;rs4766453;rs653178;rs7311681;rs848132		C12orf76	ENSG00000174456	protein_coding	110465872	110511491		GENE_BODY_OVERLAP	LEVEL2	Ensembl overlap/region GRCh37	GRCh37	2026-09-21	ANNOTATED
AMD-CKD	12:110112932-113027651	12	110112932	113027651	0.0004688619412696	POSITIVE_DIRECTION_CONCORDANT	rs12828640;rs4378452;rs4766453;rs653178;rs7311681;rs848132		IFT81	ENSG00000122970	protein_coding	110562140	110656602		GENE_BODY_OVERLAP	LEVEL2	Ensembl overlap/region GRCh37	GRCh37	2026-09-21	ANNOTATED
AMD-CKD	12:110112932-113027651	12	110112932	113027651	0.0004688619412696	POSITIVE_DIRECTION_CONCORDANT	rs12828640;rs4378452;rs4766453;rs653178;rs7311681;rs848132		RP11-162P23.2	ENSG00000257767	protein_coding	112191694	112229222		GENE_BODY_OVERLAP	LEVEL2	Ensembl overlap/region GRCh37	GRCh37	2026-09-21	ANNOTATED
AMD-CKD	12:110112932-113027651	12	110112932	113027651	0.0004688619412696	POSITIVE_DIRECTION_CONCORDANT	rs12828640;rs4378452;rs4766453;rs653178;rs7311681;rs848132		ALDH2	ENSG00000111275	protein_coding	112204691	112247782		GENE_BODY_OVERLAP	LEVEL2	Ensembl overlap/region GRCh37	GRCh37	2026-09-21	ANNOTATED
AMD-CKD	12:110112932-113027651	12	110112932	113027651	0.0004688619412696	POSITIVE_DIRECTION_CONCORDANT	rs12828640;rs4378452;rs4766453;rs653178;rs7311681;rs848132		ATP2A2	ENSG00000174437	protein_coding	110718561	110788898		GENE_BODY_OVERLAP	LEVEL2	Ensembl overlap/region GRCh37	GRCh37	2026-09-21	ANNOTATED
AMD-CKD	12:110112932-113027651	12	110112932	113027651	0.0004688619412696	POSITIVE_DIRECTION_CONCORDANT	rs12828640;rs4378452;rs4766453;rs653178;rs7311681;rs848132		MAPKAPK5	ENSG00000089022	protein_coding	112279782	112334343		GENE_BODY_OVERLAP	LEVEL2	Ensembl overlap/region GRCh37	GRCh37	2026-09-21	ANNOTATED
AMD-CKD	12:110112932-113027651	12	110112932	113027651	0.0004688619412696	POSITIVE_DIRECTION_CONCORDANT	rs12828640;rs4378452;rs4766453;rs653178;rs7311681;rs848132		TMEM116	ENSG00000198270	protein_coding	112369086	112450970		GENE_BODY_OVERLAP	LEVEL2	Ensembl overlap/region GRCh37	GRCh37	2026-09-21	ANNOTATED
AMD-CKD	12:110112932-113027651	12	110112932	113027651	0.0004688619412696	POSITIVE_DIRECTION_CONCORDANT	rs12828640;rs4378452;rs4766453;rs653178;rs7311681;rs848132		ANAPC7	ENSG00000196510	protein_coding	110810705	110841535		GENE_BODY_OVERLAP	LEVEL2	Ensembl overlap/region GRCh37	GRCh37	2026-09-21	ANNOTATED
AMD-CKD	12:110112932-113027651	12	110112932	113027651	0.0004688619412696	POSITIVE_DIRECTION_CONCORDANT	rs12828640;rs4378452;rs4766453;rs653178;rs7311681;rs848132		ARPC3	ENSG00000111229	protein_coding	110872630	110888227		GENE_BODY_OVERLAP	LEVEL2	Ensembl overlap/region GRCh37	GRCh37	2026-09-21	ANNOTATED
AMD-CKD	12:110112932-113027651	12	110112932	113027651	0.0004688619412696	POSITIVE_DIRECTION_CONCORDANT	rs12828640;rs4378452;rs4766453;rs653178;rs7311681;rs848132		ERP29	ENSG00000089248	protein_coding	112451120	112461255		GENE_BODY_OVERLAP	LEVEL2	Ensembl overlap/region GRCh37	GRCh37	2026-09-21	ANNOTATED
AMD-CKD	12:110112932-113027651	12	110112932	113027651	0.0004688619412696	POSITIVE_DIRECTION_CONCORDANT	rs12828640;rs4378452;rs4766453;rs653178;rs7311681;rs848132		GPN3	ENSG00000111231	protein_coding	110890289	110907073		GENE_BODY_OVERLAP	LEVEL2	Ensembl overlap/region GRCh37	GRCh37	2026-09-21	ANNOTATED
AMD-CKD	12:110112932-113027651	12	110112932	113027651	0.0004688619412696	POSITIVE_DIRECTION_CONCORDANT	rs12828640;rs4378452;rs4766453;rs653178;rs7311681;rs848132		NAA25	ENSG00000111300	protein_coding	112464500	112546826		GENE_BODY_OVERLAP	LEVEL2	Ensembl overlap/region GRCh37	GRCh37	2026-09-21	ANNOTATED
AMD-CKD	12:110112932-113027651	12	110112932	113027651	0.0004688619412696	POSITIVE_DIRECTION_CONCORDANT	rs12828640;rs4378452;rs4766453;rs653178;rs7311681;rs848132		FAM216A	ENSG00000204856	protein_coding	110906169	110928190		GENE_BODY_OVERLAP	LEVEL2	Ensembl overlap/region GRCh37	GRCh37	2026-09-21	ANNOTATED
AMD-CKD	12:110112932-113027651	12	110112932	113027651	0.0004688619412696	POSITIVE_DIRECTION_CONCORDANT	rs12828640;rs4378452;rs4766453;rs653178;rs7311681;rs848132		VPS29	ENSG00000111237	protein_coding	110928902	110939922		GENE_BODY_OVERLAP	LEVEL2	Ensembl overlap/region GRCh37	GRCh37	2026-09-21	ANNOTATED
AMD-CKD	12:110112932-113027651	12	110112932	113027651	0.0004688619412696	POSITIVE_DIRECTION_CONCORDANT	rs12828640;rs4378452;rs4766453;rs653178;rs7311681;rs848132		TRAFD1	ENSG00000135148	protein_coding	112563305	112591407		GENE_BODY_OVERLAP	LEVEL2	Ensembl overlap/region GRCh37	GRCh37	2026-09-21	ANNOTATED
AMD-CKD	12:110112932-113027651	12	110112932	113027651	0.0004688619412696	POSITIVE_DIRECTION_CONCORDANT	rs12828640;rs4378452;rs4766453;rs653178;rs7311681;rs848132		RAD9B	ENSG00000151164	protein_coding	110939460	110969891		GENE_BODY_OVERLAP	LEVEL2	Ensembl overlap/region GRCh37	GRCh37	2026-09-21	ANNOTATED
AMD-CKD	12:110112932-113027651	12	110112932	113027651	0.0004688619412696	POSITIVE_DIRECTION_CONCORDANT	rs12828640;rs4378452;rs4766453;rs653178;rs7311681;rs848132		HECTD4	ENSG00000173064	protein_coding	112597992	112819896		GENE_BODY_OVERLAP	LEVEL2	Ensembl overlap/region GRCh37	GRCh37	2026-09-21	ANNOTATED
AMD-CKD	12:110112932-113027651	12	110112932	113027651	0.0004688619412696	POSITIVE_DIRECTION_CONCORDANT	rs12828640;rs4378452;rs4766453;rs653178;rs7311681;rs848132		PPTC7	ENSG00000196850	protein_coding	110969120	111021125		GENE_BODY_OVERLAP	LEVEL2	Ensembl overlap/region GRCh37	GRCh37	2026-09-21	ANNOTATED
AMD-CKD	12:110112932-113027651	12	110112932	113027651	0.0004688619412696	POSITIVE_DIRECTION_CONCORDANT	rs12828640;rs4378452;rs4766453;rs653178;rs7311681;rs848132		TCTN1	ENSG00000204852	protein_coding	111051832	111087235		GENE_BODY_OVERLAP	LEVEL2	Ensembl overlap/region GRCh37	GRCh37	2026-09-21	ANNOTATED
AMD-CKD	12:110112932-113027651	12	110112932	113027651	0.0004688619412696	POSITIVE_DIRECTION_CONCORDANT	rs12828640;rs4378452;rs4766453;rs653178;rs7311681;rs848132		RPL6	ENSG00000089009	protein_coding	112842994	112856642		GENE_BODY_OVERLAP	LEVEL2	Ensembl overlap/region GRCh37	GRCh37	2026-09-21	ANNOTATED
AMD-CKD	12:110112932-113027651	12	110112932	113027651	0.0004688619412696	POSITIVE_DIRECTION_CONCORDANT	rs12828640;rs4378452;rs4766453;rs653178;rs7311681;rs848132		HVCN1	ENSG00000122986	protein_coding	111065646	111142755		GENE_BODY_OVERLAP	LEVEL2	Ensembl overlap/region GRCh37	GRCh37	2026-09-21	ANNOTATED
AMD-CKD	12:110112932-113027651	12	110112932	113027651	0.0004688619412696	POSITIVE_DIRECTION_CONCORDANT	rs12828640;rs4378452;rs4766453;rs653178;rs7311681;rs848132		PTPN11	ENSG00000179295	protein_coding	112856155	112947717		GENE_BODY_OVERLAP	LEVEL2	Ensembl overlap/region GRCh37	GRCh37	2026-09-21	ANNOTATED
AMD-CKD	12:110112932-113027651	12	110112932	113027651	0.0004688619412696	POSITIVE_DIRECTION_CONCORDANT	rs12828640;rs4378452;rs4766453;rs653178;rs7311681;rs848132		PPP1CC	ENSG00000186298	protein_coding	111157485	111180744		GENE_BODY_OVERLAP	LEVEL2	Ensembl overlap/region GRCh37	GRCh37	2026-09-21	ANNOTATED
AMD-CKD	12:110112932-113027651	12	110112932	113027651	0.0004688619412696	POSITIVE_DIRECTION_CONCORDANT	rs12828640;rs4378452;rs4766453;rs653178;rs7311681;rs848132		RPH3A	ENSG00000089169	protein_coding	113008184	113336686		GENE_BODY_OVERLAP	LEVEL2	Ensembl overlap/region GRCh37	GRCh37	2026-09-21	ANNOTATED
AMD-CKD	12:110112932-113027651	12	110112932	113027651	0.0004688619412696	POSITIVE_DIRECTION_CONCORDANT	rs12828640;rs4378452;rs4766453;rs653178;rs7311681;rs848132		CCDC63	ENSG00000173093	protein_coding	111284573	111345339		GENE_BODY_OVERLAP	LEVEL2	Ensembl overlap/region GRCh37	GRCh37	2026-09-21	ANNOTATED
AMD-CKD	12:110112932-113027651	12	110112932	113027651	0.0004688619412696	POSITIVE_DIRECTION_CONCORDANT	rs12828640;rs4378452;rs4766453;rs653178;rs7311681;rs848132		MYL2	ENSG00000111245	protein_coding	111348623	111358526		GENE_BODY_OVERLAP	LEVEL2	Ensembl overlap/region GRCh37	GRCh37	2026-09-21	ANNOTATED
AMD-CKD	12:110112932-113027651	12	110112932	113027651	0.0004688619412696	POSITIVE_DIRECTION_CONCORDANT	rs12828640;rs4378452;rs4766453;rs653178;rs7311681;rs848132		CUX2	ENSG00000111249	protein_coding	111471828	111788358		GENE_BODY_OVERLAP	LEVEL2	Ensembl overlap/region GRCh37	GRCh37	2026-09-21	ANNOTATED
AMD-CKD	12:110112932-113027651	12	110112932	113027651	0.0004688619412696	POSITIVE_DIRECTION_CONCORDANT	rs12828640;rs4378452;rs4766453;rs653178;rs7311681;rs848132		FAM109A	ENSG00000198324	protein_coding	111798455	111806925		GENE_BODY_OVERLAP	LEVEL2	Ensembl overlap/region GRCh37	GRCh37	2026-09-21	ANNOTATED
AMD-CKD	12:110112932-113027651	12	110112932	113027651	0.0004688619412696	POSITIVE_DIRECTION_CONCORDANT	rs12828640;rs4378452;rs4766453;rs653178;rs7311681;rs848132		SH2B3	ENSG00000111252	protein_coding	111843752	111889427		GENE_BODY_OVERLAP	LEVEL2	Ensembl overlap/region GRCh37	GRCh37	2026-09-21	ANNOTATED
AMD-CKD	12:110112932-113027651	12	110112932	113027651	0.0004688619412696	POSITIVE_DIRECTION_CONCORDANT	rs12828640;rs4378452;rs4766453;rs653178;rs7311681;rs848132		ATXN2	ENSG00000204842	protein_coding	111890018	112037480		GENE_BODY_OVERLAP	LEVEL2	Ensembl overlap/region GRCh37	GRCh37	2026-09-21	ANNOTATED
AMD-CKD	12:110112932-113027651	12	110112932	113027651	0.0004688619412696	POSITIVE_DIRECTION_CONCORDANT	rs12828640;rs4378452;rs4766453;rs653178;rs7311681;rs848132		FAM222A	ENSG00000139438	protein_coding	110152033	110208312		GENE_BODY_OVERLAP	LEVEL2	Ensembl overlap/region GRCh37	GRCh37	2026-09-21	ANNOTATED
AMD-CKD	12:110112932-113027651	12	110112932	113027651	0.0004688619412696	POSITIVE_DIRECTION_CONCORDANT	rs12828640;rs4378452;rs4766453;rs653178;rs7311681;rs848132		TRPV4	ENSG00000111199	protein_coding	110220890	110271212		GENE_BODY_OVERLAP	LEVEL2	Ensembl overlap/region GRCh37	GRCh37	2026-09-21	ANNOTATED
AMD-CKD	12:110112932-113027651	12	110112932	113027651	0.0004688619412696	POSITIVE_DIRECTION_CONCORDANT	rs12828640;rs4378452;rs4766453;rs653178;rs7311681;rs848132		GLTP	ENSG00000139433	protein_coding	110288748	110318293		GENE_BODY_OVERLAP	LEVEL2	Ensembl overlap/region GRCh37	GRCh37	2026-09-21	ANNOTATED
AMD-CKD	12:110112932-113027651	12	110112932	113027651	0.0004688619412696	POSITIVE_DIRECTION_CONCORDANT	rs12828640;rs4378452;rs4766453;rs653178;rs7311681;rs848132		TCHP	ENSG00000139437	protein_coding	110338069	110421646		GENE_BODY_OVERLAP	LEVEL2	Ensembl overlap/region GRCh37	GRCh37	2026-09-21	ANNOTATED
AMD-CKD	12:110112932-113027651	12	110112932	113027651	0.0004688619412696	POSITIVE_DIRECTION_CONCORDANT	rs12828640;rs4378452;rs4766453;rs653178;rs7311681;rs848132		GIT2	ENSG00000139436	protein_coding	110367607	110434194		GENE_BODY_OVERLAP	LEVEL2	Ensembl overlap/region GRCh37	GRCh37	2026-09-21	ANNOTATED
AMD-CAD	12:110112932-113027651	12	110112932	113027651	0.0006148989548753	POSITIVE_DIRECTION_CONCORDANT	rs848132	111989979	ATXN2	ENSG00000204842	protein_coding	111890018	112037480	0	NEAREST_PROTEIN_CODING_GENE	LEVEL3	Ensembl overlap/region GRCh37	GRCh37	2026-09-21	ANNOTATED
AMD-CAD	12:110112932-113027651	12	110112932	113027651	0.0006148989548753	POSITIVE_DIRECTION_CONCORDANT	rs7311681	112817847	HECTD4	ENSG00000173064	protein_coding	112597992	112819896	0	NEAREST_PROTEIN_CODING_GENE	LEVEL3	Ensembl overlap/region GRCh37	GRCh37	2026-09-21	ANNOTATED
AMD-CAD	12:110112932-113027651	12	110112932	113027651	0.0006148989548753	POSITIVE_DIRECTION_CONCORDANT	rs4766453	111692124	CUX2	ENSG00000111249	protein_coding	111471828	111788358	0	NEAREST_PROTEIN_CODING_GENE	LEVEL3	Ensembl overlap/region GRCh37	GRCh37	2026-09-21	ANNOTATED
AMD-CAD	12:110112932-113027651	12	110112932	113027651	0.0006148989548753	POSITIVE_DIRECTION_CONCORDANT	rs12828640	111361298	MYL2	ENSG00000111245	protein_coding	111348623	111358526	2772	NEAREST_PROTEIN_CODING_GENE	LEVEL3	Ensembl overlap/region GRCh37	GRCh37	2026-09-21	ANNOTATED
AMD-CKD	12:110112932-113027651	12	110112932	113027651	0.0004688619412696	POSITIVE_DIRECTION_CONCORDANT	rs653178	112007756	ATXN2	ENSG00000204842	protein_coding	111890018	112037480	0	NEAREST_PROTEIN_CODING_GENE	LEVEL3	Ensembl overlap/region GRCh37	GRCh37	2026-09-21	ANNOTATED
AMD-STROKE	12:110112932-113027651	12	110112932	113027651	0.0006560101076822	POSITIVE_DIRECTION_CONCORDANT	rs653178	112007756	ATXN2	ENSG00000204842	protein_coding	111890018	112037480	0	NEAREST_PROTEIN_CODING_GENE	LEVEL3	Ensembl overlap/region GRCh37	GRCh37	2026-09-21	ANNOTATED
AMD-STROKE	12:110112932-113027651	12	110112932	113027651	0.0006560101076822	POSITIVE_DIRECTION_CONCORDANT	rs7311681	112817847	HECTD4	ENSG00000173064	protein_coding	112597992	112819896	0	NEAREST_PROTEIN_CODING_GENE	LEVEL3	Ensembl overlap/region GRCh37	GRCh37	2026-09-21	ANNOTATED
AMD-STROKE	12:110112932-113027651	12	110112932	113027651	0.0006560101076822	POSITIVE_DIRECTION_CONCORDANT	rs4378452	111504033	CUX2	ENSG00000111249	protein_coding	111471828	111788358	0	NEAREST_PROTEIN_CODING_GENE	LEVEL3	Ensembl overlap/region GRCh37	GRCh37	2026-09-21	ANNOTATED
AMD-PD	7:104158491-105425027	7	104158491	105425027	-0.0004907398412209	NEGATIVE_DIRECTION_CONCORDANT	rs2097942;rs4460308;rs6966728;rs7776707		LHFPL3	ENSG00000187416	protein_coding	103969104	104549001		GENE_BODY_OVERLAP	LEVEL2	Ensembl overlap/region GRCh37	GRCh37	2026-09-21	ANNOTATED
AMD-PD	7:104158491-105425027	7	104158491	105425027	-0.0004907398412209	NEGATIVE_DIRECTION_CONCORDANT	rs2097942;rs4460308;rs6966728;rs7776707		KMT2E	ENSG00000005483	protein_coding	104654626	104754808		GENE_BODY_OVERLAP	LEVEL2	Ensembl overlap/region GRCh37	GRCh37	2026-09-21	ANNOTATED
AMD-PD	7:104158491-105425027	7	104158491	105425027	-0.0004907398412209	NEGATIVE_DIRECTION_CONCORDANT	rs2097942;rs4460308;rs6966728;rs7776707		SRPK2	ENSG00000135250	protein_coding	104751151	105039755		GENE_BODY_OVERLAP	LEVEL2	Ensembl overlap/region GRCh37	GRCh37	2026-09-21	ANNOTATED
AMD-PD	7:104158491-105425027	7	104158491	105425027	-0.0004907398412209	NEGATIVE_DIRECTION_CONCORDANT	rs2097942;rs4460308;rs6966728;rs7776707		PUS7	ENSG00000091127	protein_coding	105080108	105162714		GENE_BODY_OVERLAP	LEVEL2	Ensembl overlap/region GRCh37	GRCh37	2026-09-21	ANNOTATED
AMD-PD	7:104158491-105425027	7	104158491	105425027	-0.0004907398412209	NEGATIVE_DIRECTION_CONCORDANT	rs2097942;rs4460308;rs6966728;rs7776707		RINT1	ENSG00000135249	protein_coding	105172532	105208124		GENE_BODY_OVERLAP	LEVEL2	Ensembl overlap/region GRCh37	GRCh37	2026-09-21	ANNOTATED
AMD-PD	7:104158491-105425027	7	104158491	105425027	-0.0004907398412209	NEGATIVE_DIRECTION_CONCORDANT	rs2097942;rs4460308;rs6966728;rs7776707		EFCAB10	ENSG00000185055	protein_coding	105205567	105241322		GENE_BODY_OVERLAP	LEVEL2	Ensembl overlap/region GRCh37	GRCh37	2026-09-21	ANNOTATED
AMD-PD	7:104158491-105425027	7	104158491	105425027	-0.0004907398412209	NEGATIVE_DIRECTION_CONCORDANT	rs2097942;rs4460308;rs6966728;rs7776707		ATXN7L1	ENSG00000146776	protein_coding	105245514	105517050		GENE_BODY_OVERLAP	LEVEL2	Ensembl overlap/region GRCh37	GRCh37	2026-09-21	ANNOTATED
AMD-CKD	7:104158491-105425027	7	104158491	105425027	-0.0004883119291701	NEGATIVE_DIRECTION_CONCORDANT	rs6966728	104618318	KMT2E	ENSG00000005483	protein_coding	104654626	104754808	36308	NEAREST_PROTEIN_CODING_GENE	LEVEL3	Ensembl overlap/region GRCh37	GRCh37	2026-09-21	ANNOTATED
AMD-PD	7:104158491-105425027	7	104158491	105425027	-0.0004907398412209	NEGATIVE_DIRECTION_CONCORDANT	rs2097942	104725105	KMT2E	ENSG00000005483	protein_coding	104654626	104754808	0	NEAREST_PROTEIN_CODING_GENE	LEVEL3	Ensembl overlap/region GRCh37	GRCh37	2026-09-21	ANNOTATED
AMD-T2D	7:104158491-105425027	7	104158491	105425027	0.0005962144578605	POSITIVE_DIRECTION_CONCORDANT	rs7776707	104605530	KMT2E	ENSG00000005483	protein_coding	104654626	104754808	49096	NEAREST_PROTEIN_CODING_GENE	LEVEL3	Ensembl overlap/region GRCh37	GRCh37	2026-09-21	ANNOTATED
AMD-T2D	7:104158491-105425027	7	104158491	105425027	0.0005962144578605	POSITIVE_DIRECTION_CONCORDANT	rs4460308	104420060	LHFPL3	ENSG00000187416	protein_coding	103969104	104549001	0	NEAREST_PROTEIN_CODING_GENE	LEVEL3	Ensembl overlap/region GRCh37	GRCh37	2026-09-21	ANNOTATED
POAG-CAD	7:1493090-2479029	7	1493090	2479029	-0.0002053348962016	NEGATIVE_DIRECTION_CONCORDANT	rs10278591		MICALL2	ENSG00000164877	protein_coding	1468101	1499138		GENE_BODY_OVERLAP	LEVEL2	Ensembl overlap/region GRCh37	GRCh37	2026-09-21	ANNOTATED
POAG-CAD	7:1493090-2479029	7	1493090	2479029	-0.0002053348962016	NEGATIVE_DIRECTION_CONCORDANT	rs10278591		INTS1	ENSG00000164880	protein_coding	1509913	1545489		GENE_BODY_OVERLAP	LEVEL2	Ensembl overlap/region GRCh37	GRCh37	2026-09-21	ANNOTATED
POAG-CAD	7:1493090-2479029	7	1493090	2479029	-0.0002053348962016	NEGATIVE_DIRECTION_CONCORDANT	rs10278591		MAFK	ENSG00000198517	protein_coding	1570350	1582679		GENE_BODY_OVERLAP	LEVEL2	Ensembl overlap/region GRCh37	GRCh37	2026-09-21	ANNOTATED
POAG-CAD	7:1493090-2479029	7	1493090	2479029	-0.0002053348962016	NEGATIVE_DIRECTION_CONCORDANT	rs10278591		TMEM184A	ENSG00000164855	protein_coding	1581871	1600457		GENE_BODY_OVERLAP	LEVEL2	Ensembl overlap/region GRCh37	GRCh37	2026-09-21	ANNOTATED
POAG-CAD	7:1493090-2479029	7	1493090	2479029	-0.0002053348962016	NEGATIVE_DIRECTION_CONCORDANT	rs10278591		PSMG3	ENSG00000157778	protein_coding	1606966	1610641		GENE_BODY_OVERLAP	LEVEL2	Ensembl overlap/region GRCh37	GRCh37	2026-09-21	ANNOTATED
POAG-CAD	7:1493090-2479029	7	1493090	2479029	-0.0002053348962016	NEGATIVE_DIRECTION_CONCORDANT	rs10278591		ELFN1	ENSG00000225968	protein_coding	1727755	1787590		GENE_BODY_OVERLAP	LEVEL2	Ensembl overlap/region GRCh37	GRCh37	2026-09-21	ANNOTATED
POAG-CAD	7:1493090-2479029	7	1493090	2479029	-0.0002053348962016	NEGATIVE_DIRECTION_CONCORDANT	rs10278591		AC074389.6	ENSG00000205971	protein_coding	1732446	1733961		GENE_BODY_OVERLAP	LEVEL2	Ensembl overlap/region GRCh37	GRCh37	2026-09-21	ANNOTATED
POAG-CAD	7:1493090-2479029	7	1493090	2479029	-0.0002053348962016	NEGATIVE_DIRECTION_CONCORDANT	rs10278591		MAD1L1	ENSG00000002822	protein_coding	1855429	2272878		GENE_BODY_OVERLAP	LEVEL2	Ensembl overlap/region GRCh37	GRCh37	2026-09-21	ANNOTATED
POAG-CAD	7:1493090-2479029	7	1493090	2479029	-0.0002053348962016	NEGATIVE_DIRECTION_CONCORDANT	rs10278591		AC110781.3	ENSG00000176349	protein_coding	1878222	1889567		GENE_BODY_OVERLAP	LEVEL2	Ensembl overlap/region GRCh37	GRCh37	2026-09-21	ANNOTATED
POAG-CAD	7:1493090-2479029	7	1493090	2479029	-0.0002053348962016	NEGATIVE_DIRECTION_CONCORDANT	rs10278591		FTSJ2	ENSG00000122687	protein_coding	2273866	2281840		GENE_BODY_OVERLAP	LEVEL2	Ensembl overlap/region GRCh37	GRCh37	2026-09-21	ANNOTATED
POAG-CAD	7:1493090-2479029	7	1493090	2479029	-0.0002053348962016	NEGATIVE_DIRECTION_CONCORDANT	rs10278591		NUDT1	ENSG00000106268	protein_coding	2281857	2290781		GENE_BODY_OVERLAP	LEVEL2	Ensembl overlap/region GRCh37	GRCh37	2026-09-21	ANNOTATED
POAG-CAD	7:1493090-2479029	7	1493090	2479029	-0.0002053348962016	NEGATIVE_DIRECTION_CONCORDANT	rs10278591		SNX8	ENSG00000106266	protein_coding	2291405	2393953		GENE_BODY_OVERLAP	LEVEL2	Ensembl overlap/region GRCh37	GRCh37	2026-09-21	ANNOTATED
POAG-CAD	7:1493090-2479029	7	1493090	2479029	-0.0002053348962016	NEGATIVE_DIRECTION_CONCORDANT	rs10278591		EIF3B	ENSG00000106263	protein_coding	2393721	2420380		GENE_BODY_OVERLAP	LEVEL2	Ensembl overlap/region GRCh37	GRCh37	2026-09-21	ANNOTATED
POAG-CAD	7:1493090-2479029	7	1493090	2479029	-0.0002053348962016	NEGATIVE_DIRECTION_CONCORDANT	rs10278591		CHST12	ENSG00000136213	protein_coding	2443223	2474242		GENE_BODY_OVERLAP	LEVEL2	Ensembl overlap/region GRCh37	GRCh37	2026-09-21	ANNOTATED
POAG-CAD	7:1493090-2479029	7	1493090	2479029	-0.0002053348962016	NEGATIVE_DIRECTION_CONCORDANT	rs10278591	1921362	MAD1L1	ENSG00000002822	protein_coding	1855429	2272878	0	NEAREST_PROTEIN_CODING_GENE	LEVEL3	Ensembl overlap/region GRCh37	GRCh37	2026-09-21	ANNOTATED
POAG-CAD	10:99554895-100240681	10	99554895	100240681	-0.0001791143295676	NEGATIVE_DIRECTION_CONCORDANT	rs10883050		GOLGA7B	ENSG00000155265	protein_coding	99609996	99631337		GENE_BODY_OVERLAP	LEVEL2	Ensembl overlap/region GRCh37	GRCh37	2026-09-21	ANNOTATED
POAG-CAD	10:99554895-100240681	10	99554895	100240681	-0.0001791143295676	NEGATIVE_DIRECTION_CONCORDANT	rs10883050		CRTAC1	ENSG00000095713	protein_coding	99624757	99790585		GENE_BODY_OVERLAP	LEVEL2	Ensembl overlap/region GRCh37	GRCh37	2026-09-21	ANNOTATED
POAG-CAD	10:99554895-100240681	10	99554895	100240681	-0.0001791143295676	NEGATIVE_DIRECTION_CONCORDANT	rs10883050		GOLGA7B	ENSG00000269783	protein_coding	99627889	99631294		GENE_BODY_OVERLAP	LEVEL2	Ensembl overlap/region GRCh37	GRCh37	2026-09-21	ANNOTATED
POAG-CAD	10:99554895-100240681	10	99554895	100240681	-0.0001791143295676	NEGATIVE_DIRECTION_CONCORDANT	rs10883050		R3HCC1L	ENSG00000166024	protein_coding	99894387	100004654		GENE_BODY_OVERLAP	LEVEL2	Ensembl overlap/region GRCh37	GRCh37	2026-09-21	ANNOTATED
POAG-CAD	10:99554895-100240681	10	99554895	100240681	-0.0001791143295676	NEGATIVE_DIRECTION_CONCORDANT	rs10883050		LOXL4	ENSG00000138131	protein_coding	100007447	100028007		GENE_BODY_OVERLAP	LEVEL2	Ensembl overlap/region GRCh37	GRCh37	2026-09-21	ANNOTATED
POAG-CAD	10:99554895-100240681	10	99554895	100240681	-0.0001791143295676	NEGATIVE_DIRECTION_CONCORDANT	rs10883050		PYROXD2	ENSG00000119943	protein_coding	100143322	100174941		GENE_BODY_OVERLAP	LEVEL2	Ensembl overlap/region GRCh37	GRCh37	2026-09-21	ANNOTATED
POAG-CAD	10:99554895-100240681	10	99554895	100240681	-0.0001791143295676	NEGATIVE_DIRECTION_CONCORDANT	rs10883050		HPS1	ENSG00000107521	protein_coding	100175955	100206684		GENE_BODY_OVERLAP	LEVEL2	Ensembl overlap/region GRCh37	GRCh37	2026-09-21	ANNOTATED
POAG-CAD	10:99554895-100240681	10	99554895	100240681	-0.0001791143295676	NEGATIVE_DIRECTION_CONCORDANT	rs10883050		HPSE2	ENSG00000172987	protein_coding	100218875	100995619		GENE_BODY_OVERLAP	LEVEL2	Ensembl overlap/region GRCh37	GRCh37	2026-09-21	ANNOTATED
POAG-CAD	10:99554895-100240681	10	99554895	100240681	-0.0001791143295676	NEGATIVE_DIRECTION_CONCORDANT	rs10883050	99943568	R3HCC1L	ENSG00000166024	protein_coding	99894387	100004654	0	NEAREST_PROTEIN_CODING_GENE	LEVEL3	Ensembl overlap/region GRCh37	GRCh37	2026-09-21	ANNOTATED
POAG-CAD	16:74730819-75517115	16	74730819	75517115	-0.0002679344383509	NEGATIVE_DIRECTION_CONCORDANT	rs3851734;rs4888432;rs7202877;rs999675		MLKL	ENSG00000168404	protein_coding	74705753	74734858		GENE_BODY_OVERLAP	LEVEL2	Ensembl overlap/region GRCh37	GRCh37	2026-09-21	ANNOTATED
POAG-CAD	16:74730819-75517115	16	74730819	75517115	-0.0002679344383509	NEGATIVE_DIRECTION_CONCORDANT	rs3851734;rs4888432;rs7202877;rs999675		FA2H	ENSG00000103089	protein_coding	74746853	74808729		GENE_BODY_OVERLAP	LEVEL2	Ensembl overlap/region GRCh37	GRCh37	2026-09-21	ANNOTATED
POAG-CAD	16:74730819-75517115	16	74730819	75517115	-0.0002679344383509	NEGATIVE_DIRECTION_CONCORDANT	rs3851734;rs4888432;rs7202877;rs999675		WDR59	ENSG00000103091	protein_coding	74907468	75034071		GENE_BODY_OVERLAP	LEVEL2	Ensembl overlap/region GRCh37	GRCh37	2026-09-21	ANNOTATED
POAG-CAD	16:74730819-75517115	16	74730819	75517115	-0.0002679344383509	NEGATIVE_DIRECTION_CONCORDANT	rs3851734;rs4888432;rs7202877;rs999675		ZNRF1	ENSG00000186187	protein_coding	75032928	75144892		GENE_BODY_OVERLAP	LEVEL2	Ensembl overlap/region GRCh37	GRCh37	2026-09-21	ANNOTATED
POAG-CAD	16:74730819-75517115	16	74730819	75517115	-0.0002679344383509	NEGATIVE_DIRECTION_CONCORDANT	rs3851734;rs4888432;rs7202877;rs999675		LDHD	ENSG00000166816	protein_coding	75145758	75150669		GENE_BODY_OVERLAP	LEVEL2	Ensembl overlap/region GRCh37	GRCh37	2026-09-21	ANNOTATED
POAG-CAD	16:74730819-75517115	16	74730819	75517115	-0.0002679344383509	NEGATIVE_DIRECTION_CONCORDANT	rs3851734;rs4888432;rs7202877;rs999675		ZFP1	ENSG00000184517	protein_coding	75182390	75206134		GENE_BODY_OVERLAP	LEVEL2	Ensembl overlap/region GRCh37	GRCh37	2026-09-21	ANNOTATED
POAG-CAD	16:74730819-75517115	16	74730819	75517115	-0.0002679344383509	NEGATIVE_DIRECTION_CONCORDANT	rs3851734;rs4888432;rs7202877;rs999675		CTRB2	ENSG00000168928	protein_coding	75237994	75241083		GENE_BODY_OVERLAP	LEVEL2	Ensembl overlap/region GRCh37	GRCh37	2026-09-21	ANNOTATED
POAG-CAD	16:74730819-75517115	16	74730819	75517115	-0.0002679344383509	NEGATIVE_DIRECTION_CONCORDANT	rs3851734;rs4888432;rs7202877;rs999675		CTRB1	ENSG00000168925	protein_coding	75252898	75258822		GENE_BODY_OVERLAP	LEVEL2	Ensembl overlap/region GRCh37	GRCh37	2026-09-21	ANNOTATED
POAG-CAD	16:74730819-75517115	16	74730819	75517115	-0.0002679344383509	NEGATIVE_DIRECTION_CONCORDANT	rs3851734;rs4888432;rs7202877;rs999675		BCAR1	ENSG00000050820	protein_coding	75262928	75301951		GENE_BODY_OVERLAP	LEVEL2	Ensembl overlap/region GRCh37	GRCh37	2026-09-21	ANNOTATED
POAG-CAD	16:74730819-75517115	16	74730819	75517115	-0.0002679344383509	NEGATIVE_DIRECTION_CONCORDANT	rs3851734;rs4888432;rs7202877;rs999675		CFDP1	ENSG00000153774	protein_coding	75327596	75467383		GENE_BODY_OVERLAP	LEVEL2	Ensembl overlap/region GRCh37	GRCh37	2026-09-21	ANNOTATED
POAG-CAD	16:74730819-75517115	16	74730819	75517115	-0.0002679344383509	NEGATIVE_DIRECTION_CONCORDANT	rs3851734;rs4888432;rs7202877;rs999675		RP11-77K12.1	ENSG00000261717	protein_coding	75446582	75498604		GENE_BODY_OVERLAP	LEVEL2	Ensembl overlap/region GRCh37	GRCh37	2026-09-21	ANNOTATED
POAG-CAD	16:74730819-75517115	16	74730819	75517115	-0.0002679344383509	NEGATIVE_DIRECTION_CONCORDANT	rs3851734;rs4888432;rs7202877;rs999675		TMEM170A	ENSG00000166822	protein_coding	75476952	75499395		GENE_BODY_OVERLAP	LEVEL2	Ensembl overlap/region GRCh37	GRCh37	2026-09-21	ANNOTATED
POAG-CAD	16:74730819-75517115	16	74730819	75517115	-0.0002679344383509	NEGATIVE_DIRECTION_CONCORDANT	rs3851734;rs4888432;rs7202877;rs999675		CHST6	ENSG00000183196	protein_coding	75510949	75529282		GENE_BODY_OVERLAP	LEVEL2	Ensembl overlap/region GRCh37	GRCh37	2026-09-21	ANNOTATED
AMD-CAD	16:74730819-75517115	16	74730819	75517115	0.000652618425972	POSITIVE_DIRECTION_CONCORDANT	rs7202877	75247245	CTRB1	ENSG00000168925	protein_coding	75252898	75258822	5653	NEAREST_PROTEIN_CODING_GENE	LEVEL3	Ensembl overlap/region GRCh37	GRCh37	2026-09-21	ANNOTATED
AMD-CAD	16:74730819-75517115	16	74730819	75517115	0.000652618425972	POSITIVE_DIRECTION_CONCORDANT	rs4888432	75510973	CHST6	ENSG00000183196	protein_coding	75510949	75529282	0	NEAREST_PROTEIN_CODING_GENE	LEVEL3	Ensembl overlap/region GRCh37	GRCh37	2026-09-21	ANNOTATED
CAT-CAD	16:74730819-75517115	16	74730819	75517115	0.0001129640486781	POSITIVE_DIRECTION_CONCORDANT	rs3851734	75371920	CFDP1	ENSG00000153774	protein_coding	75327596	75467383	0	NEAREST_PROTEIN_CODING_GENE	LEVEL3	Ensembl overlap/region GRCh37	GRCh37	2026-09-21	ANNOTATED
POAG-CAD	16:74730819-75517115	16	74730819	75517115	-0.0002679344383509	NEGATIVE_DIRECTION_CONCORDANT	rs999675	75306402	BCAR1	ENSG00000050820	protein_coding	75262928	75301951	4451	NEAREST_PROTEIN_CODING_GENE	LEVEL3	Ensembl overlap/region GRCh37	GRCh37	2026-09-21	ANNOTATED
POAG-CAD	17:1481897-2613925	17	1481897	2613925	-0.0006007450401361	NEGATIVE_DIRECTION_CONCORDANT	rs7217226;rs9894634		SLC43A2	ENSG00000167703	protein_coding	1472561	1532180		GENE_BODY_OVERLAP	LEVEL2	Ensembl overlap/region GRCh37	GRCh37	2026-09-21	ANNOTATED
POAG-CAD	17:1481897-2613925	17	1481897	2613925	-0.0006007450401361	NEGATIVE_DIRECTION_CONCORDANT	rs7217226;rs9894634		SCARF1	ENSG00000074660	protein_coding	1537152	1549041		GENE_BODY_OVERLAP	LEVEL2	Ensembl overlap/region GRCh37	GRCh37	2026-09-21	ANNOTATED
POAG-CAD	17:1481897-2613925	17	1481897	2613925	-0.0006007450401361	NEGATIVE_DIRECTION_CONCORDANT	rs7217226;rs9894634		RILP	ENSG00000167705	protein_coding	1549444	1553371		GENE_BODY_OVERLAP	LEVEL2	Ensembl overlap/region GRCh37	GRCh37	2026-09-21	ANNOTATED
POAG-CAD	17:1481897-2613925	17	1481897	2613925	-0.0006007450401361	NEGATIVE_DIRECTION_CONCORDANT	rs7217226;rs9894634		PRPF8	ENSG00000174231	protein_coding	1553923	1588176		GENE_BODY_OVERLAP	LEVEL2	Ensembl overlap/region GRCh37	GRCh37	2026-09-21	ANNOTATED
POAG-CAD	17:1481897-2613925	17	1481897	2613925	-0.0006007450401361	NEGATIVE_DIRECTION_CONCORDANT	rs7217226;rs9894634		TLCD2	ENSG00000185561	protein_coding	1611064	1613732		GENE_BODY_OVERLAP	LEVEL2	Ensembl overlap/region GRCh37	GRCh37	2026-09-21	ANNOTATED
POAG-CAD	17:1481897-2613925	17	1481897	2613925	-0.0006007450401361	NEGATIVE_DIRECTION_CONCORDANT	rs7217226;rs9894634		WDR81	ENSG00000167716	protein_coding	1619817	1641893		GENE_BODY_OVERLAP	LEVEL2	Ensembl overlap/region GRCh37	GRCh37	2026-09-21	ANNOTATED
POAG-CAD	17:1481897-2613925	17	1481897	2613925	-0.0006007450401361	NEGATIVE_DIRECTION_CONCORDANT	rs7217226;rs9894634		SERPINF2	ENSG00000167711	protein_coding	1646130	1658562		GENE_BODY_OVERLAP	LEVEL2	Ensembl overlap/region GRCh37	GRCh37	2026-09-21	ANNOTATED
POAG-CAD	17:1481897-2613925	17	1481897	2613925	-0.0006007450401361	NEGATIVE_DIRECTION_CONCORDANT	rs7217226;rs9894634		SERPINF1	ENSG00000132386	protein_coding	1665253	1680868		GENE_BODY_OVERLAP	LEVEL2	Ensembl overlap/region GRCh37	GRCh37	2026-09-21	ANNOTATED
POAG-CAD	17:1481897-2613925	17	1481897	2613925	-0.0006007450401361	NEGATIVE_DIRECTION_CONCORDANT	rs7217226;rs9894634		SMYD4	ENSG00000186532	protein_coding	1682779	1733928		GENE_BODY_OVERLAP	LEVEL2	Ensembl overlap/region GRCh37	GRCh37	2026-09-21	ANNOTATED
POAG-CAD	17:1481897-2613925	17	1481897	2613925	-0.0006007450401361	NEGATIVE_DIRECTION_CONCORDANT	rs7217226;rs9894634		RPA1	ENSG00000132383	protein_coding	1732996	1803376		GENE_BODY_OVERLAP	LEVEL2	Ensembl overlap/region GRCh37	GRCh37	2026-09-21	ANNOTATED
POAG-CAD	17:1481897-2613925	17	1481897	2613925	-0.0006007450401361	NEGATIVE_DIRECTION_CONCORDANT	rs7217226;rs9894634		RTN4RL1	ENSG00000185924	protein_coding	1837971	1928639		GENE_BODY_OVERLAP	LEVEL2	Ensembl overlap/region GRCh37	GRCh37	2026-09-21	ANNOTATED
POAG-CAD	17:1481897-2613925	17	1481897	2613925	-0.0006007450401361	NEGATIVE_DIRECTION_CONCORDANT	rs7217226;rs9894634		DPH1	ENSG00000108963	protein_coding	1933404	1946724		GENE_BODY_OVERLAP	LEVEL2	Ensembl overlap/region GRCh37	GRCh37	2026-09-21	ANNOTATED
POAG-CAD	17:1481897-2613925	17	1481897	2613925	-0.0006007450401361	NEGATIVE_DIRECTION_CONCORDANT	rs7217226;rs9894634		OVCA2	ENSG00000262664	protein_coding	1945327	1946724		GENE_BODY_OVERLAP	LEVEL2	Ensembl overlap/region GRCh37	GRCh37	2026-09-21	ANNOTATED
POAG-CAD	17:1481897-2613925	17	1481897	2613925	-0.0006007450401361	NEGATIVE_DIRECTION_CONCORDANT	rs7217226;rs9894634		HIC1	ENSG00000177374	protein_coding	1957448	1962981		GENE_BODY_OVERLAP	LEVEL2	Ensembl overlap/region GRCh37	GRCh37	2026-09-21	ANNOTATED
POAG-CAD	17:1481897-2613925	17	1481897	2613925	-0.0006007450401361	NEGATIVE_DIRECTION_CONCORDANT	rs7217226;rs9894634		SMG6	ENSG00000070366	protein_coding	1963133	2207065		GENE_BODY_OVERLAP	LEVEL2	Ensembl overlap/region GRCh37	GRCh37	2026-09-21	ANNOTATED
POAG-CAD	17:1481897-2613925	17	1481897	2613925	-0.0006007450401361	NEGATIVE_DIRECTION_CONCORDANT	rs7217226;rs9894634		SRR	ENSG00000167720	protein_coding	2206677	2228554		GENE_BODY_OVERLAP	LEVEL2	Ensembl overlap/region GRCh37	GRCh37	2026-09-21	ANNOTATED
POAG-CAD	17:1481897-2613925	17	1481897	2613925	-0.0006007450401361	NEGATIVE_DIRECTION_CONCORDANT	rs7217226;rs9894634		TSR1	ENSG00000167721	protein_coding	2225797	2240801		GENE_BODY_OVERLAP	LEVEL2	Ensembl overlap/region GRCh37	GRCh37	2026-09-21	ANNOTATED
POAG-CAD	17:1481897-2613925	17	1481897	2613925	-0.0006007450401361	NEGATIVE_DIRECTION_CONCORDANT	rs7217226;rs9894634		SGSM2	ENSG00000141258	protein_coding	2240792	2284352		GENE_BODY_OVERLAP	LEVEL2	Ensembl overlap/region GRCh37	GRCh37	2026-09-21	ANNOTATED
POAG-CAD	17:1481897-2613925	17	1481897	2613925	-0.0006007450401361	NEGATIVE_DIRECTION_CONCORDANT	rs7217226;rs9894634		MNT	ENSG00000070444	protein_coding	2287354	2304412		GENE_BODY_OVERLAP	LEVEL2	Ensembl overlap/region GRCh37	GRCh37	2026-09-21	ANNOTATED
POAG-CAD	17:1481897-2613925	17	1481897	2613925	-0.0006007450401361	NEGATIVE_DIRECTION_CONCORDANT	rs7217226;rs9894634		METTL16	ENSG00000127804	protein_coding	2308856	2415185		GENE_BODY_OVERLAP	LEVEL2	Ensembl overlap/region GRCh37	GRCh37	2026-09-21	ANNOTATED
POAG-CAD	17:1481897-2613925	17	1481897	2613925	-0.0006007450401361	NEGATIVE_DIRECTION_CONCORDANT	rs7217226;rs9894634		AC006435.1	ENSG00000205821	protein_coding	2310279	2318731		GENE_BODY_OVERLAP	LEVEL2	Ensembl overlap/region GRCh37	GRCh37	2026-09-21	ANNOTATED
POAG-CAD	17:1481897-2613925	17	1481897	2613925	-0.0006007450401361	NEGATIVE_DIRECTION_CONCORDANT	rs7217226;rs9894634		PAFAH1B1	ENSG00000007168	protein_coding	2496504	2588909		GENE_BODY_OVERLAP	LEVEL2	Ensembl overlap/region GRCh37	GRCh37	2026-09-21	ANNOTATED
POAG-CAD	17:1481897-2613925	17	1481897	2613925	-0.0006007450401361	NEGATIVE_DIRECTION_CONCORDANT	rs7217226;rs9894634		CLUH	ENSG00000132361	protein_coding	2592680	2615957		GENE_BODY_OVERLAP	LEVEL2	Ensembl overlap/region GRCh37	GRCh37	2026-09-21	ANNOTATED
POAG-CAD	17:1481897-2613925	17	1481897	2613925	-0.0006007450401361	NEGATIVE_DIRECTION_CONCORDANT	rs7217226	2136065	SMG6	ENSG00000070366	protein_coding	1963133	2207065	0	NEAREST_PROTEIN_CODING_GENE	LEVEL3	Ensembl overlap/region GRCh37	GRCh37	2026-09-21	ANNOTATED
POAG-CAD	17:1481897-2613925	17	1481897	2613925	-0.0006007450401361	NEGATIVE_DIRECTION_CONCORDANT	rs9894634	1967501	SMG6	ENSG00000070366	protein_coding	1963133	2207065	0	NEAREST_PROTEIN_CODING_GENE	LEVEL3	Ensembl overlap/region GRCh37	GRCh37	2026-09-21	ANNOTATED
POAG-STROKE	4:142808503-145021868	4	142808503	145021868	-0.0003809013220984	NEGATIVE_DIRECTION_CONCORDANT	rs11100780;rs7670439		FREM3	ENSG00000183090	protein_coding	144498455	144621828		GENE_BODY_OVERLAP	LEVEL2	Ensembl overlap/region GRCh37	GRCh37	2026-09-21	ANNOTATED
POAG-STROKE	4:142808503-145021868	4	142808503	145021868	-0.0003809013220984	NEGATIVE_DIRECTION_CONCORDANT	rs11100780;rs7670439		GYPE	ENSG00000197465	protein_coding	144792020	144826716		GENE_BODY_OVERLAP	LEVEL2	Ensembl overlap/region GRCh37	GRCh37	2026-09-21	ANNOTATED
POAG-STROKE	4:142808503-145021868	4	142808503	145021868	-0.0003809013220984	NEGATIVE_DIRECTION_CONCORDANT	rs11100780;rs7670439		GYPB	ENSG00000250361	protein_coding	144917257	145061844		GENE_BODY_OVERLAP	LEVEL2	Ensembl overlap/region GRCh37	GRCh37	2026-09-21	ANNOTATED
POAG-STROKE	4:142808503-145021868	4	142808503	145021868	-0.0003809013220984	NEGATIVE_DIRECTION_CONCORDANT	rs11100780;rs7670439		INPP4B	ENSG00000109452	protein_coding	142944313	143768585		GENE_BODY_OVERLAP	LEVEL2	Ensembl overlap/region GRCh37	GRCh37	2026-09-21	ANNOTATED
POAG-STROKE	4:142808503-145021868	4	142808503	145021868	-0.0003809013220984	NEGATIVE_DIRECTION_CONCORDANT	rs11100780;rs7670439		USP38	ENSG00000170185	protein_coding	144106070	144144983		GENE_BODY_OVERLAP	LEVEL2	Ensembl overlap/region GRCh37	GRCh37	2026-09-21	ANNOTATED
POAG-STROKE	4:142808503-145021868	4	142808503	145021868	-0.0003809013220984	NEGATIVE_DIRECTION_CONCORDANT	rs11100780;rs7670439		GAB1	ENSG00000109458	protein_coding	144257915	144395721		GENE_BODY_OVERLAP	LEVEL2	Ensembl overlap/region GRCh37	GRCh37	2026-09-21	ANNOTATED
POAG-STROKE	4:142808503-145021868	4	142808503	145021868	-0.0003809013220984	NEGATIVE_DIRECTION_CONCORDANT	rs11100780;rs7670439		SMARCA5	ENSG00000153147	protein_coding	144434616	144478639		GENE_BODY_OVERLAP	LEVEL2	Ensembl overlap/region GRCh37	GRCh37	2026-09-21	ANNOTATED
POAG-CKD	4:142808503-145021868	4	142808503	145021868	-0.0003252435019551	NEGATIVE_DIRECTION_CONCORDANT	rs11100780	144104906	USP38	ENSG00000170185	protein_coding	144106070	144144983	1164	NEAREST_PROTEIN_CODING_GENE	LEVEL3	Ensembl overlap/region GRCh37	GRCh37	2026-09-21	ANNOTATED
POAG-STROKE	4:142808503-145021868	4	142808503	145021868	-0.0003809013220984	NEGATIVE_DIRECTION_CONCORDANT	rs7670439	144080267	USP38	ENSG00000170185	protein_coding	144106070	144144983	25803	NEAREST_PROTEIN_CODING_GENE	LEVEL3	Ensembl overlap/region GRCh37	GRCh37	2026-09-21	ANNOTATED
POAG-T2D	9:125545194-126926376	9	125545194	126926376	-0.0003856203292119	NEGATIVE_DIRECTION_CONCORDANT	rs10818834		ZBTB26	ENSG00000171448	protein_coding	125677845	125693779		GENE_BODY_OVERLAP	LEVEL2	Ensembl overlap/region GRCh37	GRCh37	2026-09-21	ANNOTATED
POAG-T2D	9:125545194-126926376	9	125545194	126926376	-0.0003856203292119	NEGATIVE_DIRECTION_CONCORDANT	rs10818834		RABGAP1	ENSG00000011454	protein_coding	125703112	125867145		GENE_BODY_OVERLAP	LEVEL2	Ensembl overlap/region GRCh37	GRCh37	2026-09-21	ANNOTATED
POAG-T2D	9:125545194-126926376	9	125545194	126926376	-0.0003856203292119	NEGATIVE_DIRECTION_CONCORDANT	rs10818834		GPR21	ENSG00000188394	protein_coding	125796806	125797975		GENE_BODY_OVERLAP	LEVEL2	Ensembl overlap/region GRCh37	GRCh37	2026-09-21	ANNOTATED
POAG-T2D	9:125545194-126926376	9	125545194	126926376	-0.0003856203292119	NEGATIVE_DIRECTION_CONCORDANT	rs10818834		STRBP	ENSG00000165209	protein_coding	125871779	126030855		GENE_BODY_OVERLAP	LEVEL2	Ensembl overlap/region GRCh37	GRCh37	2026-09-21	ANNOTATED
POAG-T2D	9:125545194-126926376	9	125545194	126926376	-0.0003856203292119	NEGATIVE_DIRECTION_CONCORDANT	rs10818834		CRB2	ENSG00000148204	protein_coding	126118449	126142603		GENE_BODY_OVERLAP	LEVEL2	Ensembl overlap/region GRCh37	GRCh37	2026-09-21	ANNOTATED
POAG-T2D	9:125545194-126926376	9	125545194	126926376	-0.0003856203292119	NEGATIVE_DIRECTION_CONCORDANT	rs10818834		DENND1A	ENSG00000119522	protein_coding	126141933	126692431		GENE_BODY_OVERLAP	LEVEL2	Ensembl overlap/region GRCh37	GRCh37	2026-09-21	ANNOTATED
POAG-T2D	9:125545194-126926376	9	125545194	126926376	-0.0003856203292119	NEGATIVE_DIRECTION_CONCORDANT	rs10818834		LHX2	ENSG00000106689	protein_coding	126763949	126795580		GENE_BODY_OVERLAP	LEVEL2	Ensembl overlap/region GRCh37	GRCh37	2026-09-21	ANNOTATED
POAG-T2D	9:125545194-126926376	9	125545194	126926376	-0.0003856203292119	NEGATIVE_DIRECTION_CONCORDANT	rs10818834		OR5C1	ENSG00000148215	protein_coding	125551150	125552237		GENE_BODY_OVERLAP	LEVEL2	Ensembl overlap/region GRCh37	GRCh37	2026-09-21	ANNOTATED
POAG-T2D	9:125545194-126926376	9	125545194	126926376	-0.0003856203292119	NEGATIVE_DIRECTION_CONCORDANT	rs10818834		PDCL	ENSG00000136940	protein_coding	125560668	125590910		GENE_BODY_OVERLAP	LEVEL2	Ensembl overlap/region GRCh37	GRCh37	2026-09-21	ANNOTATED
POAG-T2D	9:125545194-126926376	9	125545194	126926376	-0.0003856203292119	NEGATIVE_DIRECTION_CONCORDANT	rs10818834		OR1K1	ENSG00000165204	protein_coding	125562370	125563395		GENE_BODY_OVERLAP	LEVEL2	Ensembl overlap/region GRCh37	GRCh37	2026-09-21	ANNOTATED
POAG-T2D	9:125545194-126926376	9	125545194	126926376	-0.0003856203292119	NEGATIVE_DIRECTION_CONCORDANT	rs10818834		RC3H2	ENSG00000056586	protein_coding	125606835	125667620		GENE_BODY_OVERLAP	LEVEL2	Ensembl overlap/region GRCh37	GRCh37	2026-09-21	ANNOTATED
POAG-T2D	9:125545194-126926376	9	125545194	126926376	-0.0003856203292119	NEGATIVE_DIRECTION_CONCORDANT	rs10818834		ZBTB6	ENSG00000186130	protein_coding	125670335	125675609		GENE_BODY_OVERLAP	LEVEL2	Ensembl overlap/region GRCh37	GRCh37	2026-09-21	ANNOTATED
POAG-T2D	9:125545194-126926376	9	125545194	126926376	-0.0003856203292119	NEGATIVE_DIRECTION_CONCORDANT	rs10818834	126317324	DENND1A	ENSG00000119522	protein_coding	126141933	126692431	0	NEAREST_PROTEIN_CODING_GENE	LEVEL3	Ensembl overlap/region GRCh37	GRCh37	2026-09-21	ANNOTATED
POAG-T2D	16:60291-596605	16	60291	596605	-0.000228479108544	NEGATIVE_DIRECTION_CONCORDANT	rs10903013		WASH4P	ENSG00000234769	protein_coding	64043	69452		GENE_BODY_OVERLAP	LEVEL2	Ensembl overlap/region GRCh37	GRCh37	2026-09-21	ANNOTATED
POAG-T2D	16:60291-596605	16	60291	596605	-0.000228479108544	NEGATIVE_DIRECTION_CONCORDANT	rs10903013		POLR3K	ENSG00000161980	protein_coding	96407	103628		GENE_BODY_OVERLAP	LEVEL2	Ensembl overlap/region GRCh37	GRCh37	2026-09-21	ANNOTATED
POAG-T2D	16:60291-596605	16	60291	596605	-0.000228479108544	NEGATIVE_DIRECTION_CONCORDANT	rs10903013		SNRNP25	ENSG00000161981	protein_coding	103010	107669		GENE_BODY_OVERLAP	LEVEL2	Ensembl overlap/region GRCh37	GRCh37	2026-09-21	ANNOTATED
POAG-T2D	16:60291-596605	16	60291	596605	-0.000228479108544	NEGATIVE_DIRECTION_CONCORDANT	rs10903013		RHBDF1	ENSG00000007384	protein_coding	108058	126354		GENE_BODY_OVERLAP	LEVEL2	Ensembl overlap/region GRCh37	GRCh37	2026-09-21	ANNOTATED
POAG-T2D	16:60291-596605	16	60291	596605	-0.000228479108544	NEGATIVE_DIRECTION_CONCORDANT	rs10903013		MPG	ENSG00000103152	protein_coding	127006	135852		GENE_BODY_OVERLAP	LEVEL2	Ensembl overlap/region GRCh37	GRCh37	2026-09-21	ANNOTATED
POAG-T2D	16:60291-596605	16	60291	596605	-0.000228479108544	NEGATIVE_DIRECTION_CONCORDANT	rs10903013		NPRL3	ENSG00000103148	protein_coding	134273	188859		GENE_BODY_OVERLAP	LEVEL2	Ensembl overlap/region GRCh37	GRCh37	2026-09-21	ANNOTATED
POAG-T2D	16:60291-596605	16	60291	596605	-0.000228479108544	NEGATIVE_DIRECTION_CONCORDANT	rs10903013		HBZ	ENSG00000130656	protein_coding	202686	204502		GENE_BODY_OVERLAP	LEVEL2	Ensembl overlap/region GRCh37	GRCh37	2026-09-21	ANNOTATED
POAG-T2D	16:60291-596605	16	60291	596605	-0.000228479108544	NEGATIVE_DIRECTION_CONCORDANT	rs10903013		HBM	ENSG00000206177	protein_coding	203891	216767		GENE_BODY_OVERLAP	LEVEL2	Ensembl overlap/region GRCh37	GRCh37	2026-09-21	ANNOTATED
POAG-T2D	16:60291-596605	16	60291	596605	-0.000228479108544	NEGATIVE_DIRECTION_CONCORDANT	rs10903013		HBA2	ENSG00000188536	protein_coding	222846	223709		GENE_BODY_OVERLAP	LEVEL2	Ensembl overlap/region GRCh37	GRCh37	2026-09-21	ANNOTATED
POAG-T2D	16:60291-596605	16	60291	596605	-0.000228479108544	NEGATIVE_DIRECTION_CONCORDANT	rs10903013		HBA1	ENSG00000206172	protein_coding	226679	227521		GENE_BODY_OVERLAP	LEVEL2	Ensembl overlap/region GRCh37	GRCh37	2026-09-21	ANNOTATED
POAG-T2D	16:60291-596605	16	60291	596605	-0.000228479108544	NEGATIVE_DIRECTION_CONCORDANT	rs10903013		HBQ1	ENSG00000086506	protein_coding	230452	231180		GENE_BODY_OVERLAP	LEVEL2	Ensembl overlap/region GRCh37	GRCh37	2026-09-21	ANNOTATED
POAG-T2D	16:60291-596605	16	60291	596605	-0.000228479108544	NEGATIVE_DIRECTION_CONCORDANT	rs10903013		LUC7L	ENSG00000007392	protein_coding	238968	279462		GENE_BODY_OVERLAP	LEVEL2	Ensembl overlap/region GRCh37	GRCh37	2026-09-21	ANNOTATED
POAG-T2D	16:60291-596605	16	60291	596605	-0.000228479108544	NEGATIVE_DIRECTION_CONCORDANT	rs10903013		ITFG3	ENSG00000167930	protein_coding	284545	319942		GENE_BODY_OVERLAP	LEVEL2	Ensembl overlap/region GRCh37	GRCh37	2026-09-21	ANNOTATED
POAG-T2D	16:60291-596605	16	60291	596605	-0.000228479108544	NEGATIVE_DIRECTION_CONCORDANT	rs10903013		ITFG3	ENSG00000269881	protein_coding	299546	319942		GENE_BODY_OVERLAP	LEVEL2	Ensembl overlap/region GRCh37	GRCh37	2026-09-21	ANNOTATED
POAG-T2D	16:60291-596605	16	60291	596605	-0.000228479108544	NEGATIVE_DIRECTION_CONCORDANT	rs10903013		RGS11	ENSG00000076344	protein_coding	318300	325980		GENE_BODY_OVERLAP	LEVEL2	Ensembl overlap/region GRCh37	GRCh37	2026-09-21	ANNOTATED
POAG-T2D	16:60291-596605	16	60291	596605	-0.000228479108544	NEGATIVE_DIRECTION_CONCORDANT	rs10903013		ARHGDIG	ENSG00000242173	protein_coding	318726	333003		GENE_BODY_OVERLAP	LEVEL2	Ensembl overlap/region GRCh37	GRCh37	2026-09-21	ANNOTATED
POAG-T2D	16:60291-596605	16	60291	596605	-0.000228479108544	NEGATIVE_DIRECTION_CONCORDANT	rs10903013		PDIA2	ENSG00000185615	protein_coding	333152	337215		GENE_BODY_OVERLAP	LEVEL2	Ensembl overlap/region GRCh37	GRCh37	2026-09-21	ANNOTATED
POAG-T2D	16:60291-596605	16	60291	596605	-0.000228479108544	NEGATIVE_DIRECTION_CONCORDANT	rs10903013		AXIN1	ENSG00000103126	protein_coding	337440	402673		GENE_BODY_OVERLAP	LEVEL2	Ensembl overlap/region GRCh37	GRCh37	2026-09-21	ANNOTATED
POAG-T2D	16:60291-596605	16	60291	596605	-0.000228479108544	NEGATIVE_DIRECTION_CONCORDANT	rs10903013		MRPL28	ENSG00000086504	protein_coding	417384	420527		GENE_BODY_OVERLAP	LEVEL2	Ensembl overlap/region GRCh37	GRCh37	2026-09-21	ANNOTATED
POAG-T2D	16:60291-596605	16	60291	596605	-0.000228479108544	NEGATIVE_DIRECTION_CONCORDANT	rs10903013		TMEM8A	ENSG00000129925	protein_coding	420773	437113		GENE_BODY_OVERLAP	LEVEL2	Ensembl overlap/region GRCh37	GRCh37	2026-09-21	ANNOTATED
POAG-T2D	16:60291-596605	16	60291	596605	-0.000228479108544	NEGATIVE_DIRECTION_CONCORDANT	rs10903013		NME4	ENSG00000103202	protein_coding	446725	460367		GENE_BODY_OVERLAP	LEVEL2	Ensembl overlap/region GRCh37	GRCh37	2026-09-21	ANNOTATED
POAG-T2D	16:60291-596605	16	60291	596605	-0.000228479108544	NEGATIVE_DIRECTION_CONCORDANT	rs10903013		DECR2	ENSG00000242612	protein_coding	451826	462487		GENE_BODY_OVERLAP	LEVEL2	Ensembl overlap/region GRCh37	GRCh37	2026-09-21	ANNOTATED
POAG-T2D	16:60291-596605	16	60291	596605	-0.000228479108544	NEGATIVE_DIRECTION_CONCORDANT	rs10903013		RAB11FIP3	ENSG00000090565	protein_coding	475619	573011		GENE_BODY_OVERLAP	LEVEL2	Ensembl overlap/region GRCh37	GRCh37	2026-09-21	ANNOTATED
POAG-T2D	16:60291-596605	16	60291	596605	-0.000228479108544	NEGATIVE_DIRECTION_CONCORDANT	rs10903013		CAPN15	ENSG00000103326	protein_coding	577717	604636		GENE_BODY_OVERLAP	LEVEL2	Ensembl overlap/region GRCh37	GRCh37	2026-09-21	ANNOTATED
POAG-T2D	16:60291-596605	16	60291	596605	-0.000228479108544	NEGATIVE_DIRECTION_CONCORDANT	rs10903013	312253	ITFG3	ENSG00000167930	protein_coding	284545	319942	0	NEAREST_PROTEIN_CODING_GENE	LEVEL3	Ensembl overlap/region GRCh37	GRCh37	2026-09-21	ANNOTATED
POAG-T2D	16:60291-596605	16	60291	596605	-0.000228479108544	NEGATIVE_DIRECTION_CONCORDANT	rs10903013	312253	ITFG3	ENSG00000269881	protein_coding	299546	319942	0	NEAREST_PROTEIN_CODING_GENE	LEVEL3	Ensembl overlap/region GRCh37	GRCh37	2026-09-21	ANNOTATED
POAG-CKD	4:142808503-145021868	4	142808503	145021868	-0.0003252435019551	NEGATIVE_DIRECTION_CONCORDANT	rs11100780;rs7670439		FREM3	ENSG00000183090	protein_coding	144498455	144621828		GENE_BODY_OVERLAP	LEVEL2	Ensembl overlap/region GRCh37	GRCh37	2026-09-21	ANNOTATED
POAG-CKD	4:142808503-145021868	4	142808503	145021868	-0.0003252435019551	NEGATIVE_DIRECTION_CONCORDANT	rs11100780;rs7670439		GYPE	ENSG00000197465	protein_coding	144792020	144826716		GENE_BODY_OVERLAP	LEVEL2	Ensembl overlap/region GRCh37	GRCh37	2026-09-21	ANNOTATED
POAG-CKD	4:142808503-145021868	4	142808503	145021868	-0.0003252435019551	NEGATIVE_DIRECTION_CONCORDANT	rs11100780;rs7670439		GYPB	ENSG00000250361	protein_coding	144917257	145061844		GENE_BODY_OVERLAP	LEVEL2	Ensembl overlap/region GRCh37	GRCh37	2026-09-21	ANNOTATED
POAG-CKD	4:142808503-145021868	4	142808503	145021868	-0.0003252435019551	NEGATIVE_DIRECTION_CONCORDANT	rs11100780;rs7670439		INPP4B	ENSG00000109452	protein_coding	142944313	143768585		GENE_BODY_OVERLAP	LEVEL2	Ensembl overlap/region GRCh37	GRCh37	2026-09-21	ANNOTATED
POAG-CKD	4:142808503-145021868	4	142808503	145021868	-0.0003252435019551	NEGATIVE_DIRECTION_CONCORDANT	rs11100780;rs7670439		USP38	ENSG00000170185	protein_coding	144106070	144144983		GENE_BODY_OVERLAP	LEVEL2	Ensembl overlap/region GRCh37	GRCh37	2026-09-21	ANNOTATED
POAG-CKD	4:142808503-145021868	4	142808503	145021868	-0.0003252435019551	NEGATIVE_DIRECTION_CONCORDANT	rs11100780;rs7670439		GAB1	ENSG00000109458	protein_coding	144257915	144395721		GENE_BODY_OVERLAP	LEVEL2	Ensembl overlap/region GRCh37	GRCh37	2026-09-21	ANNOTATED
POAG-CKD	4:142808503-145021868	4	142808503	145021868	-0.0003252435019551	NEGATIVE_DIRECTION_CONCORDANT	rs11100780;rs7670439		SMARCA5	ENSG00000153147	protein_coding	144434616	144478639		GENE_BODY_OVERLAP	LEVEL2	Ensembl overlap/region GRCh37	GRCh37	2026-09-21	ANNOTATED
POAG-CKD	4:142808503-145021868	4	142808503	145021868	-0.0003252435019551	NEGATIVE_DIRECTION_CONCORDANT	rs11100780	144104906	USP38	ENSG00000170185	protein_coding	144106070	144144983	1164	NEAREST_PROTEIN_CODING_GENE	LEVEL3	Ensembl overlap/region GRCh37	GRCh37	2026-09-21	ANNOTATED
POAG-STROKE	4:142808503-145021868	4	142808503	145021868	-0.0003809013220984	NEGATIVE_DIRECTION_CONCORDANT	rs7670439	144080267	USP38	ENSG00000170185	protein_coding	144106070	144144983	25803	NEAREST_PROTEIN_CODING_GENE	LEVEL3	Ensembl overlap/region GRCh37	GRCh37	2026-09-21	ANNOTATED
CAT-CAD	1:175385076-176416712	1	175385076	176416712	0.000104141607862	POSITIVE_DIRECTION_CONCORDANT	rs2938154		TNR	ENSG00000116147	protein_coding	175284330	175712906		GENE_BODY_OVERLAP	LEVEL2	Ensembl overlap/region GRCh37	GRCh37	2026-09-21	ANNOTATED
CAT-CAD	1:175385076-176416712	1	175385076	176416712	0.000104141607862	POSITIVE_DIRECTION_CONCORDANT	rs2938154		RFWD2	ENSG00000143207	protein_coding	175913967	176176629		GENE_BODY_OVERLAP	LEVEL2	Ensembl overlap/region GRCh37	GRCh37	2026-09-21	ANNOTATED
CAT-CAD	1:175385076-176416712	1	175385076	176416712	0.000104141607862	POSITIVE_DIRECTION_CONCORDANT	rs2938154	176385265	PAPPA2	ENSG00000116183	protein_coding	176432307	176814735	47042	NEAREST_PROTEIN_CODING_GENE	LEVEL3	Ensembl overlap/region GRCh37	GRCh37	2026-09-21	ANNOTATED
CAT-CAD	11:110702636-111981853	11	110702636	111981853	0.0001328932334462	POSITIVE_DIRECTION_CONCORDANT	rs10502145		C11orf53	ENSG00000150750	protein_coding	111126707	111157126		GENE_BODY_OVERLAP	LEVEL2	Ensembl overlap/region GRCh37	GRCh37	2026-09-21	ANNOTATED
CAT-CAD	11:110702636-111981853	11	110702636	111981853	0.0001328932334462	POSITIVE_DIRECTION_CONCORDANT	rs10502145		COLCA1	ENSG00000196167	protein_coding	111164114	111175770		GENE_BODY_OVERLAP	LEVEL2	Ensembl overlap/region GRCh37	GRCh37	2026-09-21	ANNOTATED
CAT-CAD	11:110702636-111981853	11	110702636	111981853	0.0001328932334462	POSITIVE_DIRECTION_CONCORDANT	rs10502145		COLCA2	ENSG00000214290	protein_coding	111169565	111179460		GENE_BODY_OVERLAP	LEVEL2	Ensembl overlap/region GRCh37	GRCh37	2026-09-21	ANNOTATED
CAT-CAD	11:110702636-111981853	11	110702636	111981853	0.0001328932334462	POSITIVE_DIRECTION_CONCORDANT	rs10502145		POU2AF1	ENSG00000110777	protein_coding	111222977	111326355		GENE_BODY_OVERLAP	LEVEL2	Ensembl overlap/region GRCh37	GRCh37	2026-09-21	ANNOTATED
CAT-CAD	11:110702636-111981853	11	110702636	111981853	0.0001328932334462	POSITIVE_DIRECTION_CONCORDANT	rs10502145		RP11-794P6.2	ENSG00000255093	protein_coding	111322064	111328876		GENE_BODY_OVERLAP	LEVEL2	Ensembl overlap/region GRCh37	GRCh37	2026-09-21	ANNOTATED
CAT-CAD	11:110702636-111981853	11	110702636	111981853	0.0001328932334462	POSITIVE_DIRECTION_CONCORDANT	rs10502145		BTG4	ENSG00000137707	protein_coding	111338251	111383079		GENE_BODY_OVERLAP	LEVEL2	Ensembl overlap/region GRCh37	GRCh37	2026-09-21	ANNOTATED
CAT-CAD	11:110702636-111981853	11	110702636	111981853	0.0001328932334462	POSITIVE_DIRECTION_CONCORDANT	rs10502145		C11orf88	ENSG00000183644	protein_coding	111385510	111407756		GENE_BODY_OVERLAP	LEVEL2	Ensembl overlap/region GRCh37	GRCh37	2026-09-21	ANNOTATED
CAT-CAD	11:110702636-111981853	11	110702636	111981853	0.0001328932334462	POSITIVE_DIRECTION_CONCORDANT	rs10502145		LAYN	ENSG00000204381	protein_coding	111411005	111432264		GENE_BODY_OVERLAP	LEVEL2	Ensembl overlap/region GRCh37	GRCh37	2026-09-21	ANNOTATED
CAT-CAD	11:110702636-111981853	11	110702636	111981853	0.0001328932334462	POSITIVE_DIRECTION_CONCORDANT	rs10502145		SIK2	ENSG00000170145	protein_coding	111473115	111601577		GENE_BODY_OVERLAP	LEVEL2	Ensembl overlap/region GRCh37	GRCh37	2026-09-21	ANNOTATED
CAT-CAD	11:110702636-111981853	11	110702636	111981853	0.0001328932334462	POSITIVE_DIRECTION_CONCORDANT	rs10502145		PPP2R1B	ENSG00000137713	protein_coding	111597632	111637151		GENE_BODY_OVERLAP	LEVEL2	Ensembl overlap/region GRCh37	GRCh37	2026-09-21	ANNOTATED
CAT-CAD	11:110702636-111981853	11	110702636	111981853	0.0001328932334462	POSITIVE_DIRECTION_CONCORDANT	rs10502145		ALG9	ENSG00000086848	protein_coding	111652919	111742305		GENE_BODY_OVERLAP	LEVEL2	Ensembl overlap/region GRCh37	GRCh37	2026-09-21	ANNOTATED
CAT-CAD	11:110702636-111981853	11	110702636	111981853	0.0001328932334462	POSITIVE_DIRECTION_CONCORDANT	rs10502145		ALG9	ENSG00000258529	protein_coding	111657010	111750149		GENE_BODY_OVERLAP	LEVEL2	Ensembl overlap/region GRCh37	GRCh37	2026-09-21	ANNOTATED
CAT-CAD	11:110702636-111981853	11	110702636	111981853	0.0001328932334462	POSITIVE_DIRECTION_CONCORDANT	rs10502145		FDXACB1	ENSG00000255561	protein_coding	111744780	111751967		GENE_BODY_OVERLAP	LEVEL2	Ensembl overlap/region GRCh37	GRCh37	2026-09-21	ANNOTATED
CAT-CAD	11:110702636-111981853	11	110702636	111981853	0.0001328932334462	POSITIVE_DIRECTION_CONCORDANT	rs10502145		C11orf1	ENSG00000137720	protein_coding	111749659	111756699		GENE_BODY_OVERLAP	LEVEL2	Ensembl overlap/region GRCh37	GRCh37	2026-09-21	ANNOTATED
CAT-CAD	11:110702636-111981853	11	110702636	111981853	0.0001328932334462	POSITIVE_DIRECTION_CONCORDANT	rs10502145		CRYAB	ENSG00000109846	protein_coding	111779289	111794446		GENE_BODY_OVERLAP	LEVEL2	Ensembl overlap/region GRCh37	GRCh37	2026-09-21	ANNOTATED
CAT-CAD	11:110702636-111981853	11	110702636	111981853	0.0001328932334462	POSITIVE_DIRECTION_CONCORDANT	rs10502145		HSPB2	ENSG00000170276	protein_coding	111782966	111789574		GENE_BODY_OVERLAP	LEVEL2	Ensembl overlap/region GRCh37	GRCh37	2026-09-21	ANNOTATED
CAT-CAD	11:110702636-111981853	11	110702636	111981853	0.0001328932334462	POSITIVE_DIRECTION_CONCORDANT	rs10502145		HSPB2-C11orf52	ENSG00000254445	protein_coding	111783460	111797595		GENE_BODY_OVERLAP	LEVEL2	Ensembl overlap/region GRCh37	GRCh37	2026-09-21	ANNOTATED
CAT-CAD	11:110702636-111981853	11	110702636	111981853	0.0001328932334462	POSITIVE_DIRECTION_CONCORDANT	rs10502145		C11orf52	ENSG00000149300	protein_coding	111788756	111797596		GENE_BODY_OVERLAP	LEVEL2	Ensembl overlap/region GRCh37	GRCh37	2026-09-21	ANNOTATED
CAT-CAD	11:110702636-111981853	11	110702636	111981853	0.0001328932334462	POSITIVE_DIRECTION_CONCORDANT	rs10502145		DIXDC1	ENSG00000150764	protein_coding	111797868	111893308		GENE_BODY_OVERLAP	LEVEL2	Ensembl overlap/region GRCh37	GRCh37	2026-09-21	ANNOTATED
CAT-CAD	11:110702636-111981853	11	110702636	111981853	0.0001328932334462	POSITIVE_DIRECTION_CONCORDANT	rs10502145		DLAT	ENSG00000150768	protein_coding	111895538	111935114		GENE_BODY_OVERLAP	LEVEL2	Ensembl overlap/region GRCh37	GRCh37	2026-09-21	ANNOTATED
CAT-CAD	11:110702636-111981853	11	110702636	111981853	0.0001328932334462	POSITIVE_DIRECTION_CONCORDANT	rs10502145		PIH1D2	ENSG00000150773	protein_coding	111934734	111944998		GENE_BODY_OVERLAP	LEVEL2	Ensembl overlap/region GRCh37	GRCh37	2026-09-21	ANNOTATED
CAT-CAD	11:110702636-111981853	11	110702636	111981853	0.0001328932334462	POSITIVE_DIRECTION_CONCORDANT	rs10502145		C11orf57	ENSG00000150776	protein_coding	111944810	111955874		GENE_BODY_OVERLAP	LEVEL2	Ensembl overlap/region GRCh37	GRCh37	2026-09-21	ANNOTATED
CAT-CAD	11:110702636-111981853	11	110702636	111981853	0.0001328932334462	POSITIVE_DIRECTION_CONCORDANT	rs10502145		TIMM8B	ENSG00000150779	protein_coding	111955524	111957522		GENE_BODY_OVERLAP	LEVEL2	Ensembl overlap/region GRCh37	GRCh37	2026-09-21	ANNOTATED
CAT-CAD	11:110702636-111981853	11	110702636	111981853	0.0001328932334462	POSITIVE_DIRECTION_CONCORDANT	rs10502145		SDHD	ENSG00000204370	protein_coding	111957497	111990353		GENE_BODY_OVERLAP	LEVEL2	Ensembl overlap/region GRCh37	GRCh37	2026-09-21	ANNOTATED
CAT-CAD	11:110702636-111981853	11	110702636	111981853	0.0001328932334462	POSITIVE_DIRECTION_CONCORDANT	rs10502145		SDHD	ENSG00000255292	protein_coding	111957627	112064528		GENE_BODY_OVERLAP	LEVEL2	Ensembl overlap/region GRCh37	GRCh37	2026-09-21	ANNOTATED
CAT-CAD	11:110702636-111981853	11	110702636	111981853	0.0001328932334462	POSITIVE_DIRECTION_CONCORDANT	rs10502145	111525069	SIK2	ENSG00000170145	protein_coding	111473115	111601577	0	NEAREST_PROTEIN_CODING_GENE	LEVEL3	Ensembl overlap/region GRCh37	GRCh37	2026-09-21	ANNOTATED
CAT-CAD	16:74730819-75517115	16	74730819	75517115	0.0001129640486781	POSITIVE_DIRECTION_CONCORDANT	rs3851734;rs4888432;rs7202877;rs999675		MLKL	ENSG00000168404	protein_coding	74705753	74734858		GENE_BODY_OVERLAP	LEVEL2	Ensembl overlap/region GRCh37	GRCh37	2026-09-21	ANNOTATED
CAT-CAD	16:74730819-75517115	16	74730819	75517115	0.0001129640486781	POSITIVE_DIRECTION_CONCORDANT	rs3851734;rs4888432;rs7202877;rs999675		FA2H	ENSG00000103089	protein_coding	74746853	74808729		GENE_BODY_OVERLAP	LEVEL2	Ensembl overlap/region GRCh37	GRCh37	2026-09-21	ANNOTATED
CAT-CAD	16:74730819-75517115	16	74730819	75517115	0.0001129640486781	POSITIVE_DIRECTION_CONCORDANT	rs3851734;rs4888432;rs7202877;rs999675		WDR59	ENSG00000103091	protein_coding	74907468	75034071		GENE_BODY_OVERLAP	LEVEL2	Ensembl overlap/region GRCh37	GRCh37	2026-09-21	ANNOTATED
CAT-CAD	16:74730819-75517115	16	74730819	75517115	0.0001129640486781	POSITIVE_DIRECTION_CONCORDANT	rs3851734;rs4888432;rs7202877;rs999675		ZNRF1	ENSG00000186187	protein_coding	75032928	75144892		GENE_BODY_OVERLAP	LEVEL2	Ensembl overlap/region GRCh37	GRCh37	2026-09-21	ANNOTATED
CAT-CAD	16:74730819-75517115	16	74730819	75517115	0.0001129640486781	POSITIVE_DIRECTION_CONCORDANT	rs3851734;rs4888432;rs7202877;rs999675		LDHD	ENSG00000166816	protein_coding	75145758	75150669		GENE_BODY_OVERLAP	LEVEL2	Ensembl overlap/region GRCh37	GRCh37	2026-09-21	ANNOTATED
CAT-CAD	16:74730819-75517115	16	74730819	75517115	0.0001129640486781	POSITIVE_DIRECTION_CONCORDANT	rs3851734;rs4888432;rs7202877;rs999675		ZFP1	ENSG00000184517	protein_coding	75182390	75206134		GENE_BODY_OVERLAP	LEVEL2	Ensembl overlap/region GRCh37	GRCh37	2026-09-21	ANNOTATED
CAT-CAD	16:74730819-75517115	16	74730819	75517115	0.0001129640486781	POSITIVE_DIRECTION_CONCORDANT	rs3851734;rs4888432;rs7202877;rs999675		CTRB2	ENSG00000168928	protein_coding	75237994	75241083		GENE_BODY_OVERLAP	LEVEL2	Ensembl overlap/region GRCh37	GRCh37	2026-09-21	ANNOTATED
CAT-CAD	16:74730819-75517115	16	74730819	75517115	0.0001129640486781	POSITIVE_DIRECTION_CONCORDANT	rs3851734;rs4888432;rs7202877;rs999675		CTRB1	ENSG00000168925	protein_coding	75252898	75258822		GENE_BODY_OVERLAP	LEVEL2	Ensembl overlap/region GRCh37	GRCh37	2026-09-21	ANNOTATED
CAT-CAD	16:74730819-75517115	16	74730819	75517115	0.0001129640486781	POSITIVE_DIRECTION_CONCORDANT	rs3851734;rs4888432;rs7202877;rs999675		BCAR1	ENSG00000050820	protein_coding	75262928	75301951		GENE_BODY_OVERLAP	LEVEL2	Ensembl overlap/region GRCh37	GRCh37	2026-09-21	ANNOTATED
CAT-CAD	16:74730819-75517115	16	74730819	75517115	0.0001129640486781	POSITIVE_DIRECTION_CONCORDANT	rs3851734;rs4888432;rs7202877;rs999675		CFDP1	ENSG00000153774	protein_coding	75327596	75467383		GENE_BODY_OVERLAP	LEVEL2	Ensembl overlap/region GRCh37	GRCh37	2026-09-21	ANNOTATED
CAT-CAD	16:74730819-75517115	16	74730819	75517115	0.0001129640486781	POSITIVE_DIRECTION_CONCORDANT	rs3851734;rs4888432;rs7202877;rs999675		RP11-77K12.1	ENSG00000261717	protein_coding	75446582	75498604		GENE_BODY_OVERLAP	LEVEL2	Ensembl overlap/region GRCh37	GRCh37	2026-09-21	ANNOTATED
CAT-CAD	16:74730819-75517115	16	74730819	75517115	0.0001129640486781	POSITIVE_DIRECTION_CONCORDANT	rs3851734;rs4888432;rs7202877;rs999675		TMEM170A	ENSG00000166822	protein_coding	75476952	75499395		GENE_BODY_OVERLAP	LEVEL2	Ensembl overlap/region GRCh37	GRCh37	2026-09-21	ANNOTATED
CAT-CAD	16:74730819-75517115	16	74730819	75517115	0.0001129640486781	POSITIVE_DIRECTION_CONCORDANT	rs3851734;rs4888432;rs7202877;rs999675		CHST6	ENSG00000183196	protein_coding	75510949	75529282		GENE_BODY_OVERLAP	LEVEL2	Ensembl overlap/region GRCh37	GRCh37	2026-09-21	ANNOTATED
AMD-CAD	16:74730819-75517115	16	74730819	75517115	0.000652618425972	POSITIVE_DIRECTION_CONCORDANT	rs7202877	75247245	CTRB1	ENSG00000168925	protein_coding	75252898	75258822	5653	NEAREST_PROTEIN_CODING_GENE	LEVEL3	Ensembl overlap/region GRCh37	GRCh37	2026-09-21	ANNOTATED
AMD-CAD	16:74730819-75517115	16	74730819	75517115	0.000652618425972	POSITIVE_DIRECTION_CONCORDANT	rs4888432	75510973	CHST6	ENSG00000183196	protein_coding	75510949	75529282	0	NEAREST_PROTEIN_CODING_GENE	LEVEL3	Ensembl overlap/region GRCh37	GRCh37	2026-09-21	ANNOTATED
CAT-CAD	16:74730819-75517115	16	74730819	75517115	0.0001129640486781	POSITIVE_DIRECTION_CONCORDANT	rs3851734	75371920	CFDP1	ENSG00000153774	protein_coding	75327596	75467383	0	NEAREST_PROTEIN_CODING_GENE	LEVEL3	Ensembl overlap/region GRCh37	GRCh37	2026-09-21	ANNOTATED
POAG-CAD	16:74730819-75517115	16	74730819	75517115	-0.0002679344383509	NEGATIVE_DIRECTION_CONCORDANT	rs999675	75306402	BCAR1	ENSG00000050820	protein_coding	75262928	75301951	4451	NEAREST_PROTEIN_CODING_GENE	LEVEL3	Ensembl overlap/region GRCh37	GRCh37	2026-09-21	ANNOTATED
CAT-STROKE	10:12799286-13718384	10	12799286	13718384	-0.0002443768914323	NEGATIVE_DIRECTION_CONCORDANT	rs4750356		CAMK1D	ENSG00000183049	protein_coding	12391481	12877545		GENE_BODY_OVERLAP	LEVEL2	Ensembl overlap/region GRCh37	GRCh37	2026-09-21	ANNOTATED
CAT-STROKE	10:12799286-13718384	10	12799286	13718384	-0.0002443768914323	NEGATIVE_DIRECTION_CONCORDANT	rs4750356		CCDC3	ENSG00000151468	protein_coding	12938627	13141652		GENE_BODY_OVERLAP	LEVEL2	Ensembl overlap/region GRCh37	GRCh37	2026-09-21	ANNOTATED
CAT-STROKE	10:12799286-13718384	10	12799286	13718384	-0.0002443768914323	NEGATIVE_DIRECTION_CONCORDANT	rs4750356		OPTN	ENSG00000123240	protein_coding	13141449	13180291		GENE_BODY_OVERLAP	LEVEL2	Ensembl overlap/region GRCh37	GRCh37	2026-09-21	ANNOTATED
CAT-STROKE	10:12799286-13718384	10	12799286	13718384	-0.0002443768914323	NEGATIVE_DIRECTION_CONCORDANT	rs4750356		MCM10	ENSG00000065328	protein_coding	13203554	13253104		GENE_BODY_OVERLAP	LEVEL2	Ensembl overlap/region GRCh37	GRCh37	2026-09-21	ANNOTATED
CAT-STROKE	10:12799286-13718384	10	12799286	13718384	-0.0002443768914323	NEGATIVE_DIRECTION_CONCORDANT	rs4750356		UCMA	ENSG00000165623	protein_coding	13263767	13276334		GENE_BODY_OVERLAP	LEVEL2	Ensembl overlap/region GRCh37	GRCh37	2026-09-21	ANNOTATED
CAT-STROKE	10:12799286-13718384	10	12799286	13718384	-0.0002443768914323	NEGATIVE_DIRECTION_CONCORDANT	rs4750356		PHYH	ENSG00000107537	protein_coding	13319796	13344412		GENE_BODY_OVERLAP	LEVEL2	Ensembl overlap/region GRCh37	GRCh37	2026-09-21	ANNOTATED
CAT-STROKE	10:12799286-13718384	10	12799286	13718384	-0.0002443768914323	NEGATIVE_DIRECTION_CONCORDANT	rs4750356		AL138764.1	ENSG00000226209	protein_coding	13350145	13350447		GENE_BODY_OVERLAP	LEVEL2	Ensembl overlap/region GRCh37	GRCh37	2026-09-21	ANNOTATED
CAT-STROKE	10:12799286-13718384	10	12799286	13718384	-0.0002443768914323	NEGATIVE_DIRECTION_CONCORDANT	rs4750356		SEPHS1	ENSG00000086475	protein_coding	13359424	13390297		GENE_BODY_OVERLAP	LEVEL2	Ensembl overlap/region GRCh37	GRCh37	2026-09-21	ANNOTATED
CAT-STROKE	10:12799286-13718384	10	12799286	13718384	-0.0002443768914323	NEGATIVE_DIRECTION_CONCORDANT	rs4750356		BEND7	ENSG00000165626	protein_coding	13480484	13570974		GENE_BODY_OVERLAP	LEVEL2	Ensembl overlap/region GRCh37	GRCh37	2026-09-21	ANNOTATED
CAT-STROKE	10:12799286-13718384	10	12799286	13718384	-0.0002443768914323	NEGATIVE_DIRECTION_CONCORDANT	rs4750356		PRPF18	ENSG00000165630	protein_coding	13628927	13672868		GENE_BODY_OVERLAP	LEVEL2	Ensembl overlap/region GRCh37	GRCh37	2026-09-21	ANNOTATED
CAT-STROKE	10:12799286-13718384	10	12799286	13718384	-0.0002443768914323	NEGATIVE_DIRECTION_CONCORDANT	rs4750356		RP11-295P9.3	ENSG00000239665	protein_coding	13652047	13710299		GENE_BODY_OVERLAP	LEVEL2	Ensembl overlap/region GRCh37	GRCh37	2026-09-21	ANNOTATED
CAT-STROKE	10:12799286-13718384	10	12799286	13718384	-0.0002443768914323	NEGATIVE_DIRECTION_CONCORDANT	rs4750356		FRMD4A	ENSG00000151474	protein_coding	13685706	14504141		GENE_BODY_OVERLAP	LEVEL2	Ensembl overlap/region GRCh37	GRCh37	2026-09-21	ANNOTATED
CAT-STROKE	10:12799286-13718384	10	12799286	13718384	-0.0002443768914323	NEGATIVE_DIRECTION_CONCORDANT	rs4750356	13480789	BEND7	ENSG00000165626	protein_coding	13480484	13570974	0	NEAREST_PROTEIN_CODING_GENE	LEVEL3	Ensembl overlap/region GRCh37	GRCh37	2026-09-21	ANNOTATED
CAT-STROKE	17:17299591-18446092	17	17299591	18446092	0.0001787233093715	POSITIVE_DIRECTION_CONCORDANT	rs11870660;rs12936927;rs75035298;rs8079321		MIEF2	ENSG00000177427	protein_coding	18163848	18169866		GENE_BODY_OVERLAP	LEVEL2	Ensembl overlap/region GRCh37	GRCh37	2026-09-21	ANNOTATED
CAT-STROKE	17:17299591-18446092	17	17299591	18446092	0.0001787233093715	POSITIVE_DIRECTION_CONCORDANT	rs11870660;rs12936927;rs75035298;rs8079321		TOP3A	ENSG00000177302	protein_coding	18174742	18218321		GENE_BODY_OVERLAP	LEVEL2	Ensembl overlap/region GRCh37	GRCh37	2026-09-21	ANNOTATED
CAT-STROKE	17:17299591-18446092	17	17299591	18446092	0.0001787233093715	POSITIVE_DIRECTION_CONCORDANT	rs11870660;rs12936927;rs75035298;rs8079321		SMCR8	ENSG00000176994	protein_coding	18218624	18226517		GENE_BODY_OVERLAP	LEVEL2	Ensembl overlap/region GRCh37	GRCh37	2026-09-21	ANNOTATED
CAT-STROKE	17:17299591-18446092	17	17299591	18446092	0.0001787233093715	POSITIVE_DIRECTION_CONCORDANT	rs11870660;rs12936927;rs75035298;rs8079321		SHMT1	ENSG00000176974	protein_coding	18231187	18266856		GENE_BODY_OVERLAP	LEVEL2	Ensembl overlap/region GRCh37	GRCh37	2026-09-21	ANNOTATED
CAT-STROKE	17:17299591-18446092	17	17299591	18446092	0.0001787233093715	POSITIVE_DIRECTION_CONCORDANT	rs11870660;rs12936927;rs75035298;rs8079321		EVPLL	ENSG00000214860	protein_coding	18280976	18292961		GENE_BODY_OVERLAP	LEVEL2	Ensembl overlap/region GRCh37	GRCh37	2026-09-21	ANNOTATED
CAT-STROKE	17:17299591-18446092	17	17299591	18446092	0.0001787233093715	POSITIVE_DIRECTION_CONCORDANT	rs11870660;rs12936927;rs75035298;rs8079321		LGALS9C	ENSG00000171916	protein_coding	18380051	18398259		GENE_BODY_OVERLAP	LEVEL2	Ensembl overlap/region GRCh37	GRCh37	2026-09-21	ANNOTATED
CAT-STROKE	17:17299591-18446092	17	17299591	18446092	0.0001787233093715	POSITIVE_DIRECTION_CONCORDANT	rs11870660;rs12936927;rs75035298;rs8079321		FAM106A	ENSG00000213077	protein_coding	18427880	18430160		GENE_BODY_OVERLAP	LEVEL2	Ensembl overlap/region GRCh37	GRCh37	2026-09-21	ANNOTATED
CAT-STROKE	17:17299591-18446092	17	17299591	18446092	0.0001787233093715	POSITIVE_DIRECTION_CONCORDANT	rs11870660;rs12936927;rs75035298;rs8079321		MED9	ENSG00000141026	protein_coding	17380300	17396540		GENE_BODY_OVERLAP	LEVEL2	Ensembl overlap/region GRCh37	GRCh37	2026-09-21	ANNOTATED
CAT-STROKE	17:17299591-18446092	17	17299591	18446092	0.0001787233093715	POSITIVE_DIRECTION_CONCORDANT	rs11870660;rs12936927;rs75035298;rs8079321		RASD1	ENSG00000108551	protein_coding	17397751	17399709		GENE_BODY_OVERLAP	LEVEL2	Ensembl overlap/region GRCh37	GRCh37	2026-09-21	ANNOTATED
CAT-STROKE	17:17299591-18446092	17	17299591	18446092	0.0001787233093715	POSITIVE_DIRECTION_CONCORDANT	rs11870660;rs12936927;rs75035298;rs8079321		PEMT	ENSG00000133027	protein_coding	17408877	17495022		GENE_BODY_OVERLAP	LEVEL2	Ensembl overlap/region GRCh37	GRCh37	2026-09-21	ANNOTATED
CAT-STROKE	17:17299591-18446092	17	17299591	18446092	0.0001787233093715	POSITIVE_DIRECTION_CONCORDANT	rs11870660;rs12936927;rs75035298;rs8079321		RAI1	ENSG00000108557	protein_coding	17584787	17714767		GENE_BODY_OVERLAP	LEVEL2	Ensembl overlap/region GRCh37	GRCh37	2026-09-21	ANNOTATED
CAT-STROKE	17:17299591-18446092	17	17299591	18446092	0.0001787233093715	POSITIVE_DIRECTION_CONCORDANT	rs11870660;rs12936927;rs75035298;rs8079321		SREBF1	ENSG00000072310	protein_coding	17713713	17740325		GENE_BODY_OVERLAP	LEVEL2	Ensembl overlap/region GRCh37	GRCh37	2026-09-21	ANNOTATED
CAT-STROKE	17:17299591-18446092	17	17299591	18446092	0.0001787233093715	POSITIVE_DIRECTION_CONCORDANT	rs11870660;rs12936927;rs75035298;rs8079321		TOM1L2	ENSG00000175662	protein_coding	17746828	17875736		GENE_BODY_OVERLAP	LEVEL2	Ensembl overlap/region GRCh37	GRCh37	2026-09-21	ANNOTATED
CAT-STROKE	17:17299591-18446092	17	17299591	18446092	0.0001787233093715	POSITIVE_DIRECTION_CONCORDANT	rs11870660;rs12936927;rs75035298;rs8079321		LRRC48	ENSG00000171962	protein_coding	17876127	17920203		GENE_BODY_OVERLAP	LEVEL2	Ensembl overlap/region GRCh37	GRCh37	2026-09-21	ANNOTATED
CAT-STROKE	17:17299591-18446092	17	17299591	18446092	0.0001787233093715	POSITIVE_DIRECTION_CONCORDANT	rs11870660;rs12936927;rs75035298;rs8079321		ATPAF2	ENSG00000171953	protein_coding	17880723	17942523		GENE_BODY_OVERLAP	LEVEL2	Ensembl overlap/region GRCh37	GRCh37	2026-09-21	ANNOTATED
CAT-STROKE	17:17299591-18446092	17	17299591	18446092	0.0001787233093715	POSITIVE_DIRECTION_CONCORDANT	rs11870660;rs12936927;rs75035298;rs8079321		GID4	ENSG00000141034	protein_coding	17942606	17971718		GENE_BODY_OVERLAP	LEVEL2	Ensembl overlap/region GRCh37	GRCh37	2026-09-21	ANNOTATED
CAT-STROKE	17:17299591-18446092	17	17299591	18446092	0.0001787233093715	POSITIVE_DIRECTION_CONCORDANT	rs11870660;rs12936927;rs75035298;rs8079321		DRG2	ENSG00000108591	protein_coding	17991200	18011285		GENE_BODY_OVERLAP	LEVEL2	Ensembl overlap/region GRCh37	GRCh37	2026-09-21	ANNOTATED
CAT-STROKE	17:17299591-18446092	17	17299591	18446092	0.0001787233093715	POSITIVE_DIRECTION_CONCORDANT	rs11870660;rs12936927;rs75035298;rs8079321		MYO15A	ENSG00000091536	protein_coding	18012020	18083116		GENE_BODY_OVERLAP	LEVEL2	Ensembl overlap/region GRCh37	GRCh37	2026-09-21	ANNOTATED
CAT-STROKE	17:17299591-18446092	17	17299591	18446092	0.0001787233093715	POSITIVE_DIRECTION_CONCORDANT	rs11870660;rs12936927;rs75035298;rs8079321		ALKBH5	ENSG00000091542	protein_coding	18086392	18113268		GENE_BODY_OVERLAP	LEVEL2	Ensembl overlap/region GRCh37	GRCh37	2026-09-21	ANNOTATED
CAT-STROKE	17:17299591-18446092	17	17299591	18446092	0.0001787233093715	POSITIVE_DIRECTION_CONCORDANT	rs11870660;rs12936927;rs75035298;rs8079321		LLGL1	ENSG00000131899	protein_coding	18128901	18148189		GENE_BODY_OVERLAP	LEVEL2	Ensembl overlap/region GRCh37	GRCh37	2026-09-21	ANNOTATED
CAT-STROKE	17:17299591-18446092	17	17299591	18446092	0.0001787233093715	POSITIVE_DIRECTION_CONCORDANT	rs11870660;rs12936927;rs75035298;rs8079321		FLII	ENSG00000177731	protein_coding	18148150	18162230		GENE_BODY_OVERLAP	LEVEL2	Ensembl overlap/region GRCh37	GRCh37	2026-09-21	ANNOTATED
CAT-CKD	17:17299591-18446092	17	17299591	18446092	-0.0001709140077804	NEGATIVE_DIRECTION_CONCORDANT	rs12936927	17726965	SREBF1	ENSG00000072310	protein_coding	17713713	17740325	0	NEAREST_PROTEIN_CODING_GENE	LEVEL3	Ensembl overlap/region GRCh37	GRCh37	2026-09-21	ANNOTATED
CAT-STROKE	17:17299591-18446092	17	17299591	18446092	0.0001787233093715	POSITIVE_DIRECTION_CONCORDANT	rs11870660	17877096	LRRC48	ENSG00000171962	protein_coding	17876127	17920203	0	NEAREST_PROTEIN_CODING_GENE	LEVEL3	Ensembl overlap/region GRCh37	GRCh37	2026-09-21	ANNOTATED
CAT-T2D	17:17299591-18446092	17	17299591	18446092	0.0002213939581042	POSITIVE_DIRECTION_CONCORDANT	rs8079321	17760789	TOM1L2	ENSG00000175662	protein_coding	17746828	17875736	0	NEAREST_PROTEIN_CODING_GENE	LEVEL3	Ensembl overlap/region GRCh37	GRCh37	2026-09-21	ANNOTATED
CAT-T2D	17:17299591-18446092	17	17299591	18446092	0.0002213939581042	POSITIVE_DIRECTION_CONCORDANT	rs75035298	17473014	PEMT	ENSG00000133027	protein_coding	17408877	17495022	0	NEAREST_PROTEIN_CODING_GENE	LEVEL3	Ensembl overlap/region GRCh37	GRCh37	2026-09-21	ANNOTATED
CAT-T2D	2:43309247-44048346	2	43309247	44048346	-0.0001797901249829	NEGATIVE_DIRECTION_CONCORDANT	rs11904510;rs1549723;rs6544658;rs6722743;rs72790940		THADA	ENSG00000115970	protein_coding	43393800	43823185		GENE_BODY_OVERLAP	LEVEL2	Ensembl overlap/region GRCh37	GRCh37	2026-09-21	ANNOTATED
CAT-T2D	2:43309247-44048346	2	43309247	44048346	-0.0001797901249829	NEGATIVE_DIRECTION_CONCORDANT	rs11904510;rs1549723;rs6544658;rs6722743;rs72790940		ZFP36L2	ENSG00000152518	protein_coding	43449541	43453748		GENE_BODY_OVERLAP	LEVEL2	Ensembl overlap/region GRCh37	GRCh37	2026-09-21	ANNOTATED
CAT-T2D	2:43309247-44048346	2	43309247	44048346	-0.0001797901249829	NEGATIVE_DIRECTION_CONCORDANT	rs11904510;rs1549723;rs6544658;rs6722743;rs72790940		PLEKHH2	ENSG00000152527	protein_coding	43864412	43995126		GENE_BODY_OVERLAP	LEVEL2	Ensembl overlap/region GRCh37	GRCh37	2026-09-21	ANNOTATED
CAT-T2D	2:43309247-44048346	2	43309247	44048346	-0.0001797901249829	NEGATIVE_DIRECTION_CONCORDANT	rs11904510;rs1549723;rs6544658;rs6722743;rs72790940		DYNC2LI1	ENSG00000138036	protein_coding	44001178	44037149		GENE_BODY_OVERLAP	LEVEL2	Ensembl overlap/region GRCh37	GRCh37	2026-09-21	ANNOTATED
CAT-T2D	2:43309247-44048346	2	43309247	44048346	-0.0001797901249829	NEGATIVE_DIRECTION_CONCORDANT	rs11904510;rs1549723;rs6544658;rs6722743;rs72790940		ABCG5	ENSG00000138075	protein_coding	44039611	44066004		GENE_BODY_OVERLAP	LEVEL2	Ensembl overlap/region GRCh37	GRCh37	2026-09-21	ANNOTATED
AMD-T2D	2:43309247-44048346	2	43309247	44048346	-0.0006783499484874	NEGATIVE_DIRECTION_CONCORDANT	rs1549723	43460514	THADA	ENSG00000115970	protein_coding	43393800	43823185	0	NEAREST_PROTEIN_CODING_GENE	LEVEL3	Ensembl overlap/region GRCh37	GRCh37	2026-09-21	ANNOTATED
AMD-T2D	2:43309247-44048346	2	43309247	44048346	-0.0006783499484874	NEGATIVE_DIRECTION_CONCORDANT	rs6722743	43095988	HAAO	ENSG00000162882	protein_coding	42994229	43019733	76255	NEAREST_PROTEIN_CODING_GENE	LEVEL3	Ensembl overlap/region GRCh37	GRCh37	2026-09-21	ANNOTATED
AMD-T2D	2:43309247-44048346	2	43309247	44048346	-0.0006783499484874	NEGATIVE_DIRECTION_CONCORDANT	rs6544658	43652117	THADA	ENSG00000115970	protein_coding	43393800	43823185	0	NEAREST_PROTEIN_CODING_GENE	LEVEL3	Ensembl overlap/region GRCh37	GRCh37	2026-09-21	ANNOTATED
AMD-T2D	2:43309247-44048346	2	43309247	44048346	-0.0006783499484874	NEGATIVE_DIRECTION_CONCORDANT	rs11904510	43797710	THADA	ENSG00000115970	protein_coding	43393800	43823185	0	NEAREST_PROTEIN_CODING_GENE	LEVEL3	Ensembl overlap/region GRCh37	GRCh37	2026-09-21	ANNOTATED
CAT-T2D	2:43309247-44048346	2	43309247	44048346	-0.0001797901249829	NEGATIVE_DIRECTION_CONCORDANT	rs72790940	43768545	THADA	ENSG00000115970	protein_coding	43393800	43823185	0	NEAREST_PROTEIN_CODING_GENE	LEVEL3	Ensembl overlap/region GRCh37	GRCh37	2026-09-21	ANNOTATED
CAT-T2D	4:5971634-7135912	4	5971634	7135912	0.0003972937806551	POSITIVE_DIRECTION_CONCORDANT	rs2269920;rs62283057		C4orf50	ENSG00000181215	protein_coding	5958845	5991545		GENE_BODY_OVERLAP	LEVEL2	Ensembl overlap/region GRCh37	GRCh37	2026-09-21	ANNOTATED
CAT-T2D	4:5971634-7135912	4	5971634	7135912	0.0003972937806551	POSITIVE_DIRECTION_CONCORDANT	rs2269920;rs62283057		JAKMIP1	ENSG00000152969	protein_coding	6027926	6202318		GENE_BODY_OVERLAP	LEVEL2	Ensembl overlap/region GRCh37	GRCh37	2026-09-21	ANNOTATED
CAT-T2D	4:5971634-7135912	4	5971634	7135912	0.0003972937806551	POSITIVE_DIRECTION_CONCORDANT	rs2269920;rs62283057		WFS1	ENSG00000109501	protein_coding	6271576	6304992		GENE_BODY_OVERLAP	LEVEL2	Ensembl overlap/region GRCh37	GRCh37	2026-09-21	ANNOTATED
CAT-T2D	4:5971634-7135912	4	5971634	7135912	0.0003972937806551	POSITIVE_DIRECTION_CONCORDANT	rs2269920;rs62283057		PPP2R2C	ENSG00000074211	protein_coding	6322305	6565327		GENE_BODY_OVERLAP	LEVEL2	Ensembl overlap/region GRCh37	GRCh37	2026-09-21	ANNOTATED
CAT-T2D	4:5971634-7135912	4	5971634	7135912	0.0003972937806551	POSITIVE_DIRECTION_CONCORDANT	rs2269920;rs62283057		MAN2B2	ENSG00000013288	protein_coding	6576902	6625089		GENE_BODY_OVERLAP	LEVEL2	Ensembl overlap/region GRCh37	GRCh37	2026-09-21	ANNOTATED
CAT-T2D	4:5971634-7135912	4	5971634	7135912	0.0003972937806551	POSITIVE_DIRECTION_CONCORDANT	rs2269920;rs62283057		MRFAP1	ENSG00000179010	protein_coding	6641818	6644472		GENE_BODY_OVERLAP	LEVEL2	Ensembl overlap/region GRCh37	GRCh37	2026-09-21	ANNOTATED
CAT-T2D	4:5971634-7135912	4	5971634	7135912	0.0003972937806551	POSITIVE_DIRECTION_CONCORDANT	rs2269920;rs62283057		AC093323.1	ENSG00000268791	protein_coding	6693782	6694189		GENE_BODY_OVERLAP	LEVEL2	Ensembl overlap/region GRCh37	GRCh37	2026-09-21	ANNOTATED
CAT-T2D	4:5971634-7135912	4	5971634	7135912	0.0003972937806551	POSITIVE_DIRECTION_CONCORDANT	rs2269920;rs62283057		S100P	ENSG00000163993	protein_coding	6694796	6698897		GENE_BODY_OVERLAP	LEVEL2	Ensembl overlap/region GRCh37	GRCh37	2026-09-21	ANNOTATED
CAT-T2D	4:5971634-7135912	4	5971634	7135912	0.0003972937806551	POSITIVE_DIRECTION_CONCORDANT	rs2269920;rs62283057		MRFAP1L1	ENSG00000178988	protein_coding	6709428	6711607		GENE_BODY_OVERLAP	LEVEL2	Ensembl overlap/region GRCh37	GRCh37	2026-09-21	ANNOTATED
CAT-T2D	4:5971634-7135912	4	5971634	7135912	0.0003972937806551	POSITIVE_DIRECTION_CONCORDANT	rs2269920;rs62283057		BLOC1S4	ENSG00000186222	protein_coding	6717842	6719387		GENE_BODY_OVERLAP	LEVEL2	Ensembl overlap/region GRCh37	GRCh37	2026-09-21	ANNOTATED
CAT-T2D	4:5971634-7135912	4	5971634	7135912	0.0003972937806551	POSITIVE_DIRECTION_CONCORDANT	rs2269920;rs62283057		KIAA0232	ENSG00000170871	protein_coding	6783102	6885897		GENE_BODY_OVERLAP	LEVEL2	Ensembl overlap/region GRCh37	GRCh37	2026-09-21	ANNOTATED
CAT-T2D	4:5971634-7135912	4	5971634	7135912	0.0003972937806551	POSITIVE_DIRECTION_CONCORDANT	rs2269920;rs62283057		TBC1D14	ENSG00000132405	protein_coding	6910969	7034845		GENE_BODY_OVERLAP	LEVEL2	Ensembl overlap/region GRCh37	GRCh37	2026-09-21	ANNOTATED
CAT-T2D	4:5971634-7135912	4	5971634	7135912	0.0003972937806551	POSITIVE_DIRECTION_CONCORDANT	rs2269920;rs62283057		CCDC96	ENSG00000173013	protein_coding	7042579	7044728		GENE_BODY_OVERLAP	LEVEL2	Ensembl overlap/region GRCh37	GRCh37	2026-09-21	ANNOTATED
CAT-T2D	4:5971634-7135912	4	5971634	7135912	0.0003972937806551	POSITIVE_DIRECTION_CONCORDANT	rs2269920;rs62283057		TADA2B	ENSG00000173011	protein_coding	7043626	7059679		GENE_BODY_OVERLAP	LEVEL2	Ensembl overlap/region GRCh37	GRCh37	2026-09-21	ANNOTATED
CAT-T2D	4:5971634-7135912	4	5971634	7135912	0.0003972937806551	POSITIVE_DIRECTION_CONCORDANT	rs2269920;rs62283057		GRPEL1	ENSG00000109519	protein_coding	7060633	7069924		GENE_BODY_OVERLAP	LEVEL2	Ensembl overlap/region GRCh37	GRCh37	2026-09-21	ANNOTATED
CAT-T2D	4:5971634-7135912	4	5971634	7135912	0.0003972937806551	POSITIVE_DIRECTION_CONCORDANT	rs62283057	6276805	WFS1	ENSG00000109501	protein_coding	6271576	6304992	0	NEAREST_PROTEIN_CODING_GENE	LEVEL3	Ensembl overlap/region GRCh37	GRCh37	2026-09-21	ANNOTATED
CAT-T2D	4:5971634-7135912	4	5971634	7135912	0.0003972937806551	POSITIVE_DIRECTION_CONCORDANT	rs2269920	6323454	PPP2R2C	ENSG00000074211	protein_coding	6322305	6565327	0	NEAREST_PROTEIN_CODING_GENE	LEVEL3	Ensembl overlap/region GRCh37	GRCh37	2026-09-21	ANNOTATED
CAT-T2D	4:94230511-95596188	4	94230511	95596188	-0.0001375879505063	NEGATIVE_DIRECTION_CONCORDANT	rs1509946		GRID2	ENSG00000152208	protein_coding	93225550	94695707		GENE_BODY_OVERLAP	LEVEL2	Ensembl overlap/region GRCh37	GRCh37	2026-09-21	ANNOTATED
CAT-T2D	4:94230511-95596188	4	94230511	95596188	-0.0001375879505063	NEGATIVE_DIRECTION_CONCORDANT	rs1509946		ATOH1	ENSG00000172238	protein_coding	94750042	94751221		GENE_BODY_OVERLAP	LEVEL2	Ensembl overlap/region GRCh37	GRCh37	2026-09-21	ANNOTATED
CAT-T2D	4:94230511-95596188	4	94230511	95596188	-0.0001375879505063	NEGATIVE_DIRECTION_CONCORDANT	rs1509946		SMARCAD1	ENSG00000163104	protein_coding	95128762	95212443		GENE_BODY_OVERLAP	LEVEL2	Ensembl overlap/region GRCh37	GRCh37	2026-09-21	ANNOTATED
CAT-T2D	4:94230511-95596188	4	94230511	95596188	-0.0001375879505063	NEGATIVE_DIRECTION_CONCORDANT	rs1509946		HPGDS	ENSG00000163106	protein_coding	95219686	95264027		GENE_BODY_OVERLAP	LEVEL2	Ensembl overlap/region GRCh37	GRCh37	2026-09-21	ANNOTATED
CAT-T2D	4:94230511-95596188	4	94230511	95596188	-0.0001375879505063	NEGATIVE_DIRECTION_CONCORDANT	rs1509946		PDLIM5	ENSG00000163110	protein_coding	95373037	95589377		GENE_BODY_OVERLAP	LEVEL2	Ensembl overlap/region GRCh37	GRCh37	2026-09-21	ANNOTATED
CAT-T2D	4:94230511-95596188	4	94230511	95596188	-0.0001375879505063	NEGATIVE_DIRECTION_CONCORDANT	rs1509946	95109078	SMARCAD1	ENSG00000163104	protein_coding	95128762	95212443	19684	NEAREST_PROTEIN_CODING_GENE	LEVEL3	Ensembl overlap/region GRCh37	GRCh37	2026-09-21	ANNOTATED
CAT-T2D	4:103388441-104802530	4	103388441	104802530	0.0001431518936158	POSITIVE_DIRECTION_CONCORDANT	rs11734396;rs228631		NFKB1	ENSG00000109320	protein_coding	103422486	103538459		GENE_BODY_OVERLAP	LEVEL2	Ensembl overlap/region GRCh37	GRCh37	2026-09-21	ANNOTATED
CAT-T2D	4:103388441-104802530	4	103388441	104802530	0.0001431518936158	POSITIVE_DIRECTION_CONCORDANT	rs11734396;rs228631		MANBA	ENSG00000109323	protein_coding	103552660	103682151		GENE_BODY_OVERLAP	LEVEL2	Ensembl overlap/region GRCh37	GRCh37	2026-09-21	ANNOTATED
CAT-T2D	4:103388441-104802530	4	103388441	104802530	0.0001431518936158	POSITIVE_DIRECTION_CONCORDANT	rs11734396;rs228631		UBE2D3	ENSG00000109332	protein_coding	103715540	103790053		GENE_BODY_OVERLAP	LEVEL2	Ensembl overlap/region GRCh37	GRCh37	2026-09-21	ANNOTATED
CAT-T2D	4:103388441-104802530	4	103388441	104802530	0.0001431518936158	POSITIVE_DIRECTION_CONCORDANT	rs11734396;rs228631		CISD2	ENSG00000145354	protein_coding	103790135	103810399		GENE_BODY_OVERLAP	LEVEL2	Ensembl overlap/region GRCh37	GRCh37	2026-09-21	ANNOTATED
CAT-T2D	4:103388441-104802530	4	103388441	104802530	0.0001431518936158	POSITIVE_DIRECTION_CONCORDANT	rs11734396;rs228631		SLC9B1	ENSG00000164037	protein_coding	103806205	103940896		GENE_BODY_OVERLAP	LEVEL2	Ensembl overlap/region GRCh37	GRCh37	2026-09-21	ANNOTATED
CAT-T2D	4:103388441-104802530	4	103388441	104802530	0.0001431518936158	POSITIVE_DIRECTION_CONCORDANT	rs11734396;rs228631		SLC9B2	ENSG00000164038	protein_coding	103941025	104006986		GENE_BODY_OVERLAP	LEVEL2	Ensembl overlap/region GRCh37	GRCh37	2026-09-21	ANNOTATED
CAT-T2D	4:103388441-104802530	4	103388441	104802530	0.0001431518936158	POSITIVE_DIRECTION_CONCORDANT	rs11734396;rs228631		BDH2	ENSG00000164039	protein_coding	104000592	104021040		GENE_BODY_OVERLAP	LEVEL2	Ensembl overlap/region GRCh37	GRCh37	2026-09-21	ANNOTATED
CAT-T2D	4:103388441-104802530	4	103388441	104802530	0.0001431518936158	POSITIVE_DIRECTION_CONCORDANT	rs11734396;rs228631		CENPE	ENSG00000138778	protein_coding	104026963	104119566		GENE_BODY_OVERLAP	LEVEL2	Ensembl overlap/region GRCh37	GRCh37	2026-09-21	ANNOTATED
CAT-T2D	4:103388441-104802530	4	103388441	104802530	0.0001431518936158	POSITIVE_DIRECTION_CONCORDANT	rs11734396;rs228631		TACR3	ENSG00000169836	protein_coding	104507188	104640973		GENE_BODY_OVERLAP	LEVEL2	Ensembl overlap/region GRCh37	GRCh37	2026-09-21	ANNOTATED
AMD-T2D	4:103388441-104802530	4	103388441	104802530	0.0004845007260895	POSITIVE_DIRECTION_CONCORDANT	rs11734396	104022110	BDH2	ENSG00000164039	protein_coding	104000592	104021040	1070	NEAREST_PROTEIN_CODING_GENE	LEVEL3	Ensembl overlap/region GRCh37	GRCh37	2026-09-21	ANNOTATED
CAT-T2D	4:103388441-104802530	4	103388441	104802530	0.0001431518936158	POSITIVE_DIRECTION_CONCORDANT	rs228631	103573863	MANBA	ENSG00000109323	protein_coding	103552660	103682151	0	NEAREST_PROTEIN_CODING_GENE	LEVEL3	Ensembl overlap/region GRCh37	GRCh37	2026-09-21	ANNOTATED
CAT-T2D	17:17299591-18446092	17	17299591	18446092	0.0002213939581042	POSITIVE_DIRECTION_CONCORDANT	rs11870660;rs12936927;rs75035298;rs8079321		MIEF2	ENSG00000177427	protein_coding	18163848	18169866		GENE_BODY_OVERLAP	LEVEL2	Ensembl overlap/region GRCh37	GRCh37	2026-09-21	ANNOTATED
CAT-T2D	17:17299591-18446092	17	17299591	18446092	0.0002213939581042	POSITIVE_DIRECTION_CONCORDANT	rs11870660;rs12936927;rs75035298;rs8079321		TOP3A	ENSG00000177302	protein_coding	18174742	18218321		GENE_BODY_OVERLAP	LEVEL2	Ensembl overlap/region GRCh37	GRCh37	2026-09-21	ANNOTATED
CAT-T2D	17:17299591-18446092	17	17299591	18446092	0.0002213939581042	POSITIVE_DIRECTION_CONCORDANT	rs11870660;rs12936927;rs75035298;rs8079321		SMCR8	ENSG00000176994	protein_coding	18218624	18226517		GENE_BODY_OVERLAP	LEVEL2	Ensembl overlap/region GRCh37	GRCh37	2026-09-21	ANNOTATED
CAT-T2D	17:17299591-18446092	17	17299591	18446092	0.0002213939581042	POSITIVE_DIRECTION_CONCORDANT	rs11870660;rs12936927;rs75035298;rs8079321		SHMT1	ENSG00000176974	protein_coding	18231187	18266856		GENE_BODY_OVERLAP	LEVEL2	Ensembl overlap/region GRCh37	GRCh37	2026-09-21	ANNOTATED
CAT-T2D	17:17299591-18446092	17	17299591	18446092	0.0002213939581042	POSITIVE_DIRECTION_CONCORDANT	rs11870660;rs12936927;rs75035298;rs8079321		EVPLL	ENSG00000214860	protein_coding	18280976	18292961		GENE_BODY_OVERLAP	LEVEL2	Ensembl overlap/region GRCh37	GRCh37	2026-09-21	ANNOTATED
CAT-T2D	17:17299591-18446092	17	17299591	18446092	0.0002213939581042	POSITIVE_DIRECTION_CONCORDANT	rs11870660;rs12936927;rs75035298;rs8079321		LGALS9C	ENSG00000171916	protein_coding	18380051	18398259		GENE_BODY_OVERLAP	LEVEL2	Ensembl overlap/region GRCh37	GRCh37	2026-09-21	ANNOTATED
CAT-T2D	17:17299591-18446092	17	17299591	18446092	0.0002213939581042	POSITIVE_DIRECTION_CONCORDANT	rs11870660;rs12936927;rs75035298;rs8079321		FAM106A	ENSG00000213077	protein_coding	18427880	18430160		GENE_BODY_OVERLAP	LEVEL2	Ensembl overlap/region GRCh37	GRCh37	2026-09-21	ANNOTATED
CAT-T2D	17:17299591-18446092	17	17299591	18446092	0.0002213939581042	POSITIVE_DIRECTION_CONCORDANT	rs11870660;rs12936927;rs75035298;rs8079321		MED9	ENSG00000141026	protein_coding	17380300	17396540		GENE_BODY_OVERLAP	LEVEL2	Ensembl overlap/region GRCh37	GRCh37	2026-09-21	ANNOTATED
CAT-T2D	17:17299591-18446092	17	17299591	18446092	0.0002213939581042	POSITIVE_DIRECTION_CONCORDANT	rs11870660;rs12936927;rs75035298;rs8079321		RASD1	ENSG00000108551	protein_coding	17397751	17399709		GENE_BODY_OVERLAP	LEVEL2	Ensembl overlap/region GRCh37	GRCh37	2026-09-21	ANNOTATED
CAT-T2D	17:17299591-18446092	17	17299591	18446092	0.0002213939581042	POSITIVE_DIRECTION_CONCORDANT	rs11870660;rs12936927;rs75035298;rs8079321		PEMT	ENSG00000133027	protein_coding	17408877	17495022		GENE_BODY_OVERLAP	LEVEL2	Ensembl overlap/region GRCh37	GRCh37	2026-09-21	ANNOTATED
CAT-T2D	17:17299591-18446092	17	17299591	18446092	0.0002213939581042	POSITIVE_DIRECTION_CONCORDANT	rs11870660;rs12936927;rs75035298;rs8079321		RAI1	ENSG00000108557	protein_coding	17584787	17714767		GENE_BODY_OVERLAP	LEVEL2	Ensembl overlap/region GRCh37	GRCh37	2026-09-21	ANNOTATED
CAT-T2D	17:17299591-18446092	17	17299591	18446092	0.0002213939581042	POSITIVE_DIRECTION_CONCORDANT	rs11870660;rs12936927;rs75035298;rs8079321		SREBF1	ENSG00000072310	protein_coding	17713713	17740325		GENE_BODY_OVERLAP	LEVEL2	Ensembl overlap/region GRCh37	GRCh37	2026-09-21	ANNOTATED
CAT-T2D	17:17299591-18446092	17	17299591	18446092	0.0002213939581042	POSITIVE_DIRECTION_CONCORDANT	rs11870660;rs12936927;rs75035298;rs8079321		TOM1L2	ENSG00000175662	protein_coding	17746828	17875736		GENE_BODY_OVERLAP	LEVEL2	Ensembl overlap/region GRCh37	GRCh37	2026-09-21	ANNOTATED
CAT-T2D	17:17299591-18446092	17	17299591	18446092	0.0002213939581042	POSITIVE_DIRECTION_CONCORDANT	rs11870660;rs12936927;rs75035298;rs8079321		LRRC48	ENSG00000171962	protein_coding	17876127	17920203		GENE_BODY_OVERLAP	LEVEL2	Ensembl overlap/region GRCh37	GRCh37	2026-09-21	ANNOTATED
CAT-T2D	17:17299591-18446092	17	17299591	18446092	0.0002213939581042	POSITIVE_DIRECTION_CONCORDANT	rs11870660;rs12936927;rs75035298;rs8079321		ATPAF2	ENSG00000171953	protein_coding	17880723	17942523		GENE_BODY_OVERLAP	LEVEL2	Ensembl overlap/region GRCh37	GRCh37	2026-09-21	ANNOTATED
CAT-T2D	17:17299591-18446092	17	17299591	18446092	0.0002213939581042	POSITIVE_DIRECTION_CONCORDANT	rs11870660;rs12936927;rs75035298;rs8079321		GID4	ENSG00000141034	protein_coding	17942606	17971718		GENE_BODY_OVERLAP	LEVEL2	Ensembl overlap/region GRCh37	GRCh37	2026-09-21	ANNOTATED
CAT-T2D	17:17299591-18446092	17	17299591	18446092	0.0002213939581042	POSITIVE_DIRECTION_CONCORDANT	rs11870660;rs12936927;rs75035298;rs8079321		DRG2	ENSG00000108591	protein_coding	17991200	18011285		GENE_BODY_OVERLAP	LEVEL2	Ensembl overlap/region GRCh37	GRCh37	2026-09-21	ANNOTATED
CAT-T2D	17:17299591-18446092	17	17299591	18446092	0.0002213939581042	POSITIVE_DIRECTION_CONCORDANT	rs11870660;rs12936927;rs75035298;rs8079321		MYO15A	ENSG00000091536	protein_coding	18012020	18083116		GENE_BODY_OVERLAP	LEVEL2	Ensembl overlap/region GRCh37	GRCh37	2026-09-21	ANNOTATED
CAT-T2D	17:17299591-18446092	17	17299591	18446092	0.0002213939581042	POSITIVE_DIRECTION_CONCORDANT	rs11870660;rs12936927;rs75035298;rs8079321		ALKBH5	ENSG00000091542	protein_coding	18086392	18113268		GENE_BODY_OVERLAP	LEVEL2	Ensembl overlap/region GRCh37	GRCh37	2026-09-21	ANNOTATED
CAT-T2D	17:17299591-18446092	17	17299591	18446092	0.0002213939581042	POSITIVE_DIRECTION_CONCORDANT	rs11870660;rs12936927;rs75035298;rs8079321		LLGL1	ENSG00000131899	protein_coding	18128901	18148189		GENE_BODY_OVERLAP	LEVEL2	Ensembl overlap/region GRCh37	GRCh37	2026-09-21	ANNOTATED
CAT-T2D	17:17299591-18446092	17	17299591	18446092	0.0002213939581042	POSITIVE_DIRECTION_CONCORDANT	rs11870660;rs12936927;rs75035298;rs8079321		FLII	ENSG00000177731	protein_coding	18148150	18162230		GENE_BODY_OVERLAP	LEVEL2	Ensembl overlap/region GRCh37	GRCh37	2026-09-21	ANNOTATED
CAT-CKD	17:17299591-18446092	17	17299591	18446092	-0.0001709140077804	NEGATIVE_DIRECTION_CONCORDANT	rs12936927	17726965	SREBF1	ENSG00000072310	protein_coding	17713713	17740325	0	NEAREST_PROTEIN_CODING_GENE	LEVEL3	Ensembl overlap/region GRCh37	GRCh37	2026-09-21	ANNOTATED
CAT-STROKE	17:17299591-18446092	17	17299591	18446092	0.0001787233093715	POSITIVE_DIRECTION_CONCORDANT	rs11870660	17877096	LRRC48	ENSG00000171962	protein_coding	17876127	17920203	0	NEAREST_PROTEIN_CODING_GENE	LEVEL3	Ensembl overlap/region GRCh37	GRCh37	2026-09-21	ANNOTATED
CAT-T2D	17:17299591-18446092	17	17299591	18446092	0.0002213939581042	POSITIVE_DIRECTION_CONCORDANT	rs8079321	17760789	TOM1L2	ENSG00000175662	protein_coding	17746828	17875736	0	NEAREST_PROTEIN_CODING_GENE	LEVEL3	Ensembl overlap/region GRCh37	GRCh37	2026-09-21	ANNOTATED
CAT-T2D	17:17299591-18446092	17	17299591	18446092	0.0002213939581042	POSITIVE_DIRECTION_CONCORDANT	rs75035298	17473014	PEMT	ENSG00000133027	protein_coding	17408877	17495022	0	NEAREST_PROTEIN_CODING_GENE	LEVEL3	Ensembl overlap/region GRCh37	GRCh37	2026-09-21	ANNOTATED
CAT-T2D	17:46828412-48027295	17	46828412	48027295	0.0002228325466513	POSITIVE_DIRECTION_CONCORDANT	rs1057902		ATP5G1	ENSG00000159199	protein_coding	46970127	46973233		GENE_BODY_OVERLAP	LEVEL2	Ensembl overlap/region GRCh37	GRCh37	2026-09-21	ANNOTATED
CAT-T2D	17:46828412-48027295	17	46828412	48027295	0.0002228325466513	POSITIVE_DIRECTION_CONCORDANT	rs1057902		UBE2Z	ENSG00000159202	protein_coding	46985731	47006418		GENE_BODY_OVERLAP	LEVEL2	Ensembl overlap/region GRCh37	GRCh37	2026-09-21	ANNOTATED
CAT-T2D	17:46828412-48027295	17	46828412	48027295	0.0002228325466513	POSITIVE_DIRECTION_CONCORDANT	rs1057902		SNF8	ENSG00000159210	protein_coding	47006678	47022479		GENE_BODY_OVERLAP	LEVEL2	Ensembl overlap/region GRCh37	GRCh37	2026-09-21	ANNOTATED
CAT-T2D	17:46828412-48027295	17	46828412	48027295	0.0002228325466513	POSITIVE_DIRECTION_CONCORDANT	rs1057902		GIP	ENSG00000159224	protein_coding	47035916	47045958		GENE_BODY_OVERLAP	LEVEL2	Ensembl overlap/region GRCh37	GRCh37	2026-09-21	ANNOTATED
CAT-T2D	17:46828412-48027295	17	46828412	48027295	0.0002228325466513	POSITIVE_DIRECTION_CONCORDANT	rs1057902		IGF2BP1	ENSG00000159217	protein_coding	47074774	47133012		GENE_BODY_OVERLAP	LEVEL2	Ensembl overlap/region GRCh37	GRCh37	2026-09-21	ANNOTATED
CAT-T2D	17:46828412-48027295	17	46828412	48027295	0.0002228325466513	POSITIVE_DIRECTION_CONCORDANT	rs1057902		B4GALNT2	ENSG00000167080	protein_coding	47209822	47247351		GENE_BODY_OVERLAP	LEVEL2	Ensembl overlap/region GRCh37	GRCh37	2026-09-21	ANNOTATED
CAT-T2D	17:46828412-48027295	17	46828412	48027295	0.0002228325466513	POSITIVE_DIRECTION_CONCORDANT	rs1057902		GNGT2	ENSG00000167083	protein_coding	47280153	47287936		GENE_BODY_OVERLAP	LEVEL2	Ensembl overlap/region GRCh37	GRCh37	2026-09-21	ANNOTATED
CAT-T2D	17:46828412-48027295	17	46828412	48027295	0.0002228325466513	POSITIVE_DIRECTION_CONCORDANT	rs1057902		ABI3	ENSG00000108798	protein_coding	47287589	47300587		GENE_BODY_OVERLAP	LEVEL2	Ensembl overlap/region GRCh37	GRCh37	2026-09-21	ANNOTATED
CAT-T2D	17:46828412-48027295	17	46828412	48027295	0.0002228325466513	POSITIVE_DIRECTION_CONCORDANT	rs1057902		PHOSPHO1	ENSG00000173868	protein_coding	47300724	47308128		GENE_BODY_OVERLAP	LEVEL2	Ensembl overlap/region GRCh37	GRCh37	2026-09-21	ANNOTATED
CAT-T2D	17:46828412-48027295	17	46828412	48027295	0.0002228325466513	POSITIVE_DIRECTION_CONCORDANT	rs1057902		ZNF652	ENSG00000198740	protein_coding	47366568	47439835		GENE_BODY_OVERLAP	LEVEL2	Ensembl overlap/region GRCh37	GRCh37	2026-09-21	ANNOTATED
CAT-T2D	17:46828412-48027295	17	46828412	48027295	0.0002228325466513	POSITIVE_DIRECTION_CONCORDANT	rs1057902		RP11-81K2.1	ENSG00000262039	protein_coding	47448102	47554350		GENE_BODY_OVERLAP	LEVEL2	Ensembl overlap/region GRCh37	GRCh37	2026-09-21	ANNOTATED
CAT-T2D	17:46828412-48027295	17	46828412	48027295	0.0002228325466513	POSITIVE_DIRECTION_CONCORDANT	rs1057902		PHB	ENSG00000167085	protein_coding	47481414	47492246		GENE_BODY_OVERLAP	LEVEL2	Ensembl overlap/region GRCh37	GRCh37	2026-09-21	ANNOTATED
CAT-T2D	17:46828412-48027295	17	46828412	48027295	0.0002228325466513	POSITIVE_DIRECTION_CONCORDANT	rs1057902		NGFR	ENSG00000064300	protein_coding	47572655	47592379		GENE_BODY_OVERLAP	LEVEL2	Ensembl overlap/region GRCh37	GRCh37	2026-09-21	ANNOTATED
CAT-T2D	17:46828412-48027295	17	46828412	48027295	0.0002228325466513	POSITIVE_DIRECTION_CONCORDANT	rs1057902		NXPH3	ENSG00000182575	protein_coding	47653220	47661189		GENE_BODY_OVERLAP	LEVEL2	Ensembl overlap/region GRCh37	GRCh37	2026-09-21	ANNOTATED
CAT-T2D	17:46828412-48027295	17	46828412	48027295	0.0002228325466513	POSITIVE_DIRECTION_CONCORDANT	rs1057902		SPOP	ENSG00000121067	protein_coding	47676246	47755596		GENE_BODY_OVERLAP	LEVEL2	Ensembl overlap/region GRCh37	GRCh37	2026-09-21	ANNOTATED
CAT-T2D	17:46828412-48027295	17	46828412	48027295	0.0002228325466513	POSITIVE_DIRECTION_CONCORDANT	rs1057902		SLC35B1	ENSG00000121073	protein_coding	47778305	47786376		GENE_BODY_OVERLAP	LEVEL2	Ensembl overlap/region GRCh37	GRCh37	2026-09-21	ANNOTATED
CAT-T2D	17:46828412-48027295	17	46828412	48027295	0.0002228325466513	POSITIVE_DIRECTION_CONCORDANT	rs1057902		FAM117A	ENSG00000121104	protein_coding	47787694	47866542		GENE_BODY_OVERLAP	LEVEL2	Ensembl overlap/region GRCh37	GRCh37	2026-09-21	ANNOTATED
CAT-T2D	17:46828412-48027295	17	46828412	48027295	0.0002228325466513	POSITIVE_DIRECTION_CONCORDANT	rs1057902		KAT7	ENSG00000136504	protein_coding	47865917	47906458		GENE_BODY_OVERLAP	LEVEL2	Ensembl overlap/region GRCh37	GRCh37	2026-09-21	ANNOTATED
CAT-T2D	17:46828412-48027295	17	46828412	48027295	0.0002228325466513	POSITIVE_DIRECTION_CONCORDANT	rs1057902		TTLL6	ENSG00000170703	protein_coding	46839597	46894576		GENE_BODY_OVERLAP	LEVEL2	Ensembl overlap/region GRCh37	GRCh37	2026-09-21	ANNOTATED
CAT-T2D	17:46828412-48027295	17	46828412	48027295	0.0002228325466513	POSITIVE_DIRECTION_CONCORDANT	rs1057902		CALCOCO2	ENSG00000136436	protein_coding	46908350	46943884		GENE_BODY_OVERLAP	LEVEL2	Ensembl overlap/region GRCh37	GRCh37	2026-09-21	ANNOTATED
CAT-T2D	17:46828412-48027295	17	46828412	48027295	0.0002228325466513	POSITIVE_DIRECTION_CONCORDANT	rs1057902		TAC4	ENSG00000176358	protein_coding	47915671	47925379		GENE_BODY_OVERLAP	LEVEL2	Ensembl overlap/region GRCh37	GRCh37	2026-09-21	ANNOTATED
CAT-T2D	17:46828412-48027295	17	46828412	48027295	0.0002228325466513	POSITIVE_DIRECTION_CONCORDANT	rs1057902	47005588	UBE2Z	ENSG00000159202	protein_coding	46985731	47006418	0	NEAREST_PROTEIN_CODING_GENE	LEVEL3	Ensembl overlap/region GRCh37	GRCh37	2026-09-21	ANNOTATED
CAT-T2D	22:44317416-44818986	22	44317416	44818986	-0.0002150881090289	NEGATIVE_DIRECTION_CONCORDANT	rs3747207		PNPLA3	ENSG00000100344	protein_coding	44319619	44360368		GENE_BODY_OVERLAP	LEVEL2	Ensembl overlap/region GRCh37	GRCh37	2026-09-21	ANNOTATED
CAT-T2D	22:44317416-44818986	22	44317416	44818986	-0.0002150881090289	NEGATIVE_DIRECTION_CONCORDANT	rs3747207		SAMM50	ENSG00000100347	protein_coding	44351301	44406411		GENE_BODY_OVERLAP	LEVEL2	Ensembl overlap/region GRCh37	GRCh37	2026-09-21	ANNOTATED
CAT-T2D	22:44317416-44818986	22	44317416	44818986	-0.0002150881090289	NEGATIVE_DIRECTION_CONCORDANT	rs3747207		PARVB	ENSG00000188677	protein_coding	44395091	44568829		GENE_BODY_OVERLAP	LEVEL2	Ensembl overlap/region GRCh37	GRCh37	2026-09-21	ANNOTATED
CAT-T2D	22:44317416-44818986	22	44317416	44818986	-0.0002150881090289	NEGATIVE_DIRECTION_CONCORDANT	rs3747207		PARVG	ENSG00000138964	protein_coding	44568836	44615413		GENE_BODY_OVERLAP	LEVEL2	Ensembl overlap/region GRCh37	GRCh37	2026-09-21	ANNOTATED
CAT-T2D	22:44317416-44818986	22	44317416	44818986	-0.0002150881090289	NEGATIVE_DIRECTION_CONCORDANT	rs3747207		KIAA1644	ENSG00000138944	protein_coding	44639547	44708731		GENE_BODY_OVERLAP	LEVEL2	Ensembl overlap/region GRCh37	GRCh37	2026-09-21	ANNOTATED
CAT-T2D	22:44317416-44818986	22	44317416	44818986	-0.0002150881090289	NEGATIVE_DIRECTION_CONCORDANT	rs3747207		RP1-32I10.10	ENSG00000220702	protein_coding	44761431	44762164		GENE_BODY_OVERLAP	LEVEL2	Ensembl overlap/region GRCh37	GRCh37	2026-09-21	ANNOTATED
CAT-T2D	22:44317416-44818986	22	44317416	44818986	-0.0002150881090289	NEGATIVE_DIRECTION_CONCORDANT	rs3747207	44324855	PNPLA3	ENSG00000100344	protein_coding	44319619	44360368	0	NEAREST_PROTEIN_CODING_GENE	LEVEL3	Ensembl overlap/region GRCh37	GRCh37	2026-09-21	ANNOTATED
CAT-CKD	17:17299591-18446092	17	17299591	18446092	-0.0001709140077804	NEGATIVE_DIRECTION_CONCORDANT	rs11870660;rs12936927;rs75035298;rs8079321		MIEF2	ENSG00000177427	protein_coding	18163848	18169866		GENE_BODY_OVERLAP	LEVEL2	Ensembl overlap/region GRCh37	GRCh37	2026-09-21	ANNOTATED
CAT-CKD	17:17299591-18446092	17	17299591	18446092	-0.0001709140077804	NEGATIVE_DIRECTION_CONCORDANT	rs11870660;rs12936927;rs75035298;rs8079321		TOP3A	ENSG00000177302	protein_coding	18174742	18218321		GENE_BODY_OVERLAP	LEVEL2	Ensembl overlap/region GRCh37	GRCh37	2026-09-21	ANNOTATED
CAT-CKD	17:17299591-18446092	17	17299591	18446092	-0.0001709140077804	NEGATIVE_DIRECTION_CONCORDANT	rs11870660;rs12936927;rs75035298;rs8079321		SMCR8	ENSG00000176994	protein_coding	18218624	18226517		GENE_BODY_OVERLAP	LEVEL2	Ensembl overlap/region GRCh37	GRCh37	2026-09-21	ANNOTATED
CAT-CKD	17:17299591-18446092	17	17299591	18446092	-0.0001709140077804	NEGATIVE_DIRECTION_CONCORDANT	rs11870660;rs12936927;rs75035298;rs8079321		SHMT1	ENSG00000176974	protein_coding	18231187	18266856		GENE_BODY_OVERLAP	LEVEL2	Ensembl overlap/region GRCh37	GRCh37	2026-09-21	ANNOTATED
CAT-CKD	17:17299591-18446092	17	17299591	18446092	-0.0001709140077804	NEGATIVE_DIRECTION_CONCORDANT	rs11870660;rs12936927;rs75035298;rs8079321		EVPLL	ENSG00000214860	protein_coding	18280976	18292961		GENE_BODY_OVERLAP	LEVEL2	Ensembl overlap/region GRCh37	GRCh37	2026-09-21	ANNOTATED
CAT-CKD	17:17299591-18446092	17	17299591	18446092	-0.0001709140077804	NEGATIVE_DIRECTION_CONCORDANT	rs11870660;rs12936927;rs75035298;rs8079321		LGALS9C	ENSG00000171916	protein_coding	18380051	18398259		GENE_BODY_OVERLAP	LEVEL2	Ensembl overlap/region GRCh37	GRCh37	2026-09-21	ANNOTATED
CAT-CKD	17:17299591-18446092	17	17299591	18446092	-0.0001709140077804	NEGATIVE_DIRECTION_CONCORDANT	rs11870660;rs12936927;rs75035298;rs8079321		FAM106A	ENSG00000213077	protein_coding	18427880	18430160		GENE_BODY_OVERLAP	LEVEL2	Ensembl overlap/region GRCh37	GRCh37	2026-09-21	ANNOTATED
CAT-CKD	17:17299591-18446092	17	17299591	18446092	-0.0001709140077804	NEGATIVE_DIRECTION_CONCORDANT	rs11870660;rs12936927;rs75035298;rs8079321		MED9	ENSG00000141026	protein_coding	17380300	17396540		GENE_BODY_OVERLAP	LEVEL2	Ensembl overlap/region GRCh37	GRCh37	2026-09-21	ANNOTATED
CAT-CKD	17:17299591-18446092	17	17299591	18446092	-0.0001709140077804	NEGATIVE_DIRECTION_CONCORDANT	rs11870660;rs12936927;rs75035298;rs8079321		RASD1	ENSG00000108551	protein_coding	17397751	17399709		GENE_BODY_OVERLAP	LEVEL2	Ensembl overlap/region GRCh37	GRCh37	2026-09-21	ANNOTATED
CAT-CKD	17:17299591-18446092	17	17299591	18446092	-0.0001709140077804	NEGATIVE_DIRECTION_CONCORDANT	rs11870660;rs12936927;rs75035298;rs8079321		PEMT	ENSG00000133027	protein_coding	17408877	17495022		GENE_BODY_OVERLAP	LEVEL2	Ensembl overlap/region GRCh37	GRCh37	2026-09-21	ANNOTATED
CAT-CKD	17:17299591-18446092	17	17299591	18446092	-0.0001709140077804	NEGATIVE_DIRECTION_CONCORDANT	rs11870660;rs12936927;rs75035298;rs8079321		RAI1	ENSG00000108557	protein_coding	17584787	17714767		GENE_BODY_OVERLAP	LEVEL2	Ensembl overlap/region GRCh37	GRCh37	2026-09-21	ANNOTATED
CAT-CKD	17:17299591-18446092	17	17299591	18446092	-0.0001709140077804	NEGATIVE_DIRECTION_CONCORDANT	rs11870660;rs12936927;rs75035298;rs8079321		SREBF1	ENSG00000072310	protein_coding	17713713	17740325		GENE_BODY_OVERLAP	LEVEL2	Ensembl overlap/region GRCh37	GRCh37	2026-09-21	ANNOTATED
CAT-CKD	17:17299591-18446092	17	17299591	18446092	-0.0001709140077804	NEGATIVE_DIRECTION_CONCORDANT	rs11870660;rs12936927;rs75035298;rs8079321		TOM1L2	ENSG00000175662	protein_coding	17746828	17875736		GENE_BODY_OVERLAP	LEVEL2	Ensembl overlap/region GRCh37	GRCh37	2026-09-21	ANNOTATED
CAT-CKD	17:17299591-18446092	17	17299591	18446092	-0.0001709140077804	NEGATIVE_DIRECTION_CONCORDANT	rs11870660;rs12936927;rs75035298;rs8079321		LRRC48	ENSG00000171962	protein_coding	17876127	17920203		GENE_BODY_OVERLAP	LEVEL2	Ensembl overlap/region GRCh37	GRCh37	2026-09-21	ANNOTATED
CAT-CKD	17:17299591-18446092	17	17299591	18446092	-0.0001709140077804	NEGATIVE_DIRECTION_CONCORDANT	rs11870660;rs12936927;rs75035298;rs8079321		ATPAF2	ENSG00000171953	protein_coding	17880723	17942523		GENE_BODY_OVERLAP	LEVEL2	Ensembl overlap/region GRCh37	GRCh37	2026-09-21	ANNOTATED
CAT-CKD	17:17299591-18446092	17	17299591	18446092	-0.0001709140077804	NEGATIVE_DIRECTION_CONCORDANT	rs11870660;rs12936927;rs75035298;rs8079321		GID4	ENSG00000141034	protein_coding	17942606	17971718		GENE_BODY_OVERLAP	LEVEL2	Ensembl overlap/region GRCh37	GRCh37	2026-09-21	ANNOTATED
CAT-CKD	17:17299591-18446092	17	17299591	18446092	-0.0001709140077804	NEGATIVE_DIRECTION_CONCORDANT	rs11870660;rs12936927;rs75035298;rs8079321		DRG2	ENSG00000108591	protein_coding	17991200	18011285		GENE_BODY_OVERLAP	LEVEL2	Ensembl overlap/region GRCh37	GRCh37	2026-09-21	ANNOTATED
CAT-CKD	17:17299591-18446092	17	17299591	18446092	-0.0001709140077804	NEGATIVE_DIRECTION_CONCORDANT	rs11870660;rs12936927;rs75035298;rs8079321		MYO15A	ENSG00000091536	protein_coding	18012020	18083116		GENE_BODY_OVERLAP	LEVEL2	Ensembl overlap/region GRCh37	GRCh37	2026-09-21	ANNOTATED
CAT-CKD	17:17299591-18446092	17	17299591	18446092	-0.0001709140077804	NEGATIVE_DIRECTION_CONCORDANT	rs11870660;rs12936927;rs75035298;rs8079321		ALKBH5	ENSG00000091542	protein_coding	18086392	18113268		GENE_BODY_OVERLAP	LEVEL2	Ensembl overlap/region GRCh37	GRCh37	2026-09-21	ANNOTATED
CAT-CKD	17:17299591-18446092	17	17299591	18446092	-0.0001709140077804	NEGATIVE_DIRECTION_CONCORDANT	rs11870660;rs12936927;rs75035298;rs8079321		LLGL1	ENSG00000131899	protein_coding	18128901	18148189		GENE_BODY_OVERLAP	LEVEL2	Ensembl overlap/region GRCh37	GRCh37	2026-09-21	ANNOTATED
CAT-CKD	17:17299591-18446092	17	17299591	18446092	-0.0001709140077804	NEGATIVE_DIRECTION_CONCORDANT	rs11870660;rs12936927;rs75035298;rs8079321		FLII	ENSG00000177731	protein_coding	18148150	18162230		GENE_BODY_OVERLAP	LEVEL2	Ensembl overlap/region GRCh37	GRCh37	2026-09-21	ANNOTATED
CAT-CKD	17:17299591-18446092	17	17299591	18446092	-0.0001709140077804	NEGATIVE_DIRECTION_CONCORDANT	rs12936927	17726965	SREBF1	ENSG00000072310	protein_coding	17713713	17740325	0	NEAREST_PROTEIN_CODING_GENE	LEVEL3	Ensembl overlap/region GRCh37	GRCh37	2026-09-21	ANNOTATED
CAT-STROKE	17:17299591-18446092	17	17299591	18446092	0.0001787233093715	POSITIVE_DIRECTION_CONCORDANT	rs11870660	17877096	LRRC48	ENSG00000171962	protein_coding	17876127	17920203	0	NEAREST_PROTEIN_CODING_GENE	LEVEL3	Ensembl overlap/region GRCh37	GRCh37	2026-09-21	ANNOTATED
CAT-T2D	17:17299591-18446092	17	17299591	18446092	0.0002213939581042	POSITIVE_DIRECTION_CONCORDANT	rs8079321	17760789	TOM1L2	ENSG00000175662	protein_coding	17746828	17875736	0	NEAREST_PROTEIN_CODING_GENE	LEVEL3	Ensembl overlap/region GRCh37	GRCh37	2026-09-21	ANNOTATED
CAT-T2D	17:17299591-18446092	17	17299591	18446092	0.0002213939581042	POSITIVE_DIRECTION_CONCORDANT	rs75035298	17473014	PEMT	ENSG00000133027	protein_coding	17408877	17495022	0	NEAREST_PROTEIN_CODING_GENE	LEVEL3	Ensembl overlap/region GRCh37	GRCh37	2026-09-21	ANNOTATED
CAT-AD	1:206706419-208158787	1	206706419	208158787	-0.0002848402193571	NEGATIVE_DIRECTION_CONCORDANT	rs200114063;rs34626131		RASSF5	ENSG00000136653	protein_coding	206680879	206762616		GENE_BODY_OVERLAP	LEVEL2	Ensembl overlap/region GRCh37	GRCh37	2026-09-21	ANNOTATED
CAT-AD	1:206706419-208158787	1	206706419	208158787	-0.0002848402193571	NEGATIVE_DIRECTION_CONCORDANT	rs200114063;rs34626131		EIF2D	ENSG00000143486	protein_coding	206744620	206785904		GENE_BODY_OVERLAP	LEVEL2	Ensembl overlap/region GRCh37	GRCh37	2026-09-21	ANNOTATED
CAT-AD	1:206706419-208158787	1	206706419	208158787	-0.0002848402193571	NEGATIVE_DIRECTION_CONCORDANT	rs200114063;rs34626131		DYRK3	ENSG00000143479	protein_coding	206808881	206857764		GENE_BODY_OVERLAP	LEVEL2	Ensembl overlap/region GRCh37	GRCh37	2026-09-21	ANNOTATED
CAT-AD	1:206706419-208158787	1	206706419	208158787	-0.0002848402193571	NEGATIVE_DIRECTION_CONCORDANT	rs200114063;rs34626131		MAPKAPK2	ENSG00000162889	protein_coding	206858289	206907628		GENE_BODY_OVERLAP	LEVEL2	Ensembl overlap/region GRCh37	GRCh37	2026-09-21	ANNOTATED
CAT-AD	1:206706419-208158787	1	206706419	208158787	-0.0002848402193571	NEGATIVE_DIRECTION_CONCORDANT	rs200114063;rs34626131		IL10	ENSG00000136634	protein_coding	206940947	206945839		GENE_BODY_OVERLAP	LEVEL2	Ensembl overlap/region GRCh37	GRCh37	2026-09-21	ANNOTATED
CAT-AD	1:206706419-208158787	1	206706419	208158787	-0.0002848402193571	NEGATIVE_DIRECTION_CONCORDANT	rs200114063;rs34626131		IL19	ENSG00000142224	protein_coding	206972215	207016324		GENE_BODY_OVERLAP	LEVEL2	Ensembl overlap/region GRCh37	GRCh37	2026-09-21	ANNOTATED
CAT-AD	1:206706419-208158787	1	206706419	208158787	-0.0002848402193571	NEGATIVE_DIRECTION_CONCORDANT	rs200114063;rs34626131		IL20	ENSG00000162891	protein_coding	207038699	207042568		GENE_BODY_OVERLAP	LEVEL2	Ensembl overlap/region GRCh37	GRCh37	2026-09-21	ANNOTATED
CAT-AD	1:206706419-208158787	1	206706419	208158787	-0.0002848402193571	NEGATIVE_DIRECTION_CONCORDANT	rs200114063;rs34626131		IL24	ENSG00000162892	protein_coding	207070788	207077484		GENE_BODY_OVERLAP	LEVEL2	Ensembl overlap/region GRCh37	GRCh37	2026-09-21	ANNOTATED
CAT-AD	1:206706419-208158787	1	206706419	208158787	-0.0002848402193571	NEGATIVE_DIRECTION_CONCORDANT	rs200114063;rs34626131		FAIM3	ENSG00000162894	protein_coding	207077731	207096592		GENE_BODY_OVERLAP	LEVEL2	Ensembl overlap/region GRCh37	GRCh37	2026-09-21	ANNOTATED
CAT-AD	1:206706419-208158787	1	206706419	208158787	-0.0002848402193571	NEGATIVE_DIRECTION_CONCORDANT	rs200114063;rs34626131		PIGR	ENSG00000162896	protein_coding	207101863	207119811		GENE_BODY_OVERLAP	LEVEL2	Ensembl overlap/region GRCh37	GRCh37	2026-09-21	ANNOTATED
CAT-AD	1:206706419-208158787	1	206706419	208158787	-0.0002848402193571	NEGATIVE_DIRECTION_CONCORDANT	rs200114063;rs34626131		FCAMR	ENSG00000162897	protein_coding	207131310	207143970		GENE_BODY_OVERLAP	LEVEL2	Ensembl overlap/region GRCh37	GRCh37	2026-09-21	ANNOTATED
CAT-AD	1:206706419-208158787	1	206706419	208158787	-0.0002848402193571	NEGATIVE_DIRECTION_CONCORDANT	rs200114063;rs34626131		C1orf116	ENSG00000182795	protein_coding	207191866	207206101		GENE_BODY_OVERLAP	LEVEL2	Ensembl overlap/region GRCh37	GRCh37	2026-09-21	ANNOTATED
CAT-AD	1:206706419-208158787	1	206706419	208158787	-0.0002848402193571	NEGATIVE_DIRECTION_CONCORDANT	rs200114063;rs34626131		YOD1	ENSG00000180667	protein_coding	207217194	207226325		GENE_BODY_OVERLAP	LEVEL2	Ensembl overlap/region GRCh37	GRCh37	2026-09-21	ANNOTATED
CAT-AD	1:206706419-208158787	1	206706419	208158787	-0.0002848402193571	NEGATIVE_DIRECTION_CONCORDANT	rs200114063;rs34626131		PFKFB2	ENSG00000123836	protein_coding	207222801	207254369		GENE_BODY_OVERLAP	LEVEL2	Ensembl overlap/region GRCh37	GRCh37	2026-09-21	ANNOTATED
CAT-AD	1:206706419-208158787	1	206706419	208158787	-0.0002848402193571	NEGATIVE_DIRECTION_CONCORDANT	rs200114063;rs34626131		C4BPB	ENSG00000123843	protein_coding	207262187	207273338		GENE_BODY_OVERLAP	LEVEL2	Ensembl overlap/region GRCh37	GRCh37	2026-09-21	ANNOTATED
CAT-AD	1:206706419-208158787	1	206706419	208158787	-0.0002848402193571	NEGATIVE_DIRECTION_CONCORDANT	rs200114063;rs34626131		C4BPA	ENSG00000123838	protein_coding	207277607	207318317		GENE_BODY_OVERLAP	LEVEL2	Ensembl overlap/region GRCh37	GRCh37	2026-09-21	ANNOTATED
CAT-AD	1:206706419-208158787	1	206706419	208158787	-0.0002848402193571	NEGATIVE_DIRECTION_CONCORDANT	rs200114063;rs34626131		CD55	ENSG00000196352	protein_coding	207494853	207534311		GENE_BODY_OVERLAP	LEVEL2	Ensembl overlap/region GRCh37	GRCh37	2026-09-21	ANNOTATED
CAT-AD	1:206706419-208158787	1	206706419	208158787	-0.0002848402193571	NEGATIVE_DIRECTION_CONCORDANT	rs200114063;rs34626131		CR2	ENSG00000117322	protein_coding	207627575	207663240		GENE_BODY_OVERLAP	LEVEL2	Ensembl overlap/region GRCh37	GRCh37	2026-09-21	ANNOTATED
CAT-AD	1:206706419-208158787	1	206706419	208158787	-0.0002848402193571	NEGATIVE_DIRECTION_CONCORDANT	rs200114063;rs34626131		CR1	ENSG00000203710	protein_coding	207669492	207813992		GENE_BODY_OVERLAP	LEVEL2	Ensembl overlap/region GRCh37	GRCh37	2026-09-21	ANNOTATED
CAT-AD	1:206706419-208158787	1	206706419	208158787	-0.0002848402193571	NEGATIVE_DIRECTION_CONCORDANT	rs200114063;rs34626131		CR1L	ENSG00000197721	protein_coding	207818458	207911761		GENE_BODY_OVERLAP	LEVEL2	Ensembl overlap/region GRCh37	GRCh37	2026-09-21	ANNOTATED
CAT-AD	1:206706419-208158787	1	206706419	208158787	-0.0002848402193571	NEGATIVE_DIRECTION_CONCORDANT	rs200114063;rs34626131		CD46	ENSG00000117335	protein_coding	207925402	207968858		GENE_BODY_OVERLAP	LEVEL2	Ensembl overlap/region GRCh37	GRCh37	2026-09-21	ANNOTATED
CAT-AD	1:206706419-208158787	1	206706419	208158787	-0.0002848402193571	NEGATIVE_DIRECTION_CONCORDANT	rs200114063;rs34626131		CD34	ENSG00000174059	protein_coding	208057594	208084747		GENE_BODY_OVERLAP	LEVEL2	Ensembl overlap/region GRCh37	GRCh37	2026-09-21	ANNOTATED
CAT-AD	1:206706419-208158787	1	206706419	208158787	-0.0002848402193571	NEGATIVE_DIRECTION_CONCORDANT	rs34626131	207880977	CR1L	ENSG00000197721	protein_coding	207818458	207911761	0	NEAREST_PROTEIN_CODING_GENE	LEVEL3	Ensembl overlap/region GRCh37	GRCh37	2026-09-21	ANNOTATED
CAT-AD	1:206706419-208158787	1	206706419	208158787	-0.0002848402193571	NEGATIVE_DIRECTION_CONCORDANT	rs200114063	207385580	C4BPA	ENSG00000123838	protein_coding	207277607	207318317	67263	NEAREST_PROTEIN_CODING_GENE	LEVEL3	Ensembl overlap/region GRCh37	GRCh37	2026-09-21	ANNOTATED
CAT-AD	2:26894589-28597305	2	26894589	28597305	0.0001155461760498	POSITIVE_DIRECTION_CONCORDANT	rs10209020		DNAJC5G	ENSG00000163793	protein_coding	27498289	27504367		GENE_BODY_OVERLAP	LEVEL2	Ensembl overlap/region GRCh37	GRCh37	2026-09-21	ANNOTATED
CAT-AD	2:26894589-28597305	2	26894589	28597305	0.0001155461760498	POSITIVE_DIRECTION_CONCORDANT	rs10209020		TRIM54	ENSG00000138100	protein_coding	27505260	27530307		GENE_BODY_OVERLAP	LEVEL2	Ensembl overlap/region GRCh37	GRCh37	2026-09-21	ANNOTATED
CAT-AD	2:26894589-28597305	2	26894589	28597305	0.0001155461760498	POSITIVE_DIRECTION_CONCORDANT	rs10209020		UCN	ENSG00000163794	protein_coding	27530268	27531313		GENE_BODY_OVERLAP	LEVEL2	Ensembl overlap/region GRCh37	GRCh37	2026-09-21	ANNOTATED
CAT-AD	2:26894589-28597305	2	26894589	28597305	0.0001155461760498	POSITIVE_DIRECTION_CONCORDANT	rs10209020		MPV17	ENSG00000115204	protein_coding	27532360	27548547		GENE_BODY_OVERLAP	LEVEL2	Ensembl overlap/region GRCh37	GRCh37	2026-09-21	ANNOTATED
CAT-AD	2:26894589-28597305	2	26894589	28597305	0.0001155461760498	POSITIVE_DIRECTION_CONCORDANT	rs10209020		GTF3C2	ENSG00000115207	protein_coding	27548716	27579868		GENE_BODY_OVERLAP	LEVEL2	Ensembl overlap/region GRCh37	GRCh37	2026-09-21	ANNOTATED
CAT-AD	2:26894589-28597305	2	26894589	28597305	0.0001155461760498	POSITIVE_DIRECTION_CONCORDANT	rs10209020		EIF2B4	ENSG00000115211	protein_coding	27587219	27593353		GENE_BODY_OVERLAP	LEVEL2	Ensembl overlap/region GRCh37	GRCh37	2026-09-21	ANNOTATED
CAT-AD	2:26894589-28597305	2	26894589	28597305	0.0001155461760498	POSITIVE_DIRECTION_CONCORDANT	rs10209020		SNX17	ENSG00000115234	protein_coding	27593389	27599995		GENE_BODY_OVERLAP	LEVEL2	Ensembl overlap/region GRCh37	GRCh37	2026-09-21	ANNOTATED
CAT-AD	2:26894589-28597305	2	26894589	28597305	0.0001155461760498	POSITIVE_DIRECTION_CONCORDANT	rs10209020		ZNF513	ENSG00000163795	protein_coding	27600098	27603657		GENE_BODY_OVERLAP	LEVEL2	Ensembl overlap/region GRCh37	GRCh37	2026-09-21	ANNOTATED
CAT-AD	2:26894589-28597305	2	26894589	28597305	0.0001155461760498	POSITIVE_DIRECTION_CONCORDANT	rs10209020		PPM1G	ENSG00000115241	protein_coding	27604061	27632554		GENE_BODY_OVERLAP	LEVEL2	Ensembl overlap/region GRCh37	GRCh37	2026-09-21	ANNOTATED
CAT-AD	2:26894589-28597305	2	26894589	28597305	0.0001155461760498	POSITIVE_DIRECTION_CONCORDANT	rs10209020		NRBP1	ENSG00000115216	protein_coding	27650657	27665126		GENE_BODY_OVERLAP	LEVEL2	Ensembl overlap/region GRCh37	GRCh37	2026-09-21	ANNOTATED
CAT-AD	2:26894589-28597305	2	26894589	28597305	0.0001155461760498	POSITIVE_DIRECTION_CONCORDANT	rs10209020		KRTCAP3	ENSG00000157992	protein_coding	27665233	27669348		GENE_BODY_OVERLAP	LEVEL2	Ensembl overlap/region GRCh37	GRCh37	2026-09-21	ANNOTATED
CAT-AD	2:26894589-28597305	2	26894589	28597305	0.0001155461760498	POSITIVE_DIRECTION_CONCORDANT	rs10209020		IFT172	ENSG00000138002	protein_coding	27667238	27712656		GENE_BODY_OVERLAP	LEVEL2	Ensembl overlap/region GRCh37	GRCh37	2026-09-21	ANNOTATED
CAT-AD	2:26894589-28597305	2	26894589	28597305	0.0001155461760498	POSITIVE_DIRECTION_CONCORDANT	rs10209020		KCNK3	ENSG00000171303	protein_coding	26915619	26956288		GENE_BODY_OVERLAP	LEVEL2	Ensembl overlap/region GRCh37	GRCh37	2026-09-21	ANNOTATED
CAT-AD	2:26894589-28597305	2	26894589	28597305	0.0001155461760498	POSITIVE_DIRECTION_CONCORDANT	rs10209020		SLC35F6	ENSG00000213699	protein_coding	26987152	27004099		GENE_BODY_OVERLAP	LEVEL2	Ensembl overlap/region GRCh37	GRCh37	2026-09-21	ANNOTATED
CAT-AD	2:26894589-28597305	2	26894589	28597305	0.0001155461760498	POSITIVE_DIRECTION_CONCORDANT	rs10209020		CENPA	ENSG00000115163	protein_coding	26987157	27023935		GENE_BODY_OVERLAP	LEVEL2	Ensembl overlap/region GRCh37	GRCh37	2026-09-21	ANNOTATED
CAT-AD	2:26894589-28597305	2	26894589	28597305	0.0001155461760498	POSITIVE_DIRECTION_CONCORDANT	rs10209020		DPYSL5	ENSG00000157851	protein_coding	27070615	27173219		GENE_BODY_OVERLAP	LEVEL2	Ensembl overlap/region GRCh37	GRCh37	2026-09-21	ANNOTATED
CAT-AD	2:26894589-28597305	2	26894589	28597305	0.0001155461760498	POSITIVE_DIRECTION_CONCORDANT	rs10209020		MAPRE3	ENSG00000084764	protein_coding	27193480	27250064		GENE_BODY_OVERLAP	LEVEL2	Ensembl overlap/region GRCh37	GRCh37	2026-09-21	ANNOTATED
CAT-AD	2:26894589-28597305	2	26894589	28597305	0.0001155461760498	POSITIVE_DIRECTION_CONCORDANT	rs10209020		TMEM214	ENSG00000119777	protein_coding	27255778	27264563		GENE_BODY_OVERLAP	LEVEL2	Ensembl overlap/region GRCh37	GRCh37	2026-09-21	ANNOTATED
CAT-AD	2:26894589-28597305	2	26894589	28597305	0.0001155461760498	POSITIVE_DIRECTION_CONCORDANT	rs10209020		FNDC4	ENSG00000115226	protein_coding	27714750	27718112		GENE_BODY_OVERLAP	LEVEL2	Ensembl overlap/region GRCh37	GRCh37	2026-09-21	ANNOTATED
CAT-AD	2:26894589-28597305	2	26894589	28597305	0.0001155461760498	POSITIVE_DIRECTION_CONCORDANT	rs10209020		GCKR	ENSG00000084734	protein_coding	27719709	27746554		GENE_BODY_OVERLAP	LEVEL2	Ensembl overlap/region GRCh37	GRCh37	2026-09-21	ANNOTATED
CAT-AD	2:26894589-28597305	2	26894589	28597305	0.0001155461760498	POSITIVE_DIRECTION_CONCORDANT	rs10209020		AC109829.1	ENSG00000233438	protein_coding	27760253	27790011		GENE_BODY_OVERLAP	LEVEL2	Ensembl overlap/region GRCh37	GRCh37	2026-09-21	ANNOTATED
CAT-AD	2:26894589-28597305	2	26894589	28597305	0.0001155461760498	POSITIVE_DIRECTION_CONCORDANT	rs10209020		C2orf16	ENSG00000221843	protein_coding	27799389	27805588		GENE_BODY_OVERLAP	LEVEL2	Ensembl overlap/region GRCh37	GRCh37	2026-09-21	ANNOTATED
CAT-AD	2:26894589-28597305	2	26894589	28597305	0.0001155461760498	POSITIVE_DIRECTION_CONCORDANT	rs10209020		ZNF512	ENSG00000243943	protein_coding	27805897	27858041		GENE_BODY_OVERLAP	LEVEL2	Ensembl overlap/region GRCh37	GRCh37	2026-09-21	ANNOTATED
CAT-AD	2:26894589-28597305	2	26894589	28597305	0.0001155461760498	POSITIVE_DIRECTION_CONCORDANT	rs10209020		AGBL5	ENSG00000084693	protein_coding	27265232	27293490		GENE_BODY_OVERLAP	LEVEL2	Ensembl overlap/region GRCh37	GRCh37	2026-09-21	ANNOTATED
CAT-AD	2:26894589-28597305	2	26894589	28597305	0.0001155461760498	POSITIVE_DIRECTION_CONCORDANT	rs10209020		OST4	ENSG00000228474	protein_coding	27293340	27294641		GENE_BODY_OVERLAP	LEVEL2	Ensembl overlap/region GRCh37	GRCh37	2026-09-21	ANNOTATED
CAT-AD	2:26894589-28597305	2	26894589	28597305	0.0001155461760498	POSITIVE_DIRECTION_CONCORDANT	rs10209020		CCDC121	ENSG00000176714	protein_coding	27848506	27851879		GENE_BODY_OVERLAP	LEVEL2	Ensembl overlap/region GRCh37	GRCh37	2026-09-21	ANNOTATED
CAT-AD	2:26894589-28597305	2	26894589	28597305	0.0001155461760498	POSITIVE_DIRECTION_CONCORDANT	rs10209020		GPN1	ENSG00000198522	protein_coding	27851114	27874375		GENE_BODY_OVERLAP	LEVEL2	Ensembl overlap/region GRCh37	GRCh37	2026-09-21	ANNOTATED
CAT-AD	2:26894589-28597305	2	26894589	28597305	0.0001155461760498	POSITIVE_DIRECTION_CONCORDANT	rs10209020		EMILIN1	ENSG00000138080	protein_coding	27301435	27309271		GENE_BODY_OVERLAP	LEVEL2	Ensembl overlap/region GRCh37	GRCh37	2026-09-21	ANNOTATED
CAT-AD	2:26894589-28597305	2	26894589	28597305	0.0001155461760498	POSITIVE_DIRECTION_CONCORDANT	rs10209020		KHK	ENSG00000138030	protein_coding	27309615	27323640		GENE_BODY_OVERLAP	LEVEL2	Ensembl overlap/region GRCh37	GRCh37	2026-09-21	ANNOTATED
CAT-AD	2:26894589-28597305	2	26894589	28597305	0.0001155461760498	POSITIVE_DIRECTION_CONCORDANT	rs10209020		CGREF1	ENSG00000138028	protein_coding	27321757	27341995		GENE_BODY_OVERLAP	LEVEL2	Ensembl overlap/region GRCh37	GRCh37	2026-09-21	ANNOTATED
CAT-AD	2:26894589-28597305	2	26894589	28597305	0.0001155461760498	POSITIVE_DIRECTION_CONCORDANT	rs10209020		SUPT7L	ENSG00000119760	protein_coding	27873679	27886676		GENE_BODY_OVERLAP	LEVEL2	Ensembl overlap/region GRCh37	GRCh37	2026-09-21	ANNOTATED
CAT-AD	2:26894589-28597305	2	26894589	28597305	0.0001155461760498	POSITIVE_DIRECTION_CONCORDANT	rs10209020		SLC4A1AP	ENSG00000163798	protein_coding	27886338	27917840		GENE_BODY_OVERLAP	LEVEL2	Ensembl overlap/region GRCh37	GRCh37	2026-09-21	ANNOTATED
CAT-AD	2:26894589-28597305	2	26894589	28597305	0.0001155461760498	POSITIVE_DIRECTION_CONCORDANT	rs10209020		ABHD1	ENSG00000143994	protein_coding	27346682	27353680		GENE_BODY_OVERLAP	LEVEL2	Ensembl overlap/region GRCh37	GRCh37	2026-09-21	ANNOTATED
CAT-AD	2:26894589-28597305	2	26894589	28597305	0.0001155461760498	POSITIVE_DIRECTION_CONCORDANT	rs10209020		AC074091.13	ENSG00000205334	protein_coding	27928653	27938599		GENE_BODY_OVERLAP	LEVEL2	Ensembl overlap/region GRCh37	GRCh37	2026-09-21	ANNOTATED
CAT-AD	2:26894589-28597305	2	26894589	28597305	0.0001155461760498	POSITIVE_DIRECTION_CONCORDANT	rs10209020		MRPL33	ENSG00000243147	protein_coding	27994584	28210954		GENE_BODY_OVERLAP	LEVEL2	Ensembl overlap/region GRCh37	GRCh37	2026-09-21	ANNOTATED
CAT-AD	2:26894589-28597305	2	26894589	28597305	0.0001155461760498	POSITIVE_DIRECTION_CONCORDANT	rs10209020		AC110084.1	ENSG00000268656	protein_coding	27998851	28009186		GENE_BODY_OVERLAP	LEVEL2	Ensembl overlap/region GRCh37	GRCh37	2026-09-21	ANNOTATED
CAT-AD	2:26894589-28597305	2	26894589	28597305	0.0001155461760498	POSITIVE_DIRECTION_CONCORDANT	rs10209020		RBKS	ENSG00000171174	protein_coding	28004231	28113965		GENE_BODY_OVERLAP	LEVEL2	Ensembl overlap/region GRCh37	GRCh37	2026-09-21	ANNOTATED
CAT-AD	2:26894589-28597305	2	26894589	28597305	0.0001155461760498	POSITIVE_DIRECTION_CONCORDANT	rs10209020		PREB	ENSG00000138073	protein_coding	27353624	27357543		GENE_BODY_OVERLAP	LEVEL2	Ensembl overlap/region GRCh37	GRCh37	2026-09-21	ANNOTATED
CAT-AD	2:26894589-28597305	2	26894589	28597305	0.0001155461760498	POSITIVE_DIRECTION_CONCORDANT	rs10209020		BRE	ENSG00000158019	protein_coding	28112808	28561768		GENE_BODY_OVERLAP	LEVEL2	Ensembl overlap/region GRCh37	GRCh37	2026-09-21	ANNOTATED
CAT-AD	2:26894589-28597305	2	26894589	28597305	0.0001155461760498	POSITIVE_DIRECTION_CONCORDANT	rs10209020		C2orf53	ENSG00000186143	protein_coding	27359723	27362278		GENE_BODY_OVERLAP	LEVEL2	Ensembl overlap/region GRCh37	GRCh37	2026-09-21	ANNOTATED
CAT-AD	2:26894589-28597305	2	26894589	28597305	0.0001155461760498	POSITIVE_DIRECTION_CONCORDANT	rs10209020		TCF23	ENSG00000163792	protein_coding	27371872	27376378		GENE_BODY_OVERLAP	LEVEL2	Ensembl overlap/region GRCh37	GRCh37	2026-09-21	ANNOTATED
CAT-AD	2:26894589-28597305	2	26894589	28597305	0.0001155461760498	POSITIVE_DIRECTION_CONCORDANT	rs10209020		SLC5A6	ENSG00000138074	protein_coding	27422455	27435826		GENE_BODY_OVERLAP	LEVEL2	Ensembl overlap/region GRCh37	GRCh37	2026-09-21	ANNOTATED
CAT-AD	2:26894589-28597305	2	26894589	28597305	0.0001155461760498	POSITIVE_DIRECTION_CONCORDANT	rs10209020		ATRAID	ENSG00000138085	protein_coding	27434895	27440046		GENE_BODY_OVERLAP	LEVEL2	Ensembl overlap/region GRCh37	GRCh37	2026-09-21	ANNOTATED
CAT-AD	2:26894589-28597305	2	26894589	28597305	0.0001155461760498	POSITIVE_DIRECTION_CONCORDANT	rs10209020		CAD	ENSG00000084774	protein_coding	27440258	27466811		GENE_BODY_OVERLAP	LEVEL2	Ensembl overlap/region GRCh37	GRCh37	2026-09-21	ANNOTATED
CAT-AD	2:26894589-28597305	2	26894589	28597305	0.0001155461760498	POSITIVE_DIRECTION_CONCORDANT	rs10209020		SLC30A3	ENSG00000115194	protein_coding	27476552	27498685		GENE_BODY_OVERLAP	LEVEL2	Ensembl overlap/region GRCh37	GRCh37	2026-09-21	ANNOTATED
CAT-AD	2:26894589-28597305	2	26894589	28597305	0.0001155461760498	POSITIVE_DIRECTION_CONCORDANT	rs10209020	27980944	MRPL33	ENSG00000243147	protein_coding	27994584	28210954	13640	NEAREST_PROTEIN_CODING_GENE	LEVEL3	Ensembl overlap/region GRCh37	GRCh37	2026-09-21	ANNOTATED
CAT-AD	2:202830132-204814896	2	202830132	204814896	0.0001276638548397	POSITIVE_DIRECTION_CONCORDANT	rs140750546		FZD7	ENSG00000155760	protein_coding	202899310	202903160		GENE_BODY_OVERLAP	LEVEL2	Ensembl overlap/region GRCh37	GRCh37	2026-09-21	ANNOTATED
CAT-AD	2:202830132-204814896	2	202830132	204814896	0.0001276638548397	POSITIVE_DIRECTION_CONCORDANT	rs140750546		AC079354.1	ENSG00000182329	protein_coding	202937978	203062585		GENE_BODY_OVERLAP	LEVEL2	Ensembl overlap/region GRCh37	GRCh37	2026-09-21	ANNOTATED
CAT-AD	2:202830132-204814896	2	202830132	204814896	0.0001276638548397	POSITIVE_DIRECTION_CONCORDANT	rs140750546		SUMO1	ENSG00000116030	protein_coding	203070903	203103331		GENE_BODY_OVERLAP	LEVEL2	Ensembl overlap/region GRCh37	GRCh37	2026-09-21	ANNOTATED
CAT-AD	2:202830132-204814896	2	202830132	204814896	0.0001276638548397	POSITIVE_DIRECTION_CONCORDANT	rs140750546		AC079354.2	ENSG00000267889	protein_coding	203104292	203104435		GENE_BODY_OVERLAP	LEVEL2	Ensembl overlap/region GRCh37	GRCh37	2026-09-21	ANNOTATED
CAT-AD	2:202830132-204814896	2	202830132	204814896	0.0001276638548397	POSITIVE_DIRECTION_CONCORDANT	rs140750546		NOP58	ENSG00000055044	protein_coding	203130439	203168389		GENE_BODY_OVERLAP	LEVEL2	Ensembl overlap/region GRCh37	GRCh37	2026-09-21	ANNOTATED
CAT-AD	2:202830132-204814896	2	202830132	204814896	0.0001276638548397	POSITIVE_DIRECTION_CONCORDANT	rs140750546		BMPR2	ENSG00000204217	protein_coding	203241659	203432474		GENE_BODY_OVERLAP	LEVEL2	Ensembl overlap/region GRCh37	GRCh37	2026-09-21	ANNOTATED
CAT-AD	2:202830132-204814896	2	202830132	204814896	0.0001276638548397	POSITIVE_DIRECTION_CONCORDANT	rs140750546		FAM117B	ENSG00000138439	protein_coding	203499901	203634480		GENE_BODY_OVERLAP	LEVEL2	Ensembl overlap/region GRCh37	GRCh37	2026-09-21	ANNOTATED
CAT-AD	2:202830132-204814896	2	202830132	204814896	0.0001276638548397	POSITIVE_DIRECTION_CONCORDANT	rs140750546		ICA1L	ENSG00000163596	protein_coding	203640690	203736708		GENE_BODY_OVERLAP	LEVEL2	Ensembl overlap/region GRCh37	GRCh37	2026-09-21	ANNOTATED
CAT-AD	2:202830132-204814896	2	202830132	204814896	0.0001276638548397	POSITIVE_DIRECTION_CONCORDANT	rs140750546		WDR12	ENSG00000138442	protein_coding	203739505	203879521		GENE_BODY_OVERLAP	LEVEL2	Ensembl overlap/region GRCh37	GRCh37	2026-09-21	ANNOTATED
CAT-AD	2:202830132-204814896	2	202830132	204814896	0.0001276638548397	POSITIVE_DIRECTION_CONCORDANT	rs140750546		CARF	ENSG00000138380	protein_coding	203776937	203851786		GENE_BODY_OVERLAP	LEVEL2	Ensembl overlap/region GRCh37	GRCh37	2026-09-21	ANNOTATED
CAT-AD	2:202830132-204814896	2	202830132	204814896	0.0001276638548397	POSITIVE_DIRECTION_CONCORDANT	rs140750546		NBEAL1	ENSG00000144426	protein_coding	203879602	204091101		GENE_BODY_OVERLAP	LEVEL2	Ensembl overlap/region GRCh37	GRCh37	2026-09-21	ANNOTATED
CAT-AD	2:202830132-204814896	2	202830132	204814896	0.0001276638548397	POSITIVE_DIRECTION_CONCORDANT	rs140750546		CYP20A1	ENSG00000119004	protein_coding	204103663	204163009		GENE_BODY_OVERLAP	LEVEL2	Ensembl overlap/region GRCh37	GRCh37	2026-09-21	ANNOTATED
CAT-AD	2:202830132-204814896	2	202830132	204814896	0.0001276638548397	POSITIVE_DIRECTION_CONCORDANT	rs140750546		ABI2	ENSG00000138443	protein_coding	204192942	204312446		GENE_BODY_OVERLAP	LEVEL2	Ensembl overlap/region GRCh37	GRCh37	2026-09-21	ANNOTATED
CAT-AD	2:202830132-204814896	2	202830132	204814896	0.0001276638548397	POSITIVE_DIRECTION_CONCORDANT	rs140750546		RAPH1	ENSG00000173166	protein_coding	204259068	204400133		GENE_BODY_OVERLAP	LEVEL2	Ensembl overlap/region GRCh37	GRCh37	2026-09-21	ANNOTATED
CAT-AD	2:202830132-204814896	2	202830132	204814896	0.0001276638548397	POSITIVE_DIRECTION_CONCORDANT	rs140750546		CD28	ENSG00000178562	protein_coding	204571198	204603635		GENE_BODY_OVERLAP	LEVEL2	Ensembl overlap/region GRCh37	GRCh37	2026-09-21	ANNOTATED
CAT-AD	2:202830132-204814896	2	202830132	204814896	0.0001276638548397	POSITIVE_DIRECTION_CONCORDANT	rs140750546		CTLA4	ENSG00000163599	protein_coding	204732509	204738683		GENE_BODY_OVERLAP	LEVEL2	Ensembl overlap/region GRCh37	GRCh37	2026-09-21	ANNOTATED
CAT-AD	2:202830132-204814896	2	202830132	204814896	0.0001276638548397	POSITIVE_DIRECTION_CONCORDANT	rs140750546		ICOS	ENSG00000163600	protein_coding	204801471	204826300		GENE_BODY_OVERLAP	LEVEL2	Ensembl overlap/region GRCh37	GRCh37	2026-09-21	ANNOTATED
CAT-AD	2:202830132-204814896	2	202830132	204814896	0.0001276638548397	POSITIVE_DIRECTION_CONCORDANT	rs140750546	203863736	WDR12	ENSG00000138442	protein_coding	203739505	203879521	0	NEAREST_PROTEIN_CODING_GENE	LEVEL3	Ensembl overlap/region GRCh37	GRCh37	2026-09-21	ANNOTATED
CAT-AD	7:98152191-100555361	7	98152191	100555361	-0.0001423302020509	NEGATIVE_DIRECTION_CONCORDANT	rs1133790;rs1617502		ZSCAN25	ENSG00000197037	protein_coding	99214569	99230030		GENE_BODY_OVERLAP	LEVEL2	Ensembl overlap/region GRCh37	GRCh37	2026-09-21	ANNOTATED
CAT-AD	7:98152191-100555361	7	98152191	100555361	-0.0001423302020509	NEGATIVE_DIRECTION_CONCORDANT	rs1133790;rs1617502		CYP3A5	ENSG00000106258	protein_coding	99245817	99277621		GENE_BODY_OVERLAP	LEVEL2	Ensembl overlap/region GRCh37	GRCh37	2026-09-21	ANNOTATED
CAT-AD	7:98152191-100555361	7	98152191	100555361	-0.0001423302020509	NEGATIVE_DIRECTION_CONCORDANT	rs1133790;rs1617502		CYP3A7	ENSG00000160870	protein_coding	99302660	99332819		GENE_BODY_OVERLAP	LEVEL2	Ensembl overlap/region GRCh37	GRCh37	2026-09-21	ANNOTATED
CAT-AD	7:98152191-100555361	7	98152191	100555361	-0.0001423302020509	NEGATIVE_DIRECTION_CONCORDANT	rs1133790;rs1617502		CYP3A4	ENSG00000160868	protein_coding	99354604	99381888		GENE_BODY_OVERLAP	LEVEL2	Ensembl overlap/region GRCh37	GRCh37	2026-09-21	ANNOTATED
CAT-AD	7:98152191-100555361	7	98152191	100555361	-0.0001423302020509	NEGATIVE_DIRECTION_CONCORDANT	rs1133790;rs1617502		CYP3A43	ENSG00000021461	protein_coding	99425636	99463718		GENE_BODY_OVERLAP	LEVEL2	Ensembl overlap/region GRCh37	GRCh37	2026-09-21	ANNOTATED
CAT-AD	7:98152191-100555361	7	98152191	100555361	-0.0001423302020509	NEGATIVE_DIRECTION_CONCORDANT	rs1133790;rs1617502		OR2AE1	ENSG00000244623	protein_coding	99473610	99474680		GENE_BODY_OVERLAP	LEVEL2	Ensembl overlap/region GRCh37	GRCh37	2026-09-21	ANNOTATED
CAT-AD	7:98152191-100555361	7	98152191	100555361	-0.0001423302020509	NEGATIVE_DIRECTION_CONCORDANT	rs1133790;rs1617502		TRIM4	ENSG00000146833	protein_coding	99474581	99517223		GENE_BODY_OVERLAP	LEVEL2	Ensembl overlap/region GRCh37	GRCh37	2026-09-21	ANNOTATED
CAT-AD	7:98152191-100555361	7	98152191	100555361	-0.0001423302020509	NEGATIVE_DIRECTION_CONCORDANT	rs1133790;rs1617502		GJC3	ENSG00000176402	protein_coding	99520892	99527243		GENE_BODY_OVERLAP	LEVEL2	Ensembl overlap/region GRCh37	GRCh37	2026-09-21	ANNOTATED
CAT-AD	7:98152191-100555361	7	98152191	100555361	-0.0001423302020509	NEGATIVE_DIRECTION_CONCORDANT	rs1133790;rs1617502		AZGP1	ENSG00000160862	protein_coding	99564343	99573780		GENE_BODY_OVERLAP	LEVEL2	Ensembl overlap/region GRCh37	GRCh37	2026-09-21	ANNOTATED
CAT-AD	7:98152191-100555361	7	98152191	100555361	-0.0001423302020509	NEGATIVE_DIRECTION_CONCORDANT	rs1133790;rs1617502		ZKSCAN1	ENSG00000106261	protein_coding	99613204	99639312		GENE_BODY_OVERLAP	LEVEL2	Ensembl overlap/region GRCh37	GRCh37	2026-09-21	ANNOTATED
CAT-AD	7:98152191-100555361	7	98152191	100555361	-0.0001423302020509	NEGATIVE_DIRECTION_CONCORDANT	rs1133790;rs1617502		ZSCAN21	ENSG00000166529	protein_coding	99647390	99662661		GENE_BODY_OVERLAP	LEVEL2	Ensembl overlap/region GRCh37	GRCh37	2026-09-21	ANNOTATED
CAT-AD	7:98152191-100555361	7	98152191	100555361	-0.0001423302020509	NEGATIVE_DIRECTION_CONCORDANT	rs1133790;rs1617502		ZNF3	ENSG00000166526	protein_coding	99661656	99680171		GENE_BODY_OVERLAP	LEVEL2	Ensembl overlap/region GRCh37	GRCh37	2026-09-21	ANNOTATED
CAT-AD	7:98152191-100555361	7	98152191	100555361	-0.0001423302020509	NEGATIVE_DIRECTION_CONCORDANT	rs1133790;rs1617502		COPS6	ENSG00000168090	protein_coding	99686577	99689823		GENE_BODY_OVERLAP	LEVEL2	Ensembl overlap/region GRCh37	GRCh37	2026-09-21	ANNOTATED
CAT-AD	7:98152191-100555361	7	98152191	100555361	-0.0001423302020509	NEGATIVE_DIRECTION_CONCORDANT	rs1133790;rs1617502		MCM7	ENSG00000166508	protein_coding	99690351	99699563		GENE_BODY_OVERLAP	LEVEL2	Ensembl overlap/region GRCh37	GRCh37	2026-09-21	ANNOTATED
CAT-AD	7:98152191-100555361	7	98152191	100555361	-0.0001423302020509	NEGATIVE_DIRECTION_CONCORDANT	rs1133790;rs1617502		AP4M1	ENSG00000221838	protein_coding	99699172	99707968		GENE_BODY_OVERLAP	LEVEL2	Ensembl overlap/region GRCh37	GRCh37	2026-09-21	ANNOTATED
CAT-AD	7:98152191-100555361	7	98152191	100555361	-0.0001423302020509	NEGATIVE_DIRECTION_CONCORDANT	rs1133790;rs1617502		TAF6	ENSG00000106290	protein_coding	99704693	99717464		GENE_BODY_OVERLAP	LEVEL2	Ensembl overlap/region GRCh37	GRCh37	2026-09-21	ANNOTATED
CAT-AD	7:98152191-100555361	7	98152191	100555361	-0.0001423302020509	NEGATIVE_DIRECTION_CONCORDANT	rs1133790;rs1617502		CNPY4	ENSG00000166997	protein_coding	99717236	99723134		GENE_BODY_OVERLAP	LEVEL2	Ensembl overlap/region GRCh37	GRCh37	2026-09-21	ANNOTATED
CAT-AD	7:98152191-100555361	7	98152191	100555361	-0.0001423302020509	NEGATIVE_DIRECTION_CONCORDANT	rs1133790;rs1617502		MBLAC1	ENSG00000214309	protein_coding	99724317	99726118		GENE_BODY_OVERLAP	LEVEL2	Ensembl overlap/region GRCh37	GRCh37	2026-09-21	ANNOTATED
CAT-AD	7:98152191-100555361	7	98152191	100555361	-0.0001423302020509	NEGATIVE_DIRECTION_CONCORDANT	rs1133790;rs1617502		LAMTOR4	ENSG00000188186	protein_coding	99746530	99753567		GENE_BODY_OVERLAP	LEVEL2	Ensembl overlap/region GRCh37	GRCh37	2026-09-21	ANNOTATED
CAT-AD	7:98152191-100555361	7	98152191	100555361	-0.0001423302020509	NEGATIVE_DIRECTION_CONCORDANT	rs1133790;rs1617502		C7orf43	ENSG00000146826	protein_coding	99752043	99756338		GENE_BODY_OVERLAP	LEVEL2	Ensembl overlap/region GRCh37	GRCh37	2026-09-21	ANNOTATED
CAT-AD	7:98152191-100555361	7	98152191	100555361	-0.0001423302020509	NEGATIVE_DIRECTION_CONCORDANT	rs1133790;rs1617502		GAL3ST4	ENSG00000197093	protein_coding	99756867	99766373		GENE_BODY_OVERLAP	LEVEL2	Ensembl overlap/region GRCh37	GRCh37	2026-09-21	ANNOTATED
CAT-AD	7:98152191-100555361	7	98152191	100555361	-0.0001423302020509	NEGATIVE_DIRECTION_CONCORDANT	rs1133790;rs1617502		GPC2	ENSG00000213420	protein_coding	99767229	99774995		GENE_BODY_OVERLAP	LEVEL2	Ensembl overlap/region GRCh37	GRCh37	2026-09-21	ANNOTATED
CAT-AD	7:98152191-100555361	7	98152191	100555361	-0.0001423302020509	NEGATIVE_DIRECTION_CONCORDANT	rs1133790;rs1617502		STAG3	ENSG00000066923	protein_coding	99775186	99819111		GENE_BODY_OVERLAP	LEVEL2	Ensembl overlap/region GRCh37	GRCh37	2026-09-21	ANNOTATED
CAT-AD	7:98152191-100555361	7	98152191	100555361	-0.0001423302020509	NEGATIVE_DIRECTION_CONCORDANT	rs1133790;rs1617502		GATS	ENSG00000160844	protein_coding	99798283	99869855		GENE_BODY_OVERLAP	LEVEL2	Ensembl overlap/region GRCh37	GRCh37	2026-09-21	ANNOTATED
CAT-AD	7:98152191-100555361	7	98152191	100555361	-0.0001423302020509	NEGATIVE_DIRECTION_CONCORDANT	rs1133790;rs1617502		PVRIG	ENSG00000213413	protein_coding	99815864	99819113		GENE_BODY_OVERLAP	LEVEL2	Ensembl overlap/region GRCh37	GRCh37	2026-09-21	ANNOTATED
CAT-AD	7:98152191-100555361	7	98152191	100555361	-0.0001423302020509	NEGATIVE_DIRECTION_CONCORDANT	rs1133790;rs1617502		SPDYE3	ENSG00000214300	protein_coding	99905325	99919819		GENE_BODY_OVERLAP	LEVEL2	Ensembl overlap/region GRCh37	GRCh37	2026-09-21	ANNOTATED
CAT-AD	7:98152191-100555361	7	98152191	100555361	-0.0001423302020509	NEGATIVE_DIRECTION_CONCORDANT	rs1133790;rs1617502		PILRB	ENSG00000121716	protein_coding	99933737	99965356		GENE_BODY_OVERLAP	LEVEL2	Ensembl overlap/region GRCh37	GRCh37	2026-09-21	ANNOTATED
CAT-AD	7:98152191-100555361	7	98152191	100555361	-0.0001423302020509	NEGATIVE_DIRECTION_CONCORDANT	rs1133790;rs1617502		PILRA	ENSG00000085514	protein_coding	99965153	99997719		GENE_BODY_OVERLAP	LEVEL2	Ensembl overlap/region GRCh37	GRCh37	2026-09-21	ANNOTATED
CAT-AD	7:98152191-100555361	7	98152191	100555361	-0.0001423302020509	NEGATIVE_DIRECTION_CONCORDANT	rs1133790;rs1617502		ZCWPW1	ENSG00000078487	protein_coding	99998449	100026615		GENE_BODY_OVERLAP	LEVEL2	Ensembl overlap/region GRCh37	GRCh37	2026-09-21	ANNOTATED
CAT-AD	7:98152191-100555361	7	98152191	100555361	-0.0001423302020509	NEGATIVE_DIRECTION_CONCORDANT	rs1133790;rs1617502		MEPCE	ENSG00000146834	protein_coding	100026413	100031741		GENE_BODY_OVERLAP	LEVEL2	Ensembl overlap/region GRCh37	GRCh37	2026-09-21	ANNOTATED
CAT-AD	7:98152191-100555361	7	98152191	100555361	-0.0001423302020509	NEGATIVE_DIRECTION_CONCORDANT	rs1133790;rs1617502		PPP1R35	ENSG00000160813	protein_coding	100032905	100034188		GENE_BODY_OVERLAP	LEVEL2	Ensembl overlap/region GRCh37	GRCh37	2026-09-21	ANNOTATED
CAT-AD	7:98152191-100555361	7	98152191	100555361	-0.0001423302020509	NEGATIVE_DIRECTION_CONCORDANT	rs1133790;rs1617502		C7orf61	ENSG00000185955	protein_coding	100054238	100061894		GENE_BODY_OVERLAP	LEVEL2	Ensembl overlap/region GRCh37	GRCh37	2026-09-21	ANNOTATED
CAT-AD	7:98152191-100555361	7	98152191	100555361	-0.0001423302020509	NEGATIVE_DIRECTION_CONCORDANT	rs1133790;rs1617502		TSC22D4	ENSG00000166925	protein_coding	100060982	100076902		GENE_BODY_OVERLAP	LEVEL2	Ensembl overlap/region GRCh37	GRCh37	2026-09-21	ANNOTATED
CAT-AD	7:98152191-100555361	7	98152191	100555361	-0.0001423302020509	NEGATIVE_DIRECTION_CONCORDANT	rs1133790;rs1617502		NYAP1	ENSG00000166924	protein_coding	100081550	100092422		GENE_BODY_OVERLAP	LEVEL2	Ensembl overlap/region GRCh37	GRCh37	2026-09-21	ANNOTATED
CAT-AD	7:98152191-100555361	7	98152191	100555361	-0.0001423302020509	NEGATIVE_DIRECTION_CONCORDANT	rs1133790;rs1617502		AGFG2	ENSG00000106351	protein_coding	100136834	100165842		GENE_BODY_OVERLAP	LEVEL2	Ensembl overlap/region GRCh37	GRCh37	2026-09-21	ANNOTATED
CAT-AD	7:98152191-100555361	7	98152191	100555361	-0.0001423302020509	NEGATIVE_DIRECTION_CONCORDANT	rs1133790;rs1617502		LRCH4	ENSG00000077454	protein_coding	100169855	100183776		GENE_BODY_OVERLAP	LEVEL2	Ensembl overlap/region GRCh37	GRCh37	2026-09-21	ANNOTATED
CAT-AD	7:98152191-100555361	7	98152191	100555361	-0.0001423302020509	NEGATIVE_DIRECTION_CONCORDANT	rs1133790;rs1617502		SAP25	ENSG00000205307	protein_coding	100169855	100171270		GENE_BODY_OVERLAP	LEVEL2	Ensembl overlap/region GRCh37	GRCh37	2026-09-21	ANNOTATED
CAT-AD	7:98152191-100555361	7	98152191	100555361	-0.0001423302020509	NEGATIVE_DIRECTION_CONCORDANT	rs1133790;rs1617502		FBXO24	ENSG00000106336	protein_coding	100181605	100198740		GENE_BODY_OVERLAP	LEVEL2	Ensembl overlap/region GRCh37	GRCh37	2026-09-21	ANNOTATED
CAT-AD	7:98152191-100555361	7	98152191	100555361	-0.0001423302020509	NEGATIVE_DIRECTION_CONCORDANT	rs1133790;rs1617502		PCOLCE	ENSG00000106333	protein_coding	100199800	100205798		GENE_BODY_OVERLAP	LEVEL2	Ensembl overlap/region GRCh37	GRCh37	2026-09-21	ANNOTATED
CAT-AD	7:98152191-100555361	7	98152191	100555361	-0.0001423302020509	NEGATIVE_DIRECTION_CONCORDANT	rs1133790;rs1617502		MOSPD3	ENSG00000106330	protein_coding	100209725	100213007		GENE_BODY_OVERLAP	LEVEL2	Ensembl overlap/region GRCh37	GRCh37	2026-09-21	ANNOTATED
CAT-AD	7:98152191-100555361	7	98152191	100555361	-0.0001423302020509	NEGATIVE_DIRECTION_CONCORDANT	rs1133790;rs1617502		TFR2	ENSG00000106327	protein_coding	100218039	100240402		GENE_BODY_OVERLAP	LEVEL2	Ensembl overlap/region GRCh37	GRCh37	2026-09-21	ANNOTATED
CAT-AD	7:98152191-100555361	7	98152191	100555361	-0.0001423302020509	NEGATIVE_DIRECTION_CONCORDANT	rs1133790;rs1617502		ACTL6B	ENSG00000077080	protein_coding	100240720	100254084		GENE_BODY_OVERLAP	LEVEL2	Ensembl overlap/region GRCh37	GRCh37	2026-09-21	ANNOTATED
CAT-AD	7:98152191-100555361	7	98152191	100555361	-0.0001423302020509	NEGATIVE_DIRECTION_CONCORDANT	rs1133790;rs1617502		GNB2	ENSG00000172354	protein_coding	100271154	100276797		GENE_BODY_OVERLAP	LEVEL2	Ensembl overlap/region GRCh37	GRCh37	2026-09-21	ANNOTATED
CAT-AD	7:98152191-100555361	7	98152191	100555361	-0.0001423302020509	NEGATIVE_DIRECTION_CONCORDANT	rs1133790;rs1617502		GIGYF1	ENSG00000146830	protein_coding	100277130	100287071		GENE_BODY_OVERLAP	LEVEL2	Ensembl overlap/region GRCh37	GRCh37	2026-09-21	ANNOTATED
CAT-AD	7:98152191-100555361	7	98152191	100555361	-0.0001423302020509	NEGATIVE_DIRECTION_CONCORDANT	rs1133790;rs1617502		POP7	ENSG00000172336	protein_coding	100303676	100305118		GENE_BODY_OVERLAP	LEVEL2	Ensembl overlap/region GRCh37	GRCh37	2026-09-21	ANNOTATED
CAT-AD	7:98152191-100555361	7	98152191	100555361	-0.0001423302020509	NEGATIVE_DIRECTION_CONCORDANT	rs1133790;rs1617502		EPO	ENSG00000130427	protein_coding	100318423	100321323		GENE_BODY_OVERLAP	LEVEL2	Ensembl overlap/region GRCh37	GRCh37	2026-09-21	ANNOTATED
CAT-AD	7:98152191-100555361	7	98152191	100555361	-0.0001423302020509	NEGATIVE_DIRECTION_CONCORDANT	rs1133790;rs1617502		EPHB4	ENSG00000196411	protein_coding	100400187	100425121		GENE_BODY_OVERLAP	LEVEL2	Ensembl overlap/region GRCh37	GRCh37	2026-09-21	ANNOTATED
CAT-AD	7:98152191-100555361	7	98152191	100555361	-0.0001423302020509	NEGATIVE_DIRECTION_CONCORDANT	rs1133790;rs1617502		SLC12A9	ENSG00000146828	protein_coding	100424442	100464631		GENE_BODY_OVERLAP	LEVEL2	Ensembl overlap/region GRCh37	GRCh37	2026-09-21	ANNOTATED
CAT-AD	7:98152191-100555361	7	98152191	100555361	-0.0001423302020509	NEGATIVE_DIRECTION_CONCORDANT	rs1133790;rs1617502		TRIP6	ENSG00000087077	protein_coding	100464760	100471076		GENE_BODY_OVERLAP	LEVEL2	Ensembl overlap/region GRCh37	GRCh37	2026-09-21	ANNOTATED
CAT-AD	7:98152191-100555361	7	98152191	100555361	-0.0001423302020509	NEGATIVE_DIRECTION_CONCORDANT	rs1133790;rs1617502		SRRT	ENSG00000087087	protein_coding	100472733	100486285		GENE_BODY_OVERLAP	LEVEL2	Ensembl overlap/region GRCh37	GRCh37	2026-09-21	ANNOTATED
CAT-AD	7:98152191-100555361	7	98152191	100555361	-0.0001423302020509	NEGATIVE_DIRECTION_CONCORDANT	rs1133790;rs1617502		UFSP1	ENSG00000176125	protein_coding	100486346	100487339		GENE_BODY_OVERLAP	LEVEL2	Ensembl overlap/region GRCh37	GRCh37	2026-09-21	ANNOTATED
CAT-AD	7:98152191-100555361	7	98152191	100555361	-0.0001423302020509	NEGATIVE_DIRECTION_CONCORDANT	rs1133790;rs1617502		ACHE	ENSG00000087085	protein_coding	100487615	100494594		GENE_BODY_OVERLAP	LEVEL2	Ensembl overlap/region GRCh37	GRCh37	2026-09-21	ANNOTATED
CAT-AD	7:98152191-100555361	7	98152191	100555361	-0.0001423302020509	NEGATIVE_DIRECTION_CONCORDANT	rs1133790;rs1617502		MUC3A	ENSG00000169894	protein_coding	100547187	100611118		GENE_BODY_OVERLAP	LEVEL2	Ensembl overlap/region GRCh37	GRCh37	2026-09-21	ANNOTATED
CAT-AD	7:98152191-100555361	7	98152191	100555361	-0.0001423302020509	NEGATIVE_DIRECTION_CONCORDANT	rs1133790;rs1617502		MUC3A	ENSG00000228273	protein_coding	100547257	100550424		GENE_BODY_OVERLAP	LEVEL2	Ensembl overlap/region GRCh37	GRCh37	2026-09-21	ANNOTATED
CAT-AD	7:98152191-100555361	7	98152191	100555361	-0.0001423302020509	NEGATIVE_DIRECTION_CONCORDANT	rs1133790;rs1617502		NPTX2	ENSG00000106236	protein_coding	98246609	98259180		GENE_BODY_OVERLAP	LEVEL2	Ensembl overlap/region GRCh37	GRCh37	2026-09-21	ANNOTATED
CAT-AD	7:98152191-100555361	7	98152191	100555361	-0.0001423302020509	NEGATIVE_DIRECTION_CONCORDANT	rs1133790;rs1617502		TMEM130	ENSG00000166448	protein_coding	98444111	98468394		GENE_BODY_OVERLAP	LEVEL2	Ensembl overlap/region GRCh37	GRCh37	2026-09-21	ANNOTATED
CAT-AD	7:98152191-100555361	7	98152191	100555361	-0.0001423302020509	NEGATIVE_DIRECTION_CONCORDANT	rs1133790;rs1617502		TRRAP	ENSG00000196367	protein_coding	98475556	98610866		GENE_BODY_OVERLAP	LEVEL2	Ensembl overlap/region GRCh37	GRCh37	2026-09-21	ANNOTATED
CAT-AD	7:98152191-100555361	7	98152191	100555361	-0.0001423302020509	NEGATIVE_DIRECTION_CONCORDANT	rs1133790;rs1617502		SMURF1	ENSG00000198742	protein_coding	98625061	98741723		GENE_BODY_OVERLAP	LEVEL2	Ensembl overlap/region GRCh37	GRCh37	2026-09-21	ANNOTATED
CAT-AD	7:98152191-100555361	7	98152191	100555361	-0.0001423302020509	NEGATIVE_DIRECTION_CONCORDANT	rs1133790;rs1617502		KPNA7	ENSG00000185467	protein_coding	98771197	98805129		GENE_BODY_OVERLAP	LEVEL2	Ensembl overlap/region GRCh37	GRCh37	2026-09-21	ANNOTATED
CAT-AD	7:98152191-100555361	7	98152191	100555361	-0.0001423302020509	NEGATIVE_DIRECTION_CONCORDANT	rs1133790;rs1617502		ARPC1A	ENSG00000241685	protein_coding	98923521	98985787		GENE_BODY_OVERLAP	LEVEL2	Ensembl overlap/region GRCh37	GRCh37	2026-09-21	ANNOTATED
CAT-AD	7:98152191-100555361	7	98152191	100555361	-0.0001423302020509	NEGATIVE_DIRECTION_CONCORDANT	rs1133790;rs1617502		ARPC1B	ENSG00000130429	protein_coding	98971872	98992424		GENE_BODY_OVERLAP	LEVEL2	Ensembl overlap/region GRCh37	GRCh37	2026-09-21	ANNOTATED
CAT-AD	7:98152191-100555361	7	98152191	100555361	-0.0001423302020509	NEGATIVE_DIRECTION_CONCORDANT	rs1133790;rs1617502		PDAP1	ENSG00000106244	protein_coding	98989671	99006452		GENE_BODY_OVERLAP	LEVEL2	Ensembl overlap/region GRCh37	GRCh37	2026-09-21	ANNOTATED
CAT-AD	7:98152191-100555361	7	98152191	100555361	-0.0001423302020509	NEGATIVE_DIRECTION_CONCORDANT	rs1133790;rs1617502		BUD31	ENSG00000106245	protein_coding	99006264	99017239		GENE_BODY_OVERLAP	LEVEL2	Ensembl overlap/region GRCh37	GRCh37	2026-09-21	ANNOTATED
CAT-AD	7:98152191-100555361	7	98152191	100555361	-0.0001423302020509	NEGATIVE_DIRECTION_CONCORDANT	rs1133790;rs1617502		PTCD1	ENSG00000106246	protein_coding	99014362	99063787		GENE_BODY_OVERLAP	LEVEL2	Ensembl overlap/region GRCh37	GRCh37	2026-09-21	ANNOTATED
CAT-AD	7:98152191-100555361	7	98152191	100555361	-0.0001423302020509	NEGATIVE_DIRECTION_CONCORDANT	rs1133790;rs1617502		ATP5J2-PTCD1	ENSG00000248919	protein_coding	99017372	99063820		GENE_BODY_OVERLAP	LEVEL2	Ensembl overlap/region GRCh37	GRCh37	2026-09-21	ANNOTATED
CAT-AD	7:98152191-100555361	7	98152191	100555361	-0.0001423302020509	NEGATIVE_DIRECTION_CONCORDANT	rs1133790;rs1617502		CPSF4	ENSG00000160917	protein_coding	99036545	99054994		GENE_BODY_OVERLAP	LEVEL2	Ensembl overlap/region GRCh37	GRCh37	2026-09-21	ANNOTATED
CAT-AD	7:98152191-100555361	7	98152191	100555361	-0.0001423302020509	NEGATIVE_DIRECTION_CONCORDANT	rs1133790;rs1617502		AC073063.1	ENSG00000214314	protein_coding	99040552	99040747		GENE_BODY_OVERLAP	LEVEL2	Ensembl overlap/region GRCh37	GRCh37	2026-09-21	ANNOTATED
CAT-AD	7:98152191-100555361	7	98152191	100555361	-0.0001423302020509	NEGATIVE_DIRECTION_CONCORDANT	rs1133790;rs1617502		ATP5J2	ENSG00000241468	protein_coding	99046098	99063954		GENE_BODY_OVERLAP	LEVEL2	Ensembl overlap/region GRCh37	GRCh37	2026-09-21	ANNOTATED
CAT-AD	7:98152191-100555361	7	98152191	100555361	-0.0001423302020509	NEGATIVE_DIRECTION_CONCORDANT	rs1133790;rs1617502		ZNF789	ENSG00000198556	protein_coding	99070464	99101273		GENE_BODY_OVERLAP	LEVEL2	Ensembl overlap/region GRCh37	GRCh37	2026-09-21	ANNOTATED
CAT-AD	7:98152191-100555361	7	98152191	100555361	-0.0001423302020509	NEGATIVE_DIRECTION_CONCORDANT	rs1133790;rs1617502		ZNF394	ENSG00000160908	protein_coding	99084142	99097947		GENE_BODY_OVERLAP	LEVEL2	Ensembl overlap/region GRCh37	GRCh37	2026-09-21	ANNOTATED
CAT-AD	7:98152191-100555361	7	98152191	100555361	-0.0001423302020509	NEGATIVE_DIRECTION_CONCORDANT	rs1133790;rs1617502		ZKSCAN5	ENSG00000196652	protein_coding	99102274	99132323		GENE_BODY_OVERLAP	LEVEL2	Ensembl overlap/region GRCh37	GRCh37	2026-09-21	ANNOTATED
CAT-AD	7:98152191-100555361	7	98152191	100555361	-0.0001423302020509	NEGATIVE_DIRECTION_CONCORDANT	rs1133790;rs1617502		FAM200A	ENSG00000221909	protein_coding	99143931	99156159		GENE_BODY_OVERLAP	LEVEL2	Ensembl overlap/region GRCh37	GRCh37	2026-09-21	ANNOTATED
CAT-AD	7:98152191-100555361	7	98152191	100555361	-0.0001423302020509	NEGATIVE_DIRECTION_CONCORDANT	rs1133790;rs1617502		ZNF655	ENSG00000197343	protein_coding	99156029	99174076		GENE_BODY_OVERLAP	LEVEL2	Ensembl overlap/region GRCh37	GRCh37	2026-09-21	ANNOTATED
CAT-AD	7:98152191-100555361	7	98152191	100555361	-0.0001423302020509	NEGATIVE_DIRECTION_CONCORDANT	rs1133790;rs1617502		GS1-259H13.10	ENSG00000272647	protein_coding	99156291	99205433		GENE_BODY_OVERLAP	LEVEL2	Ensembl overlap/region GRCh37	GRCh37	2026-09-21	ANNOTATED
AMD-CAD	7:98152191-100555361	7	98152191	100555361	-0.0003931385560226	NEGATIVE_DIRECTION_CONCORDANT	rs1133790	99632982	ZKSCAN1	ENSG00000106261	protein_coding	99613204	99639312	0	NEAREST_PROTEIN_CODING_GENE	LEVEL3	Ensembl overlap/region GRCh37	GRCh37	2026-09-21	ANNOTATED
CAT-AD	7:98152191-100555361	7	98152191	100555361	-0.0001423302020509	NEGATIVE_DIRECTION_CONCORDANT	rs1617502	99809835	GATS	ENSG00000160844	protein_coding	99798283	99869855	0	NEAREST_PROTEIN_CODING_GENE	LEVEL3	Ensembl overlap/region GRCh37	GRCh37	2026-09-21	ANNOTATED
CAT-AD	7:98152191-100555361	7	98152191	100555361	-0.0001423302020509	NEGATIVE_DIRECTION_CONCORDANT	rs1617502	99809835	STAG3	ENSG00000066923	protein_coding	99775186	99819111	0	NEAREST_PROTEIN_CODING_GENE	LEVEL3	Ensembl overlap/region GRCh37	GRCh37	2026-09-21	ANNOTATED
CAT-AD	11:59620206-61870732	11	59620206	61870732	-0.0002600201408	NEGATIVE_DIRECTION_CONCORDANT	rs4939330;rs558678;rs76834192		TCN1	ENSG00000134827	protein_coding	59620273	59634048		GENE_BODY_OVERLAP	LEVEL2	Ensembl overlap/region GRCh37	GRCh37	2026-09-21	ANNOTATED
CAT-AD	11:59620206-61870732	11	59620206	61870732	-0.0002600201408	NEGATIVE_DIRECTION_CONCORDANT	rs4939330;rs558678;rs76834192		OOSP1	ENSG00000214788	protein_coding	59705928	59712807		GENE_BODY_OVERLAP	LEVEL2	Ensembl overlap/region GRCh37	GRCh37	2026-09-21	ANNOTATED
CAT-AD	11:59620206-61870732	11	59620206	61870732	-0.0002600201408	NEGATIVE_DIRECTION_CONCORDANT	rs4939330;rs558678;rs76834192		OOSP2	ENSG00000149507	protein_coding	59807748	59815517		GENE_BODY_OVERLAP	LEVEL2	Ensembl overlap/region GRCh37	GRCh37	2026-09-21	ANNOTATED
CAT-AD	11:59620206-61870732	11	59620206	61870732	-0.0002600201408	NEGATIVE_DIRECTION_CONCORDANT	rs4939330;rs558678;rs76834192		MS4A3	ENSG00000149516	protein_coding	59824060	59838601		GENE_BODY_OVERLAP	LEVEL2	Ensembl overlap/region GRCh37	GRCh37	2026-09-21	ANNOTATED
CAT-AD	11:59620206-61870732	11	59620206	61870732	-0.0002600201408	NEGATIVE_DIRECTION_CONCORDANT	rs4939330;rs558678;rs76834192		MS4A2	ENSG00000149534	protein_coding	59855734	59863444		GENE_BODY_OVERLAP	LEVEL2	Ensembl overlap/region GRCh37	GRCh37	2026-09-21	ANNOTATED
CAT-AD	11:59620206-61870732	11	59620206	61870732	-0.0002600201408	NEGATIVE_DIRECTION_CONCORDANT	rs4939330;rs558678;rs76834192		MS4A6A	ENSG00000110077	protein_coding	59939081	59952139		GENE_BODY_OVERLAP	LEVEL2	Ensembl overlap/region GRCh37	GRCh37	2026-09-21	ANNOTATED
CAT-AD	11:59620206-61870732	11	59620206	61870732	-0.0002600201408	NEGATIVE_DIRECTION_CONCORDANT	rs4939330;rs558678;rs76834192		MS4A4E	ENSG00000214787	protein_coding	59968726	60010561		GENE_BODY_OVERLAP	LEVEL2	Ensembl overlap/region GRCh37	GRCh37	2026-09-21	ANNOTATED
CAT-AD	11:59620206-61870732	11	59620206	61870732	-0.0002600201408	NEGATIVE_DIRECTION_CONCORDANT	rs4939330;rs558678;rs76834192		MS4A4A	ENSG00000110079	protein_coding	60048014	60076445		GENE_BODY_OVERLAP	LEVEL2	Ensembl overlap/region GRCh37	GRCh37	2026-09-21	ANNOTATED
CAT-AD	11:59620206-61870732	11	59620206	61870732	-0.0002600201408	NEGATIVE_DIRECTION_CONCORDANT	rs4939330;rs558678;rs76834192		MS4A6E	ENSG00000166926	protein_coding	60102304	60164069		GENE_BODY_OVERLAP	LEVEL2	Ensembl overlap/region GRCh37	GRCh37	2026-09-21	ANNOTATED
CAT-AD	11:59620206-61870732	11	59620206	61870732	-0.0002600201408	NEGATIVE_DIRECTION_CONCORDANT	rs4939330;rs558678;rs76834192		MS4A7	ENSG00000166927	protein_coding	60145955	60163424		GENE_BODY_OVERLAP	LEVEL2	Ensembl overlap/region GRCh37	GRCh37	2026-09-21	ANNOTATED
CAT-AD	11:59620206-61870732	11	59620206	61870732	-0.0002600201408	NEGATIVE_DIRECTION_CONCORDANT	rs4939330;rs558678;rs76834192		MS4A14	ENSG00000166928	protein_coding	60146003	60185161		GENE_BODY_OVERLAP	LEVEL2	Ensembl overlap/region GRCh37	GRCh37	2026-09-21	ANNOTATED
CAT-AD	11:59620206-61870732	11	59620206	61870732	-0.0002600201408	NEGATIVE_DIRECTION_CONCORDANT	rs4939330;rs558678;rs76834192		MS4A5	ENSG00000166930	protein_coding	60197062	60222687		GENE_BODY_OVERLAP	LEVEL2	Ensembl overlap/region GRCh37	GRCh37	2026-09-21	ANNOTATED
CAT-AD	11:59620206-61870732	11	59620206	61870732	-0.0002600201408	NEGATIVE_DIRECTION_CONCORDANT	rs4939330;rs558678;rs76834192		MS4A1	ENSG00000156738	protein_coding	60223225	60238233		GENE_BODY_OVERLAP	LEVEL2	Ensembl overlap/region GRCh37	GRCh37	2026-09-21	ANNOTATED
CAT-AD	11:59620206-61870732	11	59620206	61870732	-0.0002600201408	NEGATIVE_DIRECTION_CONCORDANT	rs4939330;rs558678;rs76834192		MS4A12	ENSG00000071203	protein_coding	60260251	60274903		GENE_BODY_OVERLAP	LEVEL2	Ensembl overlap/region GRCh37	GRCh37	2026-09-21	ANNOTATED
CAT-AD	11:59620206-61870732	11	59620206	61870732	-0.0002600201408	NEGATIVE_DIRECTION_CONCORDANT	rs4939330;rs558678;rs76834192		MS4A13	ENSG00000204979	protein_coding	60282886	60310194		GENE_BODY_OVERLAP	LEVEL2	Ensembl overlap/region GRCh37	GRCh37	2026-09-21	ANNOTATED
CAT-AD	11:59620206-61870732	11	59620206	61870732	-0.0002600201408	NEGATIVE_DIRECTION_CONCORDANT	rs4939330;rs558678;rs76834192		MS4A8	ENSG00000166959	protein_coding	60467047	60483284		GENE_BODY_OVERLAP	LEVEL2	Ensembl overlap/region GRCh37	GRCh37	2026-09-21	ANNOTATED
CAT-AD	11:59620206-61870732	11	59620206	61870732	-0.0002600201408	NEGATIVE_DIRECTION_CONCORDANT	rs4939330;rs558678;rs76834192		MS4A18	ENSG00000214782	protein_coding	60496789	60511685		GENE_BODY_OVERLAP	LEVEL2	Ensembl overlap/region GRCh37	GRCh37	2026-09-21	ANNOTATED
CAT-AD	11:59620206-61870732	11	59620206	61870732	-0.0002600201408	NEGATIVE_DIRECTION_CONCORDANT	rs4939330;rs558678;rs76834192		MS4A15	ENSG00000166961	protein_coding	60524426	60544205		GENE_BODY_OVERLAP	LEVEL2	Ensembl overlap/region GRCh37	GRCh37	2026-09-21	ANNOTATED
CAT-AD	11:59620206-61870732	11	59620206	61870732	-0.0002600201408	NEGATIVE_DIRECTION_CONCORDANT	rs4939330;rs558678;rs76834192		MS4A10	ENSG00000172689	protein_coding	60552821	60568778		GENE_BODY_OVERLAP	LEVEL2	Ensembl overlap/region GRCh37	GRCh37	2026-09-21	ANNOTATED
CAT-AD	11:59620206-61870732	11	59620206	61870732	-0.0002600201408	NEGATIVE_DIRECTION_CONCORDANT	rs4939330;rs558678;rs76834192		CCDC86	ENSG00000110104	protein_coding	60609544	60618554		GENE_BODY_OVERLAP	LEVEL2	Ensembl overlap/region GRCh37	GRCh37	2026-09-21	ANNOTATED
CAT-AD	11:59620206-61870732	11	59620206	61870732	-0.0002600201408	NEGATIVE_DIRECTION_CONCORDANT	rs4939330;rs558678;rs76834192		PTGDR2	ENSG00000183134	protein_coding	60618413	60623444		GENE_BODY_OVERLAP	LEVEL2	Ensembl overlap/region GRCh37	GRCh37	2026-09-21	ANNOTATED
CAT-AD	11:59620206-61870732	11	59620206	61870732	-0.0002600201408	NEGATIVE_DIRECTION_CONCORDANT	rs4939330;rs558678;rs76834192		ZP1	ENSG00000149506	protein_coding	60635035	60643166		GENE_BODY_OVERLAP	LEVEL2	Ensembl overlap/region GRCh37	GRCh37	2026-09-21	ANNOTATED
CAT-AD	11:59620206-61870732	11	59620206	61870732	-0.0002600201408	NEGATIVE_DIRECTION_CONCORDANT	rs4939330;rs558678;rs76834192		PRPF19	ENSG00000110107	protein_coding	60658202	60674060		GENE_BODY_OVERLAP	LEVEL2	Ensembl overlap/region GRCh37	GRCh37	2026-09-21	ANNOTATED
CAT-AD	11:59620206-61870732	11	59620206	61870732	-0.0002600201408	NEGATIVE_DIRECTION_CONCORDANT	rs4939330;rs558678;rs76834192		TMEM109	ENSG00000110108	protein_coding	60681346	60690915		GENE_BODY_OVERLAP	LEVEL2	Ensembl overlap/region GRCh37	GRCh37	2026-09-21	ANNOTATED
CAT-AD	11:59620206-61870732	11	59620206	61870732	-0.0002600201408	NEGATIVE_DIRECTION_CONCORDANT	rs4939330;rs558678;rs76834192		TMEM132A	ENSG00000006118	protein_coding	60691935	60704631		GENE_BODY_OVERLAP	LEVEL2	Ensembl overlap/region GRCh37	GRCh37	2026-09-21	ANNOTATED
CAT-AD	11:59620206-61870732	11	59620206	61870732	-0.0002600201408	NEGATIVE_DIRECTION_CONCORDANT	rs4939330;rs558678;rs76834192		SLC15A3	ENSG00000110446	protein_coding	60704556	60720002		GENE_BODY_OVERLAP	LEVEL2	Ensembl overlap/region GRCh37	GRCh37	2026-09-21	ANNOTATED
CAT-AD	11:59620206-61870732	11	59620206	61870732	-0.0002600201408	NEGATIVE_DIRECTION_CONCORDANT	rs4939330;rs558678;rs76834192		CD6	ENSG00000013725	protein_coding	60739115	60787849		GENE_BODY_OVERLAP	LEVEL2	Ensembl overlap/region GRCh37	GRCh37	2026-09-21	ANNOTATED
CAT-AD	11:59620206-61870732	11	59620206	61870732	-0.0002600201408	NEGATIVE_DIRECTION_CONCORDANT	rs4939330;rs558678;rs76834192		CD5	ENSG00000110448	protein_coding	60869867	60895324		GENE_BODY_OVERLAP	LEVEL2	Ensembl overlap/region GRCh37	GRCh37	2026-09-21	ANNOTATED
CAT-AD	11:59620206-61870732	11	59620206	61870732	-0.0002600201408	NEGATIVE_DIRECTION_CONCORDANT	rs4939330;rs558678;rs76834192		VPS37C	ENSG00000167987	protein_coding	60897728	60929089		GENE_BODY_OVERLAP	LEVEL2	Ensembl overlap/region GRCh37	GRCh37	2026-09-21	ANNOTATED
CAT-AD	11:59620206-61870732	11	59620206	61870732	-0.0002600201408	NEGATIVE_DIRECTION_CONCORDANT	rs4939330;rs558678;rs76834192		PGA3	ENSG00000229859	protein_coding	60970779	60980570		GENE_BODY_OVERLAP	LEVEL2	Ensembl overlap/region GRCh37	GRCh37	2026-09-21	ANNOTATED
CAT-AD	11:59620206-61870732	11	59620206	61870732	-0.0002600201408	NEGATIVE_DIRECTION_CONCORDANT	rs4939330;rs558678;rs76834192		PGA4	ENSG00000229183	protein_coding	60989688	61018929		GENE_BODY_OVERLAP	LEVEL2	Ensembl overlap/region GRCh37	GRCh37	2026-09-21	ANNOTATED
CAT-AD	11:59620206-61870732	11	59620206	61870732	-0.0002600201408	NEGATIVE_DIRECTION_CONCORDANT	rs4939330;rs558678;rs76834192		PGA5	ENSG00000256713	protein_coding	61008514	61018920		GENE_BODY_OVERLAP	LEVEL2	Ensembl overlap/region GRCh37	GRCh37	2026-09-21	ANNOTATED
CAT-AD	11:59620206-61870732	11	59620206	61870732	-0.0002600201408	NEGATIVE_DIRECTION_CONCORDANT	rs4939330;rs558678;rs76834192		VWCE	ENSG00000167992	protein_coding	61025762	61062896		GENE_BODY_OVERLAP	LEVEL2	Ensembl overlap/region GRCh37	GRCh37	2026-09-21	ANNOTATED
CAT-AD	11:59620206-61870732	11	59620206	61870732	-0.0002600201408	NEGATIVE_DIRECTION_CONCORDANT	rs4939330;rs558678;rs76834192		DDB1	ENSG00000167986	protein_coding	61066923	61110068		GENE_BODY_OVERLAP	LEVEL2	Ensembl overlap/region GRCh37	GRCh37	2026-09-21	ANNOTATED
CAT-AD	11:59620206-61870732	11	59620206	61870732	-0.0002600201408	NEGATIVE_DIRECTION_CONCORDANT	rs4939330;rs558678;rs76834192		DAK	ENSG00000149476	protein_coding	61100682	61120767		GENE_BODY_OVERLAP	LEVEL2	Ensembl overlap/region GRCh37	GRCh37	2026-09-21	ANNOTATED
CAT-AD	11:59620206-61870732	11	59620206	61870732	-0.0002600201408	NEGATIVE_DIRECTION_CONCORDANT	rs4939330;rs558678;rs76834192		CYB561A3	ENSG00000162144	protein_coding	61116217	61129771		GENE_BODY_OVERLAP	LEVEL2	Ensembl overlap/region GRCh37	GRCh37	2026-09-21	ANNOTATED
CAT-AD	11:59620206-61870732	11	59620206	61870732	-0.0002600201408	NEGATIVE_DIRECTION_CONCORDANT	rs4939330;rs558678;rs76834192		TMEM138	ENSG00000149483	protein_coding	61129473	61136981		GENE_BODY_OVERLAP	LEVEL2	Ensembl overlap/region GRCh37	GRCh37	2026-09-21	ANNOTATED
CAT-AD	11:59620206-61870732	11	59620206	61870732	-0.0002600201408	NEGATIVE_DIRECTION_CONCORDANT	rs4939330;rs558678;rs76834192		TMEM216	ENSG00000187049	protein_coding	61159159	61166335		GENE_BODY_OVERLAP	LEVEL2	Ensembl overlap/region GRCh37	GRCh37	2026-09-21	ANNOTATED
CAT-AD	11:59620206-61870732	11	59620206	61870732	-0.0002600201408	NEGATIVE_DIRECTION_CONCORDANT	rs4939330;rs558678;rs76834192		CPSF7	ENSG00000149532	protein_coding	61170121	61197503		GENE_BODY_OVERLAP	LEVEL2	Ensembl overlap/region GRCh37	GRCh37	2026-09-21	ANNOTATED
CAT-AD	11:59620206-61870732	11	59620206	61870732	-0.0002600201408	NEGATIVE_DIRECTION_CONCORDANT	rs4939330;rs558678;rs76834192		RP11-286N22.8	ENSG00000256591	protein_coding	61196692	61253294		GENE_BODY_OVERLAP	LEVEL2	Ensembl overlap/region GRCh37	GRCh37	2026-09-21	ANNOTATED
CAT-AD	11:59620206-61870732	11	59620206	61870732	-0.0002600201408	NEGATIVE_DIRECTION_CONCORDANT	rs4939330;rs558678;rs76834192		SDHAF2	ENSG00000167985	protein_coding	61197514	61215001		GENE_BODY_OVERLAP	LEVEL2	Ensembl overlap/region GRCh37	GRCh37	2026-09-21	ANNOTATED
CAT-AD	11:59620206-61870732	11	59620206	61870732	-0.0002600201408	NEGATIVE_DIRECTION_CONCORDANT	rs4939330;rs558678;rs76834192		PPP1R32	ENSG00000162148	protein_coding	61248592	61258403		GENE_BODY_OVERLAP	LEVEL2	Ensembl overlap/region GRCh37	GRCh37	2026-09-21	ANNOTATED
CAT-AD	11:59620206-61870732	11	59620206	61870732	-0.0002600201408	NEGATIVE_DIRECTION_CONCORDANT	rs4939330;rs558678;rs76834192		LRRC10B	ENSG00000204950	protein_coding	61276272	61278482		GENE_BODY_OVERLAP	LEVEL2	Ensembl overlap/region GRCh37	GRCh37	2026-09-21	ANNOTATED
CAT-AD	11:59620206-61870732	11	59620206	61870732	-0.0002600201408	NEGATIVE_DIRECTION_CONCORDANT	rs4939330;rs558678;rs76834192		SYT7	ENSG00000011347	protein_coding	61282785	61348620		GENE_BODY_OVERLAP	LEVEL2	Ensembl overlap/region GRCh37	GRCh37	2026-09-21	ANNOTATED
CAT-AD	11:59620206-61870732	11	59620206	61870732	-0.0002600201408	NEGATIVE_DIRECTION_CONCORDANT	rs4939330;rs558678;rs76834192		DAGLA	ENSG00000134780	protein_coding	61447905	61514473		GENE_BODY_OVERLAP	LEVEL2	Ensembl overlap/region GRCh37	GRCh37	2026-09-21	ANNOTATED
CAT-AD	11:59620206-61870732	11	59620206	61870732	-0.0002600201408	NEGATIVE_DIRECTION_CONCORDANT	rs4939330;rs558678;rs76834192		MYRF	ENSG00000124920	protein_coding	61520114	61555990		GENE_BODY_OVERLAP	LEVEL2	Ensembl overlap/region GRCh37	GRCh37	2026-09-21	ANNOTATED
CAT-AD	11:59620206-61870732	11	59620206	61870732	-0.0002600201408	NEGATIVE_DIRECTION_CONCORDANT	rs4939330;rs558678;rs76834192		TMEM258	ENSG00000134825	protein_coding	61535973	61560274		GENE_BODY_OVERLAP	LEVEL2	Ensembl overlap/region GRCh37	GRCh37	2026-09-21	ANNOTATED
CAT-AD	11:59620206-61870732	11	59620206	61870732	-0.0002600201408	NEGATIVE_DIRECTION_CONCORDANT	rs4939330;rs558678;rs76834192		FEN1	ENSG00000168496	protein_coding	61560109	61564716		GENE_BODY_OVERLAP	LEVEL2	Ensembl overlap/region GRCh37	GRCh37	2026-09-21	ANNOTATED
CAT-AD	11:59620206-61870732	11	59620206	61870732	-0.0002600201408	NEGATIVE_DIRECTION_CONCORDANT	rs4939330;rs558678;rs76834192		FADS2	ENSG00000134824	protein_coding	61560452	61634826		GENE_BODY_OVERLAP	LEVEL2	Ensembl overlap/region GRCh37	GRCh37	2026-09-21	ANNOTATED
CAT-AD	11:59620206-61870732	11	59620206	61870732	-0.0002600201408	NEGATIVE_DIRECTION_CONCORDANT	rs4939330;rs558678;rs76834192		FADS1	ENSG00000149485	protein_coding	61567099	61596790		GENE_BODY_OVERLAP	LEVEL2	Ensembl overlap/region GRCh37	GRCh37	2026-09-21	ANNOTATED
CAT-AD	11:59620206-61870732	11	59620206	61870732	-0.0002600201408	NEGATIVE_DIRECTION_CONCORDANT	rs4939330;rs558678;rs76834192		FADS3	ENSG00000221968	protein_coding	61640991	61659523		GENE_BODY_OVERLAP	LEVEL2	Ensembl overlap/region GRCh37	GRCh37	2026-09-21	ANNOTATED
CAT-AD	11:59620206-61870732	11	59620206	61870732	-0.0002600201408	NEGATIVE_DIRECTION_CONCORDANT	rs4939330;rs558678;rs76834192		RAB3IL1	ENSG00000167994	protein_coding	61664773	61687741		GENE_BODY_OVERLAP	LEVEL2	Ensembl overlap/region GRCh37	GRCh37	2026-09-21	ANNOTATED
CAT-AD	11:59620206-61870732	11	59620206	61870732	-0.0002600201408	NEGATIVE_DIRECTION_CONCORDANT	rs4939330;rs558678;rs76834192		BEST1	ENSG00000167995	protein_coding	61717293	61732987		GENE_BODY_OVERLAP	LEVEL2	Ensembl overlap/region GRCh37	GRCh37	2026-09-21	ANNOTATED
CAT-AD	11:59620206-61870732	11	59620206	61870732	-0.0002600201408	NEGATIVE_DIRECTION_CONCORDANT	rs4939330;rs558678;rs76834192		FTH1	ENSG00000167996	protein_coding	61727190	61735132		GENE_BODY_OVERLAP	LEVEL2	Ensembl overlap/region GRCh37	GRCh37	2026-09-21	ANNOTATED
CAT-AD	11:59620206-61870732	11	59620206	61870732	-0.0002600201408	NEGATIVE_DIRECTION_CONCORDANT	rs4939330;rs558678;rs76834192		AP003733.1	ENSG00000269089	protein_coding	61735453	61736755		GENE_BODY_OVERLAP	LEVEL2	Ensembl overlap/region GRCh37	GRCh37	2026-09-21	ANNOTATED
CAT-AD	11:59620206-61870732	11	59620206	61870732	-0.0002600201408	NEGATIVE_DIRECTION_CONCORDANT	rs558678	59852113	MS4A2	ENSG00000149534	protein_coding	59855734	59863444	3621	NEAREST_PROTEIN_CODING_GENE	LEVEL3	Ensembl overlap/region GRCh37	GRCh37	2026-09-21	ANNOTATED
CAT-AD	11:59620206-61870732	11	59620206	61870732	-0.0002600201408	NEGATIVE_DIRECTION_CONCORDANT	rs76834192	59766312	OOSP2	ENSG00000149507	protein_coding	59807748	59815517	41436	NEAREST_PROTEIN_CODING_GENE	LEVEL3	Ensembl overlap/region GRCh37	GRCh37	2026-09-21	ANNOTATED
CAT-AD	11:59620206-61870732	11	59620206	61870732	-0.0002600201408	NEGATIVE_DIRECTION_CONCORDANT	rs4939330	60049407	MS4A4A	ENSG00000110079	protein_coding	60048014	60076445	0	NEAREST_PROTEIN_CODING_GENE	LEVEL3	Ensembl overlap/region GRCh37	GRCh37	2026-09-21	ANNOTATED
CAT-PD	17:14860784-16319512	17	14860784	16319512	-0.0004103230473073	NEGATIVE_DIRECTION_CONCORDANT	rs4566208		PMP22	ENSG00000109099	protein_coding	15133095	15168643		GENE_BODY_OVERLAP	LEVEL2	Ensembl overlap/region GRCh37	GRCh37	2026-09-21	ANNOTATED
CAT-PD	17:14860784-16319512	17	14860784	16319512	-0.0004103230473073	NEGATIVE_DIRECTION_CONCORDANT	rs4566208		TEKT3	ENSG00000125409	protein_coding	15207128	15244958		GENE_BODY_OVERLAP	LEVEL2	Ensembl overlap/region GRCh37	GRCh37	2026-09-21	ANNOTATED
CAT-PD	17:14860784-16319512	17	14860784	16319512	-0.0004103230473073	NEGATIVE_DIRECTION_CONCORDANT	rs4566208		CDRT4	ENSG00000239704	protein_coding	15339332	15406922		GENE_BODY_OVERLAP	LEVEL2	Ensembl overlap/region GRCh37	GRCh37	2026-09-21	ANNOTATED
CAT-PD	17:14860784-16319512	17	14860784	16319512	-0.0004103230473073	NEGATIVE_DIRECTION_CONCORDANT	rs4566208		TVP23C-CDRT4	ENSG00000259024	protein_coding	15339338	15466875		GENE_BODY_OVERLAP	LEVEL2	Ensembl overlap/region GRCh37	GRCh37	2026-09-21	ANNOTATED
CAT-PD	17:14860784-16319512	17	14860784	16319512	-0.0004103230473073	NEGATIVE_DIRECTION_CONCORDANT	rs4566208		TVP23C	ENSG00000175106	protein_coding	15341205	15466909		GENE_BODY_OVERLAP	LEVEL2	Ensembl overlap/region GRCh37	GRCh37	2026-09-21	ANNOTATED
CAT-PD	17:14860784-16319512	17	14860784	16319512	-0.0004103230473073	NEGATIVE_DIRECTION_CONCORDANT	rs4566208		CDRT1	ENSG00000181464	protein_coding	15468797	15469590		GENE_BODY_OVERLAP	LEVEL2	Ensembl overlap/region GRCh37	GRCh37	2026-09-21	ANNOTATED
CAT-PD	17:14860784-16319512	17	14860784	16319512	-0.0004103230473073	NEGATIVE_DIRECTION_CONCORDANT	rs4566208		CDRT1	ENSG00000241322	protein_coding	15468798	15522826		GENE_BODY_OVERLAP	LEVEL2	Ensembl overlap/region GRCh37	GRCh37	2026-09-21	ANNOTATED
CAT-PD	17:14860784-16319512	17	14860784	16319512	-0.0004103230473073	NEGATIVE_DIRECTION_CONCORDANT	rs4566208		RP11-385D13.1	ENSG00000251537	protein_coding	15474805	15554967		GENE_BODY_OVERLAP	LEVEL2	Ensembl overlap/region GRCh37	GRCh37	2026-09-21	ANNOTATED
CAT-PD	17:14860784-16319512	17	14860784	16319512	-0.0004103230473073	NEGATIVE_DIRECTION_CONCORDANT	rs4566208		TRIM16	ENSG00000221926	protein_coding	15531274	15587625		GENE_BODY_OVERLAP	LEVEL2	Ensembl overlap/region GRCh37	GRCh37	2026-09-21	ANNOTATED
CAT-PD	17:14860784-16319512	17	14860784	16319512	-0.0004103230473073	NEGATIVE_DIRECTION_CONCORDANT	rs4566208		ZNF286A	ENSG00000187607	protein_coding	15602891	15640874		GENE_BODY_OVERLAP	LEVEL2	Ensembl overlap/region GRCh37	GRCh37	2026-09-21	ANNOTATED
CAT-PD	17:14860784-16319512	17	14860784	16319512	-0.0004103230473073	NEGATIVE_DIRECTION_CONCORDANT	rs4566208		ZNF286A	ENSG00000255104	protein_coding	15603006	15648092		GENE_BODY_OVERLAP	LEVEL2	Ensembl overlap/region GRCh37	GRCh37	2026-09-21	ANNOTATED
CAT-PD	17:14860784-16319512	17	14860784	16319512	-0.0004103230473073	NEGATIVE_DIRECTION_CONCORDANT	rs4566208		TBC1D26	ENSG00000214946	protein_coding	15635561	15649476		GENE_BODY_OVERLAP	LEVEL2	Ensembl overlap/region GRCh37	GRCh37	2026-09-21	ANNOTATED
CAT-PD	17:14860784-16319512	17	14860784	16319512	-0.0004103230473073	NEGATIVE_DIRECTION_CONCORDANT	rs4566208		ADORA2B	ENSG00000170425	protein_coding	15848231	15879060		GENE_BODY_OVERLAP	LEVEL2	Ensembl overlap/region GRCh37	GRCh37	2026-09-21	ANNOTATED
CAT-PD	17:14860784-16319512	17	14860784	16319512	-0.0004103230473073	NEGATIVE_DIRECTION_CONCORDANT	rs4566208		ZSWIM7	ENSG00000214941	protein_coding	15879874	15903031		GENE_BODY_OVERLAP	LEVEL2	Ensembl overlap/region GRCh37	GRCh37	2026-09-21	ANNOTATED
CAT-PD	17:14860784-16319512	17	14860784	16319512	-0.0004103230473073	NEGATIVE_DIRECTION_CONCORDANT	rs4566208		TTC19	ENSG00000011295	protein_coding	15902694	15948329		GENE_BODY_OVERLAP	LEVEL2	Ensembl overlap/region GRCh37	GRCh37	2026-09-21	ANNOTATED
CAT-PD	17:14860784-16319512	17	14860784	16319512	-0.0004103230473073	NEGATIVE_DIRECTION_CONCORDANT	rs4566208		NCOR1	ENSG00000141027	protein_coding	15932471	16121499		GENE_BODY_OVERLAP	LEVEL2	Ensembl overlap/region GRCh37	GRCh37	2026-09-21	ANNOTATED
CAT-PD	17:14860784-16319512	17	14860784	16319512	-0.0004103230473073	NEGATIVE_DIRECTION_CONCORDANT	rs4566208		AC002553.1	ENSG00000227782	protein_coding	15943505	15943994		GENE_BODY_OVERLAP	LEVEL2	Ensembl overlap/region GRCh37	GRCh37	2026-09-21	ANNOTATED
CAT-PD	17:14860784-16319512	17	14860784	16319512	-0.0004103230473073	NEGATIVE_DIRECTION_CONCORDANT	rs4566208		PIGL	ENSG00000108474	protein_coding	16120505	16252115		GENE_BODY_OVERLAP	LEVEL2	Ensembl overlap/region GRCh37	GRCh37	2026-09-21	ANNOTATED
CAT-PD	17:14860784-16319512	17	14860784	16319512	-0.0004103230473073	NEGATIVE_DIRECTION_CONCORDANT	rs4566208		CENPV	ENSG00000166582	protein_coding	16245848	16256970		GENE_BODY_OVERLAP	LEVEL2	Ensembl overlap/region GRCh37	GRCh37	2026-09-21	ANNOTATED
CAT-PD	17:14860784-16319512	17	14860784	16319512	-0.0004103230473073	NEGATIVE_DIRECTION_CONCORDANT	rs4566208		UBB	ENSG00000170315	protein_coding	16284112	16286059		GENE_BODY_OVERLAP	LEVEL2	Ensembl overlap/region GRCh37	GRCh37	2026-09-21	ANNOTATED
CAT-PD	17:14860784-16319512	17	14860784	16319512	-0.0004103230473073	NEGATIVE_DIRECTION_CONCORDANT	rs4566208		TRPV2	ENSG00000187688	protein_coding	16318856	16340317		GENE_BODY_OVERLAP	LEVEL2	Ensembl overlap/region GRCh37	GRCh37	2026-09-21	ANNOTATED
CAT-PD	17:14860784-16319512	17	14860784	16319512	-0.0004103230473073	NEGATIVE_DIRECTION_CONCORDANT	rs4566208	16010920	NCOR1	ENSG00000141027	protein_coding	15932471	16121499	0	NEAREST_PROTEIN_CODING_GENE	LEVEL3	Ensembl overlap/region GRCh37	GRCh37	2026-09-21	ANNOTATED
AMD-T2D	5:73508509-75240469	5	73508509	75240469	0.0005999634302436	POSITIVE_DIRECTION_CONCORDANT	rs34358	74965122	ANKDD1B	ENSG00000189045	protein_coding			0	VEP_TRANSCRIPT_CONSEQUENCE	LEVEL1	Ensembl VEP GRCh37 REST	GRCh37	2026-09-21	ANNOTATED
AMD-T2D	5:73508509-75240469	5	73508509	75240469	0.0005999634302436	POSITIVE_DIRECTION_CONCORDANT	rs34358	74965122	ANKDD1B	ENSG00000189045	protein_coding			0	VEP_TRANSCRIPT_CONSEQUENCE	LEVEL1	Ensembl VEP GRCh37 REST	GRCh37	2026-09-21	ANNOTATED
