lead_SNP	input	assembly	vep_release	annotation_date	most_severe_consequence	seq_region_name	start	end	allele_string	consequence	impact	gene_id	gene_symbol	transcript	biotype	protein_position	amino_acids	codons	canonical	distance	regulatory_feature	source	status
rs848132	rs848132	GRCh37	116	2026-09-21	intron_variant	12	111989979	111989979	C/A	intron_variant	MODIFIER	ENSG00000204842	ATXN2	ENST00000377617	protein_coding							Ensembl VEP GRCh37 REST	ANNOTATED
rs848132	rs848132	GRCh37	116	2026-09-21	intron_variant	12	111989979	111989979	C/A	intron_variant	MODIFIER	ENSG00000204842	ATXN2	ENST00000389153	protein_coding							Ensembl VEP GRCh37 REST	ANNOTATED
rs848132	rs848132	GRCh37	116	2026-09-21	intron_variant	12	111989979	111989979	C/A	intron_variant;non_coding_transcript_variant	MODIFIER	ENSG00000204842	ATXN2	ENST00000392645	retained_intron							Ensembl VEP GRCh37 REST	ANNOTATED
rs848132	rs848132	GRCh37	116	2026-09-21	intron_variant	12	111989979	111989979	C/A	intron_variant;non_coding_transcript_variant	MODIFIER	ENSG00000204842	ATXN2	ENST00000471866	retained_intron							Ensembl VEP GRCh37 REST	ANNOTATED
rs848132	rs848132	GRCh37	116	2026-09-21	intron_variant	12	111989979	111989979	C/A	intron_variant;NMD_transcript_variant	MODIFIER	ENSG00000204842	ATXN2	ENST00000483311	nonsense_mediated_decay							Ensembl VEP GRCh37 REST	ANNOTATED
rs848132	rs848132	GRCh37	116	2026-09-21	intron_variant	12	111989979	111989979	C/A	intron_variant	MODIFIER	ENSG00000204842	ATXN2	ENST00000535949	protein_coding							Ensembl VEP GRCh37 REST	ANNOTATED
rs848132	rs848132	GRCh37	116	2026-09-21	intron_variant	12	111989979	111989979	C/A	intron_variant	MODIFIER	ENSG00000204842	ATXN2	ENST00000542287	protein_coding							Ensembl VEP GRCh37 REST	ANNOTATED
rs848132	rs848132	GRCh37	116	2026-09-21	intron_variant	12	111989979	111989979	C/A	intron_variant	MODIFIER	ENSG00000204842	ATXN2	ENST00000548492	protein_coding							Ensembl VEP GRCh37 REST	ANNOTATED
rs848132	rs848132	GRCh37	116	2026-09-21	intron_variant	12	111989979	111989979	C/A	intron_variant;non_coding_transcript_variant	MODIFIER	ENSG00000204842	ATXN2	ENST00000549455	processed_transcript							Ensembl VEP GRCh37 REST	ANNOTATED
rs848132	rs848132	GRCh37	116	2026-09-21	intron_variant	12	111989979	111989979	C/A	intron_variant	MODIFIER	ENSG00000204842	ATXN2	ENST00000550104	protein_coding							Ensembl VEP GRCh37 REST	ANNOTATED
rs848132	rs848132	GRCh37	116	2026-09-21	intron_variant	12	111989979	111989979	C/A	intron_variant	MODIFIER	ENSG00000204842	ATXN2	ENST00000608853	protein_coding							Ensembl VEP GRCh37 REST	ANNOTATED
rs7311681	rs7311681	GRCh37	116	2026-09-21	intron_variant	12	112817847	112817847	T/G	intron_variant	MODIFIER	ENSG00000173064	HECTD4	ENST00000377560	protein_coding							Ensembl VEP GRCh37 REST	ANNOTATED
rs7311681	rs7311681	GRCh37	116	2026-09-21	intron_variant	12	112817847	112817847	T/G	intron_variant	MODIFIER	ENSG00000173064	HECTD4	ENST00000430131	protein_coding							Ensembl VEP GRCh37 REST	ANNOTATED
rs7311681	rs7311681	GRCh37	116	2026-09-21	intron_variant	12	112817847	112817847	T/G	intron_variant	MODIFIER	ENSG00000173064	HECTD4	ENST00000550722	protein_coding							Ensembl VEP GRCh37 REST	ANNOTATED
rs7311681	rs7311681	GRCh37	116	2026-09-21	intron_variant	12	112817847	112817847	T/G	intron_variant	MODIFIER	ENSG00000173064	HECTD4	ENST00000550724	protein_coding							Ensembl VEP GRCh37 REST	ANNOTATED
rs4766453	rs4766453	GRCh37	116	2026-09-21	intron_variant	12	111692124	111692124	C/T	intron_variant	MODIFIER	ENSG00000111249	CUX2	ENST00000261726	protein_coding							Ensembl VEP GRCh37 REST	ANNOTATED
rs4766453	rs4766453	GRCh37	116	2026-09-21	intron_variant	12	111692124	111692124	C/T	intron_variant	MODIFIER	ENSG00000111249	CUX2	ENST00000397643	protein_coding							Ensembl VEP GRCh37 REST	ANNOTATED
rs4766453	rs4766453	GRCh37	116	2026-09-21	intron_variant	12	111692124	111692124	C/T	intron_variant;non_coding_transcript_variant	MODIFIER	ENSG00000111249	CUX2	ENST00000551604	processed_transcript							Ensembl VEP GRCh37 REST	ANNOTATED
rs12828640	rs12828640	GRCh37	116	2026-09-21	upstream_gene_variant	12	111361298	111361298	A/G	upstream_gene_variant	MODIFIER	ENSG00000111245	MYL2	ENST00000228841	protein_coding					2917		Ensembl VEP GRCh37 REST	ANNOTATED
rs12828640	rs12828640	GRCh37	116	2026-09-21	upstream_gene_variant	12	111361298	111361298	A/G	upstream_gene_variant	MODIFIER	ENSG00000111245	MYL2	ENST00000546404	retained_intron					2772		Ensembl VEP GRCh37 REST	ANNOTATED
rs12828640	rs12828640	GRCh37	116	2026-09-21	upstream_gene_variant	12	111361298	111361298	A/G	upstream_gene_variant	MODIFIER	ENSG00000111245	MYL2	ENST00000548438	protein_coding					2919		Ensembl VEP GRCh37 REST	ANNOTATED
rs7202877	rs7202877	GRCh37	116	2026-09-21	intergenic_variant	16	75247245	75247245	T/C/G	intergenic_variant												Ensembl VEP GRCh37 REST	INTERGENIC_ANNOTATION
rs7202877	rs7202877	GRCh37	116	2026-09-21	intergenic_variant	16	75247245	75247245	T/C/G	intergenic_variant												Ensembl VEP GRCh37 REST	INTERGENIC_ANNOTATION
rs4888432	rs4888432	GRCh37	116	2026-09-21	3_prime_UTR_variant	16	75510973	75510973	A/C/G	3_prime_UTR_variant	MODIFIER	ENSG00000183196	CHST6	ENST00000332272	protein_coding							Ensembl VEP GRCh37 REST	ANNOTATED
rs4888432	rs4888432	GRCh37	116	2026-09-21	3_prime_UTR_variant	16	75510973	75510973	A/C/G	3_prime_UTR_variant	MODIFIER	ENSG00000183196	CHST6	ENST00000332272	protein_coding							Ensembl VEP GRCh37 REST	ANNOTATED
rs4888432	rs4888432	GRCh37	116	2026-09-21	3_prime_UTR_variant	16	75510973	75510973	A/C/G	downstream_gene_variant	MODIFIER	ENSG00000183196	CHST6	ENST00000390664	protein_coding					1353		Ensembl VEP GRCh37 REST	ANNOTATED
rs4888432	rs4888432	GRCh37	116	2026-09-21	3_prime_UTR_variant	16	75510973	75510973	A/C/G	downstream_gene_variant	MODIFIER	ENSG00000183196	CHST6	ENST00000390664	protein_coding					1353		Ensembl VEP GRCh37 REST	ANNOTATED
rs4888432	rs4888432	GRCh37	116	2026-09-21	3_prime_UTR_variant	16	75510973	75510973	A/C/G	intron_variant;non_coding_transcript_variant	MODIFIER	ENSG00000203472	RP11-77K12.4	ENST00000530512	antisense							Ensembl VEP GRCh37 REST	ANNOTATED
rs4888432	rs4888432	GRCh37	116	2026-09-21	3_prime_UTR_variant	16	75510973	75510973	A/C/G	intron_variant;non_coding_transcript_variant	MODIFIER	ENSG00000203472	RP11-77K12.4	ENST00000530512	antisense							Ensembl VEP GRCh37 REST	ANNOTATED
rs11241627	rs11241627	GRCh37	116	2026-09-21	intergenic_variant	5	121273302	121273302	C/A/G/T	intergenic_variant												Ensembl VEP GRCh37 REST	INTERGENIC_ANNOTATION
rs11241627	rs11241627	GRCh37	116	2026-09-21	intergenic_variant	5	121273302	121273302	C/A/G/T	intergenic_variant												Ensembl VEP GRCh37 REST	INTERGENIC_ANNOTATION
rs11241627	rs11241627	GRCh37	116	2026-09-21	intergenic_variant	5	121273302	121273302	C/A/G/T	intergenic_variant												Ensembl VEP GRCh37 REST	INTERGENIC_ANNOTATION
rs1133790	rs1133790	GRCh37	116	2026-09-21	3_prime_UTR_variant	7	99632982	99632982	T/C	3_prime_UTR_variant	MODIFIER	ENSG00000106261	ZKSCAN1	ENST00000324306	protein_coding							Ensembl VEP GRCh37 REST	ANNOTATED
rs1133790	rs1133790	GRCh37	116	2026-09-21	3_prime_UTR_variant	7	99632982	99632982	T/C	downstream_gene_variant	MODIFIER	ENSG00000106261	ZKSCAN1	ENST00000426572	protein_coding					1088		Ensembl VEP GRCh37 REST	ANNOTATED
rs1133790	rs1133790	GRCh37	116	2026-09-21	3_prime_UTR_variant	7	99632982	99632982	T/C	3_prime_UTR_variant	MODIFIER	ENSG00000106261	ZKSCAN1	ENST00000535170	protein_coding							Ensembl VEP GRCh37 REST	ANNOTATED
rs1133790	rs1133790	GRCh37	116	2026-09-21	3_prime_UTR_variant	7	99632982	99632982	T/C	regulatory_region_variant	MODIFIER										ENSR7_BPT2P	Ensembl VEP GRCh37 REST	REGULATORY_ANNOTATION
rs653178	rs653178	GRCh37	116	2026-09-21	intron_variant	12	112007756	112007756	C/G/T	intron_variant	MODIFIER	ENSG00000204842	ATXN2	ENST00000377617	protein_coding							Ensembl VEP GRCh37 REST	ANNOTATED
rs653178	rs653178	GRCh37	116	2026-09-21	intron_variant	12	112007756	112007756	C/G/T	intron_variant	MODIFIER	ENSG00000204842	ATXN2	ENST00000377617	protein_coding							Ensembl VEP GRCh37 REST	ANNOTATED
rs653178	rs653178	GRCh37	116	2026-09-21	intron_variant	12	112007756	112007756	C/G/T	intron_variant	MODIFIER	ENSG00000204842	ATXN2	ENST00000389153	protein_coding							Ensembl VEP GRCh37 REST	ANNOTATED
rs653178	rs653178	GRCh37	116	2026-09-21	intron_variant	12	112007756	112007756	C/G/T	intron_variant	MODIFIER	ENSG00000204842	ATXN2	ENST00000389153	protein_coding							Ensembl VEP GRCh37 REST	ANNOTATED
rs653178	rs653178	GRCh37	116	2026-09-21	intron_variant	12	112007756	112007756	C/G/T	intron_variant;non_coding_transcript_variant	MODIFIER	ENSG00000204842	ATXN2	ENST00000392645	retained_intron							Ensembl VEP GRCh37 REST	ANNOTATED
rs653178	rs653178	GRCh37	116	2026-09-21	intron_variant	12	112007756	112007756	C/G/T	intron_variant;non_coding_transcript_variant	MODIFIER	ENSG00000204842	ATXN2	ENST00000392645	retained_intron							Ensembl VEP GRCh37 REST	ANNOTATED
rs653178	rs653178	GRCh37	116	2026-09-21	intron_variant	12	112007756	112007756	C/G/T	intron_variant;NMD_transcript_variant	MODIFIER	ENSG00000204842	ATXN2	ENST00000483311	nonsense_mediated_decay							Ensembl VEP GRCh37 REST	ANNOTATED
rs653178	rs653178	GRCh37	116	2026-09-21	intron_variant	12	112007756	112007756	C/G/T	intron_variant;NMD_transcript_variant	MODIFIER	ENSG00000204842	ATXN2	ENST00000483311	nonsense_mediated_decay							Ensembl VEP GRCh37 REST	ANNOTATED
rs653178	rs653178	GRCh37	116	2026-09-21	intron_variant	12	112007756	112007756	C/G/T	intron_variant	MODIFIER	ENSG00000204842	ATXN2	ENST00000535949	protein_coding							Ensembl VEP GRCh37 REST	ANNOTATED
rs653178	rs653178	GRCh37	116	2026-09-21	intron_variant	12	112007756	112007756	C/G/T	intron_variant	MODIFIER	ENSG00000204842	ATXN2	ENST00000535949	protein_coding							Ensembl VEP GRCh37 REST	ANNOTATED
rs653178	rs653178	GRCh37	116	2026-09-21	intron_variant	12	112007756	112007756	C/G/T	intron_variant	MODIFIER	ENSG00000204842	ATXN2	ENST00000542287	protein_coding							Ensembl VEP GRCh37 REST	ANNOTATED
rs653178	rs653178	GRCh37	116	2026-09-21	intron_variant	12	112007756	112007756	C/G/T	intron_variant	MODIFIER	ENSG00000204842	ATXN2	ENST00000542287	protein_coding							Ensembl VEP GRCh37 REST	ANNOTATED
rs653178	rs653178	GRCh37	116	2026-09-21	intron_variant	12	112007756	112007756	C/G/T	intron_variant	MODIFIER	ENSG00000204842	ATXN2	ENST00000548492	protein_coding							Ensembl VEP GRCh37 REST	ANNOTATED
rs653178	rs653178	GRCh37	116	2026-09-21	intron_variant	12	112007756	112007756	C/G/T	intron_variant	MODIFIER	ENSG00000204842	ATXN2	ENST00000548492	protein_coding							Ensembl VEP GRCh37 REST	ANNOTATED
rs653178	rs653178	GRCh37	116	2026-09-21	intron_variant	12	112007756	112007756	C/G/T	intron_variant;non_coding_transcript_variant	MODIFIER	ENSG00000204842	ATXN2	ENST00000549455	processed_transcript							Ensembl VEP GRCh37 REST	ANNOTATED
rs653178	rs653178	GRCh37	116	2026-09-21	intron_variant	12	112007756	112007756	C/G/T	intron_variant;non_coding_transcript_variant	MODIFIER	ENSG00000204842	ATXN2	ENST00000549455	processed_transcript							Ensembl VEP GRCh37 REST	ANNOTATED
rs653178	rs653178	GRCh37	116	2026-09-21	intron_variant	12	112007756	112007756	C/G/T	intron_variant	MODIFIER	ENSG00000204842	ATXN2	ENST00000550104	protein_coding							Ensembl VEP GRCh37 REST	ANNOTATED
rs653178	rs653178	GRCh37	116	2026-09-21	intron_variant	12	112007756	112007756	C/G/T	intron_variant	MODIFIER	ENSG00000204842	ATXN2	ENST00000550104	protein_coding							Ensembl VEP GRCh37 REST	ANNOTATED
rs653178	rs653178	GRCh37	116	2026-09-21	intron_variant	12	112007756	112007756	C/G/T	intron_variant	MODIFIER	ENSG00000204842	ATXN2	ENST00000608853	protein_coding							Ensembl VEP GRCh37 REST	ANNOTATED
rs653178	rs653178	GRCh37	116	2026-09-21	intron_variant	12	112007756	112007756	C/G/T	intron_variant	MODIFIER	ENSG00000204842	ATXN2	ENST00000608853	protein_coding							Ensembl VEP GRCh37 REST	ANNOTATED
rs653178	rs653178	GRCh37	116	2026-09-21	intron_variant	12	112007756	112007756	C/G/T	regulatory_region_variant	MODIFIER										ENSR12_BS5SH	Ensembl VEP GRCh37 REST	REGULATORY_ANNOTATION
rs653178	rs653178	GRCh37	116	2026-09-21	intron_variant	12	112007756	112007756	C/G/T	regulatory_region_variant	MODIFIER										ENSR12_BS5SH	Ensembl VEP GRCh37 REST	REGULATORY_ANNOTATION
rs6966728	rs6966728	GRCh37	116	2026-09-21	intron_variant	7	104618318	104618318	C/G/T	downstream_gene_variant	MODIFIER	ENSG00000228393	LINC01004	ENST00000445184	antisense					4228		Ensembl VEP GRCh37 REST	ANNOTATED
rs6966728	rs6966728	GRCh37	116	2026-09-21	intron_variant	7	104618318	104618318	C/G/T	downstream_gene_variant	MODIFIER	ENSG00000228393	LINC01004	ENST00000445184	antisense					4228		Ensembl VEP GRCh37 REST	ANNOTATED
rs6966728	rs6966728	GRCh37	116	2026-09-21	intron_variant	7	104618318	104618318	C/G/T	intron_variant;non_coding_transcript_variant	MODIFIER	ENSG00000228393	LINC01004	ENST00000450686	antisense							Ensembl VEP GRCh37 REST	ANNOTATED
rs6966728	rs6966728	GRCh37	116	2026-09-21	intron_variant	7	104618318	104618318	C/G/T	intron_variant;non_coding_transcript_variant	MODIFIER	ENSG00000228393	LINC01004	ENST00000450686	antisense							Ensembl VEP GRCh37 REST	ANNOTATED
rs2097942	rs2097942	GRCh37	116	2026-09-21	intron_variant	7	104725105	104725105	G/A/C/T	intron_variant	MODIFIER	ENSG00000005483	KMT2E	ENST00000257745	protein_coding							Ensembl VEP GRCh37 REST	ANNOTATED
rs2097942	rs2097942	GRCh37	116	2026-09-21	intron_variant	7	104725105	104725105	G/A/C/T	intron_variant	MODIFIER	ENSG00000005483	KMT2E	ENST00000257745	protein_coding							Ensembl VEP GRCh37 REST	ANNOTATED
rs2097942	rs2097942	GRCh37	116	2026-09-21	intron_variant	7	104725105	104725105	G/A/C/T	intron_variant	MODIFIER	ENSG00000005483	KMT2E	ENST00000257745	protein_coding							Ensembl VEP GRCh37 REST	ANNOTATED
rs2097942	rs2097942	GRCh37	116	2026-09-21	intron_variant	7	104725105	104725105	G/A/C/T	intron_variant	MODIFIER	ENSG00000005483	KMT2E	ENST00000311117	protein_coding							Ensembl VEP GRCh37 REST	ANNOTATED
rs2097942	rs2097942	GRCh37	116	2026-09-21	intron_variant	7	104725105	104725105	G/A/C/T	intron_variant	MODIFIER	ENSG00000005483	KMT2E	ENST00000311117	protein_coding							Ensembl VEP GRCh37 REST	ANNOTATED
rs2097942	rs2097942	GRCh37	116	2026-09-21	intron_variant	7	104725105	104725105	G/A/C/T	intron_variant	MODIFIER	ENSG00000005483	KMT2E	ENST00000311117	protein_coding							Ensembl VEP GRCh37 REST	ANNOTATED
rs2097942	rs2097942	GRCh37	116	2026-09-21	intron_variant	7	104725105	104725105	G/A/C/T	intron_variant	MODIFIER	ENSG00000005483	KMT2E	ENST00000334877	protein_coding							Ensembl VEP GRCh37 REST	ANNOTATED
rs2097942	rs2097942	GRCh37	116	2026-09-21	intron_variant	7	104725105	104725105	G/A/C/T	intron_variant	MODIFIER	ENSG00000005483	KMT2E	ENST00000334877	protein_coding							Ensembl VEP GRCh37 REST	ANNOTATED
rs2097942	rs2097942	GRCh37	116	2026-09-21	intron_variant	7	104725105	104725105	G/A/C/T	intron_variant	MODIFIER	ENSG00000005483	KMT2E	ENST00000334877	protein_coding							Ensembl VEP GRCh37 REST	ANNOTATED
rs2097942	rs2097942	GRCh37	116	2026-09-21	intron_variant	7	104725105	104725105	G/A/C/T	intron_variant;NMD_transcript_variant	MODIFIER	ENSG00000005483	KMT2E	ENST00000334884	nonsense_mediated_decay							Ensembl VEP GRCh37 REST	ANNOTATED
rs2097942	rs2097942	GRCh37	116	2026-09-21	intron_variant	7	104725105	104725105	G/A/C/T	intron_variant;NMD_transcript_variant	MODIFIER	ENSG00000005483	KMT2E	ENST00000334884	nonsense_mediated_decay							Ensembl VEP GRCh37 REST	ANNOTATED
rs2097942	rs2097942	GRCh37	116	2026-09-21	intron_variant	7	104725105	104725105	G/A/C/T	intron_variant;NMD_transcript_variant	MODIFIER	ENSG00000005483	KMT2E	ENST00000334884	nonsense_mediated_decay							Ensembl VEP GRCh37 REST	ANNOTATED
rs2097942	rs2097942	GRCh37	116	2026-09-21	intron_variant	7	104725105	104725105	G/A/C/T	intron_variant	MODIFIER	ENSG00000005483	KMT2E	ENST00000334914	protein_coding							Ensembl VEP GRCh37 REST	ANNOTATED
rs2097942	rs2097942	GRCh37	116	2026-09-21	intron_variant	7	104725105	104725105	G/A/C/T	intron_variant	MODIFIER	ENSG00000005483	KMT2E	ENST00000334914	protein_coding							Ensembl VEP GRCh37 REST	ANNOTATED
rs2097942	rs2097942	GRCh37	116	2026-09-21	intron_variant	7	104725105	104725105	G/A/C/T	intron_variant	MODIFIER	ENSG00000005483	KMT2E	ENST00000334914	protein_coding							Ensembl VEP GRCh37 REST	ANNOTATED
rs2097942	rs2097942	GRCh37	116	2026-09-21	intron_variant	7	104725105	104725105	G/A/C/T	intron_variant	MODIFIER	ENSG00000005483	KMT2E	ENST00000476671	protein_coding							Ensembl VEP GRCh37 REST	ANNOTATED
rs2097942	rs2097942	GRCh37	116	2026-09-21	intron_variant	7	104725105	104725105	G/A/C/T	intron_variant	MODIFIER	ENSG00000005483	KMT2E	ENST00000476671	protein_coding							Ensembl VEP GRCh37 REST	ANNOTATED
rs2097942	rs2097942	GRCh37	116	2026-09-21	intron_variant	7	104725105	104725105	G/A/C/T	intron_variant	MODIFIER	ENSG00000005483	KMT2E	ENST00000476671	protein_coding							Ensembl VEP GRCh37 REST	ANNOTATED
rs2097942	rs2097942	GRCh37	116	2026-09-21	intron_variant	7	104725105	104725105	G/A/C/T	intron_variant	MODIFIER	ENSG00000005483	KMT2E	ENST00000478990	protein_coding							Ensembl VEP GRCh37 REST	ANNOTATED
rs2097942	rs2097942	GRCh37	116	2026-09-21	intron_variant	7	104725105	104725105	G/A/C/T	intron_variant	MODIFIER	ENSG00000005483	KMT2E	ENST00000478990	protein_coding							Ensembl VEP GRCh37 REST	ANNOTATED
rs2097942	rs2097942	GRCh37	116	2026-09-21	intron_variant	7	104725105	104725105	G/A/C/T	intron_variant	MODIFIER	ENSG00000005483	KMT2E	ENST00000478990	protein_coding							Ensembl VEP GRCh37 REST	ANNOTATED
rs2097942	rs2097942	GRCh37	116	2026-09-21	intron_variant	7	104725105	104725105	G/A/C/T	intron_variant;NMD_transcript_variant	MODIFIER	ENSG00000005483	KMT2E	ENST00000482560	nonsense_mediated_decay							Ensembl VEP GRCh37 REST	ANNOTATED
rs2097942	rs2097942	GRCh37	116	2026-09-21	intron_variant	7	104725105	104725105	G/A/C/T	intron_variant;NMD_transcript_variant	MODIFIER	ENSG00000005483	KMT2E	ENST00000482560	nonsense_mediated_decay							Ensembl VEP GRCh37 REST	ANNOTATED
rs2097942	rs2097942	GRCh37	116	2026-09-21	intron_variant	7	104725105	104725105	G/A/C/T	intron_variant;NMD_transcript_variant	MODIFIER	ENSG00000005483	KMT2E	ENST00000482560	nonsense_mediated_decay							Ensembl VEP GRCh37 REST	ANNOTATED
rs653178	rs653178	GRCh37	116	2026-09-21	intron_variant	12	112007756	112007756	C/G/T	intron_variant	MODIFIER	ENSG00000204842	ATXN2	ENST00000377617	protein_coding							Ensembl VEP GRCh37 REST	ANNOTATED
rs653178	rs653178	GRCh37	116	2026-09-21	intron_variant	12	112007756	112007756	C/G/T	intron_variant	MODIFIER	ENSG00000204842	ATXN2	ENST00000377617	protein_coding							Ensembl VEP GRCh37 REST	ANNOTATED
rs653178	rs653178	GRCh37	116	2026-09-21	intron_variant	12	112007756	112007756	C/G/T	intron_variant	MODIFIER	ENSG00000204842	ATXN2	ENST00000389153	protein_coding							Ensembl VEP GRCh37 REST	ANNOTATED
rs653178	rs653178	GRCh37	116	2026-09-21	intron_variant	12	112007756	112007756	C/G/T	intron_variant	MODIFIER	ENSG00000204842	ATXN2	ENST00000389153	protein_coding							Ensembl VEP GRCh37 REST	ANNOTATED
rs653178	rs653178	GRCh37	116	2026-09-21	intron_variant	12	112007756	112007756	C/G/T	intron_variant;non_coding_transcript_variant	MODIFIER	ENSG00000204842	ATXN2	ENST00000392645	retained_intron							Ensembl VEP GRCh37 REST	ANNOTATED
rs653178	rs653178	GRCh37	116	2026-09-21	intron_variant	12	112007756	112007756	C/G/T	intron_variant;non_coding_transcript_variant	MODIFIER	ENSG00000204842	ATXN2	ENST00000392645	retained_intron							Ensembl VEP GRCh37 REST	ANNOTATED
rs653178	rs653178	GRCh37	116	2026-09-21	intron_variant	12	112007756	112007756	C/G/T	intron_variant;NMD_transcript_variant	MODIFIER	ENSG00000204842	ATXN2	ENST00000483311	nonsense_mediated_decay							Ensembl VEP GRCh37 REST	ANNOTATED
rs653178	rs653178	GRCh37	116	2026-09-21	intron_variant	12	112007756	112007756	C/G/T	intron_variant;NMD_transcript_variant	MODIFIER	ENSG00000204842	ATXN2	ENST00000483311	nonsense_mediated_decay							Ensembl VEP GRCh37 REST	ANNOTATED
rs653178	rs653178	GRCh37	116	2026-09-21	intron_variant	12	112007756	112007756	C/G/T	intron_variant	MODIFIER	ENSG00000204842	ATXN2	ENST00000535949	protein_coding							Ensembl VEP GRCh37 REST	ANNOTATED
rs653178	rs653178	GRCh37	116	2026-09-21	intron_variant	12	112007756	112007756	C/G/T	intron_variant	MODIFIER	ENSG00000204842	ATXN2	ENST00000535949	protein_coding							Ensembl VEP GRCh37 REST	ANNOTATED
rs653178	rs653178	GRCh37	116	2026-09-21	intron_variant	12	112007756	112007756	C/G/T	intron_variant	MODIFIER	ENSG00000204842	ATXN2	ENST00000542287	protein_coding							Ensembl VEP GRCh37 REST	ANNOTATED
rs653178	rs653178	GRCh37	116	2026-09-21	intron_variant	12	112007756	112007756	C/G/T	intron_variant	MODIFIER	ENSG00000204842	ATXN2	ENST00000542287	protein_coding							Ensembl VEP GRCh37 REST	ANNOTATED
rs653178	rs653178	GRCh37	116	2026-09-21	intron_variant	12	112007756	112007756	C/G/T	intron_variant	MODIFIER	ENSG00000204842	ATXN2	ENST00000548492	protein_coding							Ensembl VEP GRCh37 REST	ANNOTATED
rs653178	rs653178	GRCh37	116	2026-09-21	intron_variant	12	112007756	112007756	C/G/T	intron_variant	MODIFIER	ENSG00000204842	ATXN2	ENST00000548492	protein_coding							Ensembl VEP GRCh37 REST	ANNOTATED
rs653178	rs653178	GRCh37	116	2026-09-21	intron_variant	12	112007756	112007756	C/G/T	intron_variant;non_coding_transcript_variant	MODIFIER	ENSG00000204842	ATXN2	ENST00000549455	processed_transcript							Ensembl VEP GRCh37 REST	ANNOTATED
rs653178	rs653178	GRCh37	116	2026-09-21	intron_variant	12	112007756	112007756	C/G/T	intron_variant;non_coding_transcript_variant	MODIFIER	ENSG00000204842	ATXN2	ENST00000549455	processed_transcript							Ensembl VEP GRCh37 REST	ANNOTATED
rs653178	rs653178	GRCh37	116	2026-09-21	intron_variant	12	112007756	112007756	C/G/T	intron_variant	MODIFIER	ENSG00000204842	ATXN2	ENST00000550104	protein_coding							Ensembl VEP GRCh37 REST	ANNOTATED
rs653178	rs653178	GRCh37	116	2026-09-21	intron_variant	12	112007756	112007756	C/G/T	intron_variant	MODIFIER	ENSG00000204842	ATXN2	ENST00000550104	protein_coding							Ensembl VEP GRCh37 REST	ANNOTATED
rs653178	rs653178	GRCh37	116	2026-09-21	intron_variant	12	112007756	112007756	C/G/T	intron_variant	MODIFIER	ENSG00000204842	ATXN2	ENST00000608853	protein_coding							Ensembl VEP GRCh37 REST	ANNOTATED
rs653178	rs653178	GRCh37	116	2026-09-21	intron_variant	12	112007756	112007756	C/G/T	intron_variant	MODIFIER	ENSG00000204842	ATXN2	ENST00000608853	protein_coding							Ensembl VEP GRCh37 REST	ANNOTATED
rs653178	rs653178	GRCh37	116	2026-09-21	intron_variant	12	112007756	112007756	C/G/T	regulatory_region_variant	MODIFIER										ENSR12_BS5SH	Ensembl VEP GRCh37 REST	REGULATORY_ANNOTATION
rs653178	rs653178	GRCh37	116	2026-09-21	intron_variant	12	112007756	112007756	C/G/T	regulatory_region_variant	MODIFIER										ENSR12_BS5SH	Ensembl VEP GRCh37 REST	REGULATORY_ANNOTATION
rs7311681	rs7311681	GRCh37	116	2026-09-21	intron_variant	12	112817847	112817847	T/G	intron_variant	MODIFIER	ENSG00000173064	HECTD4	ENST00000377560	protein_coding							Ensembl VEP GRCh37 REST	ANNOTATED
rs7311681	rs7311681	GRCh37	116	2026-09-21	intron_variant	12	112817847	112817847	T/G	intron_variant	MODIFIER	ENSG00000173064	HECTD4	ENST00000430131	protein_coding							Ensembl VEP GRCh37 REST	ANNOTATED
rs7311681	rs7311681	GRCh37	116	2026-09-21	intron_variant	12	112817847	112817847	T/G	intron_variant	MODIFIER	ENSG00000173064	HECTD4	ENST00000550722	protein_coding							Ensembl VEP GRCh37 REST	ANNOTATED
rs7311681	rs7311681	GRCh37	116	2026-09-21	intron_variant	12	112817847	112817847	T/G	intron_variant	MODIFIER	ENSG00000173064	HECTD4	ENST00000550724	protein_coding							Ensembl VEP GRCh37 REST	ANNOTATED
rs4378452	rs4378452	GRCh37	116	2026-09-21	intron_variant	12	111504033	111504033	T/C	intron_variant	MODIFIER	ENSG00000111249	CUX2	ENST00000261726	protein_coding							Ensembl VEP GRCh37 REST	ANNOTATED
rs2727074	rs2727074	GRCh37	116	2026-09-21	intron_variant	17	3994670	3994670	A/G/T	intron_variant	MODIFIER	ENSG00000074755	ZZEF1	ENST00000381638	protein_coding							Ensembl VEP GRCh37 REST	ANNOTATED
rs2727074	rs2727074	GRCh37	116	2026-09-21	intron_variant	17	3994670	3994670	A/G/T	intron_variant	MODIFIER	ENSG00000074755	ZZEF1	ENST00000381638	protein_coding							Ensembl VEP GRCh37 REST	ANNOTATED
rs2727074	rs2727074	GRCh37	116	2026-09-21	intron_variant	17	3994670	3994670	A/G/T	intron_variant;non_coding_transcript_variant	MODIFIER	ENSG00000074755	ZZEF1	ENST00000574474	processed_transcript							Ensembl VEP GRCh37 REST	ANNOTATED
rs2727074	rs2727074	GRCh37	116	2026-09-21	intron_variant	17	3994670	3994670	A/G/T	intron_variant;non_coding_transcript_variant	MODIFIER	ENSG00000074755	ZZEF1	ENST00000574474	processed_transcript							Ensembl VEP GRCh37 REST	ANNOTATED
rs2278524	rs2278524	GRCh37	116	2026-09-21	non_coding_transcript_exon_variant	17	4081975	4081975	G/A	intron_variant	MODIFIER	ENSG00000185722	ANKFY1	ENST00000341657	protein_coding							Ensembl VEP GRCh37 REST	ANNOTATED
rs2278524	rs2278524	GRCh37	116	2026-09-21	non_coding_transcript_exon_variant	17	4081975	4081975	G/A	intron_variant	MODIFIER	ENSG00000185722	ANKFY1	ENST00000570535	protein_coding							Ensembl VEP GRCh37 REST	ANNOTATED
rs2278524	rs2278524	GRCh37	116	2026-09-21	non_coding_transcript_exon_variant	17	4081975	4081975	G/A	downstream_gene_variant	MODIFIER	ENSG00000185722	ANKFY1	ENST00000571547	retained_intron					2346		Ensembl VEP GRCh37 REST	ANNOTATED
rs2278524	rs2278524	GRCh37	116	2026-09-21	non_coding_transcript_exon_variant	17	4081975	4081975	G/A	intron_variant;NMD_transcript_variant	MODIFIER	ENSG00000185722	ANKFY1	ENST00000572412	nonsense_mediated_decay							Ensembl VEP GRCh37 REST	ANNOTATED
rs2278524	rs2278524	GRCh37	116	2026-09-21	non_coding_transcript_exon_variant	17	4081975	4081975	G/A	non_coding_transcript_exon_variant	MODIFIER	ENSG00000185722	ANKFY1	ENST00000572564	retained_intron							Ensembl VEP GRCh37 REST	ANNOTATED
rs2278524	rs2278524	GRCh37	116	2026-09-21	non_coding_transcript_exon_variant	17	4081975	4081975	G/A	intron_variant	MODIFIER	ENSG00000167740	CYB5D2	ENST00000573984	protein_coding							Ensembl VEP GRCh37 REST	ANNOTATED
rs2278524	rs2278524	GRCh37	116	2026-09-21	non_coding_transcript_exon_variant	17	4081975	4081975	G/A	intron_variant	MODIFIER	ENSG00000185722	ANKFY1	ENST00000574367	protein_coding							Ensembl VEP GRCh37 REST	ANNOTATED
rs2278524	rs2278524	GRCh37	116	2026-09-21	non_coding_transcript_exon_variant	17	4081975	4081975	G/A	downstream_gene_variant	MODIFIER	ENSG00000185722	ANKFY1	ENST00000574736	protein_coding					4846		Ensembl VEP GRCh37 REST	ANNOTATED
rs1076902	rs1076902	GRCh37	116	2026-09-21	intron_variant	17	3828822	3828822	C/T	intron_variant	MODIFIER	ENSG00000074370	ATP2A3	ENST00000309890	protein_coding							Ensembl VEP GRCh37 REST	ANNOTATED
rs1076902	rs1076902	GRCh37	116	2026-09-21	intron_variant	17	3828822	3828822	C/T	intron_variant	MODIFIER	ENSG00000074370	ATP2A3	ENST00000352011	protein_coding							Ensembl VEP GRCh37 REST	ANNOTATED
rs1076902	rs1076902	GRCh37	116	2026-09-21	intron_variant	17	3828822	3828822	C/T	intron_variant	MODIFIER	ENSG00000074370	ATP2A3	ENST00000359983	protein_coding							Ensembl VEP GRCh37 REST	ANNOTATED
rs1076902	rs1076902	GRCh37	116	2026-09-21	intron_variant	17	3828822	3828822	C/T	intron_variant	MODIFIER	ENSG00000074370	ATP2A3	ENST00000397035	protein_coding							Ensembl VEP GRCh37 REST	ANNOTATED
rs1076902	rs1076902	GRCh37	116	2026-09-21	intron_variant	17	3828822	3828822	C/T	intron_variant	MODIFIER	ENSG00000074370	ATP2A3	ENST00000397039	protein_coding							Ensembl VEP GRCh37 REST	ANNOTATED
rs1076902	rs1076902	GRCh37	116	2026-09-21	intron_variant	17	3828822	3828822	C/T	intron_variant	MODIFIER	ENSG00000074370	ATP2A3	ENST00000397041	protein_coding							Ensembl VEP GRCh37 REST	ANNOTATED
rs1076902	rs1076902	GRCh37	116	2026-09-21	intron_variant	17	3828822	3828822	C/T	intron_variant	MODIFIER	ENSG00000074370	ATP2A3	ENST00000397043	protein_coding							Ensembl VEP GRCh37 REST	ANNOTATED
rs1076902	rs1076902	GRCh37	116	2026-09-21	intron_variant	17	3828822	3828822	C/T	intron_variant;non_coding_transcript_variant	MODIFIER	ENSG00000074370	ATP2A3	ENST00000570773	retained_intron							Ensembl VEP GRCh37 REST	ANNOTATED
rs1076902	rs1076902	GRCh37	116	2026-09-21	intron_variant	17	3828822	3828822	C/T	intron_variant	MODIFIER	ENSG00000074370	ATP2A3	ENST00000570845	protein_coding							Ensembl VEP GRCh37 REST	ANNOTATED
rs1076902	rs1076902	GRCh37	116	2026-09-21	intron_variant	17	3828822	3828822	C/T	downstream_gene_variant	MODIFIER	ENSG00000074370	ATP2A3	ENST00000571245	retained_intron					2630		Ensembl VEP GRCh37 REST	ANNOTATED
rs1076902	rs1076902	GRCh37	116	2026-09-21	intron_variant	17	3828822	3828822	C/T	intron_variant	MODIFIER	ENSG00000074370	ATP2A3	ENST00000572116	protein_coding							Ensembl VEP GRCh37 REST	ANNOTATED
rs1076902	rs1076902	GRCh37	116	2026-09-21	intron_variant	17	3828822	3828822	C/T	intron_variant;non_coding_transcript_variant	MODIFIER	ENSG00000074370	ATP2A3	ENST00000574999	retained_intron							Ensembl VEP GRCh37 REST	ANNOTATED
rs1076902	rs1076902	GRCh37	116	2026-09-21	intron_variant	17	3828822	3828822	C/T	downstream_gene_variant	MODIFIER	ENSG00000074370	ATP2A3	ENST00000576957	retained_intron					3800		Ensembl VEP GRCh37 REST	ANNOTATED
rs1549723	rs1549723	GRCh37	116	2026-09-21	non_coding_transcript_exon_variant	2	43460514	43460514	C/A/T	intron_variant	MODIFIER	ENSG00000115970	THADA	ENST00000330266	protein_coding							Ensembl VEP GRCh37 REST	ANNOTATED
rs1549723	rs1549723	GRCh37	116	2026-09-21	non_coding_transcript_exon_variant	2	43460514	43460514	C/A/T	intron_variant	MODIFIER	ENSG00000115970	THADA	ENST00000330266	protein_coding							Ensembl VEP GRCh37 REST	ANNOTATED
rs1549723	rs1549723	GRCh37	116	2026-09-21	non_coding_transcript_exon_variant	2	43460514	43460514	C/A/T	intron_variant;NMD_transcript_variant	MODIFIER	ENSG00000115970	THADA	ENST00000398653	nonsense_mediated_decay							Ensembl VEP GRCh37 REST	ANNOTATED
rs1549723	rs1549723	GRCh37	116	2026-09-21	non_coding_transcript_exon_variant	2	43460514	43460514	C/A/T	intron_variant;NMD_transcript_variant	MODIFIER	ENSG00000115970	THADA	ENST00000398653	nonsense_mediated_decay							Ensembl VEP GRCh37 REST	ANNOTATED
rs1549723	rs1549723	GRCh37	116	2026-09-21	non_coding_transcript_exon_variant	2	43460514	43460514	C/A/T	intron_variant	MODIFIER	ENSG00000115970	THADA	ENST00000405006	protein_coding							Ensembl VEP GRCh37 REST	ANNOTATED
rs1549723	rs1549723	GRCh37	116	2026-09-21	non_coding_transcript_exon_variant	2	43460514	43460514	C/A/T	intron_variant	MODIFIER	ENSG00000115970	THADA	ENST00000405006	protein_coding							Ensembl VEP GRCh37 REST	ANNOTATED
rs1549723	rs1549723	GRCh37	116	2026-09-21	non_coding_transcript_exon_variant	2	43460514	43460514	C/A/T	intron_variant	MODIFIER	ENSG00000115970	THADA	ENST00000405975	protein_coding							Ensembl VEP GRCh37 REST	ANNOTATED
rs1549723	rs1549723	GRCh37	116	2026-09-21	non_coding_transcript_exon_variant	2	43460514	43460514	C/A/T	intron_variant	MODIFIER	ENSG00000115970	THADA	ENST00000405975	protein_coding							Ensembl VEP GRCh37 REST	ANNOTATED
rs1549723	rs1549723	GRCh37	116	2026-09-21	non_coding_transcript_exon_variant	2	43460514	43460514	C/A/T	intron_variant	MODIFIER	ENSG00000115970	THADA	ENST00000407351	protein_coding							Ensembl VEP GRCh37 REST	ANNOTATED
rs1549723	rs1549723	GRCh37	116	2026-09-21	non_coding_transcript_exon_variant	2	43460514	43460514	C/A/T	intron_variant	MODIFIER	ENSG00000115970	THADA	ENST00000407351	protein_coding							Ensembl VEP GRCh37 REST	ANNOTATED
rs1549723	rs1549723	GRCh37	116	2026-09-21	non_coding_transcript_exon_variant	2	43460514	43460514	C/A/T	intron_variant	MODIFIER	ENSG00000115970	THADA	ENST00000415080	protein_coding							Ensembl VEP GRCh37 REST	ANNOTATED
rs1549723	rs1549723	GRCh37	116	2026-09-21	non_coding_transcript_exon_variant	2	43460514	43460514	C/A/T	intron_variant	MODIFIER	ENSG00000115970	THADA	ENST00000415080	protein_coding							Ensembl VEP GRCh37 REST	ANNOTATED
rs1549723	rs1549723	GRCh37	116	2026-09-21	non_coding_transcript_exon_variant	2	43460514	43460514	C/A/T	non_coding_transcript_exon_variant	MODIFIER	ENSG00000234936	AC010883.5	ENST00000423354	antisense							Ensembl VEP GRCh37 REST	ANNOTATED
rs1549723	rs1549723	GRCh37	116	2026-09-21	non_coding_transcript_exon_variant	2	43460514	43460514	C/A/T	non_coding_transcript_exon_variant	MODIFIER	ENSG00000234936	AC010883.5	ENST00000423354	antisense							Ensembl VEP GRCh37 REST	ANNOTATED
rs1549723	rs1549723	GRCh37	116	2026-09-21	non_coding_transcript_exon_variant	2	43460514	43460514	C/A/T	intron_variant;non_coding_transcript_variant	MODIFIER	ENSG00000115970	THADA	ENST00000467668	processed_transcript							Ensembl VEP GRCh37 REST	ANNOTATED
rs1549723	rs1549723	GRCh37	116	2026-09-21	non_coding_transcript_exon_variant	2	43460514	43460514	C/A/T	intron_variant;non_coding_transcript_variant	MODIFIER	ENSG00000115970	THADA	ENST00000467668	processed_transcript							Ensembl VEP GRCh37 REST	ANNOTATED
rs6722743	rs6722743	GRCh37	116	2026-09-21	intergenic_variant	2	43095988	43095988	C/T	intergenic_variant												Ensembl VEP GRCh37 REST	INTERGENIC_ANNOTATION
rs6544658	rs6544658	GRCh37	116	2026-09-21	intron_variant	2	43652117	43652117	T/C	intron_variant	MODIFIER	ENSG00000115970	THADA	ENST00000330266	protein_coding							Ensembl VEP GRCh37 REST	ANNOTATED
rs6544658	rs6544658	GRCh37	116	2026-09-21	intron_variant	2	43652117	43652117	T/C	intron_variant;NMD_transcript_variant	MODIFIER	ENSG00000115970	THADA	ENST00000398653	nonsense_mediated_decay							Ensembl VEP GRCh37 REST	ANNOTATED
rs6544658	rs6544658	GRCh37	116	2026-09-21	intron_variant	2	43652117	43652117	T/C	intron_variant;NMD_transcript_variant	MODIFIER	ENSG00000115970	THADA	ENST00000402796	nonsense_mediated_decay							Ensembl VEP GRCh37 REST	ANNOTATED
rs6544658	rs6544658	GRCh37	116	2026-09-21	intron_variant	2	43652117	43652117	T/C	intron_variant	MODIFIER	ENSG00000115970	THADA	ENST00000405006	protein_coding							Ensembl VEP GRCh37 REST	ANNOTATED
rs6544658	rs6544658	GRCh37	116	2026-09-21	intron_variant	2	43652117	43652117	T/C	intron_variant	MODIFIER	ENSG00000115970	THADA	ENST00000405975	protein_coding							Ensembl VEP GRCh37 REST	ANNOTATED
rs6544658	rs6544658	GRCh37	116	2026-09-21	intron_variant	2	43652117	43652117	T/C	intron_variant	MODIFIER	ENSG00000115970	THADA	ENST00000407351	protein_coding							Ensembl VEP GRCh37 REST	ANNOTATED
rs6544658	rs6544658	GRCh37	116	2026-09-21	intron_variant	2	43652117	43652117	T/C	intron_variant;NMD_transcript_variant	MODIFIER	ENSG00000115970	THADA	ENST00000408045	nonsense_mediated_decay							Ensembl VEP GRCh37 REST	ANNOTATED
rs6544658	rs6544658	GRCh37	116	2026-09-21	intron_variant	2	43652117	43652117	T/C	intron_variant	MODIFIER	ENSG00000115970	THADA	ENST00000415080	protein_coding							Ensembl VEP GRCh37 REST	ANNOTATED
rs6544658	rs6544658	GRCh37	116	2026-09-21	intron_variant	2	43652117	43652117	T/C	downstream_gene_variant	MODIFIER	ENSG00000115970	THADA	ENST00000469323	processed_transcript					3125		Ensembl VEP GRCh37 REST	ANNOTATED
rs6544658	rs6544658	GRCh37	116	2026-09-21	intron_variant	2	43652117	43652117	T/C	intron_variant;non_coding_transcript_variant	MODIFIER	ENSG00000115970	THADA	ENST00000485353	processed_transcript							Ensembl VEP GRCh37 REST	ANNOTATED
rs11904510	rs11904510	GRCh37	116	2026-09-21	intron_variant	2	43797710	43797710	G/A	intron_variant	MODIFIER	ENSG00000115970	THADA	ENST00000330266	protein_coding							Ensembl VEP GRCh37 REST	ANNOTATED
rs11904510	rs11904510	GRCh37	116	2026-09-21	intron_variant	2	43797710	43797710	G/A	intron_variant;NMD_transcript_variant	MODIFIER	ENSG00000115970	THADA	ENST00000398653	nonsense_mediated_decay							Ensembl VEP GRCh37 REST	ANNOTATED
rs11904510	rs11904510	GRCh37	116	2026-09-21	intron_variant	2	43797710	43797710	G/A	intron_variant	MODIFIER	ENSG00000115970	THADA	ENST00000402360	protein_coding							Ensembl VEP GRCh37 REST	ANNOTATED
rs11904510	rs11904510	GRCh37	116	2026-09-21	intron_variant	2	43797710	43797710	G/A	intron_variant;NMD_transcript_variant	MODIFIER	ENSG00000115970	THADA	ENST00000402796	nonsense_mediated_decay							Ensembl VEP GRCh37 REST	ANNOTATED
rs11904510	rs11904510	GRCh37	116	2026-09-21	intron_variant	2	43797710	43797710	G/A	intron_variant	MODIFIER	ENSG00000115970	THADA	ENST00000403856	protein_coding							Ensembl VEP GRCh37 REST	ANNOTATED
rs11904510	rs11904510	GRCh37	116	2026-09-21	intron_variant	2	43797710	43797710	G/A	intron_variant	MODIFIER	ENSG00000115970	THADA	ENST00000404790	protein_coding							Ensembl VEP GRCh37 REST	ANNOTATED
rs11904510	rs11904510	GRCh37	116	2026-09-21	intron_variant	2	43797710	43797710	G/A	intron_variant	MODIFIER	ENSG00000115970	THADA	ENST00000405006	protein_coding							Ensembl VEP GRCh37 REST	ANNOTATED
rs11904510	rs11904510	GRCh37	116	2026-09-21	intron_variant	2	43797710	43797710	G/A	intron_variant	MODIFIER	ENSG00000115970	THADA	ENST00000405975	protein_coding							Ensembl VEP GRCh37 REST	ANNOTATED
rs11904510	rs11904510	GRCh37	116	2026-09-21	intron_variant	2	43797710	43797710	G/A	upstream_gene_variant	MODIFIER	ENSG00000115970	THADA	ENST00000407351	protein_coding					56		Ensembl VEP GRCh37 REST	ANNOTATED
rs11904510	rs11904510	GRCh37	116	2026-09-21	intron_variant	2	43797710	43797710	G/A	intron_variant;NMD_transcript_variant	MODIFIER	ENSG00000115970	THADA	ENST00000408045	nonsense_mediated_decay							Ensembl VEP GRCh37 REST	ANNOTATED
rs11904510	rs11904510	GRCh37	116	2026-09-21	intron_variant	2	43797710	43797710	G/A	intron_variant	MODIFIER	ENSG00000115970	THADA	ENST00000415080	protein_coding							Ensembl VEP GRCh37 REST	ANNOTATED
rs11904510	rs11904510	GRCh37	116	2026-09-21	intron_variant	2	43797710	43797710	G/A	intron_variant;NMD_transcript_variant	MODIFIER	ENSG00000115970	THADA	ENST00000474159	nonsense_mediated_decay							Ensembl VEP GRCh37 REST	ANNOTATED
rs11734396	rs11734396	GRCh37	116	2026-09-21	upstream_gene_variant	4	104022110	104022110	G/A	downstream_gene_variant	MODIFIER	ENSG00000138778	CENPE	ENST00000265148	protein_coding					4853		Ensembl VEP GRCh37 REST	ANNOTATED
rs11734396	rs11734396	GRCh37	116	2026-09-21	upstream_gene_variant	4	104022110	104022110	G/A	upstream_gene_variant	MODIFIER	ENSG00000164039	BDH2	ENST00000296424	protein_coding					1070		Ensembl VEP GRCh37 REST	ANNOTATED
rs11734396	rs11734396	GRCh37	116	2026-09-21	upstream_gene_variant	4	104022110	104022110	G/A	downstream_gene_variant	MODIFIER	ENSG00000138778	CENPE	ENST00000380026	protein_coding					4860		Ensembl VEP GRCh37 REST	ANNOTATED
rs11734396	rs11734396	GRCh37	116	2026-09-21	upstream_gene_variant	4	104022110	104022110	G/A	upstream_gene_variant	MODIFIER	ENSG00000164039	BDH2	ENST00000464039	retained_intron					1145		Ensembl VEP GRCh37 REST	ANNOTATED
rs11734396	rs11734396	GRCh37	116	2026-09-21	upstream_gene_variant	4	104022110	104022110	G/A	upstream_gene_variant	MODIFIER	ENSG00000164039	BDH2	ENST00000475058	retained_intron					1137		Ensembl VEP GRCh37 REST	ANNOTATED
rs11734396	rs11734396	GRCh37	116	2026-09-21	upstream_gene_variant	4	104022110	104022110	G/A	upstream_gene_variant	MODIFIER	ENSG00000164039	BDH2	ENST00000492366	retained_intron					1125		Ensembl VEP GRCh37 REST	ANNOTATED
rs11734396	rs11734396	GRCh37	116	2026-09-21	upstream_gene_variant	4	104022110	104022110	G/A	upstream_gene_variant	MODIFIER	ENSG00000164039	BDH2	ENST00000504285	protein_coding					1124		Ensembl VEP GRCh37 REST	ANNOTATED
rs11734396	rs11734396	GRCh37	116	2026-09-21	upstream_gene_variant	4	104022110	104022110	G/A	upstream_gene_variant	MODIFIER	ENSG00000164039	BDH2	ENST00000506521	nonsense_mediated_decay					1083		Ensembl VEP GRCh37 REST	ANNOTATED
rs11734396	rs11734396	GRCh37	116	2026-09-21	upstream_gene_variant	4	104022110	104022110	G/A	upstream_gene_variant	MODIFIER	ENSG00000164039	BDH2	ENST00000509245	protein_coding					1083		Ensembl VEP GRCh37 REST	ANNOTATED
rs11734396	rs11734396	GRCh37	116	2026-09-21	upstream_gene_variant	4	104022110	104022110	G/A	upstream_gene_variant	MODIFIER	ENSG00000164039	BDH2	ENST00000511354	nonsense_mediated_decay					1124		Ensembl VEP GRCh37 REST	ANNOTATED
rs11734396	rs11734396	GRCh37	116	2026-09-21	upstream_gene_variant	4	104022110	104022110	G/A	upstream_gene_variant	MODIFIER	ENSG00000164039	BDH2	ENST00000513518	retained_intron					1091		Ensembl VEP GRCh37 REST	ANNOTATED
rs34358	rs34358	GRCh37	116	2026-09-21	stop_gained	5	74965122	74965122	G/A/T	downstream_gene_variant	MODIFIER	ENSG00000152359	POC5	ENST00000380475	protein_coding					4911		Ensembl VEP GRCh37 REST	ANNOTATED
rs34358	rs34358	GRCh37	116	2026-09-21	stop_gained	5	74965122	74965122	G/A/T	downstream_gene_variant	MODIFIER	ENSG00000152359	POC5	ENST00000380475	protein_coding					4911		Ensembl VEP GRCh37 REST	ANNOTATED
rs34358	rs34358	GRCh37	116	2026-09-21	stop_gained	5	74965122	74965122	G/A/T	downstream_gene_variant	MODIFIER	ENSG00000152359	POC5	ENST00000428202	protein_coding					4827		Ensembl VEP GRCh37 REST	ANNOTATED
rs34358	rs34358	GRCh37	116	2026-09-21	stop_gained	5	74965122	74965122	G/A/T	downstream_gene_variant	MODIFIER	ENSG00000152359	POC5	ENST00000428202	protein_coding					4827		Ensembl VEP GRCh37 REST	ANNOTATED
rs34358	rs34358	GRCh37	116	2026-09-21	stop_gained	5	74965122	74965122	G/A/T	intron_variant;non_coding_transcript_variant	MODIFIER	ENSG00000189045	ANKDD1B	ENST00000506596	processed_transcript							Ensembl VEP GRCh37 REST	ANNOTATED
rs34358	rs34358	GRCh37	116	2026-09-21	stop_gained	5	74965122	74965122	G/A/T	intron_variant;non_coding_transcript_variant	MODIFIER	ENSG00000189045	ANKDD1B	ENST00000506596	processed_transcript							Ensembl VEP GRCh37 REST	ANNOTATED
rs34358	rs34358	GRCh37	116	2026-09-21	stop_gained	5	74965122	74965122	G/A/T	downstream_gene_variant	MODIFIER	ENSG00000152359	POC5	ENST00000514838	protein_coding					4905		Ensembl VEP GRCh37 REST	ANNOTATED
rs34358	rs34358	GRCh37	116	2026-09-21	stop_gained	5	74965122	74965122	G/A/T	downstream_gene_variant	MODIFIER	ENSG00000152359	POC5	ENST00000514838	protein_coding					4905		Ensembl VEP GRCh37 REST	ANNOTATED
rs34358	rs34358	GRCh37	116	2026-09-21	stop_gained	5	74965122	74965122	G/A/T	stop_gained	HIGH	ENSG00000189045	ANKDD1B	ENST00000601380	protein_coding	480	W/*	tGg/tAg				Ensembl VEP GRCh37 REST	ANNOTATED
rs34358	rs34358	GRCh37	116	2026-09-21	stop_gained	5	74965122	74965122	G/A/T	missense_variant	MODERATE	ENSG00000189045	ANKDD1B	ENST00000601380	protein_coding	480	W/L	tGg/tTg				Ensembl VEP GRCh37 REST	ANNOTATED
rs7776707	rs7776707	GRCh37	116	2026-09-21	intron_variant	7	104605530	104605530	C/A/G	downstream_gene_variant	MODIFIER	ENSG00000237513	RP11-325F22.2	ENST00000415513	lincRNA					3023		Ensembl VEP GRCh37 REST	ANNOTATED
rs7776707	rs7776707	GRCh37	116	2026-09-21	intron_variant	7	104605530	104605530	C/A/G	downstream_gene_variant	MODIFIER	ENSG00000237513	RP11-325F22.2	ENST00000415513	lincRNA					3023		Ensembl VEP GRCh37 REST	ANNOTATED
rs7776707	rs7776707	GRCh37	116	2026-09-21	intron_variant	7	104605530	104605530	C/A/G	downstream_gene_variant	MODIFIER	ENSG00000237513	RP11-325F22.2	ENST00000417026	lincRNA					2749		Ensembl VEP GRCh37 REST	ANNOTATED
rs7776707	rs7776707	GRCh37	116	2026-09-21	intron_variant	7	104605530	104605530	C/A/G	downstream_gene_variant	MODIFIER	ENSG00000237513	RP11-325F22.2	ENST00000417026	lincRNA					2749		Ensembl VEP GRCh37 REST	ANNOTATED
rs7776707	rs7776707	GRCh37	116	2026-09-21	intron_variant	7	104605530	104605530	C/A/G	intron_variant;non_coding_transcript_variant	MODIFIER	ENSG00000228393	LINC01004	ENST00000450686	antisense							Ensembl VEP GRCh37 REST	ANNOTATED
rs7776707	rs7776707	GRCh37	116	2026-09-21	intron_variant	7	104605530	104605530	C/A/G	intron_variant;non_coding_transcript_variant	MODIFIER	ENSG00000228393	LINC01004	ENST00000450686	antisense							Ensembl VEP GRCh37 REST	ANNOTATED
rs4460308	rs4460308	GRCh37	116	2026-09-21	intron_variant	7	104420060	104420060	T/C	intron_variant	MODIFIER	ENSG00000187416	LHFPL3	ENST00000401970	protein_coding							Ensembl VEP GRCh37 REST	ANNOTATED
rs4460308	rs4460308	GRCh37	116	2026-09-21	intron_variant	7	104420060	104420060	T/C	intron_variant;non_coding_transcript_variant	MODIFIER	ENSG00000226869	LHFPL3-AS1	ENST00000411448	antisense							Ensembl VEP GRCh37 REST	ANNOTATED
rs4460308	rs4460308	GRCh37	116	2026-09-21	intron_variant	7	104420060	104420060	T/C	intron_variant	MODIFIER	ENSG00000187416	LHFPL3	ENST00000424859	protein_coding							Ensembl VEP GRCh37 REST	ANNOTATED
rs4460308	rs4460308	GRCh37	116	2026-09-21	intron_variant	7	104420060	104420060	T/C	intron_variant;non_coding_transcript_variant	MODIFIER	ENSG00000226869	LHFPL3-AS1	ENST00000449764	antisense							Ensembl VEP GRCh37 REST	ANNOTATED
rs4460308	rs4460308	GRCh37	116	2026-09-21	intron_variant	7	104420060	104420060	T/C	intron_variant	MODIFIER	ENSG00000187416	LHFPL3	ENST00000535008	protein_coding							Ensembl VEP GRCh37 REST	ANNOTATED
rs4460308	rs4460308	GRCh37	116	2026-09-21	intron_variant	7	104420060	104420060	T/C	intron_variant	MODIFIER	ENSG00000187416	LHFPL3	ENST00000543266	protein_coding							Ensembl VEP GRCh37 REST	ANNOTATED
rs34626131	rs34626131	GRCh37	116	2026-09-21	intron_variant	1	207880977	207880977	A/C	intron_variant;NMD_transcript_variant	MODIFIER	ENSG00000197721	CR1L	ENST00000294997	nonsense_mediated_decay							Ensembl VEP GRCh37 REST	ANNOTATED
rs34626131	rs34626131	GRCh37	116	2026-09-21	intron_variant	1	207880977	207880977	A/C	intron_variant	MODIFIER	ENSG00000197721	CR1L	ENST00000508064	protein_coding							Ensembl VEP GRCh37 REST	ANNOTATED
rs34626131	rs34626131	GRCh37	116	2026-09-21	intron_variant	1	207880977	207880977	A/C	intron_variant;non_coding_transcript_variant	MODIFIER	ENSG00000197721	CR1L	ENST00000530905	processed_transcript							Ensembl VEP GRCh37 REST	ANNOTATED
rs34626131	rs34626131	GRCh37	116	2026-09-21	intron_variant	1	207880977	207880977	A/C	regulatory_region_variant	MODIFIER										ENSR1_884TW5	Ensembl VEP GRCh37 REST	REGULATORY_ANNOTATION
rs200114063	rs200114063	GRCh37	116	2026-09-21	intergenic_variant	1	207385580	207385580	A/G/T	intergenic_variant												Ensembl VEP GRCh37 REST	INTERGENIC_ANNOTATION
rs200114063	rs200114063	GRCh37	116	2026-09-21	intergenic_variant	1	207385580	207385580	A/G/T	intergenic_variant												Ensembl VEP GRCh37 REST	INTERGENIC_ANNOTATION
rs558678	rs558678	GRCh37	116	2026-09-21	upstream_gene_variant	11	59852113	59852113	T/G	upstream_gene_variant	MODIFIER	ENSG00000149534	MS4A2	ENST00000278888	protein_coding					4024		Ensembl VEP GRCh37 REST	ANNOTATED
rs558678	rs558678	GRCh37	116	2026-09-21	upstream_gene_variant	11	59852113	59852113	T/G	upstream_gene_variant	MODIFIER	ENSG00000149534	MS4A2	ENST00000440896	retained_intron					4024		Ensembl VEP GRCh37 REST	ANNOTATED
rs558678	rs558678	GRCh37	116	2026-09-21	upstream_gene_variant	11	59852113	59852113	T/G	upstream_gene_variant	MODIFIER	ENSG00000149534	MS4A2	ENST00000524868	protein_coding					3621		Ensembl VEP GRCh37 REST	ANNOTATED
rs76834192	rs76834192	GRCh37	116	2026-09-21	intergenic_variant	11	59766312	59766312	C/G/T	intergenic_variant												Ensembl VEP GRCh37 REST	INTERGENIC_ANNOTATION
rs76834192	rs76834192	GRCh37	116	2026-09-21	intergenic_variant	11	59766312	59766312	C/G/T	intergenic_variant												Ensembl VEP GRCh37 REST	INTERGENIC_ANNOTATION
rs4939330	rs4939330	GRCh37	116	2026-09-21	intron_variant	11	60049407	60049407	A/G	intron_variant	MODIFIER	ENSG00000110079	MS4A4A	ENST00000337908	protein_coding							Ensembl VEP GRCh37 REST	ANNOTATED
rs4939330	rs4939330	GRCh37	116	2026-09-21	intron_variant	11	60049407	60049407	A/G	intron_variant;NMD_transcript_variant	MODIFIER	ENSG00000110079	MS4A4A	ENST00000343968	nonsense_mediated_decay							Ensembl VEP GRCh37 REST	ANNOTATED
rs4939330	rs4939330	GRCh37	116	2026-09-21	intron_variant	11	60049407	60049407	A/G	intron_variant	MODIFIER	ENSG00000110079	MS4A4A	ENST00000355131	protein_coding							Ensembl VEP GRCh37 REST	ANNOTATED
rs4939330	rs4939330	GRCh37	116	2026-09-21	intron_variant	11	60049407	60049407	A/G	upstream_gene_variant	MODIFIER	ENSG00000110079	MS4A4A	ENST00000395016	protein_coding					679		Ensembl VEP GRCh37 REST	ANNOTATED
rs4939330	rs4939330	GRCh37	116	2026-09-21	intron_variant	11	60049407	60049407	A/G	intron_variant;NMD_transcript_variant	MODIFIER	ENSG00000110079	MS4A4A	ENST00000527056	nonsense_mediated_decay							Ensembl VEP GRCh37 REST	ANNOTATED
rs4939330	rs4939330	GRCh37	116	2026-09-21	intron_variant	11	60049407	60049407	A/G	intron_variant;NMD_transcript_variant	MODIFIER	ENSG00000110079	MS4A4A	ENST00000529950	nonsense_mediated_decay							Ensembl VEP GRCh37 REST	ANNOTATED
rs4939330	rs4939330	GRCh37	116	2026-09-21	intron_variant	11	60049407	60049407	A/G	intron_variant	MODIFIER	ENSG00000110079	MS4A4A	ENST00000532114	protein_coding							Ensembl VEP GRCh37 REST	ANNOTATED
rs140750546	rs140750546	GRCh37	116	2026-09-21	intron_variant	2	203863736	203863736	C/T	intron_variant;non_coding_transcript_variant	MODIFIER	ENSG00000138442	WDR12	ENST00000477723	processed_transcript							Ensembl VEP GRCh37 REST	ANNOTATED
rs140750546	rs140750546	GRCh37	116	2026-09-21	intron_variant	2	203863736	203863736	C/T	downstream_gene_variant	MODIFIER	ENSG00000270664	RP11-544H14.1	ENST00000604508	processed_pseudogene					3610		Ensembl VEP GRCh37 REST	ANNOTATED
rs10209020	rs10209020	GRCh37	116	2026-09-21	intergenic_variant	2	27980944	27980944	C/T	intergenic_variant												Ensembl VEP GRCh37 REST	INTERGENIC_ANNOTATION
rs1617502	rs1617502	GRCh37	116	2026-09-21	non_coding_transcript_exon_variant	7	99809835	99809835	C/A/G/T	intron_variant	MODIFIER	ENSG00000066923	STAG3	ENST00000317296	protein_coding							Ensembl VEP GRCh37 REST	ANNOTATED
rs1617502	rs1617502	GRCh37	116	2026-09-21	non_coding_transcript_exon_variant	7	99809835	99809835	C/A/G/T	intron_variant	MODIFIER	ENSG00000066923	STAG3	ENST00000317296	protein_coding							Ensembl VEP GRCh37 REST	ANNOTATED
rs1617502	rs1617502	GRCh37	116	2026-09-21	non_coding_transcript_exon_variant	7	99809835	99809835	C/A/G/T	intron_variant	MODIFIER	ENSG00000066923	STAG3	ENST00000317296	protein_coding							Ensembl VEP GRCh37 REST	ANNOTATED
rs1617502	rs1617502	GRCh37	116	2026-09-21	non_coding_transcript_exon_variant	7	99809835	99809835	C/A/G/T	intron_variant;non_coding_transcript_variant	MODIFIER	ENSG00000239521	GATS	ENST00000328453	processed_transcript							Ensembl VEP GRCh37 REST	ANNOTATED
rs1617502	rs1617502	GRCh37	116	2026-09-21	non_coding_transcript_exon_variant	7	99809835	99809835	C/A/G/T	intron_variant;non_coding_transcript_variant	MODIFIER	ENSG00000239521	GATS	ENST00000328453	processed_transcript							Ensembl VEP GRCh37 REST	ANNOTATED
rs1617502	rs1617502	GRCh37	116	2026-09-21	non_coding_transcript_exon_variant	7	99809835	99809835	C/A/G/T	intron_variant;non_coding_transcript_variant	MODIFIER	ENSG00000239521	GATS	ENST00000328453	processed_transcript							Ensembl VEP GRCh37 REST	ANNOTATED
rs1617502	rs1617502	GRCh37	116	2026-09-21	non_coding_transcript_exon_variant	7	99809835	99809835	C/A/G/T	intron_variant	MODIFIER	ENSG00000066923	STAG3	ENST00000394018	protein_coding							Ensembl VEP GRCh37 REST	ANNOTATED
rs1617502	rs1617502	GRCh37	116	2026-09-21	non_coding_transcript_exon_variant	7	99809835	99809835	C/A/G/T	intron_variant	MODIFIER	ENSG00000066923	STAG3	ENST00000394018	protein_coding							Ensembl VEP GRCh37 REST	ANNOTATED
rs1617502	rs1617502	GRCh37	116	2026-09-21	non_coding_transcript_exon_variant	7	99809835	99809835	C/A/G/T	intron_variant	MODIFIER	ENSG00000066923	STAG3	ENST00000394018	protein_coding							Ensembl VEP GRCh37 REST	ANNOTATED
rs1617502	rs1617502	GRCh37	116	2026-09-21	non_coding_transcript_exon_variant	7	99809835	99809835	C/A/G/T	intron_variant	MODIFIER	ENSG00000066923	STAG3	ENST00000412190	protein_coding							Ensembl VEP GRCh37 REST	ANNOTATED
rs1617502	rs1617502	GRCh37	116	2026-09-21	non_coding_transcript_exon_variant	7	99809835	99809835	C/A/G/T	intron_variant	MODIFIER	ENSG00000066923	STAG3	ENST00000412190	protein_coding							Ensembl VEP GRCh37 REST	ANNOTATED
rs1617502	rs1617502	GRCh37	116	2026-09-21	non_coding_transcript_exon_variant	7	99809835	99809835	C/A/G/T	intron_variant	MODIFIER	ENSG00000066923	STAG3	ENST00000412190	protein_coding							Ensembl VEP GRCh37 REST	ANNOTATED
rs1617502	rs1617502	GRCh37	116	2026-09-21	non_coding_transcript_exon_variant	7	99809835	99809835	C/A/G/T	non_coding_transcript_exon_variant	MODIFIER	ENSG00000239521	GATS	ENST00000414739	processed_transcript							Ensembl VEP GRCh37 REST	ANNOTATED
rs1617502	rs1617502	GRCh37	116	2026-09-21	non_coding_transcript_exon_variant	7	99809835	99809835	C/A/G/T	non_coding_transcript_exon_variant	MODIFIER	ENSG00000239521	GATS	ENST00000414739	processed_transcript							Ensembl VEP GRCh37 REST	ANNOTATED
rs1617502	rs1617502	GRCh37	116	2026-09-21	non_coding_transcript_exon_variant	7	99809835	99809835	C/A/G/T	non_coding_transcript_exon_variant	MODIFIER	ENSG00000239521	GATS	ENST00000414739	processed_transcript							Ensembl VEP GRCh37 REST	ANNOTATED
rs1617502	rs1617502	GRCh37	116	2026-09-21	non_coding_transcript_exon_variant	7	99809835	99809835	C/A/G/T	upstream_gene_variant	MODIFIER	ENSG00000239521	GATS	ENST00000414997	processed_transcript					661		Ensembl VEP GRCh37 REST	ANNOTATED
rs1617502	rs1617502	GRCh37	116	2026-09-21	non_coding_transcript_exon_variant	7	99809835	99809835	C/A/G/T	upstream_gene_variant	MODIFIER	ENSG00000239521	GATS	ENST00000414997	processed_transcript					661		Ensembl VEP GRCh37 REST	ANNOTATED
rs1617502	rs1617502	GRCh37	116	2026-09-21	non_coding_transcript_exon_variant	7	99809835	99809835	C/A/G/T	upstream_gene_variant	MODIFIER	ENSG00000239521	GATS	ENST00000414997	processed_transcript					661		Ensembl VEP GRCh37 REST	ANNOTATED
rs1617502	rs1617502	GRCh37	116	2026-09-21	non_coding_transcript_exon_variant	7	99809835	99809835	C/A/G/T	intron_variant	MODIFIER	ENSG00000066923	STAG3	ENST00000426455	protein_coding							Ensembl VEP GRCh37 REST	ANNOTATED
rs1617502	rs1617502	GRCh37	116	2026-09-21	non_coding_transcript_exon_variant	7	99809835	99809835	C/A/G/T	intron_variant	MODIFIER	ENSG00000066923	STAG3	ENST00000426455	protein_coding							Ensembl VEP GRCh37 REST	ANNOTATED
rs1617502	rs1617502	GRCh37	116	2026-09-21	non_coding_transcript_exon_variant	7	99809835	99809835	C/A/G/T	intron_variant	MODIFIER	ENSG00000066923	STAG3	ENST00000426455	protein_coding							Ensembl VEP GRCh37 REST	ANNOTATED
rs1617502	rs1617502	GRCh37	116	2026-09-21	non_coding_transcript_exon_variant	7	99809835	99809835	C/A/G/T	intron_variant;non_coding_transcript_variant	MODIFIER	ENSG00000239521	GATS	ENST00000435519	processed_transcript							Ensembl VEP GRCh37 REST	ANNOTATED
rs1617502	rs1617502	GRCh37	116	2026-09-21	non_coding_transcript_exon_variant	7	99809835	99809835	C/A/G/T	intron_variant;non_coding_transcript_variant	MODIFIER	ENSG00000239521	GATS	ENST00000435519	processed_transcript							Ensembl VEP GRCh37 REST	ANNOTATED
rs1617502	rs1617502	GRCh37	116	2026-09-21	non_coding_transcript_exon_variant	7	99809835	99809835	C/A/G/T	intron_variant;non_coding_transcript_variant	MODIFIER	ENSG00000239521	GATS	ENST00000435519	processed_transcript							Ensembl VEP GRCh37 REST	ANNOTATED
rs1617502	rs1617502	GRCh37	116	2026-09-21	non_coding_transcript_exon_variant	7	99809835	99809835	C/A/G/T	intron_variant	MODIFIER	ENSG00000160844	GATS	ENST00000436886	protein_coding							Ensembl VEP GRCh37 REST	ANNOTATED
rs1617502	rs1617502	GRCh37	116	2026-09-21	non_coding_transcript_exon_variant	7	99809835	99809835	C/A/G/T	intron_variant	MODIFIER	ENSG00000160844	GATS	ENST00000436886	protein_coding							Ensembl VEP GRCh37 REST	ANNOTATED
rs1617502	rs1617502	GRCh37	116	2026-09-21	non_coding_transcript_exon_variant	7	99809835	99809835	C/A/G/T	intron_variant	MODIFIER	ENSG00000160844	GATS	ENST00000436886	protein_coding							Ensembl VEP GRCh37 REST	ANNOTATED
rs1617502	rs1617502	GRCh37	116	2026-09-21	non_coding_transcript_exon_variant	7	99809835	99809835	C/A/G/T	intron_variant;non_coding_transcript_variant	MODIFIER	ENSG00000239521	GATS	ENST00000437485	processed_transcript							Ensembl VEP GRCh37 REST	ANNOTATED
rs1617502	rs1617502	GRCh37	116	2026-09-21	non_coding_transcript_exon_variant	7	99809835	99809835	C/A/G/T	intron_variant;non_coding_transcript_variant	MODIFIER	ENSG00000239521	GATS	ENST00000437485	processed_transcript							Ensembl VEP GRCh37 REST	ANNOTATED
rs1617502	rs1617502	GRCh37	116	2026-09-21	non_coding_transcript_exon_variant	7	99809835	99809835	C/A/G/T	intron_variant;non_coding_transcript_variant	MODIFIER	ENSG00000239521	GATS	ENST00000437485	processed_transcript							Ensembl VEP GRCh37 REST	ANNOTATED
rs1617502	rs1617502	GRCh37	116	2026-09-21	non_coding_transcript_exon_variant	7	99809835	99809835	C/A/G/T	intron_variant;non_coding_transcript_variant	MODIFIER	ENSG00000239521	GATS	ENST00000440058	processed_transcript							Ensembl VEP GRCh37 REST	ANNOTATED
rs1617502	rs1617502	GRCh37	116	2026-09-21	non_coding_transcript_exon_variant	7	99809835	99809835	C/A/G/T	intron_variant;non_coding_transcript_variant	MODIFIER	ENSG00000239521	GATS	ENST00000440058	processed_transcript							Ensembl VEP GRCh37 REST	ANNOTATED
rs1617502	rs1617502	GRCh37	116	2026-09-21	non_coding_transcript_exon_variant	7	99809835	99809835	C/A/G/T	intron_variant;non_coding_transcript_variant	MODIFIER	ENSG00000239521	GATS	ENST00000440058	processed_transcript							Ensembl VEP GRCh37 REST	ANNOTATED
rs1617502	rs1617502	GRCh37	116	2026-09-21	non_coding_transcript_exon_variant	7	99809835	99809835	C/A/G/T	intron_variant;non_coding_transcript_variant	MODIFIER	ENSG00000066923	STAG3	ENST00000440830	processed_transcript							Ensembl VEP GRCh37 REST	ANNOTATED
rs1617502	rs1617502	GRCh37	116	2026-09-21	non_coding_transcript_exon_variant	7	99809835	99809835	C/A/G/T	intron_variant;non_coding_transcript_variant	MODIFIER	ENSG00000066923	STAG3	ENST00000440830	processed_transcript							Ensembl VEP GRCh37 REST	ANNOTATED
rs1617502	rs1617502	GRCh37	116	2026-09-21	non_coding_transcript_exon_variant	7	99809835	99809835	C/A/G/T	intron_variant;non_coding_transcript_variant	MODIFIER	ENSG00000066923	STAG3	ENST00000440830	processed_transcript							Ensembl VEP GRCh37 REST	ANNOTATED
rs1617502	rs1617502	GRCh37	116	2026-09-21	non_coding_transcript_exon_variant	7	99809835	99809835	C/A/G/T	intron_variant;non_coding_transcript_variant	MODIFIER	ENSG00000239521	GATS	ENST00000445230	processed_transcript							Ensembl VEP GRCh37 REST	ANNOTATED
rs1617502	rs1617502	GRCh37	116	2026-09-21	non_coding_transcript_exon_variant	7	99809835	99809835	C/A/G/T	intron_variant;non_coding_transcript_variant	MODIFIER	ENSG00000239521	GATS	ENST00000445230	processed_transcript							Ensembl VEP GRCh37 REST	ANNOTATED
rs1617502	rs1617502	GRCh37	116	2026-09-21	non_coding_transcript_exon_variant	7	99809835	99809835	C/A/G/T	intron_variant;non_coding_transcript_variant	MODIFIER	ENSG00000239521	GATS	ENST00000445230	processed_transcript							Ensembl VEP GRCh37 REST	ANNOTATED
rs1617502	rs1617502	GRCh37	116	2026-09-21	non_coding_transcript_exon_variant	7	99809835	99809835	C/A/G/T	intron_variant;NMD_transcript_variant	MODIFIER	ENSG00000066923	STAG3	ENST00000451963	nonsense_mediated_decay							Ensembl VEP GRCh37 REST	ANNOTATED
rs1617502	rs1617502	GRCh37	116	2026-09-21	non_coding_transcript_exon_variant	7	99809835	99809835	C/A/G/T	intron_variant;NMD_transcript_variant	MODIFIER	ENSG00000066923	STAG3	ENST00000451963	nonsense_mediated_decay							Ensembl VEP GRCh37 REST	ANNOTATED
rs1617502	rs1617502	GRCh37	116	2026-09-21	non_coding_transcript_exon_variant	7	99809835	99809835	C/A/G/T	intron_variant;NMD_transcript_variant	MODIFIER	ENSG00000066923	STAG3	ENST00000451963	nonsense_mediated_decay							Ensembl VEP GRCh37 REST	ANNOTATED
rs1617502	rs1617502	GRCh37	116	2026-09-21	non_coding_transcript_exon_variant	7	99809835	99809835	C/A/G/T	intron_variant;non_coding_transcript_variant	MODIFIER	ENSG00000239521	GATS	ENST00000454084	processed_transcript							Ensembl VEP GRCh37 REST	ANNOTATED
rs1617502	rs1617502	GRCh37	116	2026-09-21	non_coding_transcript_exon_variant	7	99809835	99809835	C/A/G/T	intron_variant;non_coding_transcript_variant	MODIFIER	ENSG00000239521	GATS	ENST00000454084	processed_transcript							Ensembl VEP GRCh37 REST	ANNOTATED
rs1617502	rs1617502	GRCh37	116	2026-09-21	non_coding_transcript_exon_variant	7	99809835	99809835	C/A/G/T	intron_variant;non_coding_transcript_variant	MODIFIER	ENSG00000239521	GATS	ENST00000454084	processed_transcript							Ensembl VEP GRCh37 REST	ANNOTATED
rs1617502	rs1617502	GRCh37	116	2026-09-21	non_coding_transcript_exon_variant	7	99809835	99809835	C/A/G/T	intron_variant;non_coding_transcript_variant	MODIFIER	ENSG00000066923	STAG3	ENST00000491498	processed_transcript							Ensembl VEP GRCh37 REST	ANNOTATED
rs1617502	rs1617502	GRCh37	116	2026-09-21	non_coding_transcript_exon_variant	7	99809835	99809835	C/A/G/T	intron_variant;non_coding_transcript_variant	MODIFIER	ENSG00000066923	STAG3	ENST00000491498	processed_transcript							Ensembl VEP GRCh37 REST	ANNOTATED
rs1617502	rs1617502	GRCh37	116	2026-09-21	non_coding_transcript_exon_variant	7	99809835	99809835	C/A/G/T	intron_variant;non_coding_transcript_variant	MODIFIER	ENSG00000066923	STAG3	ENST00000491498	processed_transcript							Ensembl VEP GRCh37 REST	ANNOTATED
rs1617502	rs1617502	GRCh37	116	2026-09-21	non_coding_transcript_exon_variant	7	99809835	99809835	C/A/G/T	intron_variant;non_coding_transcript_variant	MODIFIER	ENSG00000066923	STAG3	ENST00000492674	retained_intron							Ensembl VEP GRCh37 REST	ANNOTATED
rs1617502	rs1617502	GRCh37	116	2026-09-21	non_coding_transcript_exon_variant	7	99809835	99809835	C/A/G/T	intron_variant;non_coding_transcript_variant	MODIFIER	ENSG00000066923	STAG3	ENST00000492674	retained_intron							Ensembl VEP GRCh37 REST	ANNOTATED
rs1617502	rs1617502	GRCh37	116	2026-09-21	non_coding_transcript_exon_variant	7	99809835	99809835	C/A/G/T	intron_variant;non_coding_transcript_variant	MODIFIER	ENSG00000066923	STAG3	ENST00000492674	retained_intron							Ensembl VEP GRCh37 REST	ANNOTATED
rs1617502	rs1617502	GRCh37	116	2026-09-21	non_coding_transcript_exon_variant	7	99809835	99809835	C/A/G/T	intron_variant;non_coding_transcript_variant	MODIFIER	ENSG00000066923	STAG3	ENST00000496157	retained_intron							Ensembl VEP GRCh37 REST	ANNOTATED
rs1617502	rs1617502	GRCh37	116	2026-09-21	non_coding_transcript_exon_variant	7	99809835	99809835	C/A/G/T	intron_variant;non_coding_transcript_variant	MODIFIER	ENSG00000066923	STAG3	ENST00000496157	retained_intron							Ensembl VEP GRCh37 REST	ANNOTATED
rs1617502	rs1617502	GRCh37	116	2026-09-21	non_coding_transcript_exon_variant	7	99809835	99809835	C/A/G/T	intron_variant;non_coding_transcript_variant	MODIFIER	ENSG00000066923	STAG3	ENST00000496157	retained_intron							Ensembl VEP GRCh37 REST	ANNOTATED
rs1617502	rs1617502	GRCh37	116	2026-09-21	non_coding_transcript_exon_variant	7	99809835	99809835	C/A/G/T	intron_variant;non_coding_transcript_variant	MODIFIER	ENSG00000239521	GATS	ENST00000543273	processed_transcript							Ensembl VEP GRCh37 REST	ANNOTATED
rs1617502	rs1617502	GRCh37	116	2026-09-21	non_coding_transcript_exon_variant	7	99809835	99809835	C/A/G/T	intron_variant;non_coding_transcript_variant	MODIFIER	ENSG00000239521	GATS	ENST00000543273	processed_transcript							Ensembl VEP GRCh37 REST	ANNOTATED
rs1617502	rs1617502	GRCh37	116	2026-09-21	non_coding_transcript_exon_variant	7	99809835	99809835	C/A/G/T	intron_variant;non_coding_transcript_variant	MODIFIER	ENSG00000239521	GATS	ENST00000543273	processed_transcript							Ensembl VEP GRCh37 REST	ANNOTATED
rs2938154	rs2938154	GRCh37	116	2026-09-21	intergenic_variant	1	176385265	176385265	T/A/C/G	intergenic_variant												Ensembl VEP GRCh37 REST	INTERGENIC_ANNOTATION
rs2938154	rs2938154	GRCh37	116	2026-09-21	intergenic_variant	1	176385265	176385265	T/A/C/G	intergenic_variant												Ensembl VEP GRCh37 REST	INTERGENIC_ANNOTATION
rs2938154	rs2938154	GRCh37	116	2026-09-21	intergenic_variant	1	176385265	176385265	T/A/C/G	intergenic_variant												Ensembl VEP GRCh37 REST	INTERGENIC_ANNOTATION
rs10502145	rs10502145	GRCh37	116	2026-09-21	intron_variant	11	111525069	111525069	T/C	intron_variant	MODIFIER	ENSG00000170145	SIK2	ENST00000304987	protein_coding							Ensembl VEP GRCh37 REST	ANNOTATED
rs3851734	rs3851734	GRCh37	116	2026-09-21	intron_variant	16	75371920	75371920	T/A/C	intron_variant	MODIFIER	ENSG00000153774	CFDP1	ENST00000283882	protein_coding							Ensembl VEP GRCh37 REST	ANNOTATED
rs3851734	rs3851734	GRCh37	116	2026-09-21	intron_variant	16	75371920	75371920	T/A/C	intron_variant	MODIFIER	ENSG00000153774	CFDP1	ENST00000283882	protein_coding							Ensembl VEP GRCh37 REST	ANNOTATED
rs3851734	rs3851734	GRCh37	116	2026-09-21	intron_variant	16	75371920	75371920	T/A/C	intron_variant;non_coding_transcript_variant	MODIFIER	ENSG00000153774	CFDP1	ENST00000564793	processed_transcript							Ensembl VEP GRCh37 REST	ANNOTATED
rs3851734	rs3851734	GRCh37	116	2026-09-21	intron_variant	16	75371920	75371920	T/A/C	intron_variant;non_coding_transcript_variant	MODIFIER	ENSG00000153774	CFDP1	ENST00000564793	processed_transcript							Ensembl VEP GRCh37 REST	ANNOTATED
rs12936927	rs12936927	GRCh37	116	2026-09-21	intron_variant	17	17726965	17726965	C/A/G/T	intron_variant	MODIFIER	ENSG00000072310	SREBF1	ENST00000261646	protein_coding							Ensembl VEP GRCh37 REST	ANNOTATED
rs12936927	rs12936927	GRCh37	116	2026-09-21	intron_variant	17	17726965	17726965	C/A/G/T	intron_variant	MODIFIER	ENSG00000072310	SREBF1	ENST00000261646	protein_coding							Ensembl VEP GRCh37 REST	ANNOTATED
rs12936927	rs12936927	GRCh37	116	2026-09-21	intron_variant	17	17726965	17726965	C/A/G/T	intron_variant	MODIFIER	ENSG00000072310	SREBF1	ENST00000261646	protein_coding							Ensembl VEP GRCh37 REST	ANNOTATED
rs12936927	rs12936927	GRCh37	116	2026-09-21	intron_variant	17	17726965	17726965	C/A/G/T	intron_variant	MODIFIER	ENSG00000072310	SREBF1	ENST00000338854	protein_coding							Ensembl VEP GRCh37 REST	ANNOTATED
rs12936927	rs12936927	GRCh37	116	2026-09-21	intron_variant	17	17726965	17726965	C/A/G/T	intron_variant	MODIFIER	ENSG00000072310	SREBF1	ENST00000338854	protein_coding							Ensembl VEP GRCh37 REST	ANNOTATED
rs12936927	rs12936927	GRCh37	116	2026-09-21	intron_variant	17	17726965	17726965	C/A/G/T	intron_variant	MODIFIER	ENSG00000072310	SREBF1	ENST00000338854	protein_coding							Ensembl VEP GRCh37 REST	ANNOTATED
rs12936927	rs12936927	GRCh37	116	2026-09-21	intron_variant	17	17726965	17726965	C/A/G/T	intron_variant	MODIFIER	ENSG00000072310	SREBF1	ENST00000355815	protein_coding							Ensembl VEP GRCh37 REST	ANNOTATED
rs12936927	rs12936927	GRCh37	116	2026-09-21	intron_variant	17	17726965	17726965	C/A/G/T	intron_variant	MODIFIER	ENSG00000072310	SREBF1	ENST00000355815	protein_coding							Ensembl VEP GRCh37 REST	ANNOTATED
rs12936927	rs12936927	GRCh37	116	2026-09-21	intron_variant	17	17726965	17726965	C/A/G/T	intron_variant	MODIFIER	ENSG00000072310	SREBF1	ENST00000355815	protein_coding							Ensembl VEP GRCh37 REST	ANNOTATED
rs12936927	rs12936927	GRCh37	116	2026-09-21	intron_variant	17	17726965	17726965	C/A/G/T	upstream_gene_variant	MODIFIER	ENSG00000072310	SREBF1	ENST00000395751	nonsense_mediated_decay					2787		Ensembl VEP GRCh37 REST	ANNOTATED
rs12936927	rs12936927	GRCh37	116	2026-09-21	intron_variant	17	17726965	17726965	C/A/G/T	upstream_gene_variant	MODIFIER	ENSG00000072310	SREBF1	ENST00000395751	nonsense_mediated_decay					2787		Ensembl VEP GRCh37 REST	ANNOTATED
rs12936927	rs12936927	GRCh37	116	2026-09-21	intron_variant	17	17726965	17726965	C/A/G/T	upstream_gene_variant	MODIFIER	ENSG00000072310	SREBF1	ENST00000395751	nonsense_mediated_decay					2787		Ensembl VEP GRCh37 REST	ANNOTATED
rs12936927	rs12936927	GRCh37	116	2026-09-21	intron_variant	17	17726965	17726965	C/A/G/T	upstream_gene_variant	MODIFIER	ENSG00000072310	SREBF1	ENST00000395757	protein_coding					3700		Ensembl VEP GRCh37 REST	ANNOTATED
rs12936927	rs12936927	GRCh37	116	2026-09-21	intron_variant	17	17726965	17726965	C/A/G/T	upstream_gene_variant	MODIFIER	ENSG00000072310	SREBF1	ENST00000395757	protein_coding					3700		Ensembl VEP GRCh37 REST	ANNOTATED
rs12936927	rs12936927	GRCh37	116	2026-09-21	intron_variant	17	17726965	17726965	C/A/G/T	upstream_gene_variant	MODIFIER	ENSG00000072310	SREBF1	ENST00000395757	protein_coding					3700		Ensembl VEP GRCh37 REST	ANNOTATED
rs12936927	rs12936927	GRCh37	116	2026-09-21	intron_variant	17	17726965	17726965	C/A/G/T	upstream_gene_variant	MODIFIER	ENSG00000072310	SREBF1	ENST00000423161	protein_coding					33		Ensembl VEP GRCh37 REST	ANNOTATED
rs12936927	rs12936927	GRCh37	116	2026-09-21	intron_variant	17	17726965	17726965	C/A/G/T	upstream_gene_variant	MODIFIER	ENSG00000072310	SREBF1	ENST00000423161	protein_coding					33		Ensembl VEP GRCh37 REST	ANNOTATED
rs12936927	rs12936927	GRCh37	116	2026-09-21	intron_variant	17	17726965	17726965	C/A/G/T	upstream_gene_variant	MODIFIER	ENSG00000072310	SREBF1	ENST00000423161	protein_coding					33		Ensembl VEP GRCh37 REST	ANNOTATED
rs12936927	rs12936927	GRCh37	116	2026-09-21	intron_variant	17	17726965	17726965	C/A/G/T	intron_variant	MODIFIER	ENSG00000072310	SREBF1	ENST00000435530	protein_coding							Ensembl VEP GRCh37 REST	ANNOTATED
rs12936927	rs12936927	GRCh37	116	2026-09-21	intron_variant	17	17726965	17726965	C/A/G/T	intron_variant	MODIFIER	ENSG00000072310	SREBF1	ENST00000435530	protein_coding							Ensembl VEP GRCh37 REST	ANNOTATED
rs12936927	rs12936927	GRCh37	116	2026-09-21	intron_variant	17	17726965	17726965	C/A/G/T	intron_variant	MODIFIER	ENSG00000072310	SREBF1	ENST00000435530	protein_coding							Ensembl VEP GRCh37 REST	ANNOTATED
rs12936927	rs12936927	GRCh37	116	2026-09-21	intron_variant	17	17726965	17726965	C/A/G/T	upstream_gene_variant	MODIFIER	ENSG00000072310	SREBF1	ENST00000469356	retained_intron					4909		Ensembl VEP GRCh37 REST	ANNOTATED
rs12936927	rs12936927	GRCh37	116	2026-09-21	intron_variant	17	17726965	17726965	C/A/G/T	upstream_gene_variant	MODIFIER	ENSG00000072310	SREBF1	ENST00000469356	retained_intron					4909		Ensembl VEP GRCh37 REST	ANNOTATED
rs12936927	rs12936927	GRCh37	116	2026-09-21	intron_variant	17	17726965	17726965	C/A/G/T	upstream_gene_variant	MODIFIER	ENSG00000072310	SREBF1	ENST00000469356	retained_intron					4909		Ensembl VEP GRCh37 REST	ANNOTATED
rs12936927	rs12936927	GRCh37	116	2026-09-21	intron_variant	17	17726965	17726965	C/A/G/T	upstream_gene_variant	MODIFIER	ENSG00000072310	SREBF1	ENST00000470247	retained_intron					4417		Ensembl VEP GRCh37 REST	ANNOTATED
rs12936927	rs12936927	GRCh37	116	2026-09-21	intron_variant	17	17726965	17726965	C/A/G/T	upstream_gene_variant	MODIFIER	ENSG00000072310	SREBF1	ENST00000470247	retained_intron					4417		Ensembl VEP GRCh37 REST	ANNOTATED
rs12936927	rs12936927	GRCh37	116	2026-09-21	intron_variant	17	17726965	17726965	C/A/G/T	upstream_gene_variant	MODIFIER	ENSG00000072310	SREBF1	ENST00000470247	retained_intron					4417		Ensembl VEP GRCh37 REST	ANNOTATED
rs12936927	rs12936927	GRCh37	116	2026-09-21	intron_variant	17	17726965	17726965	C/A/G/T	upstream_gene_variant	MODIFIER	ENSG00000072310	SREBF1	ENST00000476994	retained_intron					57		Ensembl VEP GRCh37 REST	ANNOTATED
rs12936927	rs12936927	GRCh37	116	2026-09-21	intron_variant	17	17726965	17726965	C/A/G/T	upstream_gene_variant	MODIFIER	ENSG00000072310	SREBF1	ENST00000476994	retained_intron					57		Ensembl VEP GRCh37 REST	ANNOTATED
rs12936927	rs12936927	GRCh37	116	2026-09-21	intron_variant	17	17726965	17726965	C/A/G/T	upstream_gene_variant	MODIFIER	ENSG00000072310	SREBF1	ENST00000476994	retained_intron					57		Ensembl VEP GRCh37 REST	ANNOTATED
rs12936927	rs12936927	GRCh37	116	2026-09-21	intron_variant	17	17726965	17726965	C/A/G/T	upstream_gene_variant	MODIFIER	ENSG00000072310	SREBF1	ENST00000577897	protein_coding					3141		Ensembl VEP GRCh37 REST	ANNOTATED
rs12936927	rs12936927	GRCh37	116	2026-09-21	intron_variant	17	17726965	17726965	C/A/G/T	upstream_gene_variant	MODIFIER	ENSG00000072310	SREBF1	ENST00000577897	protein_coding					3141		Ensembl VEP GRCh37 REST	ANNOTATED
rs12936927	rs12936927	GRCh37	116	2026-09-21	intron_variant	17	17726965	17726965	C/A/G/T	upstream_gene_variant	MODIFIER	ENSG00000072310	SREBF1	ENST00000577897	protein_coding					3141		Ensembl VEP GRCh37 REST	ANNOTATED
rs12936927	rs12936927	GRCh37	116	2026-09-21	intron_variant	17	17726965	17726965	C/A/G/T	upstream_gene_variant	MODIFIER	ENSG00000072310	SREBF1	ENST00000583732	processed_transcript					47		Ensembl VEP GRCh37 REST	ANNOTATED
rs12936927	rs12936927	GRCh37	116	2026-09-21	intron_variant	17	17726965	17726965	C/A/G/T	upstream_gene_variant	MODIFIER	ENSG00000072310	SREBF1	ENST00000583732	processed_transcript					47		Ensembl VEP GRCh37 REST	ANNOTATED
rs12936927	rs12936927	GRCh37	116	2026-09-21	intron_variant	17	17726965	17726965	C/A/G/T	upstream_gene_variant	MODIFIER	ENSG00000072310	SREBF1	ENST00000583732	processed_transcript					47		Ensembl VEP GRCh37 REST	ANNOTATED
rs4566208	rs4566208	GRCh37	116	2026-09-21	intron_variant	17	16010920	16010920	A/C/G	intron_variant	MODIFIER	ENSG00000141027	NCOR1	ENST00000268712	protein_coding							Ensembl VEP GRCh37 REST	ANNOTATED
rs4566208	rs4566208	GRCh37	116	2026-09-21	intron_variant	17	16010920	16010920	A/C/G	intron_variant	MODIFIER	ENSG00000141027	NCOR1	ENST00000268712	protein_coding							Ensembl VEP GRCh37 REST	ANNOTATED
rs4566208	rs4566208	GRCh37	116	2026-09-21	intron_variant	17	16010920	16010920	A/C/G	intron_variant	MODIFIER	ENSG00000141027	NCOR1	ENST00000395848	protein_coding							Ensembl VEP GRCh37 REST	ANNOTATED
rs4566208	rs4566208	GRCh37	116	2026-09-21	intron_variant	17	16010920	16010920	A/C/G	intron_variant	MODIFIER	ENSG00000141027	NCOR1	ENST00000395848	protein_coding							Ensembl VEP GRCh37 REST	ANNOTATED
rs4566208	rs4566208	GRCh37	116	2026-09-21	intron_variant	17	16010920	16010920	A/C/G	intron_variant	MODIFIER	ENSG00000141027	NCOR1	ENST00000395851	protein_coding							Ensembl VEP GRCh37 REST	ANNOTATED
rs4566208	rs4566208	GRCh37	116	2026-09-21	intron_variant	17	16010920	16010920	A/C/G	intron_variant	MODIFIER	ENSG00000141027	NCOR1	ENST00000395851	protein_coding							Ensembl VEP GRCh37 REST	ANNOTATED
rs4566208	rs4566208	GRCh37	116	2026-09-21	intron_variant	17	16010920	16010920	A/C/G	intron_variant;non_coding_transcript_variant	MODIFIER	ENSG00000141027	NCOR1	ENST00000583226	processed_transcript							Ensembl VEP GRCh37 REST	ANNOTATED
rs4566208	rs4566208	GRCh37	116	2026-09-21	intron_variant	17	16010920	16010920	A/C/G	intron_variant;non_coding_transcript_variant	MODIFIER	ENSG00000141027	NCOR1	ENST00000583226	processed_transcript							Ensembl VEP GRCh37 REST	ANNOTATED
rs4750356	rs4750356	GRCh37	116	2026-09-21	3_prime_UTR_variant	10	13480789	13480789	A/C/G	3_prime_UTR_variant	MODIFIER	ENSG00000165626	BEND7	ENST00000341083	protein_coding							Ensembl VEP GRCh37 REST	ANNOTATED
rs4750356	rs4750356	GRCh37	116	2026-09-21	3_prime_UTR_variant	10	13480789	13480789	A/C/G	3_prime_UTR_variant	MODIFIER	ENSG00000165626	BEND7	ENST00000341083	protein_coding							Ensembl VEP GRCh37 REST	ANNOTATED
rs4750356	rs4750356	GRCh37	116	2026-09-21	3_prime_UTR_variant	10	13480789	13480789	A/C/G	downstream_gene_variant	MODIFIER	ENSG00000165626	BEND7	ENST00000378605	protein_coding					2566		Ensembl VEP GRCh37 REST	ANNOTATED
rs4750356	rs4750356	GRCh37	116	2026-09-21	3_prime_UTR_variant	10	13480789	13480789	A/C/G	downstream_gene_variant	MODIFIER	ENSG00000165626	BEND7	ENST00000378605	protein_coding					2566		Ensembl VEP GRCh37 REST	ANNOTATED
rs4750356	rs4750356	GRCh37	116	2026-09-21	3_prime_UTR_variant	10	13480789	13480789	A/C/G	downstream_gene_variant	MODIFIER	ENSG00000165626	BEND7	ENST00000396898	protein_coding					2301		Ensembl VEP GRCh37 REST	ANNOTATED
rs4750356	rs4750356	GRCh37	116	2026-09-21	3_prime_UTR_variant	10	13480789	13480789	A/C/G	downstream_gene_variant	MODIFIER	ENSG00000165626	BEND7	ENST00000396898	protein_coding					2301		Ensembl VEP GRCh37 REST	ANNOTATED
rs4750356	rs4750356	GRCh37	116	2026-09-21	3_prime_UTR_variant	10	13480789	13480789	A/C/G	3_prime_UTR_variant	MODIFIER	ENSG00000165626	BEND7	ENST00000396900	protein_coding							Ensembl VEP GRCh37 REST	ANNOTATED
rs4750356	rs4750356	GRCh37	116	2026-09-21	3_prime_UTR_variant	10	13480789	13480789	A/C/G	3_prime_UTR_variant	MODIFIER	ENSG00000165626	BEND7	ENST00000396900	protein_coding							Ensembl VEP GRCh37 REST	ANNOTATED
rs4750356	rs4750356	GRCh37	116	2026-09-21	3_prime_UTR_variant	10	13480789	13480789	A/C/G	downstream_gene_variant	MODIFIER	ENSG00000165626	BEND7	ENST00000440282	protein_coding					2299		Ensembl VEP GRCh37 REST	ANNOTATED
rs4750356	rs4750356	GRCh37	116	2026-09-21	3_prime_UTR_variant	10	13480789	13480789	A/C/G	downstream_gene_variant	MODIFIER	ENSG00000165626	BEND7	ENST00000440282	protein_coding					2299		Ensembl VEP GRCh37 REST	ANNOTATED
rs4750356	rs4750356	GRCh37	116	2026-09-21	3_prime_UTR_variant	10	13480789	13480789	A/C/G	downstream_gene_variant	MODIFIER	ENSG00000165626	BEND7	ENST00000480703	processed_transcript					4191		Ensembl VEP GRCh37 REST	ANNOTATED
rs4750356	rs4750356	GRCh37	116	2026-09-21	3_prime_UTR_variant	10	13480789	13480789	A/C/G	downstream_gene_variant	MODIFIER	ENSG00000165626	BEND7	ENST00000480703	processed_transcript					4191		Ensembl VEP GRCh37 REST	ANNOTATED
rs4750356	rs4750356	GRCh37	116	2026-09-21	3_prime_UTR_variant	10	13480789	13480789	A/C/G	non_coding_transcript_exon_variant	MODIFIER	ENSG00000165626	BEND7	ENST00000486542	processed_transcript							Ensembl VEP GRCh37 REST	ANNOTATED
rs4750356	rs4750356	GRCh37	116	2026-09-21	3_prime_UTR_variant	10	13480789	13480789	A/C/G	non_coding_transcript_exon_variant	MODIFIER	ENSG00000165626	BEND7	ENST00000486542	processed_transcript							Ensembl VEP GRCh37 REST	ANNOTATED
rs11870660	rs11870660	GRCh37	116	2026-09-21	5_prime_UTR_variant	17	17877096	17877096	C/T	intron_variant	MODIFIER	ENSG00000171962	LRRC48	ENST00000313838	protein_coding							Ensembl VEP GRCh37 REST	ANNOTATED
rs11870660	rs11870660	GRCh37	116	2026-09-21	5_prime_UTR_variant	17	17877096	17877096	C/T	upstream_gene_variant	MODIFIER	ENSG00000175662	TOM1L2	ENST00000318094	protein_coding					1385		Ensembl VEP GRCh37 REST	ANNOTATED
rs11870660	rs11870660	GRCh37	116	2026-09-21	5_prime_UTR_variant	17	17877096	17877096	C/T	upstream_gene_variant	MODIFIER	ENSG00000175662	TOM1L2	ENST00000379504	protein_coding					1385		Ensembl VEP GRCh37 REST	ANNOTATED
rs11870660	rs11870660	GRCh37	116	2026-09-21	5_prime_UTR_variant	17	17877096	17877096	C/T	upstream_gene_variant	MODIFIER	ENSG00000175662	TOM1L2	ENST00000395739	protein_coding					1378		Ensembl VEP GRCh37 REST	ANNOTATED
rs11870660	rs11870660	GRCh37	116	2026-09-21	5_prime_UTR_variant	17	17877096	17877096	C/T	intron_variant	MODIFIER	ENSG00000171962	LRRC48	ENST00000399182	protein_coding							Ensembl VEP GRCh37 REST	ANNOTATED
rs11870660	rs11870660	GRCh37	116	2026-09-21	5_prime_UTR_variant	17	17877096	17877096	C/T	intron_variant	MODIFIER	ENSG00000171962	LRRC48	ENST00000399187	protein_coding							Ensembl VEP GRCh37 REST	ANNOTATED
rs11870660	rs11870660	GRCh37	116	2026-09-21	5_prime_UTR_variant	17	17877096	17877096	C/T	intron_variant	MODIFIER	ENSG00000171962	LRRC48	ENST00000411504	protein_coding							Ensembl VEP GRCh37 REST	ANNOTATED
rs11870660	rs11870660	GRCh37	116	2026-09-21	5_prime_UTR_variant	17	17877096	17877096	C/T	5_prime_UTR_variant	MODIFIER	ENSG00000171962	LRRC48	ENST00000479684	protein_coding							Ensembl VEP GRCh37 REST	ANNOTATED
rs11870660	rs11870660	GRCh37	116	2026-09-21	5_prime_UTR_variant	17	17877096	17877096	C/T	intron_variant;non_coding_transcript_variant	MODIFIER	ENSG00000171962	LRRC48	ENST00000490517	retained_intron							Ensembl VEP GRCh37 REST	ANNOTATED
rs11870660	rs11870660	GRCh37	116	2026-09-21	5_prime_UTR_variant	17	17877096	17877096	C/T	upstream_gene_variant	MODIFIER	ENSG00000175662	TOM1L2	ENST00000535933	protein_coding					1362		Ensembl VEP GRCh37 REST	ANNOTATED
rs11870660	rs11870660	GRCh37	116	2026-09-21	5_prime_UTR_variant	17	17877096	17877096	C/T	upstream_gene_variant	MODIFIER	ENSG00000175662	TOM1L2	ENST00000537091	retained_intron					1385		Ensembl VEP GRCh37 REST	ANNOTATED
rs11870660	rs11870660	GRCh37	116	2026-09-21	5_prime_UTR_variant	17	17877096	17877096	C/T	upstream_gene_variant	MODIFIER	ENSG00000175662	TOM1L2	ENST00000540946	protein_coding					1385		Ensembl VEP GRCh37 REST	ANNOTATED
rs11870660	rs11870660	GRCh37	116	2026-09-21	5_prime_UTR_variant	17	17877096	17877096	C/T	upstream_gene_variant	MODIFIER	ENSG00000175662	TOM1L2	ENST00000542206	protein_coding					1382		Ensembl VEP GRCh37 REST	ANNOTATED
rs11870660	rs11870660	GRCh37	116	2026-09-21	5_prime_UTR_variant	17	17877096	17877096	C/T	upstream_gene_variant	MODIFIER	ENSG00000175662	TOM1L2	ENST00000579586	protein_coding					1360		Ensembl VEP GRCh37 REST	ANNOTATED
rs11870660	rs11870660	GRCh37	116	2026-09-21	5_prime_UTR_variant	17	17877096	17877096	C/T	intron_variant	MODIFIER	ENSG00000171962	LRRC48	ENST00000579977	protein_coding							Ensembl VEP GRCh37 REST	ANNOTATED
rs11870660	rs11870660	GRCh37	116	2026-09-21	5_prime_UTR_variant	17	17877096	17877096	C/T	intron_variant	MODIFIER	ENSG00000171962	LRRC48	ENST00000581264	protein_coding							Ensembl VEP GRCh37 REST	ANNOTATED
rs11870660	rs11870660	GRCh37	116	2026-09-21	5_prime_UTR_variant	17	17877096	17877096	C/T	upstream_gene_variant	MODIFIER	ENSG00000175662	TOM1L2	ENST00000581396	protein_coding					1372		Ensembl VEP GRCh37 REST	ANNOTATED
rs11870660	rs11870660	GRCh37	116	2026-09-21	5_prime_UTR_variant	17	17877096	17877096	C/T	intron_variant	MODIFIER	ENSG00000171962	LRRC48	ENST00000582416	protein_coding							Ensembl VEP GRCh37 REST	ANNOTATED
rs11870660	rs11870660	GRCh37	116	2026-09-21	5_prime_UTR_variant	17	17877096	17877096	C/T	intron_variant	MODIFIER	ENSG00000171962	LRRC48	ENST00000584166	protein_coding							Ensembl VEP GRCh37 REST	ANNOTATED
rs11870660	rs11870660	GRCh37	116	2026-09-21	5_prime_UTR_variant	17	17877096	17877096	C/T	downstream_gene_variant	MODIFIER	ENSG00000171953	ATPAF2	ENST00000584205	nonsense_mediated_decay					3627		Ensembl VEP GRCh37 REST	ANNOTATED
rs11870660	rs11870660	GRCh37	116	2026-09-21	5_prime_UTR_variant	17	17877096	17877096	C/T	intron_variant;non_coding_transcript_variant	MODIFIER	ENSG00000171962	LRRC48	ENST00000585008	processed_transcript							Ensembl VEP GRCh37 REST	ANNOTATED
rs11870660	rs11870660	GRCh37	116	2026-09-21	5_prime_UTR_variant	17	17877096	17877096	C/T	intron_variant	MODIFIER	ENSG00000171962	LRRC48	ENST00000585108	protein_coding							Ensembl VEP GRCh37 REST	ANNOTATED
rs8079321	rs8079321	GRCh37	116	2026-09-21	intron_variant	17	17760789	17760789	T/C	intron_variant	MODIFIER	ENSG00000175662	TOM1L2	ENST00000318094	protein_coding							Ensembl VEP GRCh37 REST	ANNOTATED
rs8079321	rs8079321	GRCh37	116	2026-09-21	intron_variant	17	17760789	17760789	T/C	upstream_gene_variant	MODIFIER	ENSG00000197815	AC122129.1	ENST00000354746	pseudogene					794		Ensembl VEP GRCh37 REST	ANNOTATED
rs8079321	rs8079321	GRCh37	116	2026-09-21	intron_variant	17	17760789	17760789	T/C	intron_variant	MODIFIER	ENSG00000175662	TOM1L2	ENST00000379504	protein_coding							Ensembl VEP GRCh37 REST	ANNOTATED
rs8079321	rs8079321	GRCh37	116	2026-09-21	intron_variant	17	17760789	17760789	T/C	intron_variant	MODIFIER	ENSG00000175662	TOM1L2	ENST00000395739	protein_coding							Ensembl VEP GRCh37 REST	ANNOTATED
rs8079321	rs8079321	GRCh37	116	2026-09-21	intron_variant	17	17760789	17760789	T/C	downstream_gene_variant	MODIFIER	ENSG00000175662	TOM1L2	ENST00000468944	protein_coding					4428		Ensembl VEP GRCh37 REST	ANNOTATED
rs8079321	rs8079321	GRCh37	116	2026-09-21	intron_variant	17	17760789	17760789	T/C	intron_variant	MODIFIER	ENSG00000175662	TOM1L2	ENST00000478943	protein_coding							Ensembl VEP GRCh37 REST	ANNOTATED
rs8079321	rs8079321	GRCh37	116	2026-09-21	intron_variant	17	17760789	17760789	T/C	intron_variant	MODIFIER	ENSG00000175662	TOM1L2	ENST00000535933	protein_coding							Ensembl VEP GRCh37 REST	ANNOTATED
rs8079321	rs8079321	GRCh37	116	2026-09-21	intron_variant	17	17760789	17760789	T/C	intron_variant	MODIFIER	ENSG00000175662	TOM1L2	ENST00000540946	protein_coding							Ensembl VEP GRCh37 REST	ANNOTATED
rs8079321	rs8079321	GRCh37	116	2026-09-21	intron_variant	17	17760789	17760789	T/C	intron_variant	MODIFIER	ENSG00000175662	TOM1L2	ENST00000542206	protein_coding							Ensembl VEP GRCh37 REST	ANNOTATED
rs8079321	rs8079321	GRCh37	116	2026-09-21	intron_variant	17	17760789	17760789	T/C	intron_variant	MODIFIER	ENSG00000175662	TOM1L2	ENST00000581396	protein_coding							Ensembl VEP GRCh37 REST	ANNOTATED
rs1057902	rs1057902	GRCh37	116	2026-09-21	3_prime_UTR_variant	17	47005588	47005588	C/G/T	downstream_gene_variant	MODIFIER	ENSG00000159210	SNF8	ENST00000290330	protein_coding					2148		Ensembl VEP GRCh37 REST	ANNOTATED
rs1057902	rs1057902	GRCh37	116	2026-09-21	3_prime_UTR_variant	17	47005588	47005588	C/G/T	downstream_gene_variant	MODIFIER	ENSG00000159210	SNF8	ENST00000290330	protein_coding					2148		Ensembl VEP GRCh37 REST	ANNOTATED
rs1057902	rs1057902	GRCh37	116	2026-09-21	3_prime_UTR_variant	17	47005588	47005588	C/G/T	3_prime_UTR_variant	MODIFIER	ENSG00000159202	UBE2Z	ENST00000360943	protein_coding							Ensembl VEP GRCh37 REST	ANNOTATED
rs1057902	rs1057902	GRCh37	116	2026-09-21	3_prime_UTR_variant	17	47005588	47005588	C/G/T	3_prime_UTR_variant	MODIFIER	ENSG00000159202	UBE2Z	ENST00000360943	protein_coding							Ensembl VEP GRCh37 REST	ANNOTATED
rs1057902	rs1057902	GRCh37	116	2026-09-21	3_prime_UTR_variant	17	47005588	47005588	C/G/T	upstream_gene_variant	MODIFIER	ENSG00000230532	AC091133.1	ENST00000435491	antisense					3565		Ensembl VEP GRCh37 REST	ANNOTATED
rs1057902	rs1057902	GRCh37	116	2026-09-21	3_prime_UTR_variant	17	47005588	47005588	C/G/T	upstream_gene_variant	MODIFIER	ENSG00000230532	AC091133.1	ENST00000435491	antisense					3565		Ensembl VEP GRCh37 REST	ANNOTATED
rs1057902	rs1057902	GRCh37	116	2026-09-21	3_prime_UTR_variant	17	47005588	47005588	C/G/T	downstream_gene_variant	MODIFIER	ENSG00000159210	SNF8	ENST00000502492	protein_coding					1090		Ensembl VEP GRCh37 REST	ANNOTATED
rs1057902	rs1057902	GRCh37	116	2026-09-21	3_prime_UTR_variant	17	47005588	47005588	C/G/T	downstream_gene_variant	MODIFIER	ENSG00000159210	SNF8	ENST00000502492	protein_coding					1090		Ensembl VEP GRCh37 REST	ANNOTATED
rs1057902	rs1057902	GRCh37	116	2026-09-21	3_prime_UTR_variant	17	47005588	47005588	C/G/T	downstream_gene_variant	MODIFIER	ENSG00000159210	SNF8	ENST00000504000	retained_intron					2164		Ensembl VEP GRCh37 REST	ANNOTATED
rs1057902	rs1057902	GRCh37	116	2026-09-21	3_prime_UTR_variant	17	47005588	47005588	C/G/T	downstream_gene_variant	MODIFIER	ENSG00000159210	SNF8	ENST00000504000	retained_intron					2164		Ensembl VEP GRCh37 REST	ANNOTATED
rs1057902	rs1057902	GRCh37	116	2026-09-21	3_prime_UTR_variant	17	47005588	47005588	C/G/T	downstream_gene_variant	MODIFIER	ENSG00000159202	UBE2Z	ENST00000504684	nonsense_mediated_decay					1172		Ensembl VEP GRCh37 REST	ANNOTATED
rs1057902	rs1057902	GRCh37	116	2026-09-21	3_prime_UTR_variant	17	47005588	47005588	C/G/T	downstream_gene_variant	MODIFIER	ENSG00000159202	UBE2Z	ENST00000504684	nonsense_mediated_decay					1172		Ensembl VEP GRCh37 REST	ANNOTATED
rs1057902	rs1057902	GRCh37	116	2026-09-21	3_prime_UTR_variant	17	47005588	47005588	C/G/T	downstream_gene_variant	MODIFIER	ENSG00000159202	UBE2Z	ENST00000506271	retained_intron					1071		Ensembl VEP GRCh37 REST	ANNOTATED
rs1057902	rs1057902	GRCh37	116	2026-09-21	3_prime_UTR_variant	17	47005588	47005588	C/G/T	downstream_gene_variant	MODIFIER	ENSG00000159202	UBE2Z	ENST00000506271	retained_intron					1071		Ensembl VEP GRCh37 REST	ANNOTATED
rs1057902	rs1057902	GRCh37	116	2026-09-21	3_prime_UTR_variant	17	47005588	47005588	C/G/T	downstream_gene_variant	MODIFIER	ENSG00000159202	UBE2Z	ENST00000506498	nonsense_mediated_decay					1123		Ensembl VEP GRCh37 REST	ANNOTATED
rs1057902	rs1057902	GRCh37	116	2026-09-21	3_prime_UTR_variant	17	47005588	47005588	C/G/T	downstream_gene_variant	MODIFIER	ENSG00000159202	UBE2Z	ENST00000506498	nonsense_mediated_decay					1123		Ensembl VEP GRCh37 REST	ANNOTATED
rs1057902	rs1057902	GRCh37	116	2026-09-21	3_prime_UTR_variant	17	47005588	47005588	C/G/T	downstream_gene_variant	MODIFIER	ENSG00000159210	SNF8	ENST00000507302	nonsense_mediated_decay					3417		Ensembl VEP GRCh37 REST	ANNOTATED
rs1057902	rs1057902	GRCh37	116	2026-09-21	3_prime_UTR_variant	17	47005588	47005588	C/G/T	downstream_gene_variant	MODIFIER	ENSG00000159210	SNF8	ENST00000507302	nonsense_mediated_decay					3417		Ensembl VEP GRCh37 REST	ANNOTATED
rs1057902	rs1057902	GRCh37	116	2026-09-21	3_prime_UTR_variant	17	47005588	47005588	C/G/T	downstream_gene_variant	MODIFIER	ENSG00000159210	SNF8	ENST00000509989	nonsense_mediated_decay					2200		Ensembl VEP GRCh37 REST	ANNOTATED
rs1057902	rs1057902	GRCh37	116	2026-09-21	3_prime_UTR_variant	17	47005588	47005588	C/G/T	downstream_gene_variant	MODIFIER	ENSG00000159210	SNF8	ENST00000509989	nonsense_mediated_decay					2200		Ensembl VEP GRCh37 REST	ANNOTATED
rs1057902	rs1057902	GRCh37	116	2026-09-21	3_prime_UTR_variant	17	47005588	47005588	C/G/T	downstream_gene_variant	MODIFIER	ENSG00000159210	SNF8	ENST00000509995	nonsense_mediated_decay					2145		Ensembl VEP GRCh37 REST	ANNOTATED
rs1057902	rs1057902	GRCh37	116	2026-09-21	3_prime_UTR_variant	17	47005588	47005588	C/G/T	downstream_gene_variant	MODIFIER	ENSG00000159210	SNF8	ENST00000509995	nonsense_mediated_decay					2145		Ensembl VEP GRCh37 REST	ANNOTATED
rs1057902	rs1057902	GRCh37	116	2026-09-21	3_prime_UTR_variant	17	47005588	47005588	C/G/T	downstream_gene_variant	MODIFIER	ENSG00000159210	SNF8	ENST00000510558	nonsense_mediated_decay					2145		Ensembl VEP GRCh37 REST	ANNOTATED
rs1057902	rs1057902	GRCh37	116	2026-09-21	3_prime_UTR_variant	17	47005588	47005588	C/G/T	downstream_gene_variant	MODIFIER	ENSG00000159210	SNF8	ENST00000510558	nonsense_mediated_decay					2145		Ensembl VEP GRCh37 REST	ANNOTATED
rs1057902	rs1057902	GRCh37	116	2026-09-21	3_prime_UTR_variant	17	47005588	47005588	C/G/T	non_coding_transcript_exon_variant	MODIFIER	ENSG00000159202	UBE2Z	ENST00000513342	retained_intron							Ensembl VEP GRCh37 REST	ANNOTATED
rs1057902	rs1057902	GRCh37	116	2026-09-21	3_prime_UTR_variant	17	47005588	47005588	C/G/T	non_coding_transcript_exon_variant	MODIFIER	ENSG00000159202	UBE2Z	ENST00000513342	retained_intron							Ensembl VEP GRCh37 REST	ANNOTATED
rs1057902	rs1057902	GRCh37	116	2026-09-21	3_prime_UTR_variant	17	47005588	47005588	C/G/T	downstream_gene_variant	MODIFIER	ENSG00000159210	SNF8	ENST00000514089	processed_transcript					2155		Ensembl VEP GRCh37 REST	ANNOTATED
rs1057902	rs1057902	GRCh37	116	2026-09-21	3_prime_UTR_variant	17	47005588	47005588	C/G/T	downstream_gene_variant	MODIFIER	ENSG00000159210	SNF8	ENST00000514089	processed_transcript					2155		Ensembl VEP GRCh37 REST	ANNOTATED
rs1057902	rs1057902	GRCh37	116	2026-09-21	3_prime_UTR_variant	17	47005588	47005588	C/G/T	downstream_gene_variant	MODIFIER	ENSG00000159210	SNF8	ENST00000514929	nonsense_mediated_decay					3417		Ensembl VEP GRCh37 REST	ANNOTATED
rs1057902	rs1057902	GRCh37	116	2026-09-21	3_prime_UTR_variant	17	47005588	47005588	C/G/T	downstream_gene_variant	MODIFIER	ENSG00000159210	SNF8	ENST00000514929	nonsense_mediated_decay					3417		Ensembl VEP GRCh37 REST	ANNOTATED
rs1057902	rs1057902	GRCh37	116	2026-09-21	3_prime_UTR_variant	17	47005588	47005588	C/G/T	downstream_gene_variant	MODIFIER	ENSG00000159210	SNF8	ENST00000515572	retained_intron					2162		Ensembl VEP GRCh37 REST	ANNOTATED
rs1057902	rs1057902	GRCh37	116	2026-09-21	3_prime_UTR_variant	17	47005588	47005588	C/G/T	downstream_gene_variant	MODIFIER	ENSG00000159210	SNF8	ENST00000515572	retained_intron					2162		Ensembl VEP GRCh37 REST	ANNOTATED
rs1057902	rs1057902	GRCh37	116	2026-09-21	3_prime_UTR_variant	17	47005588	47005588	C/G/T	downstream_gene_variant	MODIFIER	ENSG00000159210	SNF8	ENST00000573795	nonsense_mediated_decay					2203		Ensembl VEP GRCh37 REST	ANNOTATED
rs1057902	rs1057902	GRCh37	116	2026-09-21	3_prime_UTR_variant	17	47005588	47005588	C/G/T	downstream_gene_variant	MODIFIER	ENSG00000159210	SNF8	ENST00000573795	nonsense_mediated_decay					2203		Ensembl VEP GRCh37 REST	ANNOTATED
rs1057902	rs1057902	GRCh37	116	2026-09-21	3_prime_UTR_variant	17	47005588	47005588	C/G/T	downstream_gene_variant	MODIFIER	ENSG00000159210	SNF8	ENST00000576353	nonsense_mediated_decay					2278		Ensembl VEP GRCh37 REST	ANNOTATED
rs1057902	rs1057902	GRCh37	116	2026-09-21	3_prime_UTR_variant	17	47005588	47005588	C/G/T	downstream_gene_variant	MODIFIER	ENSG00000159210	SNF8	ENST00000576353	nonsense_mediated_decay					2278		Ensembl VEP GRCh37 REST	ANNOTATED
rs75035298	rs75035298	GRCh37	116	2026-09-21	intron_variant	17	17473014	17473014	C/T	intron_variant	MODIFIER	ENSG00000133027	PEMT	ENST00000255389	protein_coding							Ensembl VEP GRCh37 REST	ANNOTATED
rs75035298	rs75035298	GRCh37	116	2026-09-21	intron_variant	17	17473014	17473014	C/T	intron_variant	MODIFIER	ENSG00000133027	PEMT	ENST00000395781	protein_coding							Ensembl VEP GRCh37 REST	ANNOTATED
rs75035298	rs75035298	GRCh37	116	2026-09-21	intron_variant	17	17473014	17473014	C/T	intron_variant	MODIFIER	ENSG00000133027	PEMT	ENST00000395782	protein_coding							Ensembl VEP GRCh37 REST	ANNOTATED
rs75035298	rs75035298	GRCh37	116	2026-09-21	intron_variant	17	17473014	17473014	C/T	intron_variant	MODIFIER	ENSG00000133027	PEMT	ENST00000395783	protein_coding							Ensembl VEP GRCh37 REST	ANNOTATED
rs75035298	rs75035298	GRCh37	116	2026-09-21	intron_variant	17	17473014	17473014	C/T	intron_variant;non_coding_transcript_variant	MODIFIER	ENSG00000133027	PEMT	ENST00000421096	processed_transcript							Ensembl VEP GRCh37 REST	ANNOTATED
rs75035298	rs75035298	GRCh37	116	2026-09-21	intron_variant	17	17473014	17473014	C/T	intron_variant	MODIFIER	ENSG00000133027	PEMT	ENST00000435340	protein_coding							Ensembl VEP GRCh37 REST	ANNOTATED
rs75035298	rs75035298	GRCh37	116	2026-09-21	intron_variant	17	17473014	17473014	C/T	intron_variant;NMD_transcript_variant	MODIFIER	ENSG00000133027	PEMT	ENST00000461404	nonsense_mediated_decay							Ensembl VEP GRCh37 REST	ANNOTATED
rs75035298	rs75035298	GRCh37	116	2026-09-21	intron_variant	17	17473014	17473014	C/T	intron_variant;non_coding_transcript_variant	MODIFIER	ENSG00000133027	PEMT	ENST00000472446	processed_transcript							Ensembl VEP GRCh37 REST	ANNOTATED
rs75035298	rs75035298	GRCh37	116	2026-09-21	intron_variant	17	17473014	17473014	C/T	intron_variant;NMD_transcript_variant	MODIFIER	ENSG00000133027	PEMT	ENST00000580147	nonsense_mediated_decay							Ensembl VEP GRCh37 REST	ANNOTATED
rs72790940	rs72790940	GRCh37	116	2026-09-21	intron_variant	2	43768545	43768545	T/C/G	intron_variant	MODIFIER	ENSG00000115970	THADA	ENST00000330266	protein_coding							Ensembl VEP GRCh37 REST	ANNOTATED
rs72790940	rs72790940	GRCh37	116	2026-09-21	intron_variant	2	43768545	43768545	T/C/G	intron_variant	MODIFIER	ENSG00000115970	THADA	ENST00000330266	protein_coding							Ensembl VEP GRCh37 REST	ANNOTATED
rs72790940	rs72790940	GRCh37	116	2026-09-21	intron_variant	2	43768545	43768545	T/C/G	intron_variant;NMD_transcript_variant	MODIFIER	ENSG00000115970	THADA	ENST00000398653	nonsense_mediated_decay							Ensembl VEP GRCh37 REST	ANNOTATED
rs72790940	rs72790940	GRCh37	116	2026-09-21	intron_variant	2	43768545	43768545	T/C/G	intron_variant;NMD_transcript_variant	MODIFIER	ENSG00000115970	THADA	ENST00000398653	nonsense_mediated_decay							Ensembl VEP GRCh37 REST	ANNOTATED
rs72790940	rs72790940	GRCh37	116	2026-09-21	intron_variant	2	43768545	43768545	T/C/G	intron_variant;NMD_transcript_variant	MODIFIER	ENSG00000115970	THADA	ENST00000402796	nonsense_mediated_decay							Ensembl VEP GRCh37 REST	ANNOTATED
rs72790940	rs72790940	GRCh37	116	2026-09-21	intron_variant	2	43768545	43768545	T/C/G	intron_variant;NMD_transcript_variant	MODIFIER	ENSG00000115970	THADA	ENST00000402796	nonsense_mediated_decay							Ensembl VEP GRCh37 REST	ANNOTATED
rs72790940	rs72790940	GRCh37	116	2026-09-21	intron_variant	2	43768545	43768545	T/C/G	intron_variant	MODIFIER	ENSG00000115970	THADA	ENST00000405006	protein_coding							Ensembl VEP GRCh37 REST	ANNOTATED
rs72790940	rs72790940	GRCh37	116	2026-09-21	intron_variant	2	43768545	43768545	T/C/G	intron_variant	MODIFIER	ENSG00000115970	THADA	ENST00000405006	protein_coding							Ensembl VEP GRCh37 REST	ANNOTATED
rs72790940	rs72790940	GRCh37	116	2026-09-21	intron_variant	2	43768545	43768545	T/C/G	intron_variant	MODIFIER	ENSG00000115970	THADA	ENST00000405975	protein_coding							Ensembl VEP GRCh37 REST	ANNOTATED
rs72790940	rs72790940	GRCh37	116	2026-09-21	intron_variant	2	43768545	43768545	T/C/G	intron_variant	MODIFIER	ENSG00000115970	THADA	ENST00000405975	protein_coding							Ensembl VEP GRCh37 REST	ANNOTATED
rs72790940	rs72790940	GRCh37	116	2026-09-21	intron_variant	2	43768545	43768545	T/C/G	intron_variant	MODIFIER	ENSG00000115970	THADA	ENST00000407351	protein_coding							Ensembl VEP GRCh37 REST	ANNOTATED
rs72790940	rs72790940	GRCh37	116	2026-09-21	intron_variant	2	43768545	43768545	T/C/G	intron_variant	MODIFIER	ENSG00000115970	THADA	ENST00000407351	protein_coding							Ensembl VEP GRCh37 REST	ANNOTATED
rs72790940	rs72790940	GRCh37	116	2026-09-21	intron_variant	2	43768545	43768545	T/C/G	intron_variant;NMD_transcript_variant	MODIFIER	ENSG00000115970	THADA	ENST00000408045	nonsense_mediated_decay							Ensembl VEP GRCh37 REST	ANNOTATED
rs72790940	rs72790940	GRCh37	116	2026-09-21	intron_variant	2	43768545	43768545	T/C/G	intron_variant;NMD_transcript_variant	MODIFIER	ENSG00000115970	THADA	ENST00000408045	nonsense_mediated_decay							Ensembl VEP GRCh37 REST	ANNOTATED
rs72790940	rs72790940	GRCh37	116	2026-09-21	intron_variant	2	43768545	43768545	T/C/G	intron_variant	MODIFIER	ENSG00000115970	THADA	ENST00000415080	protein_coding							Ensembl VEP GRCh37 REST	ANNOTATED
rs72790940	rs72790940	GRCh37	116	2026-09-21	intron_variant	2	43768545	43768545	T/C/G	intron_variant	MODIFIER	ENSG00000115970	THADA	ENST00000415080	protein_coding							Ensembl VEP GRCh37 REST	ANNOTATED
rs72790940	rs72790940	GRCh37	116	2026-09-21	intron_variant	2	43768545	43768545	T/C/G	upstream_gene_variant	MODIFIER	ENSG00000115970	THADA	ENST00000462185	processed_transcript					103		Ensembl VEP GRCh37 REST	ANNOTATED
rs72790940	rs72790940	GRCh37	116	2026-09-21	intron_variant	2	43768545	43768545	T/C/G	upstream_gene_variant	MODIFIER	ENSG00000115970	THADA	ENST00000462185	processed_transcript					103		Ensembl VEP GRCh37 REST	ANNOTATED
rs3747207	rs3747207	GRCh37	116	2026-09-21	intron_variant	22	44324855	44324855	G/A/C/T	intron_variant	MODIFIER	ENSG00000100344	PNPLA3	ENST00000216180	protein_coding							Ensembl VEP GRCh37 REST	ANNOTATED
rs3747207	rs3747207	GRCh37	116	2026-09-21	intron_variant	22	44324855	44324855	G/A/C/T	intron_variant	MODIFIER	ENSG00000100344	PNPLA3	ENST00000216180	protein_coding							Ensembl VEP GRCh37 REST	ANNOTATED
rs3747207	rs3747207	GRCh37	116	2026-09-21	intron_variant	22	44324855	44324855	G/A/C/T	intron_variant	MODIFIER	ENSG00000100344	PNPLA3	ENST00000216180	protein_coding							Ensembl VEP GRCh37 REST	ANNOTATED
rs3747207	rs3747207	GRCh37	116	2026-09-21	intron_variant	22	44324855	44324855	G/A/C/T	intron_variant;NMD_transcript_variant	MODIFIER	ENSG00000100344	PNPLA3	ENST00000406117	nonsense_mediated_decay							Ensembl VEP GRCh37 REST	ANNOTATED
rs3747207	rs3747207	GRCh37	116	2026-09-21	intron_variant	22	44324855	44324855	G/A/C/T	intron_variant;NMD_transcript_variant	MODIFIER	ENSG00000100344	PNPLA3	ENST00000406117	nonsense_mediated_decay							Ensembl VEP GRCh37 REST	ANNOTATED
rs3747207	rs3747207	GRCh37	116	2026-09-21	intron_variant	22	44324855	44324855	G/A/C/T	intron_variant;NMD_transcript_variant	MODIFIER	ENSG00000100344	PNPLA3	ENST00000406117	nonsense_mediated_decay							Ensembl VEP GRCh37 REST	ANNOTATED
rs3747207	rs3747207	GRCh37	116	2026-09-21	intron_variant	22	44324855	44324855	G/A/C/T	intron_variant	MODIFIER	ENSG00000100344	PNPLA3	ENST00000423180	protein_coding							Ensembl VEP GRCh37 REST	ANNOTATED
rs3747207	rs3747207	GRCh37	116	2026-09-21	intron_variant	22	44324855	44324855	G/A/C/T	intron_variant	MODIFIER	ENSG00000100344	PNPLA3	ENST00000423180	protein_coding							Ensembl VEP GRCh37 REST	ANNOTATED
rs3747207	rs3747207	GRCh37	116	2026-09-21	intron_variant	22	44324855	44324855	G/A/C/T	intron_variant	MODIFIER	ENSG00000100344	PNPLA3	ENST00000423180	protein_coding							Ensembl VEP GRCh37 REST	ANNOTATED
rs3747207	rs3747207	GRCh37	116	2026-09-21	intron_variant	22	44324855	44324855	G/A/C/T	intron_variant;non_coding_transcript_variant	MODIFIER	ENSG00000100344	PNPLA3	ENST00000478713	processed_transcript							Ensembl VEP GRCh37 REST	ANNOTATED
rs3747207	rs3747207	GRCh37	116	2026-09-21	intron_variant	22	44324855	44324855	G/A/C/T	intron_variant;non_coding_transcript_variant	MODIFIER	ENSG00000100344	PNPLA3	ENST00000478713	processed_transcript							Ensembl VEP GRCh37 REST	ANNOTATED
rs3747207	rs3747207	GRCh37	116	2026-09-21	intron_variant	22	44324855	44324855	G/A/C/T	intron_variant;non_coding_transcript_variant	MODIFIER	ENSG00000100344	PNPLA3	ENST00000478713	processed_transcript							Ensembl VEP GRCh37 REST	ANNOTATED
rs3747207	rs3747207	GRCh37	116	2026-09-21	intron_variant	22	44324855	44324855	G/A/C/T	upstream_gene_variant	MODIFIER	ENSG00000100344	PNPLA3	ENST00000497129	processed_transcript					4032		Ensembl VEP GRCh37 REST	ANNOTATED
rs3747207	rs3747207	GRCh37	116	2026-09-21	intron_variant	22	44324855	44324855	G/A/C/T	upstream_gene_variant	MODIFIER	ENSG00000100344	PNPLA3	ENST00000497129	processed_transcript					4032		Ensembl VEP GRCh37 REST	ANNOTATED
rs3747207	rs3747207	GRCh37	116	2026-09-21	intron_variant	22	44324855	44324855	G/A/C/T	upstream_gene_variant	MODIFIER	ENSG00000100344	PNPLA3	ENST00000497129	processed_transcript					4032		Ensembl VEP GRCh37 REST	ANNOTATED
rs62283057	rs62283057	GRCh37	116	2026-09-21	intron_variant	4	6276805	6276805	C/A/G/T	intron_variant	MODIFIER	ENSG00000109501	WFS1	ENST00000226760	protein_coding							Ensembl VEP GRCh37 REST	ANNOTATED
rs62283057	rs62283057	GRCh37	116	2026-09-21	intron_variant	4	6276805	6276805	C/A/G/T	intron_variant	MODIFIER	ENSG00000109501	WFS1	ENST00000226760	protein_coding							Ensembl VEP GRCh37 REST	ANNOTATED
rs62283057	rs62283057	GRCh37	116	2026-09-21	intron_variant	4	6276805	6276805	C/A/G/T	intron_variant	MODIFIER	ENSG00000109501	WFS1	ENST00000226760	protein_coding							Ensembl VEP GRCh37 REST	ANNOTATED
rs62283057	rs62283057	GRCh37	116	2026-09-21	intron_variant	4	6276805	6276805	C/A/G/T	intron_variant	MODIFIER	ENSG00000109501	WFS1	ENST00000503569	protein_coding							Ensembl VEP GRCh37 REST	ANNOTATED
rs62283057	rs62283057	GRCh37	116	2026-09-21	intron_variant	4	6276805	6276805	C/A/G/T	intron_variant	MODIFIER	ENSG00000109501	WFS1	ENST00000503569	protein_coding							Ensembl VEP GRCh37 REST	ANNOTATED
rs62283057	rs62283057	GRCh37	116	2026-09-21	intron_variant	4	6276805	6276805	C/A/G/T	intron_variant	MODIFIER	ENSG00000109501	WFS1	ENST00000503569	protein_coding							Ensembl VEP GRCh37 REST	ANNOTATED
rs62283057	rs62283057	GRCh37	116	2026-09-21	intron_variant	4	6276805	6276805	C/A/G/T	intron_variant;non_coding_transcript_variant	MODIFIER	ENSG00000109501	WFS1	ENST00000506588	retained_intron							Ensembl VEP GRCh37 REST	ANNOTATED
rs62283057	rs62283057	GRCh37	116	2026-09-21	intron_variant	4	6276805	6276805	C/A/G/T	intron_variant;non_coding_transcript_variant	MODIFIER	ENSG00000109501	WFS1	ENST00000506588	retained_intron							Ensembl VEP GRCh37 REST	ANNOTATED
rs62283057	rs62283057	GRCh37	116	2026-09-21	intron_variant	4	6276805	6276805	C/A/G/T	intron_variant;non_coding_transcript_variant	MODIFIER	ENSG00000109501	WFS1	ENST00000506588	retained_intron							Ensembl VEP GRCh37 REST	ANNOTATED
rs228631	rs228631	GRCh37	116	2026-09-21	intron_variant	4	103573863	103573863	C/T	intron_variant	MODIFIER	ENSG00000109323	MANBA	ENST00000226578	protein_coding							Ensembl VEP GRCh37 REST	ANNOTATED
rs228631	rs228631	GRCh37	116	2026-09-21	intron_variant	4	103573863	103573863	C/T	intron_variant	MODIFIER	ENSG00000109323	MANBA	ENST00000505239	protein_coding							Ensembl VEP GRCh37 REST	ANNOTATED
rs228631	rs228631	GRCh37	116	2026-09-21	intron_variant	4	103573863	103573863	C/T	upstream_gene_variant	MODIFIER	ENSG00000109323	MANBA	ENST00000508141	retained_intron					1868		Ensembl VEP GRCh37 REST	ANNOTATED
rs228631	rs228631	GRCh37	116	2026-09-21	intron_variant	4	103573863	103573863	C/T	intron_variant;non_coding_transcript_variant	MODIFIER	ENSG00000109323	MANBA	ENST00000514430	retained_intron							Ensembl VEP GRCh37 REST	ANNOTATED
rs1509946	rs1509946	GRCh37	116	2026-09-21	intron_variant	4	95109078	95109078	G/A/T	intron_variant;non_coding_transcript_variant	MODIFIER	ENSG00000246541	RP11-363G15.2	ENST00000501965	lincRNA							Ensembl VEP GRCh37 REST	ANNOTATED
rs1509946	rs1509946	GRCh37	116	2026-09-21	intron_variant	4	95109078	95109078	G/A/T	intron_variant;non_coding_transcript_variant	MODIFIER	ENSG00000246541	RP11-363G15.2	ENST00000501965	lincRNA							Ensembl VEP GRCh37 REST	ANNOTATED
rs2269920	rs2269920	GRCh37	116	2026-09-21	3_prime_UTR_variant	4	6323454	6323454	A/C/G/T	3_prime_UTR_variant	MODIFIER	ENSG00000074211	PPP2R2C	ENST00000335585	protein_coding							Ensembl VEP GRCh37 REST	ANNOTATED
rs2269920	rs2269920	GRCh37	116	2026-09-21	3_prime_UTR_variant	4	6323454	6323454	A/C/G/T	3_prime_UTR_variant	MODIFIER	ENSG00000074211	PPP2R2C	ENST00000335585	protein_coding							Ensembl VEP GRCh37 REST	ANNOTATED
rs2269920	rs2269920	GRCh37	116	2026-09-21	3_prime_UTR_variant	4	6323454	6323454	A/C/G/T	3_prime_UTR_variant	MODIFIER	ENSG00000074211	PPP2R2C	ENST00000335585	protein_coding							Ensembl VEP GRCh37 REST	ANNOTATED
rs2269920	rs2269920	GRCh37	116	2026-09-21	3_prime_UTR_variant	4	6323454	6323454	A/C/G/T	downstream_gene_variant	MODIFIER	ENSG00000074211	PPP2R2C	ENST00000382599	protein_coding					1329		Ensembl VEP GRCh37 REST	ANNOTATED
rs2269920	rs2269920	GRCh37	116	2026-09-21	3_prime_UTR_variant	4	6323454	6323454	A/C/G/T	downstream_gene_variant	MODIFIER	ENSG00000074211	PPP2R2C	ENST00000382599	protein_coding					1329		Ensembl VEP GRCh37 REST	ANNOTATED
rs2269920	rs2269920	GRCh37	116	2026-09-21	3_prime_UTR_variant	4	6323454	6323454	A/C/G/T	downstream_gene_variant	MODIFIER	ENSG00000074211	PPP2R2C	ENST00000382599	protein_coding					1329		Ensembl VEP GRCh37 REST	ANNOTATED
rs2269920	rs2269920	GRCh37	116	2026-09-21	3_prime_UTR_variant	4	6323454	6323454	A/C/G/T	downstream_gene_variant	MODIFIER	ENSG00000074211	PPP2R2C	ENST00000506140	protein_coding					1217		Ensembl VEP GRCh37 REST	ANNOTATED
rs2269920	rs2269920	GRCh37	116	2026-09-21	3_prime_UTR_variant	4	6323454	6323454	A/C/G/T	downstream_gene_variant	MODIFIER	ENSG00000074211	PPP2R2C	ENST00000506140	protein_coding					1217		Ensembl VEP GRCh37 REST	ANNOTATED
rs2269920	rs2269920	GRCh37	116	2026-09-21	3_prime_UTR_variant	4	6323454	6323454	A/C/G/T	downstream_gene_variant	MODIFIER	ENSG00000074211	PPP2R2C	ENST00000506140	protein_coding					1217		Ensembl VEP GRCh37 REST	ANNOTATED
rs2269920	rs2269920	GRCh37	116	2026-09-21	3_prime_UTR_variant	4	6323454	6323454	A/C/G/T	downstream_gene_variant	MODIFIER	ENSG00000074211	PPP2R2C	ENST00000507294	protein_coding					1434		Ensembl VEP GRCh37 REST	ANNOTATED
rs2269920	rs2269920	GRCh37	116	2026-09-21	3_prime_UTR_variant	4	6323454	6323454	A/C/G/T	downstream_gene_variant	MODIFIER	ENSG00000074211	PPP2R2C	ENST00000507294	protein_coding					1434		Ensembl VEP GRCh37 REST	ANNOTATED
rs2269920	rs2269920	GRCh37	116	2026-09-21	3_prime_UTR_variant	4	6323454	6323454	A/C/G/T	downstream_gene_variant	MODIFIER	ENSG00000074211	PPP2R2C	ENST00000507294	protein_coding					1434		Ensembl VEP GRCh37 REST	ANNOTATED
rs2269920	rs2269920	GRCh37	116	2026-09-21	3_prime_UTR_variant	4	6323454	6323454	A/C/G/T	downstream_gene_variant	MODIFIER	ENSG00000074211	PPP2R2C	ENST00000515571	protein_coding					1319		Ensembl VEP GRCh37 REST	ANNOTATED
rs2269920	rs2269920	GRCh37	116	2026-09-21	3_prime_UTR_variant	4	6323454	6323454	A/C/G/T	downstream_gene_variant	MODIFIER	ENSG00000074211	PPP2R2C	ENST00000515571	protein_coding					1319		Ensembl VEP GRCh37 REST	ANNOTATED
rs2269920	rs2269920	GRCh37	116	2026-09-21	3_prime_UTR_variant	4	6323454	6323454	A/C/G/T	downstream_gene_variant	MODIFIER	ENSG00000074211	PPP2R2C	ENST00000515571	protein_coding					1319		Ensembl VEP GRCh37 REST	ANNOTATED
rs10883050	rs10883050	GRCh37	116	2026-09-21	intron_variant	10	99943568	99943568	C/G/T	intron_variant	MODIFIER	ENSG00000166024	R3HCC1L	ENST00000298999	protein_coding							Ensembl VEP GRCh37 REST	ANNOTATED
rs10883050	rs10883050	GRCh37	116	2026-09-21	intron_variant	10	99943568	99943568	C/G/T	intron_variant	MODIFIER	ENSG00000166024	R3HCC1L	ENST00000298999	protein_coding							Ensembl VEP GRCh37 REST	ANNOTATED
rs10883050	rs10883050	GRCh37	116	2026-09-21	intron_variant	10	99943568	99943568	C/G/T	intron_variant	MODIFIER	ENSG00000166024	R3HCC1L	ENST00000314594	protein_coding							Ensembl VEP GRCh37 REST	ANNOTATED
rs10883050	rs10883050	GRCh37	116	2026-09-21	intron_variant	10	99943568	99943568	C/G/T	intron_variant	MODIFIER	ENSG00000166024	R3HCC1L	ENST00000314594	protein_coding							Ensembl VEP GRCh37 REST	ANNOTATED
rs10883050	rs10883050	GRCh37	116	2026-09-21	intron_variant	10	99943568	99943568	C/G/T	intron_variant	MODIFIER	ENSG00000166024	R3HCC1L	ENST00000370584	protein_coding							Ensembl VEP GRCh37 REST	ANNOTATED
rs10883050	rs10883050	GRCh37	116	2026-09-21	intron_variant	10	99943568	99943568	C/G/T	intron_variant	MODIFIER	ENSG00000166024	R3HCC1L	ENST00000370584	protein_coding							Ensembl VEP GRCh37 REST	ANNOTATED
rs10883050	rs10883050	GRCh37	116	2026-09-21	intron_variant	10	99943568	99943568	C/G/T	intron_variant	MODIFIER	ENSG00000166024	R3HCC1L	ENST00000370586	protein_coding							Ensembl VEP GRCh37 REST	ANNOTATED
rs10883050	rs10883050	GRCh37	116	2026-09-21	intron_variant	10	99943568	99943568	C/G/T	intron_variant	MODIFIER	ENSG00000166024	R3HCC1L	ENST00000370586	protein_coding							Ensembl VEP GRCh37 REST	ANNOTATED
rs999675	rs999675	GRCh37	116	2026-09-21	upstream_gene_variant	16	75306402	75306402	C/T	upstream_gene_variant	MODIFIER	ENSG00000050820	BCAR1	ENST00000393422	protein_coding					4451		Ensembl VEP GRCh37 REST	ANNOTATED
rs999675	rs999675	GRCh37	116	2026-09-21	upstream_gene_variant	16	75306402	75306402	C/T	regulatory_region_variant	MODIFIER										ENSR16_BJXC4	Ensembl VEP GRCh37 REST	REGULATORY_ANNOTATION
rs7217226	rs7217226	GRCh37	116	2026-09-21	intron_variant	17	2136065	2136065	T/G	intron_variant	MODIFIER	ENSG00000070366	SMG6	ENST00000263073	protein_coding							Ensembl VEP GRCh37 REST	ANNOTATED
rs7217226	rs7217226	GRCh37	116	2026-09-21	intron_variant	17	2136065	2136065	T/G	intron_variant	MODIFIER	ENSG00000070366	SMG6	ENST00000354901	protein_coding							Ensembl VEP GRCh37 REST	ANNOTATED
rs7217226	rs7217226	GRCh37	116	2026-09-21	intron_variant	17	2136065	2136065	T/G	intron_variant;non_coding_transcript_variant	MODIFIER	ENSG00000225084	AL450226.2	ENST00000414776	antisense							Ensembl VEP GRCh37 REST	ANNOTATED
rs7217226	rs7217226	GRCh37	116	2026-09-21	intron_variant	17	2136065	2136065	T/G	intron_variant	MODIFIER	ENSG00000070366	SMG6	ENST00000536871	protein_coding							Ensembl VEP GRCh37 REST	ANNOTATED
rs7217226	rs7217226	GRCh37	116	2026-09-21	intron_variant	17	2136065	2136065	T/G	intron_variant	MODIFIER	ENSG00000070366	SMG6	ENST00000544865	protein_coding							Ensembl VEP GRCh37 REST	ANNOTATED
rs7217226	rs7217226	GRCh37	116	2026-09-21	intron_variant	17	2136065	2136065	T/G	intron_variant	MODIFIER	ENSG00000070366	SMG6	ENST00000570606	protein_coding							Ensembl VEP GRCh37 REST	ANNOTATED
rs7217226	rs7217226	GRCh37	116	2026-09-21	intron_variant	17	2136065	2136065	T/G	intron_variant	MODIFIER	ENSG00000070366	SMG6	ENST00000570659	protein_coding							Ensembl VEP GRCh37 REST	ANNOTATED
rs7217226	rs7217226	GRCh37	116	2026-09-21	intron_variant	17	2136065	2136065	T/G	intron_variant	MODIFIER	ENSG00000070366	SMG6	ENST00000570668	protein_coding							Ensembl VEP GRCh37 REST	ANNOTATED
rs7217226	rs7217226	GRCh37	116	2026-09-21	intron_variant	17	2136065	2136065	T/G	intron_variant	MODIFIER	ENSG00000070366	SMG6	ENST00000571442	protein_coding							Ensembl VEP GRCh37 REST	ANNOTATED
rs7217226	rs7217226	GRCh37	116	2026-09-21	intron_variant	17	2136065	2136065	T/G	upstream_gene_variant	MODIFIER	ENSG00000070366	SMG6	ENST00000572205	protein_coding					3307		Ensembl VEP GRCh37 REST	ANNOTATED
rs7217226	rs7217226	GRCh37	116	2026-09-21	intron_variant	17	2136065	2136065	T/G	intron_variant	MODIFIER	ENSG00000070366	SMG6	ENST00000575663	protein_coding							Ensembl VEP GRCh37 REST	ANNOTATED
rs7217226	rs7217226	GRCh37	116	2026-09-21	intron_variant	17	2136065	2136065	T/G	regulatory_region_variant	MODIFIER										ENSR17_83QT4	Ensembl VEP GRCh37 REST	REGULATORY_ANNOTATION
rs9894634	rs9894634	GRCh37	116	2026-09-21	intron_variant	17	1967501	1967501	C/A/G/T	intron_variant	MODIFIER	ENSG00000070366	SMG6	ENST00000263073	protein_coding							Ensembl VEP GRCh37 REST	ANNOTATED
rs9894634	rs9894634	GRCh37	116	2026-09-21	intron_variant	17	1967501	1967501	C/A/G/T	intron_variant	MODIFIER	ENSG00000070366	SMG6	ENST00000263073	protein_coding							Ensembl VEP GRCh37 REST	ANNOTATED
rs9894634	rs9894634	GRCh37	116	2026-09-21	intron_variant	17	1967501	1967501	C/A/G/T	intron_variant	MODIFIER	ENSG00000070366	SMG6	ENST00000263073	protein_coding							Ensembl VEP GRCh37 REST	ANNOTATED
rs9894634	rs9894634	GRCh37	116	2026-09-21	intron_variant	17	1967501	1967501	C/A/G/T	downstream_gene_variant	MODIFIER	ENSG00000177374	HIC1	ENST00000322941	protein_coding					4521		Ensembl VEP GRCh37 REST	ANNOTATED
rs9894634	rs9894634	GRCh37	116	2026-09-21	intron_variant	17	1967501	1967501	C/A/G/T	downstream_gene_variant	MODIFIER	ENSG00000177374	HIC1	ENST00000322941	protein_coding					4521		Ensembl VEP GRCh37 REST	ANNOTATED
rs9894634	rs9894634	GRCh37	116	2026-09-21	intron_variant	17	1967501	1967501	C/A/G/T	downstream_gene_variant	MODIFIER	ENSG00000177374	HIC1	ENST00000322941	protein_coding					4521		Ensembl VEP GRCh37 REST	ANNOTATED
rs9894634	rs9894634	GRCh37	116	2026-09-21	intron_variant	17	1967501	1967501	C/A/G/T	intron_variant	MODIFIER	ENSG00000070366	SMG6	ENST00000354901	protein_coding							Ensembl VEP GRCh37 REST	ANNOTATED
rs9894634	rs9894634	GRCh37	116	2026-09-21	intron_variant	17	1967501	1967501	C/A/G/T	intron_variant	MODIFIER	ENSG00000070366	SMG6	ENST00000354901	protein_coding							Ensembl VEP GRCh37 REST	ANNOTATED
rs9894634	rs9894634	GRCh37	116	2026-09-21	intron_variant	17	1967501	1967501	C/A/G/T	intron_variant	MODIFIER	ENSG00000070366	SMG6	ENST00000354901	protein_coding							Ensembl VEP GRCh37 REST	ANNOTATED
rs9894634	rs9894634	GRCh37	116	2026-09-21	intron_variant	17	1967501	1967501	C/A/G/T	downstream_gene_variant	MODIFIER	ENSG00000177374	HIC1	ENST00000399849	protein_coding					4520		Ensembl VEP GRCh37 REST	ANNOTATED
rs9894634	rs9894634	GRCh37	116	2026-09-21	intron_variant	17	1967501	1967501	C/A/G/T	downstream_gene_variant	MODIFIER	ENSG00000177374	HIC1	ENST00000399849	protein_coding					4520		Ensembl VEP GRCh37 REST	ANNOTATED
rs9894634	rs9894634	GRCh37	116	2026-09-21	intron_variant	17	1967501	1967501	C/A/G/T	downstream_gene_variant	MODIFIER	ENSG00000177374	HIC1	ENST00000399849	protein_coding					4520		Ensembl VEP GRCh37 REST	ANNOTATED
rs9894634	rs9894634	GRCh37	116	2026-09-21	intron_variant	17	1967501	1967501	C/A/G/T	intron_variant	MODIFIER	ENSG00000070366	SMG6	ENST00000536871	protein_coding							Ensembl VEP GRCh37 REST	ANNOTATED
rs9894634	rs9894634	GRCh37	116	2026-09-21	intron_variant	17	1967501	1967501	C/A/G/T	intron_variant	MODIFIER	ENSG00000070366	SMG6	ENST00000536871	protein_coding							Ensembl VEP GRCh37 REST	ANNOTATED
rs9894634	rs9894634	GRCh37	116	2026-09-21	intron_variant	17	1967501	1967501	C/A/G/T	intron_variant	MODIFIER	ENSG00000070366	SMG6	ENST00000536871	protein_coding							Ensembl VEP GRCh37 REST	ANNOTATED
rs9894634	rs9894634	GRCh37	116	2026-09-21	intron_variant	17	1967501	1967501	C/A/G/T	intron_variant	MODIFIER	ENSG00000070366	SMG6	ENST00000544865	protein_coding							Ensembl VEP GRCh37 REST	ANNOTATED
rs9894634	rs9894634	GRCh37	116	2026-09-21	intron_variant	17	1967501	1967501	C/A/G/T	intron_variant	MODIFIER	ENSG00000070366	SMG6	ENST00000544865	protein_coding							Ensembl VEP GRCh37 REST	ANNOTATED
rs9894634	rs9894634	GRCh37	116	2026-09-21	intron_variant	17	1967501	1967501	C/A/G/T	intron_variant	MODIFIER	ENSG00000070366	SMG6	ENST00000544865	protein_coding							Ensembl VEP GRCh37 REST	ANNOTATED
rs9894634	rs9894634	GRCh37	116	2026-09-21	intron_variant	17	1967501	1967501	C/A/G/T	intron_variant;non_coding_transcript_variant	MODIFIER	ENSG00000070366	SMG6	ENST00000570756	processed_transcript							Ensembl VEP GRCh37 REST	ANNOTATED
rs9894634	rs9894634	GRCh37	116	2026-09-21	intron_variant	17	1967501	1967501	C/A/G/T	intron_variant;non_coding_transcript_variant	MODIFIER	ENSG00000070366	SMG6	ENST00000570756	processed_transcript							Ensembl VEP GRCh37 REST	ANNOTATED
rs9894634	rs9894634	GRCh37	116	2026-09-21	intron_variant	17	1967501	1967501	C/A/G/T	intron_variant;non_coding_transcript_variant	MODIFIER	ENSG00000070366	SMG6	ENST00000570756	processed_transcript							Ensembl VEP GRCh37 REST	ANNOTATED
rs9894634	rs9894634	GRCh37	116	2026-09-21	intron_variant	17	1967501	1967501	C/A/G/T	intron_variant;non_coding_transcript_variant	MODIFIER	ENSG00000070366	SMG6	ENST00000573153	processed_transcript							Ensembl VEP GRCh37 REST	ANNOTATED
rs9894634	rs9894634	GRCh37	116	2026-09-21	intron_variant	17	1967501	1967501	C/A/G/T	intron_variant;non_coding_transcript_variant	MODIFIER	ENSG00000070366	SMG6	ENST00000573153	processed_transcript							Ensembl VEP GRCh37 REST	ANNOTATED
rs9894634	rs9894634	GRCh37	116	2026-09-21	intron_variant	17	1967501	1967501	C/A/G/T	intron_variant;non_coding_transcript_variant	MODIFIER	ENSG00000070366	SMG6	ENST00000573153	processed_transcript							Ensembl VEP GRCh37 REST	ANNOTATED
rs9894634	rs9894634	GRCh37	116	2026-09-21	intron_variant	17	1967501	1967501	C/A/G/T	intron_variant;non_coding_transcript_variant	MODIFIER	ENSG00000070366	SMG6	ENST00000573166	processed_transcript							Ensembl VEP GRCh37 REST	ANNOTATED
rs9894634	rs9894634	GRCh37	116	2026-09-21	intron_variant	17	1967501	1967501	C/A/G/T	intron_variant;non_coding_transcript_variant	MODIFIER	ENSG00000070366	SMG6	ENST00000573166	processed_transcript							Ensembl VEP GRCh37 REST	ANNOTATED
rs9894634	rs9894634	GRCh37	116	2026-09-21	intron_variant	17	1967501	1967501	C/A/G/T	intron_variant;non_coding_transcript_variant	MODIFIER	ENSG00000070366	SMG6	ENST00000573166	processed_transcript							Ensembl VEP GRCh37 REST	ANNOTATED
rs9894634	rs9894634	GRCh37	116	2026-09-21	intron_variant	17	1967501	1967501	C/A/G/T	intron_variant;non_coding_transcript_variant	MODIFIER	ENSG00000070366	SMG6	ENST00000573827	processed_transcript							Ensembl VEP GRCh37 REST	ANNOTATED
rs9894634	rs9894634	GRCh37	116	2026-09-21	intron_variant	17	1967501	1967501	C/A/G/T	intron_variant;non_coding_transcript_variant	MODIFIER	ENSG00000070366	SMG6	ENST00000573827	processed_transcript							Ensembl VEP GRCh37 REST	ANNOTATED
rs9894634	rs9894634	GRCh37	116	2026-09-21	intron_variant	17	1967501	1967501	C/A/G/T	intron_variant;non_coding_transcript_variant	MODIFIER	ENSG00000070366	SMG6	ENST00000573827	processed_transcript							Ensembl VEP GRCh37 REST	ANNOTATED
rs9894634	rs9894634	GRCh37	116	2026-09-21	intron_variant	17	1967501	1967501	C/A/G/T	upstream_gene_variant	MODIFIER	ENSG00000070366	SMG6	ENST00000574501	retained_intron					1950		Ensembl VEP GRCh37 REST	ANNOTATED
rs9894634	rs9894634	GRCh37	116	2026-09-21	intron_variant	17	1967501	1967501	C/A/G/T	upstream_gene_variant	MODIFIER	ENSG00000070366	SMG6	ENST00000574501	retained_intron					1950		Ensembl VEP GRCh37 REST	ANNOTATED
rs9894634	rs9894634	GRCh37	116	2026-09-21	intron_variant	17	1967501	1967501	C/A/G/T	upstream_gene_variant	MODIFIER	ENSG00000070366	SMG6	ENST00000574501	retained_intron					1950		Ensembl VEP GRCh37 REST	ANNOTATED
rs9894634	rs9894634	GRCh37	116	2026-09-21	intron_variant	17	1967501	1967501	C/A/G/T	downstream_gene_variant	MODIFIER	ENSG00000070366	SMG6	ENST00000575454	protein_coding					4680		Ensembl VEP GRCh37 REST	ANNOTATED
rs9894634	rs9894634	GRCh37	116	2026-09-21	intron_variant	17	1967501	1967501	C/A/G/T	downstream_gene_variant	MODIFIER	ENSG00000070366	SMG6	ENST00000575454	protein_coding					4680		Ensembl VEP GRCh37 REST	ANNOTATED
rs9894634	rs9894634	GRCh37	116	2026-09-21	intron_variant	17	1967501	1967501	C/A/G/T	downstream_gene_variant	MODIFIER	ENSG00000070366	SMG6	ENST00000575454	protein_coding					4680		Ensembl VEP GRCh37 REST	ANNOTATED
rs9894634	rs9894634	GRCh37	116	2026-09-21	intron_variant	17	1967501	1967501	C/A/G/T	intron_variant;non_coding_transcript_variant	MODIFIER	ENSG00000070366	SMG6	ENST00000576218	processed_transcript							Ensembl VEP GRCh37 REST	ANNOTATED
rs9894634	rs9894634	GRCh37	116	2026-09-21	intron_variant	17	1967501	1967501	C/A/G/T	intron_variant;non_coding_transcript_variant	MODIFIER	ENSG00000070366	SMG6	ENST00000576218	processed_transcript							Ensembl VEP GRCh37 REST	ANNOTATED
rs9894634	rs9894634	GRCh37	116	2026-09-21	intron_variant	17	1967501	1967501	C/A/G/T	intron_variant;non_coding_transcript_variant	MODIFIER	ENSG00000070366	SMG6	ENST00000576218	processed_transcript							Ensembl VEP GRCh37 REST	ANNOTATED
rs10278591	rs10278591	GRCh37	116	2026-09-21	intron_variant	7	1921362	1921362	C/T	intron_variant	MODIFIER	ENSG00000002822	MAD1L1	ENST00000265854	protein_coding							Ensembl VEP GRCh37 REST	ANNOTATED
rs10278591	rs10278591	GRCh37	116	2026-09-21	intron_variant	7	1921362	1921362	C/T	intron_variant	MODIFIER	ENSG00000002822	MAD1L1	ENST00000399654	protein_coding							Ensembl VEP GRCh37 REST	ANNOTATED
rs10278591	rs10278591	GRCh37	116	2026-09-21	intron_variant	7	1921362	1921362	C/T	intron_variant	MODIFIER	ENSG00000002822	MAD1L1	ENST00000402746	protein_coding							Ensembl VEP GRCh37 REST	ANNOTATED
rs10278591	rs10278591	GRCh37	116	2026-09-21	intron_variant	7	1921362	1921362	C/T	intron_variant	MODIFIER	ENSG00000002822	MAD1L1	ENST00000406869	protein_coding							Ensembl VEP GRCh37 REST	ANNOTATED
rs10278591	rs10278591	GRCh37	116	2026-09-21	intron_variant	7	1921362	1921362	C/T	intron_variant	MODIFIER	ENSG00000002822	MAD1L1	ENST00000450235	protein_coding							Ensembl VEP GRCh37 REST	ANNOTATED
rs11100780	rs11100780	GRCh37	116	2026-09-21	intron_variant	4	144104906	144104906	G/A/C	upstream_gene_variant	MODIFIER	ENSG00000170185	USP38	ENST00000307017	protein_coding					1192		Ensembl VEP GRCh37 REST	ANNOTATED
rs11100780	rs11100780	GRCh37	116	2026-09-21	intron_variant	4	144104906	144104906	G/A/C	upstream_gene_variant	MODIFIER	ENSG00000170185	USP38	ENST00000307017	protein_coding					1192		Ensembl VEP GRCh37 REST	ANNOTATED
rs11100780	rs11100780	GRCh37	116	2026-09-21	intron_variant	4	144104906	144104906	G/A/C	intron_variant;non_coding_transcript_variant	MODIFIER	ENSG00000250326	RP11-284M14.1	ENST00000507486	antisense							Ensembl VEP GRCh37 REST	ANNOTATED
rs11100780	rs11100780	GRCh37	116	2026-09-21	intron_variant	4	144104906	144104906	G/A/C	intron_variant;non_coding_transcript_variant	MODIFIER	ENSG00000250326	RP11-284M14.1	ENST00000507486	antisense							Ensembl VEP GRCh37 REST	ANNOTATED
rs11100780	rs11100780	GRCh37	116	2026-09-21	intron_variant	4	144104906	144104906	G/A/C	intron_variant;non_coding_transcript_variant	MODIFIER	ENSG00000250326	RP11-284M14.1	ENST00000507826	antisense							Ensembl VEP GRCh37 REST	ANNOTATED
rs11100780	rs11100780	GRCh37	116	2026-09-21	intron_variant	4	144104906	144104906	G/A/C	intron_variant;non_coding_transcript_variant	MODIFIER	ENSG00000250326	RP11-284M14.1	ENST00000507826	antisense							Ensembl VEP GRCh37 REST	ANNOTATED
rs11100780	rs11100780	GRCh37	116	2026-09-21	intron_variant	4	144104906	144104906	G/A/C	upstream_gene_variant	MODIFIER	ENSG00000170185	USP38	ENST00000510377	protein_coding					1164		Ensembl VEP GRCh37 REST	ANNOTATED
rs11100780	rs11100780	GRCh37	116	2026-09-21	intron_variant	4	144104906	144104906	G/A/C	upstream_gene_variant	MODIFIER	ENSG00000170185	USP38	ENST00000510377	protein_coding					1164		Ensembl VEP GRCh37 REST	ANNOTATED
rs11100780	rs11100780	GRCh37	116	2026-09-21	intron_variant	4	144104906	144104906	G/A/C	upstream_gene_variant	MODIFIER	ENSG00000170185	USP38	ENST00000511739	nonsense_mediated_decay					1941		Ensembl VEP GRCh37 REST	ANNOTATED
rs11100780	rs11100780	GRCh37	116	2026-09-21	intron_variant	4	144104906	144104906	G/A/C	upstream_gene_variant	MODIFIER	ENSG00000170185	USP38	ENST00000511739	nonsense_mediated_decay					1941		Ensembl VEP GRCh37 REST	ANNOTATED
rs11100780	rs11100780	GRCh37	116	2026-09-21	intron_variant	4	144104906	144104906	G/A/C	regulatory_region_variant	MODIFIER										ENSR4_CJ7LM	Ensembl VEP GRCh37 REST	REGULATORY_ANNOTATION
rs11100780	rs11100780	GRCh37	116	2026-09-21	intron_variant	4	144104906	144104906	G/A/C	regulatory_region_variant	MODIFIER										ENSR4_CJ7LM	Ensembl VEP GRCh37 REST	REGULATORY_ANNOTATION
rs7670439	rs7670439	GRCh37	116	2026-09-21	intron_variant	4	144080267	144080267	T/A/C/G	intron_variant;non_coding_transcript_variant	MODIFIER	ENSG00000250326	RP11-284M14.1	ENST00000507826	antisense							Ensembl VEP GRCh37 REST	ANNOTATED
rs7670439	rs7670439	GRCh37	116	2026-09-21	intron_variant	4	144080267	144080267	T/A/C/G	intron_variant;non_coding_transcript_variant	MODIFIER	ENSG00000250326	RP11-284M14.1	ENST00000507826	antisense							Ensembl VEP GRCh37 REST	ANNOTATED
rs7670439	rs7670439	GRCh37	116	2026-09-21	intron_variant	4	144080267	144080267	T/A/C/G	intron_variant;non_coding_transcript_variant	MODIFIER	ENSG00000250326	RP11-284M14.1	ENST00000507826	antisense							Ensembl VEP GRCh37 REST	ANNOTATED
rs10903013	rs10903013	GRCh37	116	2026-09-21	intron_variant	16	312253	312253	A/C/G	intron_variant	MODIFIER	ENSG00000167930	ITFG3	ENST00000301678	protein_coding							Ensembl VEP GRCh37 REST	ANNOTATED
rs10903013	rs10903013	GRCh37	116	2026-09-21	intron_variant	16	312253	312253	A/C/G	intron_variant	MODIFIER	ENSG00000167930	ITFG3	ENST00000301678	protein_coding							Ensembl VEP GRCh37 REST	ANNOTATED
rs10903013	rs10903013	GRCh37	116	2026-09-21	intron_variant	16	312253	312253	A/C/G	intron_variant	MODIFIER	ENSG00000167930	ITFG3	ENST00000301679	protein_coding							Ensembl VEP GRCh37 REST	ANNOTATED
rs10903013	rs10903013	GRCh37	116	2026-09-21	intron_variant	16	312253	312253	A/C/G	intron_variant	MODIFIER	ENSG00000167930	ITFG3	ENST00000301679	protein_coding							Ensembl VEP GRCh37 REST	ANNOTATED
rs10903013	rs10903013	GRCh37	116	2026-09-21	intron_variant	16	312253	312253	A/C/G	intron_variant	MODIFIER	ENSG00000167930	ITFG3	ENST00000399932	protein_coding							Ensembl VEP GRCh37 REST	ANNOTATED
rs10903013	rs10903013	GRCh37	116	2026-09-21	intron_variant	16	312253	312253	A/C/G	intron_variant	MODIFIER	ENSG00000167930	ITFG3	ENST00000399932	protein_coding							Ensembl VEP GRCh37 REST	ANNOTATED
rs10903013	rs10903013	GRCh37	116	2026-09-21	intron_variant	16	312253	312253	A/C/G	downstream_gene_variant	MODIFIER	ENSG00000167930	ITFG3	ENST00000419173	protein_coding					2733		Ensembl VEP GRCh37 REST	ANNOTATED
rs10903013	rs10903013	GRCh37	116	2026-09-21	intron_variant	16	312253	312253	A/C/G	downstream_gene_variant	MODIFIER	ENSG00000167930	ITFG3	ENST00000419173	protein_coding					2733		Ensembl VEP GRCh37 REST	ANNOTATED
rs10903013	rs10903013	GRCh37	116	2026-09-21	intron_variant	16	312253	312253	A/C/G	downstream_gene_variant	MODIFIER	ENSG00000167930	ITFG3	ENST00000420046	protein_coding					749		Ensembl VEP GRCh37 REST	ANNOTATED
rs10903013	rs10903013	GRCh37	116	2026-09-21	intron_variant	16	312253	312253	A/C/G	downstream_gene_variant	MODIFIER	ENSG00000167930	ITFG3	ENST00000420046	protein_coding					749		Ensembl VEP GRCh37 REST	ANNOTATED
rs10903013	rs10903013	GRCh37	116	2026-09-21	intron_variant	16	312253	312253	A/C/G	downstream_gene_variant	MODIFIER	ENSG00000167930	ITFG3	ENST00000420500	protein_coding					2245		Ensembl VEP GRCh37 REST	ANNOTATED
rs10903013	rs10903013	GRCh37	116	2026-09-21	intron_variant	16	312253	312253	A/C/G	downstream_gene_variant	MODIFIER	ENSG00000167930	ITFG3	ENST00000420500	protein_coding					2245		Ensembl VEP GRCh37 REST	ANNOTATED
rs10903013	rs10903013	GRCh37	116	2026-09-21	intron_variant	16	312253	312253	A/C/G	downstream_gene_variant	MODIFIER	ENSG00000167930	ITFG3	ENST00000421000	protein_coding					1466		Ensembl VEP GRCh37 REST	ANNOTATED
rs10903013	rs10903013	GRCh37	116	2026-09-21	intron_variant	16	312253	312253	A/C/G	downstream_gene_variant	MODIFIER	ENSG00000167930	ITFG3	ENST00000421000	protein_coding					1466		Ensembl VEP GRCh37 REST	ANNOTATED
rs10903013	rs10903013	GRCh37	116	2026-09-21	intron_variant	16	312253	312253	A/C/G	upstream_gene_variant	MODIFIER	ENSG00000167930	ITFG3	ENST00000424016	protein_coding					254		Ensembl VEP GRCh37 REST	ANNOTATED
rs10903013	rs10903013	GRCh37	116	2026-09-21	intron_variant	16	312253	312253	A/C/G	upstream_gene_variant	MODIFIER	ENSG00000167930	ITFG3	ENST00000424016	protein_coding					254		Ensembl VEP GRCh37 REST	ANNOTATED
rs10903013	rs10903013	GRCh37	116	2026-09-21	intron_variant	16	312253	312253	A/C/G	downstream_gene_variant	MODIFIER	ENSG00000167930	ITFG3	ENST00000438220	protein_coding					2251		Ensembl VEP GRCh37 REST	ANNOTATED
rs10903013	rs10903013	GRCh37	116	2026-09-21	intron_variant	16	312253	312253	A/C/G	downstream_gene_variant	MODIFIER	ENSG00000167930	ITFG3	ENST00000438220	protein_coding					2251		Ensembl VEP GRCh37 REST	ANNOTATED
rs10903013	rs10903013	GRCh37	116	2026-09-21	intron_variant	16	312253	312253	A/C/G	intron_variant	MODIFIER	ENSG00000167930	ITFG3	ENST00000442458	protein_coding							Ensembl VEP GRCh37 REST	ANNOTATED
rs10903013	rs10903013	GRCh37	116	2026-09-21	intron_variant	16	312253	312253	A/C/G	intron_variant	MODIFIER	ENSG00000167930	ITFG3	ENST00000442458	protein_coding							Ensembl VEP GRCh37 REST	ANNOTATED
rs10903013	rs10903013	GRCh37	116	2026-09-21	intron_variant	16	312253	312253	A/C/G	downstream_gene_variant	MODIFIER	ENSG00000167930	ITFG3	ENST00000449945	protein_coding					115		Ensembl VEP GRCh37 REST	ANNOTATED
rs10903013	rs10903013	GRCh37	116	2026-09-21	intron_variant	16	312253	312253	A/C/G	downstream_gene_variant	MODIFIER	ENSG00000167930	ITFG3	ENST00000449945	protein_coding					115		Ensembl VEP GRCh37 REST	ANNOTATED
rs10903013	rs10903013	GRCh37	116	2026-09-21	intron_variant	16	312253	312253	A/C/G	intron_variant	MODIFIER	ENSG00000167930	ITFG3	ENST00000450082	protein_coding							Ensembl VEP GRCh37 REST	ANNOTATED
rs10903013	rs10903013	GRCh37	116	2026-09-21	intron_variant	16	312253	312253	A/C/G	intron_variant	MODIFIER	ENSG00000167930	ITFG3	ENST00000450082	protein_coding							Ensembl VEP GRCh37 REST	ANNOTATED
rs10903013	rs10903013	GRCh37	116	2026-09-21	intron_variant	16	312253	312253	A/C/G	downstream_gene_variant	MODIFIER	ENSG00000167930	ITFG3	ENST00000453430	protein_coding					740		Ensembl VEP GRCh37 REST	ANNOTATED
rs10903013	rs10903013	GRCh37	116	2026-09-21	intron_variant	16	312253	312253	A/C/G	downstream_gene_variant	MODIFIER	ENSG00000167930	ITFG3	ENST00000453430	protein_coding					740		Ensembl VEP GRCh37 REST	ANNOTATED
rs10903013	rs10903013	GRCh37	116	2026-09-21	intron_variant	16	312253	312253	A/C/G	downstream_gene_variant	MODIFIER	ENSG00000167930	ITFG3	ENST00000468354	retained_intron					10		Ensembl VEP GRCh37 REST	ANNOTATED
rs10903013	rs10903013	GRCh37	116	2026-09-21	intron_variant	16	312253	312253	A/C/G	downstream_gene_variant	MODIFIER	ENSG00000167930	ITFG3	ENST00000468354	retained_intron					10		Ensembl VEP GRCh37 REST	ANNOTATED
rs10903013	rs10903013	GRCh37	116	2026-09-21	intron_variant	16	312253	312253	A/C/G	downstream_gene_variant	MODIFIER	ENSG00000167930	ITFG3	ENST00000496874	retained_intron					2734		Ensembl VEP GRCh37 REST	ANNOTATED
rs10903013	rs10903013	GRCh37	116	2026-09-21	intron_variant	16	312253	312253	A/C/G	downstream_gene_variant	MODIFIER	ENSG00000167930	ITFG3	ENST00000496874	retained_intron					2734		Ensembl VEP GRCh37 REST	ANNOTATED
rs10818834	rs10818834	GRCh37	116	2026-09-21	intron_variant	9	126317324	126317324	T/A/C/G	intron_variant	MODIFIER	ENSG00000119522	DENND1A	ENST00000373618	protein_coding							Ensembl VEP GRCh37 REST	ANNOTATED
rs10818834	rs10818834	GRCh37	116	2026-09-21	intron_variant	9	126317324	126317324	T/A/C/G	intron_variant	MODIFIER	ENSG00000119522	DENND1A	ENST00000373618	protein_coding							Ensembl VEP GRCh37 REST	ANNOTATED
rs10818834	rs10818834	GRCh37	116	2026-09-21	intron_variant	9	126317324	126317324	T/A/C/G	intron_variant	MODIFIER	ENSG00000119522	DENND1A	ENST00000373618	protein_coding							Ensembl VEP GRCh37 REST	ANNOTATED
rs10818834	rs10818834	GRCh37	116	2026-09-21	intron_variant	9	126317324	126317324	T/A/C/G	intron_variant	MODIFIER	ENSG00000119522	DENND1A	ENST00000373620	protein_coding							Ensembl VEP GRCh37 REST	ANNOTATED
rs10818834	rs10818834	GRCh37	116	2026-09-21	intron_variant	9	126317324	126317324	T/A/C/G	intron_variant	MODIFIER	ENSG00000119522	DENND1A	ENST00000373620	protein_coding							Ensembl VEP GRCh37 REST	ANNOTATED
rs10818834	rs10818834	GRCh37	116	2026-09-21	intron_variant	9	126317324	126317324	T/A/C/G	intron_variant	MODIFIER	ENSG00000119522	DENND1A	ENST00000373620	protein_coding							Ensembl VEP GRCh37 REST	ANNOTATED
rs10818834	rs10818834	GRCh37	116	2026-09-21	intron_variant	9	126317324	126317324	T/A/C/G	intron_variant	MODIFIER	ENSG00000119522	DENND1A	ENST00000373624	protein_coding							Ensembl VEP GRCh37 REST	ANNOTATED
rs10818834	rs10818834	GRCh37	116	2026-09-21	intron_variant	9	126317324	126317324	T/A/C/G	intron_variant	MODIFIER	ENSG00000119522	DENND1A	ENST00000373624	protein_coding							Ensembl VEP GRCh37 REST	ANNOTATED
rs10818834	rs10818834	GRCh37	116	2026-09-21	intron_variant	9	126317324	126317324	T/A/C/G	intron_variant	MODIFIER	ENSG00000119522	DENND1A	ENST00000373624	protein_coding							Ensembl VEP GRCh37 REST	ANNOTATED
rs10818834	rs10818834	GRCh37	116	2026-09-21	intron_variant	9	126317324	126317324	T/A/C/G	intron_variant	MODIFIER	ENSG00000119522	DENND1A	ENST00000394215	protein_coding							Ensembl VEP GRCh37 REST	ANNOTATED
rs10818834	rs10818834	GRCh37	116	2026-09-21	intron_variant	9	126317324	126317324	T/A/C/G	intron_variant	MODIFIER	ENSG00000119522	DENND1A	ENST00000394215	protein_coding							Ensembl VEP GRCh37 REST	ANNOTATED
rs10818834	rs10818834	GRCh37	116	2026-09-21	intron_variant	9	126317324	126317324	T/A/C/G	intron_variant	MODIFIER	ENSG00000119522	DENND1A	ENST00000394215	protein_coding							Ensembl VEP GRCh37 REST	ANNOTATED
rs10818834	rs10818834	GRCh37	116	2026-09-21	intron_variant	9	126317324	126317324	T/A/C/G	intron_variant	MODIFIER	ENSG00000119522	DENND1A	ENST00000394219	protein_coding							Ensembl VEP GRCh37 REST	ANNOTATED
rs10818834	rs10818834	GRCh37	116	2026-09-21	intron_variant	9	126317324	126317324	T/A/C/G	intron_variant	MODIFIER	ENSG00000119522	DENND1A	ENST00000394219	protein_coding							Ensembl VEP GRCh37 REST	ANNOTATED
rs10818834	rs10818834	GRCh37	116	2026-09-21	intron_variant	9	126317324	126317324	T/A/C/G	intron_variant	MODIFIER	ENSG00000119522	DENND1A	ENST00000394219	protein_coding							Ensembl VEP GRCh37 REST	ANNOTATED
rs10818834	rs10818834	GRCh37	116	2026-09-21	intron_variant	9	126317324	126317324	T/A/C/G	intron_variant;non_coding_transcript_variant	MODIFIER	ENSG00000119522	DENND1A	ENST00000473039	processed_transcript							Ensembl VEP GRCh37 REST	ANNOTATED
rs10818834	rs10818834	GRCh37	116	2026-09-21	intron_variant	9	126317324	126317324	T/A/C/G	intron_variant;non_coding_transcript_variant	MODIFIER	ENSG00000119522	DENND1A	ENST00000473039	processed_transcript							Ensembl VEP GRCh37 REST	ANNOTATED
rs10818834	rs10818834	GRCh37	116	2026-09-21	intron_variant	9	126317324	126317324	T/A/C/G	intron_variant;non_coding_transcript_variant	MODIFIER	ENSG00000119522	DENND1A	ENST00000473039	processed_transcript							Ensembl VEP GRCh37 REST	ANNOTATED
rs10818834	rs10818834	GRCh37	116	2026-09-21	intron_variant	9	126317324	126317324	T/A/C/G	intron_variant;non_coding_transcript_variant	MODIFIER	ENSG00000119522	DENND1A	ENST00000491650	processed_transcript							Ensembl VEP GRCh37 REST	ANNOTATED
rs10818834	rs10818834	GRCh37	116	2026-09-21	intron_variant	9	126317324	126317324	T/A/C/G	intron_variant;non_coding_transcript_variant	MODIFIER	ENSG00000119522	DENND1A	ENST00000491650	processed_transcript							Ensembl VEP GRCh37 REST	ANNOTATED
rs10818834	rs10818834	GRCh37	116	2026-09-21	intron_variant	9	126317324	126317324	T/A/C/G	intron_variant;non_coding_transcript_variant	MODIFIER	ENSG00000119522	DENND1A	ENST00000491650	processed_transcript							Ensembl VEP GRCh37 REST	ANNOTATED
rs10818834	rs10818834	GRCh37	116	2026-09-21	intron_variant	9	126317324	126317324	T/A/C/G	intron_variant;non_coding_transcript_variant	MODIFIER	ENSG00000119522	DENND1A	ENST00000497135	processed_transcript							Ensembl VEP GRCh37 REST	ANNOTATED
rs10818834	rs10818834	GRCh37	116	2026-09-21	intron_variant	9	126317324	126317324	T/A/C/G	intron_variant;non_coding_transcript_variant	MODIFIER	ENSG00000119522	DENND1A	ENST00000497135	processed_transcript							Ensembl VEP GRCh37 REST	ANNOTATED
rs10818834	rs10818834	GRCh37	116	2026-09-21	intron_variant	9	126317324	126317324	T/A/C/G	intron_variant;non_coding_transcript_variant	MODIFIER	ENSG00000119522	DENND1A	ENST00000497135	processed_transcript							Ensembl VEP GRCh37 REST	ANNOTATED
rs10818834	rs10818834	GRCh37	116	2026-09-21	intron_variant	9	126317324	126317324	T/A/C/G	intron_variant	MODIFIER	ENSG00000119522	DENND1A	ENST00000542603	protein_coding							Ensembl VEP GRCh37 REST	ANNOTATED
rs10818834	rs10818834	GRCh37	116	2026-09-21	intron_variant	9	126317324	126317324	T/A/C/G	intron_variant	MODIFIER	ENSG00000119522	DENND1A	ENST00000542603	protein_coding							Ensembl VEP GRCh37 REST	ANNOTATED
rs10818834	rs10818834	GRCh37	116	2026-09-21	intron_variant	9	126317324	126317324	T/A/C/G	intron_variant	MODIFIER	ENSG00000119522	DENND1A	ENST00000542603	protein_coding							Ensembl VEP GRCh37 REST	ANNOTATED
