lead_SNP	pair	direction_class	source	dataset	variant_id	tissue	gene_symbol	gencode_id	p_value	nes	status	query_date	build_note	lookup_scope
rs10209020	CAT-AD	POSITIVE_DIRECTION_CONCORDANT	GTEx_v8	gtex_v8	chr2_27758077_C_T_b38	Muscle_Skeletal	KHK	ENSG00000138030.12	1.57852e-07	-0.217444	LOOKUP_RETURNED	2026-09-21	GTEx v8 API; raw p-values are descriptive and not used as colocalization evidence	relevant_tissues
rs10209020	CAT-AD	POSITIVE_DIRECTION_CONCORDANT	GTEx_v8	gtex_v8	chr2_27758077_C_T_b38	Muscle_Skeletal	CGREF1	ENSG00000138028.15	4.18257e-09	-0.25034	LOOKUP_RETURNED	2026-09-21	GTEx v8 API; raw p-values are descriptive and not used as colocalization evidence	relevant_tissues
rs10209020	CAT-AD	POSITIVE_DIRECTION_CONCORDANT	GTEx_v8	gtex_v8	chr2_27758077_C_T_b38	Muscle_Skeletal	SNX17	ENSG00000115234.10	0.000291992	-0.11453	LOOKUP_RETURNED	2026-09-21	GTEx v8 API; raw p-values are descriptive and not used as colocalization evidence	relevant_tissues
rs10209020	CAT-AD	POSITIVE_DIRECTION_CONCORDANT	GTEx_v8	gtex_v8	chr2_27758077_C_T_b38	Muscle_Skeletal	SLC4A1AP	ENSG00000163798.13	2.60463e-08	0.131225	LOOKUP_RETURNED	2026-09-21	GTEx v8 API; raw p-values are descriptive and not used as colocalization evidence	relevant_tissues
rs10209020	CAT-AD	POSITIVE_DIRECTION_CONCORDANT	GTEx_v8	gtex_v8	chr2_27758077_C_T_b38	Heart_Atrial_Appendage	MRPL33	ENSG00000243147.7	1.1943e-06	0.113627	LOOKUP_RETURNED	2026-09-21	GTEx v8 API; raw p-values are descriptive and not used as colocalization evidence	relevant_tissues
rs10209020	CAT-AD	POSITIVE_DIRECTION_CONCORDANT	GTEx_v8	gtex_v8	chr2_27758077_C_T_b38	Whole_Blood	SLC4A1AP	ENSG00000163798.13	2.2714e-08	0.108437	LOOKUP_RETURNED	2026-09-21	GTEx v8 API; raw p-values are descriptive and not used as colocalization evidence	relevant_tissues
rs10209020	CAT-AD	POSITIVE_DIRECTION_CONCORDANT	GTEx_v8	gtex_v8	chr2_27758077_C_T_b38	Nerve_Tibial	CGREF1	ENSG00000138028.15	0.00013164	-0.172732	LOOKUP_RETURNED	2026-09-21	GTEx v8 API; raw p-values are descriptive and not used as colocalization evidence	relevant_tissues
rs10209020	CAT-AD	POSITIVE_DIRECTION_CONCORDANT	GTEx_v8	gtex_v8	chr2_27758077_C_T_b38	Nerve_Tibial	LINC01460	ENSG00000205334.2	0.00013122	0.22366	LOOKUP_RETURNED	2026-09-21	GTEx v8 API; raw p-values are descriptive and not used as colocalization evidence	relevant_tissues
rs10209020	CAT-AD	POSITIVE_DIRECTION_CONCORDANT	GTEx_v8	gtex_v8	chr2_27758077_C_T_b38	Skin_Sun_Exposed_Lower_leg	KHK	ENSG00000138030.12	0.000174351	-0.150631	LOOKUP_RETURNED	2026-09-21	GTEx v8 API; raw p-values are descriptive and not used as colocalization evidence	relevant_tissues
rs10209020	CAT-AD	POSITIVE_DIRECTION_CONCORDANT	GTEx_v8	gtex_v8	chr2_27758077_C_T_b38	Artery_Aorta	SLC4A1AP	ENSG00000163798.13	6.33684e-07	0.14584	LOOKUP_RETURNED	2026-09-21	GTEx v8 API; raw p-values are descriptive and not used as colocalization evidence	relevant_tissues
rs10209020	CAT-AD	POSITIVE_DIRECTION_CONCORDANT	GTEx_v8	gtex_v8	chr2_27758077_C_T_b38	Spleen	FNDC4	ENSG00000115226.9	2.32695e-05	0.318492	LOOKUP_RETURNED	2026-09-21	GTEx v8 API; raw p-values are descriptive and not used as colocalization evidence	relevant_tissues
rs10209020	CAT-AD	POSITIVE_DIRECTION_CONCORDANT	GTEx_v8	gtex_v8	chr2_27758077_C_T_b38	Spleen	GCKR	ENSG00000084734.8	2.0629e-05	0.377757	LOOKUP_RETURNED	2026-09-21	GTEx v8 API; raw p-values are descriptive and not used as colocalization evidence	relevant_tissues
rs10209020	CAT-AD	POSITIVE_DIRECTION_CONCORDANT	EyeGEx/retina								NOT_ASSESSED_STABLE_PUBLIC_API_NOT_CONFIGURED	2026-09-21	Optional retina xQTL lookup; no stable endpoint was used in this reproducible workflow	optional_source_status
rs10278591	POAG-CAD	NEGATIVE_DIRECTION_CONCORDANT	GTEx_v8	gtex_v8	chr7_1881726_C_T_b38	Brain_Nucleus_accumbens_basal_ganglia	AC110781.3	ENSG00000176349.11	1.36891e-06	-0.490215	LOOKUP_RETURNED	2026-09-21	GTEx v8 API; raw p-values are descriptive and not used as colocalization evidence	relevant_tissues
rs10278591	POAG-CAD	NEGATIVE_DIRECTION_CONCORDANT	GTEx_v8	gtex_v8	chr7_1881726_C_T_b38	Brain_Caudate_basal_ganglia	MRM2	ENSG00000122687.17	2.41157e-05	-0.309966	LOOKUP_RETURNED	2026-09-21	GTEx v8 API; raw p-values are descriptive and not used as colocalization evidence	relevant_tissues
rs10278591	POAG-CAD	NEGATIVE_DIRECTION_CONCORDANT	EyeGEx/retina								NOT_ASSESSED_STABLE_PUBLIC_API_NOT_CONFIGURED	2026-09-21	Optional retina xQTL lookup; no stable endpoint was used in this reproducible workflow	optional_source_status
rs10502145	CAT-CAD	POSITIVE_DIRECTION_CONCORDANT	GTEx_v8	gtex_v8	chr11_111654345_T_C_b38	Brain_Putamen_basal_ganglia	PPP2R1B	ENSG00000137713.15	1.16295e-06	-0.337471	LOOKUP_RETURNED	2026-09-21	GTEx v8 API; raw p-values are descriptive and not used as colocalization evidence	relevant_tissues
rs10502145	CAT-CAD	POSITIVE_DIRECTION_CONCORDANT	GTEx_v8	gtex_v8	chr11_111654345_T_C_b38	Brain_Nucleus_accumbens_basal_ganglia	PPP2R1B	ENSG00000137713.15	7.80618e-11	-0.456982	LOOKUP_RETURNED	2026-09-21	GTEx v8 API; raw p-values are descriptive and not used as colocalization evidence	relevant_tissues
rs10502145	CAT-CAD	POSITIVE_DIRECTION_CONCORDANT	GTEx_v8	gtex_v8	chr11_111654345_T_C_b38	Brain_Cortex	PPP2R1B	ENSG00000137713.15	2.47632e-07	-0.282033	LOOKUP_RETURNED	2026-09-21	GTEx v8 API; raw p-values are descriptive and not used as colocalization evidence	relevant_tissues
rs10502145	CAT-CAD	POSITIVE_DIRECTION_CONCORDANT	GTEx_v8	gtex_v8	chr11_111654345_T_C_b38	Muscle_Skeletal	PPP2R1B	ENSG00000137713.15	0.000122172	-0.093015	LOOKUP_RETURNED	2026-09-21	GTEx v8 API; raw p-values are descriptive and not used as colocalization evidence	relevant_tissues
rs10502145	CAT-CAD	POSITIVE_DIRECTION_CONCORDANT	GTEx_v8	gtex_v8	chr11_111654345_T_C_b38	Muscle_Skeletal	HSPB2	ENSG00000170276.5	7.57687e-06	0.103814	LOOKUP_RETURNED	2026-09-21	GTEx v8 API; raw p-values are descriptive and not used as colocalization evidence	relevant_tissues
rs10502145	CAT-CAD	POSITIVE_DIRECTION_CONCORDANT	GTEx_v8	gtex_v8	chr11_111654345_T_C_b38	Muscle_Skeletal	C11orf52	ENSG00000149300.9	4.21295e-06	0.111427	LOOKUP_RETURNED	2026-09-21	GTEx v8 API; raw p-values are descriptive and not used as colocalization evidence	relevant_tissues
rs10502145	CAT-CAD	POSITIVE_DIRECTION_CONCORDANT	GTEx_v8	gtex_v8	chr11_111654345_T_C_b38	Muscle_Skeletal	DLAT	ENSG00000150768.15	3.02866e-08	-0.071804	LOOKUP_RETURNED	2026-09-21	GTEx v8 API; raw p-values are descriptive and not used as colocalization evidence	relevant_tissues
rs10502145	CAT-CAD	POSITIVE_DIRECTION_CONCORDANT	GTEx_v8	gtex_v8	chr11_111654345_T_C_b38	Brain_Caudate_basal_ganglia	PPP2R1B	ENSG00000137713.15	1.94835e-11	-0.450315	LOOKUP_RETURNED	2026-09-21	GTEx v8 API; raw p-values are descriptive and not used as colocalization evidence	relevant_tissues
rs10502145	CAT-CAD	POSITIVE_DIRECTION_CONCORDANT	GTEx_v8	gtex_v8	chr11_111654345_T_C_b38	Whole_Blood	SIK2	ENSG00000170145.4	0.000137686	-0.08148	LOOKUP_RETURNED	2026-09-21	GTEx v8 API; raw p-values are descriptive and not used as colocalization evidence	relevant_tissues
rs10502145	CAT-CAD	POSITIVE_DIRECTION_CONCORDANT	GTEx_v8	gtex_v8	chr11_111654345_T_C_b38	Artery_Tibial	PPP2R1B	ENSG00000137713.15	4.83744e-13	-0.256285	LOOKUP_RETURNED	2026-09-21	GTEx v8 API; raw p-values are descriptive and not used as colocalization evidence	relevant_tissues
rs10502145	CAT-CAD	POSITIVE_DIRECTION_CONCORDANT	GTEx_v8	gtex_v8	chr11_111654345_T_C_b38	Artery_Tibial	C11orf52	ENSG00000149300.9	2.41659e-05	0.1328	LOOKUP_RETURNED	2026-09-21	GTEx v8 API; raw p-values are descriptive and not used as colocalization evidence	relevant_tissues
rs10502145	CAT-CAD	POSITIVE_DIRECTION_CONCORDANT	GTEx_v8	gtex_v8	chr11_111654345_T_C_b38	Nerve_Tibial	PPP2R1B	ENSG00000137713.15	1.52905e-07	-0.223023	LOOKUP_RETURNED	2026-09-21	GTEx v8 API; raw p-values are descriptive and not used as colocalization evidence	relevant_tissues
rs10502145	CAT-CAD	POSITIVE_DIRECTION_CONCORDANT	GTEx_v8	gtex_v8	chr11_111654345_T_C_b38	Nerve_Tibial	CRYAB	ENSG00000109846.7	3.64734e-06	-0.0941734	LOOKUP_RETURNED	2026-09-21	GTEx v8 API; raw p-values are descriptive and not used as colocalization evidence	relevant_tissues
rs10502145	CAT-CAD	POSITIVE_DIRECTION_CONCORDANT	GTEx_v8	gtex_v8	chr11_111654345_T_C_b38	Nerve_Tibial	PPIHP1	ENSG00000230911.1	1.50637e-10	-0.408745	LOOKUP_RETURNED	2026-09-21	GTEx v8 API; raw p-values are descriptive and not used as colocalization evidence	relevant_tissues
rs10502145	CAT-CAD	POSITIVE_DIRECTION_CONCORDANT	GTEx_v8	gtex_v8	chr11_111654345_T_C_b38	Skin_Sun_Exposed_Lower_leg	PPP2R1B	ENSG00000137713.15	0.000202071	-0.139791	LOOKUP_RETURNED	2026-09-21	GTEx v8 API; raw p-values are descriptive and not used as colocalization evidence	relevant_tissues
rs10502145	CAT-CAD	POSITIVE_DIRECTION_CONCORDANT	GTEx_v8	gtex_v8	chr11_111654345_T_C_b38	Skin_Sun_Exposed_Lower_leg	CRYAB	ENSG00000109846.7	2.1997e-07	-0.159633	LOOKUP_RETURNED	2026-09-21	GTEx v8 API; raw p-values are descriptive and not used as colocalization evidence	relevant_tissues
rs10502145	CAT-CAD	POSITIVE_DIRECTION_CONCORDANT	GTEx_v8	gtex_v8	chr11_111654345_T_C_b38	Skin_Sun_Exposed_Lower_leg	DIXDC1	ENSG00000150764.13	0.000152867	0.0839276	LOOKUP_RETURNED	2026-09-21	GTEx v8 API; raw p-values are descriptive and not used as colocalization evidence	relevant_tissues
rs10502145	CAT-CAD	POSITIVE_DIRECTION_CONCORDANT	GTEx_v8	gtex_v8	chr11_111654345_T_C_b38	Skin_Sun_Exposed_Lower_leg	DLAT	ENSG00000150768.15	7.19236e-08	0.120641	LOOKUP_RETURNED	2026-09-21	GTEx v8 API; raw p-values are descriptive and not used as colocalization evidence	relevant_tissues
rs10502145	CAT-CAD	POSITIVE_DIRECTION_CONCORDANT	GTEx_v8	gtex_v8	chr11_111654345_T_C_b38	Brain_Hippocampus	PPP2R1B	ENSG00000137713.15	6.74542e-06	-0.284443	LOOKUP_RETURNED	2026-09-21	GTEx v8 API; raw p-values are descriptive and not used as colocalization evidence	relevant_tissues
rs10502145	CAT-CAD	POSITIVE_DIRECTION_CONCORDANT	GTEx_v8	gtex_v8	chr11_111654345_T_C_b38	Brain_Anterior_cingulate_cortex_BA24	PPP2R1B	ENSG00000137713.15	1.51334e-09	-0.431281	LOOKUP_RETURNED	2026-09-21	GTEx v8 API; raw p-values are descriptive and not used as colocalization evidence	relevant_tissues
rs10502145	CAT-CAD	POSITIVE_DIRECTION_CONCORDANT	GTEx_v8	gtex_v8	chr11_111654345_T_C_b38	Artery_Aorta	PPP2R1B	ENSG00000137713.15	6.58454e-06	-0.168557	LOOKUP_RETURNED	2026-09-21	GTEx v8 API; raw p-values are descriptive and not used as colocalization evidence	relevant_tissues
rs10502145	CAT-CAD	POSITIVE_DIRECTION_CONCORDANT	GTEx_v8	gtex_v8	chr11_111654345_T_C_b38	Artery_Aorta	C11orf52	ENSG00000149300.9	3.73385e-06	0.209613	LOOKUP_RETURNED	2026-09-21	GTEx v8 API; raw p-values are descriptive and not used as colocalization evidence	relevant_tissues
rs10502145	CAT-CAD	POSITIVE_DIRECTION_CONCORDANT	GTEx_v8	gtex_v8	chr11_111654345_T_C_b38	Brain_Cerebellar_Hemisphere	C11orf52	ENSG00000149300.9	1.83537e-05	0.272805	LOOKUP_RETURNED	2026-09-21	GTEx v8 API; raw p-values are descriptive and not used as colocalization evidence	relevant_tissues
rs10502145	CAT-CAD	POSITIVE_DIRECTION_CONCORDANT	GTEx_v8	gtex_v8	chr11_111654345_T_C_b38	Brain_Cerebellum	C11orf52	ENSG00000149300.9	8.68706e-05	0.271137	LOOKUP_RETURNED	2026-09-21	GTEx v8 API; raw p-values are descriptive and not used as colocalization evidence	relevant_tissues
rs10502145	CAT-CAD	POSITIVE_DIRECTION_CONCORDANT	GTEx_v8	gtex_v8	chr11_111654345_T_C_b38	Brain_Cerebellum	PPIHP1	ENSG00000230911.1	6.62997e-06	-0.413011	LOOKUP_RETURNED	2026-09-21	GTEx v8 API; raw p-values are descriptive and not used as colocalization evidence	relevant_tissues
rs10502145	CAT-CAD	POSITIVE_DIRECTION_CONCORDANT	GTEx_v8	gtex_v8	chr11_111654345_T_C_b38	Adipose_Visceral_Omentum	PPP2R1B	ENSG00000137713.15	1.0735e-09	-0.180357	LOOKUP_RETURNED	2026-09-21	GTEx v8 API; raw p-values are descriptive and not used as colocalization evidence	relevant_tissues
rs10502145	CAT-CAD	POSITIVE_DIRECTION_CONCORDANT	GTEx_v8	gtex_v8	chr11_111654345_T_C_b38	Adipose_Visceral_Omentum	PPIHP1	ENSG00000230911.1	2.04055e-05	-0.233296	LOOKUP_RETURNED	2026-09-21	GTEx v8 API; raw p-values are descriptive and not used as colocalization evidence	relevant_tissues
rs10502145	CAT-CAD	POSITIVE_DIRECTION_CONCORDANT	GTEx_v8	gtex_v8	chr11_111654345_T_C_b38	Adipose_Subcutaneous	PPP2R1B	ENSG00000137713.15	6.82355e-14	-0.201484	LOOKUP_RETURNED	2026-09-21	GTEx v8 API; raw p-values are descriptive and not used as colocalization evidence	relevant_tissues
rs10502145	CAT-CAD	POSITIVE_DIRECTION_CONCORDANT	GTEx_v8	gtex_v8	chr11_111654345_T_C_b38	Adipose_Subcutaneous	C11orf52	ENSG00000149300.9	1.40571e-07	0.169624	LOOKUP_RETURNED	2026-09-21	GTEx v8 API; raw p-values are descriptive and not used as colocalization evidence	relevant_tissues
rs10502145	CAT-CAD	POSITIVE_DIRECTION_CONCORDANT	GTEx_v8	gtex_v8	chr11_111654345_T_C_b38	Adipose_Subcutaneous	PPIHP1	ENSG00000230911.1	8.88803e-08	-0.279168	LOOKUP_RETURNED	2026-09-21	GTEx v8 API; raw p-values are descriptive and not used as colocalization evidence	relevant_tissues
rs10502145	CAT-CAD	POSITIVE_DIRECTION_CONCORDANT	EyeGEx/retina								NOT_ASSESSED_STABLE_PUBLIC_API_NOT_CONFIGURED	2026-09-21	Optional retina xQTL lookup; no stable endpoint was used in this reproducible workflow	optional_source_status
rs1057902	CAT-T2D	POSITIVE_DIRECTION_CONCORDANT	GTEx_v8	gtex_v8	chr17_48928226_C_T_b38	Heart_Left_Ventricle	ATP5G1	ENSG00000159199.13	1.24439e-13	0.188019	LOOKUP_RETURNED	2026-09-21	GTEx v8 API; raw p-values are descriptive and not used as colocalization evidence	relevant_tissues
rs1057902	CAT-T2D	POSITIVE_DIRECTION_CONCORDANT	GTEx_v8	gtex_v8	chr17_48928226_C_T_b38	Brain_Putamen_basal_ganglia	SUMO2P17	ENSG00000248278.1	1.47911e-10	0.659041	LOOKUP_RETURNED	2026-09-21	GTEx v8 API; raw p-values are descriptive and not used as colocalization evidence	relevant_tissues
rs1057902	CAT-T2D	POSITIVE_DIRECTION_CONCORDANT	GTEx_v8	gtex_v8	chr17_48928226_C_T_b38	Liver	UBE2Z	ENSG00000159202.17	4.21526e-06	-0.20039	LOOKUP_RETURNED	2026-09-21	GTEx v8 API; raw p-values are descriptive and not used as colocalization evidence	relevant_tissues
rs1057902	CAT-T2D	POSITIVE_DIRECTION_CONCORDANT	GTEx_v8	gtex_v8	chr17_48928226_C_T_b38	Small_Intestine_Terminal_Ileum	ATP5G1	ENSG00000159199.13	1.83064e-05	0.12987	LOOKUP_RETURNED	2026-09-21	GTEx v8 API; raw p-values are descriptive and not used as colocalization evidence	relevant_tissues
rs1057902	CAT-T2D	POSITIVE_DIRECTION_CONCORDANT	GTEx_v8	gtex_v8	chr17_48928226_C_T_b38	Small_Intestine_Terminal_Ileum	UBE2Z	ENSG00000159202.17	3.1898e-05	-0.267878	LOOKUP_RETURNED	2026-09-21	GTEx v8 API; raw p-values are descriptive and not used as colocalization evidence	relevant_tissues
rs1057902	CAT-T2D	POSITIVE_DIRECTION_CONCORDANT	GTEx_v8	gtex_v8	chr17_48928226_C_T_b38	Small_Intestine_Terminal_Ileum	SUMO2P17	ENSG00000248278.1	1.56613e-07	0.58314	LOOKUP_RETURNED	2026-09-21	GTEx v8 API; raw p-values are descriptive and not used as colocalization evidence	relevant_tissues
rs1057902	CAT-T2D	POSITIVE_DIRECTION_CONCORDANT	GTEx_v8	gtex_v8	chr17_48928226_C_T_b38	Skin_Not_Sun_Exposed_Suprapubic	UBE2Z	ENSG00000159202.17	4.58417e-07	0.128476	LOOKUP_RETURNED	2026-09-21	GTEx v8 API; raw p-values are descriptive and not used as colocalization evidence	relevant_tissues
rs1057902	CAT-T2D	POSITIVE_DIRECTION_CONCORDANT	GTEx_v8	gtex_v8	chr17_48928226_C_T_b38	Brain_Amygdala	SUMO2P17	ENSG00000248278.1	1.352e-07	0.650906	LOOKUP_RETURNED	2026-09-21	GTEx v8 API; raw p-values are descriptive and not used as colocalization evidence	relevant_tissues
rs1057902	CAT-T2D	POSITIVE_DIRECTION_CONCORDANT	GTEx_v8	gtex_v8	chr17_48928226_C_T_b38	Brain_Substantia_nigra	SUMO2P17	ENSG00000248278.1	3.42513e-06	0.565929	LOOKUP_RETURNED	2026-09-21	GTEx v8 API; raw p-values are descriptive and not used as colocalization evidence	relevant_tissues
rs1057902	CAT-T2D	POSITIVE_DIRECTION_CONCORDANT	GTEx_v8	gtex_v8	chr17_48928226_C_T_b38	Brain_Nucleus_accumbens_basal_ganglia	TTLL6	ENSG00000170703.15	1.01458e-05	-0.318625	LOOKUP_RETURNED	2026-09-21	GTEx v8 API; raw p-values are descriptive and not used as colocalization evidence	relevant_tissues
rs1057902	CAT-T2D	POSITIVE_DIRECTION_CONCORDANT	GTEx_v8	gtex_v8	chr17_48928226_C_T_b38	Brain_Nucleus_accumbens_basal_ganglia	SUMO2P17	ENSG00000248278.1	3.86789e-13	0.700978	LOOKUP_RETURNED	2026-09-21	GTEx v8 API; raw p-values are descriptive and not used as colocalization evidence	relevant_tissues
rs1057902	CAT-T2D	POSITIVE_DIRECTION_CONCORDANT	GTEx_v8	gtex_v8	chr17_48928226_C_T_b38	Brain_Cortex	SUMO2P17	ENSG00000248278.1	7.00979e-11	0.609573	LOOKUP_RETURNED	2026-09-21	GTEx v8 API; raw p-values are descriptive and not used as colocalization evidence	relevant_tissues
rs1057902	CAT-T2D	POSITIVE_DIRECTION_CONCORDANT	GTEx_v8	gtex_v8	chr17_48928226_C_T_b38	Brain_Cortex	SNF8	ENSG00000159210.9	5.96992e-05	0.235244	LOOKUP_RETURNED	2026-09-21	GTEx v8 API; raw p-values are descriptive and not used as colocalization evidence	relevant_tissues
rs1057902	CAT-T2D	POSITIVE_DIRECTION_CONCORDANT	GTEx_v8	gtex_v8	chr17_48928226_C_T_b38	Artery_Coronary	SUMO2P17	ENSG00000248278.1	5.96166e-06	0.475586	LOOKUP_RETURNED	2026-09-21	GTEx v8 API; raw p-values are descriptive and not used as colocalization evidence	relevant_tissues
rs1057902	CAT-T2D	POSITIVE_DIRECTION_CONCORDANT	GTEx_v8	gtex_v8	chr17_48928226_C_T_b38	Muscle_Skeletal	HOXB-AS1	ENSG00000230148.8	0.000131569	0.145918	LOOKUP_RETURNED	2026-09-21	GTEx v8 API; raw p-values are descriptive and not used as colocalization evidence	relevant_tissues
rs1057902	CAT-T2D	POSITIVE_DIRECTION_CONCORDANT	GTEx_v8	gtex_v8	chr17_48928226_C_T_b38	Muscle_Skeletal	HOXB2	ENSG00000173917.10	5.65335e-05	0.174307	LOOKUP_RETURNED	2026-09-21	GTEx v8 API; raw p-values are descriptive and not used as colocalization evidence	relevant_tissues
rs1057902	CAT-T2D	POSITIVE_DIRECTION_CONCORDANT	GTEx_v8	gtex_v8	chr17_48928226_C_T_b38	Muscle_Skeletal	HOXB3	ENSG00000120093.11	0.000198788	0.146487	LOOKUP_RETURNED	2026-09-21	GTEx v8 API; raw p-values are descriptive and not used as colocalization evidence	relevant_tissues
rs1057902	CAT-T2D	POSITIVE_DIRECTION_CONCORDANT	GTEx_v8	gtex_v8	chr17_48928226_C_T_b38	Muscle_Skeletal	ATP5G1	ENSG00000159199.13	3.82734e-15	0.0988631	LOOKUP_RETURNED	2026-09-21	GTEx v8 API; raw p-values are descriptive and not used as colocalization evidence	relevant_tissues
rs1057902	CAT-T2D	POSITIVE_DIRECTION_CONCORDANT	GTEx_v8	gtex_v8	chr17_48928226_C_T_b38	Muscle_Skeletal	UBE2Z	ENSG00000159202.17	6.77647e-14	0.167174	LOOKUP_RETURNED	2026-09-21	GTEx v8 API; raw p-values are descriptive and not used as colocalization evidence	relevant_tissues
rs1057902	CAT-T2D	POSITIVE_DIRECTION_CONCORDANT	GTEx_v8	gtex_v8	chr17_48928226_C_T_b38	Muscle_Skeletal	SUMO2P17	ENSG00000248278.1	3.79202e-19	0.464451	LOOKUP_RETURNED	2026-09-21	GTEx v8 API; raw p-values are descriptive and not used as colocalization evidence	relevant_tissues
rs1057902	CAT-T2D	POSITIVE_DIRECTION_CONCORDANT	GTEx_v8	gtex_v8	chr17_48928226_C_T_b38	Muscle_Skeletal	SNF8	ENSG00000159210.9	3.47975e-07	0.10632	LOOKUP_RETURNED	2026-09-21	GTEx v8 API; raw p-values are descriptive and not used as colocalization evidence	relevant_tissues
rs1057902	CAT-T2D	POSITIVE_DIRECTION_CONCORDANT	GTEx_v8	gtex_v8	chr17_48928226_C_T_b38	Heart_Atrial_Appendage	ATP5G1	ENSG00000159199.13	1.51025e-06	0.114093	LOOKUP_RETURNED	2026-09-21	GTEx v8 API; raw p-values are descriptive and not used as colocalization evidence	relevant_tissues
rs1057902	CAT-T2D	POSITIVE_DIRECTION_CONCORDANT	GTEx_v8	gtex_v8	chr17_48928226_C_T_b38	Heart_Atrial_Appendage	SUMO2P17	ENSG00000248278.1	2.13211e-09	0.460238	LOOKUP_RETURNED	2026-09-21	GTEx v8 API; raw p-values are descriptive and not used as colocalization evidence	relevant_tissues
rs1057902	CAT-T2D	POSITIVE_DIRECTION_CONCORDANT	GTEx_v8	gtex_v8	chr17_48928226_C_T_b38	Brain_Hypothalamus	SUMO2P17	ENSG00000248278.1	1.82634e-07	0.461677	LOOKUP_RETURNED	2026-09-21	GTEx v8 API; raw p-values are descriptive and not used as colocalization evidence	relevant_tissues
rs1057902	CAT-T2D	POSITIVE_DIRECTION_CONCORDANT	GTEx_v8	gtex_v8	chr17_48928226_C_T_b38	Brain_Caudate_basal_ganglia	UBE2Z	ENSG00000159202.17	3.44141e-05	0.265215	LOOKUP_RETURNED	2026-09-21	GTEx v8 API; raw p-values are descriptive and not used as colocalization evidence	relevant_tissues
rs1057902	CAT-T2D	POSITIVE_DIRECTION_CONCORDANT	GTEx_v8	gtex_v8	chr17_48928226_C_T_b38	Brain_Caudate_basal_ganglia	SUMO2P17	ENSG00000248278.1	9.70113e-15	0.753896	LOOKUP_RETURNED	2026-09-21	GTEx v8 API; raw p-values are descriptive and not used as colocalization evidence	relevant_tissues
rs1057902	CAT-T2D	POSITIVE_DIRECTION_CONCORDANT	GTEx_v8	gtex_v8	chr17_48928226_C_T_b38	Whole_Blood	ATP5G1	ENSG00000159199.13	5.05055e-06	-0.0738871	LOOKUP_RETURNED	2026-09-21	GTEx v8 API; raw p-values are descriptive and not used as colocalization evidence	relevant_tissues
rs1057902	CAT-T2D	POSITIVE_DIRECTION_CONCORDANT	GTEx_v8	gtex_v8	chr17_48928226_C_T_b38	Whole_Blood	UBE2Z	ENSG00000159202.17	8.39089e-41	-0.318069	LOOKUP_RETURNED	2026-09-21	GTEx v8 API; raw p-values are descriptive and not used as colocalization evidence	relevant_tissues
rs1057902	CAT-T2D	POSITIVE_DIRECTION_CONCORDANT	GTEx_v8	gtex_v8	chr17_48928226_C_T_b38	Artery_Tibial	SUMO2P17	ENSG00000248278.1	2.21554e-08	0.328132	LOOKUP_RETURNED	2026-09-21	GTEx v8 API; raw p-values are descriptive and not used as colocalization evidence	relevant_tissues
rs1057902	CAT-T2D	POSITIVE_DIRECTION_CONCORDANT	GTEx_v8	gtex_v8	chr17_48928226_C_T_b38	Artery_Tibial	SNF8	ENSG00000159210.9	1.62542e-05	0.0865328	LOOKUP_RETURNED	2026-09-21	GTEx v8 API; raw p-values are descriptive and not used as colocalization evidence	relevant_tissues
rs1057902	CAT-T2D	POSITIVE_DIRECTION_CONCORDANT	GTEx_v8	gtex_v8	chr17_48928226_C_T_b38	Nerve_Tibial	TTLL6	ENSG00000170703.15	2.348e-16	-0.286864	LOOKUP_RETURNED	2026-09-21	GTEx v8 API; raw p-values are descriptive and not used as colocalization evidence	relevant_tissues
rs1057902	CAT-T2D	POSITIVE_DIRECTION_CONCORDANT	GTEx_v8	gtex_v8	chr17_48928226_C_T_b38	Nerve_Tibial	SUMO2P17	ENSG00000248278.1	3.72816e-24	0.573705	LOOKUP_RETURNED	2026-09-21	GTEx v8 API; raw p-values are descriptive and not used as colocalization evidence	relevant_tissues
rs1057902	CAT-T2D	POSITIVE_DIRECTION_CONCORDANT	GTEx_v8	gtex_v8	chr17_48928226_C_T_b38	Skin_Sun_Exposed_Lower_leg	UBE2Z	ENSG00000159202.17	4.80257e-11	0.136749	LOOKUP_RETURNED	2026-09-21	GTEx v8 API; raw p-values are descriptive and not used as colocalization evidence	relevant_tissues
rs1057902	CAT-T2D	POSITIVE_DIRECTION_CONCORDANT	GTEx_v8	gtex_v8	chr17_48928226_C_T_b38	Skin_Sun_Exposed_Lower_leg	SUMO2P17	ENSG00000248278.1	1.45381e-10	0.377402	LOOKUP_RETURNED	2026-09-21	GTEx v8 API; raw p-values are descriptive and not used as colocalization evidence	relevant_tissues
rs1057902	CAT-T2D	POSITIVE_DIRECTION_CONCORDANT	GTEx_v8	gtex_v8	chr17_48928226_C_T_b38	Brain_Hippocampus	SUMO2P17	ENSG00000248278.1	4.00199e-07	0.531863	LOOKUP_RETURNED	2026-09-21	GTEx v8 API; raw p-values are descriptive and not used as colocalization evidence	relevant_tissues
rs1057902	CAT-T2D	POSITIVE_DIRECTION_CONCORDANT	GTEx_v8	gtex_v8	chr17_48928226_C_T_b38	Brain_Spinal_cord_cervical_c-1	UBE2Z	ENSG00000159202.17	1.27543e-07	0.286717	LOOKUP_RETURNED	2026-09-21	GTEx v8 API; raw p-values are descriptive and not used as colocalization evidence	relevant_tissues
rs1057902	CAT-T2D	POSITIVE_DIRECTION_CONCORDANT	GTEx_v8	gtex_v8	chr17_48928226_C_T_b38	Brain_Spinal_cord_cervical_c-1	SUMO2P17	ENSG00000248278.1	1.60424e-05	0.460616	LOOKUP_RETURNED	2026-09-21	GTEx v8 API; raw p-values are descriptive and not used as colocalization evidence	relevant_tissues
rs1057902	CAT-T2D	POSITIVE_DIRECTION_CONCORDANT	GTEx_v8	gtex_v8	chr17_48928226_C_T_b38	Brain_Spinal_cord_cervical_c-1	SNF8	ENSG00000159210.9	7.24671e-06	0.384674	LOOKUP_RETURNED	2026-09-21	GTEx v8 API; raw p-values are descriptive and not used as colocalization evidence	relevant_tissues
rs1057902	CAT-T2D	POSITIVE_DIRECTION_CONCORDANT	GTEx_v8	gtex_v8	chr17_48928226_C_T_b38	Brain_Anterior_cingulate_cortex_BA24	SUMO2P17	ENSG00000248278.1	5.52955e-07	0.587206	LOOKUP_RETURNED	2026-09-21	GTEx v8 API; raw p-values are descriptive and not used as colocalization evidence	relevant_tissues
rs1057902	CAT-T2D	POSITIVE_DIRECTION_CONCORDANT	GTEx_v8	gtex_v8	chr17_48928226_C_T_b38	Artery_Aorta	SNF8	ENSG00000159210.9	8.02406e-07	0.129638	LOOKUP_RETURNED	2026-09-21	GTEx v8 API; raw p-values are descriptive and not used as colocalization evidence	relevant_tissues
rs1057902	CAT-T2D	POSITIVE_DIRECTION_CONCORDANT	GTEx_v8	gtex_v8	chr17_48928226_C_T_b38	Spleen	UBE2Z	ENSG00000159202.17	1.58182e-12	-0.40908	LOOKUP_RETURNED	2026-09-21	GTEx v8 API; raw p-values are descriptive and not used as colocalization evidence	relevant_tissues
rs1057902	CAT-T2D	POSITIVE_DIRECTION_CONCORDANT	GTEx_v8	gtex_v8	chr17_48928226_C_T_b38	Spleen	SUMO2P17	ENSG00000248278.1	1.08621e-10	0.624172	LOOKUP_RETURNED	2026-09-21	GTEx v8 API; raw p-values are descriptive and not used as colocalization evidence	relevant_tissues
rs1057902	CAT-T2D	POSITIVE_DIRECTION_CONCORDANT	GTEx_v8	gtex_v8	chr17_48928226_C_T_b38	Brain_Cerebellar_Hemisphere	SUMO2P17	ENSG00000248278.1	3.06947e-08	0.668415	LOOKUP_RETURNED	2026-09-21	GTEx v8 API; raw p-values are descriptive and not used as colocalization evidence	relevant_tissues
rs1057902	CAT-T2D	POSITIVE_DIRECTION_CONCORDANT	GTEx_v8	gtex_v8	chr17_48928226_C_T_b38	Brain_Frontal_Cortex_BA9	ATP5G1	ENSG00000159199.13	8.94419e-07	0.146915	LOOKUP_RETURNED	2026-09-21	GTEx v8 API; raw p-values are descriptive and not used as colocalization evidence	relevant_tissues
rs1057902	CAT-T2D	POSITIVE_DIRECTION_CONCORDANT	GTEx_v8	gtex_v8	chr17_48928226_C_T_b38	Brain_Frontal_Cortex_BA9	SUMO2P17	ENSG00000248278.1	7.76841e-07	0.473699	LOOKUP_RETURNED	2026-09-21	GTEx v8 API; raw p-values are descriptive and not used as colocalization evidence	relevant_tissues
rs1057902	CAT-T2D	POSITIVE_DIRECTION_CONCORDANT	GTEx_v8	gtex_v8	chr17_48928226_C_T_b38	Brain_Frontal_Cortex_BA9	SNF8	ENSG00000159210.9	2.67201e-05	0.213929	LOOKUP_RETURNED	2026-09-21	GTEx v8 API; raw p-values are descriptive and not used as colocalization evidence	relevant_tissues
rs1057902	CAT-T2D	POSITIVE_DIRECTION_CONCORDANT	GTEx_v8	gtex_v8	chr17_48928226_C_T_b38	Brain_Cerebellum	ATP5G1	ENSG00000159199.13	4.39143e-08	0.270264	LOOKUP_RETURNED	2026-09-21	GTEx v8 API; raw p-values are descriptive and not used as colocalization evidence	relevant_tissues
rs1057902	CAT-T2D	POSITIVE_DIRECTION_CONCORDANT	GTEx_v8	gtex_v8	chr17_48928226_C_T_b38	Adipose_Visceral_Omentum	SUMO2P17	ENSG00000248278.1	1.0043e-05	0.297309	LOOKUP_RETURNED	2026-09-21	GTEx v8 API; raw p-values are descriptive and not used as colocalization evidence	relevant_tissues
rs1057902	CAT-T2D	POSITIVE_DIRECTION_CONCORDANT	GTEx_v8	gtex_v8	chr17_48928226_C_T_b38	Adipose_Subcutaneous	TTLL6	ENSG00000170703.15	7.42092e-08	-0.193646	LOOKUP_RETURNED	2026-09-21	GTEx v8 API; raw p-values are descriptive and not used as colocalization evidence	relevant_tissues
rs1057902	CAT-T2D	POSITIVE_DIRECTION_CONCORDANT	EyeGEx/retina								NOT_ASSESSED_STABLE_PUBLIC_API_NOT_CONFIGURED	2026-09-21	Optional retina xQTL lookup; no stable endpoint was used in this reproducible workflow	optional_source_status
rs1076902	AMD-T2D	NEGATIVE_DIRECTION_CONCORDANT	GTEx_v8	gtex_v8	chr17_3925528_C_T_b38						NO_RELEVANT_TISSUE_RECORD	2026-09-21	GTEx v8 API; relevant tissues filtered descriptively	relevant_tissues
rs1076902	AMD-T2D	NEGATIVE_DIRECTION_CONCORDANT	EyeGEx/retina								NOT_ASSESSED_STABLE_PUBLIC_API_NOT_CONFIGURED	2026-09-21	Optional retina xQTL lookup; no stable endpoint was used in this reproducible workflow	optional_source_status
rs10818834	POAG-T2D	NEGATIVE_DIRECTION_CONCORDANT	GTEx_v8	gtex_v8	chr9_123555045_T_C_b38						NO_RELEVANT_TISSUE_RECORD	2026-09-21	GTEx v8 API; relevant tissues filtered descriptively	relevant_tissues
rs10818834	POAG-T2D	NEGATIVE_DIRECTION_CONCORDANT	EyeGEx/retina								NOT_ASSESSED_STABLE_PUBLIC_API_NOT_CONFIGURED	2026-09-21	Optional retina xQTL lookup; no stable endpoint was used in this reproducible workflow	optional_source_status
rs10883050	POAG-CAD	NEGATIVE_DIRECTION_CONCORDANT	GTEx_v8	gtex_v8	chr10_98183811_C_T_b38	Skin_Not_Sun_Exposed_Suprapubic	R3HCC1L	ENSG00000166024.13	2.03692e-13	0.193079	LOOKUP_RETURNED	2026-09-21	GTEx v8 API; raw p-values are descriptive and not used as colocalization evidence	relevant_tissues
rs10883050	POAG-CAD	NEGATIVE_DIRECTION_CONCORDANT	GTEx_v8	gtex_v8	chr10_98183811_C_T_b38	Muscle_Skeletal	LOXL4	ENSG00000138131.3	0.00013949	-0.154547	LOOKUP_RETURNED	2026-09-21	GTEx v8 API; raw p-values are descriptive and not used as colocalization evidence	relevant_tissues
rs10883050	POAG-CAD	NEGATIVE_DIRECTION_CONCORDANT	GTEx_v8	gtex_v8	chr10_98183811_C_T_b38	Muscle_Skeletal	PYROXD2	ENSG00000119943.12	0.000206876	0.16053	LOOKUP_RETURNED	2026-09-21	GTEx v8 API; raw p-values are descriptive and not used as colocalization evidence	relevant_tissues
rs10883050	POAG-CAD	NEGATIVE_DIRECTION_CONCORDANT	GTEx_v8	gtex_v8	chr10_98183811_C_T_b38	Heart_Atrial_Appendage	LOXL4	ENSG00000138131.3	1.10628e-05	0.26882	LOOKUP_RETURNED	2026-09-21	GTEx v8 API; raw p-values are descriptive and not used as colocalization evidence	relevant_tissues
rs10883050	POAG-CAD	NEGATIVE_DIRECTION_CONCORDANT	GTEx_v8	gtex_v8	chr10_98183811_C_T_b38	Heart_Atrial_Appendage	PYROXD2	ENSG00000119943.12	2.46755e-05	0.217119	LOOKUP_RETURNED	2026-09-21	GTEx v8 API; raw p-values are descriptive and not used as colocalization evidence	relevant_tissues
rs10883050	POAG-CAD	NEGATIVE_DIRECTION_CONCORDANT	GTEx_v8	gtex_v8	chr10_98183811_C_T_b38	Whole_Blood	R3HCC1L	ENSG00000166024.13	1.74018e-06	0.118197	LOOKUP_RETURNED	2026-09-21	GTEx v8 API; raw p-values are descriptive and not used as colocalization evidence	relevant_tissues
rs10883050	POAG-CAD	NEGATIVE_DIRECTION_CONCORDANT	GTEx_v8	gtex_v8	chr10_98183811_C_T_b38	Artery_Tibial	PYROXD2	ENSG00000119943.12	4.13344e-05	0.128363	LOOKUP_RETURNED	2026-09-21	GTEx v8 API; raw p-values are descriptive and not used as colocalization evidence	relevant_tissues
rs10883050	POAG-CAD	NEGATIVE_DIRECTION_CONCORDANT	GTEx_v8	gtex_v8	chr10_98183811_C_T_b38	Nerve_Tibial	R3HCC1L	ENSG00000166024.13	1.02135e-13	0.299076	LOOKUP_RETURNED	2026-09-21	GTEx v8 API; raw p-values are descriptive and not used as colocalization evidence	relevant_tissues
rs10883050	POAG-CAD	NEGATIVE_DIRECTION_CONCORDANT	GTEx_v8	gtex_v8	chr10_98183811_C_T_b38	Nerve_Tibial	RP11-34A14.3	ENSG00000230928.1	2.20843e-08	0.239387	LOOKUP_RETURNED	2026-09-21	GTEx v8 API; raw p-values are descriptive and not used as colocalization evidence	relevant_tissues
rs10883050	POAG-CAD	NEGATIVE_DIRECTION_CONCORDANT	GTEx_v8	gtex_v8	chr10_98183811_C_T_b38	Skin_Sun_Exposed_Lower_leg	R3HCC1L	ENSG00000166024.13	1.56122e-15	0.23205	LOOKUP_RETURNED	2026-09-21	GTEx v8 API; raw p-values are descriptive and not used as colocalization evidence	relevant_tissues
rs10883050	POAG-CAD	NEGATIVE_DIRECTION_CONCORDANT	GTEx_v8	gtex_v8	chr10_98183811_C_T_b38	Brain_Cerebellum	R3HCC1L	ENSG00000166024.13	7.11156e-05	0.238573	LOOKUP_RETURNED	2026-09-21	GTEx v8 API; raw p-values are descriptive and not used as colocalization evidence	relevant_tissues
rs10883050	POAG-CAD	NEGATIVE_DIRECTION_CONCORDANT	GTEx_v8	gtex_v8	chr10_98183811_C_T_b38	Adipose_Subcutaneous	R3HCC1L	ENSG00000166024.13	2.31054e-06	0.146604	LOOKUP_RETURNED	2026-09-21	GTEx v8 API; raw p-values are descriptive and not used as colocalization evidence	relevant_tissues
rs10883050	POAG-CAD	NEGATIVE_DIRECTION_CONCORDANT	EyeGEx/retina								NOT_ASSESSED_STABLE_PUBLIC_API_NOT_CONFIGURED	2026-09-21	Optional retina xQTL lookup; no stable endpoint was used in this reproducible workflow	optional_source_status
rs10903013	POAG-T2D	NEGATIVE_DIRECTION_CONCORDANT	GTEx_v8	gtex_v8	chr16_262254_A_G_b38	Heart_Left_Ventricle	NPRL3	ENSG00000103148.15	1.67956e-05	-0.267576	LOOKUP_RETURNED	2026-09-21	GTEx v8 API; raw p-values are descriptive and not used as colocalization evidence	relevant_tissues
rs10903013	POAG-T2D	NEGATIVE_DIRECTION_CONCORDANT	GTEx_v8	gtex_v8	chr16_262254_A_G_b38	Heart_Left_Ventricle	FAM234A	ENSG00000167930.15	1.86294e-12	-0.220539	LOOKUP_RETURNED	2026-09-21	GTEx v8 API; raw p-values are descriptive and not used as colocalization evidence	relevant_tissues
rs10903013	POAG-T2D	NEGATIVE_DIRECTION_CONCORDANT	GTEx_v8	gtex_v8	chr16_262254_A_G_b38	Brain_Putamen_basal_ganglia	NPRL3	ENSG00000103148.15	3.91597e-05	-0.337301	LOOKUP_RETURNED	2026-09-21	GTEx v8 API; raw p-values are descriptive and not used as colocalization evidence	relevant_tissues
rs10903013	POAG-T2D	NEGATIVE_DIRECTION_CONCORDANT	GTEx_v8	gtex_v8	chr16_262254_A_G_b38	Small_Intestine_Terminal_Ileum	PDIA2	ENSG00000185615.15	2.86669e-06	0.395519	LOOKUP_RETURNED	2026-09-21	GTEx v8 API; raw p-values are descriptive and not used as colocalization evidence	relevant_tissues
rs10903013	POAG-T2D	NEGATIVE_DIRECTION_CONCORDANT	GTEx_v8	gtex_v8	chr16_262254_A_G_b38	Small_Intestine_Terminal_Ileum	GNG13	ENSG00000127588.4	7.35926e-06	-0.302717	LOOKUP_RETURNED	2026-09-21	GTEx v8 API; raw p-values are descriptive and not used as colocalization evidence	relevant_tissues
rs10903013	POAG-T2D	NEGATIVE_DIRECTION_CONCORDANT	GTEx_v8	gtex_v8	chr16_262254_A_G_b38	Skin_Not_Sun_Exposed_Suprapubic	FAM234A	ENSG00000167930.15	1.22085e-08	-0.149217	LOOKUP_RETURNED	2026-09-21	GTEx v8 API; raw p-values are descriptive and not used as colocalization evidence	relevant_tissues
rs10903013	POAG-T2D	NEGATIVE_DIRECTION_CONCORDANT	GTEx_v8	gtex_v8	chr16_262254_A_G_b38	Artery_Coronary	FAM234A	ENSG00000167930.15	6.24121e-08	-0.305943	LOOKUP_RETURNED	2026-09-21	GTEx v8 API; raw p-values are descriptive and not used as colocalization evidence	relevant_tissues
rs10903013	POAG-T2D	NEGATIVE_DIRECTION_CONCORDANT	GTEx_v8	gtex_v8	chr16_262254_A_G_b38	Muscle_Skeletal	ARHGDIG	ENSG00000242173.8	3.39395e-11	0.332412	LOOKUP_RETURNED	2026-09-21	GTEx v8 API; raw p-values are descriptive and not used as colocalization evidence	relevant_tissues
rs10903013	POAG-T2D	NEGATIVE_DIRECTION_CONCORDANT	GTEx_v8	gtex_v8	chr16_262254_A_G_b38	Muscle_Skeletal	RGS11	ENSG00000076344.15	6.85737e-15	0.365007	LOOKUP_RETURNED	2026-09-21	GTEx v8 API; raw p-values are descriptive and not used as colocalization evidence	relevant_tissues
rs10903013	POAG-T2D	NEGATIVE_DIRECTION_CONCORDANT	GTEx_v8	gtex_v8	chr16_262254_A_G_b38	Heart_Atrial_Appendage	NPRL3	ENSG00000103148.15	3.34099e-05	-0.267558	LOOKUP_RETURNED	2026-09-21	GTEx v8 API; raw p-values are descriptive and not used as colocalization evidence	relevant_tissues
rs10903013	POAG-T2D	NEGATIVE_DIRECTION_CONCORDANT	GTEx_v8	gtex_v8	chr16_262254_A_G_b38	Whole_Blood	FAM234A	ENSG00000167930.15	6.02111e-07	-0.176993	LOOKUP_RETURNED	2026-09-21	GTEx v8 API; raw p-values are descriptive and not used as colocalization evidence	relevant_tissues
rs10903013	POAG-T2D	NEGATIVE_DIRECTION_CONCORDANT	GTEx_v8	gtex_v8	chr16_262254_A_G_b38	Artery_Tibial	NPRL3	ENSG00000103148.15	2.1458e-05	-0.176772	LOOKUP_RETURNED	2026-09-21	GTEx v8 API; raw p-values are descriptive and not used as colocalization evidence	relevant_tissues
rs10903013	POAG-T2D	NEGATIVE_DIRECTION_CONCORDANT	GTEx_v8	gtex_v8	chr16_262254_A_G_b38	Artery_Tibial	FAM234A	ENSG00000167930.15	2.36472e-18	-0.21971	LOOKUP_RETURNED	2026-09-21	GTEx v8 API; raw p-values are descriptive and not used as colocalization evidence	relevant_tissues
rs10903013	POAG-T2D	NEGATIVE_DIRECTION_CONCORDANT	GTEx_v8	gtex_v8	chr16_262254_A_G_b38	Artery_Tibial	ARHGDIG	ENSG00000242173.8	1.23308e-06	0.236702	LOOKUP_RETURNED	2026-09-21	GTEx v8 API; raw p-values are descriptive and not used as colocalization evidence	relevant_tissues
rs10903013	POAG-T2D	NEGATIVE_DIRECTION_CONCORDANT	GTEx_v8	gtex_v8	chr16_262254_A_G_b38	Artery_Tibial	RGS11	ENSG00000076344.15	1.05814e-12	0.341465	LOOKUP_RETURNED	2026-09-21	GTEx v8 API; raw p-values are descriptive and not used as colocalization evidence	relevant_tissues
rs10903013	POAG-T2D	NEGATIVE_DIRECTION_CONCORDANT	GTEx_v8	gtex_v8	chr16_262254_A_G_b38	Nerve_Tibial	FAM234A	ENSG00000167930.15	5.47308e-21	-0.220425	LOOKUP_RETURNED	2026-09-21	GTEx v8 API; raw p-values are descriptive and not used as colocalization evidence	relevant_tissues
rs10903013	POAG-T2D	NEGATIVE_DIRECTION_CONCORDANT	GTEx_v8	gtex_v8	chr16_262254_A_G_b38	Skin_Sun_Exposed_Lower_leg	LA16c-OS12.2	ENSG00000268836.1	4.67233e-05	-0.192143	LOOKUP_RETURNED	2026-09-21	GTEx v8 API; raw p-values are descriptive and not used as colocalization evidence	relevant_tissues
rs10903013	POAG-T2D	NEGATIVE_DIRECTION_CONCORDANT	GTEx_v8	gtex_v8	chr16_262254_A_G_b38	Skin_Sun_Exposed_Lower_leg	FAM234A	ENSG00000167930.15	8.14871e-12	-0.157578	LOOKUP_RETURNED	2026-09-21	GTEx v8 API; raw p-values are descriptive and not used as colocalization evidence	relevant_tissues
rs10903013	POAG-T2D	NEGATIVE_DIRECTION_CONCORDANT	GTEx_v8	gtex_v8	chr16_262254_A_G_b38	Skin_Sun_Exposed_Lower_leg	RGS11	ENSG00000076344.15	4.33194e-09	0.27717	LOOKUP_RETURNED	2026-09-21	GTEx v8 API; raw p-values are descriptive and not used as colocalization evidence	relevant_tissues
rs10903013	POAG-T2D	NEGATIVE_DIRECTION_CONCORDANT	GTEx_v8	gtex_v8	chr16_262254_A_G_b38	Brain_Hippocampus	NPRL3	ENSG00000103148.15	5.53544e-06	-0.318568	LOOKUP_RETURNED	2026-09-21	GTEx v8 API; raw p-values are descriptive and not used as colocalization evidence	relevant_tissues
rs10903013	POAG-T2D	NEGATIVE_DIRECTION_CONCORDANT	GTEx_v8	gtex_v8	chr16_262254_A_G_b38	Artery_Aorta	FAM234A	ENSG00000167930.15	8.33093e-17	-0.347375	LOOKUP_RETURNED	2026-09-21	GTEx v8 API; raw p-values are descriptive and not used as colocalization evidence	relevant_tissues
rs10903013	POAG-T2D	NEGATIVE_DIRECTION_CONCORDANT	GTEx_v8	gtex_v8	chr16_262254_A_G_b38	Artery_Aorta	ARHGDIG	ENSG00000242173.8	1.17413e-06	0.316273	LOOKUP_RETURNED	2026-09-21	GTEx v8 API; raw p-values are descriptive and not used as colocalization evidence	relevant_tissues
rs10903013	POAG-T2D	NEGATIVE_DIRECTION_CONCORDANT	GTEx_v8	gtex_v8	chr16_262254_A_G_b38	Artery_Aorta	RGS11	ENSG00000076344.15	2.68515e-09	0.38683	LOOKUP_RETURNED	2026-09-21	GTEx v8 API; raw p-values are descriptive and not used as colocalization evidence	relevant_tissues
rs10903013	POAG-T2D	NEGATIVE_DIRECTION_CONCORDANT	GTEx_v8	gtex_v8	chr16_262254_A_G_b38	Spleen	FAM234A	ENSG00000167930.15	2.15954e-08	-0.238237	LOOKUP_RETURNED	2026-09-21	GTEx v8 API; raw p-values are descriptive and not used as colocalization evidence	relevant_tissues
rs10903013	POAG-T2D	NEGATIVE_DIRECTION_CONCORDANT	GTEx_v8	gtex_v8	chr16_262254_A_G_b38	Brain_Cerebellum	HBQ1	ENSG00000086506.2	4.74738e-05	0.467077	LOOKUP_RETURNED	2026-09-21	GTEx v8 API; raw p-values are descriptive and not used as colocalization evidence	relevant_tissues
rs10903013	POAG-T2D	NEGATIVE_DIRECTION_CONCORDANT	GTEx_v8	gtex_v8	chr16_262254_A_G_b38	Adipose_Visceral_Omentum	FAM234A	ENSG00000167930.15	6.00958e-07	-0.137684	LOOKUP_RETURNED	2026-09-21	GTEx v8 API; raw p-values are descriptive and not used as colocalization evidence	relevant_tissues
rs10903013	POAG-T2D	NEGATIVE_DIRECTION_CONCORDANT	GTEx_v8	gtex_v8	chr16_262254_A_G_b38	Adipose_Visceral_Omentum	RGS11	ENSG00000076344.15	9.85835e-07	0.199466	LOOKUP_RETURNED	2026-09-21	GTEx v8 API; raw p-values are descriptive and not used as colocalization evidence	relevant_tissues
rs10903013	POAG-T2D	NEGATIVE_DIRECTION_CONCORDANT	GTEx_v8	gtex_v8	chr16_262254_A_G_b38	Adipose_Subcutaneous	FAM234A	ENSG00000167930.15	2.3413900000000004e-18	-0.22257	LOOKUP_RETURNED	2026-09-21	GTEx v8 API; raw p-values are descriptive and not used as colocalization evidence	relevant_tissues
rs10903013	POAG-T2D	NEGATIVE_DIRECTION_CONCORDANT	GTEx_v8	gtex_v8	chr16_262254_A_G_b38	Adipose_Subcutaneous	ARHGDIG	ENSG00000242173.8	0.000115246	0.211768	LOOKUP_RETURNED	2026-09-21	GTEx v8 API; raw p-values are descriptive and not used as colocalization evidence	relevant_tissues
rs10903013	POAG-T2D	NEGATIVE_DIRECTION_CONCORDANT	GTEx_v8	gtex_v8	chr16_262254_A_G_b38	Adipose_Subcutaneous	RGS11	ENSG00000076344.15	1.55226e-06	0.246437	LOOKUP_RETURNED	2026-09-21	GTEx v8 API; raw p-values are descriptive and not used as colocalization evidence	relevant_tissues
rs10903013	POAG-T2D	NEGATIVE_DIRECTION_CONCORDANT	EyeGEx/retina								NOT_ASSESSED_STABLE_PUBLIC_API_NOT_CONFIGURED	2026-09-21	Optional retina xQTL lookup; no stable endpoint was used in this reproducible workflow	optional_source_status
rs11100780	POAG-CKD	NEGATIVE_DIRECTION_CONCORDANT	GTEx_v8	gtex_v8	chr4_143183753_G_A_b38	Whole_Blood	INPP4B	ENSG00000109452.12	8.5997e-05	0.0661124	LOOKUP_RETURNED	2026-09-21	GTEx v8 API; raw p-values are descriptive and not used as colocalization evidence	relevant_tissues
rs11100780	POAG-CKD	NEGATIVE_DIRECTION_CONCORDANT	GTEx_v8	gtex_v8	chr4_143183753_G_A_b38	Whole_Blood	USP38	ENSG00000170185.9	2.52459e-26	0.192254	LOOKUP_RETURNED	2026-09-21	GTEx v8 API; raw p-values are descriptive and not used as colocalization evidence	relevant_tissues
rs11100780	POAG-CKD	NEGATIVE_DIRECTION_CONCORDANT	GTEx_v8	gtex_v8	chr4_143183753_G_A_b38	Artery_Tibial	RP11-284M14.1	ENSG00000250326.1	0.000126084	-0.171774	LOOKUP_RETURNED	2026-09-21	GTEx v8 API; raw p-values are descriptive and not used as colocalization evidence	relevant_tissues
rs11100780	POAG-CKD	NEGATIVE_DIRECTION_CONCORDANT	GTEx_v8	gtex_v8	chr4_143183753_G_A_b38	Nerve_Tibial	USP38	ENSG00000170185.9	4.69585e-05	0.0877871	LOOKUP_RETURNED	2026-09-21	GTEx v8 API; raw p-values are descriptive and not used as colocalization evidence	relevant_tissues
rs11100780	POAG-CKD	NEGATIVE_DIRECTION_CONCORDANT	GTEx_v8	gtex_v8	chr4_143183753_G_A_b38	Adipose_Visceral_Omentum	USP38	ENSG00000170185.9	1.35286e-07	0.113492	LOOKUP_RETURNED	2026-09-21	GTEx v8 API; raw p-values are descriptive and not used as colocalization evidence	relevant_tissues
rs11100780	POAG-CKD	NEGATIVE_DIRECTION_CONCORDANT	GTEx_v8	gtex_v8	chr4_143183753_G_A_b38	Adipose_Subcutaneous	RP11-284M14.1	ENSG00000250326.1	4.15763e-06	-0.224018	LOOKUP_RETURNED	2026-09-21	GTEx v8 API; raw p-values are descriptive and not used as colocalization evidence	relevant_tissues
rs11100780	POAG-CKD	NEGATIVE_DIRECTION_CONCORDANT	GTEx_v8	gtex_v8	chr4_143183753_G_A_b38	Pancreas	RP11-284M14.1	ENSG00000250326.1	8.66086e-05	-0.274887	LOOKUP_RETURNED	2026-09-21	GTEx v8 API; raw p-values are descriptive and not used as colocalization evidence	relevant_tissues
rs11100780	POAG-CKD	NEGATIVE_DIRECTION_CONCORDANT	EyeGEx/retina								NOT_ASSESSED_STABLE_PUBLIC_API_NOT_CONFIGURED	2026-09-21	Optional retina xQTL lookup; no stable endpoint was used in this reproducible workflow	optional_source_status
rs11241627	AMD-CAD	NEGATIVE_DIRECTION_CONCORDANT	GTEx_v8	gtex_v8	chr5_121937607_C_T_b38	Whole_Blood	LOX	ENSG00000113083.13	0.000157115	0.182478	LOOKUP_RETURNED	2026-09-21	GTEx v8 API; raw p-values are descriptive and not used as colocalization evidence	relevant_tissues
rs11241627	AMD-CAD	NEGATIVE_DIRECTION_CONCORDANT	GTEx_v8	gtex_v8	chr5_121937607_C_T_b38	Skin_Sun_Exposed_Lower_leg	LOX	ENSG00000113083.13	4.71539e-05	0.102811	LOOKUP_RETURNED	2026-09-21	GTEx v8 API; raw p-values are descriptive and not used as colocalization evidence	relevant_tissues
rs11241627	AMD-CAD	NEGATIVE_DIRECTION_CONCORDANT	EyeGEx/retina								NOT_ASSESSED_STABLE_PUBLIC_API_NOT_CONFIGURED	2026-09-21	Optional retina xQTL lookup; no stable endpoint was used in this reproducible workflow	optional_source_status
rs1133790	AMD-CAD	NEGATIVE_DIRECTION_CONCORDANT	GTEx_v8	gtex_v8	chr7_100035359_T_C_b38	Heart_Left_Ventricle	TRIM4	ENSG00000146833.15	4.57571e-09	-0.240307	LOOKUP_RETURNED	2026-09-21	GTEx v8 API; raw p-values are descriptive and not used as colocalization evidence	relevant_tissues
rs1133790	AMD-CAD	NEGATIVE_DIRECTION_CONCORDANT	GTEx_v8	gtex_v8	chr7_100035359_T_C_b38	Heart_Left_Ventricle	STAG3L5P	ENSG00000242294.6	4.65245e-11	0.39402	LOOKUP_RETURNED	2026-09-21	GTEx v8 API; raw p-values are descriptive and not used as colocalization evidence	relevant_tissues
rs1133790	AMD-CAD	NEGATIVE_DIRECTION_CONCORDANT	GTEx_v8	gtex_v8	chr7_100035359_T_C_b38	Heart_Left_Ventricle	PILRB	ENSG00000121716.20	6.93427e-11	0.256629	LOOKUP_RETURNED	2026-09-21	GTEx v8 API; raw p-values are descriptive and not used as colocalization evidence	relevant_tissues
rs1133790	AMD-CAD	NEGATIVE_DIRECTION_CONCORDANT	GTEx_v8	gtex_v8	chr7_100035359_T_C_b38	Heart_Left_Ventricle	PILRA	ENSG00000085514.15	8.30358e-11	0.411155	LOOKUP_RETURNED	2026-09-21	GTEx v8 API; raw p-values are descriptive and not used as colocalization evidence	relevant_tissues
rs1133790	AMD-CAD	NEGATIVE_DIRECTION_CONCORDANT	GTEx_v8	gtex_v8	chr7_100035359_T_C_b38	Brain_Putamen_basal_ganglia	TRIM4	ENSG00000146833.15	8.65734e-08	-0.340238	LOOKUP_RETURNED	2026-09-21	GTEx v8 API; raw p-values are descriptive and not used as colocalization evidence	relevant_tissues
rs1133790	AMD-CAD	NEGATIVE_DIRECTION_CONCORDANT	GTEx_v8	gtex_v8	chr7_100035359_T_C_b38	Brain_Putamen_basal_ganglia	STAG3	ENSG00000066923.17	5.70256e-05	-0.245224	LOOKUP_RETURNED	2026-09-21	GTEx v8 API; raw p-values are descriptive and not used as colocalization evidence	relevant_tissues
rs1133790	AMD-CAD	NEGATIVE_DIRECTION_CONCORDANT	GTEx_v8	gtex_v8	chr7_100035359_T_C_b38	Brain_Putamen_basal_ganglia	STAG3L5P	ENSG00000242294.6	1.23353e-05	0.282521	LOOKUP_RETURNED	2026-09-21	GTEx v8 API; raw p-values are descriptive and not used as colocalization evidence	relevant_tissues
rs1133790	AMD-CAD	NEGATIVE_DIRECTION_CONCORDANT	GTEx_v8	gtex_v8	chr7_100035359_T_C_b38	Brain_Putamen_basal_ganglia	PILRB	ENSG00000121716.20	4.03071e-07	0.387919	LOOKUP_RETURNED	2026-09-21	GTEx v8 API; raw p-values are descriptive and not used as colocalization evidence	relevant_tissues
rs1133790	AMD-CAD	NEGATIVE_DIRECTION_CONCORDANT	GTEx_v8	gtex_v8	chr7_100035359_T_C_b38	Brain_Putamen_basal_ganglia	ZCWPW1	ENSG00000078487.17	1.87724e-05	0.269081	LOOKUP_RETURNED	2026-09-21	GTEx v8 API; raw p-values are descriptive and not used as colocalization evidence	relevant_tissues
rs1133790	AMD-CAD	NEGATIVE_DIRECTION_CONCORDANT	GTEx_v8	gtex_v8	chr7_100035359_T_C_b38	Liver	PILRA	ENSG00000085514.15	7.73183e-06	0.420467	LOOKUP_RETURNED	2026-09-21	GTEx v8 API; raw p-values are descriptive and not used as colocalization evidence	relevant_tissues
rs1133790	AMD-CAD	NEGATIVE_DIRECTION_CONCORDANT	GTEx_v8	gtex_v8	chr7_100035359_T_C_b38	Small_Intestine_Terminal_Ileum	STAG3L5P	ENSG00000242294.6	6.70283e-05	0.298573	LOOKUP_RETURNED	2026-09-21	GTEx v8 API; raw p-values are descriptive and not used as colocalization evidence	relevant_tissues
rs1133790	AMD-CAD	NEGATIVE_DIRECTION_CONCORDANT	GTEx_v8	gtex_v8	chr7_100035359_T_C_b38	Small_Intestine_Terminal_Ileum	PILRB	ENSG00000121716.20	1.88483e-06	0.304997	LOOKUP_RETURNED	2026-09-21	GTEx v8 API; raw p-values are descriptive and not used as colocalization evidence	relevant_tissues
rs1133790	AMD-CAD	NEGATIVE_DIRECTION_CONCORDANT	GTEx_v8	gtex_v8	chr7_100035359_T_C_b38	Small_Intestine_Terminal_Ileum	PILRA	ENSG00000085514.15	1.31132e-06	0.485474	LOOKUP_RETURNED	2026-09-21	GTEx v8 API; raw p-values are descriptive and not used as colocalization evidence	relevant_tissues
rs1133790	AMD-CAD	NEGATIVE_DIRECTION_CONCORDANT	GTEx_v8	gtex_v8	chr7_100035359_T_C_b38	Skin_Not_Sun_Exposed_Suprapubic	TRIM4	ENSG00000146833.15	5.1145e-08	-0.169763	LOOKUP_RETURNED	2026-09-21	GTEx v8 API; raw p-values are descriptive and not used as colocalization evidence	relevant_tissues
rs1133790	AMD-CAD	NEGATIVE_DIRECTION_CONCORDANT	GTEx_v8	gtex_v8	chr7_100035359_T_C_b38	Skin_Not_Sun_Exposed_Suprapubic	ZSCAN21	ENSG00000166529.14	9.04698e-10	-0.268449	LOOKUP_RETURNED	2026-09-21	GTEx v8 API; raw p-values are descriptive and not used as colocalization evidence	relevant_tissues
rs1133790	AMD-CAD	NEGATIVE_DIRECTION_CONCORDANT	GTEx_v8	gtex_v8	chr7_100035359_T_C_b38	Skin_Not_Sun_Exposed_Suprapubic	STAG3L5P	ENSG00000242294.6	1.01618e-12	0.302953	LOOKUP_RETURNED	2026-09-21	GTEx v8 API; raw p-values are descriptive and not used as colocalization evidence	relevant_tissues
rs1133790	AMD-CAD	NEGATIVE_DIRECTION_CONCORDANT	GTEx_v8	gtex_v8	chr7_100035359_T_C_b38	Skin_Not_Sun_Exposed_Suprapubic	PILRB	ENSG00000121716.20	7.38089e-15	0.319642	LOOKUP_RETURNED	2026-09-21	GTEx v8 API; raw p-values are descriptive and not used as colocalization evidence	relevant_tissues
rs1133790	AMD-CAD	NEGATIVE_DIRECTION_CONCORDANT	GTEx_v8	gtex_v8	chr7_100035359_T_C_b38	Skin_Not_Sun_Exposed_Suprapubic	PILRA	ENSG00000085514.15	9.35172e-13	0.433385	LOOKUP_RETURNED	2026-09-21	GTEx v8 API; raw p-values are descriptive and not used as colocalization evidence	relevant_tissues
rs1133790	AMD-CAD	NEGATIVE_DIRECTION_CONCORDANT	GTEx_v8	gtex_v8	chr7_100035359_T_C_b38	Brain_Nucleus_accumbens_basal_ganglia	TRIM4	ENSG00000146833.15	1.56936e-05	-0.290972	LOOKUP_RETURNED	2026-09-21	GTEx v8 API; raw p-values are descriptive and not used as colocalization evidence	relevant_tissues
rs1133790	AMD-CAD	NEGATIVE_DIRECTION_CONCORDANT	GTEx_v8	gtex_v8	chr7_100035359_T_C_b38	Brain_Nucleus_accumbens_basal_ganglia	STAG3	ENSG00000066923.17	2.95835e-06	-0.245878	LOOKUP_RETURNED	2026-09-21	GTEx v8 API; raw p-values are descriptive and not used as colocalization evidence	relevant_tissues
rs1133790	AMD-CAD	NEGATIVE_DIRECTION_CONCORDANT	GTEx_v8	gtex_v8	chr7_100035359_T_C_b38	Brain_Nucleus_accumbens_basal_ganglia	PILRB	ENSG00000121716.20	1.13137e-06	0.296262	LOOKUP_RETURNED	2026-09-21	GTEx v8 API; raw p-values are descriptive and not used as colocalization evidence	relevant_tissues
rs1133790	AMD-CAD	NEGATIVE_DIRECTION_CONCORDANT	GTEx_v8	gtex_v8	chr7_100035359_T_C_b38	Brain_Nucleus_accumbens_basal_ganglia	PILRA	ENSG00000085514.15	1.88036e-07	0.408839	LOOKUP_RETURNED	2026-09-21	GTEx v8 API; raw p-values are descriptive and not used as colocalization evidence	relevant_tissues
rs1133790	AMD-CAD	NEGATIVE_DIRECTION_CONCORDANT	GTEx_v8	gtex_v8	chr7_100035359_T_C_b38	Brain_Cortex	STAG3L5P	ENSG00000242294.6	2.19075e-06	0.318811	LOOKUP_RETURNED	2026-09-21	GTEx v8 API; raw p-values are descriptive and not used as colocalization evidence	relevant_tissues
rs1133790	AMD-CAD	NEGATIVE_DIRECTION_CONCORDANT	GTEx_v8	gtex_v8	chr7_100035359_T_C_b38	Brain_Cortex	PILRB	ENSG00000121716.20	4.84728e-06	0.35158	LOOKUP_RETURNED	2026-09-21	GTEx v8 API; raw p-values are descriptive and not used as colocalization evidence	relevant_tissues
rs1133790	AMD-CAD	NEGATIVE_DIRECTION_CONCORDANT	GTEx_v8	gtex_v8	chr7_100035359_T_C_b38	Brain_Cortex	PILRA	ENSG00000085514.15	5.55276e-06	0.421965	LOOKUP_RETURNED	2026-09-21	GTEx v8 API; raw p-values are descriptive and not used as colocalization evidence	relevant_tissues
rs1133790	AMD-CAD	NEGATIVE_DIRECTION_CONCORDANT	GTEx_v8	gtex_v8	chr7_100035359_T_C_b38	Artery_Coronary	TRIM4	ENSG00000146833.15	4.59628e-06	-0.258079	LOOKUP_RETURNED	2026-09-21	GTEx v8 API; raw p-values are descriptive and not used as colocalization evidence	relevant_tissues
rs1133790	AMD-CAD	NEGATIVE_DIRECTION_CONCORDANT	GTEx_v8	gtex_v8	chr7_100035359_T_C_b38	Muscle_Skeletal	TRIM4	ENSG00000146833.15	1.2622e-15	-0.248897	LOOKUP_RETURNED	2026-09-21	GTEx v8 API; raw p-values are descriptive and not used as colocalization evidence	relevant_tissues
rs1133790	AMD-CAD	NEGATIVE_DIRECTION_CONCORDANT	GTEx_v8	gtex_v8	chr7_100035359_T_C_b38	Muscle_Skeletal	ZSCAN21	ENSG00000166529.14	8.46122e-17	-0.212962	LOOKUP_RETURNED	2026-09-21	GTEx v8 API; raw p-values are descriptive and not used as colocalization evidence	relevant_tissues
rs1133790	AMD-CAD	NEGATIVE_DIRECTION_CONCORDANT	GTEx_v8	gtex_v8	chr7_100035359_T_C_b38	Muscle_Skeletal	AP4M1	ENSG00000221838.9	0.000179054	-0.0830298	LOOKUP_RETURNED	2026-09-21	GTEx v8 API; raw p-values are descriptive and not used as colocalization evidence	relevant_tissues
rs1133790	AMD-CAD	NEGATIVE_DIRECTION_CONCORDANT	GTEx_v8	gtex_v8	chr7_100035359_T_C_b38	Muscle_Skeletal	STAG3	ENSG00000066923.17	1.24502e-05	-0.103114	LOOKUP_RETURNED	2026-09-21	GTEx v8 API; raw p-values are descriptive and not used as colocalization evidence	relevant_tissues
rs1133790	AMD-CAD	NEGATIVE_DIRECTION_CONCORDANT	GTEx_v8	gtex_v8	chr7_100035359_T_C_b38	Muscle_Skeletal	PVRIG	ENSG00000213413.2	2.62468e-06	-0.127427	LOOKUP_RETURNED	2026-09-21	GTEx v8 API; raw p-values are descriptive and not used as colocalization evidence	relevant_tissues
rs1133790	AMD-CAD	NEGATIVE_DIRECTION_CONCORDANT	GTEx_v8	gtex_v8	chr7_100035359_T_C_b38	Muscle_Skeletal	STAG3L5P	ENSG00000242294.6	2.47791e-16	0.329417	LOOKUP_RETURNED	2026-09-21	GTEx v8 API; raw p-values are descriptive and not used as colocalization evidence	relevant_tissues
rs1133790	AMD-CAD	NEGATIVE_DIRECTION_CONCORDANT	GTEx_v8	gtex_v8	chr7_100035359_T_C_b38	Muscle_Skeletal	PILRB	ENSG00000121716.20	2.6921399999999998e-20	0.334517	LOOKUP_RETURNED	2026-09-21	GTEx v8 API; raw p-values are descriptive and not used as colocalization evidence	relevant_tissues
rs1133790	AMD-CAD	NEGATIVE_DIRECTION_CONCORDANT	GTEx_v8	gtex_v8	chr7_100035359_T_C_b38	Muscle_Skeletal	PILRA	ENSG00000085514.15	3.7487400000000004e-24	0.464626	LOOKUP_RETURNED	2026-09-21	GTEx v8 API; raw p-values are descriptive and not used as colocalization evidence	relevant_tissues
rs1133790	AMD-CAD	NEGATIVE_DIRECTION_CONCORDANT	GTEx_v8	gtex_v8	chr7_100035359_T_C_b38	Muscle_Skeletal	TSC22D4	ENSG00000166925.8	3.55525e-07	0.155008	LOOKUP_RETURNED	2026-09-21	GTEx v8 API; raw p-values are descriptive and not used as colocalization evidence	relevant_tissues
rs1133790	AMD-CAD	NEGATIVE_DIRECTION_CONCORDANT	GTEx_v8	gtex_v8	chr7_100035359_T_C_b38	Heart_Atrial_Appendage	TRIM4	ENSG00000146833.15	8.61293e-07	-0.210487	LOOKUP_RETURNED	2026-09-21	GTEx v8 API; raw p-values are descriptive and not used as colocalization evidence	relevant_tissues
rs1133790	AMD-CAD	NEGATIVE_DIRECTION_CONCORDANT	GTEx_v8	gtex_v8	chr7_100035359_T_C_b38	Heart_Atrial_Appendage	STAG3L5P	ENSG00000242294.6	1.41323e-10	0.383451	LOOKUP_RETURNED	2026-09-21	GTEx v8 API; raw p-values are descriptive and not used as colocalization evidence	relevant_tissues
rs1133790	AMD-CAD	NEGATIVE_DIRECTION_CONCORDANT	GTEx_v8	gtex_v8	chr7_100035359_T_C_b38	Heart_Atrial_Appendage	PILRB	ENSG00000121716.20	3.85063e-10	0.309243	LOOKUP_RETURNED	2026-09-21	GTEx v8 API; raw p-values are descriptive and not used as colocalization evidence	relevant_tissues
rs1133790	AMD-CAD	NEGATIVE_DIRECTION_CONCORDANT	GTEx_v8	gtex_v8	chr7_100035359_T_C_b38	Heart_Atrial_Appendage	PILRA	ENSG00000085514.15	5.34736e-08	0.289986	LOOKUP_RETURNED	2026-09-21	GTEx v8 API; raw p-values are descriptive and not used as colocalization evidence	relevant_tissues
rs1133790	AMD-CAD	NEGATIVE_DIRECTION_CONCORDANT	GTEx_v8	gtex_v8	chr7_100035359_T_C_b38	Brain_Hypothalamus	PILRA	ENSG00000085514.15	2.56039e-05	0.354592	LOOKUP_RETURNED	2026-09-21	GTEx v8 API; raw p-values are descriptive and not used as colocalization evidence	relevant_tissues
rs1133790	AMD-CAD	NEGATIVE_DIRECTION_CONCORDANT	GTEx_v8	gtex_v8	chr7_100035359_T_C_b38	Brain_Caudate_basal_ganglia	TRIM4	ENSG00000146833.15	0.000114264	-0.241849	LOOKUP_RETURNED	2026-09-21	GTEx v8 API; raw p-values are descriptive and not used as colocalization evidence	relevant_tissues
rs1133790	AMD-CAD	NEGATIVE_DIRECTION_CONCORDANT	GTEx_v8	gtex_v8	chr7_100035359_T_C_b38	Brain_Caudate_basal_ganglia	PILRB	ENSG00000121716.20	3.01348e-05	0.337049	LOOKUP_RETURNED	2026-09-21	GTEx v8 API; raw p-values are descriptive and not used as colocalization evidence	relevant_tissues
rs1133790	AMD-CAD	NEGATIVE_DIRECTION_CONCORDANT	GTEx_v8	gtex_v8	chr7_100035359_T_C_b38	Brain_Caudate_basal_ganglia	PILRA	ENSG00000085514.15	6.29584e-05	0.361267	LOOKUP_RETURNED	2026-09-21	GTEx v8 API; raw p-values are descriptive and not used as colocalization evidence	relevant_tissues
rs1133790	AMD-CAD	NEGATIVE_DIRECTION_CONCORDANT	GTEx_v8	gtex_v8	chr7_100035359_T_C_b38	Whole_Blood	TRIM4	ENSG00000146833.15	2.25286e-10	-0.153611	LOOKUP_RETURNED	2026-09-21	GTEx v8 API; raw p-values are descriptive and not used as colocalization evidence	relevant_tissues
rs1133790	AMD-CAD	NEGATIVE_DIRECTION_CONCORDANT	GTEx_v8	gtex_v8	chr7_100035359_T_C_b38	Whole_Blood	ZSCAN21	ENSG00000166529.14	1.92314e-06	-0.213733	LOOKUP_RETURNED	2026-09-21	GTEx v8 API; raw p-values are descriptive and not used as colocalization evidence	relevant_tissues
rs1133790	AMD-CAD	NEGATIVE_DIRECTION_CONCORDANT	GTEx_v8	gtex_v8	chr7_100035359_T_C_b38	Whole_Blood	AP4M1	ENSG00000221838.9	5.30719e-07	-0.164413	LOOKUP_RETURNED	2026-09-21	GTEx v8 API; raw p-values are descriptive and not used as colocalization evidence	relevant_tissues
rs1133790	AMD-CAD	NEGATIVE_DIRECTION_CONCORDANT	GTEx_v8	gtex_v8	chr7_100035359_T_C_b38	Whole_Blood	CNPY4	ENSG00000166997.7	5.70027e-05	-0.110077	LOOKUP_RETURNED	2026-09-21	GTEx v8 API; raw p-values are descriptive and not used as colocalization evidence	relevant_tissues
rs1133790	AMD-CAD	NEGATIVE_DIRECTION_CONCORDANT	GTEx_v8	gtex_v8	chr7_100035359_T_C_b38	Whole_Blood	STAG3L5P	ENSG00000242294.6	8.39806e-08	0.106203	LOOKUP_RETURNED	2026-09-21	GTEx v8 API; raw p-values are descriptive and not used as colocalization evidence	relevant_tissues
rs1133790	AMD-CAD	NEGATIVE_DIRECTION_CONCORDANT	GTEx_v8	gtex_v8	chr7_100035359_T_C_b38	Whole_Blood	PILRB	ENSG00000121716.20	9.406860000000001e-18	0.18619	LOOKUP_RETURNED	2026-09-21	GTEx v8 API; raw p-values are descriptive and not used as colocalization evidence	relevant_tissues
rs1133790	AMD-CAD	NEGATIVE_DIRECTION_CONCORDANT	GTEx_v8	gtex_v8	chr7_100035359_T_C_b38	Artery_Tibial	TRIM4	ENSG00000146833.15	1.4238299999999997e-20	-0.259772	LOOKUP_RETURNED	2026-09-21	GTEx v8 API; raw p-values are descriptive and not used as colocalization evidence	relevant_tissues
rs1133790	AMD-CAD	NEGATIVE_DIRECTION_CONCORDANT	GTEx_v8	gtex_v8	chr7_100035359_T_C_b38	Artery_Tibial	ZKSCAN1	ENSG00000106261.16	5.47799e-05	-0.0965855	LOOKUP_RETURNED	2026-09-21	GTEx v8 API; raw p-values are descriptive and not used as colocalization evidence	relevant_tissues
rs1133790	AMD-CAD	NEGATIVE_DIRECTION_CONCORDANT	GTEx_v8	gtex_v8	chr7_100035359_T_C_b38	Artery_Tibial	ZSCAN21	ENSG00000166529.14	1.25993e-10	-0.239562	LOOKUP_RETURNED	2026-09-21	GTEx v8 API; raw p-values are descriptive and not used as colocalization evidence	relevant_tissues
rs1133790	AMD-CAD	NEGATIVE_DIRECTION_CONCORDANT	GTEx_v8	gtex_v8	chr7_100035359_T_C_b38	Artery_Tibial	COPS6	ENSG00000168090.9	2.68715e-06	-0.0683032	LOOKUP_RETURNED	2026-09-21	GTEx v8 API; raw p-values are descriptive and not used as colocalization evidence	relevant_tissues
rs1133790	AMD-CAD	NEGATIVE_DIRECTION_CONCORDANT	GTEx_v8	gtex_v8	chr7_100035359_T_C_b38	Artery_Tibial	AP4M1	ENSG00000221838.9	0.000130993	-0.134727	LOOKUP_RETURNED	2026-09-21	GTEx v8 API; raw p-values are descriptive and not used as colocalization evidence	relevant_tissues
rs1133790	AMD-CAD	NEGATIVE_DIRECTION_CONCORDANT	GTEx_v8	gtex_v8	chr7_100035359_T_C_b38	Artery_Tibial	CNPY4	ENSG00000166997.7	4.5662e-05	-0.0943952	LOOKUP_RETURNED	2026-09-21	GTEx v8 API; raw p-values are descriptive and not used as colocalization evidence	relevant_tissues
rs1133790	AMD-CAD	NEGATIVE_DIRECTION_CONCORDANT	GTEx_v8	gtex_v8	chr7_100035359_T_C_b38	Artery_Tibial	STAG3L5P	ENSG00000242294.6	6.207750000000001e-18	0.344841	LOOKUP_RETURNED	2026-09-21	GTEx v8 API; raw p-values are descriptive and not used as colocalization evidence	relevant_tissues
rs1133790	AMD-CAD	NEGATIVE_DIRECTION_CONCORDANT	GTEx_v8	gtex_v8	chr7_100035359_T_C_b38	Artery_Tibial	PILRB	ENSG00000121716.20	1.10827e-17	0.33766	LOOKUP_RETURNED	2026-09-21	GTEx v8 API; raw p-values are descriptive and not used as colocalization evidence	relevant_tissues
rs1133790	AMD-CAD	NEGATIVE_DIRECTION_CONCORDANT	GTEx_v8	gtex_v8	chr7_100035359_T_C_b38	Artery_Tibial	PILRA	ENSG00000085514.15	2.08049e-10	0.244838	LOOKUP_RETURNED	2026-09-21	GTEx v8 API; raw p-values are descriptive and not used as colocalization evidence	relevant_tissues
rs1133790	AMD-CAD	NEGATIVE_DIRECTION_CONCORDANT	GTEx_v8	gtex_v8	chr7_100035359_T_C_b38	Nerve_Tibial	OR2AE1	ENSG00000244623.1	1.28132e-06	0.270841	LOOKUP_RETURNED	2026-09-21	GTEx v8 API; raw p-values are descriptive and not used as colocalization evidence	relevant_tissues
rs1133790	AMD-CAD	NEGATIVE_DIRECTION_CONCORDANT	GTEx_v8	gtex_v8	chr7_100035359_T_C_b38	Nerve_Tibial	TRIM4	ENSG00000146833.15	8.63533e-16	-0.334626	LOOKUP_RETURNED	2026-09-21	GTEx v8 API; raw p-values are descriptive and not used as colocalization evidence	relevant_tissues
rs1133790	AMD-CAD	NEGATIVE_DIRECTION_CONCORDANT	GTEx_v8	gtex_v8	chr7_100035359_T_C_b38	Nerve_Tibial	ZKSCAN1	ENSG00000106261.16	7.81608e-09	-0.144499	LOOKUP_RETURNED	2026-09-21	GTEx v8 API; raw p-values are descriptive and not used as colocalization evidence	relevant_tissues
rs1133790	AMD-CAD	NEGATIVE_DIRECTION_CONCORDANT	GTEx_v8	gtex_v8	chr7_100035359_T_C_b38	Nerve_Tibial	ZSCAN21	ENSG00000166529.14	1.25383e-10	-0.269393	LOOKUP_RETURNED	2026-09-21	GTEx v8 API; raw p-values are descriptive and not used as colocalization evidence	relevant_tissues
rs1133790	AMD-CAD	NEGATIVE_DIRECTION_CONCORDANT	GTEx_v8	gtex_v8	chr7_100035359_T_C_b38	Nerve_Tibial	AP4M1	ENSG00000221838.9	2.26476e-05	-0.146955	LOOKUP_RETURNED	2026-09-21	GTEx v8 API; raw p-values are descriptive and not used as colocalization evidence	relevant_tissues
rs1133790	AMD-CAD	NEGATIVE_DIRECTION_CONCORDANT	GTEx_v8	gtex_v8	chr7_100035359_T_C_b38	Nerve_Tibial	CNPY4	ENSG00000166997.7	5.78378e-05	-0.0916328	LOOKUP_RETURNED	2026-09-21	GTEx v8 API; raw p-values are descriptive and not used as colocalization evidence	relevant_tissues
rs1133790	AMD-CAD	NEGATIVE_DIRECTION_CONCORDANT	GTEx_v8	gtex_v8	chr7_100035359_T_C_b38	Nerve_Tibial	STAG3L5P	ENSG00000242294.6	6.86666e-15	0.328488	LOOKUP_RETURNED	2026-09-21	GTEx v8 API; raw p-values are descriptive and not used as colocalization evidence	relevant_tissues
rs1133790	AMD-CAD	NEGATIVE_DIRECTION_CONCORDANT	GTEx_v8	gtex_v8	chr7_100035359_T_C_b38	Nerve_Tibial	PILRB	ENSG00000121716.20	1.85212e-15	0.329453	LOOKUP_RETURNED	2026-09-21	GTEx v8 API; raw p-values are descriptive and not used as colocalization evidence	relevant_tissues
rs1133790	AMD-CAD	NEGATIVE_DIRECTION_CONCORDANT	GTEx_v8	gtex_v8	chr7_100035359_T_C_b38	Nerve_Tibial	PILRA	ENSG00000085514.15	5.63515e-15	0.363707	LOOKUP_RETURNED	2026-09-21	GTEx v8 API; raw p-values are descriptive and not used as colocalization evidence	relevant_tissues
rs1133790	AMD-CAD	NEGATIVE_DIRECTION_CONCORDANT	GTEx_v8	gtex_v8	chr7_100035359_T_C_b38	Nerve_Tibial	ZCWPW1	ENSG00000078487.17	5.76852e-05	0.130014	LOOKUP_RETURNED	2026-09-21	GTEx v8 API; raw p-values are descriptive and not used as colocalization evidence	relevant_tissues
rs1133790	AMD-CAD	NEGATIVE_DIRECTION_CONCORDANT	GTEx_v8	gtex_v8	chr7_100035359_T_C_b38	Nerve_Tibial	NYAP1	ENSG00000166924.8	4.24729e-05	-0.10666	LOOKUP_RETURNED	2026-09-21	GTEx v8 API; raw p-values are descriptive and not used as colocalization evidence	relevant_tissues
rs1133790	AMD-CAD	NEGATIVE_DIRECTION_CONCORDANT	GTEx_v8	gtex_v8	chr7_100035359_T_C_b38	Skin_Sun_Exposed_Lower_leg	OR2AE1	ENSG00000244623.1	1.96412e-14	0.375827	LOOKUP_RETURNED	2026-09-21	GTEx v8 API; raw p-values are descriptive and not used as colocalization evidence	relevant_tissues
rs1133790	AMD-CAD	NEGATIVE_DIRECTION_CONCORDANT	GTEx_v8	gtex_v8	chr7_100035359_T_C_b38	Skin_Sun_Exposed_Lower_leg	TRIM4	ENSG00000146833.15	5.61816e-17	-0.226524	LOOKUP_RETURNED	2026-09-21	GTEx v8 API; raw p-values are descriptive and not used as colocalization evidence	relevant_tissues
rs1133790	AMD-CAD	NEGATIVE_DIRECTION_CONCORDANT	GTEx_v8	gtex_v8	chr7_100035359_T_C_b38	Skin_Sun_Exposed_Lower_leg	ZSCAN21	ENSG00000166529.14	4.04223e-06	-0.167063	LOOKUP_RETURNED	2026-09-21	GTEx v8 API; raw p-values are descriptive and not used as colocalization evidence	relevant_tissues
rs1133790	AMD-CAD	NEGATIVE_DIRECTION_CONCORDANT	GTEx_v8	gtex_v8	chr7_100035359_T_C_b38	Skin_Sun_Exposed_Lower_leg	STAG3	ENSG00000066923.17	1.79152e-05	-0.150342	LOOKUP_RETURNED	2026-09-21	GTEx v8 API; raw p-values are descriptive and not used as colocalization evidence	relevant_tissues
rs1133790	AMD-CAD	NEGATIVE_DIRECTION_CONCORDANT	GTEx_v8	gtex_v8	chr7_100035359_T_C_b38	Skin_Sun_Exposed_Lower_leg	STAG3L5P	ENSG00000242294.6	6.24206e-17	0.293982	LOOKUP_RETURNED	2026-09-21	GTEx v8 API; raw p-values are descriptive and not used as colocalization evidence	relevant_tissues
rs1133790	AMD-CAD	NEGATIVE_DIRECTION_CONCORDANT	GTEx_v8	gtex_v8	chr7_100035359_T_C_b38	Skin_Sun_Exposed_Lower_leg	PILRB	ENSG00000121716.20	3.79493e-19	0.306444	LOOKUP_RETURNED	2026-09-21	GTEx v8 API; raw p-values are descriptive and not used as colocalization evidence	relevant_tissues
rs1133790	AMD-CAD	NEGATIVE_DIRECTION_CONCORDANT	GTEx_v8	gtex_v8	chr7_100035359_T_C_b38	Skin_Sun_Exposed_Lower_leg	PILRA	ENSG00000085514.15	1.22829e-21	0.477384	LOOKUP_RETURNED	2026-09-21	GTEx v8 API; raw p-values are descriptive and not used as colocalization evidence	relevant_tissues
rs1133790	AMD-CAD	NEGATIVE_DIRECTION_CONCORDANT	GTEx_v8	gtex_v8	chr7_100035359_T_C_b38	Skin_Sun_Exposed_Lower_leg	NYAP1	ENSG00000166924.8	3.41007e-06	-0.165017	LOOKUP_RETURNED	2026-09-21	GTEx v8 API; raw p-values are descriptive and not used as colocalization evidence	relevant_tissues
rs1133790	AMD-CAD	NEGATIVE_DIRECTION_CONCORDANT	GTEx_v8	gtex_v8	chr7_100035359_T_C_b38	Brain_Hippocampus	PILRB	ENSG00000121716.20	5.252e-06	0.36099	LOOKUP_RETURNED	2026-09-21	GTEx v8 API; raw p-values are descriptive and not used as colocalization evidence	relevant_tissues
rs1133790	AMD-CAD	NEGATIVE_DIRECTION_CONCORDANT	GTEx_v8	gtex_v8	chr7_100035359_T_C_b38	Brain_Hippocampus	PILRA	ENSG00000085514.15	1.07125e-05	0.401183	LOOKUP_RETURNED	2026-09-21	GTEx v8 API; raw p-values are descriptive and not used as colocalization evidence	relevant_tissues
rs1133790	AMD-CAD	NEGATIVE_DIRECTION_CONCORDANT	GTEx_v8	gtex_v8	chr7_100035359_T_C_b38	Artery_Aorta	TRIM4	ENSG00000146833.15	7.68353e-18	-0.322123	LOOKUP_RETURNED	2026-09-21	GTEx v8 API; raw p-values are descriptive and not used as colocalization evidence	relevant_tissues
rs1133790	AMD-CAD	NEGATIVE_DIRECTION_CONCORDANT	GTEx_v8	gtex_v8	chr7_100035359_T_C_b38	Artery_Aorta	ZKSCAN1	ENSG00000106261.16	1.51749e-06	-0.136072	LOOKUP_RETURNED	2026-09-21	GTEx v8 API; raw p-values are descriptive and not used as colocalization evidence	relevant_tissues
rs1133790	AMD-CAD	NEGATIVE_DIRECTION_CONCORDANT	GTEx_v8	gtex_v8	chr7_100035359_T_C_b38	Artery_Aorta	ZSCAN21	ENSG00000166529.14	1.17424e-11	-0.257456	LOOKUP_RETURNED	2026-09-21	GTEx v8 API; raw p-values are descriptive and not used as colocalization evidence	relevant_tissues
rs1133790	AMD-CAD	NEGATIVE_DIRECTION_CONCORDANT	GTEx_v8	gtex_v8	chr7_100035359_T_C_b38	Artery_Aorta	AP4M1	ENSG00000221838.9	1.16949e-05	-0.182578	LOOKUP_RETURNED	2026-09-21	GTEx v8 API; raw p-values are descriptive and not used as colocalization evidence	relevant_tissues
rs1133790	AMD-CAD	NEGATIVE_DIRECTION_CONCORDANT	GTEx_v8	gtex_v8	chr7_100035359_T_C_b38	Artery_Aorta	STAG3L5P	ENSG00000242294.6	1.52515e-10	0.33821	LOOKUP_RETURNED	2026-09-21	GTEx v8 API; raw p-values are descriptive and not used as colocalization evidence	relevant_tissues
rs1133790	AMD-CAD	NEGATIVE_DIRECTION_CONCORDANT	GTEx_v8	gtex_v8	chr7_100035359_T_C_b38	Artery_Aorta	PILRB	ENSG00000121716.20	5.32479e-11	0.309054	LOOKUP_RETURNED	2026-09-21	GTEx v8 API; raw p-values are descriptive and not used as colocalization evidence	relevant_tissues
rs1133790	AMD-CAD	NEGATIVE_DIRECTION_CONCORDANT	GTEx_v8	gtex_v8	chr7_100035359_T_C_b38	Artery_Aorta	PILRA	ENSG00000085514.15	6.6006e-10	0.242814	LOOKUP_RETURNED	2026-09-21	GTEx v8 API; raw p-values are descriptive and not used as colocalization evidence	relevant_tissues
rs1133790	AMD-CAD	NEGATIVE_DIRECTION_CONCORDANT	GTEx_v8	gtex_v8	chr7_100035359_T_C_b38	Spleen	TRIM4	ENSG00000146833.15	7.45448e-08	-0.414661	LOOKUP_RETURNED	2026-09-21	GTEx v8 API; raw p-values are descriptive and not used as colocalization evidence	relevant_tissues
rs1133790	AMD-CAD	NEGATIVE_DIRECTION_CONCORDANT	GTEx_v8	gtex_v8	chr7_100035359_T_C_b38	Spleen	STAG3L5P	ENSG00000242294.6	3.72373e-07	0.293538	LOOKUP_RETURNED	2026-09-21	GTEx v8 API; raw p-values are descriptive and not used as colocalization evidence	relevant_tissues
rs1133790	AMD-CAD	NEGATIVE_DIRECTION_CONCORDANT	GTEx_v8	gtex_v8	chr7_100035359_T_C_b38	Spleen	PILRB	ENSG00000121716.20	4.37931e-07	0.286345	LOOKUP_RETURNED	2026-09-21	GTEx v8 API; raw p-values are descriptive and not used as colocalization evidence	relevant_tissues
rs1133790	AMD-CAD	NEGATIVE_DIRECTION_CONCORDANT	GTEx_v8	gtex_v8	chr7_100035359_T_C_b38	Spleen	PILRA	ENSG00000085514.15	3.40047e-06	0.254323	LOOKUP_RETURNED	2026-09-21	GTEx v8 API; raw p-values are descriptive and not used as colocalization evidence	relevant_tissues
rs1133790	AMD-CAD	NEGATIVE_DIRECTION_CONCORDANT	GTEx_v8	gtex_v8	chr7_100035359_T_C_b38	Brain_Frontal_Cortex_BA9	AZGP1	ENSG00000160862.12	7.23149e-06	-0.281459	LOOKUP_RETURNED	2026-09-21	GTEx v8 API; raw p-values are descriptive and not used as colocalization evidence	relevant_tissues
rs1133790	AMD-CAD	NEGATIVE_DIRECTION_CONCORDANT	GTEx_v8	gtex_v8	chr7_100035359_T_C_b38	Brain_Frontal_Cortex_BA9	STAG3L5P	ENSG00000242294.6	4.98449e-06	0.308364	LOOKUP_RETURNED	2026-09-21	GTEx v8 API; raw p-values are descriptive and not used as colocalization evidence	relevant_tissues
rs1133790	AMD-CAD	NEGATIVE_DIRECTION_CONCORDANT	GTEx_v8	gtex_v8	chr7_100035359_T_C_b38	Brain_Frontal_Cortex_BA9	PILRB	ENSG00000121716.20	1.4968e-08	0.388116	LOOKUP_RETURNED	2026-09-21	GTEx v8 API; raw p-values are descriptive and not used as colocalization evidence	relevant_tissues
rs1133790	AMD-CAD	NEGATIVE_DIRECTION_CONCORDANT	GTEx_v8	gtex_v8	chr7_100035359_T_C_b38	Brain_Frontal_Cortex_BA9	PILRA	ENSG00000085514.15	3.32222e-06	0.419819	LOOKUP_RETURNED	2026-09-21	GTEx v8 API; raw p-values are descriptive and not used as colocalization evidence	relevant_tissues
rs1133790	AMD-CAD	NEGATIVE_DIRECTION_CONCORDANT	GTEx_v8	gtex_v8	chr7_100035359_T_C_b38	Brain_Cerebellum	STAG3	ENSG00000066923.17	0.00015354	-0.203724	LOOKUP_RETURNED	2026-09-21	GTEx v8 API; raw p-values are descriptive and not used as colocalization evidence	relevant_tissues
rs1133790	AMD-CAD	NEGATIVE_DIRECTION_CONCORDANT	GTEx_v8	gtex_v8	chr7_100035359_T_C_b38	Brain_Cerebellum	PILRB	ENSG00000121716.20	8.59479e-05	0.29707	LOOKUP_RETURNED	2026-09-21	GTEx v8 API; raw p-values are descriptive and not used as colocalization evidence	relevant_tissues
rs1133790	AMD-CAD	NEGATIVE_DIRECTION_CONCORDANT	GTEx_v8	gtex_v8	chr7_100035359_T_C_b38	Brain_Cerebellum	PILRA	ENSG00000085514.15	3.46889e-06	0.409294	LOOKUP_RETURNED	2026-09-21	GTEx v8 API; raw p-values are descriptive and not used as colocalization evidence	relevant_tissues
rs1133790	AMD-CAD	NEGATIVE_DIRECTION_CONCORDANT	GTEx_v8	gtex_v8	chr7_100035359_T_C_b38	Adipose_Visceral_Omentum	TRIM4	ENSG00000146833.15	3.4068000000000003e-19	-0.362691	LOOKUP_RETURNED	2026-09-21	GTEx v8 API; raw p-values are descriptive and not used as colocalization evidence	relevant_tissues
rs1133790	AMD-CAD	NEGATIVE_DIRECTION_CONCORDANT	GTEx_v8	gtex_v8	chr7_100035359_T_C_b38	Adipose_Visceral_Omentum	ZKSCAN1	ENSG00000106261.16	2.85391e-06	-0.122355	LOOKUP_RETURNED	2026-09-21	GTEx v8 API; raw p-values are descriptive and not used as colocalization evidence	relevant_tissues
rs1133790	AMD-CAD	NEGATIVE_DIRECTION_CONCORDANT	GTEx_v8	gtex_v8	chr7_100035359_T_C_b38	Adipose_Visceral_Omentum	ZSCAN21	ENSG00000166529.14	2.15703e-08	-0.280486	LOOKUP_RETURNED	2026-09-21	GTEx v8 API; raw p-values are descriptive and not used as colocalization evidence	relevant_tissues
rs1133790	AMD-CAD	NEGATIVE_DIRECTION_CONCORDANT	GTEx_v8	gtex_v8	chr7_100035359_T_C_b38	Adipose_Visceral_Omentum	AP4M1	ENSG00000221838.9	5.29033e-05	-0.121419	LOOKUP_RETURNED	2026-09-21	GTEx v8 API; raw p-values are descriptive and not used as colocalization evidence	relevant_tissues
rs1133790	AMD-CAD	NEGATIVE_DIRECTION_CONCORDANT	GTEx_v8	gtex_v8	chr7_100035359_T_C_b38	Adipose_Visceral_Omentum	CNPY4	ENSG00000166997.7	8.68597e-05	-0.1004	LOOKUP_RETURNED	2026-09-21	GTEx v8 API; raw p-values are descriptive and not used as colocalization evidence	relevant_tissues
rs1133790	AMD-CAD	NEGATIVE_DIRECTION_CONCORDANT	GTEx_v8	gtex_v8	chr7_100035359_T_C_b38	Adipose_Visceral_Omentum	STAG3L5P	ENSG00000242294.6	1.97975e-15	0.349596	LOOKUP_RETURNED	2026-09-21	GTEx v8 API; raw p-values are descriptive and not used as colocalization evidence	relevant_tissues
rs1133790	AMD-CAD	NEGATIVE_DIRECTION_CONCORDANT	GTEx_v8	gtex_v8	chr7_100035359_T_C_b38	Adipose_Visceral_Omentum	PILRB	ENSG00000121716.20	2.93256e-16	0.340698	LOOKUP_RETURNED	2026-09-21	GTEx v8 API; raw p-values are descriptive and not used as colocalization evidence	relevant_tissues
rs1133790	AMD-CAD	NEGATIVE_DIRECTION_CONCORDANT	GTEx_v8	gtex_v8	chr7_100035359_T_C_b38	Adipose_Visceral_Omentum	PILRA	ENSG00000085514.15	3.45306e-08	0.213811	LOOKUP_RETURNED	2026-09-21	GTEx v8 API; raw p-values are descriptive and not used as colocalization evidence	relevant_tissues
rs1133790	AMD-CAD	NEGATIVE_DIRECTION_CONCORDANT	GTEx_v8	gtex_v8	chr7_100035359_T_C_b38	Adipose_Subcutaneous	TRIM4	ENSG00000146833.15	1.74189e-22	-0.366421	LOOKUP_RETURNED	2026-09-21	GTEx v8 API; raw p-values are descriptive and not used as colocalization evidence	relevant_tissues
rs1133790	AMD-CAD	NEGATIVE_DIRECTION_CONCORDANT	GTEx_v8	gtex_v8	chr7_100035359_T_C_b38	Adipose_Subcutaneous	ZKSCAN1	ENSG00000106261.16	3.15237e-12	-0.186649	LOOKUP_RETURNED	2026-09-21	GTEx v8 API; raw p-values are descriptive and not used as colocalization evidence	relevant_tissues
rs1133790	AMD-CAD	NEGATIVE_DIRECTION_CONCORDANT	GTEx_v8	gtex_v8	chr7_100035359_T_C_b38	Adipose_Subcutaneous	ZSCAN21	ENSG00000166529.14	1.10862e-13	-0.314242	LOOKUP_RETURNED	2026-09-21	GTEx v8 API; raw p-values are descriptive and not used as colocalization evidence	relevant_tissues
rs1133790	AMD-CAD	NEGATIVE_DIRECTION_CONCORDANT	GTEx_v8	gtex_v8	chr7_100035359_T_C_b38	Adipose_Subcutaneous	AP4M1	ENSG00000221838.9	1.44108e-05	-0.141094	LOOKUP_RETURNED	2026-09-21	GTEx v8 API; raw p-values are descriptive and not used as colocalization evidence	relevant_tissues
rs1133790	AMD-CAD	NEGATIVE_DIRECTION_CONCORDANT	GTEx_v8	gtex_v8	chr7_100035359_T_C_b38	Adipose_Subcutaneous	CNPY4	ENSG00000166997.7	2.69844e-05	-0.083348	LOOKUP_RETURNED	2026-09-21	GTEx v8 API; raw p-values are descriptive and not used as colocalization evidence	relevant_tissues
rs1133790	AMD-CAD	NEGATIVE_DIRECTION_CONCORDANT	GTEx_v8	gtex_v8	chr7_100035359_T_C_b38	Adipose_Subcutaneous	STAG3	ENSG00000066923.17	3.90357e-05	-0.14926	LOOKUP_RETURNED	2026-09-21	GTEx v8 API; raw p-values are descriptive and not used as colocalization evidence	relevant_tissues
rs1133790	AMD-CAD	NEGATIVE_DIRECTION_CONCORDANT	GTEx_v8	gtex_v8	chr7_100035359_T_C_b38	Adipose_Subcutaneous	STAG3L5P	ENSG00000242294.6	1.31984e-18	0.315451	LOOKUP_RETURNED	2026-09-21	GTEx v8 API; raw p-values are descriptive and not used as colocalization evidence	relevant_tissues
rs1133790	AMD-CAD	NEGATIVE_DIRECTION_CONCORDANT	GTEx_v8	gtex_v8	chr7_100035359_T_C_b38	Adipose_Subcutaneous	PILRB	ENSG00000121716.20	9.21394e-18	0.322401	LOOKUP_RETURNED	2026-09-21	GTEx v8 API; raw p-values are descriptive and not used as colocalization evidence	relevant_tissues
rs1133790	AMD-CAD	NEGATIVE_DIRECTION_CONCORDANT	GTEx_v8	gtex_v8	chr7_100035359_T_C_b38	Adipose_Subcutaneous	PILRA	ENSG00000085514.15	4.80012e-16	0.325718	LOOKUP_RETURNED	2026-09-21	GTEx v8 API; raw p-values are descriptive and not used as colocalization evidence	relevant_tissues
rs1133790	AMD-CAD	NEGATIVE_DIRECTION_CONCORDANT	GTEx_v8	gtex_v8	chr7_100035359_T_C_b38	Pancreas	TRIM4	ENSG00000146833.15	9.79949e-09	-0.300296	LOOKUP_RETURNED	2026-09-21	GTEx v8 API; raw p-values are descriptive and not used as colocalization evidence	relevant_tissues
rs1133790	AMD-CAD	NEGATIVE_DIRECTION_CONCORDANT	GTEx_v8	gtex_v8	chr7_100035359_T_C_b38	Pancreas	ZSCAN21	ENSG00000166529.14	1.04734e-06	-0.370364	LOOKUP_RETURNED	2026-09-21	GTEx v8 API; raw p-values are descriptive and not used as colocalization evidence	relevant_tissues
rs1133790	AMD-CAD	NEGATIVE_DIRECTION_CONCORDANT	GTEx_v8	gtex_v8	chr7_100035359_T_C_b38	Pancreas	STAG3L5P	ENSG00000242294.6	2.41522e-07	0.289491	LOOKUP_RETURNED	2026-09-21	GTEx v8 API; raw p-values are descriptive and not used as colocalization evidence	relevant_tissues
rs1133790	AMD-CAD	NEGATIVE_DIRECTION_CONCORDANT	GTEx_v8	gtex_v8	chr7_100035359_T_C_b38	Pancreas	PILRB	ENSG00000121716.20	6.12602e-08	0.283254	LOOKUP_RETURNED	2026-09-21	GTEx v8 API; raw p-values are descriptive and not used as colocalization evidence	relevant_tissues
rs1133790	AMD-CAD	NEGATIVE_DIRECTION_CONCORDANT	GTEx_v8	gtex_v8	chr7_100035359_T_C_b38	Pancreas	PILRA	ENSG00000085514.15	2.30199e-06	0.39389	LOOKUP_RETURNED	2026-09-21	GTEx v8 API; raw p-values are descriptive and not used as colocalization evidence	relevant_tissues
rs1133790	AMD-CAD	NEGATIVE_DIRECTION_CONCORDANT	EyeGEx/retina								NOT_ASSESSED_STABLE_PUBLIC_API_NOT_CONFIGURED	2026-09-21	Optional retina xQTL lookup; no stable endpoint was used in this reproducible workflow	optional_source_status
rs11734396	AMD-T2D	POSITIVE_DIRECTION_CONCORDANT	GTEx_v8	gtex_v8	chr4_103100953_G_A_b38	Skin_Not_Sun_Exposed_Suprapubic	KRT8P46	ENSG00000248971.2	9.66137e-06	-0.328411	LOOKUP_RETURNED	2026-09-21	GTEx v8 API; raw p-values are descriptive and not used as colocalization evidence	relevant_tissues
rs11734396	AMD-T2D	POSITIVE_DIRECTION_CONCORDANT	GTEx_v8	gtex_v8	chr4_103100953_G_A_b38	Skin_Not_Sun_Exposed_Suprapubic	LRRC37A15P	ENSG00000230069.3	2.70722e-06	-0.362311	LOOKUP_RETURNED	2026-09-21	GTEx v8 API; raw p-values are descriptive and not used as colocalization evidence	relevant_tissues
rs11734396	AMD-T2D	POSITIVE_DIRECTION_CONCORDANT	GTEx_v8	gtex_v8	chr4_103100953_G_A_b38	Skin_Not_Sun_Exposed_Suprapubic	CENPE	ENSG00000138778.11	0.000257991	0.140801	LOOKUP_RETURNED	2026-09-21	GTEx v8 API; raw p-values are descriptive and not used as colocalization evidence	relevant_tissues
rs11734396	AMD-T2D	POSITIVE_DIRECTION_CONCORDANT	GTEx_v8	gtex_v8	chr4_103100953_G_A_b38	Brain_Cortex	CENPE	ENSG00000138778.11	4.2684e-05	0.4501	LOOKUP_RETURNED	2026-09-21	GTEx v8 API; raw p-values are descriptive and not used as colocalization evidence	relevant_tissues
rs11734396	AMD-T2D	POSITIVE_DIRECTION_CONCORDANT	GTEx_v8	gtex_v8	chr4_103100953_G_A_b38	Muscle_Skeletal	UBE2D3	ENSG00000109332.19	2.51953e-07	-0.0985901	LOOKUP_RETURNED	2026-09-21	GTEx v8 API; raw p-values are descriptive and not used as colocalization evidence	relevant_tissues
rs11734396	AMD-T2D	POSITIVE_DIRECTION_CONCORDANT	GTEx_v8	gtex_v8	chr4_103100953_G_A_b38	Muscle_Skeletal	CENPE	ENSG00000138778.11	3.86036e-05	0.239322	LOOKUP_RETURNED	2026-09-21	GTEx v8 API; raw p-values are descriptive and not used as colocalization evidence	relevant_tissues
rs11734396	AMD-T2D	POSITIVE_DIRECTION_CONCORDANT	GTEx_v8	gtex_v8	chr4_103100953_G_A_b38	Whole_Blood	KRT8P46	ENSG00000248971.2	4.1403e-05	-0.200329	LOOKUP_RETURNED	2026-09-21	GTEx v8 API; raw p-values are descriptive and not used as colocalization evidence	relevant_tissues
rs11734396	AMD-T2D	POSITIVE_DIRECTION_CONCORDANT	GTEx_v8	gtex_v8	chr4_103100953_G_A_b38	Whole_Blood	LRRC37A15P	ENSG00000230069.3	5.60675e-08	-0.257939	LOOKUP_RETURNED	2026-09-21	GTEx v8 API; raw p-values are descriptive and not used as colocalization evidence	relevant_tissues
rs11734396	AMD-T2D	POSITIVE_DIRECTION_CONCORDANT	GTEx_v8	gtex_v8	chr4_103100953_G_A_b38	Artery_Tibial	RP11-10L12.4	ENSG00000246560.2	3.48239e-06	0.272135	LOOKUP_RETURNED	2026-09-21	GTEx v8 API; raw p-values are descriptive and not used as colocalization evidence	relevant_tissues
rs11734396	AMD-T2D	POSITIVE_DIRECTION_CONCORDANT	GTEx_v8	gtex_v8	chr4_103100953_G_A_b38	Artery_Tibial	UBE2D3	ENSG00000109332.19	1.92339e-05	-0.0755985	LOOKUP_RETURNED	2026-09-21	GTEx v8 API; raw p-values are descriptive and not used as colocalization evidence	relevant_tissues
rs11734396	AMD-T2D	POSITIVE_DIRECTION_CONCORDANT	GTEx_v8	gtex_v8	chr4_103100953_G_A_b38	Artery_Tibial	CENPE	ENSG00000138778.11	1.89657e-16	0.460375	LOOKUP_RETURNED	2026-09-21	GTEx v8 API; raw p-values are descriptive and not used as colocalization evidence	relevant_tissues
rs11734396	AMD-T2D	POSITIVE_DIRECTION_CONCORDANT	GTEx_v8	gtex_v8	chr4_103100953_G_A_b38	Nerve_Tibial	KRT8P46	ENSG00000248971.2	5.05323e-07	-0.394413	LOOKUP_RETURNED	2026-09-21	GTEx v8 API; raw p-values are descriptive and not used as colocalization evidence	relevant_tissues
rs11734396	AMD-T2D	POSITIVE_DIRECTION_CONCORDANT	GTEx_v8	gtex_v8	chr4_103100953_G_A_b38	Nerve_Tibial	LRRC37A15P	ENSG00000230069.3	6.56462e-06	-0.344341	LOOKUP_RETURNED	2026-09-21	GTEx v8 API; raw p-values are descriptive and not used as colocalization evidence	relevant_tissues
rs11734396	AMD-T2D	POSITIVE_DIRECTION_CONCORDANT	GTEx_v8	gtex_v8	chr4_103100953_G_A_b38	Nerve_Tibial	CISD2	ENSG00000145354.9	6.0575e-05	-0.161467	LOOKUP_RETURNED	2026-09-21	GTEx v8 API; raw p-values are descriptive and not used as colocalization evidence	relevant_tissues
rs11734396	AMD-T2D	POSITIVE_DIRECTION_CONCORDANT	GTEx_v8	gtex_v8	chr4_103100953_G_A_b38	Nerve_Tibial	CENPE	ENSG00000138778.11	2.27553e-08	0.35894	LOOKUP_RETURNED	2026-09-21	GTEx v8 API; raw p-values are descriptive and not used as colocalization evidence	relevant_tissues
rs11734396	AMD-T2D	POSITIVE_DIRECTION_CONCORDANT	GTEx_v8	gtex_v8	chr4_103100953_G_A_b38	Skin_Sun_Exposed_Lower_leg	KRT8P46	ENSG00000248971.2	0.000246383	-0.258577	LOOKUP_RETURNED	2026-09-21	GTEx v8 API; raw p-values are descriptive and not used as colocalization evidence	relevant_tissues
rs11734396	AMD-T2D	POSITIVE_DIRECTION_CONCORDANT	GTEx_v8	gtex_v8	chr4_103100953_G_A_b38	Skin_Sun_Exposed_Lower_leg	UBE2D3	ENSG00000109332.19	0.000149024	-0.0692527	LOOKUP_RETURNED	2026-09-21	GTEx v8 API; raw p-values are descriptive and not used as colocalization evidence	relevant_tissues
rs11734396	AMD-T2D	POSITIVE_DIRECTION_CONCORDANT	GTEx_v8	gtex_v8	chr4_103100953_G_A_b38	Skin_Sun_Exposed_Lower_leg	CISD2	ENSG00000145354.9	6.91392e-08	-0.209941	LOOKUP_RETURNED	2026-09-21	GTEx v8 API; raw p-values are descriptive and not used as colocalization evidence	relevant_tissues
rs11734396	AMD-T2D	POSITIVE_DIRECTION_CONCORDANT	GTEx_v8	gtex_v8	chr4_103100953_G_A_b38	Artery_Aorta	KRT8P46	ENSG00000248971.2	6.10176e-05	-0.390138	LOOKUP_RETURNED	2026-09-21	GTEx v8 API; raw p-values are descriptive and not used as colocalization evidence	relevant_tissues
rs11734396	AMD-T2D	POSITIVE_DIRECTION_CONCORDANT	GTEx_v8	gtex_v8	chr4_103100953_G_A_b38	Artery_Aorta	LRRC37A15P	ENSG00000230069.3	0.000134207	-0.386468	LOOKUP_RETURNED	2026-09-21	GTEx v8 API; raw p-values are descriptive and not used as colocalization evidence	relevant_tissues
rs11734396	AMD-T2D	POSITIVE_DIRECTION_CONCORDANT	GTEx_v8	gtex_v8	chr4_103100953_G_A_b38	Spleen	KRT8P46	ENSG00000248971.2	2.78545e-07	-0.475669	LOOKUP_RETURNED	2026-09-21	GTEx v8 API; raw p-values are descriptive and not used as colocalization evidence	relevant_tissues
rs11734396	AMD-T2D	POSITIVE_DIRECTION_CONCORDANT	GTEx_v8	gtex_v8	chr4_103100953_G_A_b38	Spleen	LRRC37A15P	ENSG00000230069.3	1.15879e-10	-0.599783	LOOKUP_RETURNED	2026-09-21	GTEx v8 API; raw p-values are descriptive and not used as colocalization evidence	relevant_tissues
rs11734396	AMD-T2D	POSITIVE_DIRECTION_CONCORDANT	GTEx_v8	gtex_v8	chr4_103100953_G_A_b38	Spleen	RP11-10L12.2	ENSG00000251288.2	2.56895e-05	-0.515286	LOOKUP_RETURNED	2026-09-21	GTEx v8 API; raw p-values are descriptive and not used as colocalization evidence	relevant_tissues
rs11734396	AMD-T2D	POSITIVE_DIRECTION_CONCORDANT	GTEx_v8	gtex_v8	chr4_103100953_G_A_b38	Spleen	MANBA	ENSG00000109323.8	5.31942e-08	-0.341778	LOOKUP_RETURNED	2026-09-21	GTEx v8 API; raw p-values are descriptive and not used as colocalization evidence	relevant_tissues
rs11734396	AMD-T2D	POSITIVE_DIRECTION_CONCORDANT	GTEx_v8	gtex_v8	chr4_103100953_G_A_b38	Brain_Cerebellar_Hemisphere	LRRC37A15P	ENSG00000230069.3	3.16909e-05	-0.411428	LOOKUP_RETURNED	2026-09-21	GTEx v8 API; raw p-values are descriptive and not used as colocalization evidence	relevant_tissues
rs11734396	AMD-T2D	POSITIVE_DIRECTION_CONCORDANT	GTEx_v8	gtex_v8	chr4_103100953_G_A_b38	Brain_Frontal_Cortex_BA9	CENPE	ENSG00000138778.11	4.4967e-06	0.539901	LOOKUP_RETURNED	2026-09-21	GTEx v8 API; raw p-values are descriptive and not used as colocalization evidence	relevant_tissues
rs11734396	AMD-T2D	POSITIVE_DIRECTION_CONCORDANT	GTEx_v8	gtex_v8	chr4_103100953_G_A_b38	Brain_Cerebellum	MANBA	ENSG00000109323.8	4.8129e-05	-0.343448	LOOKUP_RETURNED	2026-09-21	GTEx v8 API; raw p-values are descriptive and not used as colocalization evidence	relevant_tissues
rs11734396	AMD-T2D	POSITIVE_DIRECTION_CONCORDANT	GTEx_v8	gtex_v8	chr4_103100953_G_A_b38	Brain_Cerebellum	CENPE	ENSG00000138778.11	9.2915e-08	0.633705	LOOKUP_RETURNED	2026-09-21	GTEx v8 API; raw p-values are descriptive and not used as colocalization evidence	relevant_tissues
rs11734396	AMD-T2D	POSITIVE_DIRECTION_CONCORDANT	GTEx_v8	gtex_v8	chr4_103100953_G_A_b38	Adipose_Visceral_Omentum	LRRC37A15P	ENSG00000230069.3	5.15645e-06	-0.351771	LOOKUP_RETURNED	2026-09-21	GTEx v8 API; raw p-values are descriptive and not used as colocalization evidence	relevant_tissues
rs11734396	AMD-T2D	POSITIVE_DIRECTION_CONCORDANT	GTEx_v8	gtex_v8	chr4_103100953_G_A_b38	Adipose_Visceral_Omentum	CISD2	ENSG00000145354.9	2.05173e-05	-0.163992	LOOKUP_RETURNED	2026-09-21	GTEx v8 API; raw p-values are descriptive and not used as colocalization evidence	relevant_tissues
rs11734396	AMD-T2D	POSITIVE_DIRECTION_CONCORDANT	GTEx_v8	gtex_v8	chr4_103100953_G_A_b38	Adipose_Visceral_Omentum	CENPE	ENSG00000138778.11	7.09653e-05	0.19385	LOOKUP_RETURNED	2026-09-21	GTEx v8 API; raw p-values are descriptive and not used as colocalization evidence	relevant_tissues
rs11734396	AMD-T2D	POSITIVE_DIRECTION_CONCORDANT	GTEx_v8	gtex_v8	chr4_103100953_G_A_b38	Adipose_Subcutaneous	KRT8P46	ENSG00000248971.2	2.03848e-09	-0.420191	LOOKUP_RETURNED	2026-09-21	GTEx v8 API; raw p-values are descriptive and not used as colocalization evidence	relevant_tissues
rs11734396	AMD-T2D	POSITIVE_DIRECTION_CONCORDANT	GTEx_v8	gtex_v8	chr4_103100953_G_A_b38	Adipose_Subcutaneous	LRRC37A15P	ENSG00000230069.3	3.60686e-12	-0.479493	LOOKUP_RETURNED	2026-09-21	GTEx v8 API; raw p-values are descriptive and not used as colocalization evidence	relevant_tissues
rs11734396	AMD-T2D	POSITIVE_DIRECTION_CONCORDANT	GTEx_v8	gtex_v8	chr4_103100953_G_A_b38	Adipose_Subcutaneous	RP11-10L12.4	ENSG00000246560.2	0.000271784	0.208729	LOOKUP_RETURNED	2026-09-21	GTEx v8 API; raw p-values are descriptive and not used as colocalization evidence	relevant_tissues
rs11734396	AMD-T2D	POSITIVE_DIRECTION_CONCORDANT	GTEx_v8	gtex_v8	chr4_103100953_G_A_b38	Adipose_Subcutaneous	CENPE	ENSG00000138778.11	0.00015696	0.184583	LOOKUP_RETURNED	2026-09-21	GTEx v8 API; raw p-values are descriptive and not used as colocalization evidence	relevant_tissues
rs11734396	AMD-T2D	POSITIVE_DIRECTION_CONCORDANT	GTEx_v8	gtex_v8	chr4_103100953_G_A_b38	Pancreas	LRRC37A15P	ENSG00000230069.3	3.10095e-07	-0.561708	LOOKUP_RETURNED	2026-09-21	GTEx v8 API; raw p-values are descriptive and not used as colocalization evidence	relevant_tissues
rs11734396	AMD-T2D	POSITIVE_DIRECTION_CONCORDANT	GTEx_v8	gtex_v8	chr4_103100953_G_A_b38	Pancreas	BDH2	ENSG00000164039.14	1.12207e-05	0.368513	LOOKUP_RETURNED	2026-09-21	GTEx v8 API; raw p-values are descriptive and not used as colocalization evidence	relevant_tissues
rs11734396	AMD-T2D	POSITIVE_DIRECTION_CONCORDANT	EyeGEx/retina								NOT_ASSESSED_STABLE_PUBLIC_API_NOT_CONFIGURED	2026-09-21	Optional retina xQTL lookup; no stable endpoint was used in this reproducible workflow	optional_source_status
rs11870660	CAT-STROKE	POSITIVE_DIRECTION_CONCORDANT	GTEx_v8	gtex_v8	chr17_17973782_C_T_b38	Heart_Left_Ventricle	ATPAF2	ENSG00000171953.15	3.54001e-06	0.122097	LOOKUP_RETURNED	2026-09-21	GTEx v8 API; raw p-values are descriptive and not used as colocalization evidence	relevant_tissues
rs11870660	CAT-STROKE	POSITIVE_DIRECTION_CONCORDANT	GTEx_v8	gtex_v8	chr17_17973782_C_T_b38	Skin_Not_Sun_Exposed_Suprapubic	ATPAF2	ENSG00000171953.15	5.68081e-06	0.130046	LOOKUP_RETURNED	2026-09-21	GTEx v8 API; raw p-values are descriptive and not used as colocalization evidence	relevant_tissues
rs11870660	CAT-STROKE	POSITIVE_DIRECTION_CONCORDANT	GTEx_v8	gtex_v8	chr17_17973782_C_T_b38	Brain_Nucleus_accumbens_basal_ganglia	DRC3	ENSG00000171962.17	1.95088e-06	0.281474	LOOKUP_RETURNED	2026-09-21	GTEx v8 API; raw p-values are descriptive and not used as colocalization evidence	relevant_tissues
rs11870660	CAT-STROKE	POSITIVE_DIRECTION_CONCORDANT	GTEx_v8	gtex_v8	chr17_17973782_C_T_b38	Brain_Cortex	TOM1L2	ENSG00000175662.17	7.57557e-05	-0.168759	LOOKUP_RETURNED	2026-09-21	GTEx v8 API; raw p-values are descriptive and not used as colocalization evidence	relevant_tissues
rs11870660	CAT-STROKE	POSITIVE_DIRECTION_CONCORDANT	GTEx_v8	gtex_v8	chr17_17973782_C_T_b38	Muscle_Skeletal	RP1-253P7.4	ENSG00000197815.4	6.69789e-47	-0.462931	LOOKUP_RETURNED	2026-09-21	GTEx v8 API; raw p-values are descriptive and not used as colocalization evidence	relevant_tissues
rs11870660	CAT-STROKE	POSITIVE_DIRECTION_CONCORDANT	GTEx_v8	gtex_v8	chr17_17973782_C_T_b38	Muscle_Skeletal	TOM1L2	ENSG00000175662.17	3.9184300000000004e-30	-0.260274	LOOKUP_RETURNED	2026-09-21	GTEx v8 API; raw p-values are descriptive and not used as colocalization evidence	relevant_tissues
rs11870660	CAT-STROKE	POSITIVE_DIRECTION_CONCORDANT	GTEx_v8	gtex_v8	chr17_17973782_C_T_b38	Muscle_Skeletal	DRC3	ENSG00000171962.17	1.21826e-13	0.316717	LOOKUP_RETURNED	2026-09-21	GTEx v8 API; raw p-values are descriptive and not used as colocalization evidence	relevant_tissues
rs11870660	CAT-STROKE	POSITIVE_DIRECTION_CONCORDANT	GTEx_v8	gtex_v8	chr17_17973782_C_T_b38	Muscle_Skeletal	ATPAF2	ENSG00000171953.15	1.22473e-05	0.108651	LOOKUP_RETURNED	2026-09-21	GTEx v8 API; raw p-values are descriptive and not used as colocalization evidence	relevant_tissues
rs11870660	CAT-STROKE	POSITIVE_DIRECTION_CONCORDANT	GTEx_v8	gtex_v8	chr17_17973782_C_T_b38	Muscle_Skeletal	ALKBH5	ENSG00000091542.8	2.61906e-05	-0.0926018	LOOKUP_RETURNED	2026-09-21	GTEx v8 API; raw p-values are descriptive and not used as colocalization evidence	relevant_tissues
rs11870660	CAT-STROKE	POSITIVE_DIRECTION_CONCORDANT	GTEx_v8	gtex_v8	chr17_17973782_C_T_b38	Muscle_Skeletal	MIEF2	ENSG00000177427.12	0.000200428	-0.076838	LOOKUP_RETURNED	2026-09-21	GTEx v8 API; raw p-values are descriptive and not used as colocalization evidence	relevant_tissues
rs11870660	CAT-STROKE	POSITIVE_DIRECTION_CONCORDANT	GTEx_v8	gtex_v8	chr17_17973782_C_T_b38	Muscle_Skeletal	TRIM16L	ENSG00000108448.20	9.28287e-05	0.152931	LOOKUP_RETURNED	2026-09-21	GTEx v8 API; raw p-values are descriptive and not used as colocalization evidence	relevant_tissues
rs11870660	CAT-STROKE	POSITIVE_DIRECTION_CONCORDANT	GTEx_v8	gtex_v8	chr17_17973782_C_T_b38	Heart_Atrial_Appendage	RP1-253P7.4	ENSG00000197815.4	4.97403e-08	-0.164601	LOOKUP_RETURNED	2026-09-21	GTEx v8 API; raw p-values are descriptive and not used as colocalization evidence	relevant_tissues
rs11870660	CAT-STROKE	POSITIVE_DIRECTION_CONCORDANT	GTEx_v8	gtex_v8	chr17_17973782_C_T_b38	Heart_Atrial_Appendage	ATPAF2	ENSG00000171953.15	3.23458e-06	0.134469	LOOKUP_RETURNED	2026-09-21	GTEx v8 API; raw p-values are descriptive and not used as colocalization evidence	relevant_tissues
rs11870660	CAT-STROKE	POSITIVE_DIRECTION_CONCORDANT	GTEx_v8	gtex_v8	chr17_17973782_C_T_b38	Whole_Blood	SREBF1	ENSG00000072310.16	2.9519100000000004e-23	-0.324937	LOOKUP_RETURNED	2026-09-21	GTEx v8 API; raw p-values are descriptive and not used as colocalization evidence	relevant_tissues
rs11870660	CAT-STROKE	POSITIVE_DIRECTION_CONCORDANT	GTEx_v8	gtex_v8	chr17_17973782_C_T_b38	Whole_Blood	TOM1L2	ENSG00000175662.17	1.3491e-07	-0.115667	LOOKUP_RETURNED	2026-09-21	GTEx v8 API; raw p-values are descriptive and not used as colocalization evidence	relevant_tissues
rs11870660	CAT-STROKE	POSITIVE_DIRECTION_CONCORDANT	GTEx_v8	gtex_v8	chr17_17973782_C_T_b38	Artery_Tibial	SREBF1	ENSG00000072310.16	5.30164e-06	0.167361	LOOKUP_RETURNED	2026-09-21	GTEx v8 API; raw p-values are descriptive and not used as colocalization evidence	relevant_tissues
rs11870660	CAT-STROKE	POSITIVE_DIRECTION_CONCORDANT	GTEx_v8	gtex_v8	chr17_17973782_C_T_b38	Artery_Tibial	RP1-253P7.4	ENSG00000197815.4	2.6172000000000002e-27	-0.310349	LOOKUP_RETURNED	2026-09-21	GTEx v8 API; raw p-values are descriptive and not used as colocalization evidence	relevant_tissues
rs11870660	CAT-STROKE	POSITIVE_DIRECTION_CONCORDANT	GTEx_v8	gtex_v8	chr17_17973782_C_T_b38	Artery_Tibial	TOM1L2	ENSG00000175662.17	2.74123e-17	-0.164447	LOOKUP_RETURNED	2026-09-21	GTEx v8 API; raw p-values are descriptive and not used as colocalization evidence	relevant_tissues
rs11870660	CAT-STROKE	POSITIVE_DIRECTION_CONCORDANT	GTEx_v8	gtex_v8	chr17_17973782_C_T_b38	Artery_Tibial	DRC3	ENSG00000171962.17	2.32354e-05	0.171693	LOOKUP_RETURNED	2026-09-21	GTEx v8 API; raw p-values are descriptive and not used as colocalization evidence	relevant_tissues
rs11870660	CAT-STROKE	POSITIVE_DIRECTION_CONCORDANT	GTEx_v8	gtex_v8	chr17_17973782_C_T_b38	Nerve_Tibial	TOM1L2	ENSG00000175662.17	8.1484e-16	-0.160629	LOOKUP_RETURNED	2026-09-21	GTEx v8 API; raw p-values are descriptive and not used as colocalization evidence	relevant_tissues
rs11870660	CAT-STROKE	POSITIVE_DIRECTION_CONCORDANT	GTEx_v8	gtex_v8	chr17_17973782_C_T_b38	Skin_Sun_Exposed_Lower_leg	DRC3	ENSG00000171962.17	8.1261e-05	0.145493	LOOKUP_RETURNED	2026-09-21	GTEx v8 API; raw p-values are descriptive and not used as colocalization evidence	relevant_tissues
rs11870660	CAT-STROKE	POSITIVE_DIRECTION_CONCORDANT	GTEx_v8	gtex_v8	chr17_17973782_C_T_b38	Skin_Sun_Exposed_Lower_leg	ATPAF2	ENSG00000171953.15	2.96073e-05	0.106332	LOOKUP_RETURNED	2026-09-21	GTEx v8 API; raw p-values are descriptive and not used as colocalization evidence	relevant_tissues
rs11870660	CAT-STROKE	POSITIVE_DIRECTION_CONCORDANT	GTEx_v8	gtex_v8	chr17_17973782_C_T_b38	Artery_Aorta	RP1-253P7.4	ENSG00000197815.4	9.34448e-21	-0.394008	LOOKUP_RETURNED	2026-09-21	GTEx v8 API; raw p-values are descriptive and not used as colocalization evidence	relevant_tissues
rs11870660	CAT-STROKE	POSITIVE_DIRECTION_CONCORDANT	GTEx_v8	gtex_v8	chr17_17973782_C_T_b38	Artery_Aorta	TOM1L2	ENSG00000175662.17	2.42895e-10	-0.222009	LOOKUP_RETURNED	2026-09-21	GTEx v8 API; raw p-values are descriptive and not used as colocalization evidence	relevant_tissues
rs11870660	CAT-STROKE	POSITIVE_DIRECTION_CONCORDANT	GTEx_v8	gtex_v8	chr17_17973782_C_T_b38	Spleen	TOM1L2	ENSG00000175662.17	1.82502e-05	-0.169519	LOOKUP_RETURNED	2026-09-21	GTEx v8 API; raw p-values are descriptive and not used as colocalization evidence	relevant_tissues
rs11870660	CAT-STROKE	POSITIVE_DIRECTION_CONCORDANT	GTEx_v8	gtex_v8	chr17_17973782_C_T_b38	Brain_Cerebellar_Hemisphere	TOM1L2	ENSG00000175662.17	1.4122e-05	-0.179507	LOOKUP_RETURNED	2026-09-21	GTEx v8 API; raw p-values are descriptive and not used as colocalization evidence	relevant_tissues
rs11870660	CAT-STROKE	POSITIVE_DIRECTION_CONCORDANT	GTEx_v8	gtex_v8	chr17_17973782_C_T_b38	Brain_Cerebellar_Hemisphere	DRC3	ENSG00000171962.17	5.02502e-06	0.35961	LOOKUP_RETURNED	2026-09-21	GTEx v8 API; raw p-values are descriptive and not used as colocalization evidence	relevant_tissues
rs11870660	CAT-STROKE	POSITIVE_DIRECTION_CONCORDANT	GTEx_v8	gtex_v8	chr17_17973782_C_T_b38	Brain_Cerebellum	RP11-524F11.1	ENSG00000265511.1	4.28173e-05	-0.266995	LOOKUP_RETURNED	2026-09-21	GTEx v8 API; raw p-values are descriptive and not used as colocalization evidence	relevant_tissues
rs11870660	CAT-STROKE	POSITIVE_DIRECTION_CONCORDANT	GTEx_v8	gtex_v8	chr17_17973782_C_T_b38	Brain_Cerebellum	SMCR5	ENSG00000226746.2	4.05706e-06	-0.389169	LOOKUP_RETURNED	2026-09-21	GTEx v8 API; raw p-values are descriptive and not used as colocalization evidence	relevant_tissues
rs11870660	CAT-STROKE	POSITIVE_DIRECTION_CONCORDANT	GTEx_v8	gtex_v8	chr17_17973782_C_T_b38	Brain_Cerebellum	RP1-253P7.4	ENSG00000197815.4	8.95547e-05	-0.200588	LOOKUP_RETURNED	2026-09-21	GTEx v8 API; raw p-values are descriptive and not used as colocalization evidence	relevant_tissues
rs11870660	CAT-STROKE	POSITIVE_DIRECTION_CONCORDANT	GTEx_v8	gtex_v8	chr17_17973782_C_T_b38	Brain_Cerebellum	TOM1L2	ENSG00000175662.17	4.38174e-05	-0.182919	LOOKUP_RETURNED	2026-09-21	GTEx v8 API; raw p-values are descriptive and not used as colocalization evidence	relevant_tissues
rs11870660	CAT-STROKE	POSITIVE_DIRECTION_CONCORDANT	GTEx_v8	gtex_v8	chr17_17973782_C_T_b38	Brain_Cerebellum	DRC3	ENSG00000171962.17	0.000106634	0.276781	LOOKUP_RETURNED	2026-09-21	GTEx v8 API; raw p-values are descriptive and not used as colocalization evidence	relevant_tissues
rs11870660	CAT-STROKE	POSITIVE_DIRECTION_CONCORDANT	GTEx_v8	gtex_v8	chr17_17973782_C_T_b38	Adipose_Visceral_Omentum	RP1-253P7.4	ENSG00000197815.4	3.35258e-12	-0.234794	LOOKUP_RETURNED	2026-09-21	GTEx v8 API; raw p-values are descriptive and not used as colocalization evidence	relevant_tissues
rs11870660	CAT-STROKE	POSITIVE_DIRECTION_CONCORDANT	GTEx_v8	gtex_v8	chr17_17973782_C_T_b38	Adipose_Visceral_Omentum	TOM1L2	ENSG00000175662.17	9.365e-18	-0.210483	LOOKUP_RETURNED	2026-09-21	GTEx v8 API; raw p-values are descriptive and not used as colocalization evidence	relevant_tissues
rs11870660	CAT-STROKE	POSITIVE_DIRECTION_CONCORDANT	GTEx_v8	gtex_v8	chr17_17973782_C_T_b38	Adipose_Visceral_Omentum	ATPAF2	ENSG00000171953.15	1.71024e-05	0.144581	LOOKUP_RETURNED	2026-09-21	GTEx v8 API; raw p-values are descriptive and not used as colocalization evidence	relevant_tissues
rs11870660	CAT-STROKE	POSITIVE_DIRECTION_CONCORDANT	GTEx_v8	gtex_v8	chr17_17973782_C_T_b38	Adipose_Subcutaneous	RP1-253P7.4	ENSG00000197815.4	4.59183e-17	-0.276799	LOOKUP_RETURNED	2026-09-21	GTEx v8 API; raw p-values are descriptive and not used as colocalization evidence	relevant_tissues
rs11870660	CAT-STROKE	POSITIVE_DIRECTION_CONCORDANT	GTEx_v8	gtex_v8	chr17_17973782_C_T_b38	Adipose_Subcutaneous	TOM1L2	ENSG00000175662.17	1.28897e-22	-0.231751	LOOKUP_RETURNED	2026-09-21	GTEx v8 API; raw p-values are descriptive and not used as colocalization evidence	relevant_tissues
rs11870660	CAT-STROKE	POSITIVE_DIRECTION_CONCORDANT	GTEx_v8	gtex_v8	chr17_17973782_C_T_b38	Pancreas	DRC3	ENSG00000171962.17	2.37162e-06	0.252607	LOOKUP_RETURNED	2026-09-21	GTEx v8 API; raw p-values are descriptive and not used as colocalization evidence	relevant_tissues
rs11870660	CAT-STROKE	POSITIVE_DIRECTION_CONCORDANT	EyeGEx/retina								NOT_ASSESSED_STABLE_PUBLIC_API_NOT_CONFIGURED	2026-09-21	Optional retina xQTL lookup; no stable endpoint was used in this reproducible workflow	optional_source_status
rs11904510	AMD-T2D	NEGATIVE_DIRECTION_CONCORDANT	GTEx_v8	gtex_v8	chr2_43570571_G_A_b38	Nerve_Tibial	C1GALT1C1L	ENSG00000223658.7	3.51597e-05	-0.216066	LOOKUP_RETURNED	2026-09-21	GTEx v8 API; raw p-values are descriptive and not used as colocalization evidence	relevant_tissues
rs11904510	AMD-T2D	NEGATIVE_DIRECTION_CONCORDANT	EyeGEx/retina								NOT_ASSESSED_STABLE_PUBLIC_API_NOT_CONFIGURED	2026-09-21	Optional retina xQTL lookup; no stable endpoint was used in this reproducible workflow	optional_source_status
rs12828640	AMD-CAD	POSITIVE_DIRECTION_CONCORDANT	GTEx_v8	gtex_v8	chr12_110923494_A_G_b38	Heart_Left_Ventricle	LINC01405	ENSG00000185847.7	7.00377e-12	-0.293719	LOOKUP_RETURNED	2026-09-21	GTEx v8 API; raw p-values are descriptive and not used as colocalization evidence	relevant_tissues
rs12828640	AMD-CAD	POSITIVE_DIRECTION_CONCORDANT	GTEx_v8	gtex_v8	chr12_110923494_A_G_b38	Muscle_Skeletal	LINC01405	ENSG00000185847.7	8.62168e-36	-0.259679	LOOKUP_RETURNED	2026-09-21	GTEx v8 API; raw p-values are descriptive and not used as colocalization evidence	relevant_tissues
rs12828640	AMD-CAD	POSITIVE_DIRECTION_CONCORDANT	GTEx_v8	gtex_v8	chr12_110923494_A_G_b38	Muscle_Skeletal	RP1-46F2.3	ENSG00000258240.5	1.09202e-05	0.104179	LOOKUP_RETURNED	2026-09-21	GTEx v8 API; raw p-values are descriptive and not used as colocalization evidence	relevant_tissues
rs12828640	AMD-CAD	POSITIVE_DIRECTION_CONCORDANT	GTEx_v8	gtex_v8	chr12_110923494_A_G_b38	Muscle_Skeletal	CUX2	ENSG00000111249.13	1.93147e-09	0.221192	LOOKUP_RETURNED	2026-09-21	GTEx v8 API; raw p-values are descriptive and not used as colocalization evidence	relevant_tissues
rs12828640	AMD-CAD	POSITIVE_DIRECTION_CONCORDANT	GTEx_v8	gtex_v8	chr12_110923494_A_G_b38	Muscle_Skeletal	MAPKAPK5	ENSG00000089022.13	0.000287176	-0.096009	LOOKUP_RETURNED	2026-09-21	GTEx v8 API; raw p-values are descriptive and not used as colocalization evidence	relevant_tissues
rs12828640	AMD-CAD	POSITIVE_DIRECTION_CONCORDANT	GTEx_v8	gtex_v8	chr12_110923494_A_G_b38	Skin_Sun_Exposed_Lower_leg	ALDH2	ENSG00000111275.12	0.000320851	-0.0941423	LOOKUP_RETURNED	2026-09-21	GTEx v8 API; raw p-values are descriptive and not used as colocalization evidence	relevant_tissues
rs12828640	AMD-CAD	POSITIVE_DIRECTION_CONCORDANT	EyeGEx/retina								NOT_ASSESSED_STABLE_PUBLIC_API_NOT_CONFIGURED	2026-09-21	Optional retina xQTL lookup; no stable endpoint was used in this reproducible workflow	optional_source_status
rs12936927	CAT-CKD	NEGATIVE_DIRECTION_CONCORDANT	GTEx_v8	gtex_v8							OK	2026-09-21	GTEx API variant identifier lookup	relevant_tissues
rs140750546	CAT-AD	POSITIVE_DIRECTION_CONCORDANT	GTEx_v8	gtex_v8	chr2_202999013_C_T_b38	Skin_Not_Sun_Exposed_Suprapubic	ICA1L	ENSG00000163596.16	6.00901e-16	0.352003	LOOKUP_RETURNED	2026-09-21	GTEx v8 API; raw p-values are descriptive and not used as colocalization evidence	relevant_tissues
rs140750546	CAT-AD	POSITIVE_DIRECTION_CONCORDANT	GTEx_v8	gtex_v8	chr2_202999013_C_T_b38	Skin_Not_Sun_Exposed_Suprapubic	CARF	ENSG00000138380.17	3.25252e-15	-0.281692	LOOKUP_RETURNED	2026-09-21	GTEx v8 API; raw p-values are descriptive and not used as colocalization evidence	relevant_tissues
rs140750546	CAT-AD	POSITIVE_DIRECTION_CONCORDANT	GTEx_v8	gtex_v8	chr2_202999013_C_T_b38	Skin_Not_Sun_Exposed_Suprapubic	NBEAL1	ENSG00000144426.18	3.68337e-18	-0.35721	LOOKUP_RETURNED	2026-09-21	GTEx v8 API; raw p-values are descriptive and not used as colocalization evidence	relevant_tissues
rs140750546	CAT-AD	POSITIVE_DIRECTION_CONCORDANT	GTEx_v8	gtex_v8	chr2_202999013_C_T_b38	Brain_Nucleus_accumbens_basal_ganglia	WDR12	ENSG00000138442.9	9.58359e-05	-0.158604	LOOKUP_RETURNED	2026-09-21	GTEx v8 API; raw p-values are descriptive and not used as colocalization evidence	relevant_tissues
rs140750546	CAT-AD	POSITIVE_DIRECTION_CONCORDANT	GTEx_v8	gtex_v8	chr2_202999013_C_T_b38	Brain_Cortex	ICA1L	ENSG00000163596.16	6.26537e-06	-0.241288	LOOKUP_RETURNED	2026-09-21	GTEx v8 API; raw p-values are descriptive and not used as colocalization evidence	relevant_tissues
rs140750546	CAT-AD	POSITIVE_DIRECTION_CONCORDANT	GTEx_v8	gtex_v8	chr2_202999013_C_T_b38	Artery_Coronary	NBEAL1	ENSG00000144426.18	5.20425e-14	-0.539857	LOOKUP_RETURNED	2026-09-21	GTEx v8 API; raw p-values are descriptive and not used as colocalization evidence	relevant_tissues
rs140750546	CAT-AD	POSITIVE_DIRECTION_CONCORDANT	GTEx_v8	gtex_v8	chr2_202999013_C_T_b38	Muscle_Skeletal	ICA1L	ENSG00000163596.16	3.85285e-27	0.473105	LOOKUP_RETURNED	2026-09-21	GTEx v8 API; raw p-values are descriptive and not used as colocalization evidence	relevant_tissues
rs140750546	CAT-AD	POSITIVE_DIRECTION_CONCORDANT	GTEx_v8	gtex_v8	chr2_202999013_C_T_b38	Muscle_Skeletal	CARF	ENSG00000138380.17	8.9629e-09	-0.188204	LOOKUP_RETURNED	2026-09-21	GTEx v8 API; raw p-values are descriptive and not used as colocalization evidence	relevant_tissues
rs140750546	CAT-AD	POSITIVE_DIRECTION_CONCORDANT	GTEx_v8	gtex_v8	chr2_202999013_C_T_b38	Muscle_Skeletal	NBEAL1	ENSG00000144426.18	7.3766e-05	-0.173286	LOOKUP_RETURNED	2026-09-21	GTEx v8 API; raw p-values are descriptive and not used as colocalization evidence	relevant_tissues
rs140750546	CAT-AD	POSITIVE_DIRECTION_CONCORDANT	GTEx_v8	gtex_v8	chr2_202999013_C_T_b38	Heart_Atrial_Appendage	CARF	ENSG00000138380.17	7.35731e-06	-0.208787	LOOKUP_RETURNED	2026-09-21	GTEx v8 API; raw p-values are descriptive and not used as colocalization evidence	relevant_tissues
rs140750546	CAT-AD	POSITIVE_DIRECTION_CONCORDANT	GTEx_v8	gtex_v8	chr2_202999013_C_T_b38	Whole_Blood	FAM117B	ENSG00000138439.11	2.56573e-10	-0.285431	LOOKUP_RETURNED	2026-09-21	GTEx v8 API; raw p-values are descriptive and not used as colocalization evidence	relevant_tissues
rs140750546	CAT-AD	POSITIVE_DIRECTION_CONCORDANT	GTEx_v8	gtex_v8	chr2_202999013_C_T_b38	Whole_Blood	CARF	ENSG00000138380.17	2.74116e-05	-0.149242	LOOKUP_RETURNED	2026-09-21	GTEx v8 API; raw p-values are descriptive and not used as colocalization evidence	relevant_tissues
rs140750546	CAT-AD	POSITIVE_DIRECTION_CONCORDANT	GTEx_v8	gtex_v8	chr2_202999013_C_T_b38	Artery_Tibial	FAM117B	ENSG00000138439.11	0.000247289	-0.155042	LOOKUP_RETURNED	2026-09-21	GTEx v8 API; raw p-values are descriptive and not used as colocalization evidence	relevant_tissues
rs140750546	CAT-AD	POSITIVE_DIRECTION_CONCORDANT	GTEx_v8	gtex_v8	chr2_202999013_C_T_b38	Artery_Tibial	ICA1L	ENSG00000163596.16	3.54094e-09	0.22803	LOOKUP_RETURNED	2026-09-21	GTEx v8 API; raw p-values are descriptive and not used as colocalization evidence	relevant_tissues
rs140750546	CAT-AD	POSITIVE_DIRECTION_CONCORDANT	GTEx_v8	gtex_v8	chr2_202999013_C_T_b38	Artery_Tibial	CARF	ENSG00000138380.17	7.18413e-12	-0.190341	LOOKUP_RETURNED	2026-09-21	GTEx v8 API; raw p-values are descriptive and not used as colocalization evidence	relevant_tissues
rs140750546	CAT-AD	POSITIVE_DIRECTION_CONCORDANT	GTEx_v8	gtex_v8	chr2_202999013_C_T_b38	Artery_Tibial	NBEAL1	ENSG00000144426.18	4.25032e-64	-0.647422	LOOKUP_RETURNED	2026-09-21	GTEx v8 API; raw p-values are descriptive and not used as colocalization evidence	relevant_tissues
rs140750546	CAT-AD	POSITIVE_DIRECTION_CONCORDANT	GTEx_v8	gtex_v8	chr2_202999013_C_T_b38	Nerve_Tibial	ICA1L	ENSG00000163596.16	1.71941e-19	0.257756	LOOKUP_RETURNED	2026-09-21	GTEx v8 API; raw p-values are descriptive and not used as colocalization evidence	relevant_tissues
rs140750546	CAT-AD	POSITIVE_DIRECTION_CONCORDANT	GTEx_v8	gtex_v8	chr2_202999013_C_T_b38	Nerve_Tibial	CARF	ENSG00000138380.17	1.58031e-11	-0.206183	LOOKUP_RETURNED	2026-09-21	GTEx v8 API; raw p-values are descriptive and not used as colocalization evidence	relevant_tissues
rs140750546	CAT-AD	POSITIVE_DIRECTION_CONCORDANT	GTEx_v8	gtex_v8	chr2_202999013_C_T_b38	Nerve_Tibial	NBEAL1	ENSG00000144426.18	1.08543e-15	-0.289516	LOOKUP_RETURNED	2026-09-21	GTEx v8 API; raw p-values are descriptive and not used as colocalization evidence	relevant_tissues
rs140750546	CAT-AD	POSITIVE_DIRECTION_CONCORDANT	GTEx_v8	gtex_v8	chr2_202999013_C_T_b38	Skin_Sun_Exposed_Lower_leg	ICA1L	ENSG00000163596.16	1.39571e-12	0.248691	LOOKUP_RETURNED	2026-09-21	GTEx v8 API; raw p-values are descriptive and not used as colocalization evidence	relevant_tissues
rs140750546	CAT-AD	POSITIVE_DIRECTION_CONCORDANT	GTEx_v8	gtex_v8	chr2_202999013_C_T_b38	Skin_Sun_Exposed_Lower_leg	CARF	ENSG00000138380.17	4.36324e-12	-0.224403	LOOKUP_RETURNED	2026-09-21	GTEx v8 API; raw p-values are descriptive and not used as colocalization evidence	relevant_tissues
rs140750546	CAT-AD	POSITIVE_DIRECTION_CONCORDANT	GTEx_v8	gtex_v8	chr2_202999013_C_T_b38	Skin_Sun_Exposed_Lower_leg	NBEAL1	ENSG00000144426.18	8.59006e-09	-0.218319	LOOKUP_RETURNED	2026-09-21	GTEx v8 API; raw p-values are descriptive and not used as colocalization evidence	relevant_tissues
rs140750546	CAT-AD	POSITIVE_DIRECTION_CONCORDANT	GTEx_v8	gtex_v8	chr2_202999013_C_T_b38	Artery_Aorta	FAM117B	ENSG00000138439.11	7.67153e-08	-0.294043	LOOKUP_RETURNED	2026-09-21	GTEx v8 API; raw p-values are descriptive and not used as colocalization evidence	relevant_tissues
rs140750546	CAT-AD	POSITIVE_DIRECTION_CONCORDANT	GTEx_v8	gtex_v8	chr2_202999013_C_T_b38	Artery_Aorta	NBEAL1	ENSG00000144426.18	7.78803e-49	-0.719165	LOOKUP_RETURNED	2026-09-21	GTEx v8 API; raw p-values are descriptive and not used as colocalization evidence	relevant_tissues
rs140750546	CAT-AD	POSITIVE_DIRECTION_CONCORDANT	GTEx_v8	gtex_v8	chr2_202999013_C_T_b38	Spleen	FAM117B	ENSG00000138439.11	1.51371e-06	-0.387435	LOOKUP_RETURNED	2026-09-21	GTEx v8 API; raw p-values are descriptive and not used as colocalization evidence	relevant_tissues
rs140750546	CAT-AD	POSITIVE_DIRECTION_CONCORDANT	GTEx_v8	gtex_v8	chr2_202999013_C_T_b38	Brain_Frontal_Cortex_BA9	ICA1L	ENSG00000163596.16	1.6549e-06	-0.241619	LOOKUP_RETURNED	2026-09-21	GTEx v8 API; raw p-values are descriptive and not used as colocalization evidence	relevant_tissues
rs140750546	CAT-AD	POSITIVE_DIRECTION_CONCORDANT	GTEx_v8	gtex_v8	chr2_202999013_C_T_b38	Adipose_Visceral_Omentum	CARF	ENSG00000138380.17	1.95022e-06	-0.146819	LOOKUP_RETURNED	2026-09-21	GTEx v8 API; raw p-values are descriptive and not used as colocalization evidence	relevant_tissues
rs140750546	CAT-AD	POSITIVE_DIRECTION_CONCORDANT	GTEx_v8	gtex_v8	chr2_202999013_C_T_b38	Adipose_Visceral_Omentum	NBEAL1	ENSG00000144426.18	1.04391e-09	-0.281488	LOOKUP_RETURNED	2026-09-21	GTEx v8 API; raw p-values are descriptive and not used as colocalization evidence	relevant_tissues
rs140750546	CAT-AD	POSITIVE_DIRECTION_CONCORDANT	GTEx_v8	gtex_v8	chr2_202999013_C_T_b38	Adipose_Subcutaneous	FAM117B	ENSG00000138439.11	2.2233e-05	-0.208032	LOOKUP_RETURNED	2026-09-21	GTEx v8 API; raw p-values are descriptive and not used as colocalization evidence	relevant_tissues
rs140750546	CAT-AD	POSITIVE_DIRECTION_CONCORDANT	GTEx_v8	gtex_v8	chr2_202999013_C_T_b38	Adipose_Subcutaneous	ICA1L	ENSG00000163596.16	8.76669e-11	0.253235	LOOKUP_RETURNED	2026-09-21	GTEx v8 API; raw p-values are descriptive and not used as colocalization evidence	relevant_tissues
rs140750546	CAT-AD	POSITIVE_DIRECTION_CONCORDANT	GTEx_v8	gtex_v8	chr2_202999013_C_T_b38	Adipose_Subcutaneous	CARF	ENSG00000138380.17	1.51612e-17	-0.293298	LOOKUP_RETURNED	2026-09-21	GTEx v8 API; raw p-values are descriptive and not used as colocalization evidence	relevant_tissues
rs140750546	CAT-AD	POSITIVE_DIRECTION_CONCORDANT	GTEx_v8	gtex_v8	chr2_202999013_C_T_b38	Adipose_Subcutaneous	NBEAL1	ENSG00000144426.18	1.57643e-19	-0.31858	LOOKUP_RETURNED	2026-09-21	GTEx v8 API; raw p-values are descriptive and not used as colocalization evidence	relevant_tissues
rs140750546	CAT-AD	POSITIVE_DIRECTION_CONCORDANT	GTEx_v8	gtex_v8	chr2_202999013_C_T_b38	Pancreas	ICA1L	ENSG00000163596.16	3.72997e-13	0.450239	LOOKUP_RETURNED	2026-09-21	GTEx v8 API; raw p-values are descriptive and not used as colocalization evidence	relevant_tissues
rs140750546	CAT-AD	POSITIVE_DIRECTION_CONCORDANT	GTEx_v8	gtex_v8	chr2_202999013_C_T_b38	Pancreas	CARF	ENSG00000138380.17	0.000179088	-0.244732	LOOKUP_RETURNED	2026-09-21	GTEx v8 API; raw p-values are descriptive and not used as colocalization evidence	relevant_tissues
rs140750546	CAT-AD	POSITIVE_DIRECTION_CONCORDANT	EyeGEx/retina								NOT_ASSESSED_STABLE_PUBLIC_API_NOT_CONFIGURED	2026-09-21	Optional retina xQTL lookup; no stable endpoint was used in this reproducible workflow	optional_source_status
rs1509946	CAT-T2D	NEGATIVE_DIRECTION_CONCORDANT	GTEx_v8	gtex_v8	chr4_94187927_G_T_b38						NO_RELEVANT_TISSUE_RECORD	2026-09-21	GTEx v8 API; relevant tissues filtered descriptively	relevant_tissues
rs1509946	CAT-T2D	NEGATIVE_DIRECTION_CONCORDANT	EyeGEx/retina								NOT_ASSESSED_STABLE_PUBLIC_API_NOT_CONFIGURED	2026-09-21	Optional retina xQTL lookup; no stable endpoint was used in this reproducible workflow	optional_source_status
rs1549723	AMD-T2D	NEGATIVE_DIRECTION_CONCORDANT	GTEx_v8	gtex_v8	chr2_43233375_C_A_b38	Skin_Not_Sun_Exposed_Suprapubic	AC010883.5	ENSG00000234936.1	6.74393e-09	0.321175	LOOKUP_RETURNED	2026-09-21	GTEx v8 API; raw p-values are descriptive and not used as colocalization evidence	relevant_tissues
rs1549723	AMD-T2D	NEGATIVE_DIRECTION_CONCORDANT	GTEx_v8	gtex_v8	chr2_43233375_C_A_b38	Whole_Blood	AC010883.5	ENSG00000234936.1	1.66402e-05	0.142995	LOOKUP_RETURNED	2026-09-21	GTEx v8 API; raw p-values are descriptive and not used as colocalization evidence	relevant_tissues
rs1549723	AMD-T2D	NEGATIVE_DIRECTION_CONCORDANT	GTEx_v8	gtex_v8	chr2_43233375_C_A_b38	Artery_Tibial	PLEKHH2	ENSG00000152527.13	5.43055e-06	0.191014	LOOKUP_RETURNED	2026-09-21	GTEx v8 API; raw p-values are descriptive and not used as colocalization evidence	relevant_tissues
rs1549723	AMD-T2D	NEGATIVE_DIRECTION_CONCORDANT	GTEx_v8	gtex_v8	chr2_43233375_C_A_b38	Nerve_Tibial	ZFP36L2	ENSG00000152518.7	4.69664e-05	-0.151869	LOOKUP_RETURNED	2026-09-21	GTEx v8 API; raw p-values are descriptive and not used as colocalization evidence	relevant_tissues
rs1549723	AMD-T2D	NEGATIVE_DIRECTION_CONCORDANT	GTEx_v8	gtex_v8	chr2_43233375_C_A_b38	Nerve_Tibial	LINC01126	ENSG00000279873.2	1.02235e-05	0.181258	LOOKUP_RETURNED	2026-09-21	GTEx v8 API; raw p-values are descriptive and not used as colocalization evidence	relevant_tissues
rs1549723	AMD-T2D	NEGATIVE_DIRECTION_CONCORDANT	GTEx_v8	gtex_v8	chr2_43233375_C_A_b38	Skin_Sun_Exposed_Lower_leg	LINC01126	ENSG00000279873.2	5.56911e-09	0.235349	LOOKUP_RETURNED	2026-09-21	GTEx v8 API; raw p-values are descriptive and not used as colocalization evidence	relevant_tissues
rs1549723	AMD-T2D	NEGATIVE_DIRECTION_CONCORDANT	GTEx_v8	gtex_v8	chr2_43233375_C_A_b38	Skin_Sun_Exposed_Lower_leg	AC010883.5	ENSG00000234936.1	5.52539e-08	0.252721	LOOKUP_RETURNED	2026-09-21	GTEx v8 API; raw p-values are descriptive and not used as colocalization evidence	relevant_tissues
rs1549723	AMD-T2D	NEGATIVE_DIRECTION_CONCORDANT	GTEx_v8	gtex_v8	chr2_43233375_C_A_b38	Artery_Aorta	PLEKHH2	ENSG00000152527.13	5.05706e-07	0.219835	LOOKUP_RETURNED	2026-09-21	GTEx v8 API; raw p-values are descriptive and not used as colocalization evidence	relevant_tissues
rs1549723	AMD-T2D	NEGATIVE_DIRECTION_CONCORDANT	GTEx_v8	gtex_v8	chr2_43233375_C_A_b38	Spleen	AC010883.5	ENSG00000234936.1	2.4578e-05	0.281897	LOOKUP_RETURNED	2026-09-21	GTEx v8 API; raw p-values are descriptive and not used as colocalization evidence	relevant_tissues
rs1549723	AMD-T2D	NEGATIVE_DIRECTION_CONCORDANT	GTEx_v8	gtex_v8	chr2_43233375_C_A_b38	Adipose_Subcutaneous	AC010883.5	ENSG00000234936.1	2.90538e-06	0.242094	LOOKUP_RETURNED	2026-09-21	GTEx v8 API; raw p-values are descriptive and not used as colocalization evidence	relevant_tissues
rs1549723	AMD-T2D	NEGATIVE_DIRECTION_CONCORDANT	EyeGEx/retina								NOT_ASSESSED_STABLE_PUBLIC_API_NOT_CONFIGURED	2026-09-21	Optional retina xQTL lookup; no stable endpoint was used in this reproducible workflow	optional_source_status
rs1617502	CAT-AD	NEGATIVE_DIRECTION_CONCORDANT	GTEx_v8	gtex_v8	chr7_100212212_C_T_b38	Heart_Left_Ventricle	PILRB	ENSG00000121716.20	4.14079e-05	0.169481	LOOKUP_RETURNED	2026-09-21	GTEx v8 API; raw p-values are descriptive and not used as colocalization evidence	relevant_tissues
rs1617502	CAT-AD	NEGATIVE_DIRECTION_CONCORDANT	GTEx_v8	gtex_v8	chr7_100212212_C_T_b38	Heart_Left_Ventricle	PILRA	ENSG00000085514.15	1.78968e-06	0.31607	LOOKUP_RETURNED	2026-09-21	GTEx v8 API; raw p-values are descriptive and not used as colocalization evidence	relevant_tissues
rs1617502	CAT-AD	NEGATIVE_DIRECTION_CONCORDANT	GTEx_v8	gtex_v8	chr7_100212212_C_T_b38	Brain_Putamen_basal_ganglia	STAG3	ENSG00000066923.17	6.45328e-12	-0.39359	LOOKUP_RETURNED	2026-09-21	GTEx v8 API; raw p-values are descriptive and not used as colocalization evidence	relevant_tissues
rs1617502	CAT-AD	NEGATIVE_DIRECTION_CONCORDANT	GTEx_v8	gtex_v8	chr7_100212212_C_T_b38	Brain_Putamen_basal_ganglia	PVRIG	ENSG00000213413.2	3.71216e-14	-0.598104	LOOKUP_RETURNED	2026-09-21	GTEx v8 API; raw p-values are descriptive and not used as colocalization evidence	relevant_tissues
rs1617502	CAT-AD	NEGATIVE_DIRECTION_CONCORDANT	GTEx_v8	gtex_v8	chr7_100212212_C_T_b38	Brain_Putamen_basal_ganglia	GATS	ENSG00000239521.7	9.97275e-06	-0.230949	LOOKUP_RETURNED	2026-09-21	GTEx v8 API; raw p-values are descriptive and not used as colocalization evidence	relevant_tissues
rs1617502	CAT-AD	NEGATIVE_DIRECTION_CONCORDANT	GTEx_v8	gtex_v8	chr7_100212212_C_T_b38	Liver	STAG3L5P	ENSG00000242294.6	2.18085e-05	0.287479	LOOKUP_RETURNED	2026-09-21	GTEx v8 API; raw p-values are descriptive and not used as colocalization evidence	relevant_tissues
rs1617502	CAT-AD	NEGATIVE_DIRECTION_CONCORDANT	GTEx_v8	gtex_v8	chr7_100212212_C_T_b38	Liver	PILRB	ENSG00000121716.20	4.94648e-05	0.241058	LOOKUP_RETURNED	2026-09-21	GTEx v8 API; raw p-values are descriptive and not used as colocalization evidence	relevant_tissues
rs1617502	CAT-AD	NEGATIVE_DIRECTION_CONCORDANT	GTEx_v8	gtex_v8	chr7_100212212_C_T_b38	Skin_Not_Sun_Exposed_Suprapubic	TAF6	ENSG00000106290.14	0.000112743	0.114781	LOOKUP_RETURNED	2026-09-21	GTEx v8 API; raw p-values are descriptive and not used as colocalization evidence	relevant_tissues
rs1617502	CAT-AD	NEGATIVE_DIRECTION_CONCORDANT	GTEx_v8	gtex_v8	chr7_100212212_C_T_b38	Skin_Not_Sun_Exposed_Suprapubic	C7orf43	ENSG00000146826.16	6.02688e-08	0.134922	LOOKUP_RETURNED	2026-09-21	GTEx v8 API; raw p-values are descriptive and not used as colocalization evidence	relevant_tissues
rs1617502	CAT-AD	NEGATIVE_DIRECTION_CONCORDANT	GTEx_v8	gtex_v8	chr7_100212212_C_T_b38	Skin_Not_Sun_Exposed_Suprapubic	GPC2	ENSG00000213420.7	7.45047e-07	0.121226	LOOKUP_RETURNED	2026-09-21	GTEx v8 API; raw p-values are descriptive and not used as colocalization evidence	relevant_tissues
rs1617502	CAT-AD	NEGATIVE_DIRECTION_CONCORDANT	GTEx_v8	gtex_v8	chr7_100212212_C_T_b38	Skin_Not_Sun_Exposed_Suprapubic	STAG3	ENSG00000066923.17	1.694e-05	-0.17136	LOOKUP_RETURNED	2026-09-21	GTEx v8 API; raw p-values are descriptive and not used as colocalization evidence	relevant_tissues
rs1617502	CAT-AD	NEGATIVE_DIRECTION_CONCORDANT	GTEx_v8	gtex_v8	chr7_100212212_C_T_b38	Skin_Not_Sun_Exposed_Suprapubic	STAG3L5P	ENSG00000242294.6	1.47119e-07	0.232256	LOOKUP_RETURNED	2026-09-21	GTEx v8 API; raw p-values are descriptive and not used as colocalization evidence	relevant_tissues
rs1617502	CAT-AD	NEGATIVE_DIRECTION_CONCORDANT	GTEx_v8	gtex_v8	chr7_100212212_C_T_b38	Skin_Not_Sun_Exposed_Suprapubic	PILRB	ENSG00000121716.20	5.498e-08	0.233195	LOOKUP_RETURNED	2026-09-21	GTEx v8 API; raw p-values are descriptive and not used as colocalization evidence	relevant_tissues
rs1617502	CAT-AD	NEGATIVE_DIRECTION_CONCORDANT	GTEx_v8	gtex_v8	chr7_100212212_C_T_b38	Skin_Not_Sun_Exposed_Suprapubic	PILRA	ENSG00000085514.15	1.20329e-11	0.423605	LOOKUP_RETURNED	2026-09-21	GTEx v8 API; raw p-values are descriptive and not used as colocalization evidence	relevant_tissues
rs1617502	CAT-AD	NEGATIVE_DIRECTION_CONCORDANT	GTEx_v8	gtex_v8	chr7_100212212_C_T_b38	Brain_Amygdala	STAG3	ENSG00000066923.17	1.74204e-11	-0.442922	LOOKUP_RETURNED	2026-09-21	GTEx v8 API; raw p-values are descriptive and not used as colocalization evidence	relevant_tissues
rs1617502	CAT-AD	NEGATIVE_DIRECTION_CONCORDANT	GTEx_v8	gtex_v8	chr7_100212212_C_T_b38	Brain_Amygdala	PVRIG	ENSG00000213413.2	5.88197e-12	-0.669124	LOOKUP_RETURNED	2026-09-21	GTEx v8 API; raw p-values are descriptive and not used as colocalization evidence	relevant_tissues
rs1617502	CAT-AD	NEGATIVE_DIRECTION_CONCORDANT	GTEx_v8	gtex_v8	chr7_100212212_C_T_b38	Brain_Amygdala	GATS	ENSG00000239521.7	4.43613e-05	-0.238643	LOOKUP_RETURNED	2026-09-21	GTEx v8 API; raw p-values are descriptive and not used as colocalization evidence	relevant_tissues
rs1617502	CAT-AD	NEGATIVE_DIRECTION_CONCORDANT	GTEx_v8	gtex_v8	chr7_100212212_C_T_b38	Brain_Substantia_nigra	STAG3	ENSG00000066923.17	1.82565e-11	-0.453731	LOOKUP_RETURNED	2026-09-21	GTEx v8 API; raw p-values are descriptive and not used as colocalization evidence	relevant_tissues
rs1617502	CAT-AD	NEGATIVE_DIRECTION_CONCORDANT	GTEx_v8	gtex_v8	chr7_100212212_C_T_b38	Brain_Substantia_nigra	PVRIG	ENSG00000213413.2	2.34804e-08	-0.503468	LOOKUP_RETURNED	2026-09-21	GTEx v8 API; raw p-values are descriptive and not used as colocalization evidence	relevant_tissues
rs1617502	CAT-AD	NEGATIVE_DIRECTION_CONCORDANT	GTEx_v8	gtex_v8	chr7_100212212_C_T_b38	Brain_Substantia_nigra	GATS	ENSG00000239521.7	2.25113e-06	-0.395196	LOOKUP_RETURNED	2026-09-21	GTEx v8 API; raw p-values are descriptive and not used as colocalization evidence	relevant_tissues
rs1617502	CAT-AD	NEGATIVE_DIRECTION_CONCORDANT	GTEx_v8	gtex_v8	chr7_100212212_C_T_b38	Brain_Nucleus_accumbens_basal_ganglia	AP4M1	ENSG00000221838.9	2.86448e-09	-0.332685	LOOKUP_RETURNED	2026-09-21	GTEx v8 API; raw p-values are descriptive and not used as colocalization evidence	relevant_tissues
rs1617502	CAT-AD	NEGATIVE_DIRECTION_CONCORDANT	GTEx_v8	gtex_v8	chr7_100212212_C_T_b38	Brain_Nucleus_accumbens_basal_ganglia	CNPY4	ENSG00000166997.7	4.70054e-05	-0.202359	LOOKUP_RETURNED	2026-09-21	GTEx v8 API; raw p-values are descriptive and not used as colocalization evidence	relevant_tissues
rs1617502	CAT-AD	NEGATIVE_DIRECTION_CONCORDANT	GTEx_v8	gtex_v8	chr7_100212212_C_T_b38	Brain_Nucleus_accumbens_basal_ganglia	STAG3	ENSG00000066923.17	6.335e-19	-0.441225	LOOKUP_RETURNED	2026-09-21	GTEx v8 API; raw p-values are descriptive and not used as colocalization evidence	relevant_tissues
rs1617502	CAT-AD	NEGATIVE_DIRECTION_CONCORDANT	GTEx_v8	gtex_v8	chr7_100212212_C_T_b38	Brain_Nucleus_accumbens_basal_ganglia	PVRIG	ENSG00000213413.2	2.02139e-14	-0.539353	LOOKUP_RETURNED	2026-09-21	GTEx v8 API; raw p-values are descriptive and not used as colocalization evidence	relevant_tissues
rs1617502	CAT-AD	NEGATIVE_DIRECTION_CONCORDANT	GTEx_v8	gtex_v8	chr7_100212212_C_T_b38	Brain_Cortex	STAG3	ENSG00000066923.17	2.24679e-15	-0.464532	LOOKUP_RETURNED	2026-09-21	GTEx v8 API; raw p-values are descriptive and not used as colocalization evidence	relevant_tissues
rs1617502	CAT-AD	NEGATIVE_DIRECTION_CONCORDANT	GTEx_v8	gtex_v8	chr7_100212212_C_T_b38	Brain_Cortex	PVRIG	ENSG00000213413.2	1.89167e-12	-0.510767	LOOKUP_RETURNED	2026-09-21	GTEx v8 API; raw p-values are descriptive and not used as colocalization evidence	relevant_tissues
rs1617502	CAT-AD	NEGATIVE_DIRECTION_CONCORDANT	GTEx_v8	gtex_v8	chr7_100212212_C_T_b38	Brain_Cortex	STAG3L5P	ENSG00000242294.6	1.33093e-05	0.296286	LOOKUP_RETURNED	2026-09-21	GTEx v8 API; raw p-values are descriptive and not used as colocalization evidence	relevant_tissues
rs1617502	CAT-AD	NEGATIVE_DIRECTION_CONCORDANT	GTEx_v8	gtex_v8	chr7_100212212_C_T_b38	Muscle_Skeletal	TRIM4	ENSG00000146833.15	5.57499e-08	-0.182058	LOOKUP_RETURNED	2026-09-21	GTEx v8 API; raw p-values are descriptive and not used as colocalization evidence	relevant_tissues
rs1617502	CAT-AD	NEGATIVE_DIRECTION_CONCORDANT	GTEx_v8	gtex_v8	chr7_100212212_C_T_b38	Muscle_Skeletal	ZKSCAN1	ENSG00000106261.16	1.69726e-06	-0.133227	LOOKUP_RETURNED	2026-09-21	GTEx v8 API; raw p-values are descriptive and not used as colocalization evidence	relevant_tissues
rs1617502	CAT-AD	NEGATIVE_DIRECTION_CONCORDANT	GTEx_v8	gtex_v8	chr7_100212212_C_T_b38	Muscle_Skeletal	GAL3ST4	ENSG00000197093.10	0.000172158	0.120285	LOOKUP_RETURNED	2026-09-21	GTEx v8 API; raw p-values are descriptive and not used as colocalization evidence	relevant_tissues
rs1617502	CAT-AD	NEGATIVE_DIRECTION_CONCORDANT	GTEx_v8	gtex_v8	chr7_100212212_C_T_b38	Muscle_Skeletal	GPC2	ENSG00000213420.7	0.000121192	0.167704	LOOKUP_RETURNED	2026-09-21	GTEx v8 API; raw p-values are descriptive and not used as colocalization evidence	relevant_tissues
rs1617502	CAT-AD	NEGATIVE_DIRECTION_CONCORDANT	GTEx_v8	gtex_v8	chr7_100212212_C_T_b38	Muscle_Skeletal	STAG3	ENSG00000066923.17	1.5073900000000002e-23	-0.243067	LOOKUP_RETURNED	2026-09-21	GTEx v8 API; raw p-values are descriptive and not used as colocalization evidence	relevant_tissues
rs1617502	CAT-AD	NEGATIVE_DIRECTION_CONCORDANT	GTEx_v8	gtex_v8	chr7_100212212_C_T_b38	Muscle_Skeletal	PVRIG	ENSG00000213413.2	1.5842100000000002e-30	-0.317291	LOOKUP_RETURNED	2026-09-21	GTEx v8 API; raw p-values are descriptive and not used as colocalization evidence	relevant_tissues
rs1617502	CAT-AD	NEGATIVE_DIRECTION_CONCORDANT	GTEx_v8	gtex_v8	chr7_100212212_C_T_b38	Muscle_Skeletal	GATS	ENSG00000239521.7	9.68932e-11	0.154942	LOOKUP_RETURNED	2026-09-21	GTEx v8 API; raw p-values are descriptive and not used as colocalization evidence	relevant_tissues
rs1617502	CAT-AD	NEGATIVE_DIRECTION_CONCORDANT	GTEx_v8	gtex_v8	chr7_100212212_C_T_b38	Muscle_Skeletal	STAG3L5P	ENSG00000242294.6	1.62536e-07	0.227191	LOOKUP_RETURNED	2026-09-21	GTEx v8 API; raw p-values are descriptive and not used as colocalization evidence	relevant_tissues
rs1617502	CAT-AD	NEGATIVE_DIRECTION_CONCORDANT	GTEx_v8	gtex_v8	chr7_100212212_C_T_b38	Muscle_Skeletal	PILRB	ENSG00000121716.20	1.08244e-07	0.20916	LOOKUP_RETURNED	2026-09-21	GTEx v8 API; raw p-values are descriptive and not used as colocalization evidence	relevant_tissues
rs1617502	CAT-AD	NEGATIVE_DIRECTION_CONCORDANT	GTEx_v8	gtex_v8	chr7_100212212_C_T_b38	Muscle_Skeletal	PILRA	ENSG00000085514.15	9.03746e-12	0.339501	LOOKUP_RETURNED	2026-09-21	GTEx v8 API; raw p-values are descriptive and not used as colocalization evidence	relevant_tissues
rs1617502	CAT-AD	NEGATIVE_DIRECTION_CONCORDANT	GTEx_v8	gtex_v8	chr7_100212212_C_T_b38	Heart_Atrial_Appendage	GATS	ENSG00000239521.7	1.12291e-05	0.189386	LOOKUP_RETURNED	2026-09-21	GTEx v8 API; raw p-values are descriptive and not used as colocalization evidence	relevant_tissues
rs1617502	CAT-AD	NEGATIVE_DIRECTION_CONCORDANT	GTEx_v8	gtex_v8	chr7_100212212_C_T_b38	Heart_Atrial_Appendage	STAG3L5P	ENSG00000242294.6	6.71294e-05	0.243469	LOOKUP_RETURNED	2026-09-21	GTEx v8 API; raw p-values are descriptive and not used as colocalization evidence	relevant_tissues
rs1617502	CAT-AD	NEGATIVE_DIRECTION_CONCORDANT	GTEx_v8	gtex_v8	chr7_100212212_C_T_b38	Heart_Atrial_Appendage	PILRB	ENSG00000121716.20	3.36069e-05	0.208781	LOOKUP_RETURNED	2026-09-21	GTEx v8 API; raw p-values are descriptive and not used as colocalization evidence	relevant_tissues
rs1617502	CAT-AD	NEGATIVE_DIRECTION_CONCORDANT	GTEx_v8	gtex_v8	chr7_100212212_C_T_b38	Heart_Atrial_Appendage	PILRA	ENSG00000085514.15	6.77317e-06	0.241992	LOOKUP_RETURNED	2026-09-21	GTEx v8 API; raw p-values are descriptive and not used as colocalization evidence	relevant_tissues
rs1617502	CAT-AD	NEGATIVE_DIRECTION_CONCORDANT	GTEx_v8	gtex_v8	chr7_100212212_C_T_b38	Heart_Atrial_Appendage	ZCWPW1	ENSG00000078487.17	2.74274e-06	-0.210692	LOOKUP_RETURNED	2026-09-21	GTEx v8 API; raw p-values are descriptive and not used as colocalization evidence	relevant_tissues
rs1617502	CAT-AD	NEGATIVE_DIRECTION_CONCORDANT	GTEx_v8	gtex_v8	chr7_100212212_C_T_b38	Brain_Hypothalamus	STAG3	ENSG00000066923.17	2.05661e-10	-0.358383	LOOKUP_RETURNED	2026-09-21	GTEx v8 API; raw p-values are descriptive and not used as colocalization evidence	relevant_tissues
rs1617502	CAT-AD	NEGATIVE_DIRECTION_CONCORDANT	GTEx_v8	gtex_v8	chr7_100212212_C_T_b38	Brain_Hypothalamus	PVRIG	ENSG00000213413.2	6.56181e-10	-0.454816	LOOKUP_RETURNED	2026-09-21	GTEx v8 API; raw p-values are descriptive and not used as colocalization evidence	relevant_tissues
rs1617502	CAT-AD	NEGATIVE_DIRECTION_CONCORDANT	GTEx_v8	gtex_v8	chr7_100212212_C_T_b38	Brain_Hypothalamus	GATS	ENSG00000239521.7	1.33962e-05	-0.220673	LOOKUP_RETURNED	2026-09-21	GTEx v8 API; raw p-values are descriptive and not used as colocalization evidence	relevant_tissues
rs1617502	CAT-AD	NEGATIVE_DIRECTION_CONCORDANT	GTEx_v8	gtex_v8	chr7_100212212_C_T_b38	Brain_Caudate_basal_ganglia	STAG3	ENSG00000066923.17	1.39172e-14	-0.37983	LOOKUP_RETURNED	2026-09-21	GTEx v8 API; raw p-values are descriptive and not used as colocalization evidence	relevant_tissues
rs1617502	CAT-AD	NEGATIVE_DIRECTION_CONCORDANT	GTEx_v8	gtex_v8	chr7_100212212_C_T_b38	Brain_Caudate_basal_ganglia	PVRIG	ENSG00000213413.2	3.03251e-14	-0.496514	LOOKUP_RETURNED	2026-09-21	GTEx v8 API; raw p-values are descriptive and not used as colocalization evidence	relevant_tissues
rs1617502	CAT-AD	NEGATIVE_DIRECTION_CONCORDANT	GTEx_v8	gtex_v8	chr7_100212212_C_T_b38	Brain_Caudate_basal_ganglia	GATS	ENSG00000239521.7	1.02966e-08	-0.303521	LOOKUP_RETURNED	2026-09-21	GTEx v8 API; raw p-values are descriptive and not used as colocalization evidence	relevant_tissues
rs1617502	CAT-AD	NEGATIVE_DIRECTION_CONCORDANT	GTEx_v8	gtex_v8	chr7_100212212_C_T_b38	Whole_Blood	TRIM4	ENSG00000146833.15	0.000149869	-0.0959075	LOOKUP_RETURNED	2026-09-21	GTEx v8 API; raw p-values are descriptive and not used as colocalization evidence	relevant_tissues
rs1617502	CAT-AD	NEGATIVE_DIRECTION_CONCORDANT	GTEx_v8	gtex_v8	chr7_100212212_C_T_b38	Whole_Blood	CNPY4	ENSG00000166997.7	1.69243e-05	-0.121477	LOOKUP_RETURNED	2026-09-21	GTEx v8 API; raw p-values are descriptive and not used as colocalization evidence	relevant_tissues
rs1617502	CAT-AD	NEGATIVE_DIRECTION_CONCORDANT	GTEx_v8	gtex_v8	chr7_100212212_C_T_b38	Whole_Blood	GAL3ST4	ENSG00000197093.10	1.51815e-05	-0.129579	LOOKUP_RETURNED	2026-09-21	GTEx v8 API; raw p-values are descriptive and not used as colocalization evidence	relevant_tissues
rs1617502	CAT-AD	NEGATIVE_DIRECTION_CONCORDANT	GTEx_v8	gtex_v8	chr7_100212212_C_T_b38	Whole_Blood	GPC2	ENSG00000213420.7	1.57076e-05	-0.143993	LOOKUP_RETURNED	2026-09-21	GTEx v8 API; raw p-values are descriptive and not used as colocalization evidence	relevant_tissues
rs1617502	CAT-AD	NEGATIVE_DIRECTION_CONCORDANT	GTEx_v8	gtex_v8	chr7_100212212_C_T_b38	Whole_Blood	PILRB	ENSG00000121716.20	3.89329e-09	0.134177	LOOKUP_RETURNED	2026-09-21	GTEx v8 API; raw p-values are descriptive and not used as colocalization evidence	relevant_tissues
rs1617502	CAT-AD	NEGATIVE_DIRECTION_CONCORDANT	GTEx_v8	gtex_v8	chr7_100212212_C_T_b38	Artery_Tibial	TRIM4	ENSG00000146833.15	0.000233759	-0.10952	LOOKUP_RETURNED	2026-09-21	GTEx v8 API; raw p-values are descriptive and not used as colocalization evidence	relevant_tissues
rs1617502	CAT-AD	NEGATIVE_DIRECTION_CONCORDANT	GTEx_v8	gtex_v8	chr7_100212212_C_T_b38	Artery_Tibial	AP4M1	ENSG00000221838.9	1.81854e-10	0.228205	LOOKUP_RETURNED	2026-09-21	GTEx v8 API; raw p-values are descriptive and not used as colocalization evidence	relevant_tissues
rs1617502	CAT-AD	NEGATIVE_DIRECTION_CONCORDANT	GTEx_v8	gtex_v8	chr7_100212212_C_T_b38	Artery_Tibial	TAF6	ENSG00000106290.14	0.000160993	0.0871821	LOOKUP_RETURNED	2026-09-21	GTEx v8 API; raw p-values are descriptive and not used as colocalization evidence	relevant_tissues
rs1617502	CAT-AD	NEGATIVE_DIRECTION_CONCORDANT	GTEx_v8	gtex_v8	chr7_100212212_C_T_b38	Artery_Tibial	STAG3L5P	ENSG00000242294.6	8.14274e-07	0.207724	LOOKUP_RETURNED	2026-09-21	GTEx v8 API; raw p-values are descriptive and not used as colocalization evidence	relevant_tissues
rs1617502	CAT-AD	NEGATIVE_DIRECTION_CONCORDANT	GTEx_v8	gtex_v8	chr7_100212212_C_T_b38	Artery_Tibial	PILRB	ENSG00000121716.20	4.06697e-06	0.191696	LOOKUP_RETURNED	2026-09-21	GTEx v8 API; raw p-values are descriptive and not used as colocalization evidence	relevant_tissues
rs1617502	CAT-AD	NEGATIVE_DIRECTION_CONCORDANT	GTEx_v8	gtex_v8	chr7_100212212_C_T_b38	Artery_Tibial	PILRA	ENSG00000085514.15	8.94725e-10	0.243198	LOOKUP_RETURNED	2026-09-21	GTEx v8 API; raw p-values are descriptive and not used as colocalization evidence	relevant_tissues
rs1617502	CAT-AD	NEGATIVE_DIRECTION_CONCORDANT	GTEx_v8	gtex_v8	chr7_100212212_C_T_b38	Nerve_Tibial	OR2AE1	ENSG00000244623.1	3.39376e-05	0.23117	LOOKUP_RETURNED	2026-09-21	GTEx v8 API; raw p-values are descriptive and not used as colocalization evidence	relevant_tissues
rs1617502	CAT-AD	NEGATIVE_DIRECTION_CONCORDANT	GTEx_v8	gtex_v8	chr7_100212212_C_T_b38	Nerve_Tibial	TRIM4	ENSG00000146833.15	9.26987e-12	-0.284542	LOOKUP_RETURNED	2026-09-21	GTEx v8 API; raw p-values are descriptive and not used as colocalization evidence	relevant_tissues
rs1617502	CAT-AD	NEGATIVE_DIRECTION_CONCORDANT	GTEx_v8	gtex_v8	chr7_100212212_C_T_b38	Nerve_Tibial	ZKSCAN1	ENSG00000106261.16	7.88423e-14	-0.183666	LOOKUP_RETURNED	2026-09-21	GTEx v8 API; raw p-values are descriptive and not used as colocalization evidence	relevant_tissues
rs1617502	CAT-AD	NEGATIVE_DIRECTION_CONCORDANT	GTEx_v8	gtex_v8	chr7_100212212_C_T_b38	Nerve_Tibial	ZNF3	ENSG00000166526.16	2.45886e-05	-0.127681	LOOKUP_RETURNED	2026-09-21	GTEx v8 API; raw p-values are descriptive and not used as colocalization evidence	relevant_tissues
rs1617502	CAT-AD	NEGATIVE_DIRECTION_CONCORDANT	GTEx_v8	gtex_v8	chr7_100212212_C_T_b38	Nerve_Tibial	AP4M1	ENSG00000221838.9	1.67834e-07	0.179413	LOOKUP_RETURNED	2026-09-21	GTEx v8 API; raw p-values are descriptive and not used as colocalization evidence	relevant_tissues
rs1617502	CAT-AD	NEGATIVE_DIRECTION_CONCORDANT	GTEx_v8	gtex_v8	chr7_100212212_C_T_b38	Nerve_Tibial	TAF6	ENSG00000106290.14	1.48414e-09	0.142619	LOOKUP_RETURNED	2026-09-21	GTEx v8 API; raw p-values are descriptive and not used as colocalization evidence	relevant_tissues
rs1617502	CAT-AD	NEGATIVE_DIRECTION_CONCORDANT	GTEx_v8	gtex_v8	chr7_100212212_C_T_b38	Nerve_Tibial	STAG3	ENSG00000066923.17	2.23329e-10	0.175819	LOOKUP_RETURNED	2026-09-21	GTEx v8 API; raw p-values are descriptive and not used as colocalization evidence	relevant_tissues
rs1617502	CAT-AD	NEGATIVE_DIRECTION_CONCORDANT	GTEx_v8	gtex_v8	chr7_100212212_C_T_b38	Nerve_Tibial	PVRIG	ENSG00000213413.2	0.000150271	-0.154864	LOOKUP_RETURNED	2026-09-21	GTEx v8 API; raw p-values are descriptive and not used as colocalization evidence	relevant_tissues
rs1617502	CAT-AD	NEGATIVE_DIRECTION_CONCORDANT	GTEx_v8	gtex_v8	chr7_100212212_C_T_b38	Nerve_Tibial	GATS	ENSG00000239521.7	0.000152469	-0.129873	LOOKUP_RETURNED	2026-09-21	GTEx v8 API; raw p-values are descriptive and not used as colocalization evidence	relevant_tissues
rs1617502	CAT-AD	NEGATIVE_DIRECTION_CONCORDANT	GTEx_v8	gtex_v8	chr7_100212212_C_T_b38	Nerve_Tibial	STAG3L5P	ENSG00000242294.6	3.42127e-08	0.235088	LOOKUP_RETURNED	2026-09-21	GTEx v8 API; raw p-values are descriptive and not used as colocalization evidence	relevant_tissues
rs1617502	CAT-AD	NEGATIVE_DIRECTION_CONCORDANT	GTEx_v8	gtex_v8	chr7_100212212_C_T_b38	Nerve_Tibial	PILRB	ENSG00000121716.20	2.34994e-08	0.233893	LOOKUP_RETURNED	2026-09-21	GTEx v8 API; raw p-values are descriptive and not used as colocalization evidence	relevant_tissues
rs1617502	CAT-AD	NEGATIVE_DIRECTION_CONCORDANT	GTEx_v8	gtex_v8	chr7_100212212_C_T_b38	Nerve_Tibial	PILRA	ENSG00000085514.15	6.47841e-08	0.254355	LOOKUP_RETURNED	2026-09-21	GTEx v8 API; raw p-values are descriptive and not used as colocalization evidence	relevant_tissues
rs1617502	CAT-AD	NEGATIVE_DIRECTION_CONCORDANT	GTEx_v8	gtex_v8	chr7_100212212_C_T_b38	Nerve_Tibial	NYAP1	ENSG00000166924.8	6.39662e-05	-0.103553	LOOKUP_RETURNED	2026-09-21	GTEx v8 API; raw p-values are descriptive and not used as colocalization evidence	relevant_tissues
rs1617502	CAT-AD	NEGATIVE_DIRECTION_CONCORDANT	GTEx_v8	gtex_v8	chr7_100212212_C_T_b38	Nerve_Tibial	GIGYF1	ENSG00000146830.9	0.000193219	-0.0783807	LOOKUP_RETURNED	2026-09-21	GTEx v8 API; raw p-values are descriptive and not used as colocalization evidence	relevant_tissues
rs1617502	CAT-AD	NEGATIVE_DIRECTION_CONCORDANT	GTEx_v8	gtex_v8	chr7_100212212_C_T_b38	Skin_Sun_Exposed_Lower_leg	OR2AE1	ENSG00000244623.1	4.79811e-07	0.270555	LOOKUP_RETURNED	2026-09-21	GTEx v8 API; raw p-values are descriptive and not used as colocalization evidence	relevant_tissues
rs1617502	CAT-AD	NEGATIVE_DIRECTION_CONCORDANT	GTEx_v8	gtex_v8	chr7_100212212_C_T_b38	Skin_Sun_Exposed_Lower_leg	TRIM4	ENSG00000146833.15	0.000111763	-0.115553	LOOKUP_RETURNED	2026-09-21	GTEx v8 API; raw p-values are descriptive and not used as colocalization evidence	relevant_tissues
rs1617502	CAT-AD	NEGATIVE_DIRECTION_CONCORDANT	GTEx_v8	gtex_v8	chr7_100212212_C_T_b38	Skin_Sun_Exposed_Lower_leg	STAG3L5P	ENSG00000242294.6	3.7204e-06	0.179286	LOOKUP_RETURNED	2026-09-21	GTEx v8 API; raw p-values are descriptive and not used as colocalization evidence	relevant_tissues
rs1617502	CAT-AD	NEGATIVE_DIRECTION_CONCORDANT	GTEx_v8	gtex_v8	chr7_100212212_C_T_b38	Skin_Sun_Exposed_Lower_leg	PILRB	ENSG00000121716.20	2.63468e-06	0.178164	LOOKUP_RETURNED	2026-09-21	GTEx v8 API; raw p-values are descriptive and not used as colocalization evidence	relevant_tissues
rs1617502	CAT-AD	NEGATIVE_DIRECTION_CONCORDANT	GTEx_v8	gtex_v8	chr7_100212212_C_T_b38	Skin_Sun_Exposed_Lower_leg	PILRA	ENSG00000085514.15	4.54722e-13	0.396709	LOOKUP_RETURNED	2026-09-21	GTEx v8 API; raw p-values are descriptive and not used as colocalization evidence	relevant_tissues
rs1617502	CAT-AD	NEGATIVE_DIRECTION_CONCORDANT	GTEx_v8	gtex_v8	chr7_100212212_C_T_b38	Skin_Sun_Exposed_Lower_leg	GIGYF1	ENSG00000146830.9	4.52089e-05	-0.0736498	LOOKUP_RETURNED	2026-09-21	GTEx v8 API; raw p-values are descriptive and not used as colocalization evidence	relevant_tissues
rs1617502	CAT-AD	NEGATIVE_DIRECTION_CONCORDANT	GTEx_v8	gtex_v8	chr7_100212212_C_T_b38	Brain_Hippocampus	STAG3	ENSG00000066923.17	4.76683e-12	-0.419058	LOOKUP_RETURNED	2026-09-21	GTEx v8 API; raw p-values are descriptive and not used as colocalization evidence	relevant_tissues
rs1617502	CAT-AD	NEGATIVE_DIRECTION_CONCORDANT	GTEx_v8	gtex_v8	chr7_100212212_C_T_b38	Brain_Hippocampus	PVRIG	ENSG00000213413.2	7.87748e-16	-0.613793	LOOKUP_RETURNED	2026-09-21	GTEx v8 API; raw p-values are descriptive and not used as colocalization evidence	relevant_tissues
rs1617502	CAT-AD	NEGATIVE_DIRECTION_CONCORDANT	GTEx_v8	gtex_v8	chr7_100212212_C_T_b38	Brain_Hippocampus	GATS	ENSG00000239521.7	1.6077e-05	-0.256046	LOOKUP_RETURNED	2026-09-21	GTEx v8 API; raw p-values are descriptive and not used as colocalization evidence	relevant_tissues
rs1617502	CAT-AD	NEGATIVE_DIRECTION_CONCORDANT	GTEx_v8	gtex_v8	chr7_100212212_C_T_b38	Brain_Spinal_cord_cervical_c-1	STAG3	ENSG00000066923.17	2.64832e-08	-0.422966	LOOKUP_RETURNED	2026-09-21	GTEx v8 API; raw p-values are descriptive and not used as colocalization evidence	relevant_tissues
rs1617502	CAT-AD	NEGATIVE_DIRECTION_CONCORDANT	GTEx_v8	gtex_v8	chr7_100212212_C_T_b38	Brain_Spinal_cord_cervical_c-1	PVRIG	ENSG00000213413.2	8.72801e-13	-0.656866	LOOKUP_RETURNED	2026-09-21	GTEx v8 API; raw p-values are descriptive and not used as colocalization evidence	relevant_tissues
rs1617502	CAT-AD	NEGATIVE_DIRECTION_CONCORDANT	GTEx_v8	gtex_v8	chr7_100212212_C_T_b38	Brain_Anterior_cingulate_cortex_BA24	STAG3	ENSG00000066923.17	1.35801e-05	-0.285104	LOOKUP_RETURNED	2026-09-21	GTEx v8 API; raw p-values are descriptive and not used as colocalization evidence	relevant_tissues
rs1617502	CAT-AD	NEGATIVE_DIRECTION_CONCORDANT	GTEx_v8	gtex_v8	chr7_100212212_C_T_b38	Brain_Anterior_cingulate_cortex_BA24	PVRIG	ENSG00000213413.2	4.25646e-05	-0.337266	LOOKUP_RETURNED	2026-09-21	GTEx v8 API; raw p-values are descriptive and not used as colocalization evidence	relevant_tissues
rs1617502	CAT-AD	NEGATIVE_DIRECTION_CONCORDANT	GTEx_v8	gtex_v8	chr7_100212212_C_T_b38	Artery_Aorta	TRIM4	ENSG00000146833.15	9.13273e-06	-0.184537	LOOKUP_RETURNED	2026-09-21	GTEx v8 API; raw p-values are descriptive and not used as colocalization evidence	relevant_tissues
rs1617502	CAT-AD	NEGATIVE_DIRECTION_CONCORDANT	GTEx_v8	gtex_v8	chr7_100212212_C_T_b38	Artery_Aorta	TAF6	ENSG00000106290.14	1.47143e-05	0.126628	LOOKUP_RETURNED	2026-09-21	GTEx v8 API; raw p-values are descriptive and not used as colocalization evidence	relevant_tissues
rs1617502	CAT-AD	NEGATIVE_DIRECTION_CONCORDANT	GTEx_v8	gtex_v8	chr7_100212212_C_T_b38	Artery_Aorta	PILRA	ENSG00000085514.15	1.69185e-05	0.182997	LOOKUP_RETURNED	2026-09-21	GTEx v8 API; raw p-values are descriptive and not used as colocalization evidence	relevant_tissues
rs1617502	CAT-AD	NEGATIVE_DIRECTION_CONCORDANT	GTEx_v8	gtex_v8	chr7_100212212_C_T_b38	Spleen	STAG3L5P	ENSG00000242294.6	3.47078e-05	0.248596	LOOKUP_RETURNED	2026-09-21	GTEx v8 API; raw p-values are descriptive and not used as colocalization evidence	relevant_tissues
rs1617502	CAT-AD	NEGATIVE_DIRECTION_CONCORDANT	GTEx_v8	gtex_v8	chr7_100212212_C_T_b38	Spleen	PILRB	ENSG00000121716.20	6.94446e-05	0.234753	LOOKUP_RETURNED	2026-09-21	GTEx v8 API; raw p-values are descriptive and not used as colocalization evidence	relevant_tissues
rs1617502	CAT-AD	NEGATIVE_DIRECTION_CONCORDANT	GTEx_v8	gtex_v8	chr7_100212212_C_T_b38	Spleen	PILRA	ENSG00000085514.15	4.50648e-05	0.231099	LOOKUP_RETURNED	2026-09-21	GTEx v8 API; raw p-values are descriptive and not used as colocalization evidence	relevant_tissues
rs1617502	CAT-AD	NEGATIVE_DIRECTION_CONCORDANT	GTEx_v8	gtex_v8	chr7_100212212_C_T_b38	Brain_Cerebellar_Hemisphere	AC073842.19	ENSG00000235077.1	8.05591e-05	-0.396981	LOOKUP_RETURNED	2026-09-21	GTEx v8 API; raw p-values are descriptive and not used as colocalization evidence	relevant_tissues
rs1617502	CAT-AD	NEGATIVE_DIRECTION_CONCORDANT	GTEx_v8	gtex_v8	chr7_100212212_C_T_b38	Brain_Cerebellar_Hemisphere	LAMTOR4	ENSG00000188186.10	0.000121514	0.162476	LOOKUP_RETURNED	2026-09-21	GTEx v8 API; raw p-values are descriptive and not used as colocalization evidence	relevant_tissues
rs1617502	CAT-AD	NEGATIVE_DIRECTION_CONCORDANT	GTEx_v8	gtex_v8	chr7_100212212_C_T_b38	Brain_Cerebellar_Hemisphere	GAL3ST4	ENSG00000197093.10	6.43189e-05	0.331438	LOOKUP_RETURNED	2026-09-21	GTEx v8 API; raw p-values are descriptive and not used as colocalization evidence	relevant_tissues
rs1617502	CAT-AD	NEGATIVE_DIRECTION_CONCORDANT	GTEx_v8	gtex_v8	chr7_100212212_C_T_b38	Brain_Cerebellar_Hemisphere	GPC2	ENSG00000213420.7	2.02436e-07	0.435183	LOOKUP_RETURNED	2026-09-21	GTEx v8 API; raw p-values are descriptive and not used as colocalization evidence	relevant_tissues
rs1617502	CAT-AD	NEGATIVE_DIRECTION_CONCORDANT	GTEx_v8	gtex_v8	chr7_100212212_C_T_b38	Brain_Cerebellar_Hemisphere	STAG3	ENSG00000066923.17	3.04914e-15	-0.326654	LOOKUP_RETURNED	2026-09-21	GTEx v8 API; raw p-values are descriptive and not used as colocalization evidence	relevant_tissues
rs1617502	CAT-AD	NEGATIVE_DIRECTION_CONCORDANT	GTEx_v8	gtex_v8	chr7_100212212_C_T_b38	Brain_Cerebellar_Hemisphere	PVRIG	ENSG00000213413.2	1.62673e-16	-0.399006	LOOKUP_RETURNED	2026-09-21	GTEx v8 API; raw p-values are descriptive and not used as colocalization evidence	relevant_tissues
rs1617502	CAT-AD	NEGATIVE_DIRECTION_CONCORDANT	GTEx_v8	gtex_v8	chr7_100212212_C_T_b38	Brain_Cerebellar_Hemisphere	STAG3L5P	ENSG00000242294.6	0.000108293	0.245983	LOOKUP_RETURNED	2026-09-21	GTEx v8 API; raw p-values are descriptive and not used as colocalization evidence	relevant_tissues
rs1617502	CAT-AD	NEGATIVE_DIRECTION_CONCORDANT	GTEx_v8	gtex_v8	chr7_100212212_C_T_b38	Brain_Frontal_Cortex_BA9	AP4M1	ENSG00000221838.9	6.49479e-05	-0.257779	LOOKUP_RETURNED	2026-09-21	GTEx v8 API; raw p-values are descriptive and not used as colocalization evidence	relevant_tissues
rs1617502	CAT-AD	NEGATIVE_DIRECTION_CONCORDANT	GTEx_v8	gtex_v8	chr7_100212212_C_T_b38	Brain_Frontal_Cortex_BA9	STAG3	ENSG00000066923.17	1.0927e-08	-0.343668	LOOKUP_RETURNED	2026-09-21	GTEx v8 API; raw p-values are descriptive and not used as colocalization evidence	relevant_tissues
rs1617502	CAT-AD	NEGATIVE_DIRECTION_CONCORDANT	GTEx_v8	gtex_v8	chr7_100212212_C_T_b38	Brain_Frontal_Cortex_BA9	PVRIG	ENSG00000213413.2	1.71428e-08	-0.459509	LOOKUP_RETURNED	2026-09-21	GTEx v8 API; raw p-values are descriptive and not used as colocalization evidence	relevant_tissues
rs1617502	CAT-AD	NEGATIVE_DIRECTION_CONCORDANT	GTEx_v8	gtex_v8	chr7_100212212_C_T_b38	Brain_Cerebellum	AC073842.19	ENSG00000235077.1	9.06898e-06	-0.413245	LOOKUP_RETURNED	2026-09-21	GTEx v8 API; raw p-values are descriptive and not used as colocalization evidence	relevant_tissues
rs1617502	CAT-AD	NEGATIVE_DIRECTION_CONCORDANT	GTEx_v8	gtex_v8	chr7_100212212_C_T_b38	Brain_Cerebellum	GAL3ST4	ENSG00000197093.10	8.89133e-06	0.336823	LOOKUP_RETURNED	2026-09-21	GTEx v8 API; raw p-values are descriptive and not used as colocalization evidence	relevant_tissues
rs1617502	CAT-AD	NEGATIVE_DIRECTION_CONCORDANT	GTEx_v8	gtex_v8	chr7_100212212_C_T_b38	Brain_Cerebellum	GPC2	ENSG00000213420.7	4.44022e-09	0.42574	LOOKUP_RETURNED	2026-09-21	GTEx v8 API; raw p-values are descriptive and not used as colocalization evidence	relevant_tissues
rs1617502	CAT-AD	NEGATIVE_DIRECTION_CONCORDANT	GTEx_v8	gtex_v8	chr7_100212212_C_T_b38	Brain_Cerebellum	STAG3	ENSG00000066923.17	3.83361e-26	-0.506521	LOOKUP_RETURNED	2026-09-21	GTEx v8 API; raw p-values are descriptive and not used as colocalization evidence	relevant_tissues
rs1617502	CAT-AD	NEGATIVE_DIRECTION_CONCORDANT	GTEx_v8	gtex_v8	chr7_100212212_C_T_b38	Brain_Cerebellum	PVRIG	ENSG00000213413.2	1.73092e-20	-0.459355	LOOKUP_RETURNED	2026-09-21	GTEx v8 API; raw p-values are descriptive and not used as colocalization evidence	relevant_tissues
rs1617502	CAT-AD	NEGATIVE_DIRECTION_CONCORDANT	GTEx_v8	gtex_v8	chr7_100212212_C_T_b38	Brain_Cerebellum	GATS	ENSG00000239521.7	3.92751e-06	-0.263966	LOOKUP_RETURNED	2026-09-21	GTEx v8 API; raw p-values are descriptive and not used as colocalization evidence	relevant_tissues
rs1617502	CAT-AD	NEGATIVE_DIRECTION_CONCORDANT	GTEx_v8	gtex_v8	chr7_100212212_C_T_b38	Brain_Cerebellum	STAG3L5P	ENSG00000242294.6	7.82825e-05	0.268554	LOOKUP_RETURNED	2026-09-21	GTEx v8 API; raw p-values are descriptive and not used as colocalization evidence	relevant_tissues
rs1617502	CAT-AD	NEGATIVE_DIRECTION_CONCORDANT	GTEx_v8	gtex_v8	chr7_100212212_C_T_b38	Brain_Cerebellum	AGFG2	ENSG00000106351.12	2.04766e-07	0.319696	LOOKUP_RETURNED	2026-09-21	GTEx v8 API; raw p-values are descriptive and not used as colocalization evidence	relevant_tissues
rs1617502	CAT-AD	NEGATIVE_DIRECTION_CONCORDANT	GTEx_v8	gtex_v8	chr7_100212212_C_T_b38	Adipose_Visceral_Omentum	TRIM4	ENSG00000146833.15	8.99576e-07	-0.207081	LOOKUP_RETURNED	2026-09-21	GTEx v8 API; raw p-values are descriptive and not used as colocalization evidence	relevant_tissues
rs1617502	CAT-AD	NEGATIVE_DIRECTION_CONCORDANT	GTEx_v8	gtex_v8	chr7_100212212_C_T_b38	Adipose_Visceral_Omentum	ZKSCAN1	ENSG00000106261.16	7.9805e-08	-0.140479	LOOKUP_RETURNED	2026-09-21	GTEx v8 API; raw p-values are descriptive and not used as colocalization evidence	relevant_tissues
rs1617502	CAT-AD	NEGATIVE_DIRECTION_CONCORDANT	GTEx_v8	gtex_v8	chr7_100212212_C_T_b38	Adipose_Visceral_Omentum	AP4M1	ENSG00000221838.9	3.97699e-05	0.12406	LOOKUP_RETURNED	2026-09-21	GTEx v8 API; raw p-values are descriptive and not used as colocalization evidence	relevant_tissues
rs1617502	CAT-AD	NEGATIVE_DIRECTION_CONCORDANT	GTEx_v8	gtex_v8	chr7_100212212_C_T_b38	Adipose_Visceral_Omentum	TAF6	ENSG00000106290.14	8.4149e-07	0.132217	LOOKUP_RETURNED	2026-09-21	GTEx v8 API; raw p-values are descriptive and not used as colocalization evidence	relevant_tissues
rs1617502	CAT-AD	NEGATIVE_DIRECTION_CONCORDANT	GTEx_v8	gtex_v8	chr7_100212212_C_T_b38	Adipose_Visceral_Omentum	STAG3L5P	ENSG00000242294.6	1.49762e-07	0.237632	LOOKUP_RETURNED	2026-09-21	GTEx v8 API; raw p-values are descriptive and not used as colocalization evidence	relevant_tissues
rs1617502	CAT-AD	NEGATIVE_DIRECTION_CONCORDANT	GTEx_v8	gtex_v8	chr7_100212212_C_T_b38	Adipose_Visceral_Omentum	PILRB	ENSG00000121716.20	3.16754e-06	0.200755	LOOKUP_RETURNED	2026-09-21	GTEx v8 API; raw p-values are descriptive and not used as colocalization evidence	relevant_tissues
rs1617502	CAT-AD	NEGATIVE_DIRECTION_CONCORDANT	GTEx_v8	gtex_v8	chr7_100212212_C_T_b38	Adipose_Visceral_Omentum	PILRA	ENSG00000085514.15	4.53924e-07	0.19722	LOOKUP_RETURNED	2026-09-21	GTEx v8 API; raw p-values are descriptive and not used as colocalization evidence	relevant_tissues
rs1617502	CAT-AD	NEGATIVE_DIRECTION_CONCORDANT	GTEx_v8	gtex_v8	chr7_100212212_C_T_b38	Adipose_Visceral_Omentum	NYAP1	ENSG00000166924.8	1.02967e-12	-0.230757	LOOKUP_RETURNED	2026-09-21	GTEx v8 API; raw p-values are descriptive and not used as colocalization evidence	relevant_tissues
rs1617502	CAT-AD	NEGATIVE_DIRECTION_CONCORDANT	GTEx_v8	gtex_v8	chr7_100212212_C_T_b38	Adipose_Subcutaneous	TRIM4	ENSG00000146833.15	2.03473e-12	-0.280309	LOOKUP_RETURNED	2026-09-21	GTEx v8 API; raw p-values are descriptive and not used as colocalization evidence	relevant_tissues
rs1617502	CAT-AD	NEGATIVE_DIRECTION_CONCORDANT	GTEx_v8	gtex_v8	chr7_100212212_C_T_b38	Adipose_Subcutaneous	AP4M1	ENSG00000221838.9	3.2282e-07	0.171972	LOOKUP_RETURNED	2026-09-21	GTEx v8 API; raw p-values are descriptive and not used as colocalization evidence	relevant_tissues
rs1617502	CAT-AD	NEGATIVE_DIRECTION_CONCORDANT	GTEx_v8	gtex_v8	chr7_100212212_C_T_b38	Adipose_Subcutaneous	TAF6	ENSG00000106290.14	0.000140638	0.102059	LOOKUP_RETURNED	2026-09-21	GTEx v8 API; raw p-values are descriptive and not used as colocalization evidence	relevant_tissues
rs1617502	CAT-AD	NEGATIVE_DIRECTION_CONCORDANT	GTEx_v8	gtex_v8	chr7_100212212_C_T_b38	Adipose_Subcutaneous	PVRIG	ENSG00000213413.2	2.67712e-05	-0.198263	LOOKUP_RETURNED	2026-09-21	GTEx v8 API; raw p-values are descriptive and not used as colocalization evidence	relevant_tissues
rs1617502	CAT-AD	NEGATIVE_DIRECTION_CONCORDANT	GTEx_v8	gtex_v8	chr7_100212212_C_T_b38	Adipose_Subcutaneous	STAG3L5P	ENSG00000242294.6	2.52492e-09	0.226251	LOOKUP_RETURNED	2026-09-21	GTEx v8 API; raw p-values are descriptive and not used as colocalization evidence	relevant_tissues
rs1617502	CAT-AD	NEGATIVE_DIRECTION_CONCORDANT	GTEx_v8	gtex_v8	chr7_100212212_C_T_b38	Adipose_Subcutaneous	PILRB	ENSG00000121716.20	9.37068e-10	0.242873	LOOKUP_RETURNED	2026-09-21	GTEx v8 API; raw p-values are descriptive and not used as colocalization evidence	relevant_tissues
rs1617502	CAT-AD	NEGATIVE_DIRECTION_CONCORDANT	GTEx_v8	gtex_v8	chr7_100212212_C_T_b38	Adipose_Subcutaneous	PILRA	ENSG00000085514.15	1.16614e-08	0.241556	LOOKUP_RETURNED	2026-09-21	GTEx v8 API; raw p-values are descriptive and not used as colocalization evidence	relevant_tissues
rs1617502	CAT-AD	NEGATIVE_DIRECTION_CONCORDANT	GTEx_v8	gtex_v8	chr7_100212212_C_T_b38	Adipose_Subcutaneous	NYAP1	ENSG00000166924.8	4.58921e-11	-0.267348	LOOKUP_RETURNED	2026-09-21	GTEx v8 API; raw p-values are descriptive and not used as colocalization evidence	relevant_tissues
rs1617502	CAT-AD	NEGATIVE_DIRECTION_CONCORDANT	GTEx_v8	gtex_v8	chr7_100212212_C_T_b38	Adipose_Subcutaneous	UFSP1	ENSG00000176125.4	5.08579e-05	0.141445	LOOKUP_RETURNED	2026-09-21	GTEx v8 API; raw p-values are descriptive and not used as colocalization evidence	relevant_tissues
rs1617502	CAT-AD	NEGATIVE_DIRECTION_CONCORDANT	GTEx_v8	gtex_v8	chr7_100212212_C_T_b38	Pancreas	TRIM4	ENSG00000146833.15	0.00012231	-0.215369	LOOKUP_RETURNED	2026-09-21	GTEx v8 API; raw p-values are descriptive and not used as colocalization evidence	relevant_tissues
rs1617502	CAT-AD	NEGATIVE_DIRECTION_CONCORDANT	GTEx_v8	gtex_v8	chr7_100212212_C_T_b38	Pancreas	STAG3	ENSG00000066923.17	8.7362e-09	-0.197209	LOOKUP_RETURNED	2026-09-21	GTEx v8 API; raw p-values are descriptive and not used as colocalization evidence	relevant_tissues
rs1617502	CAT-AD	NEGATIVE_DIRECTION_CONCORDANT	GTEx_v8	gtex_v8	chr7_100212212_C_T_b38	Pancreas	STAG3L5P	ENSG00000242294.6	5.45405e-05	0.24033	LOOKUP_RETURNED	2026-09-21	GTEx v8 API; raw p-values are descriptive and not used as colocalization evidence	relevant_tissues
rs1617502	CAT-AD	NEGATIVE_DIRECTION_CONCORDANT	GTEx_v8	gtex_v8	chr7_100212212_C_T_b38	Pancreas	PILRB	ENSG00000121716.20	3.5092e-05	0.230355	LOOKUP_RETURNED	2026-09-21	GTEx v8 API; raw p-values are descriptive and not used as colocalization evidence	relevant_tissues
rs1617502	CAT-AD	NEGATIVE_DIRECTION_CONCORDANT	GTEx_v8	gtex_v8	chr7_100212212_C_T_b38	Pancreas	PILRA	ENSG00000085514.15	4.64491e-05	0.359074	LOOKUP_RETURNED	2026-09-21	GTEx v8 API; raw p-values are descriptive and not used as colocalization evidence	relevant_tissues
rs1617502	CAT-AD	NEGATIVE_DIRECTION_CONCORDANT	EyeGEx/retina								NOT_ASSESSED_STABLE_PUBLIC_API_NOT_CONFIGURED	2026-09-21	Optional retina xQTL lookup; no stable endpoint was used in this reproducible workflow	optional_source_status
rs200114063	CAT-AD	NEGATIVE_DIRECTION_CONCORDANT	GTEx_v8	gtex_v8	chr1_207212235_A_G_b38	Skin_Not_Sun_Exposed_Suprapubic	CD55	ENSG00000196352.14	4.15665e-11	0.18109	LOOKUP_RETURNED	2026-09-21	GTEx v8 API; raw p-values are descriptive and not used as colocalization evidence	relevant_tissues
rs200114063	CAT-AD	NEGATIVE_DIRECTION_CONCORDANT	GTEx_v8	gtex_v8	chr1_207212235_A_G_b38	Skin_Not_Sun_Exposed_Suprapubic	RP11-357P18.2	ENSG00000274245.1	6.91397e-05	-0.192634	LOOKUP_RETURNED	2026-09-21	GTEx v8 API; raw p-values are descriptive and not used as colocalization evidence	relevant_tissues
rs200114063	CAT-AD	NEGATIVE_DIRECTION_CONCORDANT	GTEx_v8	gtex_v8	chr1_207212235_A_G_b38	Muscle_Skeletal	CD55	ENSG00000196352.14	6.65273e-08	0.0989834	LOOKUP_RETURNED	2026-09-21	GTEx v8 API; raw p-values are descriptive and not used as colocalization evidence	relevant_tissues
rs200114063	CAT-AD	NEGATIVE_DIRECTION_CONCORDANT	GTEx_v8	gtex_v8	chr1_207212235_A_G_b38	Muscle_Skeletal	CR2	ENSG00000117322.17	7.76605e-11	0.234707	LOOKUP_RETURNED	2026-09-21	GTEx v8 API; raw p-values are descriptive and not used as colocalization evidence	relevant_tissues
rs200114063	CAT-AD	NEGATIVE_DIRECTION_CONCORDANT	GTEx_v8	gtex_v8	chr1_207212235_A_G_b38	Whole_Blood	CD55	ENSG00000196352.14	9.76754e-42	0.20541	LOOKUP_RETURNED	2026-09-21	GTEx v8 API; raw p-values are descriptive and not used as colocalization evidence	relevant_tissues
rs200114063	CAT-AD	NEGATIVE_DIRECTION_CONCORDANT	GTEx_v8	gtex_v8	chr1_207212235_A_G_b38	Artery_Tibial	RP11-357P18.2	ENSG00000274245.1	1.72639e-05	-0.229403	LOOKUP_RETURNED	2026-09-21	GTEx v8 API; raw p-values are descriptive and not used as colocalization evidence	relevant_tissues
rs200114063	CAT-AD	NEGATIVE_DIRECTION_CONCORDANT	GTEx_v8	gtex_v8	chr1_207212235_A_G_b38	Nerve_Tibial	CD55	ENSG00000196352.14	4.71014e-05	0.10817	LOOKUP_RETURNED	2026-09-21	GTEx v8 API; raw p-values are descriptive and not used as colocalization evidence	relevant_tissues
rs200114063	CAT-AD	NEGATIVE_DIRECTION_CONCORDANT	GTEx_v8	gtex_v8	chr1_207212235_A_G_b38	Nerve_Tibial	CR2	ENSG00000117322.17	6.0268e-10	0.28006	LOOKUP_RETURNED	2026-09-21	GTEx v8 API; raw p-values are descriptive and not used as colocalization evidence	relevant_tissues
rs200114063	CAT-AD	NEGATIVE_DIRECTION_CONCORDANT	GTEx_v8	gtex_v8	chr1_207212235_A_G_b38	Skin_Sun_Exposed_Lower_leg	CD55	ENSG00000196352.14	2.56445e-08	0.173413	LOOKUP_RETURNED	2026-09-21	GTEx v8 API; raw p-values are descriptive and not used as colocalization evidence	relevant_tissues
rs200114063	CAT-AD	NEGATIVE_DIRECTION_CONCORDANT	GTEx_v8	gtex_v8	chr1_207212235_A_G_b38	Skin_Sun_Exposed_Lower_leg	RP11-357P18.2	ENSG00000274245.1	2.92692e-06	-0.228204	LOOKUP_RETURNED	2026-09-21	GTEx v8 API; raw p-values are descriptive and not used as colocalization evidence	relevant_tissues
rs200114063	CAT-AD	NEGATIVE_DIRECTION_CONCORDANT	GTEx_v8	gtex_v8	chr1_207212235_A_G_b38	Artery_Aorta	CD55	ENSG00000196352.14	1.26025e-07	-0.190996	LOOKUP_RETURNED	2026-09-21	GTEx v8 API; raw p-values are descriptive and not used as colocalization evidence	relevant_tissues
rs200114063	CAT-AD	NEGATIVE_DIRECTION_CONCORDANT	GTEx_v8	gtex_v8	chr1_207212235_A_G_b38	Spleen	CD55	ENSG00000196352.14	6.8162e-06	0.155287	LOOKUP_RETURNED	2026-09-21	GTEx v8 API; raw p-values are descriptive and not used as colocalization evidence	relevant_tissues
rs200114063	CAT-AD	NEGATIVE_DIRECTION_CONCORDANT	GTEx_v8	gtex_v8	chr1_207212235_A_G_b38	Brain_Frontal_Cortex_BA9	CR2	ENSG00000117322.17	1.3351e-05	0.354687	LOOKUP_RETURNED	2026-09-21	GTEx v8 API; raw p-values are descriptive and not used as colocalization evidence	relevant_tissues
rs200114063	CAT-AD	NEGATIVE_DIRECTION_CONCORDANT	GTEx_v8	gtex_v8	chr1_207212235_A_G_b38	Brain_Cerebellum	CD55	ENSG00000196352.14	6.03168e-05	-0.294391	LOOKUP_RETURNED	2026-09-21	GTEx v8 API; raw p-values are descriptive and not used as colocalization evidence	relevant_tissues
rs200114063	CAT-AD	NEGATIVE_DIRECTION_CONCORDANT	GTEx_v8	gtex_v8	chr1_207212235_A_G_b38	Adipose_Visceral_Omentum	CD55	ENSG00000196352.14	3.27766e-15	0.219483	LOOKUP_RETURNED	2026-09-21	GTEx v8 API; raw p-values are descriptive and not used as colocalization evidence	relevant_tissues
rs200114063	CAT-AD	NEGATIVE_DIRECTION_CONCORDANT	GTEx_v8	gtex_v8	chr1_207212235_A_G_b38	Adipose_Subcutaneous	RP11-357P18.2	ENSG00000274245.1	0.000154639	-0.21112	LOOKUP_RETURNED	2026-09-21	GTEx v8 API; raw p-values are descriptive and not used as colocalization evidence	relevant_tissues
rs200114063	CAT-AD	NEGATIVE_DIRECTION_CONCORDANT	EyeGEx/retina								NOT_ASSESSED_STABLE_PUBLIC_API_NOT_CONFIGURED	2026-09-21	Optional retina xQTL lookup; no stable endpoint was used in this reproducible workflow	optional_source_status
rs2097942	AMD-PD	NEGATIVE_DIRECTION_CONCORDANT	GTEx_v8	gtex_v8	chr7_105084658_G_A_b38	Heart_Atrial_Appendage	RP11-325F22.2	ENSG00000237513.1	4.50858e-05	0.212662	LOOKUP_RETURNED	2026-09-21	GTEx v8 API; raw p-values are descriptive and not used as colocalization evidence	relevant_tissues
rs2097942	AMD-PD	NEGATIVE_DIRECTION_CONCORDANT	GTEx_v8	gtex_v8	chr7_105084658_G_A_b38	Whole_Blood	RP11-325F22.2	ENSG00000237513.1	2.07689e-09	0.134421	LOOKUP_RETURNED	2026-09-21	GTEx v8 API; raw p-values are descriptive and not used as colocalization evidence	relevant_tissues
rs2097942	AMD-PD	NEGATIVE_DIRECTION_CONCORDANT	GTEx_v8	gtex_v8	chr7_105084658_G_A_b38	Whole_Blood	SRPK2	ENSG00000135250.16	3.1964999999999997e-22	0.175	LOOKUP_RETURNED	2026-09-21	GTEx v8 API; raw p-values are descriptive and not used as colocalization evidence	relevant_tissues
rs2097942	AMD-PD	NEGATIVE_DIRECTION_CONCORDANT	GTEx_v8	gtex_v8	chr7_105084658_G_A_b38	Artery_Tibial	SRPK2	ENSG00000135250.16	9.72397e-07	0.143794	LOOKUP_RETURNED	2026-09-21	GTEx v8 API; raw p-values are descriptive and not used as colocalization evidence	relevant_tissues
rs2097942	AMD-PD	NEGATIVE_DIRECTION_CONCORDANT	GTEx_v8	gtex_v8	chr7_105084658_G_A_b38	Nerve_Tibial	SRPK2	ENSG00000135250.16	6.12198e-05	0.125483	LOOKUP_RETURNED	2026-09-21	GTEx v8 API; raw p-values are descriptive and not used as colocalization evidence	relevant_tissues
rs2097942	AMD-PD	NEGATIVE_DIRECTION_CONCORDANT	GTEx_v8	gtex_v8	chr7_105084658_G_A_b38	Skin_Sun_Exposed_Lower_leg	CTB-152G17.6	ENSG00000272918.1	4.37423e-05	0.15422	LOOKUP_RETURNED	2026-09-21	GTEx v8 API; raw p-values are descriptive and not used as colocalization evidence	relevant_tissues
rs2097942	AMD-PD	NEGATIVE_DIRECTION_CONCORDANT	GTEx_v8	gtex_v8	chr7_105084658_G_A_b38	Artery_Aorta	SRPK2	ENSG00000135250.16	1.1395e-08	0.206005	LOOKUP_RETURNED	2026-09-21	GTEx v8 API; raw p-values are descriptive and not used as colocalization evidence	relevant_tissues
rs2097942	AMD-PD	NEGATIVE_DIRECTION_CONCORDANT	GTEx_v8	gtex_v8	chr7_105084658_G_A_b38	Spleen	SRPK2	ENSG00000135250.16	5.41013e-05	0.160795	LOOKUP_RETURNED	2026-09-21	GTEx v8 API; raw p-values are descriptive and not used as colocalization evidence	relevant_tissues
rs2097942	AMD-PD	NEGATIVE_DIRECTION_CONCORDANT	GTEx_v8	gtex_v8	chr7_105084658_G_A_b38	Adipose_Subcutaneous	SRPK2	ENSG00000135250.16	2.74711e-06	0.161061	LOOKUP_RETURNED	2026-09-21	GTEx v8 API; raw p-values are descriptive and not used as colocalization evidence	relevant_tissues
rs2097942	AMD-PD	NEGATIVE_DIRECTION_CONCORDANT	EyeGEx/retina								NOT_ASSESSED_STABLE_PUBLIC_API_NOT_CONFIGURED	2026-09-21	Optional retina xQTL lookup; no stable endpoint was used in this reproducible workflow	optional_source_status
rs2269920	CAT-T2D	POSITIVE_DIRECTION_CONCORDANT	GTEx_v8	gtex_v8	chr4_6321727_A_C_b38	Skin_Not_Sun_Exposed_Suprapubic	WFS1	ENSG00000109501.13	4.01637e-16	0.320351	LOOKUP_RETURNED	2026-09-21	GTEx v8 API; raw p-values are descriptive and not used as colocalization evidence	relevant_tissues
rs2269920	CAT-T2D	POSITIVE_DIRECTION_CONCORDANT	GTEx_v8	gtex_v8	chr4_6321727_A_C_b38	Muscle_Skeletal	WFS1	ENSG00000109501.13	1.18066e-06	0.186627	LOOKUP_RETURNED	2026-09-21	GTEx v8 API; raw p-values are descriptive and not used as colocalization evidence	relevant_tissues
rs2269920	CAT-T2D	POSITIVE_DIRECTION_CONCORDANT	GTEx_v8	gtex_v8	chr4_6321727_A_C_b38	Nerve_Tibial	WFS1	ENSG00000109501.13	1.39744e-05	0.154051	LOOKUP_RETURNED	2026-09-21	GTEx v8 API; raw p-values are descriptive and not used as colocalization evidence	relevant_tissues
rs2269920	CAT-T2D	POSITIVE_DIRECTION_CONCORDANT	GTEx_v8	gtex_v8	chr4_6321727_A_C_b38	Skin_Sun_Exposed_Lower_leg	WFS1	ENSG00000109501.13	3.55931e-12	0.249723	LOOKUP_RETURNED	2026-09-21	GTEx v8 API; raw p-values are descriptive and not used as colocalization evidence	relevant_tissues
rs2269920	CAT-T2D	POSITIVE_DIRECTION_CONCORDANT	GTEx_v8	gtex_v8	chr4_6321727_A_C_b38	Brain_Cerebellar_Hemisphere	WFS1	ENSG00000109501.13	2.89336e-07	0.521022	LOOKUP_RETURNED	2026-09-21	GTEx v8 API; raw p-values are descriptive and not used as colocalization evidence	relevant_tissues
rs2269920	CAT-T2D	POSITIVE_DIRECTION_CONCORDANT	GTEx_v8	gtex_v8	chr4_6321727_A_C_b38	Brain_Cerebellum	WFS1	ENSG00000109501.13	8.86681e-06	0.392094	LOOKUP_RETURNED	2026-09-21	GTEx v8 API; raw p-values are descriptive and not used as colocalization evidence	relevant_tissues
rs2269920	CAT-T2D	POSITIVE_DIRECTION_CONCORDANT	EyeGEx/retina								NOT_ASSESSED_STABLE_PUBLIC_API_NOT_CONFIGURED	2026-09-21	Optional retina xQTL lookup; no stable endpoint was used in this reproducible workflow	optional_source_status
rs2278524	AMD-T2D	NEGATIVE_DIRECTION_CONCORDANT	GTEx_v8	gtex_v8	chr17_4178680_G_A_b38	Heart_Left_Ventricle	ZZEF1	ENSG00000074755.14	4.38932e-08	0.16259	LOOKUP_RETURNED	2026-09-21	GTEx v8 API; raw p-values are descriptive and not used as colocalization evidence	relevant_tissues
rs2278524	AMD-T2D	NEGATIVE_DIRECTION_CONCORDANT	GTEx_v8	gtex_v8	chr17_4178680_G_A_b38	Brain_Putamen_basal_ganglia	RP11-104O19.4	ENSG00000274363.1	1.14572e-05	0.347118	LOOKUP_RETURNED	2026-09-21	GTEx v8 API; raw p-values are descriptive and not used as colocalization evidence	relevant_tissues
rs2278524	AMD-T2D	NEGATIVE_DIRECTION_CONCORDANT	GTEx_v8	gtex_v8	chr17_4178680_G_A_b38	Skin_Not_Sun_Exposed_Suprapubic	ZZEF1	ENSG00000074755.14	1.96694e-05	0.0810886	LOOKUP_RETURNED	2026-09-21	GTEx v8 API; raw p-values are descriptive and not used as colocalization evidence	relevant_tissues
rs2278524	AMD-T2D	NEGATIVE_DIRECTION_CONCORDANT	GTEx_v8	gtex_v8	chr17_4178680_G_A_b38	Brain_Cortex	ZZEF1	ENSG00000074755.14	8.895e-06	0.217113	LOOKUP_RETURNED	2026-09-21	GTEx v8 API; raw p-values are descriptive and not used as colocalization evidence	relevant_tissues
rs2278524	AMD-T2D	NEGATIVE_DIRECTION_CONCORDANT	GTEx_v8	gtex_v8	chr17_4178680_G_A_b38	Muscle_Skeletal	ZZEF1	ENSG00000074755.14	3.5924e-11	0.149205	LOOKUP_RETURNED	2026-09-21	GTEx v8 API; raw p-values are descriptive and not used as colocalization evidence	relevant_tissues
rs2278524	AMD-T2D	NEGATIVE_DIRECTION_CONCORDANT	GTEx_v8	gtex_v8	chr17_4178680_G_A_b38	Whole_Blood	ZZEF1	ENSG00000074755.14	1.76245e-05	0.0805679	LOOKUP_RETURNED	2026-09-21	GTEx v8 API; raw p-values are descriptive and not used as colocalization evidence	relevant_tissues
rs2278524	AMD-T2D	NEGATIVE_DIRECTION_CONCORDANT	GTEx_v8	gtex_v8	chr17_4178680_G_A_b38	Artery_Tibial	ZZEF1	ENSG00000074755.14	1.53429e-05	0.0844956	LOOKUP_RETURNED	2026-09-21	GTEx v8 API; raw p-values are descriptive and not used as colocalization evidence	relevant_tissues
rs2278524	AMD-T2D	NEGATIVE_DIRECTION_CONCORDANT	GTEx_v8	gtex_v8	chr17_4178680_G_A_b38	Artery_Tibial	CYB5D2	ENSG00000167740.9	1.07651e-08	0.194352	LOOKUP_RETURNED	2026-09-21	GTEx v8 API; raw p-values are descriptive and not used as colocalization evidence	relevant_tissues
rs2278524	AMD-T2D	NEGATIVE_DIRECTION_CONCORDANT	GTEx_v8	gtex_v8	chr17_4178680_G_A_b38	Artery_Tibial	ANKFY1	ENSG00000185722.16	8.22577e-05	0.122149	LOOKUP_RETURNED	2026-09-21	GTEx v8 API; raw p-values are descriptive and not used as colocalization evidence	relevant_tissues
rs2278524	AMD-T2D	NEGATIVE_DIRECTION_CONCORDANT	GTEx_v8	gtex_v8	chr17_4178680_G_A_b38	Artery_Tibial	UBE2G1	ENSG00000132388.12	4.26375e-06	0.089737	LOOKUP_RETURNED	2026-09-21	GTEx v8 API; raw p-values are descriptive and not used as colocalization evidence	relevant_tissues
rs2278524	AMD-T2D	NEGATIVE_DIRECTION_CONCORDANT	GTEx_v8	gtex_v8	chr17_4178680_G_A_b38	Nerve_Tibial	ZZEF1	ENSG00000074755.14	1.97544e-05	0.0909523	LOOKUP_RETURNED	2026-09-21	GTEx v8 API; raw p-values are descriptive and not used as colocalization evidence	relevant_tissues
rs2278524	AMD-T2D	NEGATIVE_DIRECTION_CONCORDANT	GTEx_v8	gtex_v8	chr17_4178680_G_A_b38	Artery_Aorta	CYB5D2	ENSG00000167740.9	1.98668e-06	0.210594	LOOKUP_RETURNED	2026-09-21	GTEx v8 API; raw p-values are descriptive and not used as colocalization evidence	relevant_tissues
rs2278524	AMD-T2D	NEGATIVE_DIRECTION_CONCORDANT	GTEx_v8	gtex_v8	chr17_4178680_G_A_b38	Adipose_Visceral_Omentum	ZZEF1	ENSG00000074755.14	1.34587e-06	0.104418	LOOKUP_RETURNED	2026-09-21	GTEx v8 API; raw p-values are descriptive and not used as colocalization evidence	relevant_tissues
rs2278524	AMD-T2D	NEGATIVE_DIRECTION_CONCORDANT	GTEx_v8	gtex_v8	chr17_4178680_G_A_b38	Adipose_Subcutaneous	CYB5D2	ENSG00000167740.9	3.85599e-05	0.141982	LOOKUP_RETURNED	2026-09-21	GTEx v8 API; raw p-values are descriptive and not used as colocalization evidence	relevant_tissues
rs2278524	AMD-T2D	NEGATIVE_DIRECTION_CONCORDANT	EyeGEx/retina								NOT_ASSESSED_STABLE_PUBLIC_API_NOT_CONFIGURED	2026-09-21	Optional retina xQTL lookup; no stable endpoint was used in this reproducible workflow	optional_source_status
rs228631	CAT-T2D	POSITIVE_DIRECTION_CONCORDANT	GTEx_v8	gtex_v8	chr4_102652706_C_T_b38	Small_Intestine_Terminal_Ileum	LRRC37A15P	ENSG00000230069.3	4.45304e-05	0.288434	LOOKUP_RETURNED	2026-09-21	GTEx v8 API; raw p-values are descriptive and not used as colocalization evidence	relevant_tissues
rs228631	CAT-T2D	POSITIVE_DIRECTION_CONCORDANT	GTEx_v8	gtex_v8	chr4_102652706_C_T_b38	Small_Intestine_Terminal_Ileum	MANBA	ENSG00000109323.8	2.5707e-05	0.159005	LOOKUP_RETURNED	2026-09-21	GTEx v8 API; raw p-values are descriptive and not used as colocalization evidence	relevant_tissues
rs228631	CAT-T2D	POSITIVE_DIRECTION_CONCORDANT	GTEx_v8	gtex_v8	chr4_102652706_C_T_b38	Skin_Not_Sun_Exposed_Suprapubic	KRT8P46	ENSG00000248971.2	6.28044e-12	0.376847	LOOKUP_RETURNED	2026-09-21	GTEx v8 API; raw p-values are descriptive and not used as colocalization evidence	relevant_tissues
rs228631	CAT-T2D	POSITIVE_DIRECTION_CONCORDANT	GTEx_v8	gtex_v8	chr4_102652706_C_T_b38	Skin_Not_Sun_Exposed_Suprapubic	LRRC37A15P	ENSG00000230069.3	1.28836e-08	0.327558	LOOKUP_RETURNED	2026-09-21	GTEx v8 API; raw p-values are descriptive and not used as colocalization evidence	relevant_tissues
rs228631	CAT-T2D	POSITIVE_DIRECTION_CONCORDANT	GTEx_v8	gtex_v8	chr4_102652706_C_T_b38	Skin_Not_Sun_Exposed_Suprapubic	MANBA	ENSG00000109323.8	8.5012e-05	0.136074	LOOKUP_RETURNED	2026-09-21	GTEx v8 API; raw p-values are descriptive and not used as colocalization evidence	relevant_tissues
rs228631	CAT-T2D	POSITIVE_DIRECTION_CONCORDANT	GTEx_v8	gtex_v8	chr4_102652706_C_T_b38	Skin_Not_Sun_Exposed_Suprapubic	RP11-10L12.4	ENSG00000246560.2	1.03765e-06	-0.251657	LOOKUP_RETURNED	2026-09-21	GTEx v8 API; raw p-values are descriptive and not used as colocalization evidence	relevant_tissues
rs228631	CAT-T2D	POSITIVE_DIRECTION_CONCORDANT	GTEx_v8	gtex_v8	chr4_102652706_C_T_b38	Skin_Not_Sun_Exposed_Suprapubic	CISD2	ENSG00000145354.9	1.26887e-16	0.247731	LOOKUP_RETURNED	2026-09-21	GTEx v8 API; raw p-values are descriptive and not used as colocalization evidence	relevant_tissues
rs228631	CAT-T2D	POSITIVE_DIRECTION_CONCORDANT	GTEx_v8	gtex_v8	chr4_102652706_C_T_b38	Skin_Not_Sun_Exposed_Suprapubic	BDH2	ENSG00000164039.14	1.27761e-10	-0.241	LOOKUP_RETURNED	2026-09-21	GTEx v8 API; raw p-values are descriptive and not used as colocalization evidence	relevant_tissues
rs228631	CAT-T2D	POSITIVE_DIRECTION_CONCORDANT	GTEx_v8	gtex_v8	chr4_102652706_C_T_b38	Artery_Coronary	BDH2	ENSG00000164039.14	5.57937e-05	-0.229281	LOOKUP_RETURNED	2026-09-21	GTEx v8 API; raw p-values are descriptive and not used as colocalization evidence	relevant_tissues
rs228631	CAT-T2D	POSITIVE_DIRECTION_CONCORDANT	GTEx_v8	gtex_v8	chr4_102652706_C_T_b38	Muscle_Skeletal	NFKB1	ENSG00000109320.11	6.96085e-08	-0.110051	LOOKUP_RETURNED	2026-09-21	GTEx v8 API; raw p-values are descriptive and not used as colocalization evidence	relevant_tissues
rs228631	CAT-T2D	POSITIVE_DIRECTION_CONCORDANT	GTEx_v8	gtex_v8	chr4_102652706_C_T_b38	Muscle_Skeletal	KRT8P46	ENSG00000248971.2	2.04264e-07	0.227805	LOOKUP_RETURNED	2026-09-21	GTEx v8 API; raw p-values are descriptive and not used as colocalization evidence	relevant_tissues
rs228631	CAT-T2D	POSITIVE_DIRECTION_CONCORDANT	GTEx_v8	gtex_v8	chr4_102652706_C_T_b38	Muscle_Skeletal	LRRC37A15P	ENSG00000230069.3	0.000218738	0.165472	LOOKUP_RETURNED	2026-09-21	GTEx v8 API; raw p-values are descriptive and not used as colocalization evidence	relevant_tissues
rs228631	CAT-T2D	POSITIVE_DIRECTION_CONCORDANT	GTEx_v8	gtex_v8	chr4_102652706_C_T_b38	Muscle_Skeletal	UBE2D3	ENSG00000109332.19	1.00871e-08	0.0832937	LOOKUP_RETURNED	2026-09-21	GTEx v8 API; raw p-values are descriptive and not used as colocalization evidence	relevant_tissues
rs228631	CAT-T2D	POSITIVE_DIRECTION_CONCORDANT	GTEx_v8	gtex_v8	chr4_102652706_C_T_b38	Muscle_Skeletal	BDH2	ENSG00000164039.14	2.43883e-11	-0.244802	LOOKUP_RETURNED	2026-09-21	GTEx v8 API; raw p-values are descriptive and not used as colocalization evidence	relevant_tissues
rs228631	CAT-T2D	POSITIVE_DIRECTION_CONCORDANT	GTEx_v8	gtex_v8	chr4_102652706_C_T_b38	Heart_Atrial_Appendage	UBE2D3	ENSG00000109332.19	2.0759e-05	0.079875	LOOKUP_RETURNED	2026-09-21	GTEx v8 API; raw p-values are descriptive and not used as colocalization evidence	relevant_tissues
rs228631	CAT-T2D	POSITIVE_DIRECTION_CONCORDANT	GTEx_v8	gtex_v8	chr4_102652706_C_T_b38	Heart_Atrial_Appendage	BDH2	ENSG00000164039.14	9.65385e-06	-0.204299	LOOKUP_RETURNED	2026-09-21	GTEx v8 API; raw p-values are descriptive and not used as colocalization evidence	relevant_tissues
rs228631	CAT-T2D	POSITIVE_DIRECTION_CONCORDANT	GTEx_v8	gtex_v8	chr4_102652706_C_T_b38	Whole_Blood	LRRC37A15P	ENSG00000230069.3	5.77052e-08	0.194524	LOOKUP_RETURNED	2026-09-21	GTEx v8 API; raw p-values are descriptive and not used as colocalization evidence	relevant_tissues
rs228631	CAT-T2D	POSITIVE_DIRECTION_CONCORDANT	GTEx_v8	gtex_v8	chr4_102652706_C_T_b38	Artery_Tibial	KRT8P46	ENSG00000248971.2	0.000156951	0.214876	LOOKUP_RETURNED	2026-09-21	GTEx v8 API; raw p-values are descriptive and not used as colocalization evidence	relevant_tissues
rs228631	CAT-T2D	POSITIVE_DIRECTION_CONCORDANT	GTEx_v8	gtex_v8	chr4_102652706_C_T_b38	Artery_Tibial	MANBA	ENSG00000109323.8	6.7984e-05	-0.112201	LOOKUP_RETURNED	2026-09-21	GTEx v8 API; raw p-values are descriptive and not used as colocalization evidence	relevant_tissues
rs228631	CAT-T2D	POSITIVE_DIRECTION_CONCORDANT	GTEx_v8	gtex_v8	chr4_102652706_C_T_b38	Artery_Tibial	CISD2	ENSG00000145354.9	1.31602e-11	0.193668	LOOKUP_RETURNED	2026-09-21	GTEx v8 API; raw p-values are descriptive and not used as colocalization evidence	relevant_tissues
rs228631	CAT-T2D	POSITIVE_DIRECTION_CONCORDANT	GTEx_v8	gtex_v8	chr4_102652706_C_T_b38	Artery_Tibial	BDH2	ENSG00000164039.14	1.85284e-13	-0.277794	LOOKUP_RETURNED	2026-09-21	GTEx v8 API; raw p-values are descriptive and not used as colocalization evidence	relevant_tissues
rs228631	CAT-T2D	POSITIVE_DIRECTION_CONCORDANT	GTEx_v8	gtex_v8	chr4_102652706_C_T_b38	Nerve_Tibial	KRT8P46	ENSG00000248971.2	1.9813e-10	0.377542	LOOKUP_RETURNED	2026-09-21	GTEx v8 API; raw p-values are descriptive and not used as colocalization evidence	relevant_tissues
rs228631	CAT-T2D	POSITIVE_DIRECTION_CONCORDANT	GTEx_v8	gtex_v8	chr4_102652706_C_T_b38	Nerve_Tibial	LRRC37A15P	ENSG00000230069.3	4.78933e-09	0.338282	LOOKUP_RETURNED	2026-09-21	GTEx v8 API; raw p-values are descriptive and not used as colocalization evidence	relevant_tissues
rs228631	CAT-T2D	POSITIVE_DIRECTION_CONCORDANT	GTEx_v8	gtex_v8	chr4_102652706_C_T_b38	Nerve_Tibial	RP11-10L12.2	ENSG00000251288.2	1.01282e-06	0.283916	LOOKUP_RETURNED	2026-09-21	GTEx v8 API; raw p-values are descriptive and not used as colocalization evidence	relevant_tissues
rs228631	CAT-T2D	POSITIVE_DIRECTION_CONCORDANT	GTEx_v8	gtex_v8	chr4_102652706_C_T_b38	Nerve_Tibial	RP11-10L12.4	ENSG00000246560.2	1.05845e-07	-0.225802	LOOKUP_RETURNED	2026-09-21	GTEx v8 API; raw p-values are descriptive and not used as colocalization evidence	relevant_tissues
rs228631	CAT-T2D	POSITIVE_DIRECTION_CONCORDANT	GTEx_v8	gtex_v8	chr4_102652706_C_T_b38	Nerve_Tibial	CISD2	ENSG00000145354.9	2.56384e-13	0.219994	LOOKUP_RETURNED	2026-09-21	GTEx v8 API; raw p-values are descriptive and not used as colocalization evidence	relevant_tissues
rs228631	CAT-T2D	POSITIVE_DIRECTION_CONCORDANT	GTEx_v8	gtex_v8	chr4_102652706_C_T_b38	Nerve_Tibial	BDH2	ENSG00000164039.14	9.13107e-11	-0.250785	LOOKUP_RETURNED	2026-09-21	GTEx v8 API; raw p-values are descriptive and not used as colocalization evidence	relevant_tissues
rs228631	CAT-T2D	POSITIVE_DIRECTION_CONCORDANT	GTEx_v8	gtex_v8	chr4_102652706_C_T_b38	Skin_Sun_Exposed_Lower_leg	KRT8P46	ENSG00000248971.2	1.48398e-08	0.2943	LOOKUP_RETURNED	2026-09-21	GTEx v8 API; raw p-values are descriptive and not used as colocalization evidence	relevant_tissues
rs228631	CAT-T2D	POSITIVE_DIRECTION_CONCORDANT	GTEx_v8	gtex_v8	chr4_102652706_C_T_b38	Skin_Sun_Exposed_Lower_leg	LRRC37A15P	ENSG00000230069.3	5.87654e-11	0.353342	LOOKUP_RETURNED	2026-09-21	GTEx v8 API; raw p-values are descriptive and not used as colocalization evidence	relevant_tissues
rs228631	CAT-T2D	POSITIVE_DIRECTION_CONCORDANT	GTEx_v8	gtex_v8	chr4_102652706_C_T_b38	Skin_Sun_Exposed_Lower_leg	CISD2	ENSG00000145354.9	2.42901e-17	0.240281	LOOKUP_RETURNED	2026-09-21	GTEx v8 API; raw p-values are descriptive and not used as colocalization evidence	relevant_tissues
rs228631	CAT-T2D	POSITIVE_DIRECTION_CONCORDANT	GTEx_v8	gtex_v8	chr4_102652706_C_T_b38	Skin_Sun_Exposed_Lower_leg	BDH2	ENSG00000164039.14	1.35512e-10	-0.211215	LOOKUP_RETURNED	2026-09-21	GTEx v8 API; raw p-values are descriptive and not used as colocalization evidence	relevant_tissues
rs228631	CAT-T2D	POSITIVE_DIRECTION_CONCORDANT	GTEx_v8	gtex_v8	chr4_102652706_C_T_b38	Brain_Hippocampus	BDH2	ENSG00000164039.14	3.97098e-05	-0.225315	LOOKUP_RETURNED	2026-09-21	GTEx v8 API; raw p-values are descriptive and not used as colocalization evidence	relevant_tissues
rs228631	CAT-T2D	POSITIVE_DIRECTION_CONCORDANT	GTEx_v8	gtex_v8	chr4_102652706_C_T_b38	Artery_Aorta	KRT8P46	ENSG00000248971.2	7.71183e-05	0.27901	LOOKUP_RETURNED	2026-09-21	GTEx v8 API; raw p-values are descriptive and not used as colocalization evidence	relevant_tissues
rs228631	CAT-T2D	POSITIVE_DIRECTION_CONCORDANT	GTEx_v8	gtex_v8	chr4_102652706_C_T_b38	Artery_Aorta	LRRC37A15P	ENSG00000230069.3	2.89432e-07	0.372976	LOOKUP_RETURNED	2026-09-21	GTEx v8 API; raw p-values are descriptive and not used as colocalization evidence	relevant_tissues
rs228631	CAT-T2D	POSITIVE_DIRECTION_CONCORDANT	GTEx_v8	gtex_v8	chr4_102652706_C_T_b38	Artery_Aorta	MANBA	ENSG00000109323.8	6.06265e-05	-0.156965	LOOKUP_RETURNED	2026-09-21	GTEx v8 API; raw p-values are descriptive and not used as colocalization evidence	relevant_tissues
rs228631	CAT-T2D	POSITIVE_DIRECTION_CONCORDANT	GTEx_v8	gtex_v8	chr4_102652706_C_T_b38	Artery_Aorta	BDH2	ENSG00000164039.14	2.93151e-09	-0.281182	LOOKUP_RETURNED	2026-09-21	GTEx v8 API; raw p-values are descriptive and not used as colocalization evidence	relevant_tissues
rs228631	CAT-T2D	POSITIVE_DIRECTION_CONCORDANT	GTEx_v8	gtex_v8	chr4_102652706_C_T_b38	Spleen	KRT8P46	ENSG00000248971.2	1.83471e-06	0.342453	LOOKUP_RETURNED	2026-09-21	GTEx v8 API; raw p-values are descriptive and not used as colocalization evidence	relevant_tissues
rs228631	CAT-T2D	POSITIVE_DIRECTION_CONCORDANT	GTEx_v8	gtex_v8	chr4_102652706_C_T_b38	Spleen	LRRC37A15P	ENSG00000230069.3	1.29153e-07	0.385937	LOOKUP_RETURNED	2026-09-21	GTEx v8 API; raw p-values are descriptive and not used as colocalization evidence	relevant_tissues
rs228631	CAT-T2D	POSITIVE_DIRECTION_CONCORDANT	GTEx_v8	gtex_v8	chr4_102652706_C_T_b38	Spleen	MANBA	ENSG00000109323.8	5.24244e-11	0.312652	LOOKUP_RETURNED	2026-09-21	GTEx v8 API; raw p-values are descriptive and not used as colocalization evidence	relevant_tissues
rs228631	CAT-T2D	POSITIVE_DIRECTION_CONCORDANT	GTEx_v8	gtex_v8	chr4_102652706_C_T_b38	Brain_Cerebellar_Hemisphere	LRRC37A15P	ENSG00000230069.3	9.59196e-08	0.385236	LOOKUP_RETURNED	2026-09-21	GTEx v8 API; raw p-values are descriptive and not used as colocalization evidence	relevant_tissues
rs228631	CAT-T2D	POSITIVE_DIRECTION_CONCORDANT	GTEx_v8	gtex_v8	chr4_102652706_C_T_b38	Brain_Cerebellar_Hemisphere	RP11-10L12.2	ENSG00000251288.2	8.27799e-05	0.406421	LOOKUP_RETURNED	2026-09-21	GTEx v8 API; raw p-values are descriptive and not used as colocalization evidence	relevant_tissues
rs228631	CAT-T2D	POSITIVE_DIRECTION_CONCORDANT	GTEx_v8	gtex_v8	chr4_102652706_C_T_b38	Brain_Cerebellar_Hemisphere	CISD2	ENSG00000145354.9	3.56492e-05	0.166843	LOOKUP_RETURNED	2026-09-21	GTEx v8 API; raw p-values are descriptive and not used as colocalization evidence	relevant_tissues
rs228631	CAT-T2D	POSITIVE_DIRECTION_CONCORDANT	GTEx_v8	gtex_v8	chr4_102652706_C_T_b38	Brain_Cerebellum	KRT8P46	ENSG00000248971.2	5.62102e-05	0.335226	LOOKUP_RETURNED	2026-09-21	GTEx v8 API; raw p-values are descriptive and not used as colocalization evidence	relevant_tissues
rs228631	CAT-T2D	POSITIVE_DIRECTION_CONCORDANT	GTEx_v8	gtex_v8	chr4_102652706_C_T_b38	Brain_Cerebellum	LRRC37A15P	ENSG00000230069.3	4.98531e-08	0.445465	LOOKUP_RETURNED	2026-09-21	GTEx v8 API; raw p-values are descriptive and not used as colocalization evidence	relevant_tissues
rs228631	CAT-T2D	POSITIVE_DIRECTION_CONCORDANT	GTEx_v8	gtex_v8	chr4_102652706_C_T_b38	Brain_Cerebellum	CISD2	ENSG00000145354.9	5.39683e-10	0.251535	LOOKUP_RETURNED	2026-09-21	GTEx v8 API; raw p-values are descriptive and not used as colocalization evidence	relevant_tissues
rs228631	CAT-T2D	POSITIVE_DIRECTION_CONCORDANT	GTEx_v8	gtex_v8	chr4_102652706_C_T_b38	Adipose_Visceral_Omentum	KRT8P46	ENSG00000248971.2	1.40969e-07	0.310321	LOOKUP_RETURNED	2026-09-21	GTEx v8 API; raw p-values are descriptive and not used as colocalization evidence	relevant_tissues
rs228631	CAT-T2D	POSITIVE_DIRECTION_CONCORDANT	GTEx_v8	gtex_v8	chr4_102652706_C_T_b38	Adipose_Visceral_Omentum	LRRC37A15P	ENSG00000230069.3	3.00082e-06	0.276332	LOOKUP_RETURNED	2026-09-21	GTEx v8 API; raw p-values are descriptive and not used as colocalization evidence	relevant_tissues
rs228631	CAT-T2D	POSITIVE_DIRECTION_CONCORDANT	GTEx_v8	gtex_v8	chr4_102652706_C_T_b38	Adipose_Visceral_Omentum	RP11-10L12.4	ENSG00000246560.2	6.27614e-05	-0.183942	LOOKUP_RETURNED	2026-09-21	GTEx v8 API; raw p-values are descriptive and not used as colocalization evidence	relevant_tissues
rs228631	CAT-T2D	POSITIVE_DIRECTION_CONCORDANT	GTEx_v8	gtex_v8	chr4_102652706_C_T_b38	Adipose_Visceral_Omentum	CISD2	ENSG00000145354.9	2.92506e-09	0.173473	LOOKUP_RETURNED	2026-09-21	GTEx v8 API; raw p-values are descriptive and not used as colocalization evidence	relevant_tissues
rs228631	CAT-T2D	POSITIVE_DIRECTION_CONCORDANT	GTEx_v8	gtex_v8	chr4_102652706_C_T_b38	Adipose_Visceral_Omentum	BDH2	ENSG00000164039.14	1.91457e-09	-0.179585	LOOKUP_RETURNED	2026-09-21	GTEx v8 API; raw p-values are descriptive and not used as colocalization evidence	relevant_tissues
rs228631	CAT-T2D	POSITIVE_DIRECTION_CONCORDANT	GTEx_v8	gtex_v8	chr4_102652706_C_T_b38	Adipose_Subcutaneous	KRT8P46	ENSG00000248971.2	1.22079e-08	0.302805	LOOKUP_RETURNED	2026-09-21	GTEx v8 API; raw p-values are descriptive and not used as colocalization evidence	relevant_tissues
rs228631	CAT-T2D	POSITIVE_DIRECTION_CONCORDANT	GTEx_v8	gtex_v8	chr4_102652706_C_T_b38	Adipose_Subcutaneous	LRRC37A15P	ENSG00000230069.3	8.25763e-13	0.373183	LOOKUP_RETURNED	2026-09-21	GTEx v8 API; raw p-values are descriptive and not used as colocalization evidence	relevant_tissues
rs228631	CAT-T2D	POSITIVE_DIRECTION_CONCORDANT	GTEx_v8	gtex_v8	chr4_102652706_C_T_b38	Adipose_Subcutaneous	CISD2	ENSG00000145354.9	1.09562e-10	0.19615	LOOKUP_RETURNED	2026-09-21	GTEx v8 API; raw p-values are descriptive and not used as colocalization evidence	relevant_tissues
rs228631	CAT-T2D	POSITIVE_DIRECTION_CONCORDANT	GTEx_v8	gtex_v8	chr4_102652706_C_T_b38	Adipose_Subcutaneous	BDH2	ENSG00000164039.14	2.18504e-10	-0.184302	LOOKUP_RETURNED	2026-09-21	GTEx v8 API; raw p-values are descriptive and not used as colocalization evidence	relevant_tissues
rs228631	CAT-T2D	POSITIVE_DIRECTION_CONCORDANT	GTEx_v8	gtex_v8	chr4_102652706_C_T_b38	Pancreas	KRT8P46	ENSG00000248971.2	1.46067e-07	0.431317	LOOKUP_RETURNED	2026-09-21	GTEx v8 API; raw p-values are descriptive and not used as colocalization evidence	relevant_tissues
rs228631	CAT-T2D	POSITIVE_DIRECTION_CONCORDANT	GTEx_v8	gtex_v8	chr4_102652706_C_T_b38	Pancreas	RP11-10L12.4	ENSG00000246560.2	5.33986e-08	-0.405924	LOOKUP_RETURNED	2026-09-21	GTEx v8 API; raw p-values are descriptive and not used as colocalization evidence	relevant_tissues
rs228631	CAT-T2D	POSITIVE_DIRECTION_CONCORDANT	GTEx_v8	gtex_v8	chr4_102652706_C_T_b38	Pancreas	UBE2D3	ENSG00000109332.19	7.57885e-13	0.215145	LOOKUP_RETURNED	2026-09-21	GTEx v8 API; raw p-values are descriptive and not used as colocalization evidence	relevant_tissues
rs228631	CAT-T2D	POSITIVE_DIRECTION_CONCORDANT	EyeGEx/retina								NOT_ASSESSED_STABLE_PUBLIC_API_NOT_CONFIGURED	2026-09-21	Optional retina xQTL lookup; no stable endpoint was used in this reproducible workflow	optional_source_status
rs2727074	AMD-STROKE	NEGATIVE_DIRECTION_CONCORDANT	GTEx_v8	gtex_v8	chr17_4091376_A_G_b38	Heart_Left_Ventricle	ZZEF1	ENSG00000074755.14	1.60076e-06	-0.12979	LOOKUP_RETURNED	2026-09-21	GTEx v8 API; raw p-values are descriptive and not used as colocalization evidence	relevant_tissues
rs2727074	AMD-STROKE	NEGATIVE_DIRECTION_CONCORDANT	GTEx_v8	gtex_v8	chr17_4091376_A_G_b38	Brain_Putamen_basal_ganglia	ZZEF1	ENSG00000074755.14	5.8009e-06	-0.227061	LOOKUP_RETURNED	2026-09-21	GTEx v8 API; raw p-values are descriptive and not used as colocalization evidence	relevant_tissues
rs2727074	AMD-STROKE	NEGATIVE_DIRECTION_CONCORDANT	GTEx_v8	gtex_v8	chr17_4091376_A_G_b38	Skin_Not_Sun_Exposed_Suprapubic	ZZEF1	ENSG00000074755.14	5.2159e-09	-0.103716	LOOKUP_RETURNED	2026-09-21	GTEx v8 API; raw p-values are descriptive and not used as colocalization evidence	relevant_tissues
rs2727074	AMD-STROKE	NEGATIVE_DIRECTION_CONCORDANT	GTEx_v8	gtex_v8	chr17_4091376_A_G_b38	Skin_Not_Sun_Exposed_Suprapubic	ANKFY1	ENSG00000185722.16	9.80193e-05	0.110201	LOOKUP_RETURNED	2026-09-21	GTEx v8 API; raw p-values are descriptive and not used as colocalization evidence	relevant_tissues
rs2727074	AMD-STROKE	NEGATIVE_DIRECTION_CONCORDANT	GTEx_v8	gtex_v8	chr17_4091376_A_G_b38	Brain_Cortex	ZZEF1	ENSG00000074755.14	2.24168e-06	-0.211049	LOOKUP_RETURNED	2026-09-21	GTEx v8 API; raw p-values are descriptive and not used as colocalization evidence	relevant_tissues
rs2727074	AMD-STROKE	NEGATIVE_DIRECTION_CONCORDANT	GTEx_v8	gtex_v8	chr17_4091376_A_G_b38	Artery_Coronary	CYB5D2	ENSG00000167740.9	6.37453e-06	-0.237987	LOOKUP_RETURNED	2026-09-21	GTEx v8 API; raw p-values are descriptive and not used as colocalization evidence	relevant_tissues
rs2727074	AMD-STROKE	NEGATIVE_DIRECTION_CONCORDANT	GTEx_v8	gtex_v8	chr17_4091376_A_G_b38	Muscle_Skeletal	ZZEF1	ENSG00000074755.14	1.40673e-09	-0.124885	LOOKUP_RETURNED	2026-09-21	GTEx v8 API; raw p-values are descriptive and not used as colocalization evidence	relevant_tissues
rs2727074	AMD-STROKE	NEGATIVE_DIRECTION_CONCORDANT	GTEx_v8	gtex_v8	chr17_4091376_A_G_b38	Heart_Atrial_Appendage	UBE2G1	ENSG00000132388.12	1.14314e-05	0.0941836	LOOKUP_RETURNED	2026-09-21	GTEx v8 API; raw p-values are descriptive and not used as colocalization evidence	relevant_tissues
rs2727074	AMD-STROKE	NEGATIVE_DIRECTION_CONCORDANT	GTEx_v8	gtex_v8	chr17_4091376_A_G_b38	Artery_Tibial	ZZEF1	ENSG00000074755.14	4.07849e-07	-0.0916558	LOOKUP_RETURNED	2026-09-21	GTEx v8 API; raw p-values are descriptive and not used as colocalization evidence	relevant_tissues
rs2727074	AMD-STROKE	NEGATIVE_DIRECTION_CONCORDANT	GTEx_v8	gtex_v8	chr17_4091376_A_G_b38	Artery_Tibial	CYB5D2	ENSG00000167740.9	1.24033e-19	-0.279572	LOOKUP_RETURNED	2026-09-21	GTEx v8 API; raw p-values are descriptive and not used as colocalization evidence	relevant_tissues
rs2727074	AMD-STROKE	NEGATIVE_DIRECTION_CONCORDANT	GTEx_v8	gtex_v8	chr17_4091376_A_G_b38	Artery_Tibial	ANKFY1	ENSG00000185722.16	8.09987e-09	-0.164765	LOOKUP_RETURNED	2026-09-21	GTEx v8 API; raw p-values are descriptive and not used as colocalization evidence	relevant_tissues
rs2727074	AMD-STROKE	NEGATIVE_DIRECTION_CONCORDANT	GTEx_v8	gtex_v8	chr17_4091376_A_G_b38	Artery_Tibial	UBE2G1	ENSG00000132388.12	5.92418e-06	-0.0821444	LOOKUP_RETURNED	2026-09-21	GTEx v8 API; raw p-values are descriptive and not used as colocalization evidence	relevant_tissues
rs2727074	AMD-STROKE	NEGATIVE_DIRECTION_CONCORDANT	GTEx_v8	gtex_v8	chr17_4091376_A_G_b38	Nerve_Tibial	ATP2A3	ENSG00000074370.17	1.00301e-05	-0.143465	LOOKUP_RETURNED	2026-09-21	GTEx v8 API; raw p-values are descriptive and not used as colocalization evidence	relevant_tissues
rs2727074	AMD-STROKE	NEGATIVE_DIRECTION_CONCORDANT	GTEx_v8	gtex_v8	chr17_4091376_A_G_b38	Nerve_Tibial	ZZEF1	ENSG00000074755.14	3.44612e-06	-0.0892001	LOOKUP_RETURNED	2026-09-21	GTEx v8 API; raw p-values are descriptive and not used as colocalization evidence	relevant_tissues
rs2727074	AMD-STROKE	NEGATIVE_DIRECTION_CONCORDANT	GTEx_v8	gtex_v8	chr17_4091376_A_G_b38	Nerve_Tibial	CYB5D2	ENSG00000167740.9	4.47006e-06	-0.141355	LOOKUP_RETURNED	2026-09-21	GTEx v8 API; raw p-values are descriptive and not used as colocalization evidence	relevant_tissues
rs2727074	AMD-STROKE	NEGATIVE_DIRECTION_CONCORDANT	GTEx_v8	gtex_v8	chr17_4091376_A_G_b38	Nerve_Tibial	ANKFY1	ENSG00000185722.16	6.48313e-06	0.137069	LOOKUP_RETURNED	2026-09-21	GTEx v8 API; raw p-values are descriptive and not used as colocalization evidence	relevant_tissues
rs2727074	AMD-STROKE	NEGATIVE_DIRECTION_CONCORDANT	GTEx_v8	gtex_v8	chr17_4091376_A_G_b38	Skin_Sun_Exposed_Lower_leg	ZZEF1	ENSG00000074755.14	5.3293e-07	-0.0889164	LOOKUP_RETURNED	2026-09-21	GTEx v8 API; raw p-values are descriptive and not used as colocalization evidence	relevant_tissues
rs2727074	AMD-STROKE	NEGATIVE_DIRECTION_CONCORDANT	GTEx_v8	gtex_v8	chr17_4091376_A_G_b38	Artery_Aorta	CYB5D2	ENSG00000167740.9	7.4864e-10	-0.248724	LOOKUP_RETURNED	2026-09-21	GTEx v8 API; raw p-values are descriptive and not used as colocalization evidence	relevant_tissues
rs2727074	AMD-STROKE	NEGATIVE_DIRECTION_CONCORDANT	GTEx_v8	gtex_v8	chr17_4091376_A_G_b38	Adipose_Visceral_Omentum	ZZEF1	ENSG00000074755.14	4.10659e-06	-0.0910182	LOOKUP_RETURNED	2026-09-21	GTEx v8 API; raw p-values are descriptive and not used as colocalization evidence	relevant_tissues
rs2727074	AMD-STROKE	NEGATIVE_DIRECTION_CONCORDANT	GTEx_v8	gtex_v8	chr17_4091376_A_G_b38	Adipose_Subcutaneous	ATP2A3	ENSG00000074370.17	2.95498e-05	-0.12537	LOOKUP_RETURNED	2026-09-21	GTEx v8 API; raw p-values are descriptive and not used as colocalization evidence	relevant_tissues
rs2727074	AMD-STROKE	NEGATIVE_DIRECTION_CONCORDANT	GTEx_v8	gtex_v8	chr17_4091376_A_G_b38	Adipose_Subcutaneous	ZZEF1	ENSG00000074755.14	4.16616e-05	-0.0817285	LOOKUP_RETURNED	2026-09-21	GTEx v8 API; raw p-values are descriptive and not used as colocalization evidence	relevant_tissues
rs2727074	AMD-STROKE	NEGATIVE_DIRECTION_CONCORDANT	GTEx_v8	gtex_v8	chr17_4091376_A_G_b38	Adipose_Subcutaneous	CYB5D2	ENSG00000167740.9	7.31237e-13	-0.224725	LOOKUP_RETURNED	2026-09-21	GTEx v8 API; raw p-values are descriptive and not used as colocalization evidence	relevant_tissues
rs2727074	AMD-STROKE	NEGATIVE_DIRECTION_CONCORDANT	EyeGEx/retina								NOT_ASSESSED_STABLE_PUBLIC_API_NOT_CONFIGURED	2026-09-21	Optional retina xQTL lookup; no stable endpoint was used in this reproducible workflow	optional_source_status
rs2938154	CAT-CAD	POSITIVE_DIRECTION_CONCORDANT	GTEx_v8	gtex_v8	chr1_176416129_T_G_b38	Whole_Blood	RP11-318C24.2	ENSG00000227740.1	1.36277e-05	-0.116923	LOOKUP_RETURNED	2026-09-21	GTEx v8 API; raw p-values are descriptive and not used as colocalization evidence	relevant_tissues
rs2938154	CAT-CAD	POSITIVE_DIRECTION_CONCORDANT	EyeGEx/retina								NOT_ASSESSED_STABLE_PUBLIC_API_NOT_CONFIGURED	2026-09-21	Optional retina xQTL lookup; no stable endpoint was used in this reproducible workflow	optional_source_status
rs34358	AMD-T2D	POSITIVE_DIRECTION_CONCORDANT	GTEx_v8	gtex_v8	chr5_75669297_G_A_b38	Skin_Not_Sun_Exposed_Suprapubic	CTD-2235C13.3	ENSG00000271815.1	0.000111385	0.193349	LOOKUP_RETURNED	2026-09-21	GTEx v8 API; raw p-values are descriptive and not used as colocalization evidence	relevant_tissues
rs34358	AMD-T2D	POSITIVE_DIRECTION_CONCORDANT	GTEx_v8	gtex_v8	chr5_75669297_G_A_b38	Skin_Not_Sun_Exposed_Suprapubic	ANKDD1B	ENSG00000189045.13	6.70047e-15	0.309165	LOOKUP_RETURNED	2026-09-21	GTEx v8 API; raw p-values are descriptive and not used as colocalization evidence	relevant_tissues
rs34358	AMD-T2D	POSITIVE_DIRECTION_CONCORDANT	GTEx_v8	gtex_v8	chr5_75669297_G_A_b38	Skin_Not_Sun_Exposed_Suprapubic	POC5	ENSG00000152359.14	0.000168359	-0.149413	LOOKUP_RETURNED	2026-09-21	GTEx v8 API; raw p-values are descriptive and not used as colocalization evidence	relevant_tissues
rs34358	AMD-T2D	POSITIVE_DIRECTION_CONCORDANT	GTEx_v8	gtex_v8	chr5_75669297_G_A_b38	Brain_Cortex	POC5	ENSG00000152359.14	5.4632e-05	-0.269847	LOOKUP_RETURNED	2026-09-21	GTEx v8 API; raw p-values are descriptive and not used as colocalization evidence	relevant_tissues
rs34358	AMD-T2D	POSITIVE_DIRECTION_CONCORDANT	GTEx_v8	gtex_v8	chr5_75669297_G_A_b38	Artery_Tibial	LINC01336	ENSG00000250889.2	1.16874e-05	0.23994	LOOKUP_RETURNED	2026-09-21	GTEx v8 API; raw p-values are descriptive and not used as colocalization evidence	relevant_tissues
rs34358	AMD-T2D	POSITIVE_DIRECTION_CONCORDANT	GTEx_v8	gtex_v8	chr5_75669297_G_A_b38	Nerve_Tibial	POLK	ENSG00000122008.15	4.44418e-05	-0.104446	LOOKUP_RETURNED	2026-09-21	GTEx v8 API; raw p-values are descriptive and not used as colocalization evidence	relevant_tissues
rs34358	AMD-T2D	POSITIVE_DIRECTION_CONCORDANT	GTEx_v8	gtex_v8	chr5_75669297_G_A_b38	Nerve_Tibial	ANKDD1B	ENSG00000189045.13	1.9507999999999999e-32	0.411388	LOOKUP_RETURNED	2026-09-21	GTEx v8 API; raw p-values are descriptive and not used as colocalization evidence	relevant_tissues
rs34358	AMD-T2D	POSITIVE_DIRECTION_CONCORDANT	GTEx_v8	gtex_v8	chr5_75669297_G_A_b38	Skin_Sun_Exposed_Lower_leg	ANKDD1B	ENSG00000189045.13	1.50878e-08	0.224223	LOOKUP_RETURNED	2026-09-21	GTEx v8 API; raw p-values are descriptive and not used as colocalization evidence	relevant_tissues
rs34358	AMD-T2D	POSITIVE_DIRECTION_CONCORDANT	GTEx_v8	gtex_v8	chr5_75669297_G_A_b38	Skin_Sun_Exposed_Lower_leg	POC5	ENSG00000152359.14	9.22075e-05	-0.129173	LOOKUP_RETURNED	2026-09-21	GTEx v8 API; raw p-values are descriptive and not used as colocalization evidence	relevant_tissues
rs34358	AMD-T2D	POSITIVE_DIRECTION_CONCORDANT	GTEx_v8	gtex_v8	chr5_75669297_G_A_b38	Spleen	ANKDD1B	ENSG00000189045.13	1.04341e-05	0.369696	LOOKUP_RETURNED	2026-09-21	GTEx v8 API; raw p-values are descriptive and not used as colocalization evidence	relevant_tissues
rs34358	AMD-T2D	POSITIVE_DIRECTION_CONCORDANT	GTEx_v8	gtex_v8	chr5_75669297_G_A_b38	Spleen	POC5	ENSG00000152359.14	1.33355e-07	-0.42071	LOOKUP_RETURNED	2026-09-21	GTEx v8 API; raw p-values are descriptive and not used as colocalization evidence	relevant_tissues
rs34358	AMD-T2D	POSITIVE_DIRECTION_CONCORDANT	GTEx_v8	gtex_v8	chr5_75669297_G_A_b38	Brain_Cerebellar_Hemisphere	POLK	ENSG00000122008.15	1.11183e-06	-0.194663	LOOKUP_RETURNED	2026-09-21	GTEx v8 API; raw p-values are descriptive and not used as colocalization evidence	relevant_tissues
rs34358	AMD-T2D	POSITIVE_DIRECTION_CONCORDANT	GTEx_v8	gtex_v8	chr5_75669297_G_A_b38	Brain_Cerebellar_Hemisphere	ANKDD1B	ENSG00000189045.13	3.44444e-06	0.48256	LOOKUP_RETURNED	2026-09-21	GTEx v8 API; raw p-values are descriptive and not used as colocalization evidence	relevant_tissues
rs34358	AMD-T2D	POSITIVE_DIRECTION_CONCORDANT	GTEx_v8	gtex_v8	chr5_75669297_G_A_b38	Brain_Cerebellar_Hemisphere	POC5	ENSG00000152359.14	2.13595e-07	-0.395917	LOOKUP_RETURNED	2026-09-21	GTEx v8 API; raw p-values are descriptive and not used as colocalization evidence	relevant_tissues
rs34358	AMD-T2D	POSITIVE_DIRECTION_CONCORDANT	GTEx_v8	gtex_v8	chr5_75669297_G_A_b38	Brain_Cerebellum	ANKDD1B	ENSG00000189045.13	7.27414e-12	0.663892	LOOKUP_RETURNED	2026-09-21	GTEx v8 API; raw p-values are descriptive and not used as colocalization evidence	relevant_tissues
rs34358	AMD-T2D	POSITIVE_DIRECTION_CONCORDANT	GTEx_v8	gtex_v8	chr5_75669297_G_A_b38	Brain_Cerebellum	POC5	ENSG00000152359.14	8.2164e-05	-0.29762	LOOKUP_RETURNED	2026-09-21	GTEx v8 API; raw p-values are descriptive and not used as colocalization evidence	relevant_tissues
rs34358	AMD-T2D	POSITIVE_DIRECTION_CONCORDANT	GTEx_v8	gtex_v8	chr5_75669297_G_A_b38	Adipose_Visceral_Omentum	ANKDD1B	ENSG00000189045.13	4.94294e-05	0.210541	LOOKUP_RETURNED	2026-09-21	GTEx v8 API; raw p-values are descriptive and not used as colocalization evidence	relevant_tissues
rs34358	AMD-T2D	POSITIVE_DIRECTION_CONCORDANT	GTEx_v8	gtex_v8	chr5_75669297_G_A_b38	Adipose_Subcutaneous	POC5	ENSG00000152359.14	5.74429e-06	-0.14382	LOOKUP_RETURNED	2026-09-21	GTEx v8 API; raw p-values are descriptive and not used as colocalization evidence	relevant_tissues
rs34358	AMD-T2D	POSITIVE_DIRECTION_CONCORDANT	GTEx_v8	gtex_v8	chr5_75669297_G_A_b38	Pancreas	POC5	ENSG00000152359.14	2.66252e-09	-0.428828	LOOKUP_RETURNED	2026-09-21	GTEx v8 API; raw p-values are descriptive and not used as colocalization evidence	relevant_tissues
rs34358	AMD-T2D	POSITIVE_DIRECTION_CONCORDANT	EyeGEx/retina								NOT_ASSESSED_STABLE_PUBLIC_API_NOT_CONFIGURED	2026-09-21	Optional retina xQTL lookup; no stable endpoint was used in this reproducible workflow	optional_source_status
rs34626131	CAT-AD	NEGATIVE_DIRECTION_CONCORDANT	GTEx_v8	gtex_v8							OK	2026-09-21	GTEx API variant identifier lookup	relevant_tissues
rs3747207	CAT-T2D	NEGATIVE_DIRECTION_CONCORDANT	GTEx_v8	gtex_v8	chr22_43928975_G_A_b38	Skin_Not_Sun_Exposed_Suprapubic	PNPLA3	ENSG00000100344.10	1.28041e-07	-0.183368	LOOKUP_RETURNED	2026-09-21	GTEx v8 API; raw p-values are descriptive and not used as colocalization evidence	relevant_tissues
rs3747207	CAT-T2D	NEGATIVE_DIRECTION_CONCORDANT	GTEx_v8	gtex_v8	chr22_43928975_G_A_b38	Skin_Sun_Exposed_Lower_leg	PNPLA3	ENSG00000100344.10	2.48577e-06	-0.134117	LOOKUP_RETURNED	2026-09-21	GTEx v8 API; raw p-values are descriptive and not used as colocalization evidence	relevant_tissues
rs3747207	CAT-T2D	NEGATIVE_DIRECTION_CONCORDANT	GTEx_v8	gtex_v8	chr22_43928975_G_A_b38	Adipose_Visceral_Omentum	SAMM50	ENSG00000100347.14	2.58198e-05	0.133376	LOOKUP_RETURNED	2026-09-21	GTEx v8 API; raw p-values are descriptive and not used as colocalization evidence	relevant_tissues
rs3747207	CAT-T2D	NEGATIVE_DIRECTION_CONCORDANT	GTEx_v8	gtex_v8	chr22_43928975_G_A_b38	Adipose_Subcutaneous	SAMM50	ENSG00000100347.14	7.3683e-09	0.186857	LOOKUP_RETURNED	2026-09-21	GTEx v8 API; raw p-values are descriptive and not used as colocalization evidence	relevant_tissues
rs3747207	CAT-T2D	NEGATIVE_DIRECTION_CONCORDANT	EyeGEx/retina								NOT_ASSESSED_STABLE_PUBLIC_API_NOT_CONFIGURED	2026-09-21	Optional retina xQTL lookup; no stable endpoint was used in this reproducible workflow	optional_source_status
rs3851734	CAT-CAD	POSITIVE_DIRECTION_CONCORDANT	GTEx_v8	gtex_v8	chr16_75338022_T_C_b38	Heart_Left_Ventricle	RP11-252K23.2	ENSG00000261783.1	4.01365e-10	-0.408455	LOOKUP_RETURNED	2026-09-21	GTEx v8 API; raw p-values are descriptive and not used as colocalization evidence	relevant_tissues
rs3851734	CAT-CAD	POSITIVE_DIRECTION_CONCORDANT	GTEx_v8	gtex_v8	chr16_75338022_T_C_b38	Brain_Putamen_basal_ganglia	RP11-252K23.2	ENSG00000261783.1	1.12074e-05	-0.52581	LOOKUP_RETURNED	2026-09-21	GTEx v8 API; raw p-values are descriptive and not used as colocalization evidence	relevant_tissues
rs3851734	CAT-CAD	POSITIVE_DIRECTION_CONCORDANT	GTEx_v8	gtex_v8	chr16_75338022_T_C_b38	Liver	RP11-252K23.2	ENSG00000261783.1	2.38034e-09	-0.589694	LOOKUP_RETURNED	2026-09-21	GTEx v8 API; raw p-values are descriptive and not used as colocalization evidence	relevant_tissues
rs3851734	CAT-CAD	POSITIVE_DIRECTION_CONCORDANT	GTEx_v8	gtex_v8	chr16_75338022_T_C_b38	Small_Intestine_Terminal_Ileum	RP11-252K23.2	ENSG00000261783.1	2.23997e-14	-0.675594	LOOKUP_RETURNED	2026-09-21	GTEx v8 API; raw p-values are descriptive and not used as colocalization evidence	relevant_tissues
rs3851734	CAT-CAD	POSITIVE_DIRECTION_CONCORDANT	GTEx_v8	gtex_v8	chr16_75338022_T_C_b38	Skin_Not_Sun_Exposed_Suprapubic	BCAR1	ENSG00000050820.16	1.06133e-06	-0.107969	LOOKUP_RETURNED	2026-09-21	GTEx v8 API; raw p-values are descriptive and not used as colocalization evidence	relevant_tissues
rs3851734	CAT-CAD	POSITIVE_DIRECTION_CONCORDANT	GTEx_v8	gtex_v8	chr16_75338022_T_C_b38	Skin_Not_Sun_Exposed_Suprapubic	RP11-252K23.2	ENSG00000261783.1	1.52921e-20	-0.525643	LOOKUP_RETURNED	2026-09-21	GTEx v8 API; raw p-values are descriptive and not used as colocalization evidence	relevant_tissues
rs3851734	CAT-CAD	POSITIVE_DIRECTION_CONCORDANT	GTEx_v8	gtex_v8	chr16_75338022_T_C_b38	Skin_Not_Sun_Exposed_Suprapubic	CFDP1	ENSG00000153774.8	4.60474e-09	-0.124356	LOOKUP_RETURNED	2026-09-21	GTEx v8 API; raw p-values are descriptive and not used as colocalization evidence	relevant_tissues
rs3851734	CAT-CAD	POSITIVE_DIRECTION_CONCORDANT	GTEx_v8	gtex_v8	chr16_75338022_T_C_b38	Skin_Not_Sun_Exposed_Suprapubic	TMEM170A	ENSG00000166822.12	2.13439e-10	0.228785	LOOKUP_RETURNED	2026-09-21	GTEx v8 API; raw p-values are descriptive and not used as colocalization evidence	relevant_tissues
rs3851734	CAT-CAD	POSITIVE_DIRECTION_CONCORDANT	GTEx_v8	gtex_v8	chr16_75338022_T_C_b38	Brain_Substantia_nigra	RP11-252K23.2	ENSG00000261783.1	1.06176e-05	-0.66655	LOOKUP_RETURNED	2026-09-21	GTEx v8 API; raw p-values are descriptive and not used as colocalization evidence	relevant_tissues
rs3851734	CAT-CAD	POSITIVE_DIRECTION_CONCORDANT	GTEx_v8	gtex_v8	chr16_75338022_T_C_b38	Brain_Nucleus_accumbens_basal_ganglia	RP11-252K23.2	ENSG00000261783.1	2.7674e-09	-0.610622	LOOKUP_RETURNED	2026-09-21	GTEx v8 API; raw p-values are descriptive and not used as colocalization evidence	relevant_tissues
rs3851734	CAT-CAD	POSITIVE_DIRECTION_CONCORDANT	GTEx_v8	gtex_v8	chr16_75338022_T_C_b38	Brain_Cortex	CFDP1	ENSG00000153774.8	4.71938e-06	-0.231468	LOOKUP_RETURNED	2026-09-21	GTEx v8 API; raw p-values are descriptive and not used as colocalization evidence	relevant_tissues
rs3851734	CAT-CAD	POSITIVE_DIRECTION_CONCORDANT	GTEx_v8	gtex_v8	chr16_75338022_T_C_b38	Artery_Coronary	RP11-252K23.2	ENSG00000261783.1	1.61477e-17	-0.696773	LOOKUP_RETURNED	2026-09-21	GTEx v8 API; raw p-values are descriptive and not used as colocalization evidence	relevant_tissues
rs3851734	CAT-CAD	POSITIVE_DIRECTION_CONCORDANT	GTEx_v8	gtex_v8	chr16_75338022_T_C_b38	Muscle_Skeletal	RP11-252K23.2	ENSG00000261783.1	1.30707e-11	-0.324915	LOOKUP_RETURNED	2026-09-21	GTEx v8 API; raw p-values are descriptive and not used as colocalization evidence	relevant_tissues
rs3851734	CAT-CAD	POSITIVE_DIRECTION_CONCORDANT	GTEx_v8	gtex_v8	chr16_75338022_T_C_b38	Muscle_Skeletal	CFDP1	ENSG00000153774.8	7.41105e-12	-0.162957	LOOKUP_RETURNED	2026-09-21	GTEx v8 API; raw p-values are descriptive and not used as colocalization evidence	relevant_tissues
rs3851734	CAT-CAD	POSITIVE_DIRECTION_CONCORDANT	GTEx_v8	gtex_v8	chr16_75338022_T_C_b38	Muscle_Skeletal	TMEM170A	ENSG00000166822.12	4.30715e-05	-0.101994	LOOKUP_RETURNED	2026-09-21	GTEx v8 API; raw p-values are descriptive and not used as colocalization evidence	relevant_tissues
rs3851734	CAT-CAD	POSITIVE_DIRECTION_CONCORDANT	GTEx_v8	gtex_v8	chr16_75338022_T_C_b38	Heart_Atrial_Appendage	RP11-252K23.2	ENSG00000261783.1	7.51288e-17	-0.58883	LOOKUP_RETURNED	2026-09-21	GTEx v8 API; raw p-values are descriptive and not used as colocalization evidence	relevant_tissues
rs3851734	CAT-CAD	POSITIVE_DIRECTION_CONCORDANT	GTEx_v8	gtex_v8	chr16_75338022_T_C_b38	Brain_Hypothalamus	RP11-252K23.2	ENSG00000261783.1	9.0236e-06	-0.509813	LOOKUP_RETURNED	2026-09-21	GTEx v8 API; raw p-values are descriptive and not used as colocalization evidence	relevant_tissues
rs3851734	CAT-CAD	POSITIVE_DIRECTION_CONCORDANT	GTEx_v8	gtex_v8	chr16_75338022_T_C_b38	Brain_Caudate_basal_ganglia	RP11-252K23.2	ENSG00000261783.1	3.6695e-06	-0.481222	LOOKUP_RETURNED	2026-09-21	GTEx v8 API; raw p-values are descriptive and not used as colocalization evidence	relevant_tissues
rs3851734	CAT-CAD	POSITIVE_DIRECTION_CONCORDANT	GTEx_v8	gtex_v8	chr16_75338022_T_C_b38	Whole_Blood	BCAR1	ENSG00000050820.16	8.88985e-05	-0.122774	LOOKUP_RETURNED	2026-09-21	GTEx v8 API; raw p-values are descriptive and not used as colocalization evidence	relevant_tissues
rs3851734	CAT-CAD	POSITIVE_DIRECTION_CONCORDANT	GTEx_v8	gtex_v8	chr16_75338022_T_C_b38	Whole_Blood	RP11-252K23.2	ENSG00000261783.1	6.7686e-19	-0.426976	LOOKUP_RETURNED	2026-09-21	GTEx v8 API; raw p-values are descriptive and not used as colocalization evidence	relevant_tissues
rs3851734	CAT-CAD	POSITIVE_DIRECTION_CONCORDANT	GTEx_v8	gtex_v8	chr16_75338022_T_C_b38	Whole_Blood	CFDP1	ENSG00000153774.8	6.97563e-14	-0.177977	LOOKUP_RETURNED	2026-09-21	GTEx v8 API; raw p-values are descriptive and not used as colocalization evidence	relevant_tissues
rs3851734	CAT-CAD	POSITIVE_DIRECTION_CONCORDANT	GTEx_v8	gtex_v8	chr16_75338022_T_C_b38	Artery_Tibial	BCAR1	ENSG00000050820.16	2.4727300000000002e-24	0.194972	LOOKUP_RETURNED	2026-09-21	GTEx v8 API; raw p-values are descriptive and not used as colocalization evidence	relevant_tissues
rs3851734	CAT-CAD	POSITIVE_DIRECTION_CONCORDANT	GTEx_v8	gtex_v8	chr16_75338022_T_C_b38	Artery_Tibial	RP11-252K23.2	ENSG00000261783.1	8.45471e-35	-0.644325	LOOKUP_RETURNED	2026-09-21	GTEx v8 API; raw p-values are descriptive and not used as colocalization evidence	relevant_tissues
rs3851734	CAT-CAD	POSITIVE_DIRECTION_CONCORDANT	GTEx_v8	gtex_v8	chr16_75338022_T_C_b38	Nerve_Tibial	RP11-252K23.2	ENSG00000261783.1	6.11796e-35	-0.611207	LOOKUP_RETURNED	2026-09-21	GTEx v8 API; raw p-values are descriptive and not used as colocalization evidence	relevant_tissues
rs3851734	CAT-CAD	POSITIVE_DIRECTION_CONCORDANT	GTEx_v8	gtex_v8	chr16_75338022_T_C_b38	Nerve_Tibial	CFDP1	ENSG00000153774.8	3.01878e-17	-0.162411	LOOKUP_RETURNED	2026-09-21	GTEx v8 API; raw p-values are descriptive and not used as colocalization evidence	relevant_tissues
rs3851734	CAT-CAD	POSITIVE_DIRECTION_CONCORDANT	GTEx_v8	gtex_v8	chr16_75338022_T_C_b38	Nerve_Tibial	TMEM170A	ENSG00000166822.12	7.73528e-11	-0.151409	LOOKUP_RETURNED	2026-09-21	GTEx v8 API; raw p-values are descriptive and not used as colocalization evidence	relevant_tissues
rs3851734	CAT-CAD	POSITIVE_DIRECTION_CONCORDANT	GTEx_v8	gtex_v8	chr16_75338022_T_C_b38	Skin_Sun_Exposed_Lower_leg	RP11-252K23.2	ENSG00000261783.1	2.98365e-21	-0.463321	LOOKUP_RETURNED	2026-09-21	GTEx v8 API; raw p-values are descriptive and not used as colocalization evidence	relevant_tissues
rs3851734	CAT-CAD	POSITIVE_DIRECTION_CONCORDANT	GTEx_v8	gtex_v8	chr16_75338022_T_C_b38	Skin_Sun_Exposed_Lower_leg	CFDP1	ENSG00000153774.8	3.5799e-10	-0.13183	LOOKUP_RETURNED	2026-09-21	GTEx v8 API; raw p-values are descriptive and not used as colocalization evidence	relevant_tissues
rs3851734	CAT-CAD	POSITIVE_DIRECTION_CONCORDANT	GTEx_v8	gtex_v8	chr16_75338022_T_C_b38	Skin_Sun_Exposed_Lower_leg	TMEM170A	ENSG00000166822.12	2.08046e-19	0.295801	LOOKUP_RETURNED	2026-09-21	GTEx v8 API; raw p-values are descriptive and not used as colocalization evidence	relevant_tissues
rs3851734	CAT-CAD	POSITIVE_DIRECTION_CONCORDANT	GTEx_v8	gtex_v8	chr16_75338022_T_C_b38	Brain_Hippocampus	CFDP1	ENSG00000153774.8	1.29881e-06	-0.270893	LOOKUP_RETURNED	2026-09-21	GTEx v8 API; raw p-values are descriptive and not used as colocalization evidence	relevant_tissues
rs3851734	CAT-CAD	POSITIVE_DIRECTION_CONCORDANT	GTEx_v8	gtex_v8	chr16_75338022_T_C_b38	Artery_Aorta	BCAR1	ENSG00000050820.16	4.1746199999999995e-20	0.219525	LOOKUP_RETURNED	2026-09-21	GTEx v8 API; raw p-values are descriptive and not used as colocalization evidence	relevant_tissues
rs3851734	CAT-CAD	POSITIVE_DIRECTION_CONCORDANT	GTEx_v8	gtex_v8	chr16_75338022_T_C_b38	Artery_Aorta	RP11-252K23.2	ENSG00000261783.1	3.55433e-29	-0.733769	LOOKUP_RETURNED	2026-09-21	GTEx v8 API; raw p-values are descriptive and not used as colocalization evidence	relevant_tissues
rs3851734	CAT-CAD	POSITIVE_DIRECTION_CONCORDANT	GTEx_v8	gtex_v8	chr16_75338022_T_C_b38	Spleen	BCAR1	ENSG00000050820.16	2.86198e-08	0.219788	LOOKUP_RETURNED	2026-09-21	GTEx v8 API; raw p-values are descriptive and not used as colocalization evidence	relevant_tissues
rs3851734	CAT-CAD	POSITIVE_DIRECTION_CONCORDANT	GTEx_v8	gtex_v8	chr16_75338022_T_C_b38	Spleen	RP11-252K23.2	ENSG00000261783.1	1.2701e-17	-0.7061	LOOKUP_RETURNED	2026-09-21	GTEx v8 API; raw p-values are descriptive and not used as colocalization evidence	relevant_tissues
rs3851734	CAT-CAD	POSITIVE_DIRECTION_CONCORDANT	GTEx_v8	gtex_v8	chr16_75338022_T_C_b38	Brain_Cerebellar_Hemisphere	RP11-252K23.2	ENSG00000261783.1	8.12448e-09	-0.638784	LOOKUP_RETURNED	2026-09-21	GTEx v8 API; raw p-values are descriptive and not used as colocalization evidence	relevant_tissues
rs3851734	CAT-CAD	POSITIVE_DIRECTION_CONCORDANT	GTEx_v8	gtex_v8	chr16_75338022_T_C_b38	Brain_Cerebellar_Hemisphere	CFDP1	ENSG00000153774.8	3.3726e-05	-0.183126	LOOKUP_RETURNED	2026-09-21	GTEx v8 API; raw p-values are descriptive and not used as colocalization evidence	relevant_tissues
rs3851734	CAT-CAD	POSITIVE_DIRECTION_CONCORDANT	GTEx_v8	gtex_v8	chr16_75338022_T_C_b38	Brain_Cerebellum	BCAR1	ENSG00000050820.16	8.86603e-07	-0.208626	LOOKUP_RETURNED	2026-09-21	GTEx v8 API; raw p-values are descriptive and not used as colocalization evidence	relevant_tissues
rs3851734	CAT-CAD	POSITIVE_DIRECTION_CONCORDANT	GTEx_v8	gtex_v8	chr16_75338022_T_C_b38	Brain_Cerebellum	RP11-252K23.2	ENSG00000261783.1	3.50786e-06	-0.481988	LOOKUP_RETURNED	2026-09-21	GTEx v8 API; raw p-values are descriptive and not used as colocalization evidence	relevant_tissues
rs3851734	CAT-CAD	POSITIVE_DIRECTION_CONCORDANT	GTEx_v8	gtex_v8	chr16_75338022_T_C_b38	Brain_Cerebellum	CFDP1	ENSG00000153774.8	9.86018e-10	-0.241663	LOOKUP_RETURNED	2026-09-21	GTEx v8 API; raw p-values are descriptive and not used as colocalization evidence	relevant_tissues
rs3851734	CAT-CAD	POSITIVE_DIRECTION_CONCORDANT	GTEx_v8	gtex_v8	chr16_75338022_T_C_b38	Adipose_Visceral_Omentum	RP11-252K23.2	ENSG00000261783.1	2.14204e-37	-0.749642	LOOKUP_RETURNED	2026-09-21	GTEx v8 API; raw p-values are descriptive and not used as colocalization evidence	relevant_tissues
rs3851734	CAT-CAD	POSITIVE_DIRECTION_CONCORDANT	GTEx_v8	gtex_v8	chr16_75338022_T_C_b38	Adipose_Visceral_Omentum	CFDP1	ENSG00000153774.8	7.02185e-08	-0.126612	LOOKUP_RETURNED	2026-09-21	GTEx v8 API; raw p-values are descriptive and not used as colocalization evidence	relevant_tissues
rs3851734	CAT-CAD	POSITIVE_DIRECTION_CONCORDANT	GTEx_v8	gtex_v8	chr16_75338022_T_C_b38	Adipose_Subcutaneous	RP11-252K23.2	ENSG00000261783.1	6.28216e-35	-0.606879	LOOKUP_RETURNED	2026-09-21	GTEx v8 API; raw p-values are descriptive and not used as colocalization evidence	relevant_tissues
rs3851734	CAT-CAD	POSITIVE_DIRECTION_CONCORDANT	GTEx_v8	gtex_v8	chr16_75338022_T_C_b38	Adipose_Subcutaneous	CFDP1	ENSG00000153774.8	3.09987e-17	-0.187487	LOOKUP_RETURNED	2026-09-21	GTEx v8 API; raw p-values are descriptive and not used as colocalization evidence	relevant_tissues
rs3851734	CAT-CAD	POSITIVE_DIRECTION_CONCORDANT	GTEx_v8	gtex_v8	chr16_75338022_T_C_b38	Adipose_Subcutaneous	TMEM170A	ENSG00000166822.12	4.07952e-05	-0.101562	LOOKUP_RETURNED	2026-09-21	GTEx v8 API; raw p-values are descriptive and not used as colocalization evidence	relevant_tissues
rs3851734	CAT-CAD	POSITIVE_DIRECTION_CONCORDANT	GTEx_v8	gtex_v8	chr16_75338022_T_C_b38	Pancreas	RP11-252K23.2	ENSG00000261783.1	1.16371e-17	-0.693325	LOOKUP_RETURNED	2026-09-21	GTEx v8 API; raw p-values are descriptive and not used as colocalization evidence	relevant_tissues
rs3851734	CAT-CAD	POSITIVE_DIRECTION_CONCORDANT	EyeGEx/retina								NOT_ASSESSED_STABLE_PUBLIC_API_NOT_CONFIGURED	2026-09-21	Optional retina xQTL lookup; no stable endpoint was used in this reproducible workflow	optional_source_status
rs4378452	AMD-STROKE	POSITIVE_DIRECTION_CONCORDANT	GTEx_v8	gtex_v8	chr12_111066229_T_C_b38	Heart_Left_Ventricle	LINC01405	ENSG00000185847.7	1.58675e-07	0.22619	LOOKUP_RETURNED	2026-09-21	GTEx v8 API; raw p-values are descriptive and not used as colocalization evidence	relevant_tissues
rs4378452	AMD-STROKE	POSITIVE_DIRECTION_CONCORDANT	GTEx_v8	gtex_v8	chr12_111066229_T_C_b38	Muscle_Skeletal	LINC01405	ENSG00000185847.7	1.8957600000000002e-18	0.190969	LOOKUP_RETURNED	2026-09-21	GTEx v8 API; raw p-values are descriptive and not used as colocalization evidence	relevant_tissues
rs4378452	AMD-STROKE	POSITIVE_DIRECTION_CONCORDANT	GTEx_v8	gtex_v8	chr12_111066229_T_C_b38	Muscle_Skeletal	CUX2	ENSG00000111249.13	1.43961e-06	-0.181464	LOOKUP_RETURNED	2026-09-21	GTEx v8 API; raw p-values are descriptive and not used as colocalization evidence	relevant_tissues
rs4378452	AMD-STROKE	POSITIVE_DIRECTION_CONCORDANT	GTEx_v8	gtex_v8	chr12_111066229_T_C_b38	Heart_Atrial_Appendage	ADAM1B	ENSG00000226469.1	1.23622e-05	-0.273893	LOOKUP_RETURNED	2026-09-21	GTEx v8 API; raw p-values are descriptive and not used as colocalization evidence	relevant_tissues
rs4378452	AMD-STROKE	POSITIVE_DIRECTION_CONCORDANT	GTEx_v8	gtex_v8	chr12_111066229_T_C_b38	Whole_Blood	GPN3	ENSG00000111231.8	9.20287e-05	0.137623	LOOKUP_RETURNED	2026-09-21	GTEx v8 API; raw p-values are descriptive and not used as colocalization evidence	relevant_tissues
rs4378452	AMD-STROKE	POSITIVE_DIRECTION_CONCORDANT	EyeGEx/retina								NOT_ASSESSED_STABLE_PUBLIC_API_NOT_CONFIGURED	2026-09-21	Optional retina xQTL lookup; no stable endpoint was used in this reproducible workflow	optional_source_status
rs4460308	AMD-T2D	POSITIVE_DIRECTION_CONCORDANT	GTEx_v8	gtex_v8	chr7_104779613_T_C_b38						NO_RELEVANT_TISSUE_RECORD	2026-09-21	GTEx v8 API; relevant tissues filtered descriptively	relevant_tissues
rs4460308	AMD-T2D	POSITIVE_DIRECTION_CONCORDANT	EyeGEx/retina								NOT_ASSESSED_STABLE_PUBLIC_API_NOT_CONFIGURED	2026-09-21	Optional retina xQTL lookup; no stable endpoint was used in this reproducible workflow	optional_source_status
rs4566208	CAT-PD	NEGATIVE_DIRECTION_CONCORDANT	GTEx_v8	gtex_v8	chr17_16107606_A_G_b38	Heart_Left_Ventricle	ADORA2B	ENSG00000170425.3	5.5252e-15	-0.306906	LOOKUP_RETURNED	2026-09-21	GTEx v8 API; raw p-values are descriptive and not used as colocalization evidence	relevant_tissues
rs4566208	CAT-PD	NEGATIVE_DIRECTION_CONCORDANT	GTEx_v8	gtex_v8	chr17_16107606_A_G_b38	Heart_Left_Ventricle	ZSWIM7	ENSG00000214941.7	2.98385e-12	-0.373963	LOOKUP_RETURNED	2026-09-21	GTEx v8 API; raw p-values are descriptive and not used as colocalization evidence	relevant_tissues
rs4566208	CAT-PD	NEGATIVE_DIRECTION_CONCORDANT	GTEx_v8	gtex_v8	chr17_16107606_A_G_b38	Heart_Left_Ventricle	TTC19	ENSG00000011295.15	2.87916e-05	0.149099	LOOKUP_RETURNED	2026-09-21	GTEx v8 API; raw p-values are descriptive and not used as colocalization evidence	relevant_tissues
rs4566208	CAT-PD	NEGATIVE_DIRECTION_CONCORDANT	GTEx_v8	gtex_v8	chr17_16107606_A_G_b38	Heart_Left_Ventricle	CENPV	ENSG00000166582.9	1.37086e-11	-0.304469	LOOKUP_RETURNED	2026-09-21	GTEx v8 API; raw p-values are descriptive and not used as colocalization evidence	relevant_tissues
rs4566208	CAT-PD	NEGATIVE_DIRECTION_CONCORDANT	GTEx_v8	gtex_v8	chr17_16107606_A_G_b38	Brain_Putamen_basal_ganglia	ZSWIM7	ENSG00000214941.7	3.89012e-12	-0.387981	LOOKUP_RETURNED	2026-09-21	GTEx v8 API; raw p-values are descriptive and not used as colocalization evidence	relevant_tissues
rs4566208	CAT-PD	NEGATIVE_DIRECTION_CONCORDANT	GTEx_v8	gtex_v8	chr17_16107606_A_G_b38	Brain_Putamen_basal_ganglia	TTC19	ENSG00000011295.15	1.29781e-07	0.259093	LOOKUP_RETURNED	2026-09-21	GTEx v8 API; raw p-values are descriptive and not used as colocalization evidence	relevant_tissues
rs4566208	CAT-PD	NEGATIVE_DIRECTION_CONCORDANT	GTEx_v8	gtex_v8	chr17_16107606_A_G_b38	Brain_Putamen_basal_ganglia	CENPV	ENSG00000166582.9	4.65073e-12	-0.500125	LOOKUP_RETURNED	2026-09-21	GTEx v8 API; raw p-values are descriptive and not used as colocalization evidence	relevant_tissues
rs4566208	CAT-PD	NEGATIVE_DIRECTION_CONCORDANT	GTEx_v8	gtex_v8	chr17_16107606_A_G_b38	Liver	ADORA2B	ENSG00000170425.3	1.81519e-12	-0.575574	LOOKUP_RETURNED	2026-09-21	GTEx v8 API; raw p-values are descriptive and not used as colocalization evidence	relevant_tissues
rs4566208	CAT-PD	NEGATIVE_DIRECTION_CONCORDANT	GTEx_v8	gtex_v8	chr17_16107606_A_G_b38	Liver	ZSWIM7	ENSG00000214941.7	1.58913e-08	0.386973	LOOKUP_RETURNED	2026-09-21	GTEx v8 API; raw p-values are descriptive and not used as colocalization evidence	relevant_tissues
rs4566208	CAT-PD	NEGATIVE_DIRECTION_CONCORDANT	GTEx_v8	gtex_v8	chr17_16107606_A_G_b38	Liver	TTC19	ENSG00000011295.15	4.49984e-09	0.32352	LOOKUP_RETURNED	2026-09-21	GTEx v8 API; raw p-values are descriptive and not used as colocalization evidence	relevant_tissues
rs4566208	CAT-PD	NEGATIVE_DIRECTION_CONCORDANT	GTEx_v8	gtex_v8	chr17_16107606_A_G_b38	Small_Intestine_Terminal_Ileum	ADORA2B	ENSG00000170425.3	2.40813e-05	-0.271024	LOOKUP_RETURNED	2026-09-21	GTEx v8 API; raw p-values are descriptive and not used as colocalization evidence	relevant_tissues
rs4566208	CAT-PD	NEGATIVE_DIRECTION_CONCORDANT	GTEx_v8	gtex_v8	chr17_16107606_A_G_b38	Small_Intestine_Terminal_Ileum	ZSWIM7	ENSG00000214941.7	1.17612e-17	0.568458	LOOKUP_RETURNED	2026-09-21	GTEx v8 API; raw p-values are descriptive and not used as colocalization evidence	relevant_tissues
rs4566208	CAT-PD	NEGATIVE_DIRECTION_CONCORDANT	GTEx_v8	gtex_v8	chr17_16107606_A_G_b38	Small_Intestine_Terminal_Ileum	TTC19	ENSG00000011295.15	5.00062e-06	0.186732	LOOKUP_RETURNED	2026-09-21	GTEx v8 API; raw p-values are descriptive and not used as colocalization evidence	relevant_tissues
rs4566208	CAT-PD	NEGATIVE_DIRECTION_CONCORDANT	GTEx_v8	gtex_v8	chr17_16107606_A_G_b38	Skin_Not_Sun_Exposed_Suprapubic	ADORA2B	ENSG00000170425.3	2.0562600000000003e-18	-0.208421	LOOKUP_RETURNED	2026-09-21	GTEx v8 API; raw p-values are descriptive and not used as colocalization evidence	relevant_tissues
rs4566208	CAT-PD	NEGATIVE_DIRECTION_CONCORDANT	GTEx_v8	gtex_v8	chr17_16107606_A_G_b38	Skin_Not_Sun_Exposed_Suprapubic	ZSWIM7	ENSG00000214941.7	2.8651500000000003e-26	0.345351	LOOKUP_RETURNED	2026-09-21	GTEx v8 API; raw p-values are descriptive and not used as colocalization evidence	relevant_tissues
rs4566208	CAT-PD	NEGATIVE_DIRECTION_CONCORDANT	GTEx_v8	gtex_v8	chr17_16107606_A_G_b38	Skin_Not_Sun_Exposed_Suprapubic	TTC19	ENSG00000011295.15	4.58618e-26	0.285659	LOOKUP_RETURNED	2026-09-21	GTEx v8 API; raw p-values are descriptive and not used as colocalization evidence	relevant_tissues
rs4566208	CAT-PD	NEGATIVE_DIRECTION_CONCORDANT	GTEx_v8	gtex_v8	chr17_16107606_A_G_b38	Skin_Not_Sun_Exposed_Suprapubic	LRRC75A-AS1	ENSG00000175061.17	3.31298e-05	-0.128875	LOOKUP_RETURNED	2026-09-21	GTEx v8 API; raw p-values are descriptive and not used as colocalization evidence	relevant_tissues
rs4566208	CAT-PD	NEGATIVE_DIRECTION_CONCORDANT	GTEx_v8	gtex_v8	chr17_16107606_A_G_b38	Brain_Amygdala	ZSWIM7	ENSG00000214941.7	1.81331e-09	-0.423734	LOOKUP_RETURNED	2026-09-21	GTEx v8 API; raw p-values are descriptive and not used as colocalization evidence	relevant_tissues
rs4566208	CAT-PD	NEGATIVE_DIRECTION_CONCORDANT	GTEx_v8	gtex_v8	chr17_16107606_A_G_b38	Brain_Amygdala	CENPV	ENSG00000166582.9	7.0305e-11	-0.524689	LOOKUP_RETURNED	2026-09-21	GTEx v8 API; raw p-values are descriptive and not used as colocalization evidence	relevant_tissues
rs4566208	CAT-PD	NEGATIVE_DIRECTION_CONCORDANT	GTEx_v8	gtex_v8	chr17_16107606_A_G_b38	Brain_Substantia_nigra	ZSWIM7	ENSG00000214941.7	3.71432e-06	-0.331507	LOOKUP_RETURNED	2026-09-21	GTEx v8 API; raw p-values are descriptive and not used as colocalization evidence	relevant_tissues
rs4566208	CAT-PD	NEGATIVE_DIRECTION_CONCORDANT	GTEx_v8	gtex_v8	chr17_16107606_A_G_b38	Brain_Substantia_nigra	CENPV	ENSG00000166582.9	3.22399e-10	-0.584355	LOOKUP_RETURNED	2026-09-21	GTEx v8 API; raw p-values are descriptive and not used as colocalization evidence	relevant_tissues
rs4566208	CAT-PD	NEGATIVE_DIRECTION_CONCORDANT	GTEx_v8	gtex_v8	chr17_16107606_A_G_b38	Brain_Nucleus_accumbens_basal_ganglia	ADORA2B	ENSG00000170425.3	4.01013e-05	-0.17891	LOOKUP_RETURNED	2026-09-21	GTEx v8 API; raw p-values are descriptive and not used as colocalization evidence	relevant_tissues
rs4566208	CAT-PD	NEGATIVE_DIRECTION_CONCORDANT	GTEx_v8	gtex_v8	chr17_16107606_A_G_b38	Brain_Nucleus_accumbens_basal_ganglia	ZSWIM7	ENSG00000214941.7	7.969540000000001e-18	-0.512178	LOOKUP_RETURNED	2026-09-21	GTEx v8 API; raw p-values are descriptive and not used as colocalization evidence	relevant_tissues
rs4566208	CAT-PD	NEGATIVE_DIRECTION_CONCORDANT	GTEx_v8	gtex_v8	chr17_16107606_A_G_b38	Brain_Nucleus_accumbens_basal_ganglia	TTC19	ENSG00000011295.15	5.61569e-05	0.173395	LOOKUP_RETURNED	2026-09-21	GTEx v8 API; raw p-values are descriptive and not used as colocalization evidence	relevant_tissues
rs4566208	CAT-PD	NEGATIVE_DIRECTION_CONCORDANT	GTEx_v8	gtex_v8	chr17_16107606_A_G_b38	Brain_Nucleus_accumbens_basal_ganglia	NCOR1	ENSG00000141027.20	1.07231e-06	-0.333926	LOOKUP_RETURNED	2026-09-21	GTEx v8 API; raw p-values are descriptive and not used as colocalization evidence	relevant_tissues
rs4566208	CAT-PD	NEGATIVE_DIRECTION_CONCORDANT	GTEx_v8	gtex_v8	chr17_16107606_A_G_b38	Brain_Nucleus_accumbens_basal_ganglia	CENPV	ENSG00000166582.9	5.68221e-15	-0.501109	LOOKUP_RETURNED	2026-09-21	GTEx v8 API; raw p-values are descriptive and not used as colocalization evidence	relevant_tissues
rs4566208	CAT-PD	NEGATIVE_DIRECTION_CONCORDANT	GTEx_v8	gtex_v8	chr17_16107606_A_G_b38	Brain_Cortex	ADORA2B	ENSG00000170425.3	1.49425e-06	-0.164012	LOOKUP_RETURNED	2026-09-21	GTEx v8 API; raw p-values are descriptive and not used as colocalization evidence	relevant_tissues
rs4566208	CAT-PD	NEGATIVE_DIRECTION_CONCORDANT	GTEx_v8	gtex_v8	chr17_16107606_A_G_b38	Brain_Cortex	ZSWIM7	ENSG00000214941.7	5.70883e-29	-0.660573	LOOKUP_RETURNED	2026-09-21	GTEx v8 API; raw p-values are descriptive and not used as colocalization evidence	relevant_tissues
rs4566208	CAT-PD	NEGATIVE_DIRECTION_CONCORDANT	GTEx_v8	gtex_v8	chr17_16107606_A_G_b38	Brain_Cortex	TTC19	ENSG00000011295.15	1.09976e-06	0.167821	LOOKUP_RETURNED	2026-09-21	GTEx v8 API; raw p-values are descriptive and not used as colocalization evidence	relevant_tissues
rs4566208	CAT-PD	NEGATIVE_DIRECTION_CONCORDANT	GTEx_v8	gtex_v8	chr17_16107606_A_G_b38	Brain_Cortex	CENPV	ENSG00000166582.9	1.87629e-14	-0.464362	LOOKUP_RETURNED	2026-09-21	GTEx v8 API; raw p-values are descriptive and not used as colocalization evidence	relevant_tissues
rs4566208	CAT-PD	NEGATIVE_DIRECTION_CONCORDANT	GTEx_v8	gtex_v8	chr17_16107606_A_G_b38	Artery_Coronary	ADORA2B	ENSG00000170425.3	2.51997e-11	-0.503418	LOOKUP_RETURNED	2026-09-21	GTEx v8 API; raw p-values are descriptive and not used as colocalization evidence	relevant_tissues
rs4566208	CAT-PD	NEGATIVE_DIRECTION_CONCORDANT	GTEx_v8	gtex_v8	chr17_16107606_A_G_b38	Artery_Coronary	CENPV	ENSG00000166582.9	1.36436e-05	-0.334616	LOOKUP_RETURNED	2026-09-21	GTEx v8 API; raw p-values are descriptive and not used as colocalization evidence	relevant_tissues
rs4566208	CAT-PD	NEGATIVE_DIRECTION_CONCORDANT	GTEx_v8	gtex_v8	chr17_16107606_A_G_b38	Muscle_Skeletal	ADORA2B	ENSG00000170425.3	2.5219899999999998e-86	-0.914691	LOOKUP_RETURNED	2026-09-21	GTEx v8 API; raw p-values are descriptive and not used as colocalization evidence	relevant_tissues
rs4566208	CAT-PD	NEGATIVE_DIRECTION_CONCORDANT	GTEx_v8	gtex_v8	chr17_16107606_A_G_b38	Muscle_Skeletal	ZSWIM7	ENSG00000214941.7	6.88242e-104	-0.670398	LOOKUP_RETURNED	2026-09-21	GTEx v8 API; raw p-values are descriptive and not used as colocalization evidence	relevant_tissues
rs4566208	CAT-PD	NEGATIVE_DIRECTION_CONCORDANT	GTEx_v8	gtex_v8	chr17_16107606_A_G_b38	Muscle_Skeletal	PIGL	ENSG00000108474.16	4.89959e-07	-0.110307	LOOKUP_RETURNED	2026-09-21	GTEx v8 API; raw p-values are descriptive and not used as colocalization evidence	relevant_tissues
rs4566208	CAT-PD	NEGATIVE_DIRECTION_CONCORDANT	GTEx_v8	gtex_v8	chr17_16107606_A_G_b38	Muscle_Skeletal	CENPV	ENSG00000166582.9	5.25639e-14	-0.220461	LOOKUP_RETURNED	2026-09-21	GTEx v8 API; raw p-values are descriptive and not used as colocalization evidence	relevant_tissues
rs4566208	CAT-PD	NEGATIVE_DIRECTION_CONCORDANT	GTEx_v8	gtex_v8	chr17_16107606_A_G_b38	Heart_Atrial_Appendage	ADORA2B	ENSG00000170425.3	5.15865e-22	-0.530861	LOOKUP_RETURNED	2026-09-21	GTEx v8 API; raw p-values are descriptive and not used as colocalization evidence	relevant_tissues
rs4566208	CAT-PD	NEGATIVE_DIRECTION_CONCORDANT	GTEx_v8	gtex_v8	chr17_16107606_A_G_b38	Heart_Atrial_Appendage	ZSWIM7	ENSG00000214941.7	3.88628e-17	-0.398086	LOOKUP_RETURNED	2026-09-21	GTEx v8 API; raw p-values are descriptive and not used as colocalization evidence	relevant_tissues
rs4566208	CAT-PD	NEGATIVE_DIRECTION_CONCORDANT	GTEx_v8	gtex_v8	chr17_16107606_A_G_b38	Heart_Atrial_Appendage	CENPV	ENSG00000166582.9	1.17486e-16	-0.395003	LOOKUP_RETURNED	2026-09-21	GTEx v8 API; raw p-values are descriptive and not used as colocalization evidence	relevant_tissues
rs4566208	CAT-PD	NEGATIVE_DIRECTION_CONCORDANT	GTEx_v8	gtex_v8	chr17_16107606_A_G_b38	Brain_Hypothalamus	ZSWIM7	ENSG00000214941.7	8.10038e-14	-0.369774	LOOKUP_RETURNED	2026-09-21	GTEx v8 API; raw p-values are descriptive and not used as colocalization evidence	relevant_tissues
rs4566208	CAT-PD	NEGATIVE_DIRECTION_CONCORDANT	GTEx_v8	gtex_v8	chr17_16107606_A_G_b38	Brain_Hypothalamus	CENPV	ENSG00000166582.9	2.68451e-09	-0.395087	LOOKUP_RETURNED	2026-09-21	GTEx v8 API; raw p-values are descriptive and not used as colocalization evidence	relevant_tissues
rs4566208	CAT-PD	NEGATIVE_DIRECTION_CONCORDANT	GTEx_v8	gtex_v8	chr17_16107606_A_G_b38	Brain_Caudate_basal_ganglia	ZSWIM7	ENSG00000214941.7	2.78175e-15	-0.51298	LOOKUP_RETURNED	2026-09-21	GTEx v8 API; raw p-values are descriptive and not used as colocalization evidence	relevant_tissues
rs4566208	CAT-PD	NEGATIVE_DIRECTION_CONCORDANT	GTEx_v8	gtex_v8	chr17_16107606_A_G_b38	Brain_Caudate_basal_ganglia	TTC19	ENSG00000011295.15	3.15279e-10	0.261904	LOOKUP_RETURNED	2026-09-21	GTEx v8 API; raw p-values are descriptive and not used as colocalization evidence	relevant_tissues
rs4566208	CAT-PD	NEGATIVE_DIRECTION_CONCORDANT	GTEx_v8	gtex_v8	chr17_16107606_A_G_b38	Brain_Caudate_basal_ganglia	CENPV	ENSG00000166582.9	2.11404e-13	-0.470579	LOOKUP_RETURNED	2026-09-21	GTEx v8 API; raw p-values are descriptive and not used as colocalization evidence	relevant_tissues
rs4566208	CAT-PD	NEGATIVE_DIRECTION_CONCORDANT	GTEx_v8	gtex_v8	chr17_16107606_A_G_b38	Whole_Blood	ADORA2B	ENSG00000170425.3	6.07304e-12	-0.223074	LOOKUP_RETURNED	2026-09-21	GTEx v8 API; raw p-values are descriptive and not used as colocalization evidence	relevant_tissues
rs4566208	CAT-PD	NEGATIVE_DIRECTION_CONCORDANT	GTEx_v8	gtex_v8	chr17_16107606_A_G_b38	Whole_Blood	TTC19	ENSG00000011295.15	4.74715e-22	0.222306	LOOKUP_RETURNED	2026-09-21	GTEx v8 API; raw p-values are descriptive and not used as colocalization evidence	relevant_tissues
rs4566208	CAT-PD	NEGATIVE_DIRECTION_CONCORDANT	GTEx_v8	gtex_v8	chr17_16107606_A_G_b38	Whole_Blood	NCOR1	ENSG00000141027.20	1.5665499999999997e-20	-0.219167	LOOKUP_RETURNED	2026-09-21	GTEx v8 API; raw p-values are descriptive and not used as colocalization evidence	relevant_tissues
rs4566208	CAT-PD	NEGATIVE_DIRECTION_CONCORDANT	GTEx_v8	gtex_v8	chr17_16107606_A_G_b38	Whole_Blood	CENPV	ENSG00000166582.9	1.32445e-07	-0.157975	LOOKUP_RETURNED	2026-09-21	GTEx v8 API; raw p-values are descriptive and not used as colocalization evidence	relevant_tissues
rs4566208	CAT-PD	NEGATIVE_DIRECTION_CONCORDANT	GTEx_v8	gtex_v8	chr17_16107606_A_G_b38	Artery_Tibial	ADORA2B	ENSG00000170425.3	2.37087e-68	-0.868535	LOOKUP_RETURNED	2026-09-21	GTEx v8 API; raw p-values are descriptive and not used as colocalization evidence	relevant_tissues
rs4566208	CAT-PD	NEGATIVE_DIRECTION_CONCORDANT	GTEx_v8	gtex_v8	chr17_16107606_A_G_b38	Artery_Tibial	ZSWIM7	ENSG00000214941.7	1.76474e-16	-0.284355	LOOKUP_RETURNED	2026-09-21	GTEx v8 API; raw p-values are descriptive and not used as colocalization evidence	relevant_tissues
rs4566208	CAT-PD	NEGATIVE_DIRECTION_CONCORDANT	GTEx_v8	gtex_v8	chr17_16107606_A_G_b38	Artery_Tibial	TTC19	ENSG00000011295.15	2.02481e-10	0.181103	LOOKUP_RETURNED	2026-09-21	GTEx v8 API; raw p-values are descriptive and not used as colocalization evidence	relevant_tissues
rs4566208	CAT-PD	NEGATIVE_DIRECTION_CONCORDANT	GTEx_v8	gtex_v8	chr17_16107606_A_G_b38	Artery_Tibial	NCOR1	ENSG00000141027.20	2.33657e-05	-0.0777942	LOOKUP_RETURNED	2026-09-21	GTEx v8 API; raw p-values are descriptive and not used as colocalization evidence	relevant_tissues
rs4566208	CAT-PD	NEGATIVE_DIRECTION_CONCORDANT	GTEx_v8	gtex_v8	chr17_16107606_A_G_b38	Artery_Tibial	PIGL	ENSG00000108474.16	1.13155e-08	-0.107862	LOOKUP_RETURNED	2026-09-21	GTEx v8 API; raw p-values are descriptive and not used as colocalization evidence	relevant_tissues
rs4566208	CAT-PD	NEGATIVE_DIRECTION_CONCORDANT	GTEx_v8	gtex_v8	chr17_16107606_A_G_b38	Artery_Tibial	CENPV	ENSG00000166582.9	1.48775e-38	-0.570262	LOOKUP_RETURNED	2026-09-21	GTEx v8 API; raw p-values are descriptive and not used as colocalization evidence	relevant_tissues
rs4566208	CAT-PD	NEGATIVE_DIRECTION_CONCORDANT	GTEx_v8	gtex_v8	chr17_16107606_A_G_b38	Nerve_Tibial	ADORA2B	ENSG00000170425.3	1.4941899999999998e-51	-0.719918	LOOKUP_RETURNED	2026-09-21	GTEx v8 API; raw p-values are descriptive and not used as colocalization evidence	relevant_tissues
rs4566208	CAT-PD	NEGATIVE_DIRECTION_CONCORDANT	GTEx_v8	gtex_v8	chr17_16107606_A_G_b38	Nerve_Tibial	TTC19	ENSG00000011295.15	2.52446e-16	0.251003	LOOKUP_RETURNED	2026-09-21	GTEx v8 API; raw p-values are descriptive and not used as colocalization evidence	relevant_tissues
rs4566208	CAT-PD	NEGATIVE_DIRECTION_CONCORDANT	GTEx_v8	gtex_v8	chr17_16107606_A_G_b38	Nerve_Tibial	PIGL	ENSG00000108474.16	2.40468e-07	-0.106807	LOOKUP_RETURNED	2026-09-21	GTEx v8 API; raw p-values are descriptive and not used as colocalization evidence	relevant_tissues
rs4566208	CAT-PD	NEGATIVE_DIRECTION_CONCORDANT	GTEx_v8	gtex_v8	chr17_16107606_A_G_b38	Nerve_Tibial	CENPV	ENSG00000166582.9	1.89403e-11	-0.25159	LOOKUP_RETURNED	2026-09-21	GTEx v8 API; raw p-values are descriptive and not used as colocalization evidence	relevant_tissues
rs4566208	CAT-PD	NEGATIVE_DIRECTION_CONCORDANT	GTEx_v8	gtex_v8	chr17_16107606_A_G_b38	Skin_Sun_Exposed_Lower_leg	ADORA2B	ENSG00000170425.3	2.12404e-19	-0.20495	LOOKUP_RETURNED	2026-09-21	GTEx v8 API; raw p-values are descriptive and not used as colocalization evidence	relevant_tissues
rs4566208	CAT-PD	NEGATIVE_DIRECTION_CONCORDANT	GTEx_v8	gtex_v8	chr17_16107606_A_G_b38	Skin_Sun_Exposed_Lower_leg	ZSWIM7	ENSG00000214941.7	2.4296600000000002e-29	0.371631	LOOKUP_RETURNED	2026-09-21	GTEx v8 API; raw p-values are descriptive and not used as colocalization evidence	relevant_tissues
rs4566208	CAT-PD	NEGATIVE_DIRECTION_CONCORDANT	GTEx_v8	gtex_v8	chr17_16107606_A_G_b38	Skin_Sun_Exposed_Lower_leg	TTC19	ENSG00000011295.15	1.21838e-34	0.328923	LOOKUP_RETURNED	2026-09-21	GTEx v8 API; raw p-values are descriptive and not used as colocalization evidence	relevant_tissues
rs4566208	CAT-PD	NEGATIVE_DIRECTION_CONCORDANT	GTEx_v8	gtex_v8	chr17_16107606_A_G_b38	Brain_Hippocampus	ZSWIM7	ENSG00000214941.7	1.55465e-06	-0.322536	LOOKUP_RETURNED	2026-09-21	GTEx v8 API; raw p-values are descriptive and not used as colocalization evidence	relevant_tissues
rs4566208	CAT-PD	NEGATIVE_DIRECTION_CONCORDANT	GTEx_v8	gtex_v8	chr17_16107606_A_G_b38	Brain_Hippocampus	TTC19	ENSG00000011295.15	2.93717e-05	0.167262	LOOKUP_RETURNED	2026-09-21	GTEx v8 API; raw p-values are descriptive and not used as colocalization evidence	relevant_tissues
rs4566208	CAT-PD	NEGATIVE_DIRECTION_CONCORDANT	GTEx_v8	gtex_v8	chr17_16107606_A_G_b38	Brain_Hippocampus	CENPV	ENSG00000166582.9	2.87573e-12	-0.505135	LOOKUP_RETURNED	2026-09-21	GTEx v8 API; raw p-values are descriptive and not used as colocalization evidence	relevant_tissues
rs4566208	CAT-PD	NEGATIVE_DIRECTION_CONCORDANT	GTEx_v8	gtex_v8	chr17_16107606_A_G_b38	Brain_Spinal_cord_cervical_c-1	ADORA2B	ENSG00000170425.3	7.36905e-07	-0.530417	LOOKUP_RETURNED	2026-09-21	GTEx v8 API; raw p-values are descriptive and not used as colocalization evidence	relevant_tissues
rs4566208	CAT-PD	NEGATIVE_DIRECTION_CONCORDANT	GTEx_v8	gtex_v8	chr17_16107606_A_G_b38	Brain_Spinal_cord_cervical_c-1	CENPV	ENSG00000166582.9	8.95388e-12	-0.625062	LOOKUP_RETURNED	2026-09-21	GTEx v8 API; raw p-values are descriptive and not used as colocalization evidence	relevant_tissues
rs4566208	CAT-PD	NEGATIVE_DIRECTION_CONCORDANT	GTEx_v8	gtex_v8	chr17_16107606_A_G_b38	Brain_Anterior_cingulate_cortex_BA24	ZSWIM7	ENSG00000214941.7	4.51327e-24	-0.742873	LOOKUP_RETURNED	2026-09-21	GTEx v8 API; raw p-values are descriptive and not used as colocalization evidence	relevant_tissues
rs4566208	CAT-PD	NEGATIVE_DIRECTION_CONCORDANT	GTEx_v8	gtex_v8	chr17_16107606_A_G_b38	Brain_Anterior_cingulate_cortex_BA24	CENPV	ENSG00000166582.9	1.62955e-10	-0.507612	LOOKUP_RETURNED	2026-09-21	GTEx v8 API; raw p-values are descriptive and not used as colocalization evidence	relevant_tissues
rs4566208	CAT-PD	NEGATIVE_DIRECTION_CONCORDANT	GTEx_v8	gtex_v8	chr17_16107606_A_G_b38	Artery_Aorta	ADORA2B	ENSG00000170425.3	5.4864e-22	-0.585327	LOOKUP_RETURNED	2026-09-21	GTEx v8 API; raw p-values are descriptive and not used as colocalization evidence	relevant_tissues
rs4566208	CAT-PD	NEGATIVE_DIRECTION_CONCORDANT	GTEx_v8	gtex_v8	chr17_16107606_A_G_b38	Artery_Aorta	ZSWIM7	ENSG00000214941.7	3.11326e-05	-0.20173	LOOKUP_RETURNED	2026-09-21	GTEx v8 API; raw p-values are descriptive and not used as colocalization evidence	relevant_tissues
rs4566208	CAT-PD	NEGATIVE_DIRECTION_CONCORDANT	GTEx_v8	gtex_v8	chr17_16107606_A_G_b38	Artery_Aorta	TTC19	ENSG00000011295.15	2.02967e-05	0.158799	LOOKUP_RETURNED	2026-09-21	GTEx v8 API; raw p-values are descriptive and not used as colocalization evidence	relevant_tissues
rs4566208	CAT-PD	NEGATIVE_DIRECTION_CONCORDANT	GTEx_v8	gtex_v8	chr17_16107606_A_G_b38	Artery_Aorta	NCOR1	ENSG00000141027.20	5.23209e-05	-0.118612	LOOKUP_RETURNED	2026-09-21	GTEx v8 API; raw p-values are descriptive and not used as colocalization evidence	relevant_tissues
rs4566208	CAT-PD	NEGATIVE_DIRECTION_CONCORDANT	GTEx_v8	gtex_v8	chr17_16107606_A_G_b38	Artery_Aorta	CENPV	ENSG00000166582.9	6.01146e-22	-0.446072	LOOKUP_RETURNED	2026-09-21	GTEx v8 API; raw p-values are descriptive and not used as colocalization evidence	relevant_tissues
rs4566208	CAT-PD	NEGATIVE_DIRECTION_CONCORDANT	GTEx_v8	gtex_v8	chr17_16107606_A_G_b38	Spleen	ADORA2B	ENSG00000170425.3	5.2315e-20	-0.798179	LOOKUP_RETURNED	2026-09-21	GTEx v8 API; raw p-values are descriptive and not used as colocalization evidence	relevant_tissues
rs4566208	CAT-PD	NEGATIVE_DIRECTION_CONCORDANT	GTEx_v8	gtex_v8	chr17_16107606_A_G_b38	Spleen	ZSWIM7	ENSG00000214941.7	1.0300000000000001e-29	0.654211	LOOKUP_RETURNED	2026-09-21	GTEx v8 API; raw p-values are descriptive and not used as colocalization evidence	relevant_tissues
rs4566208	CAT-PD	NEGATIVE_DIRECTION_CONCORDANT	GTEx_v8	gtex_v8	chr17_16107606_A_G_b38	Brain_Cerebellar_Hemisphere	ADORA2B	ENSG00000170425.3	8.74449e-09	-0.340666	LOOKUP_RETURNED	2026-09-21	GTEx v8 API; raw p-values are descriptive and not used as colocalization evidence	relevant_tissues
rs4566208	CAT-PD	NEGATIVE_DIRECTION_CONCORDANT	GTEx_v8	gtex_v8	chr17_16107606_A_G_b38	Brain_Cerebellar_Hemisphere	ZSWIM7	ENSG00000214941.7	1.25257e-16	0.587496	LOOKUP_RETURNED	2026-09-21	GTEx v8 API; raw p-values are descriptive and not used as colocalization evidence	relevant_tissues
rs4566208	CAT-PD	NEGATIVE_DIRECTION_CONCORDANT	GTEx_v8	gtex_v8	chr17_16107606_A_G_b38	Brain_Cerebellar_Hemisphere	CENPV	ENSG00000166582.9	3.38759e-07	-0.349125	LOOKUP_RETURNED	2026-09-21	GTEx v8 API; raw p-values are descriptive and not used as colocalization evidence	relevant_tissues
rs4566208	CAT-PD	NEGATIVE_DIRECTION_CONCORDANT	GTEx_v8	gtex_v8	chr17_16107606_A_G_b38	Brain_Frontal_Cortex_BA9	ADORA2B	ENSG00000170425.3	5.57092e-06	-0.143487	LOOKUP_RETURNED	2026-09-21	GTEx v8 API; raw p-values are descriptive and not used as colocalization evidence	relevant_tissues
rs4566208	CAT-PD	NEGATIVE_DIRECTION_CONCORDANT	GTEx_v8	gtex_v8	chr17_16107606_A_G_b38	Brain_Frontal_Cortex_BA9	ZSWIM7	ENSG00000214941.7	2.97854e-18	-0.579339	LOOKUP_RETURNED	2026-09-21	GTEx v8 API; raw p-values are descriptive and not used as colocalization evidence	relevant_tissues
rs4566208	CAT-PD	NEGATIVE_DIRECTION_CONCORDANT	GTEx_v8	gtex_v8	chr17_16107606_A_G_b38	Brain_Frontal_Cortex_BA9	CENPV	ENSG00000166582.9	2.32434e-11	-0.450481	LOOKUP_RETURNED	2026-09-21	GTEx v8 API; raw p-values are descriptive and not used as colocalization evidence	relevant_tissues
rs4566208	CAT-PD	NEGATIVE_DIRECTION_CONCORDANT	GTEx_v8	gtex_v8	chr17_16107606_A_G_b38	Brain_Cerebellum	ZSWIM7	ENSG00000214941.7	1.15006e-26	0.685845	LOOKUP_RETURNED	2026-09-21	GTEx v8 API; raw p-values are descriptive and not used as colocalization evidence	relevant_tissues
rs4566208	CAT-PD	NEGATIVE_DIRECTION_CONCORDANT	GTEx_v8	gtex_v8	chr17_16107606_A_G_b38	Brain_Cerebellum	CENPV	ENSG00000166582.9	6.24654e-10	-0.370841	LOOKUP_RETURNED	2026-09-21	GTEx v8 API; raw p-values are descriptive and not used as colocalization evidence	relevant_tissues
rs4566208	CAT-PD	NEGATIVE_DIRECTION_CONCORDANT	GTEx_v8	gtex_v8	chr17_16107606_A_G_b38	Adipose_Visceral_Omentum	ADORA2B	ENSG00000170425.3	5.61367e-41	-0.662868	LOOKUP_RETURNED	2026-09-21	GTEx v8 API; raw p-values are descriptive and not used as colocalization evidence	relevant_tissues
rs4566208	CAT-PD	NEGATIVE_DIRECTION_CONCORDANT	GTEx_v8	gtex_v8	chr17_16107606_A_G_b38	Adipose_Visceral_Omentum	TTC19	ENSG00000011295.15	6.85544e-21	0.345541	LOOKUP_RETURNED	2026-09-21	GTEx v8 API; raw p-values are descriptive and not used as colocalization evidence	relevant_tissues
rs4566208	CAT-PD	NEGATIVE_DIRECTION_CONCORDANT	GTEx_v8	gtex_v8	chr17_16107606_A_G_b38	Adipose_Visceral_Omentum	CENPV	ENSG00000166582.9	1.42799e-11	-0.227194	LOOKUP_RETURNED	2026-09-21	GTEx v8 API; raw p-values are descriptive and not used as colocalization evidence	relevant_tissues
rs4566208	CAT-PD	NEGATIVE_DIRECTION_CONCORDANT	GTEx_v8	gtex_v8	chr17_16107606_A_G_b38	Adipose_Subcutaneous	ADORA2B	ENSG00000170425.3	5.6168e-58	-0.615852	LOOKUP_RETURNED	2026-09-21	GTEx v8 API; raw p-values are descriptive and not used as colocalization evidence	relevant_tissues
rs4566208	CAT-PD	NEGATIVE_DIRECTION_CONCORDANT	GTEx_v8	gtex_v8	chr17_16107606_A_G_b38	Adipose_Subcutaneous	TTC19	ENSG00000011295.15	3.79337e-17	0.278862	LOOKUP_RETURNED	2026-09-21	GTEx v8 API; raw p-values are descriptive and not used as colocalization evidence	relevant_tissues
rs4566208	CAT-PD	NEGATIVE_DIRECTION_CONCORDANT	GTEx_v8	gtex_v8	chr17_16107606_A_G_b38	Adipose_Subcutaneous	PIGL	ENSG00000108474.16	7.48123e-09	-0.123749	LOOKUP_RETURNED	2026-09-21	GTEx v8 API; raw p-values are descriptive and not used as colocalization evidence	relevant_tissues
rs4566208	CAT-PD	NEGATIVE_DIRECTION_CONCORDANT	GTEx_v8	gtex_v8	chr17_16107606_A_G_b38	Adipose_Subcutaneous	CENPV	ENSG00000166582.9	2.39261e-14	-0.246407	LOOKUP_RETURNED	2026-09-21	GTEx v8 API; raw p-values are descriptive and not used as colocalization evidence	relevant_tissues
rs4566208	CAT-PD	NEGATIVE_DIRECTION_CONCORDANT	GTEx_v8	gtex_v8	chr17_16107606_A_G_b38	Pancreas	ADORA2B	ENSG00000170425.3	3.57996e-16	-0.558573	LOOKUP_RETURNED	2026-09-21	GTEx v8 API; raw p-values are descriptive and not used as colocalization evidence	relevant_tissues
rs4566208	CAT-PD	NEGATIVE_DIRECTION_CONCORDANT	GTEx_v8	gtex_v8	chr17_16107606_A_G_b38	Pancreas	ZSWIM7	ENSG00000214941.7	1.70048e-08	0.292072	LOOKUP_RETURNED	2026-09-21	GTEx v8 API; raw p-values are descriptive and not used as colocalization evidence	relevant_tissues
rs4566208	CAT-PD	NEGATIVE_DIRECTION_CONCORDANT	GTEx_v8	gtex_v8	chr17_16107606_A_G_b38	Pancreas	TTC19	ENSG00000011295.15	1.13216e-14	0.320716	LOOKUP_RETURNED	2026-09-21	GTEx v8 API; raw p-values are descriptive and not used as colocalization evidence	relevant_tissues
rs4566208	CAT-PD	NEGATIVE_DIRECTION_CONCORDANT	GTEx_v8	gtex_v8	chr17_16107606_A_G_b38	Pancreas	CENPV	ENSG00000166582.9	1.52129e-05	-0.236618	LOOKUP_RETURNED	2026-09-21	GTEx v8 API; raw p-values are descriptive and not used as colocalization evidence	relevant_tissues
rs4566208	CAT-PD	NEGATIVE_DIRECTION_CONCORDANT	EyeGEx/retina								NOT_ASSESSED_STABLE_PUBLIC_API_NOT_CONFIGURED	2026-09-21	Optional retina xQTL lookup; no stable endpoint was used in this reproducible workflow	optional_source_status
rs4750356	CAT-STROKE	NEGATIVE_DIRECTION_CONCORDANT	GTEx_v8	gtex_v8	chr10_13438789_A_G_b38	Heart_Left_Ventricle	BEND7	ENSG00000165626.16	3.30245e-06	0.192939	LOOKUP_RETURNED	2026-09-21	GTEx v8 API; raw p-values are descriptive and not used as colocalization evidence	relevant_tissues
rs4750356	CAT-STROKE	NEGATIVE_DIRECTION_CONCORDANT	GTEx_v8	gtex_v8	chr10_13438789_A_G_b38	Muscle_Skeletal	BEND7	ENSG00000165626.16	1.27328e-13	0.13085	LOOKUP_RETURNED	2026-09-21	GTEx v8 API; raw p-values are descriptive and not used as colocalization evidence	relevant_tissues
rs4750356	CAT-STROKE	NEGATIVE_DIRECTION_CONCORDANT	GTEx_v8	gtex_v8	chr10_13438789_A_G_b38	Heart_Atrial_Appendage	BEND7	ENSG00000165626.16	8.88229e-07	0.228433	LOOKUP_RETURNED	2026-09-21	GTEx v8 API; raw p-values are descriptive and not used as colocalization evidence	relevant_tissues
rs4750356	CAT-STROKE	NEGATIVE_DIRECTION_CONCORDANT	GTEx_v8	gtex_v8	chr10_13438789_A_G_b38	Brain_Caudate_basal_ganglia	BEND7	ENSG00000165626.16	1.45281e-06	0.281933	LOOKUP_RETURNED	2026-09-21	GTEx v8 API; raw p-values are descriptive and not used as colocalization evidence	relevant_tissues
rs4750356	CAT-STROKE	NEGATIVE_DIRECTION_CONCORDANT	GTEx_v8	gtex_v8	chr10_13438789_A_G_b38	Whole_Blood	BEND7	ENSG00000165626.16	3.77981e-08	0.225676	LOOKUP_RETURNED	2026-09-21	GTEx v8 API; raw p-values are descriptive and not used as colocalization evidence	relevant_tissues
rs4750356	CAT-STROKE	NEGATIVE_DIRECTION_CONCORDANT	GTEx_v8	gtex_v8	chr10_13438789_A_G_b38	Whole_Blood	RP11-295P9.3	ENSG00000239665.8	2.87613e-07	0.105433	LOOKUP_RETURNED	2026-09-21	GTEx v8 API; raw p-values are descriptive and not used as colocalization evidence	relevant_tissues
rs4750356	CAT-STROKE	NEGATIVE_DIRECTION_CONCORDANT	GTEx_v8	gtex_v8	chr10_13438789_A_G_b38	Artery_Tibial	BEND7	ENSG00000165626.16	6.40839e-09	0.1921	LOOKUP_RETURNED	2026-09-21	GTEx v8 API; raw p-values are descriptive and not used as colocalization evidence	relevant_tissues
rs4750356	CAT-STROKE	NEGATIVE_DIRECTION_CONCORDANT	GTEx_v8	gtex_v8	chr10_13438789_A_G_b38	Nerve_Tibial	BEND7	ENSG00000165626.16	5.20191e-06	0.140858	LOOKUP_RETURNED	2026-09-21	GTEx v8 API; raw p-values are descriptive and not used as colocalization evidence	relevant_tissues
rs4750356	CAT-STROKE	NEGATIVE_DIRECTION_CONCORDANT	EyeGEx/retina								NOT_ASSESSED_STABLE_PUBLIC_API_NOT_CONFIGURED	2026-09-21	Optional retina xQTL lookup; no stable endpoint was used in this reproducible workflow	optional_source_status
rs4766453	AMD-CAD	POSITIVE_DIRECTION_CONCORDANT	GTEx_v8	gtex_v8	chr12_111254320_C_T_b38	Muscle_Skeletal	TMEM116	ENSG00000198270.12	5.03434e-06	0.176949	LOOKUP_RETURNED	2026-09-21	GTEx v8 API; raw p-values are descriptive and not used as colocalization evidence	relevant_tissues
rs4766453	AMD-CAD	POSITIVE_DIRECTION_CONCORDANT	GTEx_v8	gtex_v8	chr12_111254320_C_T_b38	Adipose_Visceral_Omentum	TMEM116	ENSG00000198270.12	0.000208997	0.161634	LOOKUP_RETURNED	2026-09-21	GTEx v8 API; raw p-values are descriptive and not used as colocalization evidence	relevant_tissues
rs4766453	AMD-CAD	POSITIVE_DIRECTION_CONCORDANT	EyeGEx/retina								NOT_ASSESSED_STABLE_PUBLIC_API_NOT_CONFIGURED	2026-09-21	Optional retina xQTL lookup; no stable endpoint was used in this reproducible workflow	optional_source_status
rs4888432	AMD-CAD	POSITIVE_DIRECTION_CONCORDANT	GTEx_v8	gtex_v8	chr16_75477075_A_C_b38	Heart_Left_Ventricle	RP11-252K23.2	ENSG00000261783.1	9.36599e-07	-0.328441	LOOKUP_RETURNED	2026-09-21	GTEx v8 API; raw p-values are descriptive and not used as colocalization evidence	relevant_tissues
rs4888432	AMD-CAD	POSITIVE_DIRECTION_CONCORDANT	GTEx_v8	gtex_v8	chr16_75477075_A_C_b38	Liver	RP11-252K23.2	ENSG00000261783.1	8.92632e-07	-0.492774	LOOKUP_RETURNED	2026-09-21	GTEx v8 API; raw p-values are descriptive and not used as colocalization evidence	relevant_tissues
rs4888432	AMD-CAD	POSITIVE_DIRECTION_CONCORDANT	GTEx_v8	gtex_v8	chr16_75477075_A_C_b38	Small_Intestine_Terminal_Ileum	RP11-252K23.2	ENSG00000261783.1	5.22993e-14	-0.688894	LOOKUP_RETURNED	2026-09-21	GTEx v8 API; raw p-values are descriptive and not used as colocalization evidence	relevant_tissues
rs4888432	AMD-CAD	POSITIVE_DIRECTION_CONCORDANT	GTEx_v8	gtex_v8	chr16_75477075_A_C_b38	Skin_Not_Sun_Exposed_Suprapubic	RP11-252K23.2	ENSG00000261783.1	1.2901e-15	-0.442231	LOOKUP_RETURNED	2026-09-21	GTEx v8 API; raw p-values are descriptive and not used as colocalization evidence	relevant_tissues
rs4888432	AMD-CAD	POSITIVE_DIRECTION_CONCORDANT	GTEx_v8	gtex_v8	chr16_75477075_A_C_b38	Skin_Not_Sun_Exposed_Suprapubic	CFDP1	ENSG00000153774.8	3.26618e-05	-0.0859355	LOOKUP_RETURNED	2026-09-21	GTEx v8 API; raw p-values are descriptive and not used as colocalization evidence	relevant_tissues
rs4888432	AMD-CAD	POSITIVE_DIRECTION_CONCORDANT	GTEx_v8	gtex_v8	chr16_75477075_A_C_b38	Skin_Not_Sun_Exposed_Suprapubic	TMEM170A	ENSG00000166822.12	6.29451e-16	0.277381	LOOKUP_RETURNED	2026-09-21	GTEx v8 API; raw p-values are descriptive and not used as colocalization evidence	relevant_tissues
rs4888432	AMD-CAD	POSITIVE_DIRECTION_CONCORDANT	GTEx_v8	gtex_v8	chr16_75477075_A_C_b38	Brain_Nucleus_accumbens_basal_ganglia	RP11-252K23.2	ENSG00000261783.1	9.78879e-07	-0.525844	LOOKUP_RETURNED	2026-09-21	GTEx v8 API; raw p-values are descriptive and not used as colocalization evidence	relevant_tissues
rs4888432	AMD-CAD	POSITIVE_DIRECTION_CONCORDANT	GTEx_v8	gtex_v8	chr16_75477075_A_C_b38	Artery_Coronary	RP11-252K23.2	ENSG00000261783.1	2.93247e-14	-0.657114	LOOKUP_RETURNED	2026-09-21	GTEx v8 API; raw p-values are descriptive and not used as colocalization evidence	relevant_tissues
rs4888432	AMD-CAD	POSITIVE_DIRECTION_CONCORDANT	GTEx_v8	gtex_v8	chr16_75477075_A_C_b38	Muscle_Skeletal	RP11-252K23.2	ENSG00000261783.1	2.06359e-09	-0.293168	LOOKUP_RETURNED	2026-09-21	GTEx v8 API; raw p-values are descriptive and not used as colocalization evidence	relevant_tissues
rs4888432	AMD-CAD	POSITIVE_DIRECTION_CONCORDANT	GTEx_v8	gtex_v8	chr16_75477075_A_C_b38	Muscle_Skeletal	CFDP1	ENSG00000153774.8	5.07478e-05	-0.0990308	LOOKUP_RETURNED	2026-09-21	GTEx v8 API; raw p-values are descriptive and not used as colocalization evidence	relevant_tissues
rs4888432	AMD-CAD	POSITIVE_DIRECTION_CONCORDANT	GTEx_v8	gtex_v8	chr16_75477075_A_C_b38	Heart_Atrial_Appendage	RP11-252K23.2	ENSG00000261783.1	5.86245e-11	-0.476735	LOOKUP_RETURNED	2026-09-21	GTEx v8 API; raw p-values are descriptive and not used as colocalization evidence	relevant_tissues
rs4888432	AMD-CAD	POSITIVE_DIRECTION_CONCORDANT	GTEx_v8	gtex_v8	chr16_75477075_A_C_b38	Brain_Caudate_basal_ganglia	RP11-252K23.2	ENSG00000261783.1	1.00655e-06	-0.471475	LOOKUP_RETURNED	2026-09-21	GTEx v8 API; raw p-values are descriptive and not used as colocalization evidence	relevant_tissues
rs4888432	AMD-CAD	POSITIVE_DIRECTION_CONCORDANT	GTEx_v8	gtex_v8	chr16_75477075_A_C_b38	Whole_Blood	BCAR1	ENSG00000050820.16	1.29562e-06	-0.15358	LOOKUP_RETURNED	2026-09-21	GTEx v8 API; raw p-values are descriptive and not used as colocalization evidence	relevant_tissues
rs4888432	AMD-CAD	POSITIVE_DIRECTION_CONCORDANT	GTEx_v8	gtex_v8	chr16_75477075_A_C_b38	Whole_Blood	RP11-252K23.2	ENSG00000261783.1	3.28613e-12	-0.344627	LOOKUP_RETURNED	2026-09-21	GTEx v8 API; raw p-values are descriptive and not used as colocalization evidence	relevant_tissues
rs4888432	AMD-CAD	POSITIVE_DIRECTION_CONCORDANT	GTEx_v8	gtex_v8	chr16_75477075_A_C_b38	Whole_Blood	CFDP1	ENSG00000153774.8	5.76679e-07	-0.122293	LOOKUP_RETURNED	2026-09-21	GTEx v8 API; raw p-values are descriptive and not used as colocalization evidence	relevant_tissues
rs4888432	AMD-CAD	POSITIVE_DIRECTION_CONCORDANT	GTEx_v8	gtex_v8	chr16_75477075_A_C_b38	Artery_Tibial	BCAR1	ENSG00000050820.16	2.2395e-15	0.15711	LOOKUP_RETURNED	2026-09-21	GTEx v8 API; raw p-values are descriptive and not used as colocalization evidence	relevant_tissues
rs4888432	AMD-CAD	POSITIVE_DIRECTION_CONCORDANT	GTEx_v8	gtex_v8	chr16_75477075_A_C_b38	Artery_Tibial	RP11-252K23.2	ENSG00000261783.1	8.08296e-26	-0.56907	LOOKUP_RETURNED	2026-09-21	GTEx v8 API; raw p-values are descriptive and not used as colocalization evidence	relevant_tissues
rs4888432	AMD-CAD	POSITIVE_DIRECTION_CONCORDANT	GTEx_v8	gtex_v8	chr16_75477075_A_C_b38	Nerve_Tibial	RP11-252K23.2	ENSG00000261783.1	1.3614699999999999e-21	-0.485562	LOOKUP_RETURNED	2026-09-21	GTEx v8 API; raw p-values are descriptive and not used as colocalization evidence	relevant_tissues
rs4888432	AMD-CAD	POSITIVE_DIRECTION_CONCORDANT	GTEx_v8	gtex_v8	chr16_75477075_A_C_b38	Nerve_Tibial	CFDP1	ENSG00000153774.8	1.43687e-07	-0.102962	LOOKUP_RETURNED	2026-09-21	GTEx v8 API; raw p-values are descriptive and not used as colocalization evidence	relevant_tissues
rs4888432	AMD-CAD	POSITIVE_DIRECTION_CONCORDANT	GTEx_v8	gtex_v8	chr16_75477075_A_C_b38	Nerve_Tibial	TMEM170A	ENSG00000166822.12	1.10475e-07	-0.123798	LOOKUP_RETURNED	2026-09-21	GTEx v8 API; raw p-values are descriptive and not used as colocalization evidence	relevant_tissues
rs4888432	AMD-CAD	POSITIVE_DIRECTION_CONCORDANT	GTEx_v8	gtex_v8	chr16_75477075_A_C_b38	Skin_Sun_Exposed_Lower_leg	RP11-252K23.2	ENSG00000261783.1	1.49592e-15	-0.395133	LOOKUP_RETURNED	2026-09-21	GTEx v8 API; raw p-values are descriptive and not used as colocalization evidence	relevant_tissues
rs4888432	AMD-CAD	POSITIVE_DIRECTION_CONCORDANT	GTEx_v8	gtex_v8	chr16_75477075_A_C_b38	Skin_Sun_Exposed_Lower_leg	TMEM170A	ENSG00000166822.12	4.1383299999999996e-20	0.301061	LOOKUP_RETURNED	2026-09-21	GTEx v8 API; raw p-values are descriptive and not used as colocalization evidence	relevant_tissues
rs4888432	AMD-CAD	POSITIVE_DIRECTION_CONCORDANT	GTEx_v8	gtex_v8	chr16_75477075_A_C_b38	Artery_Aorta	BCAR1	ENSG00000050820.16	7.53815e-10	0.154516	LOOKUP_RETURNED	2026-09-21	GTEx v8 API; raw p-values are descriptive and not used as colocalization evidence	relevant_tissues
rs4888432	AMD-CAD	POSITIVE_DIRECTION_CONCORDANT	GTEx_v8	gtex_v8	chr16_75477075_A_C_b38	Artery_Aorta	RP11-252K23.2	ENSG00000261783.1	1.91056e-22	-0.6615	LOOKUP_RETURNED	2026-09-21	GTEx v8 API; raw p-values are descriptive and not used as colocalization evidence	relevant_tissues
rs4888432	AMD-CAD	POSITIVE_DIRECTION_CONCORDANT	GTEx_v8	gtex_v8	chr16_75477075_A_C_b38	Spleen	RP11-252K23.2	ENSG00000261783.1	1.0414e-12	-0.612474	LOOKUP_RETURNED	2026-09-21	GTEx v8 API; raw p-values are descriptive and not used as colocalization evidence	relevant_tissues
rs4888432	AMD-CAD	POSITIVE_DIRECTION_CONCORDANT	GTEx_v8	gtex_v8	chr16_75477075_A_C_b38	Brain_Cerebellar_Hemisphere	RP11-252K23.2	ENSG00000261783.1	1.27375e-05	-0.480413	LOOKUP_RETURNED	2026-09-21	GTEx v8 API; raw p-values are descriptive and not used as colocalization evidence	relevant_tissues
rs4888432	AMD-CAD	POSITIVE_DIRECTION_CONCORDANT	GTEx_v8	gtex_v8	chr16_75477075_A_C_b38	Brain_Cerebellum	RP11-252K23.2	ENSG00000261783.1	6.76212e-07	-0.498769	LOOKUP_RETURNED	2026-09-21	GTEx v8 API; raw p-values are descriptive and not used as colocalization evidence	relevant_tissues
rs4888432	AMD-CAD	POSITIVE_DIRECTION_CONCORDANT	GTEx_v8	gtex_v8	chr16_75477075_A_C_b38	Brain_Cerebellum	CFDP1	ENSG00000153774.8	8.704e-08	-0.207991	LOOKUP_RETURNED	2026-09-21	GTEx v8 API; raw p-values are descriptive and not used as colocalization evidence	relevant_tissues
rs4888432	AMD-CAD	POSITIVE_DIRECTION_CONCORDANT	GTEx_v8	gtex_v8	chr16_75477075_A_C_b38	Adipose_Visceral_Omentum	RP11-252K23.2	ENSG00000261783.1	8.98131e-26	-0.622629	LOOKUP_RETURNED	2026-09-21	GTEx v8 API; raw p-values are descriptive and not used as colocalization evidence	relevant_tissues
rs4888432	AMD-CAD	POSITIVE_DIRECTION_CONCORDANT	GTEx_v8	gtex_v8	chr16_75477075_A_C_b38	Adipose_Subcutaneous	RP11-252K23.2	ENSG00000261783.1	7.52241e-25	-0.534032	LOOKUP_RETURNED	2026-09-21	GTEx v8 API; raw p-values are descriptive and not used as colocalization evidence	relevant_tissues
rs4888432	AMD-CAD	POSITIVE_DIRECTION_CONCORDANT	GTEx_v8	gtex_v8	chr16_75477075_A_C_b38	Adipose_Subcutaneous	CFDP1	ENSG00000153774.8	1.05882e-05	-0.103452	LOOKUP_RETURNED	2026-09-21	GTEx v8 API; raw p-values are descriptive and not used as colocalization evidence	relevant_tissues
rs4888432	AMD-CAD	POSITIVE_DIRECTION_CONCORDANT	GTEx_v8	gtex_v8	chr16_75477075_A_C_b38	Pancreas	RP11-252K23.2	ENSG00000261783.1	7.13782e-10	-0.540999	LOOKUP_RETURNED	2026-09-21	GTEx v8 API; raw p-values are descriptive and not used as colocalization evidence	relevant_tissues
rs4888432	AMD-CAD	POSITIVE_DIRECTION_CONCORDANT	EyeGEx/retina								NOT_ASSESSED_STABLE_PUBLIC_API_NOT_CONFIGURED	2026-09-21	Optional retina xQTL lookup; no stable endpoint was used in this reproducible workflow	optional_source_status
rs4939330	CAT-AD	NEGATIVE_DIRECTION_CONCORDANT	GTEx_v8	gtex_v8							OK	2026-09-21	GTEx API variant identifier lookup	relevant_tissues
rs558678	CAT-AD	NEGATIVE_DIRECTION_CONCORDANT	GTEx_v8	gtex_v8	chr11_60084640_T_G_b38	Skin_Not_Sun_Exposed_Suprapubic	MS4A2	ENSG00000149534.8	4.75689e-05	0.15808	LOOKUP_RETURNED	2026-09-21	GTEx v8 API; raw p-values are descriptive and not used as colocalization evidence	relevant_tissues
rs558678	CAT-AD	NEGATIVE_DIRECTION_CONCORDANT	GTEx_v8	gtex_v8	chr11_60084640_T_G_b38	Whole_Blood	MS4A6A	ENSG00000110077.14	1.15838e-05	-0.0745466	LOOKUP_RETURNED	2026-09-21	GTEx v8 API; raw p-values are descriptive and not used as colocalization evidence	relevant_tissues
rs558678	CAT-AD	NEGATIVE_DIRECTION_CONCORDANT	GTEx_v8	gtex_v8	chr11_60084640_T_G_b38	Adipose_Subcutaneous	MS4A2	ENSG00000149534.8	5.13233e-05	0.151257	LOOKUP_RETURNED	2026-09-21	GTEx v8 API; raw p-values are descriptive and not used as colocalization evidence	relevant_tissues
rs558678	CAT-AD	NEGATIVE_DIRECTION_CONCORDANT	EyeGEx/retina								NOT_ASSESSED_STABLE_PUBLIC_API_NOT_CONFIGURED	2026-09-21	Optional retina xQTL lookup; no stable endpoint was used in this reproducible workflow	optional_source_status
rs62283057	CAT-T2D	POSITIVE_DIRECTION_CONCORDANT	GTEx_v8	gtex_v8	chr4_6275078_C_T_b38	Skin_Not_Sun_Exposed_Suprapubic	WFS1	ENSG00000109501.13	6.55011e-09	-0.310234	LOOKUP_RETURNED	2026-09-21	GTEx v8 API; raw p-values are descriptive and not used as colocalization evidence	relevant_tissues
rs62283057	CAT-T2D	POSITIVE_DIRECTION_CONCORDANT	GTEx_v8	gtex_v8	chr4_6275078_C_T_b38	Muscle_Skeletal	WFS1	ENSG00000109501.13	1.81029e-05	-0.213836	LOOKUP_RETURNED	2026-09-21	GTEx v8 API; raw p-values are descriptive and not used as colocalization evidence	relevant_tissues
rs62283057	CAT-T2D	POSITIVE_DIRECTION_CONCORDANT	GTEx_v8	gtex_v8	chr4_6275078_C_T_b38	Nerve_Tibial	WFS1	ENSG00000109501.13	2.80646e-05	-0.200185	LOOKUP_RETURNED	2026-09-21	GTEx v8 API; raw p-values are descriptive and not used as colocalization evidence	relevant_tissues
rs62283057	CAT-T2D	POSITIVE_DIRECTION_CONCORDANT	GTEx_v8	gtex_v8	chr4_6275078_C_T_b38	Skin_Sun_Exposed_Lower_leg	WFS1	ENSG00000109501.13	1.8591e-14	-0.342466	LOOKUP_RETURNED	2026-09-21	GTEx v8 API; raw p-values are descriptive and not used as colocalization evidence	relevant_tissues
rs62283057	CAT-T2D	POSITIVE_DIRECTION_CONCORDANT	GTEx_v8	gtex_v8	chr4_6275078_C_T_b38	Brain_Cerebellar_Hemisphere	WFS1	ENSG00000109501.13	2.23788e-08	-0.725599	LOOKUP_RETURNED	2026-09-21	GTEx v8 API; raw p-values are descriptive and not used as colocalization evidence	relevant_tissues
rs62283057	CAT-T2D	POSITIVE_DIRECTION_CONCORDANT	GTEx_v8	gtex_v8	chr4_6275078_C_T_b38	Brain_Cerebellum	WFS1	ENSG00000109501.13	3.05442e-05	-0.492038	LOOKUP_RETURNED	2026-09-21	GTEx v8 API; raw p-values are descriptive and not used as colocalization evidence	relevant_tissues
rs62283057	CAT-T2D	POSITIVE_DIRECTION_CONCORDANT	EyeGEx/retina								NOT_ASSESSED_STABLE_PUBLIC_API_NOT_CONFIGURED	2026-09-21	Optional retina xQTL lookup; no stable endpoint was used in this reproducible workflow	optional_source_status
rs653178	AMD-STROKE	POSITIVE_DIRECTION_CONCORDANT	GTEx_v8	gtex_v8	chr12_111569952_C_T_b38	Skin_Not_Sun_Exposed_Suprapubic	ALDH2	ENSG00000111275.12	3.71555e-09	-0.194026	LOOKUP_RETURNED	2026-09-21	GTEx v8 API; raw p-values are descriptive and not used as colocalization evidence	relevant_tissues
rs653178	AMD-STROKE	POSITIVE_DIRECTION_CONCORDANT	GTEx_v8	gtex_v8	chr12_111569952_C_T_b38	Brain_Nucleus_accumbens_basal_ganglia	ALDH2	ENSG00000111275.12	0.000150939	-0.152549	LOOKUP_RETURNED	2026-09-21	GTEx v8 API; raw p-values are descriptive and not used as colocalization evidence	relevant_tissues
rs653178	AMD-STROKE	POSITIVE_DIRECTION_CONCORDANT	GTEx_v8	gtex_v8	chr12_111569952_C_T_b38	Muscle_Skeletal	LINC01405	ENSG00000185847.7	3.69286e-07	-0.110993	LOOKUP_RETURNED	2026-09-21	GTEx v8 API; raw p-values are descriptive and not used as colocalization evidence	relevant_tissues
rs653178	AMD-STROKE	POSITIVE_DIRECTION_CONCORDANT	GTEx_v8	gtex_v8	chr12_111569952_C_T_b38	Muscle_Skeletal	TMEM116	ENSG00000198270.12	6.93525e-06	0.150185	LOOKUP_RETURNED	2026-09-21	GTEx v8 API; raw p-values are descriptive and not used as colocalization evidence	relevant_tissues
rs653178	AMD-STROKE	POSITIVE_DIRECTION_CONCORDANT	GTEx_v8	gtex_v8	chr12_111569952_C_T_b38	Heart_Atrial_Appendage	ADAM1B	ENSG00000226469.1	1.4097e-05	0.267337	LOOKUP_RETURNED	2026-09-21	GTEx v8 API; raw p-values are descriptive and not used as colocalization evidence	relevant_tissues
rs653178	AMD-STROKE	POSITIVE_DIRECTION_CONCORDANT	GTEx_v8	gtex_v8	chr12_111569952_C_T_b38	Artery_Tibial	ALDH2	ENSG00000111275.12	2.5157e-05	-0.0942938	LOOKUP_RETURNED	2026-09-21	GTEx v8 API; raw p-values are descriptive and not used as colocalization evidence	relevant_tissues
rs653178	AMD-STROKE	POSITIVE_DIRECTION_CONCORDANT	GTEx_v8	gtex_v8	chr12_111569952_C_T_b38	Skin_Sun_Exposed_Lower_leg	ALDH2	ENSG00000111275.12	5.63697e-09	-0.150809	LOOKUP_RETURNED	2026-09-21	GTEx v8 API; raw p-values are descriptive and not used as colocalization evidence	relevant_tissues
rs653178	AMD-STROKE	POSITIVE_DIRECTION_CONCORDANT	GTEx_v8	gtex_v8	chr12_111569952_C_T_b38	Artery_Aorta	ALDH2	ENSG00000111275.12	1.90191e-06	-0.127125	LOOKUP_RETURNED	2026-09-21	GTEx v8 API; raw p-values are descriptive and not used as colocalization evidence	relevant_tissues
rs653178	AMD-STROKE	POSITIVE_DIRECTION_CONCORDANT	GTEx_v8	gtex_v8	chr12_111569952_C_T_b38	Adipose_Subcutaneous	MAPKAPK5	ENSG00000089022.13	0.000344446	-0.124712	LOOKUP_RETURNED	2026-09-21	GTEx v8 API; raw p-values are descriptive and not used as colocalization evidence	relevant_tissues
rs653178	AMD-STROKE	POSITIVE_DIRECTION_CONCORDANT	GTEx_v8	gtex_v8	chr12_111569952_C_T_b38	Adipose_Subcutaneous	TMEM116	ENSG00000198270.12	0.000271427	0.125138	LOOKUP_RETURNED	2026-09-21	GTEx v8 API; raw p-values are descriptive and not used as colocalization evidence	relevant_tissues
rs653178	AMD-STROKE	POSITIVE_DIRECTION_CONCORDANT	EyeGEx/retina								NOT_ASSESSED_STABLE_PUBLIC_API_NOT_CONFIGURED	2026-09-21	Optional retina xQTL lookup; no stable endpoint was used in this reproducible workflow	optional_source_status
rs6544658	AMD-T2D	NEGATIVE_DIRECTION_CONCORDANT	GTEx_v8	gtex_v8	chr2_43424978_T_C_b38	Whole_Blood	LINC01126	ENSG00000279873.2	0.000152652	0.108544	LOOKUP_RETURNED	2026-09-21	GTEx v8 API; raw p-values are descriptive and not used as colocalization evidence	relevant_tissues
rs6544658	AMD-T2D	NEGATIVE_DIRECTION_CONCORDANT	GTEx_v8	gtex_v8	chr2_43424978_T_C_b38	Artery_Tibial	LINC01126	ENSG00000279873.2	2.25247e-06	0.18774	LOOKUP_RETURNED	2026-09-21	GTEx v8 API; raw p-values are descriptive and not used as colocalization evidence	relevant_tissues
rs6544658	AMD-T2D	NEGATIVE_DIRECTION_CONCORDANT	GTEx_v8	gtex_v8	chr2_43424978_T_C_b38	Nerve_Tibial	LINC01126	ENSG00000279873.2	4.28677e-07	0.186719	LOOKUP_RETURNED	2026-09-21	GTEx v8 API; raw p-values are descriptive and not used as colocalization evidence	relevant_tissues
rs6544658	AMD-T2D	NEGATIVE_DIRECTION_CONCORDANT	GTEx_v8	gtex_v8	chr2_43424978_T_C_b38	Nerve_Tibial	AC010883.5	ENSG00000234936.1	5.09742e-05	0.180114	LOOKUP_RETURNED	2026-09-21	GTEx v8 API; raw p-values are descriptive and not used as colocalization evidence	relevant_tissues
rs6544658	AMD-T2D	NEGATIVE_DIRECTION_CONCORDANT	GTEx_v8	gtex_v8	chr2_43424978_T_C_b38	Skin_Sun_Exposed_Lower_leg	LINC01126	ENSG00000279873.2	4.59311e-05	0.148583	LOOKUP_RETURNED	2026-09-21	GTEx v8 API; raw p-values are descriptive and not used as colocalization evidence	relevant_tissues
rs6544658	AMD-T2D	NEGATIVE_DIRECTION_CONCORDANT	EyeGEx/retina								NOT_ASSESSED_STABLE_PUBLIC_API_NOT_CONFIGURED	2026-09-21	Optional retina xQTL lookup; no stable endpoint was used in this reproducible workflow	optional_source_status
rs6722743	AMD-T2D	NEGATIVE_DIRECTION_CONCORDANT	GTEx_v8	gtex_v8	chr2_42868848_C_T_b38						NO_RELEVANT_TISSUE_RECORD	2026-09-21	GTEx v8 API; relevant tissues filtered descriptively	relevant_tissues
rs6722743	AMD-T2D	NEGATIVE_DIRECTION_CONCORDANT	EyeGEx/retina								NOT_ASSESSED_STABLE_PUBLIC_API_NOT_CONFIGURED	2026-09-21	Optional retina xQTL lookup; no stable endpoint was used in this reproducible workflow	optional_source_status
rs6966728	AMD-CKD	NEGATIVE_DIRECTION_CONCORDANT	GTEx_v8	gtex_v8							OK	2026-09-21	GTEx API variant identifier lookup	relevant_tissues
rs7202877	AMD-CAD	POSITIVE_DIRECTION_CONCORDANT	GTEx_v8	gtex_v8	chr16_75213347_T_G_b38	Brain_Putamen_basal_ganglia	RP11-331F4.5	ENSG00000280152.1	4.25104e-05	-0.554524	LOOKUP_RETURNED	2026-09-21	GTEx v8 API; raw p-values are descriptive and not used as colocalization evidence	relevant_tissues
rs7202877	AMD-CAD	POSITIVE_DIRECTION_CONCORDANT	GTEx_v8	gtex_v8	chr16_75213347_T_G_b38	Skin_Not_Sun_Exposed_Suprapubic	BCAR1	ENSG00000050820.16	0.000136441	0.123015	LOOKUP_RETURNED	2026-09-21	GTEx v8 API; raw p-values are descriptive and not used as colocalization evidence	relevant_tissues
rs7202877	AMD-CAD	POSITIVE_DIRECTION_CONCORDANT	GTEx_v8	gtex_v8	chr16_75213347_T_G_b38	Skin_Not_Sun_Exposed_Suprapubic	TMEM170A	ENSG00000166822.12	9.87379e-06	-0.233545	LOOKUP_RETURNED	2026-09-21	GTEx v8 API; raw p-values are descriptive and not used as colocalization evidence	relevant_tissues
rs7202877	AMD-CAD	POSITIVE_DIRECTION_CONCORDANT	GTEx_v8	gtex_v8	chr16_75213347_T_G_b38	Brain_Substantia_nigra	RP11-331F4.5	ENSG00000280152.1	5.30082e-06	-0.603992	LOOKUP_RETURNED	2026-09-21	GTEx v8 API; raw p-values are descriptive and not used as colocalization evidence	relevant_tissues
rs7202877	AMD-CAD	POSITIVE_DIRECTION_CONCORDANT	GTEx_v8	gtex_v8	chr16_75213347_T_G_b38	Brain_Cortex	BCAR1	ENSG00000050820.16	3.53658e-05	0.250093	LOOKUP_RETURNED	2026-09-21	GTEx v8 API; raw p-values are descriptive and not used as colocalization evidence	relevant_tissues
rs7202877	AMD-CAD	POSITIVE_DIRECTION_CONCORDANT	GTEx_v8	gtex_v8	chr16_75213347_T_G_b38	Brain_Caudate_basal_ganglia	RP11-331F4.5	ENSG00000280152.1	1.73905e-05	-0.445523	LOOKUP_RETURNED	2026-09-21	GTEx v8 API; raw p-values are descriptive and not used as colocalization evidence	relevant_tissues
rs7202877	AMD-CAD	POSITIVE_DIRECTION_CONCORDANT	GTEx_v8	gtex_v8	chr16_75213347_T_G_b38	Brain_Caudate_basal_ganglia	BCAR1	ENSG00000050820.16	7.28598e-06	0.3036	LOOKUP_RETURNED	2026-09-21	GTEx v8 API; raw p-values are descriptive and not used as colocalization evidence	relevant_tissues
rs7202877	AMD-CAD	POSITIVE_DIRECTION_CONCORDANT	GTEx_v8	gtex_v8	chr16_75213347_T_G_b38	Whole_Blood	BCAR1	ENSG00000050820.16	2.87794e-07	0.239301	LOOKUP_RETURNED	2026-09-21	GTEx v8 API; raw p-values are descriptive and not used as colocalization evidence	relevant_tissues
rs7202877	AMD-CAD	POSITIVE_DIRECTION_CONCORDANT	GTEx_v8	gtex_v8	chr16_75213347_T_G_b38	Whole_Blood	CFDP1	ENSG00000153774.8	2.49705e-06	0.169706	LOOKUP_RETURNED	2026-09-21	GTEx v8 API; raw p-values are descriptive and not used as colocalization evidence	relevant_tissues
rs7202877	AMD-CAD	POSITIVE_DIRECTION_CONCORDANT	GTEx_v8	gtex_v8	chr16_75213347_T_G_b38	Nerve_Tibial	CFDP1	ENSG00000153774.8	6.89735e-05	0.111957	LOOKUP_RETURNED	2026-09-21	GTEx v8 API; raw p-values are descriptive and not used as colocalization evidence	relevant_tissues
rs7202877	AMD-CAD	POSITIVE_DIRECTION_CONCORDANT	GTEx_v8	gtex_v8	chr16_75213347_T_G_b38	Skin_Sun_Exposed_Lower_leg	BCAR1	ENSG00000050820.16	0.00019107	0.101228	LOOKUP_RETURNED	2026-09-21	GTEx v8 API; raw p-values are descriptive and not used as colocalization evidence	relevant_tissues
rs7202877	AMD-CAD	POSITIVE_DIRECTION_CONCORDANT	GTEx_v8	gtex_v8	chr16_75213347_T_G_b38	Skin_Sun_Exposed_Lower_leg	CFDP1	ENSG00000153774.8	2.53841e-10	0.190681	LOOKUP_RETURNED	2026-09-21	GTEx v8 API; raw p-values are descriptive and not used as colocalization evidence	relevant_tissues
rs7202877	AMD-CAD	POSITIVE_DIRECTION_CONCORDANT	GTEx_v8	gtex_v8	chr16_75213347_T_G_b38	Skin_Sun_Exposed_Lower_leg	TMEM170A	ENSG00000166822.12	3.98817e-11	-0.316518	LOOKUP_RETURNED	2026-09-21	GTEx v8 API; raw p-values are descriptive and not used as colocalization evidence	relevant_tissues
rs7202877	AMD-CAD	POSITIVE_DIRECTION_CONCORDANT	GTEx_v8	gtex_v8	chr16_75213347_T_G_b38	Brain_Anterior_cingulate_cortex_BA24	RP11-331F4.5	ENSG00000280152.1	1.40813e-07	-0.705749	LOOKUP_RETURNED	2026-09-21	GTEx v8 API; raw p-values are descriptive and not used as colocalization evidence	relevant_tissues
rs7202877	AMD-CAD	POSITIVE_DIRECTION_CONCORDANT	GTEx_v8	gtex_v8	chr16_75213347_T_G_b38	Artery_Aorta	RP11-252K23.2	ENSG00000261783.1	9.57367e-05	0.394991	LOOKUP_RETURNED	2026-09-21	GTEx v8 API; raw p-values are descriptive and not used as colocalization evidence	relevant_tissues
rs7202877	AMD-CAD	POSITIVE_DIRECTION_CONCORDANT	GTEx_v8	gtex_v8	chr16_75213347_T_G_b38	Brain_Cerebellar_Hemisphere	RP11-331F4.5	ENSG00000280152.1	5.14775e-06	-0.486727	LOOKUP_RETURNED	2026-09-21	GTEx v8 API; raw p-values are descriptive and not used as colocalization evidence	relevant_tissues
rs7202877	AMD-CAD	POSITIVE_DIRECTION_CONCORDANT	GTEx_v8	gtex_v8	chr16_75213347_T_G_b38	Brain_Frontal_Cortex_BA9	RP11-331F4.5	ENSG00000280152.1	1.77346e-05	-0.45902	LOOKUP_RETURNED	2026-09-21	GTEx v8 API; raw p-values are descriptive and not used as colocalization evidence	relevant_tissues
rs7202877	AMD-CAD	POSITIVE_DIRECTION_CONCORDANT	GTEx_v8	gtex_v8	chr16_75213347_T_G_b38	Adipose_Subcutaneous	CFDP1	ENSG00000153774.8	1.32698e-08	0.19296	LOOKUP_RETURNED	2026-09-21	GTEx v8 API; raw p-values are descriptive and not used as colocalization evidence	relevant_tissues
rs7202877	AMD-CAD	POSITIVE_DIRECTION_CONCORDANT	EyeGEx/retina								NOT_ASSESSED_STABLE_PUBLIC_API_NOT_CONFIGURED	2026-09-21	Optional retina xQTL lookup; no stable endpoint was used in this reproducible workflow	optional_source_status
rs7217226	POAG-CAD	NEGATIVE_DIRECTION_CONCORDANT	GTEx_v8	gtex_v8	chr17_2232771_T_G_b38	Heart_Left_Ventricle	SRR	ENSG00000167720.12	2.64335e-07	0.254083	LOOKUP_RETURNED	2026-09-21	GTEx v8 API; raw p-values are descriptive and not used as colocalization evidence	relevant_tissues
rs7217226	POAG-CAD	NEGATIVE_DIRECTION_CONCORDANT	GTEx_v8	gtex_v8	chr17_2232771_T_G_b38	Small_Intestine_Terminal_Ileum	SRR	ENSG00000167720.12	1.54642e-05	0.366468	LOOKUP_RETURNED	2026-09-21	GTEx v8 API; raw p-values are descriptive and not used as colocalization evidence	relevant_tissues
rs7217226	POAG-CAD	NEGATIVE_DIRECTION_CONCORDANT	GTEx_v8	gtex_v8	chr17_2232771_T_G_b38	Skin_Not_Sun_Exposed_Suprapubic	SRR	ENSG00000167720.12	2.74874e-09	0.293339	LOOKUP_RETURNED	2026-09-21	GTEx v8 API; raw p-values are descriptive and not used as colocalization evidence	relevant_tissues
rs7217226	POAG-CAD	NEGATIVE_DIRECTION_CONCORDANT	GTEx_v8	gtex_v8	chr17_2232771_T_G_b38	Skin_Not_Sun_Exposed_Suprapubic	TSR1	ENSG00000167721.10	1.8324e-07	-0.114667	LOOKUP_RETURNED	2026-09-21	GTEx v8 API; raw p-values are descriptive and not used as colocalization evidence	relevant_tissues
rs7217226	POAG-CAD	NEGATIVE_DIRECTION_CONCORDANT	GTEx_v8	gtex_v8	chr17_2232771_T_G_b38	Skin_Not_Sun_Exposed_Suprapubic	SGSM2	ENSG00000141258.12	1.03006e-14	-0.264769	LOOKUP_RETURNED	2026-09-21	GTEx v8 API; raw p-values are descriptive and not used as colocalization evidence	relevant_tissues
rs7217226	POAG-CAD	NEGATIVE_DIRECTION_CONCORDANT	GTEx_v8	gtex_v8	chr17_2232771_T_G_b38	Skin_Not_Sun_Exposed_Suprapubic	RP1-59D14.5	ENSG00000263345.1	5.52317e-11	-0.208331	LOOKUP_RETURNED	2026-09-21	GTEx v8 API; raw p-values are descriptive and not used as colocalization evidence	relevant_tissues
rs7217226	POAG-CAD	NEGATIVE_DIRECTION_CONCORDANT	GTEx_v8	gtex_v8	chr17_2232771_T_G_b38	Brain_Cortex	SRR	ENSG00000167720.12	7.72918e-08	0.397437	LOOKUP_RETURNED	2026-09-21	GTEx v8 API; raw p-values are descriptive and not used as colocalization evidence	relevant_tissues
rs7217226	POAG-CAD	NEGATIVE_DIRECTION_CONCORDANT	GTEx_v8	gtex_v8	chr17_2232771_T_G_b38	Artery_Coronary	SRR	ENSG00000167720.12	1.86415e-07	0.385276	LOOKUP_RETURNED	2026-09-21	GTEx v8 API; raw p-values are descriptive and not used as colocalization evidence	relevant_tissues
rs7217226	POAG-CAD	NEGATIVE_DIRECTION_CONCORDANT	GTEx_v8	gtex_v8	chr17_2232771_T_G_b38	Muscle_Skeletal	SRR	ENSG00000167720.12	8.73695e-18	0.337947	LOOKUP_RETURNED	2026-09-21	GTEx v8 API; raw p-values are descriptive and not used as colocalization evidence	relevant_tissues
rs7217226	POAG-CAD	NEGATIVE_DIRECTION_CONCORDANT	GTEx_v8	gtex_v8	chr17_2232771_T_G_b38	Heart_Atrial_Appendage	SRR	ENSG00000167720.12	9.35383e-11	0.313505	LOOKUP_RETURNED	2026-09-21	GTEx v8 API; raw p-values are descriptive and not used as colocalization evidence	relevant_tissues
rs7217226	POAG-CAD	NEGATIVE_DIRECTION_CONCORDANT	GTEx_v8	gtex_v8	chr17_2232771_T_G_b38	Brain_Caudate_basal_ganglia	SRR	ENSG00000167720.12	3.68327e-06	0.277462	LOOKUP_RETURNED	2026-09-21	GTEx v8 API; raw p-values are descriptive and not used as colocalization evidence	relevant_tissues
rs7217226	POAG-CAD	NEGATIVE_DIRECTION_CONCORDANT	GTEx_v8	gtex_v8	chr17_2232771_T_G_b38	Whole_Blood	SRR	ENSG00000167720.12	1.39448e-09	0.254354	LOOKUP_RETURNED	2026-09-21	GTEx v8 API; raw p-values are descriptive and not used as colocalization evidence	relevant_tissues
rs7217226	POAG-CAD	NEGATIVE_DIRECTION_CONCORDANT	GTEx_v8	gtex_v8	chr17_2232771_T_G_b38	Artery_Tibial	SRR	ENSG00000167720.12	2.8673500000000004e-18	0.364019	LOOKUP_RETURNED	2026-09-21	GTEx v8 API; raw p-values are descriptive and not used as colocalization evidence	relevant_tissues
rs7217226	POAG-CAD	NEGATIVE_DIRECTION_CONCORDANT	GTEx_v8	gtex_v8	chr17_2232771_T_G_b38	Artery_Tibial	SGSM2	ENSG00000141258.12	4.96776e-06	0.099286	LOOKUP_RETURNED	2026-09-21	GTEx v8 API; raw p-values are descriptive and not used as colocalization evidence	relevant_tissues
rs7217226	POAG-CAD	NEGATIVE_DIRECTION_CONCORDANT	GTEx_v8	gtex_v8	chr17_2232771_T_G_b38	Nerve_Tibial	SRR	ENSG00000167720.12	6.64686e-13	0.335093	LOOKUP_RETURNED	2026-09-21	GTEx v8 API; raw p-values are descriptive and not used as colocalization evidence	relevant_tissues
rs7217226	POAG-CAD	NEGATIVE_DIRECTION_CONCORDANT	GTEx_v8	gtex_v8	chr17_2232771_T_G_b38	Skin_Sun_Exposed_Lower_leg	SRR	ENSG00000167720.12	7.66263e-09	0.26591	LOOKUP_RETURNED	2026-09-21	GTEx v8 API; raw p-values are descriptive and not used as colocalization evidence	relevant_tissues
rs7217226	POAG-CAD	NEGATIVE_DIRECTION_CONCORDANT	GTEx_v8	gtex_v8	chr17_2232771_T_G_b38	Skin_Sun_Exposed_Lower_leg	TSR1	ENSG00000167721.10	1.01323e-14	-0.170893	LOOKUP_RETURNED	2026-09-21	GTEx v8 API; raw p-values are descriptive and not used as colocalization evidence	relevant_tissues
rs7217226	POAG-CAD	NEGATIVE_DIRECTION_CONCORDANT	GTEx_v8	gtex_v8	chr17_2232771_T_G_b38	Skin_Sun_Exposed_Lower_leg	SGSM2	ENSG00000141258.12	3.65828e-17	-0.289628	LOOKUP_RETURNED	2026-09-21	GTEx v8 API; raw p-values are descriptive and not used as colocalization evidence	relevant_tissues
rs7217226	POAG-CAD	NEGATIVE_DIRECTION_CONCORDANT	GTEx_v8	gtex_v8	chr17_2232771_T_G_b38	Skin_Sun_Exposed_Lower_leg	RP1-59D14.5	ENSG00000263345.1	2.55538e-08	-0.167302	LOOKUP_RETURNED	2026-09-21	GTEx v8 API; raw p-values are descriptive and not used as colocalization evidence	relevant_tissues
rs7217226	POAG-CAD	NEGATIVE_DIRECTION_CONCORDANT	GTEx_v8	gtex_v8	chr17_2232771_T_G_b38	Brain_Hippocampus	SRR	ENSG00000167720.12	6.88171e-06	0.310723	LOOKUP_RETURNED	2026-09-21	GTEx v8 API; raw p-values are descriptive and not used as colocalization evidence	relevant_tissues
rs7217226	POAG-CAD	NEGATIVE_DIRECTION_CONCORDANT	GTEx_v8	gtex_v8	chr17_2232771_T_G_b38	Artery_Aorta	SRR	ENSG00000167720.12	3.62034e-16	0.374185	LOOKUP_RETURNED	2026-09-21	GTEx v8 API; raw p-values are descriptive and not used as colocalization evidence	relevant_tissues
rs7217226	POAG-CAD	NEGATIVE_DIRECTION_CONCORDANT	GTEx_v8	gtex_v8	chr17_2232771_T_G_b38	Artery_Aorta	HNRNPA1P16	ENSG00000262333.1	3.50267e-05	0.169768	LOOKUP_RETURNED	2026-09-21	GTEx v8 API; raw p-values are descriptive and not used as colocalization evidence	relevant_tissues
rs7217226	POAG-CAD	NEGATIVE_DIRECTION_CONCORDANT	GTEx_v8	gtex_v8	chr17_2232771_T_G_b38	Spleen	SRR	ENSG00000167720.12	8.69564e-09	0.475061	LOOKUP_RETURNED	2026-09-21	GTEx v8 API; raw p-values are descriptive and not used as colocalization evidence	relevant_tissues
rs7217226	POAG-CAD	NEGATIVE_DIRECTION_CONCORDANT	GTEx_v8	gtex_v8	chr17_2232771_T_G_b38	Brain_Cerebellum	SRR	ENSG00000167720.12	1.03426e-05	0.336099	LOOKUP_RETURNED	2026-09-21	GTEx v8 API; raw p-values are descriptive and not used as colocalization evidence	relevant_tissues
rs7217226	POAG-CAD	NEGATIVE_DIRECTION_CONCORDANT	GTEx_v8	gtex_v8	chr17_2232771_T_G_b38	Adipose_Visceral_Omentum	SRR	ENSG00000167720.12	7.69971e-17	0.386669	LOOKUP_RETURNED	2026-09-21	GTEx v8 API; raw p-values are descriptive and not used as colocalization evidence	relevant_tissues
rs7217226	POAG-CAD	NEGATIVE_DIRECTION_CONCORDANT	GTEx_v8	gtex_v8	chr17_2232771_T_G_b38	Adipose_Subcutaneous	SRR	ENSG00000167720.12	2.36993e-16	0.370187	LOOKUP_RETURNED	2026-09-21	GTEx v8 API; raw p-values are descriptive and not used as colocalization evidence	relevant_tissues
rs7217226	POAG-CAD	NEGATIVE_DIRECTION_CONCORDANT	GTEx_v8	gtex_v8	chr17_2232771_T_G_b38	Adipose_Subcutaneous	RP1-59D14.10	ENSG00000274758.1	7.87779e-05	0.225405	LOOKUP_RETURNED	2026-09-21	GTEx v8 API; raw p-values are descriptive and not used as colocalization evidence	relevant_tissues
rs7217226	POAG-CAD	NEGATIVE_DIRECTION_CONCORDANT	GTEx_v8	gtex_v8	chr17_2232771_T_G_b38	Pancreas	SRR	ENSG00000167720.12	6.47797e-08	0.389314	LOOKUP_RETURNED	2026-09-21	GTEx v8 API; raw p-values are descriptive and not used as colocalization evidence	relevant_tissues
rs7217226	POAG-CAD	NEGATIVE_DIRECTION_CONCORDANT	EyeGEx/retina								NOT_ASSESSED_STABLE_PUBLIC_API_NOT_CONFIGURED	2026-09-21	Optional retina xQTL lookup; no stable endpoint was used in this reproducible workflow	optional_source_status
rs72790940	CAT-T2D	NEGATIVE_DIRECTION_CONCORDANT	GTEx_v8	gtex_v8	chr2_43541406_T_G_b38	Skin_Not_Sun_Exposed_Suprapubic	AC010883.5	ENSG00000234936.1	1.13939e-06	0.353369	LOOKUP_RETURNED	2026-09-21	GTEx v8 API; raw p-values are descriptive and not used as colocalization evidence	relevant_tissues
rs72790940	CAT-T2D	NEGATIVE_DIRECTION_CONCORDANT	GTEx_v8	gtex_v8	chr2_43541406_T_G_b38	Muscle_Skeletal	ZFP36L2	ENSG00000152518.7	8.10068e-05	-0.132327	LOOKUP_RETURNED	2026-09-21	GTEx v8 API; raw p-values are descriptive and not used as colocalization evidence	relevant_tissues
rs72790940	CAT-T2D	NEGATIVE_DIRECTION_CONCORDANT	GTEx_v8	gtex_v8	chr2_43541406_T_G_b38	Artery_Tibial	ZFP36L2	ENSG00000152518.7	2.66379e-05	-0.193003	LOOKUP_RETURNED	2026-09-21	GTEx v8 API; raw p-values are descriptive and not used as colocalization evidence	relevant_tissues
rs72790940	CAT-T2D	NEGATIVE_DIRECTION_CONCORDANT	GTEx_v8	gtex_v8	chr2_43541406_T_G_b38	Artery_Tibial	PLEKHH2	ENSG00000152527.13	9.7883e-16	0.424078	LOOKUP_RETURNED	2026-09-21	GTEx v8 API; raw p-values are descriptive and not used as colocalization evidence	relevant_tissues
rs72790940	CAT-T2D	NEGATIVE_DIRECTION_CONCORDANT	GTEx_v8	gtex_v8	chr2_43541406_T_G_b38	Nerve_Tibial	ZFP36L2	ENSG00000152518.7	2.40926e-06	-0.218999	LOOKUP_RETURNED	2026-09-21	GTEx v8 API; raw p-values are descriptive and not used as colocalization evidence	relevant_tissues
rs72790940	CAT-T2D	NEGATIVE_DIRECTION_CONCORDANT	GTEx_v8	gtex_v8	chr2_43541406_T_G_b38	Nerve_Tibial	LINC01126	ENSG00000279873.2	7.91827e-05	0.202843	LOOKUP_RETURNED	2026-09-21	GTEx v8 API; raw p-values are descriptive and not used as colocalization evidence	relevant_tissues
rs72790940	CAT-T2D	NEGATIVE_DIRECTION_CONCORDANT	GTEx_v8	gtex_v8	chr2_43541406_T_G_b38	Skin_Sun_Exposed_Lower_leg	AC010883.5	ENSG00000234936.1	7.22531e-06	0.270902	LOOKUP_RETURNED	2026-09-21	GTEx v8 API; raw p-values are descriptive and not used as colocalization evidence	relevant_tissues
rs72790940	CAT-T2D	NEGATIVE_DIRECTION_CONCORDANT	GTEx_v8	gtex_v8	chr2_43541406_T_G_b38	Artery_Aorta	PLEKHH2	ENSG00000152527.13	2.4455e-16	0.435962	LOOKUP_RETURNED	2026-09-21	GTEx v8 API; raw p-values are descriptive and not used as colocalization evidence	relevant_tissues
rs72790940	CAT-T2D	NEGATIVE_DIRECTION_CONCORDANT	GTEx_v8	gtex_v8	chr2_43541406_T_G_b38	Adipose_Visceral_Omentum	THADA	ENSG00000115970.18	1.50759e-05	-0.19847	LOOKUP_RETURNED	2026-09-21	GTEx v8 API; raw p-values are descriptive and not used as colocalization evidence	relevant_tissues
rs72790940	CAT-T2D	NEGATIVE_DIRECTION_CONCORDANT	GTEx_v8	gtex_v8	chr2_43541406_T_G_b38	Adipose_Subcutaneous	ZFP36L2	ENSG00000152518.7	1.44633e-06	-0.248851	LOOKUP_RETURNED	2026-09-21	GTEx v8 API; raw p-values are descriptive and not used as colocalization evidence	relevant_tissues
rs72790940	CAT-T2D	NEGATIVE_DIRECTION_CONCORDANT	GTEx_v8	gtex_v8	chr2_43541406_T_G_b38	Adipose_Subcutaneous	THADA	ENSG00000115970.18	8.23867e-07	-0.18592	LOOKUP_RETURNED	2026-09-21	GTEx v8 API; raw p-values are descriptive and not used as colocalization evidence	relevant_tissues
rs72790940	CAT-T2D	NEGATIVE_DIRECTION_CONCORDANT	EyeGEx/retina								NOT_ASSESSED_STABLE_PUBLIC_API_NOT_CONFIGURED	2026-09-21	Optional retina xQTL lookup; no stable endpoint was used in this reproducible workflow	optional_source_status
rs7311681	AMD-STROKE	POSITIVE_DIRECTION_CONCORDANT	GTEx_v8	gtex_v8	chr12_112380043_T_G_b38	Heart_Left_Ventricle	ALDH2	ENSG00000111275.12	3.9454e-08	-0.156835	LOOKUP_RETURNED	2026-09-21	GTEx v8 API; raw p-values are descriptive and not used as colocalization evidence	relevant_tissues
rs7311681	AMD-STROKE	POSITIVE_DIRECTION_CONCORDANT	GTEx_v8	gtex_v8	chr12_112380043_T_G_b38	Brain_Putamen_basal_ganglia	ALDH2	ENSG00000111275.12	2.26166e-05	-0.187468	LOOKUP_RETURNED	2026-09-21	GTEx v8 API; raw p-values are descriptive and not used as colocalization evidence	relevant_tissues
rs7311681	AMD-STROKE	POSITIVE_DIRECTION_CONCORDANT	GTEx_v8	gtex_v8	chr12_112380043_T_G_b38	Liver	TMEM116	ENSG00000198270.12	1.30566e-06	0.469027	LOOKUP_RETURNED	2026-09-21	GTEx v8 API; raw p-values are descriptive and not used as colocalization evidence	relevant_tissues
rs7311681	AMD-STROKE	POSITIVE_DIRECTION_CONCORDANT	GTEx_v8	gtex_v8	chr12_112380043_T_G_b38	Skin_Not_Sun_Exposed_Suprapubic	ALDH2	ENSG00000111275.12	5.97281e-14	-0.318396	LOOKUP_RETURNED	2026-09-21	GTEx v8 API; raw p-values are descriptive and not used as colocalization evidence	relevant_tissues
rs7311681	AMD-STROKE	POSITIVE_DIRECTION_CONCORDANT	GTEx_v8	gtex_v8	chr12_112380043_T_G_b38	Skin_Not_Sun_Exposed_Suprapubic	MAPKAPK5-AS1	ENSG00000234608.7	0.000312835	0.137588	LOOKUP_RETURNED	2026-09-21	GTEx v8 API; raw p-values are descriptive and not used as colocalization evidence	relevant_tissues
rs7311681	AMD-STROKE	POSITIVE_DIRECTION_CONCORDANT	GTEx_v8	gtex_v8	chr12_112380043_T_G_b38	Skin_Not_Sun_Exposed_Suprapubic	MAPKAPK5	ENSG00000089022.13	1.63739e-05	-0.166327	LOOKUP_RETURNED	2026-09-21	GTEx v8 API; raw p-values are descriptive and not used as colocalization evidence	relevant_tissues
rs7311681	AMD-STROKE	POSITIVE_DIRECTION_CONCORDANT	GTEx_v8	gtex_v8	chr12_112380043_T_G_b38	Brain_Nucleus_accumbens_basal_ganglia	ALDH2	ENSG00000111275.12	0.000196715	-0.205644	LOOKUP_RETURNED	2026-09-21	GTEx v8 API; raw p-values are descriptive and not used as colocalization evidence	relevant_tissues
rs7311681	AMD-STROKE	POSITIVE_DIRECTION_CONCORDANT	GTEx_v8	gtex_v8	chr12_112380043_T_G_b38	Brain_Nucleus_accumbens_basal_ganglia	NAA25	ENSG00000111300.9	2.67843e-09	0.303943	LOOKUP_RETURNED	2026-09-21	GTEx v8 API; raw p-values are descriptive and not used as colocalization evidence	relevant_tissues
rs7311681	AMD-STROKE	POSITIVE_DIRECTION_CONCORDANT	GTEx_v8	gtex_v8	chr12_112380043_T_G_b38	Brain_Cortex	ALDH2	ENSG00000111275.12	6.61369e-08	-0.190916	LOOKUP_RETURNED	2026-09-21	GTEx v8 API; raw p-values are descriptive and not used as colocalization evidence	relevant_tissues
rs7311681	AMD-STROKE	POSITIVE_DIRECTION_CONCORDANT	GTEx_v8	gtex_v8	chr12_112380043_T_G_b38	Brain_Cortex	NAA25	ENSG00000111300.9	1.27411e-05	0.199949	LOOKUP_RETURNED	2026-09-21	GTEx v8 API; raw p-values are descriptive and not used as colocalization evidence	relevant_tissues
rs7311681	AMD-STROKE	POSITIVE_DIRECTION_CONCORDANT	GTEx_v8	gtex_v8	chr12_112380043_T_G_b38	Artery_Coronary	TMEM116	ENSG00000198270.12	6.46481e-05	0.243193	LOOKUP_RETURNED	2026-09-21	GTEx v8 API; raw p-values are descriptive and not used as colocalization evidence	relevant_tissues
rs7311681	AMD-STROKE	POSITIVE_DIRECTION_CONCORDANT	GTEx_v8	gtex_v8	chr12_112380043_T_G_b38	Muscle_Skeletal	MAPKAPK5	ENSG00000089022.13	2.82347e-10	-0.225628	LOOKUP_RETURNED	2026-09-21	GTEx v8 API; raw p-values are descriptive and not used as colocalization evidence	relevant_tissues
rs7311681	AMD-STROKE	POSITIVE_DIRECTION_CONCORDANT	GTEx_v8	gtex_v8	chr12_112380043_T_G_b38	Muscle_Skeletal	TMEM116	ENSG00000198270.12	1.2443300000000002e-18	0.393463	LOOKUP_RETURNED	2026-09-21	GTEx v8 API; raw p-values are descriptive and not used as colocalization evidence	relevant_tissues
rs7311681	AMD-STROKE	POSITIVE_DIRECTION_CONCORDANT	GTEx_v8	gtex_v8	chr12_112380043_T_G_b38	Heart_Atrial_Appendage	ALDH2	ENSG00000111275.12	1.61659e-05	-0.203141	LOOKUP_RETURNED	2026-09-21	GTEx v8 API; raw p-values are descriptive and not used as colocalization evidence	relevant_tissues
rs7311681	AMD-STROKE	POSITIVE_DIRECTION_CONCORDANT	GTEx_v8	gtex_v8	chr12_112380043_T_G_b38	Heart_Atrial_Appendage	ADAM1B	ENSG00000226469.1	1.30547e-08	0.450616	LOOKUP_RETURNED	2026-09-21	GTEx v8 API; raw p-values are descriptive and not used as colocalization evidence	relevant_tissues
rs7311681	AMD-STROKE	POSITIVE_DIRECTION_CONCORDANT	GTEx_v8	gtex_v8	chr12_112380043_T_G_b38	Heart_Atrial_Appendage	TMEM116	ENSG00000198270.12	9.8738e-13	0.471103	LOOKUP_RETURNED	2026-09-21	GTEx v8 API; raw p-values are descriptive and not used as colocalization evidence	relevant_tissues
rs7311681	AMD-STROKE	POSITIVE_DIRECTION_CONCORDANT	GTEx_v8	gtex_v8	chr12_112380043_T_G_b38	Brain_Hypothalamus	ALDH2	ENSG00000111275.12	1.97495e-06	-0.241991	LOOKUP_RETURNED	2026-09-21	GTEx v8 API; raw p-values are descriptive and not used as colocalization evidence	relevant_tissues
rs7311681	AMD-STROKE	POSITIVE_DIRECTION_CONCORDANT	GTEx_v8	gtex_v8	chr12_112380043_T_G_b38	Brain_Caudate_basal_ganglia	NAA25	ENSG00000111300.9	1.98324e-06	0.275026	LOOKUP_RETURNED	2026-09-21	GTEx v8 API; raw p-values are descriptive and not used as colocalization evidence	relevant_tissues
rs7311681	AMD-STROKE	POSITIVE_DIRECTION_CONCORDANT	GTEx_v8	gtex_v8	chr12_112380043_T_G_b38	Whole_Blood	MAPKAPK5-AS1	ENSG00000234608.7	7.50469e-10	0.210233	LOOKUP_RETURNED	2026-09-21	GTEx v8 API; raw p-values are descriptive and not used as colocalization evidence	relevant_tissues
rs7311681	AMD-STROKE	POSITIVE_DIRECTION_CONCORDANT	GTEx_v8	gtex_v8	chr12_112380043_T_G_b38	Whole_Blood	TMEM116	ENSG00000198270.12	2.3147e-08	0.194656	LOOKUP_RETURNED	2026-09-21	GTEx v8 API; raw p-values are descriptive and not used as colocalization evidence	relevant_tissues
rs7311681	AMD-STROKE	POSITIVE_DIRECTION_CONCORDANT	GTEx_v8	gtex_v8	chr12_112380043_T_G_b38	Artery_Tibial	ALDH2	ENSG00000111275.12	8.29564e-12	-0.199495	LOOKUP_RETURNED	2026-09-21	GTEx v8 API; raw p-values are descriptive and not used as colocalization evidence	relevant_tissues
rs7311681	AMD-STROKE	POSITIVE_DIRECTION_CONCORDANT	GTEx_v8	gtex_v8	chr12_112380043_T_G_b38	Artery_Tibial	MAPKAPK5	ENSG00000089022.13	1.73275e-05	-0.176577	LOOKUP_RETURNED	2026-09-21	GTEx v8 API; raw p-values are descriptive and not used as colocalization evidence	relevant_tissues
rs7311681	AMD-STROKE	POSITIVE_DIRECTION_CONCORDANT	GTEx_v8	gtex_v8	chr12_112380043_T_G_b38	Artery_Tibial	TMEM116	ENSG00000198270.12	4.36608e-10	0.235786	LOOKUP_RETURNED	2026-09-21	GTEx v8 API; raw p-values are descriptive and not used as colocalization evidence	relevant_tissues
rs7311681	AMD-STROKE	POSITIVE_DIRECTION_CONCORDANT	GTEx_v8	gtex_v8	chr12_112380043_T_G_b38	Nerve_Tibial	ALDH2	ENSG00000111275.12	1.78665e-09	-0.181138	LOOKUP_RETURNED	2026-09-21	GTEx v8 API; raw p-values are descriptive and not used as colocalization evidence	relevant_tissues
rs7311681	AMD-STROKE	POSITIVE_DIRECTION_CONCORDANT	GTEx_v8	gtex_v8	chr12_112380043_T_G_b38	Nerve_Tibial	ADAM1B	ENSG00000226469.1	0.000411688	0.222981	LOOKUP_RETURNED	2026-09-21	GTEx v8 API; raw p-values are descriptive and not used as colocalization evidence	relevant_tissues
rs7311681	AMD-STROKE	POSITIVE_DIRECTION_CONCORDANT	GTEx_v8	gtex_v8	chr12_112380043_T_G_b38	Nerve_Tibial	TMEM116	ENSG00000198270.12	3.51099e-12	0.313924	LOOKUP_RETURNED	2026-09-21	GTEx v8 API; raw p-values are descriptive and not used as colocalization evidence	relevant_tissues
rs7311681	AMD-STROKE	POSITIVE_DIRECTION_CONCORDANT	GTEx_v8	gtex_v8	chr12_112380043_T_G_b38	Nerve_Tibial	NAA25	ENSG00000111300.9	1.81785e-05	0.114438	LOOKUP_RETURNED	2026-09-21	GTEx v8 API; raw p-values are descriptive and not used as colocalization evidence	relevant_tissues
rs7311681	AMD-STROKE	POSITIVE_DIRECTION_CONCORDANT	GTEx_v8	gtex_v8	chr12_112380043_T_G_b38	Skin_Sun_Exposed_Lower_leg	ALDH2	ENSG00000111275.12	4.0933499999999996e-20	-0.304249	LOOKUP_RETURNED	2026-09-21	GTEx v8 API; raw p-values are descriptive and not used as colocalization evidence	relevant_tissues
rs7311681	AMD-STROKE	POSITIVE_DIRECTION_CONCORDANT	GTEx_v8	gtex_v8	chr12_112380043_T_G_b38	Skin_Sun_Exposed_Lower_leg	MAPKAPK5	ENSG00000089022.13	6.6529e-07	-0.188516	LOOKUP_RETURNED	2026-09-21	GTEx v8 API; raw p-values are descriptive and not used as colocalization evidence	relevant_tissues
rs7311681	AMD-STROKE	POSITIVE_DIRECTION_CONCORDANT	GTEx_v8	gtex_v8	chr12_112380043_T_G_b38	Skin_Sun_Exposed_Lower_leg	ADAM1B	ENSG00000226469.1	8.04269e-06	0.249707	LOOKUP_RETURNED	2026-09-21	GTEx v8 API; raw p-values are descriptive and not used as colocalization evidence	relevant_tissues
rs7311681	AMD-STROKE	POSITIVE_DIRECTION_CONCORDANT	GTEx_v8	gtex_v8	chr12_112380043_T_G_b38	Skin_Sun_Exposed_Lower_leg	TMEM116	ENSG00000198270.12	3.21972e-05	0.151554	LOOKUP_RETURNED	2026-09-21	GTEx v8 API; raw p-values are descriptive and not used as colocalization evidence	relevant_tissues
rs7311681	AMD-STROKE	POSITIVE_DIRECTION_CONCORDANT	GTEx_v8	gtex_v8	chr12_112380043_T_G_b38	Brain_Hippocampus	ALDH2	ENSG00000111275.12	7.35209e-05	-0.205868	LOOKUP_RETURNED	2026-09-21	GTEx v8 API; raw p-values are descriptive and not used as colocalization evidence	relevant_tissues
rs7311681	AMD-STROKE	POSITIVE_DIRECTION_CONCORDANT	GTEx_v8	gtex_v8	chr12_112380043_T_G_b38	Artery_Aorta	ALDH2	ENSG00000111275.12	3.16209e-10	-0.230355	LOOKUP_RETURNED	2026-09-21	GTEx v8 API; raw p-values are descriptive and not used as colocalization evidence	relevant_tissues
rs7311681	AMD-STROKE	POSITIVE_DIRECTION_CONCORDANT	GTEx_v8	gtex_v8	chr12_112380043_T_G_b38	Spleen	MAPKAPK5-AS1	ENSG00000234608.7	1.68695e-05	0.294091	LOOKUP_RETURNED	2026-09-21	GTEx v8 API; raw p-values are descriptive and not used as colocalization evidence	relevant_tissues
rs7311681	AMD-STROKE	POSITIVE_DIRECTION_CONCORDANT	GTEx_v8	gtex_v8	chr12_112380043_T_G_b38	Brain_Cerebellar_Hemisphere	NAA25	ENSG00000111300.9	3.90077e-09	0.366667	LOOKUP_RETURNED	2026-09-21	GTEx v8 API; raw p-values are descriptive and not used as colocalization evidence	relevant_tissues
rs7311681	AMD-STROKE	POSITIVE_DIRECTION_CONCORDANT	GTEx_v8	gtex_v8	chr12_112380043_T_G_b38	Brain_Frontal_Cortex_BA9	ALDH2	ENSG00000111275.12	2.42114e-05	-0.167541	LOOKUP_RETURNED	2026-09-21	GTEx v8 API; raw p-values are descriptive and not used as colocalization evidence	relevant_tissues
rs7311681	AMD-STROKE	POSITIVE_DIRECTION_CONCORDANT	GTEx_v8	gtex_v8	chr12_112380043_T_G_b38	Brain_Frontal_Cortex_BA9	TMEM116	ENSG00000198270.12	1.73111e-05	0.363008	LOOKUP_RETURNED	2026-09-21	GTEx v8 API; raw p-values are descriptive and not used as colocalization evidence	relevant_tissues
rs7311681	AMD-STROKE	POSITIVE_DIRECTION_CONCORDANT	GTEx_v8	gtex_v8	chr12_112380043_T_G_b38	Brain_Cerebellum	NAA25	ENSG00000111300.9	1.97127e-08	0.38899	LOOKUP_RETURNED	2026-09-21	GTEx v8 API; raw p-values are descriptive and not used as colocalization evidence	relevant_tissues
rs7311681	AMD-STROKE	POSITIVE_DIRECTION_CONCORDANT	GTEx_v8	gtex_v8	chr12_112380043_T_G_b38	Adipose_Visceral_Omentum	MAPKAPK5-AS1	ENSG00000234608.7	0.000139513	0.122972	LOOKUP_RETURNED	2026-09-21	GTEx v8 API; raw p-values are descriptive and not used as colocalization evidence	relevant_tissues
rs7311681	AMD-STROKE	POSITIVE_DIRECTION_CONCORDANT	GTEx_v8	gtex_v8	chr12_112380043_T_G_b38	Adipose_Visceral_Omentum	MAPKAPK5	ENSG00000089022.13	6.14789e-06	-0.218158	LOOKUP_RETURNED	2026-09-21	GTEx v8 API; raw p-values are descriptive and not used as colocalization evidence	relevant_tissues
rs7311681	AMD-STROKE	POSITIVE_DIRECTION_CONCORDANT	GTEx_v8	gtex_v8	chr12_112380043_T_G_b38	Adipose_Visceral_Omentum	TMEM116	ENSG00000198270.12	1.49747e-12	0.362314	LOOKUP_RETURNED	2026-09-21	GTEx v8 API; raw p-values are descriptive and not used as colocalization evidence	relevant_tissues
rs7311681	AMD-STROKE	POSITIVE_DIRECTION_CONCORDANT	GTEx_v8	gtex_v8	chr12_112380043_T_G_b38	Adipose_Subcutaneous	MAPKAPK5-AS1	ENSG00000234608.7	4.79175e-06	0.198088	LOOKUP_RETURNED	2026-09-21	GTEx v8 API; raw p-values are descriptive and not used as colocalization evidence	relevant_tissues
rs7311681	AMD-STROKE	POSITIVE_DIRECTION_CONCORDANT	GTEx_v8	gtex_v8	chr12_112380043_T_G_b38	Adipose_Subcutaneous	MAPKAPK5	ENSG00000089022.13	1.1135e-06	-0.221067	LOOKUP_RETURNED	2026-09-21	GTEx v8 API; raw p-values are descriptive and not used as colocalization evidence	relevant_tissues
rs7311681	AMD-STROKE	POSITIVE_DIRECTION_CONCORDANT	GTEx_v8	gtex_v8	chr12_112380043_T_G_b38	Adipose_Subcutaneous	ADAM1B	ENSG00000226469.1	1.66724e-05	0.278998	LOOKUP_RETURNED	2026-09-21	GTEx v8 API; raw p-values are descriptive and not used as colocalization evidence	relevant_tissues
rs7311681	AMD-STROKE	POSITIVE_DIRECTION_CONCORDANT	GTEx_v8	gtex_v8	chr12_112380043_T_G_b38	Adipose_Subcutaneous	TMEM116	ENSG00000198270.12	9.62936e-14	0.328362	LOOKUP_RETURNED	2026-09-21	GTEx v8 API; raw p-values are descriptive and not used as colocalization evidence	relevant_tissues
rs7311681	AMD-STROKE	POSITIVE_DIRECTION_CONCORDANT	GTEx_v8	gtex_v8	chr12_112380043_T_G_b38	Adipose_Subcutaneous	HECTD4	ENSG00000173064.12	0.000262069	-0.128018	LOOKUP_RETURNED	2026-09-21	GTEx v8 API; raw p-values are descriptive and not used as colocalization evidence	relevant_tissues
rs7311681	AMD-STROKE	POSITIVE_DIRECTION_CONCORDANT	GTEx_v8	gtex_v8	chr12_112380043_T_G_b38	Pancreas	SH2B3	ENSG00000111252.10	1.94505e-06	0.301789	LOOKUP_RETURNED	2026-09-21	GTEx v8 API; raw p-values are descriptive and not used as colocalization evidence	relevant_tissues
rs7311681	AMD-STROKE	POSITIVE_DIRECTION_CONCORDANT	GTEx_v8	gtex_v8	chr12_112380043_T_G_b38	Pancreas	NAA25	ENSG00000111300.9	5.9715e-06	0.239497	LOOKUP_RETURNED	2026-09-21	GTEx v8 API; raw p-values are descriptive and not used as colocalization evidence	relevant_tissues
rs7311681	AMD-STROKE	POSITIVE_DIRECTION_CONCORDANT	EyeGEx/retina								NOT_ASSESSED_STABLE_PUBLIC_API_NOT_CONFIGURED	2026-09-21	Optional retina xQTL lookup; no stable endpoint was used in this reproducible workflow	optional_source_status
rs75035298	CAT-T2D	POSITIVE_DIRECTION_CONCORDANT	GTEx_v8	gtex_v8	chr17_17569700_C_T_b38	Skin_Not_Sun_Exposed_Suprapubic	USP32P2	ENSG00000233327.10	3.16034e-05	-0.620285	LOOKUP_RETURNED	2026-09-21	GTEx v8 API; raw p-values are descriptive and not used as colocalization evidence	relevant_tissues
rs75035298	CAT-T2D	POSITIVE_DIRECTION_CONCORDANT	GTEx_v8	gtex_v8	chr17_17569700_C_T_b38	Brain_Cortex	CTD-2303H24.2	ENSG00000273018.5	7.50073e-05	-0.822802	LOOKUP_RETURNED	2026-09-21	GTEx v8 API; raw p-values are descriptive and not used as colocalization evidence	relevant_tissues
rs75035298	CAT-T2D	POSITIVE_DIRECTION_CONCORDANT	GTEx_v8	gtex_v8	chr17_17569700_C_T_b38	Muscle_Skeletal	TOM1L2	ENSG00000175662.17	0.000112617	-0.2036	LOOKUP_RETURNED	2026-09-21	GTEx v8 API; raw p-values are descriptive and not used as colocalization evidence	relevant_tissues
rs75035298	CAT-T2D	POSITIVE_DIRECTION_CONCORDANT	GTEx_v8	gtex_v8	chr17_17569700_C_T_b38	Muscle_Skeletal	ALKBH5	ENSG00000091542.8	4.9599e-06	-0.222001	LOOKUP_RETURNED	2026-09-21	GTEx v8 API; raw p-values are descriptive and not used as colocalization evidence	relevant_tissues
rs75035298	CAT-T2D	POSITIVE_DIRECTION_CONCORDANT	GTEx_v8	gtex_v8	chr17_17569700_C_T_b38	Muscle_Skeletal	USP32P2	ENSG00000233327.10	5.54289e-06	-0.545599	LOOKUP_RETURNED	2026-09-21	GTEx v8 API; raw p-values are descriptive and not used as colocalization evidence	relevant_tissues
rs75035298	CAT-T2D	POSITIVE_DIRECTION_CONCORDANT	GTEx_v8	gtex_v8	chr17_17569700_C_T_b38	Muscle_Skeletal	CTD-2303H24.2	ENSG00000273018.5	7.90575e-05	-0.48177	LOOKUP_RETURNED	2026-09-21	GTEx v8 API; raw p-values are descriptive and not used as colocalization evidence	relevant_tissues
rs75035298	CAT-T2D	POSITIVE_DIRECTION_CONCORDANT	GTEx_v8	gtex_v8	chr17_17569700_C_T_b38	Brain_Caudate_basal_ganglia	USP32P2	ENSG00000233327.10	8.59273e-05	-0.802047	LOOKUP_RETURNED	2026-09-21	GTEx v8 API; raw p-values are descriptive and not used as colocalization evidence	relevant_tissues
rs75035298	CAT-T2D	POSITIVE_DIRECTION_CONCORDANT	GTEx_v8	gtex_v8	chr17_17569700_C_T_b38	Whole_Blood	USP32P2	ENSG00000233327.10	0.000160629	-0.447034	LOOKUP_RETURNED	2026-09-21	GTEx v8 API; raw p-values are descriptive and not used as colocalization evidence	relevant_tissues
rs75035298	CAT-T2D	POSITIVE_DIRECTION_CONCORDANT	GTEx_v8	gtex_v8	chr17_17569700_C_T_b38	Whole_Blood	CTD-2303H24.2	ENSG00000273018.5	0.000244793	-0.418507	LOOKUP_RETURNED	2026-09-21	GTEx v8 API; raw p-values are descriptive and not used as colocalization evidence	relevant_tissues
rs75035298	CAT-T2D	POSITIVE_DIRECTION_CONCORDANT	GTEx_v8	gtex_v8	chr17_17569700_C_T_b38	Artery_Tibial	CCDC144A	ENSG00000170160.17	0.000128688	0.471627	LOOKUP_RETURNED	2026-09-21	GTEx v8 API; raw p-values are descriptive and not used as colocalization evidence	relevant_tissues
rs75035298	CAT-T2D	POSITIVE_DIRECTION_CONCORDANT	GTEx_v8	gtex_v8	chr17_17569700_C_T_b38	Artery_Tibial	USP32P2	ENSG00000233327.10	1.05245e-05	-0.577829	LOOKUP_RETURNED	2026-09-21	GTEx v8 API; raw p-values are descriptive and not used as colocalization evidence	relevant_tissues
rs75035298	CAT-T2D	POSITIVE_DIRECTION_CONCORDANT	GTEx_v8	gtex_v8	chr17_17569700_C_T_b38	Artery_Tibial	FAM106A	ENSG00000213077.5	3.90549e-05	-0.531485	LOOKUP_RETURNED	2026-09-21	GTEx v8 API; raw p-values are descriptive and not used as colocalization evidence	relevant_tissues
rs75035298	CAT-T2D	POSITIVE_DIRECTION_CONCORDANT	GTEx_v8	gtex_v8	chr17_17569700_C_T_b38	Artery_Tibial	CTD-2303H24.2	ENSG00000273018.5	2.51096e-05	-0.562378	LOOKUP_RETURNED	2026-09-21	GTEx v8 API; raw p-values are descriptive and not used as colocalization evidence	relevant_tissues
rs75035298	CAT-T2D	POSITIVE_DIRECTION_CONCORDANT	GTEx_v8	gtex_v8	chr17_17569700_C_T_b38	Nerve_Tibial	CTD-2303H24.2	ENSG00000273018.5	0.00019574	-0.55942	LOOKUP_RETURNED	2026-09-21	GTEx v8 API; raw p-values are descriptive and not used as colocalization evidence	relevant_tissues
rs75035298	CAT-T2D	POSITIVE_DIRECTION_CONCORDANT	GTEx_v8	gtex_v8	chr17_17569700_C_T_b38	Adipose_Subcutaneous	USP32P2	ENSG00000233327.10	8.17293e-06	-0.615121	LOOKUP_RETURNED	2026-09-21	GTEx v8 API; raw p-values are descriptive and not used as colocalization evidence	relevant_tissues
rs75035298	CAT-T2D	POSITIVE_DIRECTION_CONCORDANT	GTEx_v8	gtex_v8	chr17_17569700_C_T_b38	Adipose_Subcutaneous	FAM106A	ENSG00000213077.5	0.000241313	-0.490367	LOOKUP_RETURNED	2026-09-21	GTEx v8 API; raw p-values are descriptive and not used as colocalization evidence	relevant_tissues
rs75035298	CAT-T2D	POSITIVE_DIRECTION_CONCORDANT	GTEx_v8	gtex_v8	chr17_17569700_C_T_b38	Adipose_Subcutaneous	CTD-2303H24.2	ENSG00000273018.5	1.33557e-05	-0.592127	LOOKUP_RETURNED	2026-09-21	GTEx v8 API; raw p-values are descriptive and not used as colocalization evidence	relevant_tissues
rs75035298	CAT-T2D	POSITIVE_DIRECTION_CONCORDANT	EyeGEx/retina								NOT_ASSESSED_STABLE_PUBLIC_API_NOT_CONFIGURED	2026-09-21	Optional retina xQTL lookup; no stable endpoint was used in this reproducible workflow	optional_source_status
rs7670439	POAG-STROKE	NEGATIVE_DIRECTION_CONCORDANT	GTEx_v8	gtex_v8	chr4_143159114_T_C_b38	Whole_Blood	INPP4B	ENSG00000109452.12	8.5997e-05	0.0661124	LOOKUP_RETURNED	2026-09-21	GTEx v8 API; raw p-values are descriptive and not used as colocalization evidence	relevant_tissues
rs7670439	POAG-STROKE	NEGATIVE_DIRECTION_CONCORDANT	GTEx_v8	gtex_v8	chr4_143159114_T_C_b38	Whole_Blood	USP38	ENSG00000170185.9	2.52459e-26	0.192254	LOOKUP_RETURNED	2026-09-21	GTEx v8 API; raw p-values are descriptive and not used as colocalization evidence	relevant_tissues
rs7670439	POAG-STROKE	NEGATIVE_DIRECTION_CONCORDANT	GTEx_v8	gtex_v8	chr4_143159114_T_C_b38	Artery_Tibial	RP11-284M14.1	ENSG00000250326.1	0.000126084	-0.171774	LOOKUP_RETURNED	2026-09-21	GTEx v8 API; raw p-values are descriptive and not used as colocalization evidence	relevant_tissues
rs7670439	POAG-STROKE	NEGATIVE_DIRECTION_CONCORDANT	GTEx_v8	gtex_v8	chr4_143159114_T_C_b38	Nerve_Tibial	USP38	ENSG00000170185.9	4.69585e-05	0.0877871	LOOKUP_RETURNED	2026-09-21	GTEx v8 API; raw p-values are descriptive and not used as colocalization evidence	relevant_tissues
rs7670439	POAG-STROKE	NEGATIVE_DIRECTION_CONCORDANT	GTEx_v8	gtex_v8	chr4_143159114_T_C_b38	Adipose_Visceral_Omentum	USP38	ENSG00000170185.9	1.35286e-07	0.113492	LOOKUP_RETURNED	2026-09-21	GTEx v8 API; raw p-values are descriptive and not used as colocalization evidence	relevant_tissues
rs7670439	POAG-STROKE	NEGATIVE_DIRECTION_CONCORDANT	GTEx_v8	gtex_v8	chr4_143159114_T_C_b38	Adipose_Subcutaneous	RP11-284M14.1	ENSG00000250326.1	4.15763e-06	-0.224018	LOOKUP_RETURNED	2026-09-21	GTEx v8 API; raw p-values are descriptive and not used as colocalization evidence	relevant_tissues
rs7670439	POAG-STROKE	NEGATIVE_DIRECTION_CONCORDANT	GTEx_v8	gtex_v8	chr4_143159114_T_C_b38	Pancreas	RP11-284M14.1	ENSG00000250326.1	8.66086e-05	-0.274887	LOOKUP_RETURNED	2026-09-21	GTEx v8 API; raw p-values are descriptive and not used as colocalization evidence	relevant_tissues
rs7670439	POAG-STROKE	NEGATIVE_DIRECTION_CONCORDANT	EyeGEx/retina								NOT_ASSESSED_STABLE_PUBLIC_API_NOT_CONFIGURED	2026-09-21	Optional retina xQTL lookup; no stable endpoint was used in this reproducible workflow	optional_source_status
rs76834192	CAT-AD	NEGATIVE_DIRECTION_CONCORDANT	GTEx_v8	gtex_v8	chr11_59998839_C_T_b38	Nerve_Tibial	STX3	ENSG00000166900.15	3.13426e-06	-0.365847	LOOKUP_RETURNED	2026-09-21	GTEx v8 API; raw p-values are descriptive and not used as colocalization evidence	relevant_tissues
rs76834192	CAT-AD	NEGATIVE_DIRECTION_CONCORDANT	GTEx_v8	gtex_v8	chr11_59998839_C_T_b38	Brain_Cerebellar_Hemisphere	OOSP1	ENSG00000214788.2	5.03486e-05	0.765736	LOOKUP_RETURNED	2026-09-21	GTEx v8 API; raw p-values are descriptive and not used as colocalization evidence	relevant_tissues
rs76834192	CAT-AD	NEGATIVE_DIRECTION_CONCORDANT	EyeGEx/retina								NOT_ASSESSED_STABLE_PUBLIC_API_NOT_CONFIGURED	2026-09-21	Optional retina xQTL lookup; no stable endpoint was used in this reproducible workflow	optional_source_status
rs7776707	AMD-T2D	POSITIVE_DIRECTION_CONCORDANT	GTEx_v8	gtex_v8	chr7_104965083_C_A_b38	Heart_Atrial_Appendage	RP11-325F22.2	ENSG00000237513.1	7.30944e-05	0.219586	LOOKUP_RETURNED	2026-09-21	GTEx v8 API; raw p-values are descriptive and not used as colocalization evidence	relevant_tissues
rs7776707	AMD-T2D	POSITIVE_DIRECTION_CONCORDANT	GTEx_v8	gtex_v8	chr7_104965083_C_A_b38	Whole_Blood	LHFPL3-AS2	ENSG00000225329.3	1.04137e-11	0.330234	LOOKUP_RETURNED	2026-09-21	GTEx v8 API; raw p-values are descriptive and not used as colocalization evidence	relevant_tissues
rs7776707	AMD-T2D	POSITIVE_DIRECTION_CONCORDANT	GTEx_v8	gtex_v8	chr7_104965083_C_A_b38	Whole_Blood	RP11-325F22.2	ENSG00000237513.1	1.35438e-15	0.18745	LOOKUP_RETURNED	2026-09-21	GTEx v8 API; raw p-values are descriptive and not used as colocalization evidence	relevant_tissues
rs7776707	AMD-T2D	POSITIVE_DIRECTION_CONCORDANT	GTEx_v8	gtex_v8	chr7_104965083_C_A_b38	Whole_Blood	SRPK2	ENSG00000135250.16	8.92038e-11	0.126489	LOOKUP_RETURNED	2026-09-21	GTEx v8 API; raw p-values are descriptive and not used as colocalization evidence	relevant_tissues
rs7776707	AMD-T2D	POSITIVE_DIRECTION_CONCORDANT	GTEx_v8	gtex_v8	chr7_104965083_C_A_b38	Nerve_Tibial	RP11-325F22.2	ENSG00000237513.1	1.05234e-06	0.253391	LOOKUP_RETURNED	2026-09-21	GTEx v8 API; raw p-values are descriptive and not used as colocalization evidence	relevant_tissues
rs7776707	AMD-T2D	POSITIVE_DIRECTION_CONCORDANT	GTEx_v8	gtex_v8	chr7_104965083_C_A_b38	Skin_Sun_Exposed_Lower_leg	CTB-152G17.6	ENSG00000272918.1	6.30155e-06	0.182998	LOOKUP_RETURNED	2026-09-21	GTEx v8 API; raw p-values are descriptive and not used as colocalization evidence	relevant_tissues
rs7776707	AMD-T2D	POSITIVE_DIRECTION_CONCORDANT	GTEx_v8	gtex_v8	chr7_104965083_C_A_b38	Spleen	RP11-325F22.2	ENSG00000237513.1	9.36146e-05	0.252816	LOOKUP_RETURNED	2026-09-21	GTEx v8 API; raw p-values are descriptive and not used as colocalization evidence	relevant_tissues
rs7776707	AMD-T2D	POSITIVE_DIRECTION_CONCORDANT	GTEx_v8	gtex_v8	chr7_104965083_C_A_b38	Adipose_Visceral_Omentum	LHFPL3-AS2	ENSG00000225329.3	5.35339e-06	0.290541	LOOKUP_RETURNED	2026-09-21	GTEx v8 API; raw p-values are descriptive and not used as colocalization evidence	relevant_tissues
rs7776707	AMD-T2D	POSITIVE_DIRECTION_CONCORDANT	GTEx_v8	gtex_v8	chr7_104965083_C_A_b38	Adipose_Visceral_Omentum	RP11-325F22.2	ENSG00000237513.1	3.76079e-05	0.16723	LOOKUP_RETURNED	2026-09-21	GTEx v8 API; raw p-values are descriptive and not used as colocalization evidence	relevant_tissues
rs7776707	AMD-T2D	POSITIVE_DIRECTION_CONCORDANT	EyeGEx/retina								NOT_ASSESSED_STABLE_PUBLIC_API_NOT_CONFIGURED	2026-09-21	Optional retina xQTL lookup; no stable endpoint was used in this reproducible workflow	optional_source_status
rs8079321	CAT-T2D	POSITIVE_DIRECTION_CONCORDANT	GTEx_v8	gtex_v8	chr17_17857475_T_C_b38	Heart_Left_Ventricle	ATPAF2	ENSG00000171953.15	2.9002e-07	-0.126771	LOOKUP_RETURNED	2026-09-21	GTEx v8 API; raw p-values are descriptive and not used as colocalization evidence	relevant_tissues
rs8079321	CAT-T2D	POSITIVE_DIRECTION_CONCORDANT	GTEx_v8	gtex_v8	chr17_17857475_T_C_b38	Liver	RP11-258F1.2	ENSG00000279428.1	2.4164e-08	-0.242843	LOOKUP_RETURNED	2026-09-21	GTEx v8 API; raw p-values are descriptive and not used as colocalization evidence	relevant_tissues
rs8079321	CAT-T2D	POSITIVE_DIRECTION_CONCORDANT	GTEx_v8	gtex_v8	chr17_17857475_T_C_b38	Skin_Not_Sun_Exposed_Suprapubic	ATPAF2	ENSG00000171953.15	4.39978e-06	-0.13131	LOOKUP_RETURNED	2026-09-21	GTEx v8 API; raw p-values are descriptive and not used as colocalization evidence	relevant_tissues
rs8079321	CAT-T2D	POSITIVE_DIRECTION_CONCORDANT	GTEx_v8	gtex_v8	chr17_17857475_T_C_b38	Skin_Not_Sun_Exposed_Suprapubic	DRG2	ENSG00000108591.9	1.11012e-06	0.162687	LOOKUP_RETURNED	2026-09-21	GTEx v8 API; raw p-values are descriptive and not used as colocalization evidence	relevant_tissues
rs8079321	CAT-T2D	POSITIVE_DIRECTION_CONCORDANT	GTEx_v8	gtex_v8	chr17_17857475_T_C_b38	Brain_Nucleus_accumbens_basal_ganglia	DRC3	ENSG00000171962.17	1.09406e-06	-0.268624	LOOKUP_RETURNED	2026-09-21	GTEx v8 API; raw p-values are descriptive and not used as colocalization evidence	relevant_tissues
rs8079321	CAT-T2D	POSITIVE_DIRECTION_CONCORDANT	GTEx_v8	gtex_v8	chr17_17857475_T_C_b38	Brain_Cortex	TOM1L2	ENSG00000175662.17	1.61087e-05	0.175205	LOOKUP_RETURNED	2026-09-21	GTEx v8 API; raw p-values are descriptive and not used as colocalization evidence	relevant_tissues
rs8079321	CAT-T2D	POSITIVE_DIRECTION_CONCORDANT	GTEx_v8	gtex_v8	chr17_17857475_T_C_b38	Artery_Coronary	RP1-253P7.4	ENSG00000197815.4	6.48153e-07	0.245523	LOOKUP_RETURNED	2026-09-21	GTEx v8 API; raw p-values are descriptive and not used as colocalization evidence	relevant_tissues
rs8079321	CAT-T2D	POSITIVE_DIRECTION_CONCORDANT	GTEx_v8	gtex_v8	chr17_17857475_T_C_b38	Artery_Coronary	TOM1L2	ENSG00000175662.17	1.96414e-06	0.155178	LOOKUP_RETURNED	2026-09-21	GTEx v8 API; raw p-values are descriptive and not used as colocalization evidence	relevant_tissues
rs8079321	CAT-T2D	POSITIVE_DIRECTION_CONCORDANT	GTEx_v8	gtex_v8	chr17_17857475_T_C_b38	Muscle_Skeletal	SREBF1	ENSG00000072310.16	4.04507e-06	-0.185564	LOOKUP_RETURNED	2026-09-21	GTEx v8 API; raw p-values are descriptive and not used as colocalization evidence	relevant_tissues
rs8079321	CAT-T2D	POSITIVE_DIRECTION_CONCORDANT	GTEx_v8	gtex_v8	chr17_17857475_T_C_b38	Muscle_Skeletal	RP1-253P7.4	ENSG00000197815.4	4.34885e-59	0.506224	LOOKUP_RETURNED	2026-09-21	GTEx v8 API; raw p-values are descriptive and not used as colocalization evidence	relevant_tissues
rs8079321	CAT-T2D	POSITIVE_DIRECTION_CONCORDANT	GTEx_v8	gtex_v8	chr17_17857475_T_C_b38	Muscle_Skeletal	TOM1L2	ENSG00000175662.17	6.06082e-42	0.300524	LOOKUP_RETURNED	2026-09-21	GTEx v8 API; raw p-values are descriptive and not used as colocalization evidence	relevant_tissues
rs8079321	CAT-T2D	POSITIVE_DIRECTION_CONCORDANT	GTEx_v8	gtex_v8	chr17_17857475_T_C_b38	Muscle_Skeletal	DRC3	ENSG00000171962.17	4.3564e-11	-0.280124	LOOKUP_RETURNED	2026-09-21	GTEx v8 API; raw p-values are descriptive and not used as colocalization evidence	relevant_tissues
rs8079321	CAT-T2D	POSITIVE_DIRECTION_CONCORDANT	GTEx_v8	gtex_v8	chr17_17857475_T_C_b38	Muscle_Skeletal	ATPAF2	ENSG00000171953.15	9.44636e-08	-0.13086	LOOKUP_RETURNED	2026-09-21	GTEx v8 API; raw p-values are descriptive and not used as colocalization evidence	relevant_tissues
rs8079321	CAT-T2D	POSITIVE_DIRECTION_CONCORDANT	GTEx_v8	gtex_v8	chr17_17857475_T_C_b38	Muscle_Skeletal	ALKBH5	ENSG00000091542.8	2.69026e-06	0.102213	LOOKUP_RETURNED	2026-09-21	GTEx v8 API; raw p-values are descriptive and not used as colocalization evidence	relevant_tissues
rs8079321	CAT-T2D	POSITIVE_DIRECTION_CONCORDANT	GTEx_v8	gtex_v8	chr17_17857475_T_C_b38	Heart_Atrial_Appendage	RP1-253P7.4	ENSG00000197815.4	5.30652e-12	0.209794	LOOKUP_RETURNED	2026-09-21	GTEx v8 API; raw p-values are descriptive and not used as colocalization evidence	relevant_tissues
rs8079321	CAT-T2D	POSITIVE_DIRECTION_CONCORDANT	GTEx_v8	gtex_v8	chr17_17857475_T_C_b38	Heart_Atrial_Appendage	TOM1L2	ENSG00000175662.17	4.02703e-05	0.1	LOOKUP_RETURNED	2026-09-21	GTEx v8 API; raw p-values are descriptive and not used as colocalization evidence	relevant_tissues
rs8079321	CAT-T2D	POSITIVE_DIRECTION_CONCORDANT	GTEx_v8	gtex_v8	chr17_17857475_T_C_b38	Heart_Atrial_Appendage	ATPAF2	ENSG00000171953.15	2.72274e-07	-0.151231	LOOKUP_RETURNED	2026-09-21	GTEx v8 API; raw p-values are descriptive and not used as colocalization evidence	relevant_tissues
rs8079321	CAT-T2D	POSITIVE_DIRECTION_CONCORDANT	GTEx_v8	gtex_v8	chr17_17857475_T_C_b38	Whole_Blood	SREBF1	ENSG00000072310.16	5.7269599999999996e-27	0.345092	LOOKUP_RETURNED	2026-09-21	GTEx v8 API; raw p-values are descriptive and not used as colocalization evidence	relevant_tissues
rs8079321	CAT-T2D	POSITIVE_DIRECTION_CONCORDANT	GTEx_v8	gtex_v8	chr17_17857475_T_C_b38	Whole_Blood	TOM1L2	ENSG00000175662.17	2.72355e-06	0.10191	LOOKUP_RETURNED	2026-09-21	GTEx v8 API; raw p-values are descriptive and not used as colocalization evidence	relevant_tissues
rs8079321	CAT-T2D	POSITIVE_DIRECTION_CONCORDANT	GTEx_v8	gtex_v8	chr17_17857475_T_C_b38	Artery_Tibial	SREBF1	ENSG00000072310.16	1.23014e-07	-0.190333	LOOKUP_RETURNED	2026-09-21	GTEx v8 API; raw p-values are descriptive and not used as colocalization evidence	relevant_tissues
rs8079321	CAT-T2D	POSITIVE_DIRECTION_CONCORDANT	GTEx_v8	gtex_v8	chr17_17857475_T_C_b38	Artery_Tibial	RP1-253P7.4	ENSG00000197815.4	5.30351e-32	0.32829	LOOKUP_RETURNED	2026-09-21	GTEx v8 API; raw p-values are descriptive and not used as colocalization evidence	relevant_tissues
rs8079321	CAT-T2D	POSITIVE_DIRECTION_CONCORDANT	GTEx_v8	gtex_v8	chr17_17857475_T_C_b38	Artery_Tibial	TOM1L2	ENSG00000175662.17	2.11027e-19	0.171268	LOOKUP_RETURNED	2026-09-21	GTEx v8 API; raw p-values are descriptive and not used as colocalization evidence	relevant_tissues
rs8079321	CAT-T2D	POSITIVE_DIRECTION_CONCORDANT	GTEx_v8	gtex_v8	chr17_17857475_T_C_b38	Artery_Tibial	DRC3	ENSG00000171962.17	1.79355e-05	-0.170925	LOOKUP_RETURNED	2026-09-21	GTEx v8 API; raw p-values are descriptive and not used as colocalization evidence	relevant_tissues
rs8079321	CAT-T2D	POSITIVE_DIRECTION_CONCORDANT	GTEx_v8	gtex_v8	chr17_17857475_T_C_b38	Artery_Tibial	DRG2	ENSG00000108591.9	5.47797e-06	0.118766	LOOKUP_RETURNED	2026-09-21	GTEx v8 API; raw p-values are descriptive and not used as colocalization evidence	relevant_tissues
rs8079321	CAT-T2D	POSITIVE_DIRECTION_CONCORDANT	GTEx_v8	gtex_v8	chr17_17857475_T_C_b38	Nerve_Tibial	SREBF1	ENSG00000072310.16	2.3168e-06	-0.198673	LOOKUP_RETURNED	2026-09-21	GTEx v8 API; raw p-values are descriptive and not used as colocalization evidence	relevant_tissues
rs8079321	CAT-T2D	POSITIVE_DIRECTION_CONCORDANT	GTEx_v8	gtex_v8	chr17_17857475_T_C_b38	Nerve_Tibial	RP1-253P7.4	ENSG00000197815.4	1.49193e-06	0.0967636	LOOKUP_RETURNED	2026-09-21	GTEx v8 API; raw p-values are descriptive and not used as colocalization evidence	relevant_tissues
rs8079321	CAT-T2D	POSITIVE_DIRECTION_CONCORDANT	GTEx_v8	gtex_v8	chr17_17857475_T_C_b38	Nerve_Tibial	TOM1L2	ENSG00000175662.17	7.062790000000001e-18	0.166796	LOOKUP_RETURNED	2026-09-21	GTEx v8 API; raw p-values are descriptive and not used as colocalization evidence	relevant_tissues
rs8079321	CAT-T2D	POSITIVE_DIRECTION_CONCORDANT	GTEx_v8	gtex_v8	chr17_17857475_T_C_b38	Nerve_Tibial	ALKBH5	ENSG00000091542.8	3.21162e-05	0.133175	LOOKUP_RETURNED	2026-09-21	GTEx v8 API; raw p-values are descriptive and not used as colocalization evidence	relevant_tissues
rs8079321	CAT-T2D	POSITIVE_DIRECTION_CONCORDANT	GTEx_v8	gtex_v8	chr17_17857475_T_C_b38	Skin_Sun_Exposed_Lower_leg	TOM1L2	ENSG00000175662.17	5.09143e-05	0.0622787	LOOKUP_RETURNED	2026-09-21	GTEx v8 API; raw p-values are descriptive and not used as colocalization evidence	relevant_tissues
rs8079321	CAT-T2D	POSITIVE_DIRECTION_CONCORDANT	GTEx_v8	gtex_v8	chr17_17857475_T_C_b38	Skin_Sun_Exposed_Lower_leg	ATPAF2	ENSG00000171953.15	2.22808e-06	-0.115114	LOOKUP_RETURNED	2026-09-21	GTEx v8 API; raw p-values are descriptive and not used as colocalization evidence	relevant_tissues
rs8079321	CAT-T2D	POSITIVE_DIRECTION_CONCORDANT	GTEx_v8	gtex_v8	chr17_17857475_T_C_b38	Skin_Sun_Exposed_Lower_leg	DRG2	ENSG00000108591.9	2.61891e-06	0.133188	LOOKUP_RETURNED	2026-09-21	GTEx v8 API; raw p-values are descriptive and not used as colocalization evidence	relevant_tissues
rs8079321	CAT-T2D	POSITIVE_DIRECTION_CONCORDANT	GTEx_v8	gtex_v8	chr17_17857475_T_C_b38	Brain_Hippocampus	TOM1L2	ENSG00000175662.17	6.03491e-07	0.164143	LOOKUP_RETURNED	2026-09-21	GTEx v8 API; raw p-values are descriptive and not used as colocalization evidence	relevant_tissues
rs8079321	CAT-T2D	POSITIVE_DIRECTION_CONCORDANT	GTEx_v8	gtex_v8	chr17_17857475_T_C_b38	Artery_Aorta	RP1-253P7.4	ENSG00000197815.4	3.3555e-27	0.441947	LOOKUP_RETURNED	2026-09-21	GTEx v8 API; raw p-values are descriptive and not used as colocalization evidence	relevant_tissues
rs8079321	CAT-T2D	POSITIVE_DIRECTION_CONCORDANT	GTEx_v8	gtex_v8	chr17_17857475_T_C_b38	Artery_Aorta	TOM1L2	ENSG00000175662.17	6.23538e-14	0.257677	LOOKUP_RETURNED	2026-09-21	GTEx v8 API; raw p-values are descriptive and not used as colocalization evidence	relevant_tissues
rs8079321	CAT-T2D	POSITIVE_DIRECTION_CONCORDANT	GTEx_v8	gtex_v8	chr17_17857475_T_C_b38	Spleen	TOM1L2	ENSG00000175662.17	1.3623e-05	0.178127	LOOKUP_RETURNED	2026-09-21	GTEx v8 API; raw p-values are descriptive and not used as colocalization evidence	relevant_tissues
rs8079321	CAT-T2D	POSITIVE_DIRECTION_CONCORDANT	GTEx_v8	gtex_v8	chr17_17857475_T_C_b38	Brain_Cerebellar_Hemisphere	TOM1L2	ENSG00000175662.17	1.75235e-07	0.202299	LOOKUP_RETURNED	2026-09-21	GTEx v8 API; raw p-values are descriptive and not used as colocalization evidence	relevant_tissues
rs8079321	CAT-T2D	POSITIVE_DIRECTION_CONCORDANT	GTEx_v8	gtex_v8	chr17_17857475_T_C_b38	Brain_Cerebellar_Hemisphere	DRC3	ENSG00000171962.17	2.22834e-05	-0.319458	LOOKUP_RETURNED	2026-09-21	GTEx v8 API; raw p-values are descriptive and not used as colocalization evidence	relevant_tissues
rs8079321	CAT-T2D	POSITIVE_DIRECTION_CONCORDANT	GTEx_v8	gtex_v8	chr17_17857475_T_C_b38	Brain_Cerebellum	SMCR5	ENSG00000226746.2	2.57031e-09	0.458803	LOOKUP_RETURNED	2026-09-21	GTEx v8 API; raw p-values are descriptive and not used as colocalization evidence	relevant_tissues
rs8079321	CAT-T2D	POSITIVE_DIRECTION_CONCORDANT	GTEx_v8	gtex_v8	chr17_17857475_T_C_b38	Brain_Cerebellum	MYO15A	ENSG00000091536.16	4.27102e-05	0.36683	LOOKUP_RETURNED	2026-09-21	GTEx v8 API; raw p-values are descriptive and not used as colocalization evidence	relevant_tissues
rs8079321	CAT-T2D	POSITIVE_DIRECTION_CONCORDANT	GTEx_v8	gtex_v8	chr17_17857475_T_C_b38	Adipose_Visceral_Omentum	RP1-253P7.4	ENSG00000197815.4	1.42271e-14	0.259582	LOOKUP_RETURNED	2026-09-21	GTEx v8 API; raw p-values are descriptive and not used as colocalization evidence	relevant_tissues
rs8079321	CAT-T2D	POSITIVE_DIRECTION_CONCORDANT	GTEx_v8	gtex_v8	chr17_17857475_T_C_b38	Adipose_Visceral_Omentum	TOM1L2	ENSG00000175662.17	6.62433e-22	0.234881	LOOKUP_RETURNED	2026-09-21	GTEx v8 API; raw p-values are descriptive and not used as colocalization evidence	relevant_tissues
rs8079321	CAT-T2D	POSITIVE_DIRECTION_CONCORDANT	GTEx_v8	gtex_v8	chr17_17857475_T_C_b38	Adipose_Visceral_Omentum	ATPAF2	ENSG00000171953.15	1.83274e-06	-0.161119	LOOKUP_RETURNED	2026-09-21	GTEx v8 API; raw p-values are descriptive and not used as colocalization evidence	relevant_tissues
rs8079321	CAT-T2D	POSITIVE_DIRECTION_CONCORDANT	GTEx_v8	gtex_v8	chr17_17857475_T_C_b38	Adipose_Subcutaneous	SREBF1	ENSG00000072310.16	0.000196808	-0.125774	LOOKUP_RETURNED	2026-09-21	GTEx v8 API; raw p-values are descriptive and not used as colocalization evidence	relevant_tissues
rs8079321	CAT-T2D	POSITIVE_DIRECTION_CONCORDANT	GTEx_v8	gtex_v8	chr17_17857475_T_C_b38	Adipose_Subcutaneous	RP1-253P7.4	ENSG00000197815.4	3.86433e-18	0.285203	LOOKUP_RETURNED	2026-09-21	GTEx v8 API; raw p-values are descriptive and not used as colocalization evidence	relevant_tissues
rs8079321	CAT-T2D	POSITIVE_DIRECTION_CONCORDANT	GTEx_v8	gtex_v8	chr17_17857475_T_C_b38	Adipose_Subcutaneous	TOM1L2	ENSG00000175662.17	1.5163900000000002e-24	0.240854	LOOKUP_RETURNED	2026-09-21	GTEx v8 API; raw p-values are descriptive and not used as colocalization evidence	relevant_tissues
rs8079321	CAT-T2D	POSITIVE_DIRECTION_CONCORDANT	GTEx_v8	gtex_v8	chr17_17857475_T_C_b38	Adipose_Subcutaneous	ALKBH5	ENSG00000091542.8	6.22187e-05	0.140714	LOOKUP_RETURNED	2026-09-21	GTEx v8 API; raw p-values are descriptive and not used as colocalization evidence	relevant_tissues
rs8079321	CAT-T2D	POSITIVE_DIRECTION_CONCORDANT	GTEx_v8	gtex_v8	chr17_17857475_T_C_b38	Pancreas	DRC3	ENSG00000171962.17	4.72367e-05	-0.220725	LOOKUP_RETURNED	2026-09-21	GTEx v8 API; raw p-values are descriptive and not used as colocalization evidence	relevant_tissues
rs8079321	CAT-T2D	POSITIVE_DIRECTION_CONCORDANT	EyeGEx/retina								NOT_ASSESSED_STABLE_PUBLIC_API_NOT_CONFIGURED	2026-09-21	Optional retina xQTL lookup; no stable endpoint was used in this reproducible workflow	optional_source_status
rs848132	AMD-CAD	POSITIVE_DIRECTION_CONCORDANT	GTEx_v8	gtex_v8	chr12_111552175_C_A_b38	Brain_Putamen_basal_ganglia	ALDH2	ENSG00000111275.12	6.61088e-06	-0.170697	LOOKUP_RETURNED	2026-09-21	GTEx v8 API; raw p-values are descriptive and not used as colocalization evidence	relevant_tissues
rs848132	AMD-CAD	POSITIVE_DIRECTION_CONCORDANT	GTEx_v8	gtex_v8	chr12_111552175_C_A_b38	Skin_Not_Sun_Exposed_Suprapubic	ALDH2	ENSG00000111275.12	8.0536e-12	-0.265832	LOOKUP_RETURNED	2026-09-21	GTEx v8 API; raw p-values are descriptive and not used as colocalization evidence	relevant_tissues
rs848132	AMD-CAD	POSITIVE_DIRECTION_CONCORDANT	GTEx_v8	gtex_v8	chr12_111552175_C_A_b38	Skin_Not_Sun_Exposed_Suprapubic	MAPKAPK5-AS1	ENSG00000234608.7	8.02789e-06	0.154823	LOOKUP_RETURNED	2026-09-21	GTEx v8 API; raw p-values are descriptive and not used as colocalization evidence	relevant_tissues
rs848132	AMD-CAD	POSITIVE_DIRECTION_CONCORDANT	GTEx_v8	gtex_v8	chr12_111552175_C_A_b38	Brain_Nucleus_accumbens_basal_ganglia	ALDH2	ENSG00000111275.12	0.000121092	-0.189499	LOOKUP_RETURNED	2026-09-21	GTEx v8 API; raw p-values are descriptive and not used as colocalization evidence	relevant_tissues
rs848132	AMD-CAD	POSITIVE_DIRECTION_CONCORDANT	GTEx_v8	gtex_v8	chr12_111552175_C_A_b38	Brain_Nucleus_accumbens_basal_ganglia	NAA25	ENSG00000111300.9	2.38227e-06	0.219702	LOOKUP_RETURNED	2026-09-21	GTEx v8 API; raw p-values are descriptive and not used as colocalization evidence	relevant_tissues
rs848132	AMD-CAD	POSITIVE_DIRECTION_CONCORDANT	GTEx_v8	gtex_v8	chr12_111552175_C_A_b38	Brain_Cortex	ALDH2	ENSG00000111275.12	9.74836e-07	-0.160386	LOOKUP_RETURNED	2026-09-21	GTEx v8 API; raw p-values are descriptive and not used as colocalization evidence	relevant_tissues
rs848132	AMD-CAD	POSITIVE_DIRECTION_CONCORDANT	GTEx_v8	gtex_v8	chr12_111552175_C_A_b38	Brain_Cortex	NAA25	ENSG00000111300.9	7.20172e-05	0.168053	LOOKUP_RETURNED	2026-09-21	GTEx v8 API; raw p-values are descriptive and not used as colocalization evidence	relevant_tissues
rs848132	AMD-CAD	POSITIVE_DIRECTION_CONCORDANT	GTEx_v8	gtex_v8	chr12_111552175_C_A_b38	Muscle_Skeletal	LINC01405	ENSG00000185847.7	8.21515e-05	-0.108477	LOOKUP_RETURNED	2026-09-21	GTEx v8 API; raw p-values are descriptive and not used as colocalization evidence	relevant_tissues
rs848132	AMD-CAD	POSITIVE_DIRECTION_CONCORDANT	GTEx_v8	gtex_v8	chr12_111552175_C_A_b38	Muscle_Skeletal	MAPKAPK5	ENSG00000089022.13	1.36409e-05	-0.144195	LOOKUP_RETURNED	2026-09-21	GTEx v8 API; raw p-values are descriptive and not used as colocalization evidence	relevant_tissues
rs848132	AMD-CAD	POSITIVE_DIRECTION_CONCORDANT	GTEx_v8	gtex_v8	chr12_111552175_C_A_b38	Muscle_Skeletal	TMEM116	ENSG00000198270.12	1.95376e-14	0.316546	LOOKUP_RETURNED	2026-09-21	GTEx v8 API; raw p-values are descriptive and not used as colocalization evidence	relevant_tissues
rs848132	AMD-CAD	POSITIVE_DIRECTION_CONCORDANT	GTEx_v8	gtex_v8	chr12_111552175_C_A_b38	Heart_Atrial_Appendage	ALDH2	ENSG00000111275.12	3.55392e-05	-0.183874	LOOKUP_RETURNED	2026-09-21	GTEx v8 API; raw p-values are descriptive and not used as colocalization evidence	relevant_tissues
rs848132	AMD-CAD	POSITIVE_DIRECTION_CONCORDANT	GTEx_v8	gtex_v8	chr12_111552175_C_A_b38	Heart_Atrial_Appendage	ADAM1B	ENSG00000226469.1	4.28214e-09	0.438101	LOOKUP_RETURNED	2026-09-21	GTEx v8 API; raw p-values are descriptive and not used as colocalization evidence	relevant_tissues
rs848132	AMD-CAD	POSITIVE_DIRECTION_CONCORDANT	GTEx_v8	gtex_v8	chr12_111552175_C_A_b38	Heart_Atrial_Appendage	TMEM116	ENSG00000198270.12	8.54382e-11	0.407086	LOOKUP_RETURNED	2026-09-21	GTEx v8 API; raw p-values are descriptive and not used as colocalization evidence	relevant_tissues
rs848132	AMD-CAD	POSITIVE_DIRECTION_CONCORDANT	GTEx_v8	gtex_v8	chr12_111552175_C_A_b38	Brain_Caudate_basal_ganglia	ALDH2	ENSG00000111275.12	1.03484e-05	-0.180049	LOOKUP_RETURNED	2026-09-21	GTEx v8 API; raw p-values are descriptive and not used as colocalization evidence	relevant_tissues
rs848132	AMD-CAD	POSITIVE_DIRECTION_CONCORDANT	GTEx_v8	gtex_v8	chr12_111552175_C_A_b38	Brain_Caudate_basal_ganglia	NAA25	ENSG00000111300.9	4.38168e-06	0.230866	LOOKUP_RETURNED	2026-09-21	GTEx v8 API; raw p-values are descriptive and not used as colocalization evidence	relevant_tissues
rs848132	AMD-CAD	POSITIVE_DIRECTION_CONCORDANT	GTEx_v8	gtex_v8	chr12_111552175_C_A_b38	Whole_Blood	MAPKAPK5-AS1	ENSG00000234608.7	1.32458e-07	0.168946	LOOKUP_RETURNED	2026-09-21	GTEx v8 API; raw p-values are descriptive and not used as colocalization evidence	relevant_tissues
rs848132	AMD-CAD	POSITIVE_DIRECTION_CONCORDANT	GTEx_v8	gtex_v8	chr12_111552175_C_A_b38	Artery_Tibial	ALDH2	ENSG00000111275.12	1.26018e-06	-0.135819	LOOKUP_RETURNED	2026-09-21	GTEx v8 API; raw p-values are descriptive and not used as colocalization evidence	relevant_tissues
rs848132	AMD-CAD	POSITIVE_DIRECTION_CONCORDANT	GTEx_v8	gtex_v8	chr12_111552175_C_A_b38	Artery_Tibial	TMEM116	ENSG00000198270.12	7.82175e-07	0.178439	LOOKUP_RETURNED	2026-09-21	GTEx v8 API; raw p-values are descriptive and not used as colocalization evidence	relevant_tissues
rs848132	AMD-CAD	POSITIVE_DIRECTION_CONCORDANT	GTEx_v8	gtex_v8	chr12_111552175_C_A_b38	Nerve_Tibial	ALDH2	ENSG00000111275.12	2.93924e-10	-0.172517	LOOKUP_RETURNED	2026-09-21	GTEx v8 API; raw p-values are descriptive and not used as colocalization evidence	relevant_tissues
rs848132	AMD-CAD	POSITIVE_DIRECTION_CONCORDANT	GTEx_v8	gtex_v8	chr12_111552175_C_A_b38	Nerve_Tibial	ADAM1B	ENSG00000226469.1	2.23892e-05	0.243059	LOOKUP_RETURNED	2026-09-21	GTEx v8 API; raw p-values are descriptive and not used as colocalization evidence	relevant_tissues
rs848132	AMD-CAD	POSITIVE_DIRECTION_CONCORDANT	GTEx_v8	gtex_v8	chr12_111552175_C_A_b38	Nerve_Tibial	TMEM116	ENSG00000198270.12	6.32971e-08	0.224669	LOOKUP_RETURNED	2026-09-21	GTEx v8 API; raw p-values are descriptive and not used as colocalization evidence	relevant_tissues
rs848132	AMD-CAD	POSITIVE_DIRECTION_CONCORDANT	GTEx_v8	gtex_v8	chr12_111552175_C_A_b38	Nerve_Tibial	HECTD4	ENSG00000173064.12	4.6229e-06	-0.141332	LOOKUP_RETURNED	2026-09-21	GTEx v8 API; raw p-values are descriptive and not used as colocalization evidence	relevant_tissues
rs848132	AMD-CAD	POSITIVE_DIRECTION_CONCORDANT	GTEx_v8	gtex_v8	chr12_111552175_C_A_b38	Skin_Sun_Exposed_Lower_leg	ALDH2	ENSG00000111275.12	2.90964e-17	-0.257969	LOOKUP_RETURNED	2026-09-21	GTEx v8 API; raw p-values are descriptive and not used as colocalization evidence	relevant_tissues
rs848132	AMD-CAD	POSITIVE_DIRECTION_CONCORDANT	GTEx_v8	gtex_v8	chr12_111552175_C_A_b38	Skin_Sun_Exposed_Lower_leg	MAPKAPK5	ENSG00000089022.13	0.000227959	-0.128729	LOOKUP_RETURNED	2026-09-21	GTEx v8 API; raw p-values are descriptive and not used as colocalization evidence	relevant_tissues
rs848132	AMD-CAD	POSITIVE_DIRECTION_CONCORDANT	GTEx_v8	gtex_v8	chr12_111552175_C_A_b38	Skin_Sun_Exposed_Lower_leg	TMEM116	ENSG00000198270.12	9.94107e-05	0.130128	LOOKUP_RETURNED	2026-09-21	GTEx v8 API; raw p-values are descriptive and not used as colocalization evidence	relevant_tissues
rs848132	AMD-CAD	POSITIVE_DIRECTION_CONCORDANT	GTEx_v8	gtex_v8	chr12_111552175_C_A_b38	Brain_Hippocampus	ALDH2	ENSG00000111275.12	1.42699e-05	-0.186481	LOOKUP_RETURNED	2026-09-21	GTEx v8 API; raw p-values are descriptive and not used as colocalization evidence	relevant_tissues
rs848132	AMD-CAD	POSITIVE_DIRECTION_CONCORDANT	GTEx_v8	gtex_v8	chr12_111552175_C_A_b38	Artery_Aorta	ALDH2	ENSG00000111275.12	3.22777e-10	-0.211533	LOOKUP_RETURNED	2026-09-21	GTEx v8 API; raw p-values are descriptive and not used as colocalization evidence	relevant_tissues
rs848132	AMD-CAD	POSITIVE_DIRECTION_CONCORDANT	GTEx_v8	gtex_v8	chr12_111552175_C_A_b38	Spleen	FAM109A	ENSG00000198324.13	0.000136398	0.191177	LOOKUP_RETURNED	2026-09-21	GTEx v8 API; raw p-values are descriptive and not used as colocalization evidence	relevant_tissues
rs848132	AMD-CAD	POSITIVE_DIRECTION_CONCORDANT	GTEx_v8	gtex_v8	chr12_111552175_C_A_b38	Spleen	MAPKAPK5-AS1	ENSG00000234608.7	3.55402e-05	0.256408	LOOKUP_RETURNED	2026-09-21	GTEx v8 API; raw p-values are descriptive and not used as colocalization evidence	relevant_tissues
rs848132	AMD-CAD	POSITIVE_DIRECTION_CONCORDANT	GTEx_v8	gtex_v8	chr12_111552175_C_A_b38	Brain_Cerebellar_Hemisphere	ADAM1B	ENSG00000226469.1	6.19363e-06	0.295819	LOOKUP_RETURNED	2026-09-21	GTEx v8 API; raw p-values are descriptive and not used as colocalization evidence	relevant_tissues
rs848132	AMD-CAD	POSITIVE_DIRECTION_CONCORDANT	GTEx_v8	gtex_v8	chr12_111552175_C_A_b38	Brain_Cerebellar_Hemisphere	NAA25	ENSG00000111300.9	0.000108407	0.20656	LOOKUP_RETURNED	2026-09-21	GTEx v8 API; raw p-values are descriptive and not used as colocalization evidence	relevant_tissues
rs848132	AMD-CAD	POSITIVE_DIRECTION_CONCORDANT	GTEx_v8	gtex_v8	chr12_111552175_C_A_b38	Brain_Frontal_Cortex_BA9	ALDH2	ENSG00000111275.12	1.54679e-05	-0.145183	LOOKUP_RETURNED	2026-09-21	GTEx v8 API; raw p-values are descriptive and not used as colocalization evidence	relevant_tissues
rs848132	AMD-CAD	POSITIVE_DIRECTION_CONCORDANT	GTEx_v8	gtex_v8	chr12_111552175_C_A_b38	Brain_Frontal_Cortex_BA9	TMEM116	ENSG00000198270.12	9.67355e-05	0.280902	LOOKUP_RETURNED	2026-09-21	GTEx v8 API; raw p-values are descriptive and not used as colocalization evidence	relevant_tissues
rs848132	AMD-CAD	POSITIVE_DIRECTION_CONCORDANT	GTEx_v8	gtex_v8	chr12_111552175_C_A_b38	Adipose_Visceral_Omentum	TMEM116	ENSG00000198270.12	1.07602e-09	0.289282	LOOKUP_RETURNED	2026-09-21	GTEx v8 API; raw p-values are descriptive and not used as colocalization evidence	relevant_tissues
rs848132	AMD-CAD	POSITIVE_DIRECTION_CONCORDANT	GTEx_v8	gtex_v8	chr12_111552175_C_A_b38	Adipose_Subcutaneous	RP3-473L9.4	ENSG00000257595.2	0.000251993	0.200571	LOOKUP_RETURNED	2026-09-21	GTEx v8 API; raw p-values are descriptive and not used as colocalization evidence	relevant_tissues
rs848132	AMD-CAD	POSITIVE_DIRECTION_CONCORDANT	GTEx_v8	gtex_v8	chr12_111552175_C_A_b38	Adipose_Subcutaneous	MAPKAPK5-AS1	ENSG00000234608.7	1.02136e-05	0.175001	LOOKUP_RETURNED	2026-09-21	GTEx v8 API; raw p-values are descriptive and not used as colocalization evidence	relevant_tissues
rs848132	AMD-CAD	POSITIVE_DIRECTION_CONCORDANT	GTEx_v8	gtex_v8	chr12_111552175_C_A_b38	Adipose_Subcutaneous	ADAM1B	ENSG00000226469.1	6.94063e-05	0.236218	LOOKUP_RETURNED	2026-09-21	GTEx v8 API; raw p-values are descriptive and not used as colocalization evidence	relevant_tissues
rs848132	AMD-CAD	POSITIVE_DIRECTION_CONCORDANT	GTEx_v8	gtex_v8	chr12_111552175_C_A_b38	Adipose_Subcutaneous	TMEM116	ENSG00000198270.12	4.12622e-07	0.207278	LOOKUP_RETURNED	2026-09-21	GTEx v8 API; raw p-values are descriptive and not used as colocalization evidence	relevant_tissues
rs848132	AMD-CAD	POSITIVE_DIRECTION_CONCORDANT	GTEx_v8	gtex_v8	chr12_111552175_C_A_b38	Adipose_Subcutaneous	HECTD4	ENSG00000173064.12	5.41935e-07	-0.159892	LOOKUP_RETURNED	2026-09-21	GTEx v8 API; raw p-values are descriptive and not used as colocalization evidence	relevant_tissues
rs848132	AMD-CAD	POSITIVE_DIRECTION_CONCORDANT	GTEx_v8	gtex_v8	chr12_111552175_C_A_b38	Pancreas	SH2B3	ENSG00000111252.10	6.46399e-09	0.329405	LOOKUP_RETURNED	2026-09-21	GTEx v8 API; raw p-values are descriptive and not used as colocalization evidence	relevant_tissues
rs848132	AMD-CAD	POSITIVE_DIRECTION_CONCORDANT	EyeGEx/retina								NOT_ASSESSED_STABLE_PUBLIC_API_NOT_CONFIGURED	2026-09-21	Optional retina xQTL lookup; no stable endpoint was used in this reproducible workflow	optional_source_status
rs9894634	POAG-CAD	NEGATIVE_DIRECTION_CONCORDANT	GTEx_v8	gtex_v8	chr17_2064207_C_T_b38	Heart_Left_Ventricle	SRR	ENSG00000167720.12	2.24192e-05	-0.207503	LOOKUP_RETURNED	2026-09-21	GTEx v8 API; raw p-values are descriptive and not used as colocalization evidence	relevant_tissues
rs9894634	POAG-CAD	NEGATIVE_DIRECTION_CONCORDANT	GTEx_v8	gtex_v8	chr17_2064207_C_T_b38	Liver	SRR	ENSG00000167720.12	6.56023e-06	-0.343929	LOOKUP_RETURNED	2026-09-21	GTEx v8 API; raw p-values are descriptive and not used as colocalization evidence	relevant_tissues
rs9894634	POAG-CAD	NEGATIVE_DIRECTION_CONCORDANT	GTEx_v8	gtex_v8	chr17_2064207_C_T_b38	Skin_Not_Sun_Exposed_Suprapubic	SRR	ENSG00000167720.12	1.39465e-09	-0.298624	LOOKUP_RETURNED	2026-09-21	GTEx v8 API; raw p-values are descriptive and not used as colocalization evidence	relevant_tissues
rs9894634	POAG-CAD	NEGATIVE_DIRECTION_CONCORDANT	GTEx_v8	gtex_v8	chr17_2064207_C_T_b38	Muscle_Skeletal	SRR	ENSG00000167720.12	3.12272e-16	-0.320082	LOOKUP_RETURNED	2026-09-21	GTEx v8 API; raw p-values are descriptive and not used as colocalization evidence	relevant_tissues
rs9894634	POAG-CAD	NEGATIVE_DIRECTION_CONCORDANT	GTEx_v8	gtex_v8	chr17_2064207_C_T_b38	Heart_Atrial_Appendage	SRR	ENSG00000167720.12	3.31283e-09	-0.29397	LOOKUP_RETURNED	2026-09-21	GTEx v8 API; raw p-values are descriptive and not used as colocalization evidence	relevant_tissues
rs9894634	POAG-CAD	NEGATIVE_DIRECTION_CONCORDANT	GTEx_v8	gtex_v8	chr17_2064207_C_T_b38	Whole_Blood	SRR	ENSG00000167720.12	1.23351e-08	-0.241206	LOOKUP_RETURNED	2026-09-21	GTEx v8 API; raw p-values are descriptive and not used as colocalization evidence	relevant_tissues
rs9894634	POAG-CAD	NEGATIVE_DIRECTION_CONCORDANT	GTEx_v8	gtex_v8	chr17_2064207_C_T_b38	Artery_Tibial	SRR	ENSG00000167720.12	3.28329e-12	-0.291524	LOOKUP_RETURNED	2026-09-21	GTEx v8 API; raw p-values are descriptive and not used as colocalization evidence	relevant_tissues
rs9894634	POAG-CAD	NEGATIVE_DIRECTION_CONCORDANT	GTEx_v8	gtex_v8	chr17_2064207_C_T_b38	Nerve_Tibial	SRR	ENSG00000167720.12	1.91339e-08	-0.26523	LOOKUP_RETURNED	2026-09-21	GTEx v8 API; raw p-values are descriptive and not used as colocalization evidence	relevant_tissues
rs9894634	POAG-CAD	NEGATIVE_DIRECTION_CONCORDANT	GTEx_v8	gtex_v8	chr17_2064207_C_T_b38	Nerve_Tibial	HNRNPA1P16	ENSG00000262333.1	1.78297e-05	0.194175	LOOKUP_RETURNED	2026-09-21	GTEx v8 API; raw p-values are descriptive and not used as colocalization evidence	relevant_tissues
rs9894634	POAG-CAD	NEGATIVE_DIRECTION_CONCORDANT	GTEx_v8	gtex_v8	chr17_2064207_C_T_b38	Skin_Sun_Exposed_Lower_leg	SRR	ENSG00000167720.12	1.27148e-10	-0.298648	LOOKUP_RETURNED	2026-09-21	GTEx v8 API; raw p-values are descriptive and not used as colocalization evidence	relevant_tissues
rs9894634	POAG-CAD	NEGATIVE_DIRECTION_CONCORDANT	GTEx_v8	gtex_v8	chr17_2064207_C_T_b38	Artery_Aorta	SRR	ENSG00000167720.12	7.39103e-08	-0.276375	LOOKUP_RETURNED	2026-09-21	GTEx v8 API; raw p-values are descriptive and not used as colocalization evidence	relevant_tissues
rs9894634	POAG-CAD	NEGATIVE_DIRECTION_CONCORDANT	GTEx_v8	gtex_v8	chr17_2064207_C_T_b38	Brain_Cerebellar_Hemisphere	SRR	ENSG00000167720.12	6.83812e-06	-0.360507	LOOKUP_RETURNED	2026-09-21	GTEx v8 API; raw p-values are descriptive and not used as colocalization evidence	relevant_tissues
rs9894634	POAG-CAD	NEGATIVE_DIRECTION_CONCORDANT	GTEx_v8	gtex_v8	chr17_2064207_C_T_b38	Adipose_Visceral_Omentum	SRR	ENSG00000167720.12	4.76663e-09	-0.282215	LOOKUP_RETURNED	2026-09-21	GTEx v8 API; raw p-values are descriptive and not used as colocalization evidence	relevant_tissues
rs9894634	POAG-CAD	NEGATIVE_DIRECTION_CONCORDANT	GTEx_v8	gtex_v8	chr17_2064207_C_T_b38	Adipose_Subcutaneous	SRR	ENSG00000167720.12	1.93043e-08	-0.2511	LOOKUP_RETURNED	2026-09-21	GTEx v8 API; raw p-values are descriptive and not used as colocalization evidence	relevant_tissues
rs9894634	POAG-CAD	NEGATIVE_DIRECTION_CONCORDANT	EyeGEx/retina								NOT_ASSESSED_STABLE_PUBLIC_API_NOT_CONFIGURED	2026-09-21	Optional retina xQTL lookup; no stable endpoint was used in this reproducible workflow	optional_source_status
rs999675	POAG-CAD	NEGATIVE_DIRECTION_CONCORDANT	GTEx_v8	gtex_v8	chr16_75272504_C_T_b38	Heart_Left_Ventricle	RP11-252K23.2	ENSG00000261783.1	1.3912e-14	-0.501414	LOOKUP_RETURNED	2026-09-21	GTEx v8 API; raw p-values are descriptive and not used as colocalization evidence	relevant_tissues
rs999675	POAG-CAD	NEGATIVE_DIRECTION_CONCORDANT	GTEx_v8	gtex_v8	chr16_75272504_C_T_b38	Brain_Putamen_basal_ganglia	RP11-252K23.2	ENSG00000261783.1	4.01466e-05	-0.473762	LOOKUP_RETURNED	2026-09-21	GTEx v8 API; raw p-values are descriptive and not used as colocalization evidence	relevant_tissues
rs999675	POAG-CAD	NEGATIVE_DIRECTION_CONCORDANT	GTEx_v8	gtex_v8	chr16_75272504_C_T_b38	Liver	RP11-252K23.2	ENSG00000261783.1	8.58725e-10	-0.604482	LOOKUP_RETURNED	2026-09-21	GTEx v8 API; raw p-values are descriptive and not used as colocalization evidence	relevant_tissues
rs999675	POAG-CAD	NEGATIVE_DIRECTION_CONCORDANT	GTEx_v8	gtex_v8	chr16_75272504_C_T_b38	Small_Intestine_Terminal_Ileum	RP11-252K23.2	ENSG00000261783.1	4.95451e-14	-0.676236	LOOKUP_RETURNED	2026-09-21	GTEx v8 API; raw p-values are descriptive and not used as colocalization evidence	relevant_tissues
rs999675	POAG-CAD	NEGATIVE_DIRECTION_CONCORDANT	GTEx_v8	gtex_v8	chr16_75272504_C_T_b38	Skin_Not_Sun_Exposed_Suprapubic	RP11-252K23.2	ENSG00000261783.1	7.02296e-24	-0.553404	LOOKUP_RETURNED	2026-09-21	GTEx v8 API; raw p-values are descriptive and not used as colocalization evidence	relevant_tissues
rs999675	POAG-CAD	NEGATIVE_DIRECTION_CONCORDANT	GTEx_v8	gtex_v8	chr16_75272504_C_T_b38	Skin_Not_Sun_Exposed_Suprapubic	TMEM170A	ENSG00000166822.12	4.23082e-13	0.253827	LOOKUP_RETURNED	2026-09-21	GTEx v8 API; raw p-values are descriptive and not used as colocalization evidence	relevant_tissues
rs999675	POAG-CAD	NEGATIVE_DIRECTION_CONCORDANT	GTEx_v8	gtex_v8	chr16_75272504_C_T_b38	Brain_Substantia_nigra	RP11-252K23.2	ENSG00000261783.1	3.3463e-08	-0.707422	LOOKUP_RETURNED	2026-09-21	GTEx v8 API; raw p-values are descriptive and not used as colocalization evidence	relevant_tissues
rs999675	POAG-CAD	NEGATIVE_DIRECTION_CONCORDANT	GTEx_v8	gtex_v8	chr16_75272504_C_T_b38	Kidney_Cortex	RP11-252K23.2	ENSG00000261783.1	5.9012e-06	-0.79218	LOOKUP_RETURNED	2026-09-21	GTEx v8 API; raw p-values are descriptive and not used as colocalization evidence	relevant_tissues
rs999675	POAG-CAD	NEGATIVE_DIRECTION_CONCORDANT	GTEx_v8	gtex_v8	chr16_75272504_C_T_b38	Brain_Nucleus_accumbens_basal_ganglia	RP11-252K23.2	ENSG00000261783.1	2.44911e-06	-0.482335	LOOKUP_RETURNED	2026-09-21	GTEx v8 API; raw p-values are descriptive and not used as colocalization evidence	relevant_tissues
rs999675	POAG-CAD	NEGATIVE_DIRECTION_CONCORDANT	GTEx_v8	gtex_v8	chr16_75272504_C_T_b38	Artery_Coronary	RP11-252K23.2	ENSG00000261783.1	2.23367e-19	-0.716743	LOOKUP_RETURNED	2026-09-21	GTEx v8 API; raw p-values are descriptive and not used as colocalization evidence	relevant_tissues
rs999675	POAG-CAD	NEGATIVE_DIRECTION_CONCORDANT	GTEx_v8	gtex_v8	chr16_75272504_C_T_b38	Muscle_Skeletal	RP11-252K23.2	ENSG00000261783.1	5.6495e-11	-0.326408	LOOKUP_RETURNED	2026-09-21	GTEx v8 API; raw p-values are descriptive and not used as colocalization evidence	relevant_tissues
rs999675	POAG-CAD	NEGATIVE_DIRECTION_CONCORDANT	GTEx_v8	gtex_v8	chr16_75272504_C_T_b38	Muscle_Skeletal	CFDP1	ENSG00000153774.8	1.64083e-07	-0.130092	LOOKUP_RETURNED	2026-09-21	GTEx v8 API; raw p-values are descriptive and not used as colocalization evidence	relevant_tissues
rs999675	POAG-CAD	NEGATIVE_DIRECTION_CONCORDANT	GTEx_v8	gtex_v8	chr16_75272504_C_T_b38	Heart_Atrial_Appendage	RP11-252K23.2	ENSG00000261783.1	3.04011e-15	-0.565581	LOOKUP_RETURNED	2026-09-21	GTEx v8 API; raw p-values are descriptive and not used as colocalization evidence	relevant_tissues
rs999675	POAG-CAD	NEGATIVE_DIRECTION_CONCORDANT	GTEx_v8	gtex_v8	chr16_75272504_C_T_b38	Brain_Hypothalamus	RP11-252K23.2	ENSG00000261783.1	7.38697e-07	-0.545109	LOOKUP_RETURNED	2026-09-21	GTEx v8 API; raw p-values are descriptive and not used as colocalization evidence	relevant_tissues
rs999675	POAG-CAD	NEGATIVE_DIRECTION_CONCORDANT	GTEx_v8	gtex_v8	chr16_75272504_C_T_b38	Brain_Caudate_basal_ganglia	RP11-252K23.2	ENSG00000261783.1	1.67193e-07	-0.527531	LOOKUP_RETURNED	2026-09-21	GTEx v8 API; raw p-values are descriptive and not used as colocalization evidence	relevant_tissues
rs999675	POAG-CAD	NEGATIVE_DIRECTION_CONCORDANT	GTEx_v8	gtex_v8	chr16_75272504_C_T_b38	Whole_Blood	BCAR1	ENSG00000050820.16	0.000121064	-0.12205	LOOKUP_RETURNED	2026-09-21	GTEx v8 API; raw p-values are descriptive and not used as colocalization evidence	relevant_tissues
rs999675	POAG-CAD	NEGATIVE_DIRECTION_CONCORDANT	GTEx_v8	gtex_v8	chr16_75272504_C_T_b38	Whole_Blood	RP11-252K23.2	ENSG00000261783.1	3.13178e-14	-0.373206	LOOKUP_RETURNED	2026-09-21	GTEx v8 API; raw p-values are descriptive and not used as colocalization evidence	relevant_tissues
rs999675	POAG-CAD	NEGATIVE_DIRECTION_CONCORDANT	GTEx_v8	gtex_v8	chr16_75272504_C_T_b38	Whole_Blood	CFDP1	ENSG00000153774.8	4.80399e-08	-0.132886	LOOKUP_RETURNED	2026-09-21	GTEx v8 API; raw p-values are descriptive and not used as colocalization evidence	relevant_tissues
rs999675	POAG-CAD	NEGATIVE_DIRECTION_CONCORDANT	GTEx_v8	gtex_v8	chr16_75272504_C_T_b38	Artery_Tibial	BCAR1	ENSG00000050820.16	1.0246e-15	0.159496	LOOKUP_RETURNED	2026-09-21	GTEx v8 API; raw p-values are descriptive and not used as colocalization evidence	relevant_tissues
rs999675	POAG-CAD	NEGATIVE_DIRECTION_CONCORDANT	GTEx_v8	gtex_v8	chr16_75272504_C_T_b38	Artery_Tibial	RP11-252K23.2	ENSG00000261783.1	2.58828e-30	-0.616089	LOOKUP_RETURNED	2026-09-21	GTEx v8 API; raw p-values are descriptive and not used as colocalization evidence	relevant_tissues
rs999675	POAG-CAD	NEGATIVE_DIRECTION_CONCORDANT	GTEx_v8	gtex_v8	chr16_75272504_C_T_b38	Nerve_Tibial	RP11-331F4.5	ENSG00000280152.1	0.000146753	-0.188628	LOOKUP_RETURNED	2026-09-21	GTEx v8 API; raw p-values are descriptive and not used as colocalization evidence	relevant_tissues
rs999675	POAG-CAD	NEGATIVE_DIRECTION_CONCORDANT	GTEx_v8	gtex_v8	chr16_75272504_C_T_b38	Nerve_Tibial	RP11-252K23.2	ENSG00000261783.1	4.28842e-33	-0.61438	LOOKUP_RETURNED	2026-09-21	GTEx v8 API; raw p-values are descriptive and not used as colocalization evidence	relevant_tissues
rs999675	POAG-CAD	NEGATIVE_DIRECTION_CONCORDANT	GTEx_v8	gtex_v8	chr16_75272504_C_T_b38	Nerve_Tibial	CFDP1	ENSG00000153774.8	6.43067e-08	-0.109492	LOOKUP_RETURNED	2026-09-21	GTEx v8 API; raw p-values are descriptive and not used as colocalization evidence	relevant_tissues
rs999675	POAG-CAD	NEGATIVE_DIRECTION_CONCORDANT	GTEx_v8	gtex_v8	chr16_75272504_C_T_b38	Nerve_Tibial	TMEM170A	ENSG00000166822.12	2.54735e-08	-0.134311	LOOKUP_RETURNED	2026-09-21	GTEx v8 API; raw p-values are descriptive and not used as colocalization evidence	relevant_tissues
rs999675	POAG-CAD	NEGATIVE_DIRECTION_CONCORDANT	GTEx_v8	gtex_v8	chr16_75272504_C_T_b38	Skin_Sun_Exposed_Lower_leg	RP11-252K23.2	ENSG00000261783.1	6.98947e-24	-0.497266	LOOKUP_RETURNED	2026-09-21	GTEx v8 API; raw p-values are descriptive and not used as colocalization evidence	relevant_tissues
rs999675	POAG-CAD	NEGATIVE_DIRECTION_CONCORDANT	GTEx_v8	gtex_v8	chr16_75272504_C_T_b38	Skin_Sun_Exposed_Lower_leg	CFDP1	ENSG00000153774.8	2.15092e-05	-0.0914055	LOOKUP_RETURNED	2026-09-21	GTEx v8 API; raw p-values are descriptive and not used as colocalization evidence	relevant_tissues
rs999675	POAG-CAD	NEGATIVE_DIRECTION_CONCORDANT	GTEx_v8	gtex_v8	chr16_75272504_C_T_b38	Skin_Sun_Exposed_Lower_leg	TMEM170A	ENSG00000166822.12	9.067080000000001e-24	0.331445	LOOKUP_RETURNED	2026-09-21	GTEx v8 API; raw p-values are descriptive and not used as colocalization evidence	relevant_tissues
rs999675	POAG-CAD	NEGATIVE_DIRECTION_CONCORDANT	GTEx_v8	gtex_v8	chr16_75272504_C_T_b38	Brain_Hippocampus	CFDP1	ENSG00000153774.8	1.66503e-05	-0.230052	LOOKUP_RETURNED	2026-09-21	GTEx v8 API; raw p-values are descriptive and not used as colocalization evidence	relevant_tissues
rs999675	POAG-CAD	NEGATIVE_DIRECTION_CONCORDANT	GTEx_v8	gtex_v8	chr16_75272504_C_T_b38	Artery_Aorta	BCAR1	ENSG00000050820.16	2.62853e-12	0.175947	LOOKUP_RETURNED	2026-09-21	GTEx v8 API; raw p-values are descriptive and not used as colocalization evidence	relevant_tissues
rs999675	POAG-CAD	NEGATIVE_DIRECTION_CONCORDANT	GTEx_v8	gtex_v8	chr16_75272504_C_T_b38	Artery_Aorta	RP11-252K23.2	ENSG00000261783.1	3.9520200000000003e-29	-0.7509	LOOKUP_RETURNED	2026-09-21	GTEx v8 API; raw p-values are descriptive and not used as colocalization evidence	relevant_tissues
rs999675	POAG-CAD	NEGATIVE_DIRECTION_CONCORDANT	GTEx_v8	gtex_v8	chr16_75272504_C_T_b38	Spleen	BCAR1	ENSG00000050820.16	4.22451e-07	0.196625	LOOKUP_RETURNED	2026-09-21	GTEx v8 API; raw p-values are descriptive and not used as colocalization evidence	relevant_tissues
rs999675	POAG-CAD	NEGATIVE_DIRECTION_CONCORDANT	GTEx_v8	gtex_v8	chr16_75272504_C_T_b38	Spleen	RP11-252K23.2	ENSG00000261783.1	3.54334e-15	-0.642774	LOOKUP_RETURNED	2026-09-21	GTEx v8 API; raw p-values are descriptive and not used as colocalization evidence	relevant_tissues
rs999675	POAG-CAD	NEGATIVE_DIRECTION_CONCORDANT	GTEx_v8	gtex_v8	chr16_75272504_C_T_b38	Brain_Cerebellar_Hemisphere	RP11-252K23.2	ENSG00000261783.1	1.25261e-06	-0.527259	LOOKUP_RETURNED	2026-09-21	GTEx v8 API; raw p-values are descriptive and not used as colocalization evidence	relevant_tissues
rs999675	POAG-CAD	NEGATIVE_DIRECTION_CONCORDANT	GTEx_v8	gtex_v8	chr16_75272504_C_T_b38	Brain_Cerebellum	BCAR1	ENSG00000050820.16	2.10915e-05	-0.184082	LOOKUP_RETURNED	2026-09-21	GTEx v8 API; raw p-values are descriptive and not used as colocalization evidence	relevant_tissues
rs999675	POAG-CAD	NEGATIVE_DIRECTION_CONCORDANT	GTEx_v8	gtex_v8	chr16_75272504_C_T_b38	Brain_Cerebellum	RP11-252K23.2	ENSG00000261783.1	2.71556e-07	-0.53624	LOOKUP_RETURNED	2026-09-21	GTEx v8 API; raw p-values are descriptive and not used as colocalization evidence	relevant_tissues
rs999675	POAG-CAD	NEGATIVE_DIRECTION_CONCORDANT	GTEx_v8	gtex_v8	chr16_75272504_C_T_b38	Adipose_Visceral_Omentum	RP11-252K23.2	ENSG00000261783.1	2.4428400000000002e-32	-0.699545	LOOKUP_RETURNED	2026-09-21	GTEx v8 API; raw p-values are descriptive and not used as colocalization evidence	relevant_tissues
rs999675	POAG-CAD	NEGATIVE_DIRECTION_CONCORDANT	GTEx_v8	gtex_v8	chr16_75272504_C_T_b38	Adipose_Subcutaneous	RP11-252K23.2	ENSG00000261783.1	2.6365500000000002e-28	-0.577014	LOOKUP_RETURNED	2026-09-21	GTEx v8 API; raw p-values are descriptive and not used as colocalization evidence	relevant_tissues
rs999675	POAG-CAD	NEGATIVE_DIRECTION_CONCORDANT	GTEx_v8	gtex_v8	chr16_75272504_C_T_b38	Adipose_Subcutaneous	CFDP1	ENSG00000153774.8	3.06172e-07	-0.12171	LOOKUP_RETURNED	2026-09-21	GTEx v8 API; raw p-values are descriptive and not used as colocalization evidence	relevant_tissues
rs999675	POAG-CAD	NEGATIVE_DIRECTION_CONCORDANT	GTEx_v8	gtex_v8	chr16_75272504_C_T_b38	Pancreas	RP11-252K23.2	ENSG00000261783.1	1.4539100000000001e-18	-0.723727	LOOKUP_RETURNED	2026-09-21	GTEx v8 API; raw p-values are descriptive and not used as colocalization evidence	relevant_tissues
rs999675	POAG-CAD	NEGATIVE_DIRECTION_CONCORDANT	EyeGEx/retina								NOT_ASSESSED_STABLE_PUBLIC_API_NOT_CONFIGURED	2026-09-21	Optional retina xQTL lookup; no stable endpoint was used in this reproducible workflow	optional_source_status
